6.647553760558366776e-03
1.369291357696056366e-02
1.749025977915152907e-04
-2.823766553774476051e-04
-6.714993156492710114e-03
-1.651584729552268982e-02
-2.086435677483677864e-03
-5.549341440200805664e-02
-2.900725416839122772e-02
5.685224756598472595e-02
3.135743364691734314e-02
3.777202917262911797e-03
1.967018470168113708e-02
2.070038113743066788e-03
-1.627773605287075043e-02
3.650381229817867279e-03
-3.904056735336780548e-03
-3.845356777310371399e-02
-1.569374650716781616e-02
3.428597934544086456e-03
-3.730600699782371521e-03
-6.951135583221912384e-03
-3.581394674256443977e-03
-9.284840896725654602e-03
2.846598066389560699e-02
2.365572378039360046e-02
1.225784327834844589e-02
2.804246358573436737e-02
1.562935649417340755e-03
-4.596263170242309570e-02
1.728638447821140289e-02
3.361165057867765427e-03
-2.181546576321125031e-02
1.301616709679365158e-02
1.793854753486812115e-04
5.819159559905529022e-03
-3.494145348668098450e-02
-2.656120806932449341e-02
1.589603722095489502e-02
-4.006950557231903076e-02
-1.138618029654026031e-02
1.119815558195114136e-02
-3.331186994910240173e-02
-3.611835464835166931e-02
-1.230700686573982239e-02
-1.211201492697000504e-02
-1.504259835928678513e-02
-1.911617815494537354e-02
5.513015203177928925e-03
1.746803522109985352e-02
4.100963938981294632e-03
1.895324140787124634e-02
1.604066416621208191e-02
1.778827793896198273e-02
7.459557382389903069e-04
-1.492268964648246765e-02
-6.653432501479983330e-04
2.024981565773487091e-02
5.803350359201431274e-03
2.091651409864425659e-02
-3.937077242881059647e-03
1.558506302535533905e-02
8.889964781701564789e-03
2.230509184300899506e-02
3.325648978352546692e-02
3.326802328228950500e-02
-1.659823395311832428e-02
4.046605434268712997e-03
1.355153601616621017e-02
-7.803600281476974487e-02
-7.712022215127944946e-02
-4.314375668764114380e-02
9.058441035449504852e-03
1.591777056455612183e-02
-4.253259859979152679e-03
2.196125686168670654e-02
1.031927112489938736e-02
5.117114167660474777e-03
-8.007213473320007324e-03
2.783619798719882965e-02
-1.888214983046054840e-02
3.848478570580482483e-02
3.457271493971347809e-03
7.589106913655996323e-03
-1.174991484731435776e-02
-3.536141244694590569e-03
7.214231882244348526e-03
3.480186453089118004e-03
-2.687946427613496780e-03
-6.775675807148218155e-03
-1.787798479199409485e-02
-2.230691537261009216e-02
-2.806990407407283783e-02
1.580847799777984619e-02
-1.134192291647195816e-02
3.411813406273722649e-03
2.552570216357707977e-02
1.081933267414569855e-02
-2.891409583389759064e-02
-5.540974065661430359e-02
-3.497571498155593872e-02
-2.991071157157421112e-02
-4.090020805597305298e-02
-1.492507383227348328e-02
-2.268532477319240570e-02
5.395498592406511307e-03
2.096008323132991791e-02
2.887339890003204346e-02
8.972788229584693909e-03
-2.684656716883182526e-02
2.644970268011093140e-02
-2.127167955040931702e-02
-2.766171703115105629e-03
3.168113157153129578e-02
-1.411208044737577438e-02
1.551807392388582230e-02
6.561919301748275757e-02
4.555399343371391296e-02
7.733130455017089844e-02
7.064193487167358398e-02
1.039089867845177650e-03
3.836593404412269592e-02
1.205566432327032089e-02
-4.117790237069129944e-02
-3.885138034820556641e-02
-4.222948476672172546e-02
-3.093137778341770172e-02
-3.696398437023162842e-02
5.761894397437572479e-03
1.205209642648696899e-02
2.796669723466038704e-03
-9.207472903653979301e-04
7.133019156754016876e-03
-2.051659859716892242e-02
1.421883120201528072e-03
-1.520440634340047836e-02
3.700541856233030558e-04
-6.089718546718358994e-03
-2.759418822824954987e-02
1.786185661330819130e-03
2.973701618611812592e-02
-4.328806698322296143e-02
4.929389804601669312e-03
7.463042158633470535e-03
-6.087742745876312256e-03
8.941739797592163086e-03
-6.478392519056797028e-03
-9.250558912754058838e-03
-2.942285500466823578e-04
-2.236192114651203156e-02
3.140158252790570259e-03
1.235623937100172043e-02
5.708828568458557129e-03
-1.212538219988346100e-02
-2.164157852530479431e-02
-3.042707219719886780e-02
1.923907361924648285e-02
6.683273706585168839e-03
-3.841757401823997498e-02
4.436776787042617798e-02
5.020945891737937927e-02
2.067852579057216644e-02
8.382831513881683350e-02
7.243557274341583252e-02
4.592070356011390686e-02
4.439397528767585754e-02
8.349739015102386475e-03
-1.332034729421138763e-02
3.042037133127450943e-03
-4.905561730265617371e-02
-6.532745063304901123e-02
8.848478086292743683e-03
-1.662619784474372864e-02
-1.880599930882453918e-02
-8.909206371754407883e-04
-3.260115534067153931e-02
-2.232927270233631134e-02
3.267652122303843498e-03
5.270182620733976364e-03
3.082806244492530823e-02
-5.325387464836239815e-04
3.316841321066021919e-03
-3.963762149214744568e-02
-1.014596433378756046e-03
3.137727826833724976e-02
-1.003754697740077972e-02
-9.213311597704887390e-03
2.815692499279975891e-02
3.984762355685234070e-02
7.180167362093925476e-03
5.857463926076889038e-03
8.961644023656845093e-03
2.866824157536029816e-02
3.263333067297935486e-02
2.449431456625461578e-02
-5.189180956222116947e-04
-1.663101278245449066e-02
-1.201714295893907547e-02
5.158673971891403198e-02
3.171669319272041321e-02
-4.969538003206253052e-02
2.425342053174972534e-02
6.567023228853940964e-03
-3.526711836457252502e-02
7.072994951158761978e-03
4.889176227152347565e-03
-2.642500028014183044e-02
-1.396762672811746597e-02
1.518619060516357422e-02
2.781740203499794006e-02
-2.938291057944297791e-02
-2.872049063444137573e-02
3.385999472811818123e-03
-4.663240909576416016e-02
-3.388819843530654907e-02
4.146930761635303497e-03
-4.947042465209960938e-02
-6.753356754779815674e-02
-8.392040431499481201e-02
5.092867463827133179e-02
3.010721877217292786e-03
-2.516145631670951843e-02
4.914411902427673340e-02
8.699052780866622925e-02
5.125216767191886902e-02
3.403962776064872742e-02
3.287617862224578857e-02
2.782780863344669342e-02
-1.104508433490991592e-02
4.543909803032875061e-02
7.187456637620925903e-02
-5.139971524477005005e-02
-2.905685268342494965e-02
2.551507391035556793e-02
-3.570714034140110016e-03
1.531695760786533356e-02
1.686293818056583405e-02
-1.051229052245616913e-02
-3.375110775232315063e-02
-4.039339255541563034e-03
-4.659919533878564835e-03
-4.768559336662292480e-02
-3.444600850343704224e-02
-2.313426695764064789e-02
-2.440503612160682678e-02
-3.964024037122726440e-02
1.327923033386468887e-02
6.216634996235370636e-03
1.837760908529162407e-03
5.648311227560043335e-02
5.378068238496780396e-02
3.728646412491798401e-02
2.758607640862464905e-02
-2.259811758995056152e-02
-2.129597961902618408e-02
2.189523354172706604e-02
2.612205035984516144e-02
3.143713250756263733e-02
-3.817884018644690514e-03
2.074023522436618805e-02
7.651119492948055267e-03
1.094985660165548325e-02
-1.340806856751441956e-02
-1.310559455305337906e-02
3.730917349457740784e-02
3.743783757090568542e-02
3.844396909698843956e-03
3.094385005533695221e-02
4.102168977260589600e-02
-8.166222833096981049e-03
-1.134399883449077606e-02
-1.149689313024282455e-02
-9.458241984248161316e-03
-1.228511892259120941e-02
7.812266238033771515e-03
2.109164930880069733e-02
-1.661943458020687103e-02
8.212154731154441833e-03
1.327083562500774860e-03
3.123411722481250763e-02
-1.353232096880674362e-02
-1.410972606390714645e-02
1.561412680894136429e-02
2.907233545556664467e-03
-2.227391488850116730e-02
-3.614231711253523827e-03
-7.874942384660243988e-04
-8.755020797252655029e-03
-4.551895335316658020e-02
-4.513987898826599121e-02
-2.371229976415634155e-02
-4.124348238110542297e-02
-3.416059538722038269e-02
-1.599695719778537750e-02
2.240479923784732819e-02
1.860353350639343262e-02
7.047693943604826927e-04
-2.163336053490638733e-02
-2.309456281363964081e-02
-1.556921657174825668e-02
1.181843969970941544e-02
1.497568842023611069e-02
1.262409891933202744e-02
2.600181102752685547e-02
2.432383410632610321e-02
3.183100745081901550e-02
-1.983996853232383728e-02
-3.168206661939620972e-02
-1.222405862063169479e-02
1.803166605532169342e-02
-4.539652727544307709e-03
-6.465844344347715378e-03
2.821141481399536133e-02
3.945906087756156921e-02
3.137649968266487122e-02
1.181200798600912094e-02
3.290746361017227173e-02
2.642681077122688293e-02
-2.790830470621585846e-02
7.833725772798061371e-03
3.323686076328158379e-03
-5.585196614265441895e-02
-4.500073194503784180e-02
-1.835256256163120270e-02
-5.220951046794652939e-03
-2.626833878457546234e-02
-2.392483688890933990e-02
-1.433453708887100220e-02
-1.354997325688600540e-02
-2.122094109654426575e-02
-1.369753852486610413e-02
-2.176923863589763641e-02
-1.553661841899156570e-02
6.610862165689468384e-02
5.356265231966972351e-02
3.343862295150756836e-02
2.490266039967536926e-02
5.075205862522125244e-02
4.600015655159950256e-02
-1.917760446667671204e-02
2.691603731364011765e-03
3.394899191334843636e-03
-2.176138572394847870e-02
-3.355683386325836182e-02
-1.250611525028944016e-02
-2.481575123965740204e-02
-4.542220756411552429e-02
-2.098297327756881714e-02
-1.162764336913824081e-02
-3.470272198319435120e-02
-8.342936635017395020e-03
-7.559724152088165283e-03
1.208927854895591736e-02
1.154134515672922134e-03
4.198624938726425171e-02
3.288786858320236206e-02
2.831852296367287636e-03
4.336876422166824341e-02
5.738175660371780396e-02
7.370074279606342316e-03
-2.518008649349212646e-02
-3.525236994028091431e-02
-4.294362384825944901e-03
-2.315403521060943604e-02
-3.566016256809234619e-02
-3.188548609614372253e-02
3.020256059244275093e-03
-1.849645562469959259e-02
-9.268747526220977306e-04
3.430026024580001831e-02
3.957054018974304199e-02
5.771372094750404358e-02
4.608898237347602844e-02
2.548219263553619385e-02
4.068137332797050476e-02
2.793097123503684998e-02
2.788223698735237122e-02
2.564369328320026398e-02
-3.642639890313148499e-02
-4.607261344790458679e-02
-4.009027034044265747e-02
-4.024192318320274353e-02
-2.363851293921470642e-02
-3.324810415506362915e-02
-4.303881525993347168e-02
-4.512616991996765137e-02
-4.367515910416841507e-03
2.318790741264820099e-02
1.807466708123683929e-02
-1.536451000720262527e-02
1.509324461221694946e-02
5.511495284736156464e-03
-1.515500526875257492e-02
-2.637820504605770111e-02
-1.500922814011573792e-02
-3.540406748652458191e-02
-1.189736090600490570e-02
-4.690239671617746353e-03
6.675091572105884552e-03
2.746756374835968018e-02
9.956450201570987701e-03
1.048065256327390671e-02
-1.763983862474560738e-03
1.207255292683839798e-02
-3.562009194865822792e-03
1.745423488318920135e-02
3.411490842700004578e-02
3.433628007769584656e-02
2.157907746732234955e-02
-1.132434606552124023e-02
-3.659515641629695892e-03
4.622066393494606018e-03
-1.864096149802207947e-02
-1.938424888066947460e-03
-5.891996435821056366e-03
-8.078538812696933746e-03
2.425627782940864563e-02
5.513881798833608627e-03
2.682439610362052917e-02
4.851026087999343872e-02
-7.933079265058040619e-03
1.756976358592510223e-02
2.158195897936820984e-02
-2.010363712906837463e-02
-1.434606034308671951e-02
2.171551808714866638e-02
-4.135107249021530151e-02
-4.120221361517906189e-02
-2.634864673018455505e-02
-3.895366936922073364e-02
-5.444530397653579712e-02
-3.538711369037628174e-02
1.986156776547431946e-02
2.553788758814334869e-02
8.498372510075569153e-03
2.918181754648685455e-02
2.933412976562976837e-02
2.573542296886444092e-02
1.647732406854629517e-02
3.246082365512847900e-02
3.944692760705947876e-02
-2.543079853057861328e-02
-2.727588079869747162e-02
-2.284447290003299713e-02
-4.953411594033241272e-02
-3.810417652130126953e-02
-3.076638467609882355e-02
-1.813477277755737305e-02
-2.901395037770271301e-02
-8.402979932725429535e-03
-8.282781578600406647e-03
1.154230791144073009e-03
3.873182577081024647e-04
-2.797728404402732849e-02
-2.099863253533840179e-02
-3.312904387712478638e-02
-8.636728860437870026e-03
-8.388452231884002686e-03
-3.888912266120314598e-03
-2.814575843513011932e-02
-1.919954456388950348e-02
-5.582679994404315948e-03
6.343621294945478439e-03
2.278972230851650238e-02
2.742147073149681091e-02
4.574699699878692627e-02
4.356059059500694275e-02
1.814491860568523407e-02
2.184637822210788727e-02
1.295165531337261200e-02
-3.729526884853839874e-03
1.491399947553873062e-02
-1.623189449310302734e-02
-2.580444142222404480e-02
-9.244436398148536682e-03
-9.086346253752708435e-03
-3.528342768549919128e-02
-2.912521921098232269e-02
-2.767239511013031006e-02
-2.650475874543190002e-02
-2.703534066677093506e-02
-3.886539489030838013e-02
-4.794545099139213562e-02
-1.716746762394905090e-02
-4.284632578492164612e-02
-4.744753614068031311e-02
-1.929647102952003479e-02
-3.945158049464225769e-02
-2.005415782332420349e-02
-3.598228096961975098e-02
-5.220191925764083862e-02
-4.575642943382263184e-02
-5.430582910776138306e-02
-6.405598670244216919e-02
-4.024237021803855896e-02
-1.103373896330595016e-02
-2.389012370258569717e-03
1.229308173060417175e-02
-6.427504122257232666e-03
-9.112366475164890289e-03
1.958446763455867767e-02
4.419983364641666412e-03
1.700123306363821030e-03
-3.247278044000267982e-03
-1.305841282010078430e-02
1.146459765732288361e-02
2.734821662306785583e-02
-1.823878660798072815e-02
1.831879839301109314e-02
4.770143702626228333e-02
3.161490894854068756e-03
4.321840405464172363e-02
3.590767085552215576e-02
-4.850968718528747559e-02
-3.697951510548591614e-02
-2.054934576153755188e-02
-2.050625719130039215e-02
-1.903957314789295197e-02
-1.102942228317260742e-02
-7.433457300066947937e-03
-8.470997214317321777e-03
-8.166528306901454926e-03
1.749156415462493896e-02
-1.701736822724342346e-03
-8.967026136815547943e-03
1.695935428142547607e-02
-1.840763166546821594e-02
-1.271761488169431686e-02
-4.647376481443643570e-03
-1.208499073982238770e-02
-7.597571238875389099e-03
-8.000043220818042755e-03
-3.124824492260813713e-03
1.169354841113090515e-02
-3.264348953962326050e-02
-3.236755728721618652e-02
-1.681401580572128296e-02
-2.082993648946285248e-02
-3.090610913932323456e-02
-1.516813691705465317e-02
1.235252525657415390e-02
1.911951228976249695e-02
4.448559507727622986e-02
1.493557356297969818e-02
1.519815810024738312e-02
3.598277643322944641e-02
-2.942773571703583002e-04
1.091413781978189945e-03
1.167121250182390213e-02
-2.441789954900741577e-02
-3.418891876935958862e-02
-5.142431240528821945e-03
-1.484811957925558090e-02
-2.284578513354063034e-03
6.800165865570306778e-03
4.209206439554691315e-03
-1.572452299296855927e-02
7.390039507299661636e-03
9.646937251091003418e-03
9.835880249738693237e-03
2.647858671844005585e-02
7.866911590099334717e-03
2.399872289970517159e-03
2.255939692258834839e-02
4.935699049383401871e-03
3.970269113779067993e-03
3.184417262673377991e-02
-4.534252919256687164e-03
1.220934325829148293e-03
-1.549023727420717478e-04
3.237769007682800293e-02
3.844320401549339294e-02
4.824674874544143677e-02
2.929919213056564331e-02
6.437614560127258301e-02
5.113053694367408752e-02
6.915046367794275284e-03
-5.363184027373790741e-03
-5.239810794591903687e-03
1.628429070115089417e-02
-1.985063403844833374e-02
5.553015507757663727e-03
6.874234415590763092e-03
1.177381142042577267e-03
-1.277896109968423843e-02
-4.398298449814319611e-03
3.520341590046882629e-03
2.052389830350875854e-02
-1.899568364024162292e-02
7.993302308022975922e-03
3.837370313704013824e-03
-2.254658192396163940e-02
-3.147140843793749809e-03
-1.521692145615816116e-02
-6.756523996591567993e-02
-7.431039959192276001e-02
-7.008663564920425415e-02
-2.332667261362075806e-02
-3.864217922091484070e-02
-6.499870866537094116e-02
4.072532989084720612e-03
-2.258691936731338501e-03
-4.879737272858619690e-02
-2.626952528953552246e-02
1.961287111043930054e-02
3.941897302865982056e-02
-3.986161947250366211e-02
-1.279584597796201706e-02
4.521650075912475586e-02
-5.669034644961357117e-02
-2.274574711918830872e-02
2.235672995448112488e-02
-2.323001623153686523e-02
-3.379156440496444702e-02
-2.326839230954647064e-02
-2.218781597912311554e-02
-3.272651508450508118e-02
7.311366498470306396e-03
-3.412640094757080078e-02
-2.186542190611362457e-02
-2.907729009166359901e-03
-1.592602580785751343e-02
1.850696466863155365e-02
1.013831049203872681e-02
-3.308392316102981567e-02
-5.951369646936655045e-03
2.953980490565299988e-02
-3.538386896252632141e-02
-3.330715373158454895e-02
-1.856736093759536743e-02
-1.784898899495601654e-02
3.932127356529235840e-02
3.099536523222923279e-02
-2.296683145686984062e-03
-5.889923777431249619e-03
7.462104409933090210e-02
-4.131320863962173462e-02
-5.576238036155700684e-03
3.492871671915054321e-02
-5.582519993185997009e-02
-4.572567716240882874e-02
-2.527241036295890808e-02
-4.995803534984588623e-02
-1.525094825774431229e-02
-7.096254848875105381e-04
-2.889682166278362274e-02
1.134758815169334412e-02
3.199358657002449036e-02
4.390196874737739563e-02
4.461656510829925537e-02
2.420610748231410980e-02
6.272132159210741520e-04
1.189577742479741573e-03
-1.503551565110683441e-02
-1.345328986644744873e-02
-1.683458499610424042e-02
-2.552101761102676392e-02
2.220072224736213684e-02
3.770222887396812439e-02
2.951870113611221313e-02
3.434844315052032471e-02
1.697300560772418976e-02
1.806861720979213715e-02
1.281569525599479675e-02
2.377495169639587402e-02
1.133128025685437024e-04
-9.985277429223060608e-04
1.906036166474223137e-03
-1.638449146412312984e-03
5.585831031203269958e-02
4.226053506135940552e-02
-1.600077142938971519e-03
2.156696654856204987e-02
5.203481018543243408e-02
2.719887346029281616e-02
-5.528317764401435852e-02
-5.130104348063468933e-02
-1.344512030482292175e-02
-3.122125938534736633e-02
-4.768629744648933411e-02
-5.456529185175895691e-02
6.713847164064645767e-03
-1.278251875191926956e-02
-2.560928463935852051e-02
-7.816576398909091949e-03
6.699134130030870438e-03
2.483077719807624817e-02
-5.688443779945373535e-02
-1.151433307677507401e-02
2.758808247745037079e-02
-4.564821720123291016e-02
-5.987804010510444641e-02
-2.844375930726528168e-02
1.292696408927440643e-02
3.075258433818817139e-02
5.825215205550193787e-02
3.569086268544197083e-02
3.207888081669807434e-02
3.066464141011238098e-02
1.841692440211772919e-02
3.373843058943748474e-02
2.857737941667437553e-03
-1.875090412795543671e-02
1.605273038148880005e-02
4.342864081263542175e-02
-4.379723966121673584e-02
-3.080984577536582947e-02
5.092652980238199234e-03
-4.756210744380950928e-02
-3.324869275093078613e-02
-1.496550999581813812e-02
-4.718598723411560059e-02
-4.538837075233459473e-02
1.587414066307246685e-03
-1.383860781788825989e-02
-3.897562623023986816e-02
-2.879393287003040314e-02
3.764703497290611267e-02
1.878710649907588959e-02
1.829418912529945374e-02
1.279320800676941872e-03
-1.951664499938488007e-02
-1.191567815840244293e-02
-1.555891614407300949e-02
-4.925103485584259033e-02
-2.952849306166172028e-02
-4.753734916448593140e-03
-3.085991553962230682e-02
-5.434481054544448853e-02
2.428752835839986801e-03
-1.455592457205057144e-02
-5.097833927720785141e-03
-3.747659968212246895e-03
-3.563332185149192810e-02
-3.081198036670684814e-02
-1.049812790006399155e-02
-3.214870393276214600e-02
-3.539055585861206055e-02
2.745651826262474060e-02
2.948178164660930634e-02
2.956367842853069305e-02
1.111118588596582413e-02
3.115310892462730408e-02
1.306593790650367737e-02
-5.627399310469627380e-02
-1.638093963265419006e-02
-2.090240456163883209e-02
2.293198602274060249e-03
-1.020820997655391693e-02
-3.908479586243629456e-02
2.046915888786315918e-02
-7.204162538982927799e-04
-2.030366472899913788e-02
3.441463783383369446e-02
1.299772504717111588e-02
-1.678255572915077209e-02
-2.495327033102512360e-02
-3.548257425427436829e-02
-3.821908310055732727e-02
-1.878406479954719543e-02
-4.211561381816864014e-02
-6.488198786973953247e-02
1.041235402226448059e-02
-1.295797992497682571e-02
-2.058279514312744141e-02
-7.650522980839014053e-03
-1.018595183268189430e-03
-7.557946257293224335e-03
9.351848624646663666e-03
2.345694415271282196e-02
1.447039749473333359e-02
1.169176213443279266e-02
1.576561667025089264e-02
-3.102152841165661812e-03
-5.148089956492185593e-03
2.442296966910362244e-02
9.477991610765457153e-03
1.458665821701288223e-02
1.780458167195320129e-02
8.189778309315443039e-04
4.090118221938610077e-03
2.499300427734851837e-02
1.040389295667409897e-02
2.920776605606079102e-02
5.993840284645557404e-03
-8.410400710999965668e-03
-5.544055718928575516e-03
-5.478022154420614243e-03
-1.412386540323495865e-02
-2.253273734822869301e-03
8.219431038014590740e-05
-7.268879562616348267e-03
-1.613332331180572510e-02
6.108363159000873566e-03
1.468309480696916580e-02
1.071716658771038055e-02
7.928667590022087097e-03
2.270429953932762146e-02
2.551732398569583893e-02
-5.204825662076473236e-03
-6.400315556675195694e-03
-2.374883973971009254e-03
-1.645456813275814056e-02
-4.073842242360115051e-02
7.265326566994190216e-03
8.701709099113941193e-03
6.190357380546629429e-04
1.651510596275329590e-02
1.703829318284988403e-02
2.595063298940658569e-02
-6.416721735149621964e-04
2.521940693259239197e-02
2.330384589731693268e-02
5.982922390103340149e-03
1.073698163963854313e-03
-1.314646331593394279e-03
-9.923412464559078217e-03
-4.322527348995208740e-02
-5.817703530192375183e-02
4.064930602908134460e-02
4.311609640717506409e-02
1.388730295002460480e-02
-6.858882028609514236e-03
-1.269222795963287354e-02
7.113578263670206070e-03
-1.972760632634162903e-02
-4.088351503014564514e-02
-1.707238331437110901e-02
3.799492493271827698e-02
3.849970921874046326e-02
2.209240756928920746e-02
2.560210181400179863e-03
2.540159784257411957e-02
2.867569960653781891e-02
1.349984109401702881e-02
1.573472865857183933e-03
3.484119102358818054e-02
6.759672425687313080e-03
2.363081276416778564e-02
4.892812296748161316e-02
-1.220539864152669907e-02
-9.086905047297477722e-03
1.127950474619865417e-02
-1.272860355675220490e-02
-9.419238194823265076e-03
-2.965145977213978767e-03
9.437446482479572296e-03
1.483650784939527512e-02
4.442130029201507568e-02
1.831649919040501118e-03
1.293529011309146881e-02
4.173896089196205139e-02
-3.162121027708053589e-02
-1.129124872386455536e-02
-1.873511448502540588e-02
3.937913477420806885e-02
2.387894131243228912e-02
-1.531286165118217468e-02
7.245324552059173584e-03
-9.476769715547561646e-03
-1.338839251548051834e-02
-2.108489908277988434e-02
-2.449074573814868927e-02
-1.705251820385456085e-02
7.425648160278797150e-03
1.539033558219671249e-02
1.541947480291128159e-02
3.459532279521226883e-03
3.439276292920112610e-02
3.159529343247413635e-02
-1.128218881785869598e-02
7.543884217739105225e-03
1.525651104748249054e-02
-1.817247085273265839e-02
-1.599868759512901306e-02
1.014410750940442085e-03
-1.740244217216968536e-02
2.841982757672667503e-03
3.024623729288578033e-02
2.695056609809398651e-03
1.203739922493696213e-02
3.844783082604408264e-02
-1.681635156273841858e-02
-1.228664629161357880e-02
-1.831524632871150970e-02
1.559992134571075439e-02
1.960234716534614563e-02
-1.969554461538791656e-02
2.140177041292190552e-02
1.234130322700366378e-04
-2.201206609606742859e-02
6.274481303989887238e-03
-8.854927495121955872e-03
-1.569816656410694122e-02
-1.298107765614986420e-02
-3.565838187932968140e-02
-4.392287507653236389e-02
-1.401234790682792664e-02
-5.206051468849182129e-02
-3.564629703760147095e-02
2.156907878816127777e-02
-1.150361914187669754e-02
-7.142871152609586716e-03
8.604107424616813660e-03
-4.911457654088735580e-03
-1.519246213138103485e-02
-1.017044391483068466e-02
-9.655992500483989716e-03
-8.868879638612270355e-03
-2.971912547945976257e-02
-7.075253129005432129e-02
-2.527700737118721008e-02
-3.465891629457473755e-02
-5.391959100961685181e-02
-4.869865253567695618e-02
-1.070383843034505844e-02
-3.912952542304992676e-02
-3.814782574772834778e-02
-1.744678057730197906e-02
1.420713495463132858e-03
2.900625579059123993e-02
4.936289973556995392e-03
1.000504381954669952e-02
1.669174432754516602e-02
3.704633563756942749e-02
3.641889616847038269e-02
5.461160559207201004e-03
5.051608663052320480e-03
1.369630917906761169e-02
2.675191499292850494e-02
2.254825644195079803e-02
2.185040898621082306e-02
1.270017959177494049e-02
1.071021892130374908e-02
1.945583149790763855e-02
8.311009034514427185e-03
3.861313685774803162e-03
1.447470765560865402e-02
-1.006114762276411057e-03
2.054557949304580688e-02
1.638030633330345154e-02
9.059872478246688843e-03
1.407567225396633148e-02
2.184598892927169800e-02
2.383764646947383881e-02
1.347795221954584122e-02
2.254677936434745789e-02
-2.217123284935951233e-02
5.423030257225036621e-02
1.446568127721548080e-02
1.415135990828275681e-02
3.013507276773452759e-02
3.345708176493644714e-02
1.940186321735382080e-02
2.491134777665138245e-02
5.460467562079429626e-02
1.494750007987022400e-02
6.038904562592506409e-02
4.272989928722381592e-02
4.106923192739486694e-02
2.950268797576427460e-02
3.597639128565788269e-02
2.688813209533691406e-02
-1.496111787855625153e-02
-1.189645938575267792e-02
1.122675836086273193e-02
8.580287918448448181e-03
8.683870546519756317e-03
3.956748545169830322e-02
7.491460535675287247e-03
2.584810601547360420e-03
3.107341937720775604e-02
-3.506093472242355347e-02
-5.118505656719207764e-02
-9.548541158437728882e-03
-5.646429583430290222e-02
-5.634995922446250916e-02
-2.946559153497219086e-02
-3.978905454277992249e-02
-6.195630505681037903e-02
-3.308646753430366516e-02
-2.567539736628532410e-02
-1.044910866767168045e-02
-5.698705092072486877e-03
-1.163342781364917755e-02
-2.216729708015918732e-02
-3.270429745316505432e-02
-1.487015094608068466e-02
-2.650808170437812805e-02
-2.430292777717113495e-02
-1.068676169961690903e-02
-9.314829483628273010e-03
6.365943234413862228e-03
-1.476202625781297684e-02
4.190452862530946732e-03
-5.456150509417057037e-03
-1.047888491302728653e-02
-1.106851175427436829e-02
3.079143352806568146e-03
-3.844099119305610657e-02
-2.601846121251583099e-02
-9.852788411080837250e-03
-3.864327818155288696e-02
-4.396959394216537476e-02
-6.967915222048759460e-03
-3.434028476476669312e-02
-3.547735884785652161e-02
-1.857860200107097626e-02
-4.559633508324623108e-02
-3.141729161143302917e-02
-2.249247021973133087e-02
-2.857512608170509338e-02
-1.477207150310277939e-02
-3.108961321413516998e-02
-3.667381592094898224e-03
-1.734831184148788452e-02
-1.897105574607849121e-02
5.932910367846488953e-03
-3.210496157407760620e-02
-3.505524992942810059e-02
-2.300538681447505951e-02
-1.768460869789123535e-02
-6.354973651468753815e-03
-2.773822471499443054e-02
-7.991911843419075012e-03
2.848485670983791351e-02
-2.723835967481136322e-02
1.913458295166492462e-02
3.101750276982784271e-02
-5.041050724685192108e-03
2.789841266348958015e-03
2.221479639410972595e-02
1.330986060202121735e-02
9.906718507409095764e-03
1.967323943972587585e-02
-1.286336802877485752e-03
-4.681693390011787415e-03
5.659068934619426727e-03
-5.214288830757141113e-03
-2.424019388854503632e-02
-1.283782906830310822e-02
2.148067951202392578e-02
-1.049940660595893860e-02
-1.258146855980157852e-02
-8.374094963073730469e-03
-1.453055161982774734e-02
3.642342519015073776e-03
-3.137511434033513069e-03
-9.358161129057407379e-03
7.744816597551107407e-03
5.960593000054359436e-03
4.454616922885179520e-03
5.469210911542177200e-03
-2.406412502750754356e-03
6.304527632892131805e-03
1.164067536592483521e-02
6.030787713825702667e-03
2.596507593989372253e-02
1.444814167916774750e-02
-4.082031548023223877e-03
1.978322677314281464e-02
1.574955321848392487e-02
-1.438281405717134476e-02
-3.237194195389747620e-02
-2.039699442684650421e-02
-3.688484430313110352e-02
-2.981730177998542786e-02
-1.984932459890842438e-02
-1.938843168318271637e-02
-2.069461531937122345e-02
-1.129722036421298981e-02
-7.318558171391487122e-03
-8.159577846527099609e-03
9.048601612448692322e-03
-2.275856398046016693e-02
-1.571775414049625397e-02
-1.818953896872699261e-03
-1.557020749896764755e-02
8.505417034029960632e-03
1.614629663527011871e-02
-3.972337767481803894e-02
-5.471854005008935928e-03
5.609602667391300201e-03
-4.128336906433105469e-02
-4.042284935712814331e-02
-1.614326424896717072e-02
-6.161215249449014664e-03
-2.622812427580356598e-02
-1.634442061185836792e-02
-2.293354272842407227e-02
-1.362276263535022736e-02
1.282157097011804581e-02
-6.880258210003376007e-03
-1.218342222273349762e-02
2.649984322488307953e-02
-1.607030630111694336e-02
-3.618361661210656166e-03
2.584746852517127991e-02
-4.554785788059234619e-02
-3.174358978867530823e-02
-1.495431456714868546e-02
-1.354523375630378723e-02
-6.985390093177556992e-03
7.932908833026885986e-03
-2.918865066021680832e-03
-3.702255198732018471e-03
3.850865410640835762e-03
-2.587344683706760406e-02
-2.603185735642910004e-02
-2.749760169535875320e-03
-1.593467593193054199e-02
-9.757661260664463043e-03
2.111771330237388611e-02
9.902509860694408417e-03
3.240645630285143852e-03
1.912224479019641876e-02
-5.797266494482755661e-03
-6.418552715331315994e-03
-2.288449369370937347e-02
-1.526891160756349564e-02
-1.311361882835626602e-02
-2.625933475792407990e-02
2.513785846531391144e-02
1.619977876543998718e-03
-9.772596880793571472e-03
2.176201343536376953e-02
2.208424359560012817e-02
2.986682206392288208e-02
5.916519090533256531e-02
3.074734099209308624e-02
4.234353452920913696e-02
4.453445598483085632e-02
2.427491173148155212e-02
3.758917003870010376e-02
2.658604271709918976e-02
3.176831826567649841e-02
2.188597247004508972e-02
2.563903667032718658e-02
2.637989819049835205e-02
3.287370130419731140e-02
1.359726116061210632e-02
3.188687562942504883e-02
2.985059469938278198e-02
8.028862997889518738e-03
5.525412037968635559e-03
1.410033833235502243e-02
2.539811283349990845e-02
2.739732712507247925e-02
3.540537133812904358e-02
1.846914552152156830e-02
3.064699098467826843e-02
2.688749507069587708e-02
2.430064976215362549e-02
6.427411455661058426e-03
-4.895522259175777435e-03
-1.110718958079814911e-02
7.433298975229263306e-03
-1.099668443202972412e-02
-1.747891120612621307e-02
2.040489576756954193e-03
2.435880713164806366e-02
-5.202940106391906738e-02
-5.760670453310012817e-02
-4.429537802934646606e-02
-3.790986165404319763e-02
-3.110097907483577728e-02
-4.499679803848266602e-02
-1.014814153313636780e-02
-1.815946772694587708e-02
-8.759950287640094757e-03
-3.055870346724987030e-02
-4.094073176383972168e-02
-2.817820198833942413e-02
2.333535999059677124e-02
1.316771004348993301e-02
-5.666205193847417831e-03
2.216772362589836121e-02
1.913484558463096619e-02
1.677038520574569702e-02
5.478584207594394684e-03
1.691285520792007446e-02
3.711031377315521240e-02
-8.290207944810390472e-03
-1.405044365674257278e-02
6.251033628359436989e-04
-1.943591516464948654e-03
-2.177554741501808167e-02
-2.229317091405391693e-02
-2.021962963044643402e-02
-4.053492471575737000e-02
-2.605039067566394806e-02
-2.547302469611167908e-02
-4.231509193778038025e-02
-4.954836517572402954e-02
-2.933807112276554108e-02
-4.588654264807701111e-02
-3.011595830321311951e-02
2.153827622532844543e-02
-1.064964011311531067e-02
-2.660390734672546387e-02
7.281296886503696442e-03
-2.761487662792205811e-02
-2.623752690851688385e-02
1.258285064250230789e-02
2.975767944008111954e-03
-3.279194608330726624e-02
5.779449827969074249e-03
1.462208386510610580e-02
-1.559191662818193436e-02
4.811527580022811890e-02
5.790496990084648132e-02
3.628535196185112000e-02
6.934708356857299805e-02
6.890271604061126709e-02
4.698173701763153076e-02
2.168738096952438354e-02
-8.325285278260707855e-03
-1.302532758563756943e-02
4.392330010887235403e-04
-7.454085629433393478e-03
-3.153936192393302917e-02
2.736329473555088043e-02
2.987785451114177704e-02
-3.169000148773193359e-02
1.299308706074953079e-02
7.178820669651031494e-03
-3.173956274986267090e-02
2.797675319015979767e-03
8.710176683962345123e-03
-1.550190709531307220e-02
-2.239517122507095337e-02
-2.476040087640285492e-02
-3.266388177871704102e-02
2.408475242555141449e-02
4.338088259100914001e-02
-6.212189793586730957e-03
4.376745596528053284e-02
2.023204602301120758e-02
2.088237367570400238e-02
8.746765553951263428e-03
4.753155261278152466e-02
3.688414394855499268e-02
2.561367349699139595e-03
-2.102974615991115570e-02
-2.079429104924201965e-02
-9.634276852011680603e-03
4.145897459238767624e-03
-3.093600831925868988e-02
-1.796540617942810059e-02
-1.497890800237655640e-02
-3.168220398947596550e-03
2.301715500652790070e-02
2.369110658764839172e-02
-9.757296182215213776e-03
3.848124295473098755e-02
2.457974664866924286e-02
3.545340383425354958e-03
1.254639495164155960e-02
-1.957523170858621597e-03
5.901178810745477676e-03
2.457029186189174652e-02
-1.776119228452444077e-03
-1.428022608160972595e-02
2.165640331804752350e-02
-1.119763497263193130e-02
2.371731447055935860e-03
1.055797282606363297e-02
-2.112022228538990021e-02
-2.619064226746559143e-02
-8.687004446983337402e-03
3.681362792849540710e-02
4.095264524221420288e-02
-1.742771826684474945e-02
1.590243354439735413e-02
1.033309195190668106e-02
-2.082482725381851196e-02
-1.176000852137804031e-02
-6.798895541578531265e-03
3.711385279893875122e-02
1.740134693682193756e-02
1.350433286279439926e-02
3.781422972679138184e-02
3.586923703551292419e-02
1.295691169798374176e-02
-1.909425016492605209e-03
2.245579101145267487e-02
-6.302056834101676941e-03
-1.739656738936901093e-02
1.764443516731262207e-02
3.475730121135711670e-02
-2.912777476012706757e-02
5.439711268991231918e-03
3.719376027584075928e-02
-2.655714191496372223e-02
-2.148831821978092194e-02
-5.376667249947786331e-03
1.352894306182861328e-02
1.418062578886747360e-02
2.243132516741752625e-02
2.956015802919864655e-02
1.817944459617137909e-02
1.339176204055547714e-02
1.341095380485057831e-02
2.180579677224159241e-02
2.550745848566293716e-03
-1.389066595584154129e-02
-1.931952126324176788e-02
-3.852725261822342873e-03
5.683613475412130356e-03
-5.886159837245941162e-03
8.324836380779743195e-04
3.469675546512007713e-03
-6.194322486408054829e-04
1.907768659293651581e-02
-1.837837509810924530e-02
1.643476309254765511e-03
1.219672802835702896e-02
-1.088828314095735550e-02
-8.009541779756546021e-03
-7.608160376548767090e-03
8.614842779934406281e-03
-2.127166464924812317e-02
-2.349912934005260468e-02
-3.535788133740425110e-02
-2.810722403228282928e-02
-1.169427763670682907e-02
-2.966389246284961700e-02
-2.347053401172161102e-02
-1.094371918588876724e-02
9.236572310328483582e-03
-8.115115575492382050e-03
-2.241489011794328690e-03
-3.509772568941116333e-02
-3.054624237120151520e-02
-9.378078393638134003e-03
-2.956243231892585754e-02
-4.021088778972625732e-02
-1.960425637662410736e-02
-6.176730617880821228e-03
-1.690213568508625031e-02
-1.070948690176010132e-02
4.392516985535621643e-02
2.687426283955574036e-02
-2.567682974040508270e-02
1.206685043871402740e-02
5.906181409955024719e-03
1.673139445483684540e-02
-2.522630430757999420e-02
-3.705155849456787109e-02
-2.598332986235618591e-02
5.874852184206247330e-03
-1.083527877926826477e-02
-1.486994512379169464e-02
-9.955260902643203735e-03
-7.955096662044525146e-03
-2.421489683911204338e-03
2.995506394654512405e-03
-2.362849190831184387e-03
-3.795973025262355804e-03
1.123768463730812073e-02
1.970016583800315857e-02
8.159328252077102661e-03
-3.398569533601403236e-04
-6.343393586575984955e-03
-9.645434096455574036e-03
-2.037000656127929688e-02
-1.812328025698661804e-02
9.187588468194007874e-03
6.679420825093984604e-03
-7.705101277679204941e-03
-9.057111106812953949e-03
1.014661695808172226e-02
1.886999048292636871e-02
3.807716071605682373e-03
-3.474948182702064514e-02
-1.677192375063896179e-02
1.569707132875919342e-02
6.155447661876678467e-02
7.005449384450912476e-02
5.022555217146873474e-02
3.125526756048202515e-02
3.365289792418479919e-02
6.764023005962371826e-02
-5.512439180165529251e-03
3.734152019023895264e-02
6.267600506544113159e-02
-4.301971197128295898e-02
8.011268451809883118e-03
3.397494181990623474e-02
-1.446918305009603500e-02
-1.140203513205051422e-02
2.699306048452854156e-02
2.080289646983146667e-02
-1.860977709293365479e-02
-9.114687331020832062e-03
-1.308800745755434036e-02
-5.762655753642320633e-03
3.104865178465843201e-02
-1.559489779174327850e-02
-5.061530508100986481e-03
1.346814818680286407e-02
-1.743666944094002247e-03
-1.675806380808353424e-02
-2.097183093428611755e-02
9.111089631915092468e-03
1.773122581653296947e-03
-2.765521034598350525e-02
4.455010965466499329e-02
4.349165037274360657e-02
1.335616409778594971e-02
5.711854994297027588e-02
5.748261138796806335e-02
5.381543654948472977e-03
6.497154012322425842e-03
-2.442120946943759918e-02
-3.784338012337684631e-02
-1.164125464856624603e-02
-5.579752475023269653e-02
-4.813097417354583740e-02
-8.116425015032291412e-03
-7.569876313209533691e-02
-8.877269178628921509e-02
-1.344908587634563446e-02
-7.626228034496307373e-03
2.615388482809066772e-03
-1.310654822736978531e-02
-1.314164698123931885e-02
-2.894440107047557831e-02
-2.333247475326061249e-02
-5.482821166515350342e-02
-3.006163239479064941e-02
2.833880111575126648e-02
1.808951492421329021e-03
-1.497777737677097321e-02
3.545484691858291626e-02
1.927390880882740021e-02
-1.862535951659083366e-03
6.245756149291992188e-02
6.791845709085464478e-02
3.862604126334190369e-02
-1.277908775955438614e-02
-3.294681897386908531e-03
7.254969095811247826e-04
-1.037619914859533310e-02
-1.751040108501911163e-02
-8.732877671718597412e-03
3.726118709892034531e-03
-1.597572490572929382e-02
-2.815186418592929840e-02
1.162035297602415085e-02
4.684661049395799637e-03
-1.483202632516622543e-02
1.885908283293247223e-02
1.571640255860984325e-03
-1.133622863562777638e-04
1.327412575483322144e-02
2.739654295146465302e-02
8.492862805724143982e-03
-7.588650099933147430e-03
9.732826612889766693e-03
1.697202771902084351e-02
-6.949466187506914139e-03
1.185570657253265381e-02
3.109945915639400482e-02
-1.149340998381376266e-02
-4.084502346813678741e-03
8.591462858021259308e-03
-2.833999227732419968e-03
-1.641113124787807465e-02
-1.722781173884868622e-02
-1.375492103397846222e-02
-5.172332748770713806e-02
-4.328290000557899475e-02
-4.188797622919082642e-02
-6.351410597562789917e-02
-4.736111685633659363e-02
-1.014922186732292175e-02
-2.903603017330169678e-03
-3.750679315999150276e-03
-1.119672507047653198e-02
-1.506358943879604340e-02
-1.273468695580959320e-02
1.028958428651094437e-02
-1.023559272289276123e-02
-1.012420747429132462e-02
3.285143151879310608e-02
4.104008153080940247e-02
2.705259539652615786e-04
4.903342202305793762e-02
4.240243509411811829e-02
2.195984125137329102e-02
3.211453184485435486e-02
2.744200453162193298e-02
2.510587871074676514e-02
-1.532879378646612167e-02
2.909211441874504089e-03
5.267599131911993027e-03
8.373728021979331970e-03
-8.878690190613269806e-03
-8.417712524533271790e-03
1.836087554693222046e-02
-4.128990694880485535e-03
-2.067166194319725037e-02
3.224490582942962646e-02
1.440687477588653564e-02
-3.745986032299697399e-04
1.643460802733898163e-02
2.354363165795803070e-02
1.645579561591148376e-02
-1.188923139125108719e-02
2.629152871668338776e-02
1.941339857876300812e-02
-1.417473610490560532e-02
-7.674378342926502228e-03
-5.892849992960691452e-03
9.287755005061626434e-03
4.680251702666282654e-03
-1.451815012842416763e-02
7.809212431311607361e-03
7.059114519506692886e-03
-5.623616161756217480e-04
-2.269403450191020966e-02
-7.944378070533275604e-03
6.104169297032058239e-04
-2.383343689143657684e-02
-1.842818036675453186e-02
-4.227329418063163757e-02
-5.010876338928937912e-03
-3.268586471676826477e-02
-3.083367645740509033e-02
7.189663592725992203e-03
4.947271943092346191e-02
2.535539306700229645e-02
1.592516526579856873e-02
5.766117945313453674e-02
5.642401427030563354e-02
1.986872777342796326e-02
5.619060248136520386e-02
3.926956281065940857e-02
-3.288905695080757141e-02
-4.014797881245613098e-02
-1.079964730888605118e-02
3.565304912626743317e-03
-2.146301325410604477e-03
1.863714493811130524e-02
3.348088636994361877e-02
8.176014758646488190e-03
2.080545946955680847e-02
-3.374196961522102356e-02
-3.283216804265975952e-02
-1.750380732119083405e-02
-2.085805125534534454e-02
-4.215992521494626999e-03
-7.724620867520570755e-03
5.961077753454446793e-03
-2.722515724599361420e-03
1.814547181129455566e-02
1.937032444402575493e-03
-1.663764938712120056e-02
-9.525041095912456512e-03
6.622787099331617355e-03
8.480258285999298096e-03
-7.304518017917871475e-03
2.119594812393188477e-02
1.061905641108751297e-02
1.043862663209438324e-02
-2.026780880987644196e-02
-3.197996702510863543e-04
-1.997449621558189392e-02
1.729881949722766876e-02
2.085015922784805298e-02
1.783072017133235931e-02
5.128286778926849365e-02
5.454819276928901672e-02
3.964215144515037537e-02
-1.392662897706031799e-02
-2.341156080365180969e-02
-9.969326667487621307e-03
-4.264459386467933655e-02
-3.846365585923194885e-02
-3.896204382181167603e-02
-4.196062684059143066e-02
-6.313935667276382446e-02
-3.744272142648696899e-02
-8.706592023372650146e-03
-1.067021861672401428e-02
-1.215900647366652265e-05
-2.998247183859348297e-02
-2.128828875720500946e-02
-1.882864348590373993e-02
-3.556893393397331238e-02
-3.438067436218261719e-02
-2.134210243821144104e-02
1.680570840835571289e-02
1.993110775947570801e-02
2.164028957486152649e-02
-9.757317602634429932e-03
-4.044899716973304749e-03
1.057083439081907272e-02
-1.765816658735275269e-02
-4.709449131041765213e-03
2.167964586988091469e-03
-1.744012720882892609e-02
1.879495568573474884e-02
3.709470480680465698e-02
-1.059494819492101669e-02
-3.489903174340724945e-03
4.907859023660421371e-03
6.465914193540811539e-04
7.261091377586126328e-03
9.860717691481113434e-03
2.076094783842563629e-02
2.520103566348552704e-02
2.849352546036243439e-02
-2.129927743226289749e-03
3.404960967600345612e-03
1.979149132966995239e-02
-1.547329407185316086e-02
5.510918330401182175e-03
-9.581467136740684509e-03
-1.534675899893045425e-02
-1.968400180339813232e-02
-3.546363441273570061e-03
-2.083628997206687927e-02
-2.468395791947841644e-02
-2.415394224226474762e-02
-1.155561022460460663e-02
-1.955275051295757294e-02
-1.587258651852607727e-02
1.073992345482110977e-02
1.652474631555378437e-03
8.527494035661220551e-03
-9.894032031297683716e-03
2.163273748010396957e-03
7.586023421026766300e-04
-3.405964700505137444e-03
8.756454102694988251e-03
1.033002603799104691e-02
-3.279694914817810059e-02
-5.111532285809516907e-02
-5.829769372940063477e-02
-3.577345237135887146e-02
-3.802255541086196899e-02
-4.458352923393249512e-02
-2.736655995249748230e-02
-2.515771239995956421e-02
-1.588860340416431427e-02
3.086536936461925507e-02
3.751713037490844727e-02
4.264324530959129333e-02
2.629211731255054474e-02
2.909631282091140747e-02
5.059183761477470398e-02
1.511155068874359131e-02
5.933926254510879517e-02
4.549024626612663269e-02
2.797119878232479095e-02
2.492519095540046692e-02
1.640748232603073120e-02
-1.121485047042369843e-02
-7.237704005092382431e-03
-5.119858309626579285e-03
-6.110697053372859955e-03
-1.550131756812334061e-02
1.233742572367191315e-02
-3.982171416282653809e-03
1.244328729808330536e-02
-3.220400307327508926e-03
2.106461301445960999e-02
1.946922205388545990e-02
1.715287007391452789e-02
3.861950710415840149e-02
3.172965720295906067e-02
7.398285903036594391e-03
-1.398932468146085739e-02
9.682890377007424831e-04
4.191797226667404175e-02
9.476788341999053955e-03
1.840329356491565704e-02
2.535700611770153046e-02
9.491465985774993896e-03
1.113798376172780991e-02
1.795247942209243774e-02
3.096790798008441925e-02
3.460640087723731995e-02
2.167272381484508514e-02
2.013488858938217163e-02
1.937715336680412292e-02
1.861138455569744110e-02
1.771055534482002258e-02
1.879699714481830597e-02
2.305861562490463257e-02
2.479085139930248260e-02
3.301988542079925537e-02
4.740716889500617981e-02
-1.452638953924179077e-02
1.546950545161962509e-02
-5.029278807342052460e-03
-6.554686464369297028e-03
-2.226689457893371582e-02
-2.871294319629669189e-02
2.862153574824333191e-02
1.943429000675678253e-02
1.031919196248054504e-02
2.106445468962192535e-02
9.431548416614532471e-03
4.290419747121632099e-04
-2.829305129125714302e-03
-2.028978895395994186e-03
2.658479847013950348e-03
2.634849632158875465e-03
-6.353984121233224869e-03
8.796248584985733032e-03
4.570607561618089676e-03
1.465861406177282333e-02
1.533472677692770958e-03
2.218919619917869568e-02
1.149472594261169434e-02
1.033757161349058151e-02
3.673214465379714966e-03
1.583695411682128906e-02
-6.917584221810102463e-03
1.020302064716815948e-02
2.984673902392387390e-02
2.400299161672592163e-02
3.442443162202835083e-02
4.405707865953445435e-02
4.391756281256675720e-02
4.076509550213813782e-02
6.466156989336013794e-02
3.483480215072631836e-02
3.826066851615905762e-02
3.523770719766616821e-02
4.473698139190673828e-02
5.109740886837244034e-03
-1.258216332644224167e-02
-4.328721668571233749e-03
-1.232266426086425781e-02
-7.601523771882057190e-03
-8.436820469796657562e-03
-1.133570261299610138e-02
-1.222685910761356354e-02
-1.438287645578384399e-02
-9.978815913200378418e-03
-3.054108843207359314e-02
-1.211854815483093262e-02
-1.887077465653419495e-02
-2.010701783001422882e-02
-7.411533966660499573e-03
-1.658271439373493195e-02
8.447946980595588684e-03
8.770875865593552589e-04
4.326566122472286224e-03
2.056268230080604553e-02
1.682518795132637024e-02
4.505045711994171143e-03
-8.268428035080432892e-03
-5.968608427792787552e-03
2.789002470672130585e-02
2.521406859159469604e-02
1.855944097042083740e-02
7.338764145970344543e-03
2.178441733121871948e-02
1.823095045983791351e-02
4.899739287793636322e-03
-9.646870894357562065e-04
-2.475950401276350021e-03
-3.146992530673742294e-03
-6.089196540415287018e-03
-3.217516094446182251e-02
-3.853571414947509766e-02
-3.455271944403648376e-02
-4.126419499516487122e-02
-1.338945422321557999e-02
2.206880412995815277e-02
2.100023813545703888e-02
-1.204344630241394043e-02
-9.141399525105953217e-03
-9.016149677336215973e-03
-1.455236319452524185e-02
-3.407391905784606934e-02
-1.926508266478776932e-04
-5.942446179687976837e-03
1.383335702121257782e-02
-1.074168272316455841e-02
-2.620199928060173988e-03
-1.536884251981973648e-02
-1.115229818969964981e-02
-2.110449038445949554e-02
-8.106363937258720398e-03
2.220597490668296814e-02
-3.255797550082206726e-02
-5.824158340692520142e-02
-3.698942810297012329e-02
-3.209882974624633789e-02
-2.259157598018646240e-02
-2.968417666852474213e-02
1.531101414002478123e-03
-2.328836545348167419e-02
-2.904264256358146667e-02
-6.744221318513154984e-03
-1.514068990945816040e-02
3.312409156933426857e-03
1.505357795394957066e-03
1.379519328474998474e-02
4.576902370899915695e-03
-3.418124746531248093e-03
1.456807740032672882e-02
-2.801470400299876928e-04
-1.107070874422788620e-02
1.973128505051136017e-02
3.112068586051464081e-02
2.316768653690814972e-02
2.027329429984092712e-02
3.277786821126937866e-02
1.405570562928915024e-02
2.562773600220680237e-02
-3.780446015298366547e-03
7.866596803069114685e-03
-4.104532301425933838e-03
7.601892575621604919e-03
-2.176524605602025986e-03
-1.847831183113157749e-03
-5.592116620391607285e-03
-6.819520494900643826e-04
-2.584665454924106598e-02
-3.786054253578186035e-02
8.375476114451885223e-03
-4.290155135095119476e-03
-2.217290177941322327e-02
5.742421490140259266e-04
-1.210041902959346771e-02
-2.664610184729099274e-02
-9.909903630614280701e-03
-2.843400463461875916e-02
-3.293054178357124329e-02
2.907173521816730499e-02
1.899461634457111359e-02
6.101437844336032867e-03
4.145605117082595825e-02
2.290532179176807404e-02
7.812360301613807678e-03
1.165910530835390091e-02
-1.149275153875350952e-02
-2.803164906799793243e-02
-1.716785505414009094e-02
1.856903545558452606e-02
2.322624437510967255e-03
-1.642635278403759003e-02
-4.351347684860229492e-03
-1.003737095743417740e-02
6.242007482796907425e-03
8.918142877519130707e-03
-8.795121684670448303e-03
4.954475909471511841e-02
5.524344742298126221e-02
6.141853332519531250e-02
2.363819815218448639e-02
4.132614284753799438e-02
1.854782924056053162e-02
-2.950234338641166687e-02
-3.039343841373920441e-02
-6.286722421646118164e-02
2.399531938135623932e-02
2.178964205086231232e-02
1.755281724035739899e-02
-1.945525594055652618e-02
-1.998264156281948090e-02
-1.794141530990600586e-02
-4.404797032475471497e-02
-5.926552414894104004e-02
-2.469601668417453766e-02
6.894989870488643646e-03
-2.100775763392448425e-02
-1.171815115958452225e-02
-9.970305487513542175e-03
-3.846706822514533997e-02
-4.360897466540336609e-02
-1.985180377960205078e-02
-2.655018493533134460e-02
-4.845802858471870422e-02
-2.937410026788711548e-02
4.669952671974897385e-03
4.206278920173645020e-02
-1.915766485035419464e-02
1.548527088016271591e-02
3.390532359480857849e-02
-2.351425401866436005e-02
3.691271645948290825e-03
1.511136535555124283e-02
4.777400568127632141e-02
5.566275864839553833e-02
2.145933918654918671e-02
5.896001309156417847e-02
3.463053330779075623e-02
3.359454125165939331e-02
4.168540239334106445e-02
2.016283385455608368e-02
-4.563370253890752792e-03
-4.362832009792327881e-02
-4.989993199706077576e-02
-3.274049609899520874e-02
-9.106040000915527344e-03
1.625437475740909576e-02
3.812919557094573975e-02
2.923658676445484161e-02
6.226951256394386292e-02
7.304038852453231812e-02
-5.791101139038801193e-03
3.945214557461440563e-04
-3.351913066580891609e-03
-5.158365238457918167e-03
3.995480481535196304e-03
-1.943988725543022156e-02
-3.817409276962280273e-03
2.001793868839740753e-02
5.198708735406398773e-03
3.149677067995071411e-02
3.794584050774574280e-02
3.040834888815879822e-02
-2.181818243116140366e-03
-9.267800487577915192e-03
-1.584999077022075653e-02
-1.993205770850181580e-02
-6.038421764969825745e-03
3.302475670352578163e-03
-1.223165309056639671e-03
5.642427131533622742e-03
1.616535300854593515e-04
5.815528798848390579e-03
-2.468103077262639999e-03
-5.063039250671863556e-03
-1.634869910776615143e-02
-3.522447496652603149e-02
-2.231724746525287628e-02
-3.039394691586494446e-02
-1.987735554575920105e-02
-1.868767850100994110e-02
-1.156430318951606750e-02
-2.573491819202899933e-02
-2.576094120740890503e-02
6.694436538964509964e-03
-2.048949943855404854e-03
-9.715263149701058865e-04
6.783246248960494995e-02
2.597291953861713409e-02
1.240373356267809868e-03
4.351282119750976562e-02
2.970065176486968994e-02
3.040914610028266907e-02
9.937788126990199089e-05
-7.634663488715887070e-03
-1.128876814618706703e-03
-2.949670515954494476e-02
-4.045585170388221741e-02
-3.361611440777778625e-02
-4.062377661466598511e-02
-4.336251318454742432e-02
-2.180198393762111664e-02
-2.939403429627418518e-02
-7.118095457553863525e-02
-2.593114599585533142e-02
-1.349802874028682709e-02
1.705435290932655334e-02
2.870922349393367767e-02
2.366436459124088287e-02
2.399073541164398193e-02
8.575069718062877655e-03
5.462603643536567688e-02
2.509690076112747192e-02
-2.217847853899002075e-02
4.004352167248725891e-02
5.707773938775062561e-02
2.753907442092895508e-02
1.588263176381587982e-02
-1.527273282408714294e-02
-1.508739311248064041e-02
-2.283310517668724060e-02
-4.285963624715805054e-02
-3.090037964284420013e-02
3.129142522811889648e-02
1.898896321654319763e-02
-7.983186282217502594e-03
2.317551337182521820e-02
3.859477117657661438e-03
-1.037465757690370083e-03
-2.318960800766944885e-02
-3.973357379436492920e-02
2.199178794398903847e-03
3.286986378952860832e-03
1.431996747851371765e-02
4.419239237904548645e-02
2.012046054005622864e-03
3.137585520744323730e-02
4.478800296783447266e-02
-3.726572170853614807e-02
-2.132453024387359619e-02
3.203305182978510857e-03
-2.642051549628376961e-03
1.792047731578350067e-02
3.310696408152580261e-02
-5.650134291499853134e-03
9.570208378136157990e-03
2.304047532379627228e-02
-7.556408178061246872e-03
-1.861129701137542725e-02
-1.225612242706120014e-03
-2.350472472608089447e-02
-3.284427523612976074e-02
-1.608682796359062195e-02
-7.549441885203123093e-03
1.327194768236950040e-04
1.841984875500202179e-02
1.042589917778968811e-02
3.806978091597557068e-02
5.008305609226226807e-02
3.045907244086265564e-03
2.384917810559272766e-02
5.991478450596332550e-03
3.137726103886961937e-03
3.523258492350578308e-02
1.578401029109954834e-02
2.812190726399421692e-02
1.585219427943229675e-02
1.183646917343139648e-02
2.486202633008360863e-03
7.066570688039064407e-03
-6.996442098170518875e-03
1.295024622231721878e-02
7.813678123056888580e-03
1.065275445580482483e-02
-1.603724621236324310e-02
-2.213524095714092255e-02
-5.312246736139059067e-03
3.656568005681037903e-02
3.886388242244720459e-02
-5.005379673093557358e-03
5.083230324089527130e-03
1.986523717641830444e-02
1.565497741103172302e-02
-1.664852350950241089e-02
2.529184799641370773e-03
9.667201084084808826e-04
-2.119217813014984131e-02
-1.815302111208438873e-02
-3.067397698760032654e-02
-1.612229086458683014e-02
1.891972310841083527e-02
-6.219719070941209793e-03
1.010113768279552460e-02
2.187647856771945953e-03
-6.147504318505525589e-03
-2.125979587435722351e-02
-2.413385733962059021e-02
4.284964408725500107e-03
-4.465783480554819107e-03
-2.361908182501792908e-02
3.736381651833653450e-03
2.230789884924888611e-02
1.606743084266781807e-03
2.082618139684200287e-02
-8.931671269237995148e-03
-2.558926492929458618e-02
-2.608122304081916809e-02
-2.334279008209705353e-02
-2.763549797236919403e-02
-5.804906249977648258e-04
-2.964963391423225403e-02
-1.707300171256065369e-02
1.161147747188806534e-02
1.920861564576625824e-02
5.014317482709884644e-02
3.317563235759735107e-02
1.276947371661663055e-02
6.260443478822708130e-02
9.634634107351303101e-02
-4.016929306089878082e-03
4.222150892019271851e-02
6.535218656063079834e-02
-1.179806981235742569e-02
2.516975800972431898e-04
2.494277246296405792e-02
-6.992767099291086197e-03
1.473192707635462284e-03
1.568197086453437805e-02
-1.624018698930740356e-02
3.710244596004486084e-02
3.333268687129020691e-02
4.471389576792716980e-03
-1.700902171432971954e-02
-1.842809282243251801e-02
-4.858948290348052979e-03
-4.247684404253959656e-02
-4.813244938850402832e-02
-4.469475243240594864e-03
-2.447226829826831818e-02
-2.734703198075294495e-02
4.081195511389523745e-04
2.794786915183067322e-02
3.108429722487926483e-02
3.161852806806564331e-02
9.705410338938236237e-04
3.840798512101173401e-02
3.254078701138496399e-02
7.354552508331835270e-04
1.666554994881153107e-02
-3.379457816481590271e-02
-7.641888689249753952e-03
-2.672977745532989502e-02
-1.926176249980926514e-02
-3.290956839919090271e-02
-4.670750349760055542e-02
-2.615006407722830772e-03
-8.677597506903111935e-04
4.291537217795848846e-03
-9.965617209672927856e-03
-1.231680857017636299e-03
-1.256039482541382313e-03
-1.484769396483898163e-02
-5.911953281611204147e-03
4.093884956091642380e-03
-2.412586938589811325e-03
3.385850042104721069e-02
2.813412062823772430e-02
-7.682885043323040009e-03
-9.385015815496444702e-03
-1.033407542854547501e-02
3.980225883424282074e-04
-1.481043756939470768e-03
1.934646978043019772e-03
4.158806800842285156e-02
3.541044890880584717e-02
3.667901456356048584e-02
-4.809471592307090759e-02
-4.883261024951934814e-02
1.151215936988592148e-02
-5.282836034893989563e-02
-6.475652009248733521e-02
-4.781674966216087341e-02
-2.367642521858215332e-02
-3.964610397815704346e-02
-1.894128136336803436e-02
1.044909469783306122e-02
2.227351814508438110e-02
2.547607943415641785e-02
-1.797818951308727264e-02
-8.947874419391155243e-03
1.178678963333368301e-02
-1.581208594143390656e-02
-1.279773470014333725e-02
1.138232555240392685e-02
-3.772596269845962524e-02
-5.755510553717613220e-02
-2.067604474723339081e-02
-3.648609668016433716e-02
-1.744217611849308014e-02
7.876214571297168732e-03
-8.725335821509361267e-03
1.127850357443094254e-02
1.847620494663715363e-02
3.408674150705337524e-02
5.488074198365211487e-02
3.133318573236465454e-02
1.434278488159179688e-02
3.273156285285949707e-02
2.382495999336242676e-02
-1.658778265118598938e-02
-2.009469829499721527e-02
-2.229980006814002991e-02
4.770475625991821289e-02
5.552031844854354858e-02
1.667051203548908234e-02
2.493651956319808960e-02
3.369113802909851074e-02
2.578997053205966949e-02
3.854142501950263977e-02
6.168587878346443176e-02
2.675561048090457916e-02
-1.079358812421560287e-02
-5.357984919100999832e-03
3.387166559696197510e-02
-9.962140582501888275e-03
2.321371575817465782e-03
2.413376048207283020e-02
-2.017075195908546448e-03
-3.085299395024776459e-03
2.603397890925407410e-02
4.026543349027633667e-03
1.945883780717849731e-02
1.525258878245949745e-03
4.160469025373458862e-02
7.162770628929138184e-02
7.110462337732315063e-02
6.212277710437774658e-02
8.970154076814651489e-02
9.451093524694442749e-02
2.421779185533523560e-02
1.454936573281884193e-04
-5.882433149963617325e-03
6.535972934216260910e-03
6.086927372962236404e-03
-5.975639796815812588e-04
1.263481192290782928e-02
2.915778383612632751e-02
3.236283734440803528e-02
1.531937811523675919e-02
2.080253139138221741e-02
3.217643126845359802e-02
3.089400567114353180e-02
4.475962743163108826e-02
5.015462636947631836e-02
1.095579937100410461e-02
1.453778427094221115e-02
3.999652713537216187e-02
8.323700167238712311e-03
5.190693214535713196e-02
4.572327807545661926e-02
-4.213417880237102509e-03
3.085354529321193695e-02
5.693772807717323303e-02
1.935651525855064392e-02
5.603263154625892639e-02
7.465047389268875122e-02
-3.034283593297004700e-02
-4.586170613765716553e-02
-1.314021181315183640e-02
-3.032350540161132812e-02
-3.462441638112068176e-02
-3.035623207688331604e-02
-5.871423706412315369e-02
-5.174300819635391235e-02
-3.041092306375503540e-02
5.993204191327095032e-03
-4.528073966503143311e-02
-1.634397730231285095e-02
-6.211765576153993607e-03
-2.435065060853958130e-02
-1.697015948593616486e-02
-1.424164790660142899e-02
4.114271607249975204e-03
-1.063679624348878860e-02
-9.997001849114894867e-03
1.280670240521430969e-02
1.692731305956840515e-02
9.215016849339008331e-03
1.852360740303993225e-02
1.265898067504167557e-02
6.428024731576442719e-03
3.783333301544189453e-02
2.757145464420318604e-02
-1.489696186035871506e-02
-4.714925773441791534e-03
9.813471697270870209e-03
5.652175284922122955e-03
1.092506572604179382e-02
1.229251455515623093e-02
4.293567687273025513e-02
1.699740253388881683e-02
8.926234440878033638e-04
-1.381821837276220322e-02
-1.612761244177818298e-02
-3.004672378301620483e-02
2.991258632391691208e-03
1.866835728287696838e-02
1.203229930251836777e-02
-6.780085153877735138e-03
3.047480806708335876e-02
2.294744178652763367e-02
-3.677950799465179443e-02
-3.209294006228446960e-02
-2.351470477879047394e-02
-3.602566570043563843e-02
-3.155298158526420593e-02
-2.680411376059055328e-02
-1.042551361024379730e-03
-4.949865862727165222e-03
1.302005257457494736e-02
-8.015286177396774292e-03
9.830620139837265015e-03
-6.973649840801954269e-03
-6.744564045220613480e-03
-7.240390405058860779e-03
-9.256122633814811707e-03
2.062132349237799644e-03
-1.741567743010818958e-03
1.439151167869567871e-02
-4.280307516455650330e-02
-3.749157115817070007e-02
-2.795688621699810028e-02
-2.822742797434329987e-02
-1.744706369936466217e-02
-3.642775490880012512e-02
4.937205929309129715e-03
2.264370955526828766e-02
1.934251561760902405e-02
2.220127359032630920e-02
1.072982512414455414e-02
1.488401181995868683e-02
3.423213586211204529e-02
7.570936344563961029e-03
1.058606803417205811e-02
-4.020926076918840408e-03
7.304269354790449142e-03
2.302069030702114105e-02
-2.196319401264190674e-02
-2.849078737199306488e-02
-3.631369024515151978e-02
-1.251155976206064224e-02
-1.428941823542118073e-02
-3.735522553324699402e-02
-3.142749425023794174e-03
-1.994441263377666473e-02
-2.098031900823116302e-02
-2.201503328979015350e-02
-5.695002619177103043e-03
-4.292107652872800827e-03
-9.494172991253435612e-04
-7.196638267487287521e-03
-1.516239531338214874e-02
5.915419664233922958e-03
-1.727580674923956394e-03
4.000414162874221802e-03
-2.960437722504138947e-02
-3.357976302504539490e-02
-2.176660054828971624e-04
-6.825023796409368515e-03
-2.848250046372413635e-02
-1.506027672439813614e-02
3.118672035634517670e-02
-1.462042890489101410e-02
5.797516205348074436e-04
-2.843794971704483032e-02
-3.713912889361381531e-02
-1.001569675281643867e-03
-8.872999809682369232e-03
-1.912029460072517395e-02
8.193370886147022247e-03
6.041561253368854523e-03
-1.410630438476800919e-02
8.604724280303344131e-05
4.900450352579355240e-03
-2.407564781606197357e-02
-2.535749413073062897e-02
-5.066982936114072800e-03
1.276962179690599442e-02
-1.350485533475875854e-02
1.684335060417652130e-02
9.010661393404006958e-03
-7.635987363755702972e-03
-3.909516334533691406e-02
-3.979668766260147095e-02
-2.599311806261539459e-02
-1.432965788990259171e-02
-1.974275149405002594e-02
7.745562121272087097e-03
-6.584866438060998917e-03
-1.346942037343978882e-03
2.619138918817043304e-02
-3.750794753432273865e-02
-1.295774988830089569e-02
-3.232860565185546875e-02
-1.240776292979717255e-02
1.508535444736480713e-02
-6.254418287426233292e-03
2.531437575817108154e-02
2.073120325803756714e-02
-9.553676471114158630e-03
1.039130892604589462e-02
-1.821330399252474308e-03
3.403023583814501762e-03
1.026683580130338669e-02
4.962692968547344208e-03
2.628700435161590576e-02
1.320464629679918289e-02
-8.319287560880184174e-03
2.783889882266521454e-03
-2.207931689918041229e-02
-1.641392894089221954e-02
5.559017416089773178e-03
-2.324553020298480988e-02
1.727040670812129974e-02
2.345762401819229126e-02
-3.072308748960494995e-02
-1.236039679497480392e-02
-3.718081861734390259e-03
-1.395495794713497162e-02
-1.023772452026605606e-02
3.658163826912641525e-03
-5.230836104601621628e-04
7.467517571058124304e-05
1.286567375063896179e-02
-1.162970717996358871e-02
2.907411893829703331e-03
1.499290578067302704e-02
1.104865036904811859e-02
-3.080028807744383812e-03
1.478542946279048920e-02
2.240358479321002960e-02
-3.021356416866183281e-03
6.445557344704866409e-03
-2.194156171754002571e-03
-9.712265804409980774e-03
-1.691282726824283600e-02
-2.159287035465240479e-02
-9.753526188433170319e-03
-3.831396345049142838e-03
-5.350200459361076355e-03
-1.297280006110668182e-02
1.108970725908875465e-03
-6.480914540588855743e-03
-2.259450033307075500e-02
8.137850090861320496e-03
-4.297567997127771378e-03
-1.964280568063259125e-02
-1.161963772028684616e-02
1.627500355243682861e-02
-7.968991994857788086e-03
-1.720834895968437195e-02
2.680185250937938690e-02
-8.606941439211368561e-03
-1.853870227932929993e-02
-1.191465649753808975e-02
-2.345482818782329559e-02
-2.487999573349952698e-02
-1.266291178762912750e-02
-1.025245897471904755e-02
-1.913536339998245239e-03
5.046449601650238037e-03
1.034153159707784653e-02
-1.220119465142488480e-02
7.829803973436355591e-03
-1.862327940762042999e-02
-5.958166345953941345e-02
8.617497980594635010e-02
6.216150522232055664e-02
-2.422362379729747772e-02
5.186088010668754578e-02
9.408624470233917236e-02
4.841917380690574646e-02
8.868855424225330353e-03
4.767654463648796082e-02
5.212800949811935425e-02
-4.670172929763793945e-02
-1.194805558770895004e-02
5.423655360937118530e-02
-6.335153430700302124e-02
-7.367612421512603760e-02
2.766754245385527611e-03
2.000271575525403023e-03
-7.793943397700786591e-03
-5.308091640472412109e-03
-3.269473789259791374e-03
-1.030562445521354675e-02
2.650038525462150574e-02
1.344719994813203812e-02
2.979494445025920868e-02
3.150046244263648987e-02
4.792752151843160391e-04
-2.886719070374965668e-02
-1.011930871754884720e-02
2.933145733550190926e-03
-2.063798904418945312e-02
-2.608706429600715637e-02
1.679434254765510559e-02
3.336535301059484482e-03
-1.503484509885311127e-02
-4.966755863279104233e-03
1.752966828644275665e-02
9.849525988101959229e-03
1.660607941448688507e-02
2.643680945038795471e-02
1.646780222654342651e-02
2.481142431497573853e-02
5.244150012731552124e-02
4.352045804262161255e-02
-8.070249110460281372e-03
-5.206932313740253448e-03
1.404489763081073761e-02
-1.938512921333312988e-02
-2.376668900251388550e-02
1.558026392012834549e-02
6.258981011342257261e-05
-1.232527289539575577e-02
2.598059130832552910e-03
-2.590408362448215485e-02
-1.863970793783664703e-02
6.422175094485282898e-03
-2.261075191199779510e-02
-5.271150171756744385e-02
-1.785450801253318787e-02
-7.240217644721269608e-03
-3.942969068884849548e-02
-2.311277016997337341e-02
8.365567773580551147e-03
7.863864302635192871e-03
-2.054893411695957184e-03
1.053296122699975967e-02
2.386444248259067535e-02
2.671627700328826904e-02
-1.389528624713420868e-02
-3.024997655302286148e-03
3.230925649404525757e-02
1.210380997508764267e-02
4.450178146362304688e-02
5.272271484136581421e-02
7.047857157886028290e-03
2.715182676911354065e-02
5.381758511066436768e-02
-1.428345590829849243e-02
-2.499506995081901550e-02
1.571779511868953705e-02
1.665479876101016998e-02
8.687634952366352081e-03
1.422610972076654434e-02
1.550543587654829025e-02
3.079740516841411591e-02
4.176159389317035675e-03
-1.215590722858905792e-02
-1.310433074831962585e-02
-5.873507820069789886e-03
6.278307177126407623e-03
-1.616438152268528938e-03
6.123148370534181595e-03
-2.696867100894451141e-03
1.490924227982759476e-02
-2.015488781034946442e-02
-9.387703612446784973e-03
2.025109343230724335e-02
2.118604071438312531e-02
1.259800884872674942e-02
5.707607138901948929e-03
1.312142517417669296e-02
-3.599204495549201965e-02
-3.683247044682502747e-02
-1.130906958132982254e-02
-6.474501639604568481e-02
-6.555204093456268311e-02
-3.661045432090759277e-02
4.113366827368736267e-02
6.660660356283187866e-02
3.560145199298858643e-02
1.535570155829191208e-02
6.878066807985305786e-02
8.695397526025772095e-02
-4.408065229654312134e-02
1.430896483361721039e-02
5.904457345604896545e-02
-2.424857392907142639e-02
1.304030418395996094e-02
2.718237414956092834e-02
-1.468301936984062195e-02
-1.640441454946994781e-02
1.873277476988732815e-03
-2.565696649253368378e-02
-2.788507752120494843e-02
-1.678595319390296936e-02
1.667058654129505157e-02
2.789380028843879700e-02
-1.236318144947290421e-03
2.732006832957267761e-02
2.765290811657905579e-02
3.064912743866443634e-02
-4.089841677341610193e-04
1.620394550263881683e-02
2.084827609360218048e-02
-4.288681969046592712e-02
-2.549262344837188721e-02
-9.045637212693691254e-03
-2.120079472661018372e-02
-1.433734083548188210e-03
-6.910812109708786011e-03
-1.148281246423721313e-02
1.893180049955844879e-02
4.542737081646919250e-02
1.552785281091928482e-02
-6.685081403702497482e-03
-4.070738796144723892e-03
1.104883477091789246e-02
2.611240372061729431e-02
1.560574024915695190e-02
-1.170862000435590744e-02
2.958047017455101013e-02
1.634624972939491272e-02
-3.765340149402618408e-02
-3.495524451136589050e-02
-3.437755256891250610e-02
-4.074688069522380829e-03
-2.382234483957290649e-02
-3.945207968354225159e-02
2.577201277017593384e-02
1.834667101502418518e-02
-1.420546788722276688e-02
1.208446547389030457e-02
-1.095960754901170731e-02
1.878460869193077087e-03
-1.859257929027080536e-02
-4.366756230592727661e-02
-1.827638968825340271e-02
-1.584292203187942505e-02
-2.905726619064807892e-02
-2.173492498695850372e-02
-2.427514828741550446e-02
-1.449397113174200058e-02
-5.148900672793388367e-03
2.776928246021270752e-03
1.637055538594722748e-02
-9.139548055827617645e-04
3.646747022867202759e-02
1.654442399740219116e-02
4.036647267639636993e-03
-1.393640786409378052e-02
-1.706787012517452240e-02
-1.510296761989593506e-02
-1.174244936555624008e-02
4.743345489259809256e-04
-4.242101567797362804e-04
1.074270810931921005e-03
2.867077104747295380e-02
3.435890376567840576e-02
-2.112437225878238678e-02
-1.981912180781364441e-02
6.535237655043601990e-03
-2.231175824999809265e-02
-1.763166487216949463e-02
-2.510197833180427551e-02
-1.455124351195991039e-03
-8.870585821568965912e-03
-2.335608191788196564e-02
-5.686901975423097610e-03
-8.597627282142639160e-03
9.126515127718448639e-03
3.616741299629211426e-02
3.271114081144332886e-02
4.470199719071388245e-02
4.588865861296653748e-02
5.714306607842445374e-02
4.452114179730415344e-02
2.038871124386787415e-02
4.480155557394027710e-02
3.561467677354812622e-02
4.080409929156303406e-02
6.218304485082626343e-02
5.034678801894187927e-02
3.281529992818832397e-02
6.567195057868957520e-02
3.023741021752357483e-02
-2.558412589132785797e-02
-2.109793201088905334e-02
-1.359596848487854004e-02
1.182225625962018967e-02
2.265177853405475616e-02
-1.184787787497043610e-02
2.037118189036846161e-02
2.170298807322978973e-02
1.402852777391672134e-02
-1.445001270622014999e-02
-2.736921794712543488e-02
-2.901000343263149261e-02
-4.218242317438125610e-02
-3.895193710923194885e-02
-3.453752398490905762e-02
-1.284975372254848480e-02
-3.251501359045505524e-03
-8.446352556347846985e-03
2.111322991549968719e-02
2.712610363960266113e-02
2.307386510074138641e-02
6.782716512680053711e-02
7.409878820180892944e-02
4.255636036396026611e-02
5.742497742176055908e-02
6.965629011392593384e-02
1.094103697687387466e-02
1.901654340326786041e-02
2.293854020535945892e-02
9.415188804268836975e-03
3.570911660790443420e-02
4.207808524370193481e-02
2.896928414702415466e-02
2.567849680781364441e-02
5.619801208376884460e-02
3.114428371191024780e-02
-3.239801153540611267e-02
-5.595036316663026810e-03
6.295904517173767090e-03
-5.568966269493103027e-03
2.738465927541255951e-02
4.484091699123382568e-02
-2.249349653720855713e-02
5.058289039880037308e-03
3.284010803326964378e-03
2.799772284924983978e-02
7.484653615392744541e-04
-2.446595393121242523e-02
9.392747655510902405e-03
-2.671833848580718040e-03
-3.725073859095573425e-02
-5.080597009509801865e-03
-1.426820363849401474e-02
-4.490941017866134644e-02
9.128071367740631104e-03
9.981567040085792542e-03
7.883893325924873352e-03
2.759141474962234497e-02
1.525794249027967453e-02
2.591005526483058929e-03
3.712752461433410645e-02
1.323182694613933563e-02
2.730100229382514954e-02
-3.361043706536293030e-02
-3.781022131443023682e-02
-2.569365873932838440e-02
-4.348265752196311951e-02
-2.007878012955188751e-02
-2.358599752187728882e-02
-3.357227519154548645e-02
3.243522485718131065e-03
-1.135151760536246002e-04
-1.524917688220739365e-02
-1.856590621173381805e-02
5.385401658713817596e-03
-1.858988776803016663e-02
1.776886917650699615e-02
2.068609930574893951e-02
-1.519470755010843277e-02
-5.490381154231727123e-04
4.877716302871704102e-03
-4.229510203003883362e-03
-3.321952000260353088e-02
-2.778700552880764008e-02
-1.119433436542749405e-02
-4.282090812921524048e-02
-2.953195758163928986e-02
-7.545566768385469913e-05
-4.158934950828552246e-02
-2.159521915018558502e-02
-1.129662059247493744e-02
7.005479652434587479e-03
1.257923711091279984e-02
2.105253189802169800e-02
6.024182308465242386e-03
1.140695996582508087e-02
6.808218546211719513e-03
1.814140938222408295e-02
5.868890322744846344e-03
-1.841753348708152771e-02
-2.535246545448899269e-03
-3.281893441453576088e-03
-3.563674166798591614e-03
3.135312581434845924e-03
-1.025994028896093369e-02
1.846147119067609310e-03
-9.255672805011272430e-03
-7.882235571742057800e-03
-1.267991773784160614e-02
-1.773762889206409454e-02
-1.592842163518071175e-03
-2.814329043030738831e-02
-1.131701748818159103e-02
-1.037437748163938522e-02
-2.674778923392295837e-03
-2.168135484680533409e-03
6.608976051211357117e-03
-1.551301404833793640e-02
-2.351306378841400146e-02
-3.972842171788215637e-02
-2.765579335391521454e-02
-1.982249319553375244e-02
-5.804852396249771118e-02
-5.223299935460090637e-02
-5.994462966918945312e-02
-5.127979815006256104e-02
3.723133727908134460e-02
-4.986799322068691254e-03
-1.715297438204288483e-02
1.544476393610239029e-02
-3.485277667641639709e-02
-3.179319575428962708e-02
3.869409905746579170e-03
-2.790360711514949799e-02
-1.015469525009393692e-02
7.368918042629957199e-03
6.766616716049611568e-04
9.054403752088546753e-03
4.759644158184528351e-03
2.837420813739299774e-02
8.858944638632237911e-04
3.930891305208206177e-02
6.393966823816299438e-02
1.301346346735954285e-02
-2.044439129531383514e-02
-7.768687792122364044e-03
1.555064343847334385e-03
-1.605411432683467865e-02
-3.332630544900894165e-02
1.563275436637923121e-04
-7.966342382133007050e-03
2.154050627723336220e-03
-6.278198678046464920e-03
1.214138697832822800e-02
4.044535011053085327e-02
1.909140311181545258e-02
1.572067290544509888e-02
2.760517224669456482e-02
9.401799179613590240e-03
2.457974106073379517e-02
2.788810804486274719e-02
1.852151006460189819e-02
-2.017441391944885254e-02
-3.101803362369537354e-02
-2.224593982100486755e-02
-5.436053499579429626e-02
-4.730877652764320374e-02
-4.929681867361068726e-02
-5.339762941002845764e-02
-2.456925250589847565e-02
-1.672596670687198639e-02
-3.223708271980285645e-02
-1.889502443373203278e-02
-2.711899392306804657e-02
-1.519221998751163483e-02
-3.873008489608764648e-02
-3.287504613399505615e-02
-1.092032380256569013e-05
-3.394345566630363464e-02
-3.478402644395828247e-02
1.842403784394264221e-02
2.070757374167442322e-02
4.974404722452163696e-02
1.585593074560165405e-02
2.047043293714523315e-02
3.391211107373237610e-02
6.572251673787832260e-03
2.069298550486564636e-02
-1.827739906730130315e-04
2.576275914907455444e-02
4.093894734978675842e-02
3.365108370780944824e-02
4.064926505088806152e-02
3.595803678035736084e-02
4.265774413943290710e-02
1.224700361490249634e-02
2.344232611358165741e-02
8.498515933752059937e-03
1.120730675756931305e-02
1.492454670369625092e-02
-4.907866474241018295e-03
1.271894015371799469e-02
1.210720278322696686e-02
-1.191720250062644482e-03
-9.188249707221984863e-03
-1.098048500716686249e-02
-1.113768480718135834e-02
1.591726019978523254e-02
8.737997151911258698e-03
1.101907691918313503e-03
3.348662983626127243e-03
1.225864235311746597e-02
2.976802736520767212e-02
-1.107686664909124374e-03
-7.612678688019514084e-03
3.641195222735404968e-02
-4.602592065930366516e-02
-4.360245168209075928e-02
-2.051342837512493134e-02
-2.533707953989505768e-02
-1.808804273605346680e-02
1.929850690066814423e-02
-2.650630660355091095e-02
-9.792469441890716553e-03
1.760163158178329468e-02
9.708100929856300354e-03
8.188099600374698639e-03
-1.669492200016975403e-02
-6.903449539095163345e-03
5.190249998122453690e-03
-2.474711090326309204e-02
-1.087086088955402374e-02
-1.177496649324893951e-02
-1.410422846674919128e-02
4.665525630116462708e-03
2.074557996820658445e-04
3.537863027304410934e-03
9.994867257773876190e-03
1.525799091905355453e-02
2.112797275185585022e-02
2.139072492718696594e-02
4.735593497753143311e-02
3.635579720139503479e-02
1.790192350745201111e-02
-7.330086547881364822e-03
9.627282619476318359e-03
3.296502307057380676e-02
1.215857546776533127e-02
2.008841373026371002e-02
3.904644399881362915e-02
3.232550621032714844e-02
2.510724216699600220e-02
6.929361727088689804e-03
2.753711491823196411e-02
2.511374652385711670e-02
1.123574841767549515e-02
3.288306668400764465e-02
3.156558144837617874e-03
-3.618846461176872253e-02
-1.082807499915361404e-02
-1.237099245190620422e-02
-2.192448824644088745e-02
-1.328586786985397339e-02
-1.131713483482599258e-02
-1.971502043306827545e-02
-2.297382242977619171e-02
-1.046523731201887131e-02
-2.235334552824497223e-02
-1.274709310382604599e-02
-1.098939590156078339e-02
-1.108998316340148449e-03
-2.195248194038867950e-02
-2.343862317502498627e-02
-1.725813490338623524e-03
1.901474897749722004e-04
9.060183539986610413e-03
8.564253337681293488e-03
2.551387809216976166e-02
6.042323261499404907e-02
8.258720044977962971e-04
-1.804531924426555634e-02
-1.385002862662076950e-02
-1.387727260589599609e-02
-1.758314482867717743e-02
-1.343374699354171753e-02
-1.265399158000946045e-02
-1.552235893905162811e-02
-9.060273878276348114e-03
-2.036449965089559555e-03
3.027170151472091675e-02
4.008285701274871826e-02
1.369060482829809189e-02
4.206179827451705933e-02
2.952539734542369843e-02
1.417776476591825485e-02
2.750067971646785736e-02
-2.343167550861835480e-03
-2.031802386045455933e-02
-1.999522745609283447e-02
-1.019700895994901657e-02
-2.079012570902705193e-03
1.976393535733222961e-02
5.824852734804153442e-03
3.216021880507469177e-02
3.563107177615165710e-02
4.763659962918609381e-04
-2.058650180697441101e-02
5.866500549018383026e-03
-4.934380762279033661e-03
-1.810948015190660954e-03
1.508231367915868759e-02
2.391407731920480728e-03
1.397535763680934906e-02
5.586238577961921692e-03
-8.182609453797340393e-03
1.752242445945739746e-02
3.938936442136764526e-02
2.689605765044689178e-02
2.711416222155094147e-02
3.606611117720603943e-02
4.195880144834518433e-02
2.123490720987319946e-02
1.258160918951034546e-02
2.857145667076110840e-02
-1.381723117083311081e-02
-3.216638416051864624e-02
-1.223044749349355698e-02
2.190923504531383514e-02
-6.460422649979591370e-03
6.310718134045600891e-03
3.260507062077522278e-02
3.523077350109815598e-03
1.493044290691614151e-02
2.375955693423748016e-02
2.019205316901206970e-02
3.134485706686973572e-02
2.375680953264236450e-02
2.221339382231235504e-02
1.916547119617462158e-02
2.603391930460929871e-02
1.089873909950256348e-02
1.147895026952028275e-02
-2.591007202863693237e-02
-1.794325001537799835e-02
2.733095549046993256e-02
-2.472186088562011719e-02
1.224953308701515198e-02
6.053361110389232635e-03
-2.812152495607733727e-03
3.060302929952740669e-03
1.551604364067316055e-02
9.758666157722473145e-03
3.696338832378387451e-02
6.585288792848587036e-02
-7.386470679193735123e-03
4.107700660824775696e-02
9.228935092687606812e-02
1.596397720277309418e-02
6.685034930706024170e-02
7.406654953956604004e-02
-1.759074814617633820e-02
-1.461371593177318573e-02
-1.203170232474803925e-02
-1.282707415521144867e-02
-1.913705095648765564e-02
-6.023544352501630783e-03
3.014577552676200867e-02
2.867007441818714142e-02
1.975670084357261658e-02
-2.931899949908256531e-02
-2.078265137970447540e-02
-1.897628977894783020e-02
-6.118881981819868088e-03
-1.060849893838167191e-02
-1.060692220926284790e-02
-1.961135119199752808e-02
-1.817091740667819977e-02
-2.279494144022464752e-02
-6.633363664150238037e-03
1.754806749522686005e-02
1.441770978271961212e-02
-1.878615096211433411e-02
1.187114790081977844e-02
1.655525155365467072e-02
-4.949774127453565598e-03
3.943301271647214890e-03
2.154242061078548431e-02
1.463301386684179306e-02
2.627020701766014099e-02
2.103490568697452545e-02
7.587679661810398102e-03
2.438440732657909393e-02
2.292877808213233948e-02
6.216039415448904037e-03
2.528387308120727539e-02
2.520264685153961182e-02
1.097750104963779449e-02
1.161340437829494476e-02
1.146871503442525864e-02
-1.291226653847843409e-04
1.807172596454620361e-02
3.050331398844718933e-02
2.947556786239147186e-02
4.271099343895912170e-02
1.952399872243404388e-02
-1.372777577489614487e-02
-2.501651644706726074e-02
-2.842115610837936401e-02
-1.990329846739768982e-02
-4.173411428928375244e-02
-3.178037703037261963e-02
1.044626906514167786e-02
-1.681510359048843384e-02
-1.902776025235652924e-02
-1.755360141396522522e-02
-3.010263852775096893e-02
2.874355297535657883e-03
-1.939529739320278168e-02
-1.489641796797513962e-02
2.252405695617198944e-02
-1.657065376639366150e-02
-1.707377284765243530e-02
1.930805109441280365e-02
-3.898563981056213379e-02
-3.949873149394989014e-02
-2.501848526298999786e-02
-3.434388339519500732e-02
-2.607501856982707977e-02
-2.378207258880138397e-02
-4.547211900353431702e-02
-4.390264675021171570e-02
-8.087638765573501587e-03
-1.608370803296566010e-05
-1.070806663483381271e-02
-2.403405029326677322e-03
2.057838253676891327e-02
-3.374554915353655815e-03
-1.984024420380592346e-02
1.670813001692295074e-02
-7.412623614072799683e-03
-1.067781634628772736e-02
-3.203645721077919006e-02
-1.994933187961578369e-02
-2.073407173156738281e-02
-2.826129831373691559e-02
-2.583210915327072144e-02
-1.103716995567083359e-02
2.201973926275968552e-03
-1.885883696377277374e-02
-1.140421908348798752e-02
3.526953607797622681e-02
5.938007310032844543e-02
3.869126364588737488e-02
4.195553436875343323e-02
1.378376968204975128e-02
1.620555669069290161e-02
-7.887597195804119110e-03
-3.667273372411727905e-02
-2.927948348224163055e-02
-2.124048396944999695e-02
-1.937194168567657471e-02
-1.944980956614017487e-02
8.553120307624340057e-03
-3.282573597971349955e-04
-7.108892779797315598e-03
5.809231195598840714e-03
-1.507484260946512222e-02
-2.345761284232139587e-02
-8.576150052249431610e-03
-1.508578006178140640e-02
-2.409034408628940582e-03
-4.838484339416027069e-03
-8.321174420416355133e-03
-2.192378416657447815e-02
7.108096033334732056e-03
1.708761602640151978e-02
4.743006546050310135e-03
4.206838086247444153e-02
2.563048899173736572e-02
4.735681228339672089e-03
4.143344610929489136e-02
1.292965468019247055e-02
9.224271401762962341e-03
3.012521006166934967e-02
2.773386240005493164e-02
4.851413425058126450e-03
-2.871394343674182892e-02
1.423664391040802002e-03
2.805175445973873138e-02
-1.125317066907882690e-02
1.181511301547288895e-02
4.447653144598007202e-02
2.915802644565701485e-03
2.305375412106513977e-02
2.643586322665214539e-02
-6.511660292744636536e-03
-1.353822555392980576e-02
2.863761270418763161e-03
5.790667142719030380e-03
7.828826084733009338e-03
1.032067555934190750e-02
3.380467742681503296e-02
1.472802553325891495e-02
2.421009354293346405e-02
-9.456703439354896545e-03
-2.042358554899692535e-02
-1.494998298585414886e-02
1.950731314718723297e-02
-2.097804844379425049e-02
-2.205182984471321106e-02
-4.038839600980281830e-03
-1.708348281681537628e-02
-1.113544031977653503e-02
2.161030098795890808e-02
2.127414755523204803e-02
7.813641801476478577e-03
-3.085203468799591064e-03
-1.385777536779642105e-02
-9.729029610753059387e-03
-2.673957729712128639e-03
3.159414744004607201e-03
-9.644540958106517792e-03
-1.875784620642662048e-02
-2.289852499961853027e-02
-1.349882688373327255e-02
4.791969433426856995e-03
-9.349348954856395721e-03
-7.228896953165531158e-03
2.448572590947151184e-02
3.661487996578216553e-02
4.068167507648468018e-02
1.165371853858232498e-02
2.451854385435581207e-02
4.822066519409418106e-03
6.089361850172281265e-04
1.590884476900100708e-02
2.626068517565727234e-02
1.529937982559204102e-02
3.276738896965980530e-02
1.444464642554521561e-02
-4.928766284137964249e-03
-4.133677284698933363e-04
-2.107271458953619003e-03
1.336026750504970551e-02
9.034084156155586243e-03
-2.587512368336319923e-03
1.723000779747962952e-02
1.973873004317283630e-02
1.225160667672753334e-04
6.728583574295043945e-02
5.039750039577484131e-02
-3.004787024110555649e-03
4.619243368506431580e-02
3.500208631157875061e-02
-1.469618920236825943e-02
1.963254623115062714e-02
1.516448706388473511e-02
-8.044781163334846497e-03
6.571827107109129429e-04
2.279359288513660431e-02
-1.221415214240550995e-02
1.177849620580673218e-02
-6.977275945246219635e-03
1.561567746102809906e-02
9.681648807600140572e-04
-6.219204980880022049e-03
1.410920522175729275e-03
1.732657477259635925e-02
3.516880969982594252e-04
4.269721917808055878e-03
2.429592236876487732e-02
5.340890493243932724e-03
1.132142171263694763e-02
1.840434409677982330e-02
-6.823493633419275284e-03
3.988366108387708664e-03
1.246696989983320236e-02
1.355968508869409561e-02
2.527346275746822357e-02
1.916715875267982483e-02
1.715639419853687286e-02
6.062518060207366943e-02
9.547486901283264160e-03
2.341026812791824341e-02
5.058361962437629700e-02
-4.165055230259895325e-02
-2.736667357385158539e-02
-6.156892515718936920e-03
-1.968824490904808044e-02
-4.150493443012237549e-02
-3.473044186830520630e-02
1.112031843513250351e-02
-4.039021953940391541e-02
-5.583842843770980835e-02
4.706090781837701797e-03
-1.404556538909673691e-02
-1.180621329694986343e-02
-2.810123376548290253e-02
-1.784145459532737732e-02
-3.458040207624435425e-02
-2.231703139841556549e-02
-2.249231003224849701e-02
-4.848859098274260759e-04
-2.142327651381492615e-02
-2.064896561205387115e-02
-9.638250339776277542e-04
-9.337024763226509094e-03
-4.027162864804267883e-02
-4.843285307288169861e-03
-1.135817170143127441e-02
-2.271220646798610687e-02
5.065809469670057297e-03
6.823483388870954514e-03
2.257259376347064972e-02
1.866750419139862061e-02
-6.201704032719135284e-03
-1.136948075145483017e-02
4.169370047748088837e-03
-5.035346839576959610e-03
-1.943219825625419617e-02
-1.337894145399332047e-02
-9.429110214114189148e-03
-2.389799617230892181e-02
-1.707846857607364655e-02
-9.248024784028530121e-03
-1.634368672966957092e-02
-1.565903797745704651e-02
3.356229281052947044e-03
-1.894643530249595642e-02
-1.555765140801668167e-02
-1.833387091755867004e-02
-4.188085440546274185e-03
-6.616681814193725586e-03
-4.180980380624532700e-03
4.500869289040565491e-02
4.271944612264633179e-02
2.345272898674011230e-02
3.559160977602005005e-02
4.903567209839820862e-02
5.518432240933179855e-03
9.242312982678413391e-03
3.258621785789728165e-03
3.986613824963569641e-03
-1.035033352673053741e-02
-8.223067037761211395e-03
1.201267912983894348e-02
2.230269461870193481e-02
3.856857307255268097e-03
2.195280831074342132e-04
2.980991639196872711e-02
2.119298279285430908e-02
1.591717265546321869e-02
4.290198162198066711e-02
5.985407531261444092e-02
5.804974120110273361e-03
3.890981525182723999e-02
5.415003746747970581e-02
-4.461880400776863098e-02
-3.237193077802658081e-02
-1.544412784278392792e-02
-2.654605358839035034e-02
-4.117431119084358215e-02
-1.830139756202697754e-02
2.685179561376571655e-02
-1.174778590211644769e-04
-4.440968390554189682e-03
1.361307129263877869e-02
4.273594357073307037e-03
4.829020181205123663e-04
9.216989390552043915e-03
7.355817593634128571e-03
1.469288580119609833e-02
-3.890956519171595573e-03
5.997478961944580078e-03
2.598277293145656586e-02
3.460210934281349182e-02
1.341959461569786072e-02
-7.464467082172632217e-03
9.707688353955745697e-03
5.194753408432006836e-03
3.557972377166152000e-03
-1.537148002535104752e-02
-4.776887129992246628e-03
9.373345412313938141e-03
2.872932527679949999e-04
-4.378550802357494831e-04
3.437246754765510559e-02
-1.147929206490516663e-02
8.476240560412406921e-03
2.259697206318378448e-02
-2.937948796898126602e-03
9.857940021902322769e-04
1.663640886545181274e-02
-2.692058682441711426e-03
-6.662894040346145630e-03
-1.069356594234704971e-02
-1.462675910443067551e-02
-2.882723137736320496e-02
-2.093032374978065491e-02
-3.664103150367736816e-02
-3.214951604604721069e-02
-9.333201684057712555e-03
-4.477367736399173737e-03
-1.579507440328598022e-02
-1.598017476499080658e-02
-6.311572156846523285e-03
-1.193642616271972656e-02
-3.020362369716167450e-02
-2.054908545687794685e-03
-7.629759609699249268e-03
-2.353958226740360260e-02
2.473680302500724792e-02
3.734806925058364868e-02
2.767866849899291992e-02
2.699056640267372131e-02
4.610601067543029785e-02
2.924144454300403595e-02
1.019740104675292969e-02
1.333324983716011047e-02
-5.291249137371778488e-03
1.293405331671237946e-02
1.573702465975657105e-04
-1.017482578754425049e-02
-6.263483315706253052e-03
-3.222467750310897827e-02
-3.399873897433280945e-02
-4.406337626278400421e-03
-2.513930387794971466e-02
-2.987934090197086334e-02
1.037857308983802795e-02
-4.461504984647035599e-03
-1.650405302643775940e-02
-7.647847291082143784e-03
-1.532277185469865799e-02
-1.920725777745246887e-02
-1.669343374669551849e-02
-1.283557852730154991e-03
1.950346282683312893e-03
3.653542324900627136e-02
3.463070094585418701e-02
7.057425566017627716e-03
4.009244218468666077e-02
5.469463020563125610e-02
3.441169857978820801e-02
2.851313352584838867e-02
5.595512688159942627e-02
4.161882027983665466e-02
-3.310899948701262474e-03
9.855845011770725250e-03
1.153143402189016342e-02
-1.732209697365760803e-02
-1.785195805132389069e-02
-4.072939045727252960e-03
-1.028568763285875320e-02
-6.942423060536384583e-03
-2.313717501237988472e-03
-1.757045462727546692e-02
-1.172277517616748810e-02
3.132893145084381104e-02
-1.608980074524879456e-02
-1.045313570648431778e-02
9.549282491207122803e-03
-2.177204005420207977e-02
-3.792009665630757809e-04
6.079612765461206436e-03
-3.121728636324405670e-02
-2.585837244987487793e-02
5.703139468096196651e-04
-2.307674288749694824e-02
-2.706770412623882294e-02
7.541540544480085373e-03
-2.770680934190750122e-02
-1.322771701961755753e-02
1.411035936325788498e-02
2.482502721250057220e-02
2.197171375155448914e-02
1.074891723692417145e-02
2.251932397484779358e-02
2.647777646780014038e-02
2.447974495589733124e-02
2.397489920258522034e-02
1.222044322639703751e-02
7.234231568872928619e-03
-9.155441075563430786e-03
4.941829945892095566e-03
-2.544365823268890381e-03
5.138563923537731171e-03
2.894187113270163536e-03
1.278520748019218445e-02
6.302216090261936188e-03
-4.988300614058971405e-03
2.317406237125396729e-02
1.291937311179935932e-03
2.227183245122432709e-02
3.367396816611289978e-02
2.078799158334732056e-02
5.938191432505846024e-03
2.629473060369491577e-02
1.395975332707166672e-02
8.796888141660019755e-05
1.726782880723476410e-02
-4.345586057752370834e-03
-3.041851334273815155e-03
1.554042659699916840e-02
-9.366360493004322052e-03
1.160325668752193451e-02
8.697531186044216156e-03
1.100458391010761261e-02
3.041911125183105469e-02
3.001888096332550049e-02
-2.141968719661235809e-02
-4.339242726564407349e-02
-5.771448463201522827e-02
-9.633935056626796722e-03
-2.034759521484375000e-02
-3.602010756731033325e-02
-1.549286488443613052e-02
-4.673671722412109375e-02
-5.586519464850425720e-02
7.713666651397943497e-03
1.638854667544364929e-02
-4.143267869949340820e-03
3.751561045646667480e-03
-1.770709827542304993e-02
-3.903152421116828918e-02
-8.132981136441230774e-03
-2.757288143038749695e-02
-5.330399796366691589e-02
-3.652122989296913147e-02
2.557601779699325562e-03
1.068207994103431702e-02
-1.726110838353633881e-02
-1.288001774810254574e-03
3.324622986838221550e-03
1.481843646615743637e-02
5.124017596244812012e-03
1.673710066825151443e-03
5.633597262203693390e-03
2.558495290577411652e-02
4.488643724471330643e-03
5.076887086033821106e-02
5.821120366454124451e-02
-3.602011129260063171e-03
6.893453747034072876e-02
7.500988990068435669e-02
2.101274766027927399e-02
2.583293057978153229e-02
3.336824849247932434e-02
2.712138183414936066e-02
3.966537490487098694e-02
3.702702745795249939e-02
4.160308465361595154e-02
2.268530055880546570e-02
3.918605297803878784e-02
3.735217824578285217e-02
-3.890495374798774719e-02
-1.590307988226413727e-02
6.000453140586614609e-03
-2.790394239127635956e-02
-3.252235800027847290e-02
-2.844578027725219727e-02
-1.020407304167747498e-02
2.023941138759255409e-03
-1.422346476465463638e-02
-1.024945080280303955e-02
3.994330298155546188e-03
2.864284215320367366e-05
-2.789996936917304993e-02
-2.057649195194244385e-02
-1.509405579417943954e-02
-2.615475095808506012e-02
-3.475404530763626099e-02
-3.065936267375946045e-02
-2.890325337648391724e-02
-1.595245860517024994e-02
-2.971273101866245270e-02
-1.636117137968540192e-02
-1.500958204269409180e-02
-3.397023677825927734e-02
-1.992319477722048759e-03
-9.958683513104915619e-03
-1.219830824993550777e-03
-1.437406055629253387e-02
-1.401363220065832138e-02
-9.269452653825283051e-03
-1.779842004179954529e-02
-6.952138617634773254e-03
-4.319151048548519611e-04
-2.070909366011619568e-02
-3.339847549796104431e-02
-2.620293758809566498e-02
-1.379350316710770130e-03
-3.071322664618492126e-02
-5.475293472409248352e-02
-2.621844783425331116e-02
-4.714231193065643311e-02
-5.037826299667358398e-02
-2.223977446556091309e-02
-4.618372395634651184e-02
-4.203688353300094604e-02
-1.190350204706192017e-02
6.598121020942926407e-03
1.088366936892271042e-02
-1.875202544033527374e-02
-1.904993690550327301e-02
8.527984842658042908e-03
-3.627221286296844482e-02
-4.444515705108642578e-02
-1.509653311222791672e-02
2.644454315304756165e-02
2.612935565412044525e-02
-9.274185635149478912e-03
2.384318970143795013e-02
2.904071472585201263e-03
-2.093782462179660797e-02
3.641188144683837891e-02
9.417789988219738007e-03
5.314223235473036766e-04
-2.079821936786174774e-02
-2.685968577861785889e-02
-1.318999379873275757e-02
-3.043682686984539032e-02
-2.259979769587516785e-02
-1.904881559312343597e-02
4.143359605222940445e-03
-2.528988756239414215e-02
3.133878111839294434e-03
-1.840173453092575073e-02
2.184385666623711586e-03
1.935494318604469299e-02
-3.146668151021003723e-02
1.869502477347850800e-02
1.902316324412822723e-02
-7.878978736698627472e-03
1.606237888336181641e-02
9.700169786810874939e-03
-3.055691486224532127e-04
1.070326846092939377e-02
3.366988524794578552e-02
3.983837366104125977e-02
2.082430943846702576e-02
3.025253675878047943e-02
1.557921431958675385e-02
3.258524090051651001e-02
4.550308920443058014e-03
-2.931897900998592377e-02
-5.057303234934806824e-02
-3.702655062079429626e-02
-3.785098716616630554e-02
-5.447978153824806213e-02
-6.250692903995513916e-02
-2.415943145751953125e-02
-6.206431984901428223e-02
-5.193258076906204224e-02
-1.228593382984399796e-02
1.253833435475826263e-02
1.261439081281423569e-02
-2.214400563389062881e-03
1.523724570870399475e-02
6.512510031461715698e-02
-8.522822521626949310e-03
4.013206809759140015e-03
3.734662756323814392e-02
-3.212193772196769714e-02
-2.063443139195442200e-02
-1.565816812217235565e-02
-1.221641339361667633e-02
9.831259958446025848e-03
1.736716553568840027e-02
1.066707554855383933e-04
-8.132953196763992310e-03
-6.281587295234203339e-03
2.769476966932415962e-03
-2.905209083110094070e-03
-1.899698376655578613e-02
5.232103914022445679e-02
3.770111128687858582e-02
3.171497955918312073e-02
4.908923804759979248e-02
3.064193949103355408e-02
2.860306389629840851e-02
-3.096655569970607758e-02
-1.632907241582870483e-02
-2.432717941701412201e-02
-1.336110010743141174e-02
-1.607203483581542969e-02
-1.099014189094305038e-02
1.289331447333097458e-02
3.136548772454261780e-02
2.338887192308902740e-02
-1.196906715631484985e-02
-1.885083690285682678e-02
-1.814265921711921692e-02
3.942658193409442902e-03
-2.031067945063114166e-02
-1.637872308492660522e-02
2.368596754968166351e-02
6.976873613893985748e-03
-9.294659830629825592e-03
3.085945360362529755e-02
3.474988415837287903e-02
2.967018634080886841e-03
1.169248577207326889e-02
4.456374421715736389e-02
2.259534038603305817e-02
-9.294814430177211761e-03
5.133016966283321381e-03
1.700070500373840332e-02
-6.895705591887235641e-03
1.418994506821036339e-03
1.359998807311058044e-02
6.056909332983195782e-04
3.902167780324816704e-03
2.095029875636100769e-02
-3.458878258243203163e-03
-1.661833724938333035e-03
1.221593376249074936e-02
-6.002477603033185005e-04
-1.749243674566969275e-04
1.511149760335683823e-02
-8.197324350476264954e-03
-8.705599233508110046e-03
1.160000171512365341e-02
-4.086670279502868652e-02
-3.201308473944664001e-02
-1.769405417144298553e-02
-3.883565217256546021e-02
-3.368807211518287659e-02
-2.236930839717388153e-02
-4.841848835349082947e-02
-4.069251939654350281e-02
-5.808316916227340698e-02
-2.320800162851810455e-02
-2.950471453368663788e-02
-3.036460466682910919e-02
1.868021674454212189e-02
3.872122382745146751e-03
-1.587151363492012024e-02
1.293400954455137253e-02
1.480063050985336304e-02
3.905597608536481857e-03
5.954118911176919937e-03
-1.631224341690540314e-02
1.661848835647106171e-02
2.841345733031630516e-03
1.095487829297780991e-02
1.862287335097789764e-02
-2.405374497175216675e-02
-1.776749081909656525e-02
1.319478452205657959e-02
-4.046026617288589478e-02
-3.494426980614662170e-02
1.051812432706356049e-02
-6.395454984158277512e-03
3.822973230853676796e-03
-2.757958718575537205e-04
8.771819993853569031e-03
2.507557906210422516e-02
2.944882214069366455e-02
9.938926436007022858e-03
2.289636060595512390e-02
1.250522024929523468e-02
-5.002008751034736633e-03
2.452788874506950378e-02
4.393390938639640808e-02
-5.267017055302858353e-03
1.207820512354373932e-02
4.351291805505752563e-02
-1.663274317979812622e-02
1.378167141228914261e-02
2.622145414352416992e-02
1.745425537228584290e-02
2.271462231874465942e-02
4.172663763165473938e-02
1.284552365541458130e-02
5.203450843691825867e-02
5.219393596053123474e-02
1.051521976478397846e-03
2.806336246430873871e-02
4.540116712450981140e-02
-3.371832193806767464e-03
-8.148174732923507690e-03
-6.911232601851224899e-03
5.273219197988510132e-03
6.367951165884733200e-03
5.329462699592113495e-03
5.520913284271955490e-03
5.033530294895172119e-03
4.002678673714399338e-03
3.097262606024742126e-02
4.814511910080909729e-02
3.919231519103050232e-02
3.014459460973739624e-02
1.982782967388629913e-02
2.475870773196220398e-02
8.077362552285194397e-03
-1.143635599873960018e-03
-1.886914856731891632e-02
-1.458506844937801361e-02
-1.915583759546279907e-02
-2.824845537543296814e-02
-7.288475986570119858e-03
-8.945025503635406494e-03
-3.962170332670211792e-02
-5.868909880518913269e-03
7.493413286283612251e-04
-1.073214039206504822e-02
1.038884930312633514e-02
1.853071898221969604e-02
2.221997641026973724e-02
-1.784383133053779602e-02
-1.256383769214153290e-02
-1.064063701778650284e-02
-1.694535464048385620e-02
-8.351960219442844391e-03
-1.587220095098018646e-02
5.353618413209915161e-03
5.472389515489339828e-03
4.717116709798574448e-03
4.582114983350038528e-03
2.589849289506673813e-03
2.629080601036548615e-02
-1.941418647766113281e-02
-5.226099863648414612e-03
-4.165826831012964249e-03
-1.894889026880264282e-02
-2.463439479470252991e-02
-1.767628081142902374e-02
-1.876179128885269165e-02
-1.918229460716247559e-02
-2.273047342896461487e-02
-1.441952027380466461e-02
-2.945907413959503174e-02
-4.391677677631378174e-02
2.546508237719535828e-02
3.075249958783388138e-03
7.142380345612764359e-04
-1.456632371991872787e-02
5.305556114763021469e-03
-4.273314028978347778e-03
-2.661751955747604370e-02
-9.979593567550182343e-03
-1.853620866313576698e-03
-1.712436601519584656e-02
5.791629082523286343e-04
-9.011560119688510895e-03
-7.874984294176101685e-03
-1.439561042934656143e-02
-6.463803816586732864e-03
-3.766937879845499992e-03
-1.610895432531833649e-02
1.241544727236032486e-03
-8.687958121299743652e-03
9.859001729637384415e-04
-1.320881675928831100e-02
-1.523815188556909561e-02
-6.010470446199178696e-03
-5.991370417177677155e-03
1.095822267234325409e-02
2.841135719791054726e-03
-9.645082987844944000e-03
-5.370676517486572266e-03
-3.089973516762256622e-02
-3.801199793815612793e-02
2.928057499229907990e-02
1.914010196924209595e-02
-6.094164215028285980e-03
2.463264763355255127e-02
3.228958323597908020e-02
1.736536063253879547e-02
-2.577208681032061577e-03
7.126366253942251205e-03
9.406015276908874512e-03
-1.509977038949728012e-02
-2.247526310384273529e-02
-2.964422339573502541e-03
-2.837302163243293762e-03
-1.981372945010662079e-02
-6.796046625822782516e-03
1.996369659900665283e-02
2.520936075598001480e-03
1.475249603390693665e-02
1.090912427753210068e-02
2.472941949963569641e-02
2.160554006695747375e-02
-1.419788692146539688e-03
1.209682598710060120e-02
1.466146321035921574e-03
-9.561336599290370941e-03
-2.639965340495109558e-02
-1.765664108097553253e-02
1.207759790122509003e-02
7.807825691998004913e-03
2.042569965124130249e-02
3.120589070022106171e-02
5.342288315296173096e-02
5.311474204063415527e-02
-1.784291677176952362e-02
1.638224202906712890e-04
2.860831841826438904e-02
-3.562667593359947205e-02
-1.483366917818784714e-02
4.413141403347253799e-03
-4.384554922580718994e-02
-1.000474579632282257e-02
-1.415222138166427612e-02
-2.588509116321802139e-03
-1.754278782755136490e-03
-1.303298957645893097e-02
-8.783668745309114456e-04
9.932952933013439178e-03
-1.232872996479272842e-02
-2.207916043698787689e-02
-1.827941276133060455e-02
-2.518771775066852570e-02
-1.583711616694927216e-02
-4.859253019094467163e-02
-6.375776976346969604e-02
1.451223529875278473e-02
-1.873853802680969238e-02
-4.640203714370727539e-02
2.625890634953975677e-02
-4.631164949387311935e-03
-3.404261916875839233e-02
-3.761320933699607849e-02
-5.028941482305526733e-02
-4.740149900317192078e-02
-1.892674155533313751e-02
-3.029941581189632416e-02
-5.000734329223632812e-02
2.184955962002277374e-02
-3.540350589901208878e-03
-2.470689639449119568e-02
4.615326412022113800e-03
1.157644856721162796e-02
-5.146068288013339043e-04
1.843635924160480499e-02
7.411711383610963821e-03
1.067331619560718536e-02
8.387722074985504150e-03
6.143933162093162537e-03
-1.233172044157981873e-02
6.963506806641817093e-03
2.884708112105727196e-03
4.452223423868417740e-03
-9.413206949830055237e-03
5.338592454791069031e-04
-1.804879121482372284e-02
-1.102419919334352016e-03
-9.877284057438373566e-03
-3.767195716500282288e-02
1.991748064756393433e-02
2.554133906960487366e-02
8.527386933565139771e-03
1.899022795259952545e-02
6.577215623110532761e-03
-3.811212489381432533e-03
-1.261569187045097351e-02
-1.616686023771762848e-02
3.782521001994609833e-03
-2.036510501056909561e-03
1.120034139603376389e-02
-2.015505684539675713e-03
3.863424295559525490e-03
1.099656615406274796e-02
8.389790309593081474e-04
8.538734167814254761e-03
6.218408234417438507e-03
1.578248105943202972e-02
-4.473225027322769165e-02
-6.644150614738464355e-02
-5.582667142152786255e-02
-4.231053590774536133e-02
-5.962677672505378723e-02
-5.721326544880867004e-02
-3.885195404291152954e-02
-5.472112819552421570e-02
-4.493870586156845093e-02
1.911100465804338455e-03
-1.233225315809249878e-02
-7.974396576173603535e-04
-1.874892413616180420e-02
-4.145345836877822876e-02
-3.045190125703811646e-02
-2.494518831372261047e-02
-4.946370050311088562e-02
-4.984732717275619507e-02
-4.111519549041986465e-03
-7.816490717232227325e-03
-1.775052398443222046e-02
-3.100383095443248749e-03
-2.353269420564174652e-02
-1.556404214352369308e-02
-5.165050271898508072e-03
-1.942465826869010925e-02
-1.672884635627269745e-02
1.363613363355398178e-02
9.530249051749706268e-03
5.377020686864852905e-03
1.846052706241607666e-02
2.874762751162052155e-03
-9.286629501730203629e-04
-5.584677215665578842e-03
-5.389236379414796829e-03
1.834067702293395996e-02
-4.043154418468475342e-03
-7.884715683758258820e-03
-7.212123018689453602e-04
8.482659235596656799e-03
2.327387221157550812e-02
1.853960566222667694e-02
1.049575489014387131e-02
-2.406106563284993172e-03
1.733272150158882141e-02
-4.075294826179742813e-03
1.081811729818582535e-02
1.814313791692256927e-02
-6.687142886221408844e-04
1.896432787179946899e-02
3.945487737655639648e-02
-3.641375806182622910e-03
1.701010949909687042e-02
1.849672384560108185e-02
2.005620859563350677e-02
1.085737068206071854e-02
1.654388965107500553e-03
1.202725525945425034e-02
3.250623494386672974e-02
3.058725968003273010e-02
-5.352034699171781540e-03
4.808451607823371887e-02
4.322971403598785400e-02
7.062145508825778961e-03
1.449902541935443878e-02
6.489996798336505890e-03
6.006374023854732513e-03
-9.021908044815063477e-03
2.091591991484165192e-02
-3.966304939240217209e-03
-5.453598685562610626e-03
1.195849105715751648e-02
4.138206131756305695e-03
5.527848377823829651e-02
4.201362654566764832e-02
-1.087611448019742966e-02
2.684701047837734222e-02
6.326942145824432373e-02
-1.211598142981529236e-02
5.815961211919784546e-02
5.650666728615760803e-02
3.891054439009167254e-05
6.772568915039300919e-03
6.611609831452369690e-03
1.974795199930667877e-02
1.237091142684221268e-02
1.820546016097068787e-02
1.963285356760025024e-02
2.247608266770839691e-02
2.459574118256568909e-02
-2.974765375256538391e-02
-5.603746045380830765e-03
1.924610137939453125e-02
-2.094074152410030365e-02
-3.420772263780236244e-03
1.004425622522830963e-02
-1.421795506030321121e-02
-2.395237050950527191e-02
6.929283030331134796e-03
-9.516017511487007141e-03
-2.473866194486618042e-02
-6.762696895748376846e-03
-1.266762707382440567e-02
-2.240821719169616699e-02
-2.473567984998226166e-02
-1.029769238084554672e-02
-2.893699705600738525e-02
-5.805900320410728455e-02
-3.588005155324935913e-02
-4.055178165435791016e-02
-2.236596494913101196e-02
-4.615079984068870544e-02
-4.282235726714134216e-02
-2.982171811163425446e-02
-4.368675872683525085e-02
-5.004893615841865540e-02
-4.774335026741027832e-02
2.361692115664482117e-02
1.178780477494001389e-02
4.305284237489104271e-04
4.777078051120042801e-03
2.287860773503780365e-02
2.346925064921379089e-02
8.161502890288829803e-03
4.506339877843856812e-02
3.108796477317810059e-02
-5.245403386652469635e-03
-4.445675294846296310e-03
-2.086059562861919403e-02
2.287347801029682159e-02
1.422479748725891113e-02
1.394704682752490044e-03
4.584770277142524719e-02
4.754773154854774475e-02
2.676514908671379089e-02
-2.183653786778450012e-02
1.426185015588998795e-03
1.547789853066205978e-02
-2.838589437305927277e-02
-1.417094375938177109e-02
-8.642634376883506775e-03
-2.607080526649951935e-02
-3.304443508386611938e-02
-1.458587683737277985e-02
-1.798124983906745911e-02
-7.241153158247470856e-03
-3.999926149845123291e-03
-3.220087289810180664e-02
4.394812043756246567e-03
2.488212287425994873e-02
-1.323244161903858185e-02
3.739850595593452454e-02
4.151101782917976379e-02
1.163383852690458298e-02
1.435566693544387817e-02
-1.275392714887857437e-02
1.541062723845243454e-02
1.445856527425348759e-03
8.941964246332645416e-03
-4.346444737166166306e-03
9.791479445993900299e-03
-6.351283751428127289e-03
-2.527786791324615479e-02
9.822563268244266510e-03
1.365287043154239655e-02
-1.853322261013090611e-03
1.679233834147453308e-02
7.044437341392040253e-03
1.177987176924943924e-02
1.301299221813678741e-02
-4.193954169750213623e-03
-6.173592992126941681e-03
-2.831014432013034821e-02
-2.213010750710964203e-02
-4.727078601717948914e-03
-1.547117717564105988e-02
-1.244263723492622375e-02
6.994089577347040176e-03
6.729923770762979984e-04
3.005173755809664726e-03
-2.572088316082954407e-02
6.442856043577194214e-03
2.049313858151435852e-02
-4.226373881101608276e-02
7.222898770123720169e-03
3.583700582385063171e-02
-3.127267956733703613e-02
2.262638695538043976e-02
4.237822070717811584e-02
-1.767399348318576813e-02
-2.955466322600841522e-02
-3.375972062349319458e-02
-5.924309138208627701e-03
-1.250932458788156509e-02
-1.659818924963474274e-02
-1.233025826513767242e-02
-1.593795977532863617e-02
-3.441435098648071289e-02
1.089381240308284760e-02
1.577899977564811707e-02
-1.844106614589691162e-02
-6.112885195761919022e-03
-8.717701770365238190e-03
-2.637160010635852814e-02
-5.934317596256732941e-03
-1.852915622293949127e-02
-1.094643026590347290e-02
-8.714335970580577850e-03
-2.185656130313873291e-02
-6.804200820624828339e-03
2.077962737530469894e-03
-3.310568258166313171e-02
-4.440573975443840027e-02
3.337557613849639893e-02
-4.186367616057395935e-03
-5.600454751402139664e-03
1.847269199788570404e-02
1.982670463621616364e-02
1.129589136689901352e-02
5.028550047427415848e-03
2.880759537220001221e-03
6.102269515395164490e-03
-1.616840064525604248e-02
-4.000363126397132874e-02
-2.073948830366134644e-02
-1.010716427117586136e-02
-2.528379485011100769e-02
-8.745289407670497894e-03
-1.653550192713737488e-02
-7.334519643336534500e-03
1.274937763810157776e-02
1.001131534576416016e-02
2.096662111580371857e-02
2.666424214839935303e-02
-1.665255986154079437e-02
6.316515151411294937e-03
1.337629463523626328e-02
-1.378308236598968506e-02
4.925398901104927063e-02
8.376120775938034058e-02
-2.187685109674930573e-02
6.333553791046142578e-02
7.894616574048995972e-02
-1.477936562150716782e-02
-7.487779948860406876e-03
-9.438485838472843170e-03
3.924847114831209183e-03
-9.075804613530635834e-03
-1.419789995998144150e-02
1.394983497448265553e-03
3.100218949839472771e-03
8.471337147057056427e-03
-1.690880209207534790e-02
-1.166990958154201508e-02
-1.164957415312528610e-02
-2.059053257107734680e-02
1.021575741469860077e-02
1.370694767683744431e-02
2.155959839001297951e-03
1.346799544990062714e-02
5.046886950731277466e-02
3.616237640380859375e-02
3.240784630179405212e-02
1.484734471887350082e-02
3.964585065841674805e-02
3.475040197372436523e-02
1.978960260748863220e-02
2.973189763724803925e-02
3.841802105307579041e-02
1.627105288207530975e-02
-3.336906665936112404e-03
1.189944986253976822e-02
-1.064867060631513596e-02
1.637777686119079590e-02
-6.858741398900747299e-03
-2.156689390540122986e-02
-1.648743636906147003e-04
5.524054635316133499e-03
-3.373758494853973389e-02
1.224473863840103149e-02
9.325096034444868565e-04
-1.178428065031766891e-02
2.292871288955211639e-02
1.401661057025194168e-02
1.325691398233175278e-02
-5.777974147349596024e-03
1.601495966315269470e-02
3.572613373398780823e-02
-4.074396938085556030e-02
-1.418924331665039062e-02
2.129570953547954559e-02
-5.430527403950691223e-02
-2.484006993472576141e-02
1.063279155641794205e-02
-3.255361318588256836e-02
-2.921452932059764862e-02
-2.834326028823852539e-02
7.057698909193277359e-03
9.716358967125415802e-03
-2.724372223019599915e-02
3.380294656381011009e-03
-9.545710781821981072e-05
-1.698855496942996979e-02
1.131029054522514343e-02
-1.309887971729040146e-02
-4.304823651909828186e-02
-1.553011219948530197e-02
-1.077028806321322918e-03
2.709741145372390747e-02
-2.943091467022895813e-02
1.548506598919630051e-02
1.078925468027591705e-02
-1.566031575202941895e-02
1.756050996482372284e-02
1.982919406145811081e-03
-4.063922166824340820e-02
-2.574133314192295074e-02
9.061844903044402599e-04
-1.681620441377162933e-02
-1.325947325676679611e-02
1.578561845235526562e-03
-1.555147580802440643e-02
-1.195240486413240433e-02
-4.856054205447435379e-03
6.234463769942522049e-03
-3.749185474589467049e-03
1.830998924560844898e-03
-3.857108997181057930e-03
-2.910346956923604012e-03
7.798341102898120880e-03
-1.488707493990659714e-02
-3.530714288353919983e-02
-2.628191374242305756e-02
-6.508334726095199585e-02
-5.705752596259117126e-02
-1.737985201179981232e-02
-8.079685270786285400e-02
-8.336494863033294678e-02
-4.143882542848587036e-02
-5.631462112069129944e-02
-6.227357685565948486e-02
-1.394641585648059845e-02
-1.377962995320558548e-03
-3.081946074962615967e-02
-4.881208389997482300e-02
2.843283815309405327e-03
-1.253198273479938507e-02
-2.349891141057014465e-02
2.897558175027370453e-02
1.068222988396883011e-02
-1.026849914342164993e-02
4.131071269512176514e-02
3.470732644200325012e-02
-1.725268957670778036e-04
3.066053800284862518e-02
3.379267454147338867e-02
2.310117520391941071e-02
3.095798753201961517e-02
1.888165250420570374e-02
1.492844521999359131e-02
-1.309431437402963638e-02
-3.440311923623085022e-02
2.671322319656610489e-03
-1.351905800402164459e-02
-2.977620810270309448e-02
-6.912910379469394684e-03
-5.390518810600042343e-03
-2.277403883635997772e-02
6.673683412373065948e-03
-3.873108699917793274e-02
-5.402973666787147522e-02
-3.941346704959869385e-02
-1.664286106824874878e-02
-4.535344615578651428e-02
-4.462602362036705017e-02
-1.679216325283050537e-02
-1.276675984263420105e-02
-1.773947617039084435e-03
-1.464995555579662323e-03
-1.202031224966049194e-02
-2.905208058655261993e-02
-2.362591773271560669e-02
-2.014263346791267395e-02
-2.509599737823009491e-02
-8.394480682909488678e-03
-1.954879425466060638e-02
4.483653698116540909e-03
5.162282846868038177e-03
-7.543385028839111328e-03
-3.510754182934761047e-02
-1.338006928563117981e-02
-2.568039484322071075e-02
-3.542379289865493774e-02
8.513795211911201477e-03
-3.836036426946520805e-03
-1.654058136045932770e-02
1.409835088998079300e-02
-5.712631158530712128e-03
-1.101540494710206985e-02
4.731788299977779388e-03
-8.812817744910717010e-03
-1.451407838612794876e-02
3.604993922635912895e-03
1.294389273971319199e-02
9.689568541944026947e-03
2.667151950299739838e-02
9.316748939454555511e-03
-1.623458415269851685e-02
3.797624632716178894e-02
2.789501100778579712e-02
-2.928365208208560944e-02
2.701163105666637421e-02
3.918115794658660889e-02
-3.862201794981956482e-02
2.001648099394515157e-04
-1.663761585950851440e-02
-2.373612299561500549e-02
2.028105955105274916e-04
3.763427725061774254e-03
-2.378625050187110901e-02
1.852630078792572021e-02
1.246130093932151794e-02
3.885769518092274666e-03
3.142801811918616295e-03
-3.106043674051761627e-03
-1.855732686817646027e-02
-1.803001388907432556e-02
1.531796809285879135e-02
3.459497354924678802e-03
-2.272305078804492950e-02
6.842367816716432571e-03
2.399954572319984436e-02
-1.980938389897346497e-02
-2.688501402735710144e-02
-3.536171838641166687e-02
-2.619737386703491211e-02
-2.178494632244110107e-02
1.099612656980752945e-02
3.866169974207878113e-02
5.812177062034606934e-02
7.639695703983306885e-02
-2.802002243697643280e-02
3.654251573607325554e-03
1.684142393060028553e-03
-3.420462831854820251e-02
-2.459137514233589172e-02
-3.396225348114967346e-02
-7.259002886712551117e-03
-2.909830957651138306e-02
-2.803444303572177887e-02
2.468727156519889832e-02
3.938618674874305725e-02
3.845353377982974052e-03
2.258473634719848633e-02
1.271126884967088699e-02
-2.281267754733562469e-02
-8.141107857227325439e-03
-1.157947257161140442e-02
-4.395058378577232361e-02
-4.120792075991630554e-02
-1.005331613123416901e-02
1.816472224891185760e-02
-3.932040184736251831e-02
-1.439876295626163483e-02
-2.061609923839569092e-02
-1.259709522128105164e-02
-2.863660221919417381e-03
-6.567358504980802536e-03
-2.533664181828498840e-02
2.012896584346890450e-03
4.847806412726640701e-03
1.599442563019692898e-03
2.892008423805236816e-02
3.093641623854637146e-02
-6.192741420818492770e-05
1.911997608840465546e-02
5.431374907493591309e-02
-2.411480247974395752e-02
-1.624639891088008881e-02
-7.674793247133493423e-03
-5.047441273927688599e-02
3.127483942080289125e-04
-2.857368090189993382e-04
-2.495420537889003754e-02
-9.995421394705772400e-03
-1.631087809801101685e-02
7.841564714908599854e-03
-5.437566433101892471e-04
6.056279875338077545e-03
-3.418524982407689095e-03
6.382621824741363525e-03
-2.558867260813713074e-02
-1.487748697400093079e-02
9.297031909227371216e-03
-1.251295395195484161e-02
-3.188462182879447937e-02
-1.800114661455154419e-02
2.104852534830570221e-02
-4.704987630248069763e-02
-2.281429246068000793e-02
2.988989930599927902e-03
-3.097930690273642540e-03
-1.567062363028526306e-02
7.476909551769495010e-03
1.127548865042626858e-03
1.125583704560995102e-02
-1.060812268406152725e-02
2.421034872531890869e-02
2.322467789053916931e-02
3.801150619983673096e-02
3.429855406284332275e-02
3.701263666152954102e-02
4.651652276515960693e-02
4.124186933040618896e-02
3.890774026513099670e-02
1.573170721530914307e-02
5.065934732556343079e-02
4.722234234213829041e-02
1.630202634260058403e-03
2.256414480507373810e-02
1.434116717427968979e-02
-6.562546361237764359e-03
1.526779867708683014e-02
3.177723288536071777e-02
3.026487247552722692e-04
4.040806740522384644e-02
3.687305748462677002e-02
-2.120379358530044556e-02
3.053112328052520752e-02
2.071649208664894104e-02
-1.961701735854148865e-02
7.786226458847522736e-03
2.083665691316127777e-02
1.935770921409130096e-02
9.307500906288623810e-03
-9.881648235023021698e-03
-1.070437487214803696e-02
-1.199882011860609055e-02
-3.599106147885322571e-02
-4.595587495714426041e-03
-1.341526047326624393e-03
-5.363611504435539246e-02
-6.071032211184501648e-02
-1.042212266474962234e-02
-3.232137113809585571e-02
-2.652706392109394073e-02
2.319192886352539062e-02
1.570587046444416046e-02
2.096059359610080719e-02
3.079019859433174133e-02
6.090309843420982361e-02
2.511885203421115875e-02
3.274644538760185242e-02
4.171130061149597168e-02
1.897890493273735046e-02
3.093556128442287445e-02
1.140495203435420990e-02
-4.877106100320816040e-02
4.678089916706085205e-02
5.508827790617942810e-02
5.585138499736785889e-02
2.893606945872306824e-02
2.423517405986785889e-02
8.017211221158504486e-03
3.657159581780433655e-02
2.744458615779876709e-02
-1.720822788774967194e-02
-7.818600861355662346e-04
-1.389324851334095001e-02
-4.194030538201332092e-03
-1.052789948880672455e-02
-3.224123269319534302e-02
-3.882634267210960388e-02
-1.652302220463752747e-02
-1.314336992800235748e-02
-3.215995430946350098e-02
-1.243904605507850647e-02
-1.135421823710203171e-02
-1.252677850425243378e-02
-1.973324827849864960e-02
-1.695221289992332458e-02
4.292562603950500488e-03
4.873479716479778290e-03
2.241627499461174011e-02
5.394783616065979004e-02
-1.490872167050838470e-02
-2.854043990373611450e-02
-3.302145749330520630e-02
-2.829527109861373901e-02
-1.686723344027996063e-02
-1.483667641878128052e-02
-6.661286577582359314e-03
-5.407686345279216766e-03
1.302056014537811279e-02
-1.752073131501674652e-02
-3.122454881668090820e-02
-4.289877787232398987e-02
-3.224888816475868225e-02
-3.323667123913764954e-02
-5.773298442363739014e-02
-1.920886524021625519e-02
-3.614187240600585938e-02
-2.174644358456134796e-02
-8.973920717835426331e-03
-9.391311556100845337e-03
6.722175981849431992e-03
-8.730215951800346375e-03
-5.363597068935632706e-03
1.458807196468114853e-02
-1.593932695686817169e-02
-1.295340899378061295e-02
-8.900262415409088135e-03
3.162651136517524719e-02
3.575425967574119568e-02
3.145604208111763000e-02
1.094587892293930054e-02
9.021886624395847321e-03
-5.088567268103361130e-03
3.229520469903945923e-02
-9.180095978081226349e-03
-2.299315109848976135e-02
-1.128176320344209671e-02
-2.288237772881984711e-02
-4.991896823048591614e-02
-1.913288794457912445e-02
-3.653026372194290161e-02
-3.432226926088333130e-02
1.923669129610061646e-02
-8.244458585977554321e-03
-3.369267284870147705e-02
-1.597422361373901367e-02
-1.730267144739627838e-02
-7.122086361050605774e-03
2.028041146695613861e-02
2.161414735019207001e-02
-3.329233452677726746e-02
1.137959957122802734e-02
2.239743620157241821e-02
-1.530249975621700287e-02
-7.546624168753623962e-03
1.032656803727149963e-02
3.177719190716743469e-04
1.775024645030498505e-02
2.521981857717037201e-02
-2.473975764587521553e-03
5.894727259874343872e-02
1.693245023488998413e-02
-1.540889311581850052e-02
2.929896861314773560e-02
-1.214326918125152588e-02
-3.869337588548660278e-02
-5.127576645463705063e-03
-3.207935392856597900e-02
-5.460853129625320435e-02
-1.479109097272157669e-02
-4.393930546939373016e-03
-3.565976768732070923e-02
9.609215892851352692e-03
2.333632670342922211e-02
5.555120296776294708e-03
1.107526849955320358e-02
-6.386001594364643097e-03
-1.157383061945438385e-02
-5.055431742221117020e-03
-1.600068621337413788e-02
-3.460462763905525208e-02
1.799811259843409061e-03
1.358959823846817017e-02
-3.924711141735315323e-03
3.942304104566574097e-02
-4.360435530543327332e-03
-3.131898865103721619e-02
5.278438702225685120e-02
1.756044477224349976e-02
-1.462294138036668301e-03
-2.914834767580032349e-02
3.793969051912426949e-03
3.466247394680976868e-02
-8.413556031882762909e-03
1.347388140857219696e-02
5.819024145603179932e-02
6.898184865713119507e-02
6.870557367801666260e-02
2.527653984725475311e-02
-2.173872664570808411e-02
-1.907956972718238831e-02
-2.272693067789077759e-02
4.913223441690206528e-03
-2.383768558502197266e-02
-1.282435934990644455e-02
3.048983961343765259e-02
-1.176761649549007416e-02
-1.201459206640720367e-02
1.264751050621271133e-02
4.852359369397163391e-02
1.884677447378635406e-02
-3.688043798319995403e-04
2.605594508349895477e-02
1.986530795693397522e-02
-2.913823816925287247e-03
2.618477493524551392e-02
7.438995409756898880e-03
-1.495639421045780182e-02
-2.992328070104122162e-02
-3.551986068487167358e-02
-3.356830775737762451e-02
-5.923219025135040283e-02
-5.768058821558952332e-02
-3.658099845051765442e-02
-5.227822810411453247e-02
-5.670036748051643372e-02
3.319070674479007721e-03
2.375470241531729698e-03
3.703521564602851868e-03
-1.459615677595138550e-02
-1.585020124912261963e-02
2.505972981452941895e-03
6.856416817754507065e-03
-5.281529156491160393e-04
1.273805624805390835e-03
2.719473093748092651e-02
2.174394577741622925e-02
3.458210080862045288e-02
2.748543210327625275e-02
4.986966960132122040e-03
3.952683508396148682e-02
1.007114443928003311e-02
1.398330088704824448e-02
1.605523563921451569e-02
-1.228256523609161377e-02
-1.220355089753866196e-02
9.789154864847660065e-03
4.953777883201837540e-03
1.284409034997224808e-02
4.053037241101264954e-02
4.659804329276084900e-02
5.130751058459281921e-02
5.455480143427848816e-02
-2.898536808788776398e-02
-3.312145546078681946e-02
-3.245374187827110291e-02
-5.250388011336326599e-02
-6.045681610703468323e-02
-5.666232854127883911e-02
-5.668254196643829346e-02
-6.255611032247543335e-02
-2.017202042043209076e-02
-1.793104782700538635e-02
-1.317665097303688526e-03
-1.010498497635126114e-02
-4.698119591921567917e-03
-9.573060087859630585e-03
-1.466355845332145691e-02
-1.502533326856791973e-03
7.255669333972036839e-05
-1.150915957987308502e-02
-1.955085061490535736e-02
7.956151850521564484e-03
3.487705485895276070e-03
-3.054767660796642303e-02
-5.691574886441230774e-02
-4.736925289034843445e-02
-4.866130650043487549e-02
-2.840889245271682739e-02
-3.543612733483314514e-02
-1.338704954832792282e-02
1.266751624643802643e-02
4.433426260948181152e-02
1.620064955204725266e-03
6.257425993680953979e-03
-5.905738100409507751e-03
-4.664511070586740971e-04
1.554196979850530624e-02
-1.941037550568580627e-02
-3.645139187574386597e-02
-3.490077331662178040e-02
-1.127883233129978180e-02
-4.856600612401962280e-02
-5.247880145907402039e-02
-3.810252621769905090e-02
-4.281197860836982727e-02
-8.112827688455581665e-02
-1.840912178158760071e-02
-9.480870328843593597e-03
-2.852356620132923126e-02
-1.780430786311626434e-02
6.514111999422311783e-03
-1.174533739686012268e-02
-1.522202789783477783e-02
2.774053625762462616e-02
2.407094463706016541e-02
5.279646720737218857e-03
3.221823135390877724e-03
1.193921780213713646e-03
-7.916937582194805145e-03
3.072950290516018867e-03
-4.234043881297111511e-03
-1.621966715902090073e-03
1.854974776506423950e-02
9.488899260759353638e-03
8.731062524020671844e-03
-2.439587377011775970e-02
-7.567591499537229538e-03
-1.955511607229709625e-02
-1.922752335667610168e-02
-3.231412917375564575e-02
-4.071818292140960693e-02
-4.228965565562248230e-02
-5.651138350367546082e-02
-5.527134239673614502e-02
5.333893001079559326e-03
1.387940719723701477e-02
-4.353611730039119720e-03
8.367348462343215942e-03
-3.566588275134563446e-03
-3.862443193793296814e-02
-2.495274506509304047e-02
-9.025559760630130768e-03
-2.067729271948337555e-02
2.241668989881873131e-03
2.339055528864264488e-03
1.109751174226403236e-03
2.558241039514541626e-02
4.055991303175687790e-03
-1.132529415190219879e-02
1.195762585848569870e-02
-1.931683719158172607e-02
-1.540533080697059631e-02
-1.648465730249881744e-02
-1.039776206016540527e-02
1.863970980048179626e-02
-4.836940392851829529e-02
-2.539445832371711731e-02
9.663516655564308167e-03
-6.403511017560958862e-02
-2.819175459444522858e-02
-6.134182331152260303e-04
-5.308333318680524826e-03
6.325358990579843521e-03
2.878826297819614410e-02
7.358394097536802292e-03
2.381654083728790283e-02
-8.365027606487274170e-03
1.533559523522853851e-02
1.887599192559719086e-02
1.067589595913887024e-02
3.151663765311241150e-02
2.468539029359817505e-02
2.602135576307773590e-02
2.350633777678012848e-02
1.709968037903308868e-02
-4.969612229615449905e-03
-5.483074346557259560e-04
-1.403514016419649124e-02
-3.232616558670997620e-02
2.165652345865964890e-03
2.715884521603584290e-02
-1.867278106510639191e-02
-1.852598600089550018e-02
-6.059986189939081669e-04
-3.439919278025627136e-02
-3.583132056519389153e-03
-8.979436941444873810e-03
7.490159478038549423e-03
5.568391084671020508e-02
4.707933962345123291e-02
-7.531442097388207912e-04
1.050891913473606110e-02
1.287741865962743759e-02
9.227987378835678101e-03
-1.721281930804252625e-02
8.613052195869386196e-04
-1.371567789465188980e-02
-2.721651084721088409e-02
-5.166010558605194092e-02
-2.930251695215702057e-02
-5.870834365487098694e-02
-6.200982630252838135e-02
-2.418588660657405853e-02
-5.456558987498283386e-02
-6.147283315658569336e-02
-1.709595508873462677e-02
1.603387109935283661e-02
2.292018197476863861e-02
5.143816117197275162e-03
1.848937943577766418e-02
1.160277798771858215e-02
1.999977231025695801e-02
8.872838690876960754e-03
3.482254967093467712e-02
1.090268511325120926e-02
-1.202637236565351486e-02
-1.398785691708326340e-02
-8.466382510960102081e-03
-3.734397888183593750e-02
-2.090144436806440353e-03
-4.441536031663417816e-03
-5.078322812914848328e-02
-5.313662067055702209e-02
-3.968166187405586243e-02
3.198164701461791992e-02
5.582393705844879150e-02
1.448787096887826920e-02
4.072651267051696777e-02
3.622859343886375427e-02
1.657182164490222931e-02
1.979392953217029572e-02
1.792391017079353333e-02
-2.743733674287796021e-02
7.626369129866361618e-03
1.034047454595565796e-02
-9.461255744099617004e-03
-2.573009580373764038e-02
-9.284633211791515350e-03
-3.242319449782371521e-02
-3.040843829512596130e-02
-3.069856762886047363e-02
-2.889845706522464752e-02
-1.480414438992738724e-02
-4.127139970660209656e-02
-3.554384410381317139e-02
-4.412798210978507996e-02
-4.354195669293403625e-02
-2.497268281877040863e-02
-2.586200647056102753e-02
-4.031055793166160583e-02
-1.654750813031569123e-04
1.303256303071975708e-02
2.985624410212039948e-02
-9.343056939542293549e-03
3.351781517267227173e-02
2.918205969035625458e-02
2.664747275412082672e-02
2.581336721777915955e-02
3.258643299341201782e-02
2.276578918099403381e-02
4.440420493483543396e-02
1.982801780104637146e-02
-2.894461341202259064e-02
2.065119147300720215e-02
-4.318422172218561172e-03
-3.216565027832984924e-02
-7.748863659799098969e-03
-3.543413057923316956e-02
-2.297659404575824738e-02
-1.528494339436292648e-02
-2.019237726926803589e-02
-3.215818852186203003e-02
-2.023656293749809265e-02
-3.842092677950859070e-02
-3.534255176782608032e-02
-2.340159006416797638e-02
-3.772774711251258850e-02
-5.166549235582351685e-02
5.728620104491710663e-03
1.221224293112754822e-02
2.209646627306938171e-02
4.100500419735908508e-02
2.113834768533706665e-02
8.062937013164628297e-06
3.502707928419113159e-02
7.173685356974601746e-03
-1.234303414821624756e-02
1.678841933608055115e-02
1.367545966058969498e-02
1.997209899127483368e-02
4.132449626922607422e-02
4.792905226349830627e-02
3.526444733142852783e-02
1.153917331248521805e-02
7.348367478698492050e-03
1.167834736406803131e-02
1.086796354502439499e-02
-9.624915197491645813e-03
-1.721431687474250793e-02
-2.188393659889698029e-02
-2.452084049582481384e-02
-3.615206107497215271e-02
-1.729919947683811188e-02
-3.395830094814300537e-02
-3.880898281931877136e-02
9.278841316699981689e-03
5.385672673583030701e-03
-1.069976761937141418e-02
-1.270347740501165390e-02
-3.002038598060607910e-02
-3.292202204465866089e-02
-1.605231501162052155e-02
-1.699348911643028259e-02
-2.981825917959213257e-02
1.889305748045444489e-02
7.667350582778453827e-03
1.078372355550527573e-02
2.963899634778499603e-03
1.047118287533521652e-02
-1.025545131415128708e-02
-2.344085648655891418e-02
-5.809921026229858398e-02
-5.513016134500503540e-02
-1.123661734163761139e-02
-3.404178097844123840e-02
-3.945294395089149475e-02
-3.369555249810218811e-02
-4.976121708750724792e-02
-6.788086891174316406e-02
-3.076458908617496490e-02
-4.597776383161544800e-02
-4.554115235805511475e-02
-1.969319768249988556e-02
-4.135220497846603394e-02
-3.322950005531311035e-02
-3.265986964106559753e-02
-1.918651163578033447e-02
-2.785261720418930054e-02
-1.577722840011119843e-02
-4.072625935077667236e-02
-2.910464070737361908e-02
-1.480169687420129776e-02
7.305701728910207748e-03
9.595796465873718262e-03
-4.700667224824428558e-03
7.035381160676479340e-03
2.691282890737056732e-02
6.355445832014083862e-03
1.889559440314769745e-02
3.470486775040626526e-02
-1.905870810151100159e-02
-2.287257649004459381e-02
-1.782478019595146179e-02
-3.630504757165908813e-02
-1.966008730232715607e-02
-1.225934457033872604e-02
-2.714450471103191376e-02
-1.844147779047489166e-02
-8.122948929667472839e-03
2.860905835404992104e-03
-1.479250472038984299e-02
-2.604582533240318298e-02
-2.395082265138626099e-02
-1.664824597537517548e-02
-1.800392195582389832e-02
9.674737229943275452e-03
-4.512212472036480904e-04
6.674439180642366409e-03
-1.120755169540643692e-02
-1.677804999053478241e-02
1.565740630030632019e-02
-1.744275726377964020e-02
-1.008599344640970230e-02
-1.629104837775230408e-02
-3.554458171129226685e-02
-1.597243733704090118e-02
-1.143245678395032883e-02
-4.889628849923610687e-03
-3.304948285222053528e-02
-3.956811502575874329e-02
-5.073849111795425415e-02
-8.318809419870376587e-02
-7.416371256113052368e-02
-3.284304216504096985e-02
-6.721955537796020508e-02
-5.667094513773918152e-02
4.418409080244600773e-04
-5.341212265193462372e-03
4.964513354934751987e-04
9.882614016532897949e-03
6.477911025285720825e-03
2.026710659265518188e-02
2.384650520980358124e-02
2.355937100946903229e-02
2.687822654843330383e-02
8.529634214937686920e-03
6.292837206274271011e-03
1.112830173224210739e-02
1.325620524585247040e-02
2.386476099491119385e-02
2.907081972807645798e-03
2.976115420460700989e-02
1.691138744354248047e-02
-2.058987738564610481e-03
1.398858614265918732e-02
3.374769911170005798e-02
-1.878424314782023430e-03
7.940199226140975952e-03
2.664886973798274994e-02
1.920199953019618988e-02
2.444555051624774933e-02
3.446719422936439514e-02
1.280026044696569443e-02
-2.057293197140097618e-03
3.029467910528182983e-02
4.581511020660400391e-02
-1.508174696937203407e-03
3.173866122961044312e-02
3.463326394557952881e-02
1.432702504098415375e-02
1.967699080705642700e-02
2.997208572924137115e-02
1.599938794970512390e-02
-3.470623493194580078e-02
-3.612814471125602722e-02
-5.942136514931917191e-03
-5.524334684014320374e-02
-6.603120267391204834e-02
-4.304111935198307037e-03
-4.627935215830802917e-02
-5.239380523562431335e-02
-1.770023070275783539e-02
8.078959770500659943e-03
1.790212467312812805e-02
-3.516125306487083435e-02
-1.728367432951927185e-02
1.260109245777130127e-02
-1.781143993139266968e-02
-1.242222357541322708e-02
2.082676626741886139e-02
1.018370036035776138e-02
-1.032617315649986267e-02
-4.132303409278392792e-03
-1.572633720934391022e-02
-2.534024789929389954e-02
-4.178678151220083237e-03
-2.376577258110046387e-02
-2.540208026766777039e-02
-2.301234379410743713e-02
-8.956379257142543793e-03
9.547291323542594910e-03
2.464984357357025146e-02
-1.672622375190258026e-02
1.232542563229799271e-02
5.198768805712461472e-03
7.053605280816555023e-03
2.166123501956462860e-02
1.786002330482006073e-02
-3.133336454629898071e-02
-3.481483459472656250e-02
-2.986070699989795685e-02
-4.136788100004196167e-02
-7.622105628252029419e-02
-4.512276500463485718e-02
-1.428227219730615616e-02
-2.401413954794406891e-02
-3.692118078470230103e-02
1.699494943022727966e-02
7.153755053877830505e-03
-8.179267868399620056e-03
-9.437690488994121552e-03
-4.744601435959339142e-03
-1.656558923423290253e-02
-7.385702803730964661e-03
-2.489492530003190041e-03
3.555675735697150230e-03
1.121443416923284531e-02
2.751490101218223572e-03
-7.295594550669193268e-03
6.767617072910070419e-03
-9.474908001720905304e-03
-1.963099837303161621e-02
1.835627853870391846e-02
4.715276882052421570e-03
-8.920499123632907867e-03
7.649911567568778992e-03
-2.536275656893849373e-03
-1.093018334358930588e-02
1.885985722765326500e-03
-9.255602024495601654e-03
1.879737945273518562e-03
1.311072427779436111e-02
1.467136200517416000e-02
1.470569055527448654e-02
-2.951850742101669312e-02
-2.571582794189453125e-02
-8.386022527702152729e-04
-7.378736510872840881e-03
-1.007501129060983658e-02
-1.166648697108030319e-03
2.335391938686370850e-02
7.929456187412142754e-04
2.230519242584705353e-02
2.166332490742206573e-02
2.656600251793861389e-02
-4.355995450168848038e-03
8.643823675811290741e-03
2.907212637364864349e-02
1.032259501516819000e-02
-7.318471558392047882e-03
1.632763259112834930e-02
-3.977825399488210678e-03
-9.566967375576496124e-03
-1.580671034753322601e-02
-2.795801311731338501e-02
-4.129890818148851395e-03
-1.208962686359882355e-02
-2.529686689376831055e-02
-2.249174751341342926e-02
-1.641211286187171936e-02
-2.381582558155059814e-02
-2.561253122985363007e-02
-3.023063205182552338e-02
-1.007058098912239075e-02
-3.093437664210796356e-02
-4.655905812978744507e-02
-4.091447591781616211e-02
-7.953479886054992676e-03
-2.696118690073490143e-02
-4.367948044091463089e-03
2.029850147664546967e-03
2.739717997610569000e-02
5.176584050059318542e-02
3.158387914299964905e-02
4.409265145659446716e-02
4.595600441098213196e-02
-1.219339575618505478e-02
3.914556000381708145e-03
8.119821548461914062e-03
-3.071977756917476654e-02
-2.375073917210102081e-02
-1.011683605611324310e-02
-1.758330874145030975e-02
-2.084558270871639252e-02
-7.196392863988876343e-03
1.413877494633197784e-02
2.349699661135673523e-02
1.592630892992019653e-02
3.421878069639205933e-02
3.617031127214431763e-02
-2.677979180589318275e-03
-6.585877854377031326e-03
9.487872011959552765e-03
-1.270823087543249130e-02
-2.411077916622161865e-02
1.674948725849390030e-03
-1.636208593845367432e-02
1.337826997041702271e-02
5.428750813007354736e-02
3.147089853882789612e-02
4.051426053047180176e-02
7.082847505807876587e-02
5.426084250211715698e-02
4.350742697715759277e-02
5.830051749944686890e-02
5.758357793092727661e-02
6.790020968765020370e-03
-1.393265440128743649e-03
-1.987461559474468231e-02
2.468196488916873932e-02
1.248477865010499954e-02
-1.337733212858438492e-02
4.613884910941123962e-02
3.040998615324497223e-02
-4.006570205092430115e-03
4.168630391359329224e-02
2.739394083619117737e-02
3.348031640052795410e-02
2.462713606655597687e-02
5.099476780742406845e-03
-5.460640531964600086e-04
1.967237144708633423e-02
2.263829857110977173e-02
2.246775105595588684e-02
2.679843828082084656e-02
2.932981401681900024e-02
1.452827174216508865e-02
2.657580561935901642e-02
1.477679517120122910e-02
-5.662536714226007462e-03
1.771132834255695343e-02
3.682666644454002380e-02
2.015879843384027481e-03
-1.185270957648754120e-02
-3.896256536245346069e-02
-2.427882701158523560e-02
-5.098392069339752197e-02
-1.625221595168113708e-02
-1.237643882632255554e-02
-4.930383712053298950e-02
-2.245393395423889160e-02
9.416990913450717926e-03
-5.099327489733695984e-02
-1.790870539844036102e-02
3.099751845002174377e-02
-2.840305119752883911e-02
-5.691256839781999588e-03
3.228671103715896606e-02
1.126904692500829697e-02
1.671299152076244354e-02
2.320687659084796906e-02
8.910139091312885284e-03
-1.409655250608921051e-02
-2.944137156009674072e-02
-1.972427964210510254e-02
-1.976097002625465393e-02
-3.029673174023628235e-02
-1.049362705089151859e-03
1.862685196101665497e-02
-1.227795612066984177e-02
-5.501423776149749756e-02
-3.294087946414947510e-02
3.968519624322652817e-03
1.862581470049917698e-03
1.466577779501676559e-02
3.832561150193214417e-02
2.768600545823574066e-02
5.550870299339294434e-02
4.379285126924514771e-02
-2.920186147093772888e-03
-1.994318515062332153e-02
-2.757722884416580200e-02
-2.637060824781656265e-03
-8.355184458196163177e-03
-1.175462175160646439e-02
-2.833750331774353981e-03
8.720657206140458584e-04
-6.708409171551465988e-03
-4.105179384350776672e-02
-1.351621467620134354e-02
1.974873244762420654e-02
-1.144471764564514160e-02
-4.290129523724317551e-03
1.371505111455917358e-02
2.371145226061344147e-02
8.008290082216262817e-03
1.922260411083698273e-02
1.800164021551609039e-02
6.972077302634716034e-03
-2.994680590927600861e-02
2.156024798750877380e-02
-1.835172064602375031e-02
-3.563117608428001404e-02
1.074956171214580536e-02
-4.047738760709762573e-02
-3.292310237884521484e-02
-2.494237385690212250e-02
-2.596520259976387024e-02
2.083455212414264679e-02
-1.583227515220642090e-02
-6.712638773024082184e-03
4.411009699106216431e-02
2.883808687329292297e-02
4.535885900259017944e-02
3.321418166160583496e-02
2.345839887857437134e-02
1.092862337827682495e-03
-3.365447628311812878e-04
2.224000403657555580e-03
-2.733961737249046564e-04
-9.182014619000256062e-04
1.757222041487693787e-02
1.028821617364883423e-02
1.878365688025951385e-02
-7.973328232765197754e-03
-4.787619784474372864e-02
1.911556231789290905e-03
5.997899919748306274e-03
5.434050108306109905e-04
-1.115601230412721634e-02
3.167542070150375366e-02
9.987493045628070831e-03
-8.890375494956970215e-03
-9.928410872817039490e-03
-2.992435917258262634e-02
-2.663031034171581268e-02
-1.532922778278589249e-02
-1.953184418380260468e-02
-7.544998545199632645e-03
1.851708162575960159e-03
9.404555894434452057e-03
3.375699976459145546e-03
-1.826169714331626892e-02
1.537422370165586472e-02
9.114590287208557129e-02
3.340217098593711853e-02
6.099902093410491943e-02
7.090504467487335205e-02
7.369561493396759033e-02
7.204727083444595337e-02
-2.536061033606529236e-02
2.901406213641166687e-02
1.611429452896118164e-02
-6.611346453428268433e-02
2.187979966402053833e-02
-3.742493689060211182e-02
-6.170359626412391663e-02
-1.344878599047660828e-02
-3.400923684239387512e-02
-5.984904989600181580e-02
-3.110632998868823051e-03
1.531833410263061523e-02
2.750879153609275818e-02
2.357352059334516525e-03
2.107458934187889099e-02
2.869109064340591431e-02
4.454402253031730652e-02
1.022075954824686050e-02
4.087030829396098852e-04
-1.107170153409242630e-02
-4.116970300674438477e-02
-3.946038335561752319e-02
1.207415712997317314e-03
-1.470102556049823761e-02
-9.939980693161487579e-03
1.899340562522411346e-02
9.387394413352012634e-03
2.802214818075299263e-03
-7.845761254429817200e-03
7.878231815993785858e-03
-3.403917653486132622e-04
1.342900469899177551e-02
-1.705718040466308594e-02
-2.546836249530315399e-02
5.488774739205837250e-03
-5.907299928367137909e-03
-3.442041948437690735e-02
-1.780806668102741241e-02
1.104814931750297546e-02
9.951325133442878723e-03
-1.041236799210309982e-02
6.363255437463521957e-03
1.013159751892089844e-02
-1.747311651706695557e-02
1.763133704662322998e-02
1.356677338480949402e-02
3.127699717879295349e-02
3.783176839351654053e-02
1.974019035696983337e-02
4.192090034484863281e-02
3.703382238745689392e-02
-8.133783005177974701e-03
6.046114861965179443e-02
2.874049730598926544e-02
-1.390020456165075302e-02
-2.497826702892780304e-02
5.322291981428861618e-03
3.288867697119712830e-02
-2.733466215431690216e-02
-9.024421684443950653e-03
2.532109618186950684e-03
-2.681071124970912933e-02
-1.434173993766307831e-02
-9.434222243726253510e-03
-6.435285904444754124e-04
-1.386293396353721619e-02
-6.986604072153568268e-03
-3.908341284841299057e-03
-1.675784401595592499e-02
2.107599982991814613e-03
-2.462463825941085815e-02
9.083357639610767365e-03
-7.515833713114261627e-03
5.333809647709131241e-03
-1.584484428167343140e-02
-3.852028865367174149e-03
-4.097301140427589417e-02
-1.296103745698928833e-02
-1.159004960209131241e-02
9.572265669703483582e-03
2.012705430388450623e-02
6.782751530408859253e-03
3.152551129460334778e-02
2.609067223966121674e-02
-5.002722609788179398e-04
6.948065757751464844e-02
3.848878666758537292e-02
4.423952102661132812e-02
3.645054250955581665e-02
1.357516925781965256e-02
7.244995213113725185e-04
-4.147401079535484314e-02
-8.007894270122051239e-03
9.336694492958486080e-04
-3.788210451602935791e-02
1.375648565590381622e-02
1.690815947949886322e-02
7.088345475494861603e-03
2.652293816208839417e-02
-1.588848978281021118e-02
2.519516041502356529e-03
-1.686026342213153839e-02
-2.839067205786705017e-02
-9.370838291943073273e-03
-9.108055382966995239e-03
-6.816712673753499985e-03
-1.577925123274326324e-02
-2.272442914545536041e-02
-1.209279149770736694e-02
4.734581708908081055e-02
5.504978448152542114e-02
-2.559251524507999420e-02
8.035381138324737549e-02
7.940726727247238159e-02
-8.714728802442550659e-02
7.975093275308609009e-02
2.086383104324340820e-02
-9.729988127946853638e-02
2.566073089838027954e-02
1.754448749125003815e-02
-1.204646565020084381e-02
1.129959151148796082e-02
-9.577257558703422546e-03
-2.791187167167663574e-02
5.147379823029041290e-03
-2.750402316451072693e-02
-3.434581682085990906e-02
-3.464180231094360352e-02
-2.872498519718647003e-02
1.859359070658683777e-02
-2.027177996933460236e-02
8.045328781008720398e-03
2.787692705169320107e-03
3.516453504562377930e-02
3.334854543209075928e-02
5.164625123143196106e-03
9.826050139963626862e-03
4.796191304922103882e-02
-2.333967201411724091e-02
1.925438083708286285e-02
3.477940708398818970e-02
1.485225278884172440e-03
-1.320564281195402145e-02
1.465833839029073715e-02
1.779140345752239227e-02
-2.272993884980678558e-02
-8.002060465514659882e-03
-3.530491515994071960e-02
8.661827305331826210e-04
3.768470510840415955e-02
-1.884098537266254425e-02
2.859487943351268768e-02
2.278076298534870148e-02
-1.348601095378398895e-02
1.559524243930354714e-04
2.470752457156777382e-03
-2.911799773573875427e-02
-1.074092369526624680e-02
5.520944017916917801e-03
-5.837168078869581223e-03
-1.510902587324380875e-02
-1.250504702329635620e-02
-1.043631602078676224e-02
-2.211226895451545715e-02
-8.561654947698116302e-03
-8.763629943132400513e-03
1.248379889875650406e-02
-1.478946418501436710e-03
1.856316230259835720e-03
1.217513438314199448e-02
-1.004402525722980499e-02
1.471271971240639687e-03
-1.841077767312526703e-02
-3.014959953725337982e-02
-2.741450816392898560e-02
-4.539909586310386658e-02
-3.675033152103424072e-02
-1.728105545043945312e-02
1.405408419668674469e-02
8.202266879379749298e-03
2.462600357830524445e-02
1.599317789077758789e-02
-5.842655082233250141e-04
6.272367201745510101e-03
2.994564548134803772e-02
1.416436396539211273e-02
1.717997156083583832e-02
1.897007413208484650e-02
3.127311542630195618e-02
6.681268569082021713e-04
8.694279938936233521e-03
1.338012283667922020e-03
-2.393926866352558136e-02
1.513148192316293716e-02
-1.101472589652985334e-04
-1.493566948920488358e-02
4.795004613697528839e-03
-5.747473798692226410e-03
-1.567058078944683075e-02
2.089914632961153984e-03
-1.410045567899942398e-02
-2.159027196466922760e-02
1.567999948747456074e-03
1.964111439883708954e-02
-8.453142829239368439e-03
2.400350198149681091e-02
2.711703442037105560e-02
3.644958138465881348e-02
-3.590426594018936157e-02
-3.610261529684066772e-02
1.458770968019962311e-02
-1.161336898803710938e-02
-9.417122229933738708e-03
1.293617952615022659e-02
1.546046230942010880e-02
3.740450367331504822e-02
3.498656675219535828e-02
-1.067004282958805561e-03
1.706562563776969910e-02
-4.593550693243741989e-03
-1.818874292075634003e-02
-2.747902087867259979e-02
-2.226176299154758453e-02
-1.745847985148429871e-02
-3.813949227333068848e-02
-3.465135022997856140e-02
-1.744652632623910904e-03
5.371348466724157333e-03
1.377105526626110077e-02
-1.700064726173877716e-02
-2.297780156368389726e-04
9.358678013086318970e-03
-4.789762664586305618e-03
3.665171330794692039e-03
1.546719484031200409e-02
1.971178315579891205e-02
1.129108574241399765e-02
2.142233215272426605e-02
1.727330125868320465e-02
-1.914263266371563077e-04
1.967950491234660149e-03
-1.070651039481163025e-02
-2.570559829473495483e-02
-1.885651261545717716e-03
-3.259046748280525208e-02
-3.693692758679389954e-02
-2.350213937461376190e-02
-4.580554738640785217e-02
-3.476141765713691711e-02
5.844733212143182755e-03
-1.852109655737876892e-02
-1.573192514479160309e-02
1.757666096091270447e-02
-2.506140992045402527e-02
-6.686398293823003769e-03
-1.353125181049108505e-02
3.446677234023809433e-03
-8.539907634258270264e-03
-4.663974046707153320e-03
-1.302210614085197449e-02
-3.333980217576026917e-02
-2.349897474050521851e-02
-2.678612247109413147e-03
2.252450585365295410e-02
1.873330958187580109e-02
-1.326959580183029175e-02
1.358226500451564789e-02
2.148044854402542114e-02
7.087226840667426586e-04
1.788473501801490784e-02
1.586131751537322998e-02
1.497821230441331863e-02
2.622790634632110596e-02
3.579214587807655334e-02
5.481339525431394577e-03
2.419275464490056038e-03
6.233251653611660004e-03
2.292789868079125881e-04
-5.000693257898092270e-03
-7.985882111825048923e-04
3.596502542495727539e-02
6.636892911046743393e-03
-1.633471064269542694e-02
2.145933685824275017e-04
1.055196509696543217e-03
-1.608089916408061981e-02
-4.413432441651821136e-03
-2.537395432591438293e-02
-2.106727287173271179e-02
1.583475433290004730e-02
3.256051242351531982e-02
1.416923291981220245e-02
5.139030888676643372e-02
2.995833009481430054e-02
1.776897162199020386e-02
1.930215582251548767e-02
2.757198736071586609e-02
4.730143118649721146e-03
-3.948468714952468872e-02
-5.165218934416770935e-02
2.805973403155803680e-03
-4.116477817296981812e-02
-4.275847971439361572e-02
1.027844659984111786e-02
-3.005018085241317749e-02
-3.345818817615509033e-02
-1.413031597621738911e-03
5.733656510710716248e-02
5.945917218923568726e-02
4.380270466208457947e-02
1.982047967612743378e-02
3.861251845955848694e-02
6.449452787637710571e-02
-5.885094776749610901e-02
-4.018247872591018677e-02
5.870284512639045715e-04
1.597028784453868866e-02
2.463613450527191162e-02
-1.920395903289318085e-02
5.081939697265625000e-02
5.403544753789901733e-02
-8.175089955329895020e-03
6.839997321367263794e-02
5.448059737682342529e-02
1.760488143190741539e-03
6.326017901301383972e-03
3.249192843213677406e-03
-1.416795887053012848e-02
3.062627743929624557e-03
-4.501051269471645355e-03
5.810187198221683502e-03
-7.655038643861189485e-05
-4.703376442193984985e-02
-2.176627144217491150e-02
-2.296364121139049530e-02
-3.138047084212303162e-02
-2.460204623639583588e-02
-3.439650312066078186e-02
-4.489152133464813232e-02
-5.336537584662437439e-02
-1.411477383226156235e-02
-4.600068554282188416e-02
-5.354310944676399231e-02
-6.993575021624565125e-03
-7.770330179482698441e-03
4.328979924321174622e-02
1.550728920847177505e-02
3.627915680408477783e-02
6.342867761850357056e-02
1.933105173520743847e-03
4.313231259584426880e-02
5.335489660501480103e-02
-1.931062154471874237e-02
-4.180044308304786682e-02
-1.696450263261795044e-02
-3.517367318272590637e-02
-1.385399233549833298e-02
-1.457679830491542816e-02
-1.747517660260200500e-02
3.717340587172657251e-04
1.064720842987298965e-02
-3.051116690039634705e-02
-3.071649558842182159e-02
-1.377496402710676193e-02
-3.152300417423248291e-02
-3.272661194205284119e-02
-4.294864833354949951e-02
-1.885922625660896301e-02
-3.546973317861557007e-02
-3.443627431988716125e-02
1.925644814036786556e-03
-1.141593419015407562e-02
-2.006696350872516632e-02
-2.309599891304969788e-02
-4.131228849291801453e-02
-3.027573600411415100e-02
-5.473072826862335205e-02
-3.496001660823822021e-02
-1.056358311325311661e-02
-9.733094833791255951e-03
-2.544432878494262695e-02
-2.856018953025341034e-02
-1.508822478353977203e-02
-4.096079617738723755e-02
-3.019896894693374634e-02
8.948148228228092194e-03
-1.357327960431575775e-02
-2.544079348444938660e-02
-4.229785501956939697e-02
-6.056474521756172180e-02
-3.089435026049613953e-02
-3.949974849820137024e-02
-3.422137722373008728e-02
-4.086657613515853882e-02
-5.147886462509632111e-03
-3.856630530208349228e-03
-1.590833440423011780e-02
-5.144170019775629044e-03
-2.241996675729751587e-02
-4.820199683308601379e-02
-4.392883740365505219e-03
-2.089918218553066254e-02
-2.970726415514945984e-02
1.505407411605119705e-02
-2.437309734523296356e-02
-3.214749693870544434e-02
1.644564606249332428e-02
2.473723143339157104e-02
1.633120141923427582e-02
1.990667171776294708e-02
1.501186192035675049e-02
-1.058563776314258575e-02
2.378810755908489227e-02
5.047093145549297333e-03
-4.305533692240715027e-02
-1.054781861603260040e-02
3.697226056829094887e-03
-7.168692070990800858e-03
-2.741201221942901611e-02
-1.790221780538558960e-02
-3.049675934016704559e-02
-9.582072496414184570e-03
-7.995663210749626160e-03
-7.359030190855264664e-03
2.822189219295978546e-02
3.528813272714614868e-02
1.745502278208732605e-02
1.288216840475797653e-02
2.071697264909744263e-02
7.478684652596712112e-03
-1.544820982962846756e-02
-2.097513526678085327e-02
-2.906049229204654694e-02
-3.020242089405655861e-03
7.483748253434896469e-03
-2.398408018052577972e-03
-2.596316672861576080e-02
-3.968029841780662537e-02
-3.522168844938278198e-02
-3.433414548635482788e-02
-5.533704161643981934e-02
-5.896284058690071106e-02
3.330834582448005676e-02
2.202179282903671265e-02
2.877302281558513641e-02
1.500918064266443253e-02
2.587119117379188538e-03
2.977621927857398987e-02
1.519630011171102524e-02
2.651719376444816589e-02
1.299169659614562988e-02
3.180447500199079514e-03
4.282727837562561035e-02
2.432485669851303101e-02
2.430628426373004913e-02
3.167201951146125793e-02
2.287734672427177429e-02
3.843060880899429321e-02
1.182050723582506180e-02
-2.125099301338195801e-02
-3.541341051459312439e-02
-4.833422228693962097e-02
-3.411347419023513794e-02
-2.062286809086799622e-02
-3.150845319032669067e-02
-3.213175758719444275e-02
-6.689401809126138687e-03
-1.974630169570446014e-02
-1.027117297053337097e-02
1.594715192914009094e-02
4.116130061447620392e-03
3.931347280740737915e-03
-1.188792195171117783e-02
1.973605947569012642e-03
1.139794941991567612e-02
2.796120941638946533e-02
1.216591056436300278e-02
3.225567564368247986e-02
-1.977218687534332275e-02
-3.030745312571525574e-03
1.668614335358142853e-02
-1.576702110469341278e-02
-2.714718319475650787e-02
-1.934279315173625946e-02
9.103353135287761688e-03
-1.840710639953613281e-02
-3.588784486055374146e-02
2.819074876606464386e-02
3.276833519339561462e-02
6.588719319552183151e-03
2.265113778412342072e-02
2.339350990951061249e-03
2.640077471733093262e-02
5.732480203732848167e-04
1.002166885882616043e-02
-1.504016481339931488e-02
-2.502787671983242035e-02
-3.538517653942108154e-02
-1.835964806377887726e-02
-3.078230842947959900e-02
-5.109503120183944702e-02
-3.042227402329444885e-02
-1.371611282229423523e-02
-3.135868534445762634e-02
-1.944410614669322968e-03
2.246245555579662323e-02
3.579738363623619080e-02
-8.758661337196826935e-03
1.438010390847921371e-02
1.370987738482654095e-03
-2.694600075483322144e-02
-3.164172172546386719e-02
-2.578869275748729706e-02
-4.678734391927719116e-02
4.660857468843460083e-02
6.589753925800323486e-02
4.449760168790817261e-02
5.959308147430419922e-02
7.518433779478073120e-02
6.472857296466827393e-02
6.340988725423812866e-02
6.691843271255493164e-02
4.474146664142608643e-02
-4.046173766255378723e-02
-9.359996765851974487e-03
-7.900864817202091217e-03
-3.662295266985893250e-02
-2.982920221984386444e-02
-7.654910441488027573e-03
-2.004936710000038147e-02
-6.531100720167160034e-02
-4.549202322959899902e-02
4.816492088139057159e-03
-5.840797442942857742e-03
2.459652721881866455e-02
1.419377047568559647e-03
-7.994312793016433716e-03
5.597322247922420502e-03
2.133114077150821686e-02
1.577547565102577209e-02
3.544835140928626060e-03
-4.358340799808502197e-02
-3.375870734453201294e-02
-2.371445856988430023e-02
-5.502369627356529236e-02
-5.781554058194160461e-02
-3.162544220685958862e-02
-3.273463621735572815e-02
-2.214666828513145447e-02
-9.721956215798854828e-03
1.564280129969120026e-03
2.235630294308066368e-03
9.348496794700622559e-03
2.403080835938453674e-02
2.505960129201412201e-02
-1.170157920569181442e-02
3.615417703986167908e-02
4.932162910699844360e-02
1.774623803794384003e-02
1.897979713976383209e-02
2.394670620560646057e-02
3.203794732689857483e-02
3.506293520331382751e-02
2.930209971964359283e-02
6.043099239468574524e-02
2.467678114771842957e-02
4.326314479112625122e-02
3.721205517649650574e-02
-3.760007396340370178e-02
-2.429853193461894989e-02
-3.853637725114822388e-02
-6.292922794818878174e-02
-4.710367694497108459e-02
-4.153103381395339966e-02
-8.255262859165668488e-03
-7.374319247901439667e-03
-2.952723205089569092e-02
-1.239470089785754681e-03
2.327395789325237274e-02
7.876684889197349548e-03
9.468525648117065430e-03
4.936614073812961578e-03
1.098027732223272324e-02
1.075894664973020554e-02
1.659273356199264526e-02
-2.928980812430381775e-02
-2.246324904263019562e-03
-5.099196359515190125e-02
-4.609755054116249084e-02
-3.526008501648902893e-02
-4.805945605039596558e-02
-7.793495804071426392e-02
-4.344002902507781982e-02
-6.048756837844848633e-02
-7.081468403339385986e-02
-7.451770827174186707e-03
-3.161797299981117249e-02
-1.972638070583343506e-02
2.105800434947013855e-02
-1.048842817544937134e-02
-1.990878768265247345e-02
4.118441417813301086e-02
1.716805994510650635e-02
1.840162836015224457e-02
-2.502417936921119690e-02
-1.482726540416479111e-02
-1.353260944597423077e-03
-3.164763376116752625e-02
-3.081993572413921356e-02
-1.139220595359802246e-02
-2.292385138571262360e-02
2.370818145573139191e-02
4.809002205729484558e-02
-2.292017824947834015e-02
-3.923594579100608826e-02
-5.087399855256080627e-02
-6.310106068849563599e-02
-4.050729796290397644e-02
-5.428022146224975586e-02
-1.795640960335731506e-02
-2.086943946778774261e-02
-2.779626101255416870e-02
-1.959632709622383118e-02
4.683891311287879944e-03
6.923589389771223068e-03
8.475830778479576111e-03
-2.048563444986939430e-03
-2.754547260701656342e-02
1.839619874954223633e-02
3.777192672714591026e-03
-2.148924395442008972e-02
2.647901885211467743e-02
9.132681414484977722e-03
1.203897409141063690e-02
-2.189489454030990601e-02
-3.073273785412311554e-02
-3.974431753158569336e-02
-2.021691389381885529e-02
-4.959517717361450195e-02
-3.707446530461311340e-02
1.950878277420997620e-02
2.692946046590805054e-02
2.298246696591377258e-02
4.069604352116584778e-02
6.278523802757263184e-02
4.247633740305900574e-02
3.057133965194225311e-02
5.431104823946952820e-02
2.010485716164112091e-02
-1.285421475768089294e-02
-5.868942942470312119e-03
8.378698490560054779e-03
-1.578307896852493286e-02
-2.659178152680397034e-02
-7.601812481880187988e-03
2.237555384635925293e-02
3.252428397536277771e-02
2.406542561948299408e-02
-1.236943434923887253e-02
7.580636302009224892e-04
-2.766076661646366119e-02
1.661481708288192749e-02
-2.155727474018931389e-03
-2.402288094162940979e-02
2.536128833889961243e-02
2.723311260342597961e-02
2.780935168266296387e-02
2.545833820477128029e-03
3.669838607311248779e-02
2.767866291105747223e-02
7.595598697662353516e-03
1.810473389923572540e-02
5.529899522662162781e-02
7.151212543249130249e-03
4.268436878919601440e-02
1.865352678578346968e-04
-1.185446325689554214e-02
-8.887849748134613037e-03
-2.741980738937854767e-02
1.498041395097970963e-02
3.755812300369143486e-03
-1.144032180309295654e-02
1.404684595763683319e-02
1.251062843948602676e-02
-2.892078831791877747e-03
-3.837582096457481384e-02
-3.557728603482246399e-02
-1.032795384526252747e-02
-5.420148000121116638e-02
-1.962504908442497253e-02
5.530195776373147964e-04
-1.150614302605390549e-02
1.705268025398254395e-02
1.355240214616060257e-02
-1.805540546774864197e-02
-2.296758349984884262e-03
3.874495998024940491e-02
-2.430450730025768280e-02
-1.350114215165376663e-02
2.453522197902202606e-02
6.325981579720973969e-03
3.042642725631594658e-03
3.125331550836563110e-02
1.451781298965215683e-02
4.293693229556083679e-02
1.664916612207889557e-02
1.776476763188838959e-02
6.186087429523468018e-02
5.292689427733421326e-02
4.519212525337934494e-03
5.630312487483024597e-02
4.169768095016479492e-02
1.624178327620029449e-02
2.421645261347293854e-02
-7.322423625737428665e-03
2.435604855418205261e-02
2.562141604721546173e-02
8.799304254353046417e-03
3.973549976944923401e-02
6.070870906114578247e-02
2.607742883265018463e-02
-4.689757153391838074e-02
-2.335411868989467621e-02
-1.417727861553430557e-02
-5.060682445764541626e-02
-6.557440757751464844e-02
-2.568702027201652527e-02
-6.093676760792732239e-02
-6.311290711164474487e-02
-4.388613626360893250e-02
-4.370802640914916992e-02
-4.904708266258239746e-02
-2.118706470355391502e-03
-5.246518924832344055e-02
-4.777634888887405396e-02
-1.227265689522027969e-02
-3.972045332193374634e-02
7.492291741073131561e-03
-1.623221673071384430e-02
1.103540882468223572e-02
1.723328605294227600e-02
3.572957590222358704e-02
-8.268728852272033691e-03
3.987499047070741653e-03
2.113537117838859558e-02
1.531924819573760033e-03
-1.112767681479454041e-02
2.929797582328319550e-02
1.255270093679428101e-03
-1.375284232199192047e-02
4.914514720439910889e-03
-4.389749839901924133e-03
-2.921845763921737671e-02
-4.389573633670806885e-02
2.274959906935691833e-02
-1.650556572712957859e-03
-3.774340823292732239e-02
-1.898524165153503418e-02
-1.157758664339780807e-02
-4.610774107277393341e-03
-2.324601076543331146e-02
-3.908040001988410950e-03
-7.998533546924591064e-03
-7.777192164212465286e-03
6.470253225415945053e-03
3.956472501158714294e-03
-5.539115518331527710e-02
-6.847771257162094116e-02
-4.092569649219512939e-02
-7.098250091075897217e-02
-7.437671720981597900e-02
-7.636271417140960693e-02
-7.821837067604064941e-02
-7.764808088541030884e-02
-7.687061280012130737e-02
3.752149641513824463e-02
4.867526516318321228e-02
1.303605921566486359e-02
2.263313718140125275e-02
2.647425234317779541e-02
2.753310836851596832e-02
6.035121623426675797e-03
9.053715504705905914e-03
-1.653165672905743122e-03
-1.099305786192417145e-02
2.412536181509494781e-03
8.959542959928512573e-03
-7.810903247445821762e-03
-2.775612054392695427e-03
-1.243332400918006897e-02
6.080036051571369171e-03
9.479251690208911896e-03
7.155111990869045258e-03
-1.101811602711677551e-02
-3.751681372523307800e-02
-1.996427029371261597e-02
-3.795390948653221130e-02
-5.739666521549224854e-02
-4.174722731113433838e-02
-3.444706276059150696e-02
-4.482879489660263062e-02
-2.505371114239096642e-03
-3.797331452369689941e-02
-3.053637221455574036e-02
-3.228828310966491699e-02
-2.012637257575988770e-02
-8.213323540985584259e-03
-9.938141331076622009e-03
1.239738427102565765e-02
3.248714143410325050e-03
-2.043233439326286316e-02
-1.007242407649755478e-02
6.755084730684757233e-03
1.071145851165056229e-02
-1.753981225192546844e-03
2.245463058352470398e-02
9.492655284702777863e-03
-4.922553780488669872e-04
7.907314226031303406e-03
-5.199049599468708038e-03
-4.011157434433698654e-03
-1.548278843984007835e-03
-6.551595404744148254e-03
6.859091576188802719e-03
5.096275359392166138e-03
-1.861103996634483337e-02
-2.028078772127628326e-02
-3.339082468301057816e-03
-2.787454426288604736e-02
4.413633141666650772e-03
-1.057109702378511429e-02
-2.340946346521377563e-02
-1.068504340946674347e-02
-4.176260158419609070e-02
-3.785075619816780090e-02
-4.186733812093734741e-02
-6.587225943803787231e-02
-5.269248038530349731e-02
2.355627529323101044e-02
-7.070961873978376389e-03
-1.862107962369918823e-02
2.957056649029254913e-02
-1.276081311516463757e-03
-8.673410047776997089e-04
1.904167421162128448e-02
8.977220393717288971e-03
1.239364314824342728e-02
-1.011961139738559723e-03
3.439230099320411682e-02
1.449332945048809052e-02
1.944810710847377777e-02
1.902161166071891785e-02
1.467441674321889877e-02
5.682914983481168747e-03
-4.358203732408583164e-04
-1.492146309465169907e-02
2.586977742612361908e-02
4.278618097305297852e-02
1.436767634004354477e-02
1.180252991616725922e-02
1.532439514994621277e-02
-1.138245593756437302e-02
-3.389806672930717468e-02
-4.322964698076248169e-02
-3.556094691157341003e-02
1.995920017361640930e-02
2.734383195638656616e-02
1.580210961401462555e-02
6.943808402866125107e-03
4.512400552630424500e-02
4.467796534299850464e-02
-6.741161458194255829e-03
5.939011462032794952e-03
1.311977300792932510e-02
-4.298410844057798386e-03
-1.340638194233179092e-02
-3.065746277570724487e-02
2.421760931611061096e-02
2.138482034206390381e-02
1.533232571091502905e-04
3.720428422093391418e-02
4.202314838767051697e-02
1.896599307656288147e-02
-2.546478807926177979e-02
-3.932121396064758301e-02
-2.218155935406684875e-02
-1.189336180686950684e-02
-1.507323049008846283e-02
8.267953060567378998e-03
7.663820404559373856e-03
-2.515630796551704407e-02
-2.289807889610528946e-03
6.818654946982860565e-03
-4.961492866277694702e-02
-5.392735451459884644e-02
9.972635656595230103e-03
-3.251573070883750916e-02
-3.581976518034934998e-02
5.455796048045158386e-02
3.278493136167526245e-02
3.073664195835590363e-02
1.640639267861843109e-02
1.249417080543935299e-03
-1.044524926692247391e-02
3.363804426044225693e-03
7.614655885845422745e-03
6.621651846216991544e-05
1.138162147253751755e-02
1.721870340406894684e-02
5.280417390167713165e-03
1.401693793013691902e-03
5.825132247991859913e-04
7.469743024557828903e-03
-1.838580518960952759e-02
1.036471873521804810e-02
1.071741525083780289e-02
-5.465705879032611847e-03
-9.409242309629917145e-03
4.713023547083139420e-03
1.686429046094417572e-02
-1.848273724317550659e-02
-2.226611413061618805e-02
-3.826039901468902826e-04
3.125040093436837196e-04
-2.034037752309814095e-04
-1.256314339116215706e-03
-3.491280833259224892e-03
3.457533894106745720e-03
-1.296836510300636292e-02
-3.195010125637054443e-02
-3.048622980713844299e-02
-8.609951578364416491e-07
-1.194357057102024555e-03
1.036518369801342487e-03
-1.066257897764444351e-02
-1.337419264018535614e-03
1.216942723840475082e-02
4.897516965866088867e-02
3.997504711151123047e-02
3.861779719591140747e-02
1.747586764395236969e-02
2.266500703990459442e-02
8.914491161704063416e-03
-3.388451039791107178e-02
-5.234827101230621338e-02
-3.377877548336982727e-02
-3.353653475642204285e-02
1.592387817800045013e-02
2.091009169816970825e-02
-1.997052133083343506e-02
8.828585967421531677e-03
-8.712491951882839203e-03
-2.927323104813694954e-03
-1.661036629229784012e-03
-2.210638299584388733e-02
-1.253173314034938812e-02
9.875508025288581848e-03
2.837798371911048889e-02
2.313276194036006927e-02
1.566363871097564697e-02
3.284326195716857910e-02
4.008460417389869690e-02
3.456184640526771545e-02
5.934629961848258972e-02
-2.126555517315864563e-02
1.157095888629555702e-03
2.841810928657650948e-03
1.317543350160121918e-02
1.891768164932727814e-02
2.662702836096286774e-02
-1.014729216694831848e-02
-1.036691851913928986e-02
4.701217170804738998e-03
-2.272936282679438591e-03
-1.931414380669593811e-02
-7.558689918369054794e-03
-4.220581147819757462e-03
6.915619596838951111e-04
3.336485940963029861e-03
-4.393169656395912170e-03
4.025801608804613352e-04
3.640776500105857849e-02
-5.143824964761734009e-03
-1.385905500501394272e-02
-8.136841468513011932e-03
-1.722941175103187561e-02
-2.315857447683811188e-02
-2.716228738427162170e-02
-2.898018062114715576e-02
-3.404314070940017700e-02
-3.477424755692481995e-02
-1.243983628228306770e-03
-6.252678576856851578e-03
-4.864229355007410049e-03
5.435290932655334473e-02
-1.222754246555268764e-03
7.034764159470796585e-03
5.916937068104743958e-02
1.138890441507101059e-02
1.537189236842095852e-03
-1.186923217028379440e-02
-4.005820956081151962e-03
-1.610417105257511139e-02
5.500028841197490692e-03
2.666627988219261169e-02
3.270328417420387268e-02
1.504155993461608887e-02
5.482219159603118896e-02
4.668817669153213501e-02
2.195633761584758759e-02
1.305076293647289276e-02
-1.833150163292884827e-03
-1.027520839124917984e-02
-2.053227461874485016e-02
-2.006820216774940491e-02
-1.948140002787113190e-02
-2.224883250892162323e-02
-1.135808881372213364e-02
-2.483795955777168274e-02
-2.730366773903369904e-02
-1.097720395773649216e-02
3.322429489344358444e-03
-5.418872926384210587e-03
1.534596458077430725e-02
5.525353364646434784e-03
2.447208156809210777e-03
-4.124714178033173084e-04
-8.595510385930538177e-03
-4.354489222168922424e-02
-2.415853738784790039e-02
-1.195139344781637192e-02
-2.693300507962703705e-02
-7.019484415650367737e-03
1.889750175178050995e-02
1.722658425569534302e-02
2.272767014801502228e-02
-9.252741932868957520e-03
2.427980303764343262e-03
1.765520311892032623e-02
-1.124263647943735123e-02
6.593120750039815903e-03
2.390943234786391258e-03
-1.336031127721071243e-02
-1.426328532397747040e-02
-2.657246310263872147e-03
-1.654719188809394836e-02
-4.429719876497983932e-03
-2.943469025194644928e-02
4.313362296670675278e-03
3.510573180392384529e-03
2.500700578093528748e-02
2.111088298261165619e-02
4.407051205635070801e-02
5.215122550725936890e-02
-4.575147107243537903e-02
-4.804902151226997375e-02
-1.264622434973716736e-02
-1.435212418437004089e-02
-2.364937402307987213e-02
-9.072023443877696991e-03
2.183655463159084320e-02
4.696370102465152740e-03
-5.136273335665464401e-03
-2.952558733522891998e-02
-3.911396116018295288e-02
-3.862529993057250977e-02
-1.456130016595125198e-02
-2.566326223313808441e-02
-4.403377696871757507e-02
-2.531731734052300453e-03
-2.151771448552608490e-02
-2.326573804020881653e-02
-4.135677218437194824e-02
-5.757101625204086304e-02
-2.512162551283836365e-02
-4.504260793328285217e-02
-5.244491249322891235e-02
-3.913597017526626587e-02
2.887307666242122650e-02
3.796351607888936996e-03
3.672339662443846464e-04
5.983856320381164551e-02
7.056368142366409302e-02
5.133569613099098206e-02
3.521591797471046448e-02
4.019099846482276917e-02
5.736358463764190674e-02
4.007233306765556335e-03
4.304245859384536743e-02
1.745762117207050323e-02
-1.581014506518840790e-02
-1.775696175172924995e-03
-3.545210463926196098e-03
-3.002680139616131783e-03
-1.608286425471305847e-02
-7.020643912255764008e-03
1.366692036390304565e-02
1.450817682780325413e-03
2.569737099111080170e-02
8.292835205793380737e-03
-2.231892012059688568e-02
-3.531885519623756409e-02
1.302146445959806442e-02
-1.798894256353378296e-02
-1.597563549876213074e-02
1.381839625537395477e-02
2.523062564432621002e-02
-1.021848991513252258e-03
-4.504832904785871506e-03
-1.312443986535072327e-02
-1.595353335142135620e-02
4.007297102361917496e-03
2.059550955891609192e-02
-9.991932660341262817e-03
-1.133736514020711184e-04
4.202464967966079712e-02
4.120768606662750244e-02
-2.966638654470443726e-02
-3.893169388175010681e-02
-5.058130249381065369e-02
-6.996497977524995804e-03
-1.454913988709449768e-02
-3.027452155947685242e-02
4.425210505723953247e-02
2.921513468027114868e-02
2.011728473007678986e-02
-3.040104731917381287e-02
-2.420184016227722168e-02
-1.484576333314180374e-02
-4.368052817881107330e-03
8.199989679269492626e-04
3.415289148688316345e-02
-1.065614353865385056e-02
1.937977783381938934e-02
3.119569271802902222e-02
4.256378114223480225e-02
4.648408666253089905e-02
4.546700045466423035e-02
2.061863197013735771e-03
2.294537238776683807e-02
1.273952703922986984e-02
1.486838445998728275e-03
-5.883649922907352448e-03
8.667265996336936951e-03
1.691410131752490997e-02
1.257545128464698792e-02
-9.140117093920707703e-03
-3.009128198027610779e-02
-6.679269019514322281e-03
-2.275488898158073425e-02
-1.599417440593242645e-02
-1.367045193910598755e-02
-1.001352816820144653e-02
-5.272740032523870468e-03
-5.873911548405885696e-03
1.764365844428539276e-02
-3.638429334387183189e-03
-2.528910338878631592e-02
2.913245698437094688e-03
-1.355374790728092194e-02
4.182251170277595520e-03
2.870033681392669678e-02
-5.216290056705474854e-02
-6.543156504631042480e-02
-6.187133491039276123e-02
-5.005554482340812683e-02
-6.763964146375656128e-02
-7.516504079103469849e-02
-4.402481019496917725e-02
-4.946570470929145813e-02
-4.745525494217872620e-02
8.366681868210434914e-04
-3.406071104109287262e-03
-1.962772756814956665e-02
-3.042111173272132874e-02
-3.046731650829315186e-02
-1.773619838058948517e-02
-2.492622472345829010e-02
-1.341631729155778885e-02
-9.885676205158233643e-03
1.873288862407207489e-02
2.946493774652481079e-02
1.402578782290220261e-02
2.397570572793483734e-02
3.587845712900161743e-02
3.575985878705978394e-02
-2.790043829008936882e-03
-3.518835455179214478e-02
-2.850257977843284607e-02
9.597575291991233826e-03
-1.162699190899729729e-03
-7.552918978035449982e-03
-2.852376492228358984e-04
-1.135249529033899307e-02
-7.094918750226497650e-03
-4.459327901713550091e-04
-1.317461207509040833e-02
-2.296763099730014801e-02
-9.740304201841354370e-03
-2.739978022873401642e-02
-1.584929972887039185e-02
3.947176784276962280e-02
5.401709675788879395e-02
3.918778151273727417e-02
4.748259484767913818e-02
1.049897149205207825e-01
6.549011915922164917e-02
9.022883139550685883e-03
-2.089820429682731628e-02
-2.852818369865417480e-02
3.542144596576690674e-02
2.533604204654693604e-02
7.366229780018329620e-03
6.481783837080001831e-02
7.252356410026550293e-02
4.291340336203575134e-02
1.488152798265218735e-02
1.237125229090452194e-02
1.559766661375761032e-02
-7.093353196978569031e-03
3.224236890673637390e-03
1.625340082682669163e-03
-1.782073639333248138e-02
7.335436530411243439e-03
1.992242597043514252e-02
1.715777441859245300e-02
4.093240480870008469e-03
-6.882685702294111252e-03
-7.397412322461605072e-03
-2.752533182501792908e-04
4.832218692172318697e-04
-2.691377326846122742e-02
-1.032770145684480667e-02
-1.088505145162343979e-02
-2.359746582806110382e-02
-2.855432778596878052e-02
-2.942278608679771423e-02
-2.099041081964969635e-02
-2.840916439890861511e-02
-2.140504121780395508e-02
-1.696862280368804932e-02
-3.444028273224830627e-02
-3.426867770031094551e-03
-4.515205509960651398e-03
4.968436900526285172e-03
8.298489265143871307e-03
-2.402025833725929260e-02
-1.364052668213844299e-02
-2.183109521865844727e-02
-7.936262525618076324e-03
-2.608194015920162201e-02
-4.609861224889755249e-02
-1.903599873185157776e-02
-1.841140352189540863e-02
-7.063283119350671768e-03
-4.704971797764301300e-03
-1.566809602081775665e-03
9.068256244063377380e-03
-1.833778573200106621e-03
5.465307086706161499e-02
3.338553756475448608e-02
-2.105064131319522858e-02
-4.198352247476577759e-02
-3.539196029305458069e-02
7.528083398938179016e-03
-1.467733830213546753e-02
-3.465525060892105103e-02
2.704233629629015923e-03
5.584647879004478455e-03
-6.809826474636793137e-03
1.250458136200904846e-02
6.128700822591781616e-02
6.923042982816696167e-02
-7.005721796303987503e-03
1.592684350907802582e-02
2.400973625481128693e-02
-4.455393925309181213e-02
-4.952146112918853760e-02
-2.323005162179470062e-02
2.692199544981122017e-03
-1.267971564084291458e-02
-1.528571918606758118e-02
1.983621530234813690e-02
2.094190102070569992e-03
-2.048197668045759201e-03
2.150220610201358795e-02
3.378792479634284973e-02
2.198015153408050537e-02
6.140219047665596008e-03
-7.947656325995922089e-03
5.724655929952859879e-03
-2.467118203639984131e-02
-1.694285497069358826e-02
-2.342683449387550354e-02
-1.589005440473556519e-02
1.498207915574312210e-02
-1.311444956809282303e-02
-6.748349405825138092e-03
-2.525401860475540161e-02
-2.688001096248626709e-02
-5.419269669800996780e-03
-2.695910260081291199e-02
-3.229255974292755127e-02
1.900170743465423584e-02
-1.937328465282917023e-02
-3.610659856349229813e-03
-2.291197888553142548e-03
-2.138980105519294739e-02
-1.346336770802736282e-02
-7.850864902138710022e-03
-8.169114589691162109e-03
-1.678557135164737701e-02
-1.957195438444614410e-02
-1.696961373090744019e-02
2.505771629512310028e-02
5.949010327458381653e-02
6.170384120196104050e-03
-1.447661314159631729e-02
4.217637702822685242e-02
-2.275893930345773697e-03
-1.513361092656850815e-02
2.505429834127426147e-02
1.990720070898532867e-02
3.062311559915542603e-02
-1.214747503399848938e-02
9.276330471038818359e-03
1.016691233962774277e-02
3.817871958017349243e-02
4.490365833044052124e-02
6.507935374975204468e-02
4.102671891450881958e-02
7.837823033332824707e-02
9.012225270271301270e-02
1.978522352874279022e-02
5.606508348137140274e-03
4.632798954844474792e-03
2.744252560660243034e-03
2.453744783997535706e-02
5.049769580364227295e-02
-1.731695421040058136e-02
9.016623720526695251e-03
4.788440093398094177e-02
3.252284228801727295e-02
2.608410082757472992e-02
1.291273627430200577e-02
2.320212684571743011e-02
3.469711868092417717e-03
-1.142600830644369125e-02
-2.547238953411579132e-03
5.385608412325382233e-03
3.113835584372282028e-03
5.393541883677244186e-03
-9.915458969771862030e-03
-1.214746013283729553e-02
2.679289085790514946e-03
7.968968711793422699e-03
-1.300550252199172974e-02
1.128574088215827942e-02
1.088751247152686119e-03
-8.407087996602058411e-03
1.432617753744125366e-02
3.342147218063473701e-03
1.648720540106296539e-02
3.008007770404219627e-04
-1.257106848061084747e-02
-3.291567414999008179e-02
9.094671346247196198e-03
-2.002489753067493439e-02
-1.390064600855112076e-02
-1.377101056277751923e-03
1.751492847688496113e-03
2.030830271542072296e-02
-7.215131074190139771e-03
-1.303715398535132408e-03
1.039836648851633072e-02
-8.956391364336013794e-03
7.141814101487398148e-03
2.626311779022216797e-02
-2.006798237562179565e-02
1.981277717277407646e-03
1.998775824904441833e-02
-4.746183007955551147e-02
1.518958434462547302e-02
6.756024807691574097e-02
-9.953800588846206665e-03
4.005579277873039246e-02
8.279614150524139404e-02
-1.584059000015258789e-02
5.032096669310703874e-05
4.865944851189851761e-03
-3.115247562527656555e-02
-5.083793308585882187e-03
-4.752526525408029556e-03
-7.436308660544455051e-04
-1.842052675783634186e-02
-1.515659689903259277e-02
-2.986278571188449860e-02
-4.324787110090255737e-02
-2.937053330242633820e-02
-2.807817235589027405e-02
-3.303776308894157410e-02
-1.907517202198505402e-02
-1.286422740668058395e-02
-3.756229532882571220e-03
1.997277513146400452e-02
-2.853276673704385757e-03
1.928297989070415497e-02
3.104520402848720551e-02
-2.676962316036224365e-02
-1.509937550872564316e-02
1.279839780181646347e-02
-2.558150701224803925e-02
-1.144036557525396347e-02
1.082374341785907745e-02
-4.306585527956485748e-03
-6.354659330099821091e-03
3.324613207951188087e-03
-3.016011603176593781e-02
-2.584822475910186768e-03
-1.123310998082160950e-03
-3.573526814579963684e-02
-3.739193780347704887e-03
1.430883910506963730e-02
-1.461022440344095230e-02
-2.938979305326938629e-03
1.935491897165775299e-02
-1.755196973681449890e-02
-1.780212670564651489e-02
1.225021854043006897e-02
-6.301528774201869965e-03
-8.193112909793853760e-03
3.552873386070132256e-03
1.328983716666698456e-02
1.523347012698650360e-02
4.242319986224174500e-02
1.098678330890834332e-03
1.077314093708992004e-02
5.761615931987762451e-02
-2.882213331758975983e-02
2.964928373694419861e-02
5.740903317928314209e-02
1.127570495009422302e-02
2.224017307162284851e-02
3.405530515010468662e-05
7.667292084079235792e-05
1.547648105770349503e-02
4.098614677786827087e-02
-1.278417650610208511e-02
4.755257815122604370e-02
6.871669739484786987e-02
-2.413463965058326721e-02
-3.267244994640350342e-02
-1.246006879955530167e-02
-2.565025817602872849e-03
-8.417434059083461761e-03
-9.208869305439293385e-04
6.914998870342969894e-03
5.847963504493236542e-03
9.817618876695632935e-03
-1.075982209295034409e-02
1.971241785213351250e-03
2.690301276743412018e-02
-2.902258932590484619e-02
9.876032359898090363e-03
3.975150734186172485e-02
-1.893340726383030415e-03
2.041933685541152954e-02
1.940097101032733917e-02
2.141949662473052740e-04
-2.866739407181739807e-02
-6.013324111700057983e-02
1.249191258102655411e-02
-1.430376246571540833e-02
-4.906410723924636841e-02
9.359406540170311928e-04
-6.464173085987567902e-03
-1.041609793901443481e-02
-1.668256893754005432e-02
1.041716430336236954e-02
8.318475447595119476e-03
-3.521844744682312012e-02
1.089735329151153564e-02
1.286447886377573013e-02
-3.721791505813598633e-02
-8.608618751168251038e-03
1.437589712440967560e-02
-3.610971197485923767e-02
-1.589902862906455994e-02
-9.762881323695182800e-03
-1.184619404375553131e-02
-1.134372688829898834e-02
-2.336968109011650085e-02
2.882569283246994019e-02
2.003988251090049744e-02
-3.947024233639240265e-04
-5.783496890217065811e-03
-1.081626396626234055e-02
-5.173956975340843201e-03
-3.653400763869285583e-02
-1.866314001381397247e-02
-3.207774832844734192e-02
-4.938117414712905884e-02
-3.288656845688819885e-02
-6.683793384581804276e-03
-1.332838833332061768e-02
4.024985712021589279e-03
1.157208997756242752e-02
9.667258709669113159e-03
2.550341375172138214e-02
1.658228924497961998e-03
2.298889216035604477e-03
1.334392838180065155e-02
-1.500704791396856308e-02
1.199832744896411896e-02
9.361035190522670746e-03
4.148642066866159439e-03
1.143991132266819477e-03
-7.571733091026544571e-03
-1.989404484629631042e-02
-1.062087900936603546e-02
-2.825775183737277985e-02
-3.515522927045822144e-02
-1.889696903526782990e-02
1.950276317074894905e-03
4.929189011454582214e-02
-2.318952791392803192e-02
2.247452549636363983e-02
6.492349505424499512e-02
-8.390272036194801331e-03
6.446384824812412262e-03
2.136921137571334839e-02
-2.975666336715221405e-02
-1.016799081116914749e-02
-1.632748171687126160e-02
2.868655836209654808e-03
9.260294958949089050e-03
7.503987755626440048e-03
4.398946184664964676e-03
1.817224919795989990e-02
1.290492340922355652e-02
-4.229998588562011719e-02
-3.473391383886337280e-02
-1.679887436330318451e-02
-4.826623201370239258e-02
-3.736035153269767761e-02
-1.512327603995800018e-02
-4.386237356811761856e-03
-1.625468209385871887e-02
-4.096179082989692688e-02
-1.721549779176712036e-02
-2.980456454679369926e-03
2.147874608635902405e-02
-4.656735062599182129e-02
-2.672194316983222961e-02
3.017525002360343933e-02
-4.743132367730140686e-02
-4.384755343198776245e-02
1.292210165411233902e-02
-1.595810800790786743e-02
-7.437641266733407974e-03
-1.523637305945158005e-02
2.372417133301496506e-03
2.869350276887416840e-02
2.356857433915138245e-02
-5.527790635824203491e-03
1.640837825834751129e-02
3.205405920743942261e-02
-1.723044924437999725e-02
1.474471390247344971e-02
2.606665901839733124e-02
-2.589830942451953888e-02
-3.903350094333291054e-03
-1.319097355008125305e-03
-2.462054789066314697e-02
-2.333546802401542664e-02
-5.672420375049114227e-04
4.329754412174224854e-02
5.729293078184127808e-02
4.385273531079292297e-02
5.795604363083839417e-02
4.427262395620346069e-02
5.282613635063171387e-02
5.852995440363883972e-02
3.582460060715675354e-02
6.096342578530311584e-03
-6.349642295390367508e-03
-1.452273409813642502e-02
3.764877794310450554e-03
-4.480398260056972504e-03
-2.033493481576442719e-02
-1.903763040900230408e-03
-5.279031582176685333e-03
1.084526441991329193e-02
1.865683123469352722e-02
-3.445960953831672668e-02
-4.320106655359268188e-02
-5.885284394025802612e-02
-1.320449286140501499e-03
-1.925143599510192871e-02
-5.464588478207588196e-02
7.918145507574081421e-03
1.280260272324085236e-02
-7.639126386493444443e-03
-2.649052999913692474e-02
-1.364507619291543961e-02
-6.186014506965875626e-03
-1.317050587385892868e-02
-1.460915897041559219e-02
7.090259343385696411e-03
1.273524365387856960e-03
1.687727868556976318e-02
3.044440783560276031e-02
-1.988635165616869926e-03
-1.144681219011545181e-02
-2.548162080347537994e-02
8.725474588572978973e-03
-1.262917090207338333e-02
-4.051683098077774048e-02
3.076539188623428345e-02
-4.630555398762226105e-03
-2.991107292473316193e-03
2.215076796710491180e-02
-4.986755084246397018e-03
1.025896752253174782e-03
-7.120108231902122498e-03
-2.687793970108032227e-02
-9.422432631254196167e-03
-9.538969956338405609e-03
-3.456323593854904175e-02
-3.797329589724540710e-02
-3.694152459502220154e-03
-3.747734799981117249e-02
-3.866968676447868347e-02
-4.379840393085032701e-04
-2.113656513392925262e-02
-4.080557450652122498e-02
-2.382024005055427551e-02
-5.042746290564537048e-02
-3.824933618307113647e-02
-1.535760331898927689e-02
-3.110509738326072693e-02
-1.324361562728881836e-02
-5.574150383472442627e-02
-3.830433264374732971e-02
-3.113550320267677307e-02
-5.546198040246963501e-02
-4.693049564957618713e-02
-7.223092950880527496e-03
-3.338583186268806458e-02
-5.296395625919103622e-03
-1.327965129166841507e-02
-3.296093270182609558e-02
-1.824864558875560760e-02
3.100287867709994316e-03
-1.032222621142864227e-02
-1.775857992470264435e-02
-2.555777132511138916e-02
-4.972912836819887161e-03
-3.672089055180549622e-02
-1.929011009633541107e-02
1.413795165717601776e-02
-9.290209971368312836e-03
-1.182230655103921890e-02
2.052456699311733246e-02
2.387595735490322113e-02
1.398930791765451431e-02
-7.711140904575586319e-03
1.090763323009014130e-02
5.250794929452240467e-04
2.448750101029872894e-02
2.110126242041587830e-02
1.066050026565790176e-02
-3.847247362136840820e-02
-5.575999617576599121e-03
8.638042956590652466e-03
-5.742610618472099304e-02
-5.981134250760078430e-02
-3.820518031716346741e-02
-4.713723063468933105e-02
-3.830632939934730530e-02
-2.538108080625534058e-02
1.751603931188583374e-02
1.777431182563304901e-02
1.432706881314516068e-02
1.694025099277496338e-02
-5.022209510207176208e-02
-8.310545980930328369e-02
1.140174828469753265e-02
-4.926163703203201294e-02
-8.619702607393264771e-02
-3.576609864830970764e-02
-5.306810140609741211e-02
-6.790565699338912964e-02
-1.004417892545461655e-02
4.009578004479408264e-02
4.264810681343078613e-02
2.465032972395420074e-02
5.946551635861396790e-02
6.226646155118942261e-02
1.970497705042362213e-02
2.992850728332996368e-02
3.678868338465690613e-02
1.834661327302455902e-02
5.487419199198484421e-03
1.283541135489940643e-02
9.468950331211090088e-03
2.830971404910087585e-02
5.560111626982688904e-02
-1.189358439296483994e-02
3.093378245830535889e-02
4.200470820069313049e-02
-3.972595930099487305e-02
-3.793835639953613281e-02
-6.092803180217742920e-02
6.254889536648988724e-03
2.016428671777248383e-02
1.593710295855998993e-02
5.029818043112754822e-02
7.860143482685089111e-02
6.608777493238449097e-02
-4.238943383097648621e-02
-6.654126942157745361e-02
-3.757609426975250244e-02
-8.198843337595462799e-03
-3.859350085258483887e-02
-5.421046912670135498e-02
2.053285948932170868e-02
6.923110689967870712e-03
1.335516851395368576e-02
3.279963508248329163e-02
5.332906264811754227e-03
-1.554776076227426529e-02
2.766571007668972015e-02
9.262800216674804688e-03
-1.925937458872795105e-02
4.348333925008773804e-03
-1.153561897808685899e-04
-3.744123131036758423e-02
1.533639803528785706e-02
6.064202636480331421e-03
2.633207105100154877e-02
5.236241593956947327e-02
1.910175941884517670e-02
1.472639385610818863e-02
3.032645583152770996e-02
2.434371784329414368e-02
-1.729930192232131958e-02
1.105322036892175674e-02
8.992025628685951233e-03
-5.066907964646816254e-03
1.018405612558126450e-02
3.790715243667364120e-03
1.646021567285060883e-02
3.658185014501214027e-03
-7.546426728367805481e-03
-1.146403048187494278e-02
2.117384225130081177e-02
-1.465361285954713821e-02
-1.288051716983318329e-02
1.237266929820179939e-03
-4.615230858325958252e-02
-5.448684096336364746e-02
8.026996627449989319e-03
-4.795663058757781982e-02
-6.418556720018386841e-02
1.009527686983346939e-02
-1.370235625654459000e-02
-2.768034115433692932e-02
-3.982431720942258835e-03
-4.643851891160011292e-03
-1.298470981419086456e-02
-7.958527654409408569e-03
3.382306604180485010e-04
-7.091680075973272324e-03
1.565448194742202759e-02
3.364133089780807495e-02
8.766610175371170044e-03
9.046836756169795990e-03
1.287486217916011810e-02
1.082536019384860992e-02
4.662567283958196640e-03
-2.525354735553264618e-02
-3.698226809501647949e-02
9.224913083016872406e-03
7.389751076698303223e-02
5.302692204713821411e-02
7.029797136783599854e-02
6.716255843639373779e-02
6.057920306921005249e-02
1.730400882661342621e-02
2.516624145209789276e-02
2.931602858006954193e-02
-6.443330552428960800e-03
7.311508990824222565e-03
1.930835843086242676e-02
3.660263260826468468e-03
2.857354935258626938e-03
-1.275110058486461639e-02
-1.742879860103130341e-02
-2.254481986165046692e-02
-1.289581973105669022e-02
1.346970070153474808e-02
6.640485953539609909e-03
4.027980845421552658e-03
-1.176888495683670044e-02
-1.716824434697628021e-02
-1.935334317386150360e-02
-3.018094785511493683e-02
-4.483005404472351074e-02
-4.312013834714889526e-02
-1.328106038272380829e-03
-3.494311496615409851e-02
-4.109835997223854065e-02
-7.819845341145992279e-03
-2.872028760612010956e-02
-4.613342881202697754e-02
-2.870571799576282501e-03
-1.402509585022926331e-02
-2.237111702561378479e-02
1.709973067045211792e-02
2.944464795291423798e-02
3.536736220121383667e-02
1.510754600167274475e-02
3.561044856905937195e-02
2.420023642480373383e-02
9.592630900442600250e-03
1.444060169160366058e-02
9.892642498016357422e-03
-1.542526646517217159e-03
1.937026903033256531e-02
1.647688262164592743e-02
-1.521974918432533741e-03
1.322324480861425400e-02
3.763302788138389587e-02
2.338197780773043633e-03
-4.257061704993247986e-02
-4.737133160233497620e-02
-1.748605258762836456e-02
4.415364935994148254e-03
-1.966485753655433655e-03
-2.476120740175247192e-02
-2.333814650774002075e-02
9.932954795658588409e-03
-4.466699436306953430e-02
-3.395640105009078979e-02
-8.207216858863830566e-03
-8.031936362385749817e-03
-5.821948405355215073e-03
-1.707370742224156857e-03
1.208594162017107010e-02
1.045219879597425461e-02
-1.474668923765420914e-02
2.315238676965236664e-02
2.137640863656997681e-02
-6.431071553379297256e-03
3.025293722748756409e-02
2.976725623011589050e-02
-1.489401212893426418e-03
2.101758122444152832e-02
-1.094188541173934937e-02
-3.651939798146486282e-03
-9.212046861648559570e-03
-3.700364381074905396e-02
-2.443047985434532166e-02
-4.471725225448608398e-02
-2.489360421895980835e-02
-1.041015610098838806e-02
-2.557909302413463593e-02
-2.870568819344043732e-02
8.752935566008090973e-03
-5.964970681816339493e-03
1.361807808279991150e-02
4.995382856577634811e-03
-1.219625491648912430e-02
2.104134997352957726e-03
-2.307822369039058685e-02
-1.523397676646709442e-02
2.187600918114185333e-02
6.064281915314495564e-04
-1.335395127534866333e-02
-5.342977121472358704e-03
7.932286709547042847e-03
-6.712969858199357986e-03
-4.784225299954414368e-02
-5.398325249552726746e-02
1.925782486796379089e-02
-2.623711340129375458e-02
-4.503568634390830994e-02
5.521534755825996399e-02
2.887289039790630341e-02
1.760952756740152836e-03
-3.737821476534008980e-03
-3.624212741851806641e-02
-1.743723452091217041e-02
8.514579385519027710e-03
-8.983868174254894257e-03
-2.363348193466663361e-02
2.846510149538516998e-02
2.198075875639915466e-02
-2.212495077401399612e-03
1.592822186648845673e-02
5.276007577776908875e-02
5.734815821051597595e-02
2.364514395594596863e-02
1.948754489421844482e-02
9.093052148818969727e-02
-3.957701101899147034e-02
-1.013293396681547165e-02
2.026688493788242340e-02
-9.044858627021312714e-03
-2.061897143721580505e-02
-4.409251734614372253e-03
-2.175033278763294220e-02
2.593310549855232239e-03
-4.253901075571775436e-03
-1.007867697626352310e-02
7.312586065381765366e-03
9.347354993224143982e-03
-4.388340562582015991e-02
-4.324415326118469238e-02
-3.164653666317462921e-03
-2.460662648081779480e-02
1.344332937151193619e-03
7.862688973546028137e-03
-1.106675155460834503e-02
3.112560510635375977e-02
3.257894515991210938e-02
2.589147537946701050e-02
2.509137988090515137e-02
-1.215082406997680664e-02
1.390022691339254379e-02
1.056566252373158932e-03
-1.479728799313306808e-02
-6.614545360207557678e-03
-7.299224380403757095e-03
-1.627242006361484528e-02
-4.065796267241239548e-03
-3.881713375449180603e-02
-2.216728404164314270e-02
-2.853488316759467125e-03
-1.325499732047319412e-02
-1.357555389404296875e-02
-1.014455966651439667e-02
8.360399864614009857e-03
5.168488714843988419e-03
1.878017559647560120e-02
-2.166025806218385696e-03
-6.221908144652843475e-03
-8.051603217609226704e-04
-2.505941316485404968e-02
-1.899817772209644318e-02
-4.390900023281574249e-03
-8.620625361800193787e-03
-1.040357910096645355e-02
-6.004321388900279999e-03
1.460287021473050117e-04
-5.467042792588472366e-03
-2.304282411932945251e-02
-2.311121672391891479e-02
-2.216118015348911285e-02
-1.057466026395559311e-02
-2.657817117869853973e-02
-3.514151275157928467e-02
1.556045189499855042e-02
2.334685996174812317e-02
-9.218646213412284851e-03
1.111322082579135895e-02
1.420503598637878895e-03
7.364747580140829086e-03
-4.674483556300401688e-03
-1.372264511883258820e-02
-1.235196087509393692e-02
3.802307415753602982e-03
-1.841004006564617157e-02
-2.718864195048809052e-02
-2.271244861185550690e-02
-5.032666400074958801e-02
-4.155701398849487305e-02
-3.297509998083114624e-02
-4.561356827616691589e-02
-1.087765395641326904e-02
-1.057137735188007355e-03
6.336847320199012756e-03
-1.518280711024999619e-03
1.282831188291311264e-02
-6.949867587536573410e-03
6.654282566159963608e-03
3.011564956977963448e-03
2.484461525455117226e-03
2.289483509957790375e-02
1.292191166430711746e-02
6.088209338486194611e-03
1.582155749201774597e-02
-1.512672286480665207e-02
-2.183990366756916046e-02
9.919990785419940948e-03
-4.001027718186378479e-02
-4.412208497524261475e-02
-1.752869039773941040e-02
1.792569644749164581e-02
4.888582229614257812e-02
3.582702204585075378e-02
1.801608013920485973e-03
1.793839968740940094e-02
3.489755094051361084e-02
-2.258815802633762360e-03
2.515057101845741272e-03
1.286898739635944366e-02
-6.939933169633150101e-03
-2.066956274211406708e-02
-9.613049216568470001e-03
-8.597454056143760681e-03
-9.740243549458682537e-04
5.118342116475105286e-03
2.643623854964971542e-03
2.028680779039859772e-02
2.139500342309474945e-02
4.325954709202051163e-03
1.752789504826068878e-02
2.685855515301227570e-02
3.588111698627471924e-02
4.709191247820854187e-02
2.956727892160415649e-02
4.720205813646316528e-02
4.320061206817626953e-02
1.035478990525007248e-02
-6.308232899755239487e-03
-8.148689754307270050e-03
-1.758922473527491093e-03
1.223168242722749710e-02
-2.512546256184577942e-03
-1.393304485827684402e-02
4.325275309383869171e-03
-2.288173697888851166e-02
-1.350062154233455658e-02
-1.458303071558475494e-02
-2.618734538555145264e-02
-6.256047170609235764e-03
-1.022941898554563522e-02
-1.904186420142650604e-02
-2.115419693291187286e-02
-9.338465519249439240e-03
1.039520278573036194e-02
-7.164271548390388489e-03
1.171228475868701935e-02
1.403554994612932205e-02
1.505787856876850128e-02
-1.817778125405311584e-02
-2.926077321171760559e-02
-1.572364196181297302e-02
-3.921196237206459045e-02
-4.263959825038909912e-02
-2.332637459039688110e-02
-9.069693274796009064e-03
9.540733881294727325e-03
-4.050009418278932571e-03
2.292469330132007599e-02
2.125476114451885223e-02
4.986535641364753246e-04
1.108564436435699463e-02
2.198241092264652252e-02
-7.513094227761030197e-03
5.205407738685607910e-02
8.127459138631820679e-02
6.438510864973068237e-02
3.373812139034271240e-02
6.718292087316513062e-02
7.221407443284988403e-02
5.974559579044580460e-03
3.220577910542488098e-02
4.125485941767692566e-02
3.190686181187629700e-02
4.403948783874511719e-02
1.380046270787715912e-02
5.398736521601676941e-02
2.234001643955707550e-02
8.175855502486228943e-03
3.780880570411682129e-02
2.417778782546520233e-02
-3.866583108901977539e-03
-9.790587238967418671e-03
-1.549631729722023010e-02
-9.554048068821430206e-03
-1.510694809257984161e-02
1.967014977708458900e-03
-3.516889177262783051e-03
-1.308527216315269470e-02
1.334806531667709351e-02
1.710629276931285858e-02
8.133898489177227020e-03
-1.049417350441217422e-02
-1.777247898280620575e-02
3.311713924631476402e-03
-2.294847741723060608e-02
-3.570376336574554443e-02
1.717610284686088562e-02
-7.543482817709445953e-03
-1.648787967860698700e-02
7.644033525139093399e-03
-4.526475444436073303e-03
-1.745086535811424255e-02
7.618590723723173141e-03
-5.068685859441757202e-03
5.236568860709667206e-03
-9.881068952381610870e-03
1.049655396491289139e-02
2.113527618348598480e-02
-1.165300980210304260e-02
-2.671975642442703247e-03
-4.995495080947875977e-03
1.722653955221176147e-02
1.661972515285015106e-02
2.097496762871742249e-02
1.100963167846202850e-02
3.150309249758720398e-02
4.773709550499916077e-02
1.574231497943401337e-02
6.117970682680606842e-03
1.215792074799537659e-02
3.474278375506401062e-02
2.754806913435459137e-02
1.955009624361991882e-02
-3.733766032382845879e-03
-9.764355607330799103e-03
-1.141531206667423248e-02
-4.068433772772550583e-03
-4.748639184981584549e-03
3.085810225456953049e-03
-4.370362311601638794e-02
-1.786489784717559814e-02
-5.985470023006200790e-03
-3.830510377883911133e-02
-4.608265310525894165e-02
-1.753119751811027527e-02
-8.152161608450114727e-04
-1.471149921417236328e-02
-2.578967250883579254e-02
-1.376507338136434555e-03
-1.958916708827018738e-02
-1.915058121085166931e-02
2.414829097688198090e-03
-2.831333689391613007e-02
-6.903363391757011414e-03
1.061695534735918045e-02
-3.364180913195014000e-03
-8.360826410353183746e-03
-4.409109707921743393e-03
-2.910420484840869904e-02
-2.326225116848945618e-02
-2.495035761967301369e-03
-2.477375045418739319e-02
-3.437691926956176758e-02
-3.161070868372917175e-03
1.412080414593219757e-02
2.325617522001266479e-02
-6.964804604649543762e-03
-1.150547433644533157e-02
3.460166510194540024e-03
-6.919449195265769958e-03
6.393004674464464188e-03
-1.062803901731967926e-02
3.736345097422599792e-02
5.089120566844940186e-02
4.499217495322227478e-02
1.369871199131011963e-02
6.803251802921295166e-03
2.772960253059864044e-02
-2.598891034722328186e-02
-2.738127484917640686e-02
-1.709541887976229191e-03
9.209965355694293976e-03
-1.807722076773643494e-02
-2.509100921452045441e-02
-3.220002353191375732e-02
-4.158457741141319275e-02
-7.106677629053592682e-03
-3.669731318950653076e-02
-2.373858354985713959e-02
7.700435351580381393e-03
-3.911132458597421646e-03
1.184002123773097992e-02
-1.561710028909146786e-03
2.697201631963253021e-02
1.514254137873649597e-02
7.721226196736097336e-03
5.299263074994087219e-02
3.227035701274871826e-02
7.129920995794236660e-04
-9.964169934391975403e-03
-6.271008402109146118e-03
2.297826111316680908e-03
6.250991020351648331e-03
1.573273539543151855e-02
1.311296690255403519e-02
2.971056289970874786e-02
4.053446650505065918e-02
2.393977344036102295e-02
2.602226287126541138e-02
1.613772846758365631e-02
2.436320297420024872e-02
3.448468167334794998e-03
-5.057490430772304535e-03
3.618532093241810799e-03
-1.335152983665466309e-02
-2.849106863141059875e-02
-2.551220729947090149e-02
-2.240118011832237244e-02
-2.845538838300853968e-04
-3.270602086558938026e-03
-5.779891833662986755e-02
-2.296888828277587891e-02
-1.914364099502563477e-02
-2.564717270433902740e-02
-1.838531158864498138e-02
-1.898409985005855560e-02
-5.462069436907768250e-02
-6.294558197259902954e-02
-3.970491513609886169e-02
-2.000195905566215515e-03
-2.603835426270961761e-02
-3.579339757561683655e-02
7.341983169317245483e-02
3.758763149380683899e-02
4.045464098453521729e-03
1.685850135982036591e-02
2.077398635447025299e-02
2.597032487392425537e-02
-1.019592490047216415e-02
7.038742303848266602e-03
3.598203510046005249e-02
-3.051477484405040741e-02
5.453460849821567535e-03
2.775453589856624603e-02
-1.324736885726451874e-02
-9.064358891919255257e-04
2.374511957168579102e-02
-2.202716842293739319e-02
-2.503434428945183754e-03
8.474715985357761383e-03
-4.674679413437843323e-02
-2.660109661519527435e-02
-2.880817977711558342e-03
5.566655192524194717e-03
8.637430146336555481e-03
-1.720177568495273590e-02
2.550479583442211151e-02
3.336702287197113037e-02
-4.005017131567001343e-02
1.176913734525442123e-02
2.519503002986311913e-03
-2.555483393371105194e-02
-5.537297204136848450e-02
-4.605266079306602478e-02
-2.327399887144565582e-02
-3.568244725465774536e-02
-4.395185038447380066e-02
-3.160968422889709473e-03
-1.054396387189626694e-02
-5.149845778942108154e-02
-7.343254983425140381e-03
-6.865695118904113770e-03
-2.244012430310249329e-02
-3.716082498431205750e-02
-1.666334085166454315e-02
-4.827240481972694397e-02
-3.987690061330795288e-02
-1.466956268996000290e-02
-1.156424451619386673e-02
-2.597572095692157745e-02
-9.504028595983982086e-03
-4.895895719528198242e-03
-1.816892251372337341e-02
-1.725740730762481689e-03
7.391284219920635223e-03
-1.999751897528767586e-03
-2.216077176854014397e-03
-1.703032478690147400e-02
-2.133059874176979065e-02
-8.351302705705165863e-03
2.354802936315536499e-02
5.995994899421930313e-03
2.823236212134361267e-02
4.094220325350761414e-02
1.970820687711238861e-02
3.310078382492065430e-02
4.567273706197738647e-02
-2.413769834674894810e-04
3.986153006553649902e-02
2.126531116664409637e-02
-3.901782911270856857e-03
7.705463469028472900e-02
4.248438030481338501e-02
2.841594070196151733e-02
4.411609098315238953e-02
6.017847359180450439e-02
6.560830865055322647e-03
-7.178454194217920303e-03
-5.464336369186639786e-03
3.401045873761177063e-02
5.871349945664405823e-03
4.476238042116165161e-03
2.930202707648277283e-02
2.916784025728702545e-03
3.043017350137233734e-03
3.023775108158588409e-02
-2.853722497820854187e-02
-1.887957565486431122e-02
1.900285668671131134e-02
-4.686155170202255249e-02
-2.362072467803955078e-02
-1.531348191201686859e-02
-2.166804671287536621e-02
-4.512799903750419617e-02
-3.044585511088371277e-02
2.657214738428592682e-02
-2.610192075371742249e-02
-1.409296970814466476e-02
3.015076927840709686e-02
2.595979347825050354e-02
1.463411608710885048e-04
3.581423684954643250e-02
6.149460747838020325e-02
3.862052783370018005e-02
-7.200429588556289673e-02
-5.943590402603149414e-02
-3.437618166208267212e-02
-4.498541727662086487e-02
-2.658848278224468231e-02
-7.156387902796268463e-03
-1.602192525751888752e-03
4.552628379315137863e-03
2.128086239099502563e-02
-1.516656856983900070e-02
-6.439659744501113892e-03
-1.095876377075910568e-02
4.750541877001523972e-03
-2.989454567432403564e-02
-7.714933250099420547e-03
-2.436989219859242439e-03
-5.057291593402624130e-03
4.574703052639961243e-03
-1.262441370636224747e-02
-2.576906234025955200e-02
-4.502506926655769348e-02
6.431829929351806641e-02
2.996837534010410309e-02
-1.402665954083204269e-02
9.005630761384963989e-02
5.318875983357429504e-02
-1.252869842574000359e-04
1.108053606003522873e-02
5.524976644665002823e-03
-2.013367041945457458e-02
4.759368672966957092e-02
2.448864467442035675e-02
1.250195130705833435e-02
3.207313269376754761e-02
4.588062688708305359e-02
1.782573014497756958e-02
-1.160400453954935074e-02
1.284295413643121719e-02
-1.470242813229560852e-02
-1.533684879541397095e-02
-1.597943715751171112e-02
-2.438263036310672760e-02
-5.068928468972444534e-03
-3.400013595819473267e-02
-3.880087658762931824e-02
-4.790749881067313254e-05
-1.822789572179317474e-02
-1.773381605744361877e-02
3.780137631110846996e-04
-3.534173220396041870e-02
-2.047385461628437042e-02
-2.695244736969470978e-03
-2.473969385027885437e-02
-5.374054890125989914e-03
3.907863982021808624e-03
-1.302906498312950134e-02
-4.321774933487176895e-03
8.362429216504096985e-03
-1.235592551529407501e-02
-7.227126974612474442e-03
-1.656651846133172512e-03
-1.318035461008548737e-02
2.355202799662947655e-03
-1.481232233345508575e-02
-2.489679493010044098e-02
-2.678564283996820450e-03
-2.870305255055427551e-02
-2.990461420267820358e-03
-1.783887483179569244e-02
-2.968551218509674072e-02
-1.096921321004629135e-02
-1.001409720629453659e-02
-8.546721190214157104e-03
-2.731237187981605530e-02
-1.415636856108903885e-02
-2.800010144710540771e-02
-4.611263424158096313e-02
-3.754942864179611206e-02
-1.191483461298048496e-03
-3.745277225971221924e-02
-3.539027273654937744e-02
-2.759638614952564240e-02
-2.116863802075386047e-02
-9.874615818262100220e-03
-4.716909490525722504e-03
-8.893681224435567856e-04
-2.557004429399967194e-02
-5.518923513591289520e-03
1.731585361994802952e-03
-3.622269257903099060e-02
-3.354549407958984375e-02
1.329938974231481552e-02
3.481935337185859680e-02
9.152044542133808136e-03
1.395137078361585736e-04
2.048099413514137268e-02
3.122412133961915970e-03
2.120649069547653198e-02
1.516177132725715637e-02
1.128237228840589523e-02
6.035526283085346222e-03
1.549005322158336639e-02
-1.514155510812997818e-02
8.817114867269992828e-03
1.574087142944335938e-02
-2.614626102149486542e-02
-4.430283233523368835e-02
-4.275826737284660339e-03
-9.390980005264282227e-03
-3.937606886029243469e-02
-3.143755719065666199e-02
1.179634593427181244e-02
-1.510045770555734634e-02
-1.832151226699352264e-02
1.593849994242191315e-02
4.968942608684301376e-03
-1.865445077419281006e-02
1.363570988178253174e-02
2.778762951493263245e-02
7.677497807890176773e-03
4.938780888915061951e-02
2.459201216697692871e-02
2.058664895594120026e-02
3.165960311889648438e-02
3.143908083438873291e-02
1.387174054980278015e-02
2.748940698802471161e-02
5.992968007922172546e-02
5.038245022296905518e-02
5.737922713160514832e-02
6.262433528900146484e-02
1.772513799369335175e-02
1.322945579886436462e-02
5.805506557226181030e-02
-5.539366975426673889e-03
-1.593425840837880969e-04
-5.840647500008344650e-03
-1.024908944964408875e-02
-8.387096226215362549e-03
-1.674073562026023865e-02
-1.295954920351505280e-03
-1.616252399981021881e-02
-2.649942040443420410e-02
-3.487481921911239624e-02
2.248294837772846222e-02
6.369906663894653320e-02
2.217328734695911407e-02
2.305215597152709961e-02
4.807817190885543823e-02
5.066131800413131714e-02
1.529126986861228943e-02
2.612980268895626068e-02
3.255381435155868530e-02
3.124957904219627380e-02
1.956754922866821289e-02
-1.346668135374784470e-02
1.955610886216163635e-02
2.190391533076763153e-02
-1.429066993296146393e-03
8.320524357259273529e-03
2.043729089200496674e-02
-7.747973315417766571e-03
-3.386180847883224487e-02
1.125042419880628586e-02
5.464538000524044037e-03
-2.043933048844337463e-02
-4.796099383383989334e-03
3.847178537398576736e-03
-6.876769009977579117e-03
2.299404516816139221e-02
2.400333434343338013e-02
-6.046744436025619507e-02
-3.679692372679710388e-02
1.089412532746791840e-02
-3.349710628390312195e-02
1.268235268071293831e-03
2.006042934954166412e-02
-2.502451837062835693e-02
7.587817497551441193e-03
-4.065114771947264671e-04
-2.567956980783492327e-04
-1.899756462080404162e-04
-4.717255476862192154e-03
-2.358120493590831757e-02
-1.319738756865262985e-02
-2.673868648707866669e-02
-1.182745862752199173e-02
-2.076033875346183777e-02
-2.031079493463039398e-02
-6.304278224706649780e-02
-3.317362070083618164e-02
-1.611406728625297546e-02
-1.326015219092369080e-02
9.347776882350444794e-03
1.220054179430007935e-02
7.704380434006452560e-03
1.591997966170310974e-02
-8.304517832584679127e-04
1.747208414599299431e-03
1.306963618844747543e-02
4.951457493007183075e-03
-5.997765809297561646e-03
1.231327466666698456e-02
-2.118403650820255280e-02
-1.014042366296052933e-02
4.188413731753826141e-03
-9.038253920152783394e-04
-1.507844543084502220e-03
3.108384087681770325e-03
4.157084971666336060e-02
2.061802148818969727e-02
2.310454100370407104e-02
3.041166812181472778e-02
-4.493661690503358841e-03
-1.272869762033224106e-02
-2.685940591618418694e-03
-3.087698109447956085e-02
-3.870477527379989624e-02
-1.026320605888031423e-04
-1.876190304756164551e-02
-4.833731334656476974e-03
3.469835966825485229e-03
-3.605840727686882019e-03
-1.236251927912235260e-02
1.033922936767339706e-02
-7.816344499588012695e-03
-2.177625708281993866e-02
-2.171427384018898010e-02
-1.884741708636283875e-02
-3.429482504725456238e-02
-2.253752946853637695e-02
1.893875421956181526e-03
-1.911189779639244080e-02
1.463098078966140747e-02
1.473547797650098801e-02
2.049035858362913132e-03
-6.057738326489925385e-03
5.214089062064886093e-03
-8.733045309782028198e-03
4.132214002311229706e-03
4.185273312032222748e-03
1.231315359473228455e-02
-1.622709631919860840e-02
-2.290221117436885834e-02
2.326180785894393921e-02
2.509311214089393616e-02
-1.130674220621585846e-02
3.534758463501930237e-02
3.729074820876121521e-02
-1.576751284301280975e-02
3.389653190970420837e-02
3.484076634049415588e-02
-5.137862265110015869e-02
-5.731028318405151367e-02
-2.301353029906749725e-02
-3.341672196984291077e-02
-1.659186929464340210e-02
1.640556938946247101e-02
-1.183508802205324173e-02
1.373991928994655609e-02
2.110993117094039917e-02
-2.977908216416835785e-02
-3.611047193408012390e-02
-1.105648186057806015e-02
-1.927063614130020142e-02
-1.484941877424716949e-02
5.565233528614044189e-03
-1.091318018734455109e-02
-5.871284753084182739e-03
-1.290475763380527496e-02
-2.829015068709850311e-02
1.516510150395333767e-03
-1.461486704647541046e-02
-6.553475745022296906e-03
1.493864320218563080e-02
3.306580707430839539e-02
2.402159944176673889e-02
2.705715782940387726e-02
4.442420322448015213e-03
6.209658924490213394e-03
-4.682044498622417450e-03
-2.356227673590183258e-02
-1.498670317232608795e-03
-1.967685110867023468e-02
-2.478683181107044220e-02
-8.387484704144299030e-04
-2.215058915317058563e-02
-1.919849589467048645e-02
-3.599966643378138542e-03
-1.706856302917003632e-02
-2.885226719081401825e-02
-1.767873950302600861e-02
-1.061105821281671524e-02
-2.749753557145595551e-02
-3.748187422752380371e-02
-3.718129545450210571e-02
-2.646949142217636108e-02
-2.410698495805263519e-02
2.049554372206330299e-03
-1.446678070351481438e-04
2.426007995381951332e-03
-1.074894797056913376e-02
2.145182341337203979e-02
-5.657180212438106537e-03
1.766073890030384064e-02
3.427989035844802856e-02
-5.013592075556516647e-03
-9.580623358488082886e-03
-1.854464039206504822e-02
-2.253647893667221069e-03
-1.450622803531587124e-03
-2.535836072638630867e-03
-1.717899576760828495e-04
1.681583933532238007e-02
2.599067240953445435e-02
-6.020048749633133411e-04
2.069079689681529999e-02
1.818708702921867371e-02
1.863240078091621399e-02
3.903527930378913879e-02
5.585446953773498535e-03
-1.253439299762248993e-02
-1.003560051321983337e-02
-6.851851940155029297e-03
-2.321246080100536346e-02
7.636924739927053452e-03
9.576335549354553223e-03
1.707838805486971978e-06
-1.077104639261960983e-02
7.515447578043676913e-06
-9.969034232199192047e-03
-7.758839987218379974e-03
-1.220906618982553482e-03
2.466599456965923309e-02
1.545049715787172318e-02
-7.339066360145807266e-03
2.204521186649799347e-02
-2.373828552663326263e-02
-6.169679015874862671e-02
-3.601382672786712646e-02
-7.321775704622268677e-02
-6.024818494915962219e-02
4.213794134557247162e-03
-2.062414959073066711e-02
-2.557918988168239594e-02
-1.243186462670564651e-02
-4.287151619791984558e-02
-3.039925172924995422e-02
-6.866916082799434662e-03
-2.326632477343082428e-02
-2.207169681787490845e-02
-3.890293836593627930e-02
-4.258007556200027466e-02
-3.789897076785564423e-03
-3.468749299645423889e-02
-3.872900456190109253e-02
-1.914396323263645172e-02
-1.015009172260761261e-02
-2.169810049235820770e-02
-8.416493423283100128e-03
-8.678722195327281952e-03
-3.326613828539848328e-02
-1.409476157277822495e-02
-7.652001921087503433e-03
2.226167544722557068e-02
4.146457463502883911e-02
1.517825759947299957e-03
4.477794840931892395e-02
3.273331746459007263e-02
3.594167158007621765e-02
4.154610261321067810e-02
2.030435204505920410e-02
3.978713229298591614e-02
3.815557062625885010e-02
-5.386660341173410416e-03
2.031154744327068329e-02
-1.314064860343933105e-02
-4.025875404477119446e-02
1.047050114721059799e-02
7.545536756515502930e-02
7.095783203840255737e-02
8.123598992824554443e-02
9.070684760808944702e-02
6.568624824285507202e-02
3.105735965073108673e-02
1.823602616786956787e-02
-2.344497665762901306e-02
-2.283198013901710510e-02
-1.679937541484832764e-02
-1.484229974448680878e-02
-1.388909295201301575e-02
6.922681815922260284e-03
8.409062400460243225e-03
1.860232464969158173e-02
2.578138932585716248e-02
1.715824566781520844e-02
-3.011692874133586884e-02
-2.399186976253986359e-02
-1.287054549902677536e-02
-4.459006711840629578e-02
-4.739176109433174133e-02
-1.248307991772890091e-02
-2.605335414409637451e-02
-2.164723724126815796e-02
1.781250722706317902e-02
2.658709185197949409e-03
5.552490707486867905e-03
-2.478997968137264252e-02
-9.434163570404052734e-03
-9.275229647755622864e-03
-1.977275824174284935e-03
-9.360444732010364532e-03
-8.397460915148258209e-03
2.260603010654449463e-03
-3.773416951298713684e-02
-1.697914209216833115e-03
-8.187090978026390076e-03
-3.154157474637031555e-02
2.636841870844364166e-02
-1.807175576686859131e-03
1.009750552475452423e-02
-2.777954097837209702e-03
-1.408878527581691742e-02
-2.492884919047355652e-02
-5.197857320308685303e-02
-3.157722949981689453e-02
-1.963249221444129944e-02
-2.153515443205833435e-02
4.044063016772270203e-02
-8.338631130754947662e-03
3.863211348652839661e-02
6.988890469074249268e-02
-2.005476132035255432e-02
-3.125443682074546814e-02
4.388770088553428650e-03
1.523993629962205887e-02
1.316819526255130768e-02
2.893169410526752472e-02
2.147317864000797272e-02
1.090844534337520599e-02
1.709117367863655090e-02
4.440946970134973526e-03
4.976950003765523434e-04
1.846939884126186371e-02
1.267332211136817932e-02
5.975599400699138641e-03
1.575036556459963322e-03
1.592725329101085663e-02
-1.420385204255580902e-03
-3.189144283533096313e-02
7.616196293383836746e-03
1.235365867614746094e-03
4.444536752998828888e-03
-3.621818264946341515e-03
4.363755695521831512e-03
1.049412507563829422e-02
1.283324044197797775e-02
-5.241308361291885376e-03
8.556075626984238625e-04
8.793231099843978882e-03
1.111260987818241119e-02
1.870079338550567627e-02
3.655734180938452482e-04
1.236528251320123672e-02
-7.956605404615402222e-03
-1.144407200627028942e-03
-1.460061874240636826e-02
-2.378450892865657806e-02
5.372758023440837860e-03
7.864520885050296783e-03
1.655153115279972553e-03
-1.852602139115333557e-02
-6.650841329246759415e-03
-1.929209008812904358e-02
-1.180601026862859726e-02
-2.828489756211638451e-03
-1.792398467659950256e-02
9.155890904366970062e-03
1.001296844333410263e-02
1.344196498394012451e-02
6.344584980979561806e-04
-2.007507346570491791e-02
-2.466139942407608032e-02
1.030310150235891342e-02
-2.186755463480949402e-02
-2.894036099314689636e-02
1.471742242574691772e-02
-2.058292157016694546e-04
7.188568357378244400e-03
1.262840628623962402e-02
9.681515395641326904e-03
4.026515875011682510e-03
-1.240023039281368256e-02
-9.915320202708244324e-03
-7.673520129173994064e-03
-1.535680145025253296e-02
-4.698625765740871429e-03
-1.426712376996874809e-03
-3.159109037369489670e-04
-3.331294283270835876e-04
2.128090336918830872e-02
5.996730644255876541e-03
1.913614012300968170e-02
2.585392445325851440e-02
9.299651719629764557e-03
1.862190850079059601e-02
1.815946027636528015e-02
1.144143287092447281e-02
-9.712954983115196228e-03
-6.669448688626289368e-03
8.036988787353038788e-03
1.271862443536520004e-02
1.301490515470504761e-02
-6.738906726241111755e-03
-2.867791429162025452e-02
-3.674663975834846497e-02
-1.327728386968374252e-02
-2.845777198672294617e-02
-2.737010456621646881e-02
1.081748705473728478e-04
9.220546111464500427e-03
1.647175289690494537e-02
3.551458474248647690e-03
-1.125605404376983643e-02
2.152318134903907776e-02
-6.049985531717538834e-03
-4.339803755283355713e-02
-1.370142772793769836e-02
-2.606884762644767761e-02
-5.856346338987350464e-02
-3.359150886535644531e-02
-6.186271551996469498e-03
1.272795815020799637e-02
1.421584747731685638e-02
4.146010149270296097e-03
3.118114732205867767e-02
3.771929070353507996e-02
1.686507835984230042e-02
2.512763626873493195e-02
3.072391822934150696e-02
-3.354328125715255737e-02
-1.662412285804748535e-02
-3.002850152552127838e-02
3.974411170929670334e-03
9.888610802590847015e-03
9.180348366498947144e-03
2.259424515068531036e-02
3.355867788195610046e-02
4.913854226469993591e-02
1.437989249825477600e-02
-2.131136134266853333e-02
-1.250236574560403824e-02
-2.360103279352188110e-02
-3.869454190135002136e-02
-3.438324108719825745e-02
-1.150126382708549500e-02
-1.133978366851806641e-02
-2.052217349410057068e-02
-1.075793989002704620e-02
-3.514477983117103577e-02
-1.622120104730129242e-02
-5.895524471998214722e-02
-4.447471350431442261e-02
-5.212397128343582153e-02
-3.687807917594909668e-02
-6.272321939468383789e-02
-4.077849909663200378e-02
-4.190102219581604004e-03
-6.147160893306136131e-04
1.005078293383121490e-02
-1.900606416165828705e-02
-3.341466188430786133e-02
-3.904413059353828430e-02
-2.263138629496097565e-02
-6.897344440221786499e-02
-5.081615224480628967e-02
2.982079237699508667e-02
2.401564642786979675e-02
1.768498186720535159e-04
1.807476207613945007e-02
1.225052680820226669e-02
-1.790646230801939964e-03
-9.169781580567359924e-03
-8.581164292991161346e-03
-1.115578226745128632e-02
4.959465470165014267e-03
-5.722888559103012085e-02
-3.961506485939025879e-02
-3.606440499424934387e-02
-6.868098676204681396e-02
-7.303118705749511719e-02
-2.429351769387722015e-02
-6.926264613866806030e-02
-6.409698724746704102e-02
8.493632078170776367e-03
1.066957041621208191e-02
2.147918567061424255e-02
6.319337990134954453e-03
3.150704549625515938e-03
4.920511040836572647e-03
-9.494877420365810394e-03
-8.735962212085723877e-03
1.581353135406970978e-02
2.527121081948280334e-02
3.640640527009963989e-02
1.582931913435459137e-02
1.979248598217964172e-02
1.240329258143901825e-02
7.678654976189136505e-03
9.967098012566566467e-03
-5.187478847801685333e-03
9.708957746624946594e-03
1.021090522408485413e-02
1.142734102904796600e-02
-9.403979405760765076e-03
-7.221996318548917770e-03
-2.842970937490463257e-02
-2.317261323332786560e-02
-2.429257892072200775e-02
-5.054809525609016418e-02
-2.941901981830596924e-02
-1.182363741099834442e-02
-2.433029189705848694e-02
-3.739143535494804382e-02
-1.106929406523704529e-02
-2.291447669267654419e-02
-4.276045411825180054e-02
1.113293785601854324e-02
1.270387601107358932e-02
5.089095328003168106e-03
-1.672772690653800964e-02
-3.812427073717117310e-02
-2.546009793877601624e-02
-4.355038702487945557e-02
-6.898371875286102295e-02
-6.414000689983367920e-02
-4.241656512022018433e-02
-5.325815081596374512e-02
-3.908687829971313477e-02
-2.013007411733269691e-03
1.168142072856426239e-02
2.864111401140689850e-02
-1.688766106963157654e-02
-2.413658238947391510e-02
1.624604314565658569e-02
-2.694957330822944641e-02
-3.248762711882591248e-02
-3.250537673011422157e-03
-3.619372146204113960e-03
-3.773577883839607239e-02
-2.420037239789962769e-02
-3.609863668680191040e-02
-3.441320359706878662e-02
-4.277715086936950684e-02
-1.497221644967794418e-02
-3.660893812775611877e-02
-3.233930096030235291e-02
6.953272502869367599e-03
-5.884775426238775253e-03
3.192261327058076859e-03
1.095510553568601608e-03
-1.538119371980428696e-02
-1.839622296392917633e-02
-1.643930561840534210e-02
-9.219887666404247284e-03
-7.342400029301643372e-03
1.822497462853789330e-03
-2.690722700208425522e-03
-1.779701933264732361e-02
-8.178172633051872253e-03
-2.234316430985927582e-02
-3.814801201224327087e-02
-1.638812199234962463e-02
-3.899608552455902100e-02
-3.584983944892883301e-02
2.967183478176593781e-02
-1.663245959207415581e-03
-5.502852145582437515e-03
2.661727927625179291e-02
1.069578155875205994e-02
-1.649131067097187042e-03
1.544070430099964142e-02
3.081935457885265350e-03
-4.216059111058712006e-03
1.189223397523164749e-02
9.164164774119853973e-03
5.386253353208303452e-03
1.638257130980491638e-02
8.070974610745906830e-03
2.975093957502394915e-04
2.001332119107246399e-02
3.751292452216148376e-02
1.578821055591106415e-02
-1.251714210957288742e-02
-3.517224267125129700e-02
-4.327954724431037903e-02
-2.776910364627838135e-02
-1.503217406570911407e-02
-5.185351707041263580e-03
-2.665715664625167847e-02
-6.404236890375614166e-03
3.905663732439279556e-03
1.789105497300624847e-02
2.899904793594032526e-04
-4.523635841906070709e-03
-1.474625337868928909e-02
-4.151529446244239807e-02
-3.507146984338760376e-02
-8.909195661544799805e-03
-5.310912430286407471e-02
-3.918158635497093201e-02
-8.558657951653003693e-03
-1.504958514124155045e-02
-1.797584258019924164e-02
-7.954372093081474304e-03
-2.701828256249427795e-02
-2.259455993771553040e-02
-3.640473878476768732e-04
-4.314486403018236160e-03
7.638365495949983597e-03
-1.029522530734539032e-02
-3.747091069817543030e-02
-7.199700921773910522e-03
-1.878687553107738495e-02
-3.053465299308300018e-02
-5.584700033068656921e-02
-8.559267967939376831e-03
-4.171806946396827698e-02
-4.153837263584136963e-02
-8.170740678906440735e-03
-2.028233371675014496e-02
-1.016058214008808136e-02
-5.556485150009393692e-03
-2.426405064761638641e-02
-4.226813837885856628e-02
-1.610572100616991520e-03
-1.821385882794857025e-02
-3.687937557697296143e-02
-1.092153973877429962e-02
1.034719683229923248e-02
7.377727888524532318e-03
-3.824016824364662170e-02
-3.377139568328857422e-02
-3.609479591250419617e-02
-3.639888390898704529e-02
-4.204807803034782410e-02
-3.831741213798522949e-02
1.717825792729854584e-02
3.252496477216482162e-03
-1.632531918585300446e-02
4.013310000300407410e-02
1.234416384249925613e-02
1.098640495911240578e-03
5.120810121297836304e-02
3.458963334560394287e-02
2.521703206002712250e-02
-2.034866437315940857e-02
-1.478757616132497787e-02
-8.293122053146362305e-03
-2.680617943406105042e-02
-4.530178010463714600e-02
-2.632344514131546021e-02
-9.022369980812072754e-03
-4.600664973258972168e-02
-4.167320579290390015e-02
-2.608538605272769928e-02
-6.983608752489089966e-02
-3.064754232764244080e-02
-2.620921283960342407e-02
-4.977468028664588928e-02
-2.328207902610301971e-02
-2.646820805966854095e-02
-4.474961385130882263e-02
-1.936843618750572205e-02
-1.194828934967517853e-02
-1.962513104081153870e-02
-3.130928426980972290e-02
-2.379320748150348663e-02
-1.559952925890684128e-02
-3.636847063899040222e-02
4.360179416835308075e-03
2.259874017909169197e-03
-8.983508683741092682e-03
2.030209265649318695e-02
3.108443692326545715e-02
3.512730076909065247e-02
4.238185286521911621e-02
6.221350282430648804e-02
7.107263803482055664e-02
3.084738366305828094e-02
3.933630138635635376e-02
3.173335641622543335e-02
3.306432859972119331e-03
-1.085223979316651821e-03
-2.581850567366927862e-04
1.042596623301506042e-02
1.770213857525959611e-04
4.155653994530439377e-03
1.566830789670348167e-03
-2.961678197607398033e-03
4.876407794654369354e-03
-5.124488845467567444e-03
-1.838270202279090881e-02
-3.430404886603355408e-02
-6.694762501865625381e-03
-1.110422518104314804e-02
-4.246060550212860107e-02
-1.085514016449451447e-02
-2.691136673092842102e-02
-3.348929435014724731e-02
-3.992734011262655258e-03
1.214523334056138992e-03
-1.043722312897443771e-02
2.434002049267292023e-02
9.769035503268241882e-03
-8.767024613916873932e-03
1.791140995919704437e-02
2.290864847600460052e-02
-4.226677585393190384e-03
6.673421710729598999e-03
5.944387987256050110e-03
2.307087182998657227e-03
1.804916001856327057e-02
2.319672144949436188e-02
-1.765788998454809189e-03
1.691147685050964355e-02
3.442073240876197815e-03
-1.485335454344749451e-02
-3.759039565920829773e-02
-3.337331488728523254e-02
-2.031376585364341736e-02
-3.766653593629598618e-03
-1.694687269628047943e-02
-1.558220107108354568e-02
3.062476031482219696e-02
2.620525099337100983e-02
4.228992387652397156e-03
7.548633962869644165e-03
1.051116921007633209e-02
-9.813683107495307922e-03
5.288851447403430939e-03
1.715026097372174263e-03
4.439370706677436829e-03
2.988428995013237000e-02
2.336657047271728516e-02
-1.228685118257999420e-02
-3.244170174002647400e-02
-3.476526215672492981e-02
-3.545838966965675354e-02
-4.103338345885276794e-02
-4.229848086833953857e-02
-3.234114125370979309e-02
-3.856602311134338379e-02
-5.720709636807441711e-02
-1.585860177874565125e-02
-1.371059846132993698e-02
-1.206192467361688614e-02
8.551096543669700623e-03
-4.264592193067073822e-03
-1.568502979353070259e-03
-2.449857536703348160e-03
-2.785186283290386200e-02
-4.058497771620750427e-02
-3.308862075209617615e-02
3.351685882080346346e-04
-1.044904813170433044e-02
1.472106948494911194e-02
-6.377103272825479507e-03
-4.851313307881355286e-03
6.191263906657695770e-03
2.107283100485801697e-02
5.911557469516992569e-03
-1.128566917032003403e-02
2.182072727009654045e-03
2.505320496857166290e-02
6.125824898481369019e-02
9.688848629593849182e-03
4.338762536644935608e-02
4.797649383544921875e-02
-3.529394790530204773e-02
-1.348414923995733261e-02
-3.622877178713679314e-03
3.858784586191177368e-02
3.784894943237304688e-02
3.286601603031158447e-02
3.672254458069801331e-02
3.371083363890647888e-02
4.192434996366500854e-02
-1.347568817436695099e-03
3.868211992084980011e-03
9.203743538819253445e-04
-1.020956132560968399e-02
-9.793259669095277786e-04
1.539840945042669773e-03
1.550637767650187016e-03
-1.544393319636583328e-02
-3.819009754806756973e-03
1.106534269638359547e-03
-1.117866858839988708e-02
6.340191699564456940e-03
-1.933807693421840668e-02
-1.582253351807594299e-02
-1.787818223237991333e-02
-5.867626052349805832e-03
-2.331329882144927979e-02
-3.377673774957656860e-02
-2.197242714464664459e-02
-3.943280130624771118e-02
-2.161633037030696869e-02
1.789207756519317627e-02
1.002574805170297623e-02
2.278736501466482878e-04
1.852152310311794281e-02
5.016025155782699585e-03
8.656386286020278931e-03
-1.917947083711624146e-02
-1.233483757823705673e-02
-1.680838502943515778e-02
2.323137596249580383e-02
1.790448650717735291e-02
-6.184637080878019333e-03
-1.437950506806373596e-02
-1.574600674211978912e-02
-2.298875153064727783e-02
-4.641753807663917542e-02
-6.001841649413108826e-02
-3.912030905485153198e-02
-1.092803140636533499e-04
1.217075530439615250e-02
1.951192272827029228e-03
1.151788048446178436e-03
-8.539234288036823273e-03
-4.382456187158823013e-03
-3.407905623316764832e-02
-1.293671038001775742e-02
-1.063039246946573257e-02
1.388538163155317307e-02
-4.806303884834051132e-03
4.523127863649278879e-04
-1.568376459181308746e-02
-7.260499056428670883e-03
-8.748119696974754333e-03
-4.958687932230532169e-04
-3.616018686443567276e-03
-8.457625284790992737e-03
-3.707660362124443054e-02
-3.758043423295021057e-02
-5.005685985088348389e-02
-2.706351876258850098e-02
-3.219850361347198486e-02
-2.731551602482795715e-02
-1.286162063479423523e-02
-1.222251448780298233e-02
-3.033996000885963440e-02
1.630711741745471954e-02
-1.489093620330095291e-02
-2.910785935819149017e-02
4.579940345138311386e-03
-2.045280858874320984e-02
-1.787895336747169495e-02
-2.270510792732238770e-02
-1.958461292088031769e-02
-3.795618936419487000e-02
-4.606774449348449707e-02
-4.400679469108581543e-02
-4.879339411854743958e-02
-4.100102931261062622e-02
-4.646141827106475830e-02
-5.837130546569824219e-02
-3.774534445255994797e-03
-1.663674414157867432e-02
-2.972863614559173584e-02
-6.099414080381393433e-03
1.598575618118047714e-03
-2.485711872577667236e-02
9.292199276387691498e-03
1.787518523633480072e-02
-6.259667221456766129e-03
-2.440715953707695007e-02
6.495585665106773376e-03
-3.347182413563132286e-03
-1.890397816896438599e-02
-5.540507845580577850e-03
-2.392845926806330681e-03
-3.403500840067863464e-02
-8.690988644957542419e-03
6.907615810632705688e-03
-1.570554263889789581e-02
5.469019990414381027e-03
2.745659649372100830e-02
-1.038002874702215195e-02
3.644370939582586288e-03
3.224683180451393127e-02
7.943782024085521698e-03
1.409598719328641891e-02
5.005429312586784363e-02
1.458543632179498672e-02
3.715924173593521118e-02
3.148019686341285706e-02
-2.070893766358494759e-03
9.760606102645397186e-03
-5.359042901545763016e-03
-4.596462938934564590e-03
-5.981191061437129974e-03
-1.025615539401769638e-02
-5.888609215617179871e-03
-2.402902580797672272e-02
-2.401385083794593811e-02
-2.187836728990077972e-02
-7.005932275205850601e-03
3.492256859317421913e-03
-2.062575519084930420e-02
1.110563706606626511e-02
-1.285958569496870041e-04
-1.561411563307046890e-02
1.361499633640050888e-02
2.182886749505996704e-02
-2.527658641338348389e-02
-2.859619073569774628e-02
-2.498479560017585754e-02
-1.233932189643383026e-02
6.567833945155143738e-03
8.401420898735523224e-03
-1.704492419958114624e-02
-3.822978585958480835e-02
-2.057368494570255280e-02
1.492287497967481613e-02
1.531044952571392059e-02
6.016353610903024673e-03
2.879024855792522430e-02
2.685827575623989105e-02
3.979146853089332581e-02
1.933377422392368317e-02
1.952698454260826111e-02
2.635888569056987762e-02
1.561108790338039398e-02
4.015601705759763718e-03
1.727110473439097404e-03
3.734848648309707642e-02
4.063734784722328186e-02
1.942217536270618439e-02
1.613643020391464233e-02
2.753597684204578400e-02
2.554118447005748749e-02
-7.119619287550449371e-03
5.022921832278370857e-04
-6.682359613478183746e-03
5.700144916772842407e-03
2.788903424516320229e-03
-1.764313504099845886e-02
-2.019034931436181068e-03
6.262622773647308350e-03
1.669200602918863297e-03
-1.347197103314101696e-03
-2.603935822844505310e-02
-4.886273294687271118e-03
1.969684846699237823e-02
-1.555247977375984192e-02
-2.107139490544795990e-02
3.158161416649818420e-02
7.146440329961478710e-04
-2.007162012159824371e-02
1.777958497405052185e-02
7.493190467357635498e-03
4.465573932975530624e-03
1.425640564411878586e-02
1.648787222802639008e-02
2.844356559216976166e-02
-2.268695086240768433e-02
-1.040597259998321533e-02
1.606636494398117065e-02
2.978654205799102783e-02
1.947068050503730774e-02
-8.623771369457244873e-03
8.793324232101440430e-03
3.523540915921330452e-03
8.878741413354873657e-03
-1.914512552320957184e-02
-1.144761499017477036e-02
-4.142159596085548401e-03
2.667466411367058754e-03
-1.071546506136655807e-02
-2.113912254571914673e-02
-1.484328648075461388e-03
-1.034617703408002853e-02
-2.471882849931716919e-02
2.551157958805561066e-03
5.655445158481597900e-03
2.239357214421033859e-03
3.784123808145523071e-02
2.188934013247489929e-02
4.477039445191621780e-03
5.731308832764625549e-02
4.131541773676872253e-02
2.205265313386917114e-02
2.986571937799453735e-02
1.581967622041702271e-02
2.695354819297790527e-02
5.850873421877622604e-03
-2.835485851392149925e-03
-4.099286161363124847e-03
-3.944504540413618088e-03
-9.840628132224082947e-03
-3.388013318181037903e-02
1.839757338166236877e-02
1.613914594054222107e-02
-1.935241185128688812e-02
2.824696339666843414e-02
1.146977674216032028e-02
3.911482170224189758e-03
9.163388982415199280e-03
3.023038432002067566e-02
2.098438516259193420e-02
1.027465332299470901e-02
7.354703266173601151e-03
2.159020304679870605e-02
-2.776574576273560524e-03
-3.789507900364696980e-04
-1.249366346746683121e-02
1.492694299668073654e-02
1.308566704392433167e-02
2.573968609794974327e-03
-1.055858796462416649e-03
3.087240457534790039e-02
3.316876664757728577e-02
-2.965688519179821014e-02
-5.063522607088088989e-02
-4.820746555924415588e-02
-2.856889180839061737e-02
-4.204678162932395935e-02
-3.736261650919914246e-02
-1.949911937117576599e-02
-3.727827221155166626e-02
-3.633132204413414001e-02
-1.443145796656608582e-02
-2.209046483039855957e-02
-3.273150697350502014e-02
8.279645815491676331e-03
1.150259003043174744e-02
-1.125587034039199352e-03
4.642955958843231201e-03
3.080115467309951782e-02
4.561854153871536255e-02
9.940690360963344574e-03
3.714665770530700684e-02
3.863925859332084656e-02
4.296955093741416931e-02
4.120815917849540710e-02
4.737597331404685974e-02
3.044995293021202087e-02
8.639278821647167206e-03
-4.067804664373397827e-03
3.135932236909866333e-02
2.258752100169658661e-02
9.159381501376628876e-03
2.821026183664798737e-02
1.426582597196102142e-02
-2.632419811561703682e-03
1.850139908492565155e-02
5.596975330263376236e-03
-2.034725807607173920e-02
-2.549796737730503082e-02
3.172335401177406311e-02
4.018303379416465759e-02
-4.641298204660415649e-02
4.869780037552118301e-03
4.681747779250144958e-02
-3.292240574955940247e-02
7.500712759792804718e-03
4.427348822355270386e-02
-1.719029247760772705e-02
4.845277406275272369e-03
3.495769575238227844e-03
-1.726130582392215729e-02
-2.583315409719944000e-02
-4.475073423236608505e-03
-1.911057159304618835e-02
-1.916697248816490173e-02
-1.024879608303308487e-02
4.355338588356971741e-02
8.086747489869594574e-03
-2.146785263903439045e-04
2.496513165533542633e-02
5.878196563571691513e-03
-1.047862321138381958e-02
2.301085740327835083e-03
9.364085271954536438e-04
-1.918812841176986694e-02
-2.104028128087520599e-02
-4.843550268560647964e-03
-2.538703382015228271e-03
-2.364010782912373543e-03
-1.593429036438465118e-02
3.264247672632336617e-03
-1.456710230559110641e-02
-1.686422899365425110e-02
-1.156010944396257401e-02
-3.142319992184638977e-02
-2.805065549910068512e-02
-1.334086898714303970e-02
-3.624111413955688477e-02
-5.175675824284553528e-02
-4.854040592908859253e-02
-7.786784321069717407e-03
-4.451261088252067566e-02
-5.596516653895378113e-02
-2.131544612348079681e-02
-2.084377966821193695e-02
-2.300211973488330841e-02
-3.334037726745009422e-03
-2.526759356260299683e-02
-3.995043784379959106e-02
3.339650575071573257e-03
-2.144802920520305634e-02
-3.859040886163711548e-02
-2.582719735801219940e-02
-3.271559625864028931e-02
-2.391457185149192810e-02
2.132174372673034668e-02
-6.158474367111921310e-03
1.370142214000225067e-02
2.392562106251716614e-02
1.796191185712814331e-02
1.875765062868595123e-02
-3.026621602475643158e-02
-3.235144540667533875e-02
-3.148156404495239258e-02
4.241917282342910767e-03
-4.985911771655082703e-03
-1.364001445472240448e-02
1.842069067060947418e-02
1.527543831616640091e-02
8.809040300548076630e-03
3.897050628438591957e-03
1.877029135357588530e-04
-7.748185191303491592e-03
1.018453110009431839e-02
-6.124577019363641739e-03
-2.896907366812229156e-02
-7.000073092058300972e-04
-1.948733255267143250e-02
-1.789540797472000122e-02
-2.862383238971233368e-02
-2.067587524652481079e-02
-1.527365855872631073e-02
-2.593349479138851166e-02
-2.544443123042583466e-02
-1.406924799084663391e-02
2.269984222948551178e-03
-3.978601191192865372e-03
-6.212092936038970947e-03
1.773978397250175476e-02
-7.241625804454088211e-03
1.237493567168712616e-02
7.592763286083936691e-03
9.227904491126537323e-03
1.303432602435350418e-02
4.258000990375876427e-05
9.693902917206287384e-03
5.454768892377614975e-03
-2.065179310739040375e-02
2.635184675455093384e-02
4.310966655611991882e-02
-1.252549979835748672e-02
5.357888527214527130e-03
3.553323447704315186e-02
-8.908466435968875885e-03
-2.547052316367626190e-02
-2.610010467469692230e-02
5.365731194615364075e-03
1.030631642788648605e-02
-1.352697424590587616e-02
-8.679147809743881226e-03
-5.973963066935539246e-03
-8.627240546047687531e-03
7.138898596167564392e-03
-2.163423970341682434e-02
3.428926691412925720e-03
-1.894127577543258667e-02
-4.986045882105827332e-03
-4.884231835603713989e-03
-8.442083373665809631e-03
1.100198645144701004e-02
-2.695760456845164299e-03
8.986202999949455261e-03
1.442290470004081726e-02
-7.849538698792457581e-03
1.155319344252347946e-02
-1.396423322148621082e-03
-1.299910130910575390e-03
3.086413443088531494e-02
1.795992068946361542e-02
1.501148846000432968e-02
4.440969973802566528e-02
3.872256726026535034e-02
2.382117137312889099e-02
1.916631241329014301e-03
1.040391065180301666e-02
1.260199025273323059e-02
1.552661508321762085e-02
-7.185096386820077896e-03
-3.134136553853750229e-03
2.515351772308349609e-02
2.504111966118216515e-03
-8.242345415055751801e-03
1.048889197409152985e-02
6.792375352233648300e-03
-3.386547323316335678e-04
1.036156527698040009e-02
1.107918471097946167e-02
-1.033164840191602707e-02
-8.804705925285816193e-03
3.345189616084098816e-03
-3.718439722433686256e-03
-4.535535816103219986e-03
2.213461510837078094e-02
2.267432399094104767e-02
-2.548454701900482178e-02
2.638895623385906219e-02
2.321899309754371643e-02
-2.955101989209651947e-02
-1.859285682439804077e-02
1.885127462446689606e-02
-2.333076484501361847e-02
9.431120008230209351e-03
1.082014851272106171e-02
-2.405256219208240509e-02
9.889245964586734772e-03
1.283995620906352997e-02
-1.632227189838886261e-02
-1.954622380435466766e-02
1.045517716556787491e-02
-5.329614505171775818e-03
-1.141718239523470402e-03
-3.910219669342041016e-02
8.982346393167972565e-03
1.646367646753787994e-02
-1.220325008034706116e-02
1.771261729300022125e-02
3.041936270892620087e-02
-3.338723257184028625e-02
-1.686283573508262634e-02
9.358741343021392822e-03
-3.032266721129417419e-02
-1.786960288882255554e-02
-1.235945522785186768e-02
-1.876973733305931091e-02
-1.806063950061798096e-02
8.480776450596749783e-04
2.353985793888568878e-02
5.697422847151756287e-02
3.013161569833755493e-02
-2.680469863116741180e-02
9.089652448892593384e-02
5.063665285706520081e-02
-3.971320018172264099e-02
7.005020976066589355e-02
4.992807656526565552e-02
-3.013024665415287018e-02
-8.953216485679149628e-03
1.482924353331327438e-02
5.076438561081886292e-02
-8.646460250020027161e-03
-2.430371753871440887e-02
3.391892835497856140e-02
1.005398668348789215e-02
-2.953931502997875214e-02
-2.628926746547222137e-02
2.471916750073432922e-02
1.779828965663909912e-02
3.632975369691848755e-02
5.313606467097997665e-03
-9.224331937730312347e-03
1.888007484376430511e-02
-1.899630762636661530e-02
-3.147143498063087463e-02
1.155217736959457397e-02
-1.567148976027965546e-02
1.308963075280189514e-02
4.021951556205749512e-02
-3.115867823362350464e-02
1.287804637104272842e-02
3.744738176465034485e-02
-3.600775077939033508e-02
-1.702896505594253540e-02
1.993243582546710968e-02
-2.559722401201725006e-02
-4.324959963560104370e-02
-1.291284710168838501e-02
-1.046440005302429199e-02
-2.791124396026134491e-02
-1.311351824551820755e-02
1.570804230868816376e-02
-5.536152515560388565e-03
8.284254930913448334e-03
-1.792423240840435028e-02
5.005357787013053894e-03
-3.230575472116470337e-02
-1.215660740854218602e-04
7.201987784355878830e-03
-2.260687202215194702e-02
2.180617116391658783e-02
5.801282823085784912e-03
-1.610542763955891132e-03
2.449722960591316223e-02
3.337904065847396851e-02
1.507345307618379593e-02
-1.117159426212310791e-02
1.973100006580352783e-02
1.728859171271324158e-02
-1.403212826699018478e-02
3.018048126250505447e-03
1.406423933804035187e-02
-3.055910393595695496e-02
5.062161479145288467e-03
1.271409541368484497e-02
-5.900570005178451538e-02
-2.819945104420185089e-02
-3.742836415767669678e-02
-2.248687669634819031e-02
-3.328655660152435303e-02
-4.727546498179435730e-02
8.349449373781681061e-03
1.570366293890401721e-04
-1.118450611829757690e-02
-3.406521677970886230e-02
-3.026849403977394104e-02
-3.949504811316728592e-03
-1.031443942338228226e-02
-3.667364269495010376e-02
-2.740262635052204132e-02
6.264778971672058105e-02
8.957626670598983765e-02
3.048171848058700562e-02
8.228613436222076416e-02
1.153186783194541931e-01
7.813413441181182861e-02
6.528003141283988953e-03
5.850358679890632629e-02
8.079421520233154297e-02
-4.668833315372467041e-02
-1.152141019701957703e-02
2.646435983479022980e-02
-3.165934234857559204e-02
-1.030642306432127953e-03
2.069385908544063568e-02
-2.979400008916854858e-02
-3.973893076181411743e-02
1.538472622632980347e-02
1.738495007157325745e-02
-7.000201847404241562e-03
-5.199989676475524902e-02
5.352325737476348877e-02
3.747545927762985229e-02
-2.853085985407233238e-03
6.016502156853675842e-02
7.410733401775360107e-02
4.387879744172096252e-02
-4.440613836050033569e-02
-7.644434925168752670e-03
-1.426117215305566788e-02
-8.658460341393947601e-03
-6.706964969635009766e-02
-6.251071393489837646e-02
-2.488538622856140137e-02
-6.059982627630233765e-02
-6.656481325626373291e-02
-3.038103459402918816e-04
-6.253978703171014786e-03
3.124940907582640648e-03
7.621161639690399170e-03
-3.221424296498298645e-03
1.688630320131778717e-02
1.763885281980037689e-02
2.860520966351032257e-02
2.326215058565139771e-02
1.730562001466751099e-02
1.375158783048391342e-02
1.121210749261081219e-03
1.976152509450912476e-02
3.634008392691612244e-02
2.384652756154537201e-02
-2.496357075870037079e-02
-2.166233211755752563e-02
2.282904088497161865e-02
3.096469305455684662e-02
2.493986487388610840e-02
7.453992497175931931e-03
-7.112990133464336395e-03
-2.000546827912330627e-02
-9.786480106413364410e-03
-3.799230605363845825e-02
-7.524625211954116821e-02
-5.353770032525062561e-02
-2.206595242023468018e-02
-1.584351807832717896e-02
-4.624775052070617676e-02
-2.974141947925090790e-02
-1.784268021583557129e-02
-3.391286358237266541e-02
7.431155070662498474e-03
-2.016725391149520874e-02
-2.448876015841960907e-02
-3.575909137725830078e-02
-3.272818773984909058e-02
2.173654036596417427e-03
-7.727834396064281464e-03
-3.016901388764381409e-02
-1.107935607433319092e-02
-5.975221283733844757e-03
-2.823492512106895447e-02
-1.138352323323488235e-03
1.365270465612411499e-03
-1.862738514319062233e-03
3.880870714783668518e-02
-2.356860972940921783e-02
-9.580549784004688263e-03
-4.558178596198558807e-03
-5.877858400344848633e-02
-6.201539188623428345e-02
-2.499233558773994446e-02
-1.930497959256172180e-02
-2.012964151799678802e-02
-2.004652284085750580e-02
1.572834141552448273e-02
1.786064729094505310e-02
-3.409488592296838760e-03
2.594580501317977905e-02
3.310106322169303894e-02
2.393296547234058380e-02
2.584669040516018867e-03
-5.619181692600250244e-02
-6.977052241563796997e-02
-3.024624660611152649e-02
-4.676138609647750854e-02
-5.992921441793441772e-02
-3.224993869662284851e-02
-8.440121746389195323e-05
-1.896547153592109680e-02
-6.078403443098068237e-03
1.242716889828443527e-02
3.977295383810997009e-02
2.851555310189723969e-02
6.008216738700866699e-02
7.895619422197341919e-02
2.268554456532001495e-02
7.773502171039581299e-02
1.032130867242813110e-01
-1.256472710520029068e-02
1.016052998602390289e-02
3.717029839754104614e-02
-4.634598735719919205e-03
2.268921583890914917e-02
2.543207257986068726e-02
5.505111999809741974e-03
-9.968220256268978119e-03
2.207725541666150093e-03
5.372098181396722794e-03
-9.048962034285068512e-03
2.965392731130123138e-02
-2.952668443322181702e-02
-3.347745910286903381e-02
-7.412326522171497345e-04
-4.816418141126632690e-02
-4.786983877420425415e-02
2.021208172664046288e-03
2.839466929435729980e-02
3.009253740310668945e-02
7.293350528925657272e-03
2.547626011073589325e-02
1.578694954514503479e-02
3.313073539175093174e-04
3.705264627933502197e-02
-1.383631606586277485e-03
-7.454832550138235092e-03
-7.850190741010010242e-04
-5.175444297492504120e-03
1.460984535515308380e-02
-5.285423249006271362e-02
-2.191583439707756042e-02
-8.357930928468704224e-03
-4.521194100379943848e-02
-4.575237631797790527e-02
-1.939581520855426788e-02
-1.462463941425085068e-02
-8.523240685462951660e-03
3.075622580945491791e-02
-1.024448964744806290e-02
1.076802518218755722e-02
2.311252802610397339e-02
-3.647470846772193909e-02
8.024690323509275913e-04
1.804754696786403656e-02
5.166422924958169460e-04
-1.631035655736923218e-02
-7.788044866174459457e-03
1.006420236080884933e-03
-6.364858127199113369e-04
4.910293966531753540e-03
-4.792971303686499596e-04
-2.640742808580398560e-02
-2.269979752600193024e-02
-2.579308114945888519e-02
-3.712971135973930359e-02
3.262007841840386391e-03
-1.412843237631022930e-03
-1.771807111799716949e-02
-3.203141968697309494e-03
2.017142251133918762e-02
6.126733205746859312e-05
2.357792109251022339e-04
3.166340291500091553e-02
4.523186758160591125e-02
2.278386615216732025e-02
2.314072102308273315e-02
4.163586720824241638e-02
4.584786668419837952e-02
2.564488165080547333e-02
4.067334160208702087e-02
5.231439322233200073e-02
1.519116852432489395e-02
1.774355536326766014e-03
3.033167449757456779e-03
-1.786842383444309235e-02
-1.903776661492884159e-03
-2.630512695759534836e-03
-2.214294299483299255e-02
-1.812820322811603546e-02
8.000675588846206665e-04
-7.514593657106161118e-03
1.268299762159585953e-02
1.281899400055408478e-02
-9.439515881240367889e-03
2.144934423267841339e-02
2.721041068434715271e-02
-2.994287759065628052e-03
2.108859270811080933e-02
2.572368457913398743e-02
9.041368030011653900e-03
-2.052999479928985238e-04
-1.775291934609413147e-02
1.577384397387504578e-02
-2.428968809545040131e-02
-1.493369508534669876e-02
-3.426090581342577934e-03
-1.669134572148323059e-02
-3.423377638682723045e-03
1.853931322693824768e-02
1.139311864972114563e-02
-2.296628057956695557e-02
-1.232252735644578934e-02
-1.703654415905475616e-02
-6.418328266590833664e-03
4.251271486282348633e-03
-7.208017632365226746e-03
-2.155615016818046570e-03
2.184516005218029022e-02
4.285511560738086700e-03
3.053264692425727844e-03
-2.551248669624328613e-02
-3.291960433125495911e-02
-1.298400107771158218e-02
-3.044419176876544952e-02
-2.916729636490345001e-02
-8.498468436300754547e-03
-8.975044824182987213e-03
-1.188589632511138916e-02
-3.756748046725988388e-03
-2.149238437414169312e-02
-2.325415983796119690e-02
-2.145762369036674500e-02
-6.207463797181844711e-03
-2.502408064901828766e-02
-2.681648358702659607e-02
-1.636330597102642059e-02
-6.640425417572259903e-03
1.321593415923416615e-03
-6.602272391319274902e-03
-4.187474492937326431e-03
3.689274308271706104e-05
-1.694770902395248413e-02
-2.214950742200016975e-03
-1.559304306283593178e-03
-2.338245697319507599e-02
-2.555624209344387054e-02
-6.522521842271089554e-03
-3.915466368198394775e-03
-1.686966232955455780e-02
-1.607162132859230042e-02
-3.560320474207401276e-03
-8.133077993988990784e-03
-1.318122725933790207e-02
4.524648562073707581e-02
3.581882268190383911e-02
4.818346817046403885e-03
2.702996693551540375e-02
-1.050385087728500366e-02
-1.073241885751485825e-02
-2.676565665751695633e-03
-1.992818899452686310e-02
-1.536709628999233246e-02
-2.608279325067996979e-02
-4.773778095841407776e-02
-3.920267149806022644e-02
-5.119040980935096741e-02
-4.146526381373405457e-02
-2.220066823065280914e-02
-5.660455301403999329e-02
-4.066569358110427856e-02
-6.660844199359416962e-03
-3.789297479670494795e-04
-3.537434339523315430e-02
-2.227359637618064880e-02
-2.472096122801303864e-02
-2.791158109903335571e-02
-2.285089343786239624e-02
-4.603106528520584106e-02
-4.714673757553100586e-02
-6.962459068745374680e-03
-2.659390866756439209e-02
-2.464408054947853088e-02
1.059047598391771317e-02
-1.747891493141651154e-02
-4.861840046942234039e-03
-5.300281569361686707e-03
-1.872671581804752350e-02
5.283193313516676426e-04
-8.641444146633148193e-03
1.713623106479644775e-02
1.623354479670524597e-02
1.843455992639064789e-02
2.285865321755409241e-02
5.420620553195476532e-03
2.265490125864744186e-03
1.885819621384143829e-02
1.278155297040939331e-02
-8.303350768983364105e-03
-1.063473150134086609e-02
-1.848476380109786987e-02
-4.107854329049587250e-04
-2.162152715027332306e-02
-1.019694469869136810e-02
1.691273413598537445e-02
-1.286062318831682205e-02
-8.406089036725461483e-04
2.202265709638595581e-02
-2.007051184773445129e-02
3.269881010055541992e-02
3.635128587484359741e-02
-3.637042129412293434e-03
3.213620185852050781e-02
3.409243375062942505e-02
-5.783346947282552719e-03
1.906322129070758820e-02
1.508670486509799957e-02
-2.710361965000629425e-02
-1.783951534889638424e-03
4.017648473381996155e-02
-4.088863730430603027e-03
3.116258420050144196e-02
6.220710277557373047e-02
2.081678435206413269e-02
3.929189592599868774e-02
6.135888397693634033e-02
-1.987248100340366364e-02
-3.006261307746171951e-03
2.384756505489349365e-02
-5.710790865123271942e-04
-8.060522377490997314e-03
8.682196959853172302e-03
3.703131573274731636e-03
1.735030673444271088e-02
1.230694702826440334e-03
2.323958277702331543e-02
1.040794327855110168e-02
-2.457519993185997009e-03
2.463668771088123322e-02
2.380582131445407867e-02
8.700611651875078678e-04
3.147043287754058838e-02
3.094359673559665680e-02
-5.542661994695663452e-03
-1.253846194595098495e-02
-1.935493759810924530e-02
-7.867120206356048584e-03
4.254076338838785887e-04
-7.569205947220325470e-03
-1.868552528321743011e-02
6.319961044937372208e-03
-2.188984304666519165e-02
-3.615175187587738037e-02
4.911790136247873306e-03
1.205671764910221100e-02
7.272440008819103241e-03
1.616792171262204647e-03
1.223150454461574554e-02
9.077379480004310608e-03
1.025129761546850204e-02
1.827806606888771057e-02
1.061840727925300598e-02
3.579637780785560608e-02
3.733943030238151550e-02
-1.653960719704627991e-02
3.899603337049484253e-02
1.677284762263298035e-02
-5.213610827922821045e-03
2.419125847518444061e-02
2.950185909867286682e-02
3.035321086645126343e-02
-3.946879878640174866e-02
-4.147394001483917236e-02
-6.221247836947441101e-03
-5.249341577291488647e-02
-4.754857718944549561e-02
-2.739162184298038483e-02
-3.104557842016220093e-02
-3.400024399161338806e-02
-2.993565052747726440e-02
-1.216361392289400101e-02
-7.707119919359683990e-03
-1.038646977394819260e-02
-2.429338358342647552e-02
7.958544418215751648e-03
9.621842764317989349e-03
-5.108275916427373886e-03
8.276109583675861359e-03
-5.828038323670625687e-03
-2.530159987509250641e-02
-2.122337743639945984e-02
1.466310117393732071e-03
-3.363784402608871460e-02
-8.261983282864093781e-03
1.297598611563444138e-02
-2.633301913738250732e-02
-5.663342308253049850e-03
7.184906397014856339e-03
-3.494067862629890442e-02
-5.488769710063934326e-02
-3.604491055011749268e-02
-2.457429841160774231e-02
-3.427939862012863159e-02
-2.309471368789672852e-02
-2.021241933107376099e-03
-1.061039138585329056e-02
3.717136103659868240e-03
2.947439625859260559e-02
1.930259168148040771e-02
6.014845799654722214e-03
4.343796893954277039e-02
4.194895923137664795e-02
3.257696703076362610e-02
3.842646628618240356e-02
3.132877126336097717e-02
8.080347441136837006e-03
7.216124329715967178e-03
-1.760147977620363235e-03
-8.337177336215972900e-03
2.829360542818903923e-03
4.011933691799640656e-03
6.225469522178173065e-03
2.743070945143699646e-03
1.165704088634811342e-04
1.495574228465557098e-02
-1.599320210516452789e-02
-2.153116650879383087e-02
-7.583343423902988434e-03
-2.655634097754955292e-02
-9.353796020150184631e-03
-2.425236627459526062e-03
-2.531498670578002930e-02
-4.153029527515172958e-03
1.345221698284149170e-02
5.592591594904661179e-03
1.124660391360521317e-02
-5.301898927427828312e-04
1.919431425631046295e-02
2.634343691170215607e-02
1.392962224781513214e-02
4.232132062315940857e-02
3.959731385111808777e-02
3.269440308213233948e-02
4.349988885223865509e-03
1.504671666771173477e-02
2.898463513702154160e-03
4.543818067759275436e-03
8.457229472696781158e-03
1.377987395972013474e-02
2.211818471550941467e-02
2.823974192142486572e-02
9.184257127344608307e-03
-6.972731556743383408e-03
-7.981853559613227844e-03
-6.455135531723499298e-03
1.061150338500738144e-02
1.464859209954738617e-02
-9.334738366305828094e-03
1.556675042957067490e-02
3.757949220016598701e-03
-5.589316599071025848e-03
-5.949598550796508789e-02
-6.144590675830841064e-02
-3.457129001617431641e-02
-4.005723446607589722e-02
-2.449388056993484497e-02
-3.423865139484405518e-02
1.239553000777959824e-02
6.612268276512622833e-03
1.956980116665363312e-02
-1.810286939144134521e-02
-1.409861259162425995e-02
1.688578352332115173e-02
-3.761373832821846008e-02
-4.212395101785659790e-02
-2.504238672554492950e-02
-1.056256052106618881e-02
-4.555251821875572205e-02
-3.998839110136032104e-02
-1.445286814123392105e-02
-8.273665793240070343e-03
5.610423162579536438e-03
-1.968687633052468300e-03
-1.551447436213493347e-02
-6.847730837762355804e-03
3.594357112888246775e-04
-2.893953397870063782e-02
-3.481280803680419922e-02
3.616291098296642303e-03
3.868114575743675232e-02
2.815805375576019287e-02
-1.645998843014240265e-02
5.490518640726804733e-03
2.309622615575790405e-02
-1.868117228150367737e-02
6.612222059629857540e-04
-4.563823342323303223e-03
4.119190201163291931e-02
3.075211308896541595e-02
1.936764642596244812e-02
2.957649156451225281e-02
1.624160073697566986e-02
7.632438559085130692e-03
5.115861445665359497e-02
4.927090927958488464e-02
4.259471595287322998e-02
1.638582162559032440e-02
-1.239161100238561630e-02
-1.461943332105875015e-02
-1.208081725053489208e-03
-1.686422154307365417e-02
-1.348926778882741928e-02
9.939422830939292908e-03
-3.765636123716831207e-03
-8.960305713117122650e-03
3.744115587323904037e-03
4.495037719607353210e-03
1.322766020894050598e-02
-3.157990286126732826e-04
7.177904481068253517e-04
1.198326516896486282e-02
-3.647248260676860809e-03
-7.118266541510820389e-03
3.384535200893878937e-03
1.306758355349302292e-02
-4.546525422483682632e-03
7.563318125903606415e-03
-1.122888084501028061e-02
-2.129066362977027893e-02
-6.416868418455123901e-03
-4.091267287731170654e-02
-4.354823380708694458e-02
-2.701089344918727875e-02
2.361212857067584991e-02
1.157051231712102890e-02
1.048464211635291576e-03
4.117774660699069500e-04
-5.513899493962526321e-03
3.960009664297103882e-03
-1.251951139420270920e-02
1.551881723571568727e-04
2.071024617180228233e-03
-3.972055390477180481e-03
-9.416443295776844025e-03
-1.753526180982589722e-02
-2.567024156451225281e-02
-2.884799055755138397e-02
-4.889613762497901917e-02
-1.621207781136035919e-02
-2.762944623827934265e-02
-3.094279021024703979e-02
-4.726887121796607971e-02
-3.082058578729629517e-02
3.245233092457056046e-03
-2.100508101284503937e-02
-2.336451038718223572e-02
-2.340312860906124115e-02
1.339648850262165070e-02
2.934230957180261612e-03
-7.008214481174945831e-03
-2.348589897155761719e-02
-4.548032954335212708e-02
-2.906815707683563232e-02
-2.636670134961605072e-02
-9.944513440132141113e-03
-1.050530374050140381e-02
-7.351168431341648102e-03
2.952221967279911041e-02
1.635568775236606598e-02
-7.059257943183183670e-03
1.314885728061199188e-02
1.247246749699115753e-02
2.148126065731048584e-02
1.899791881442070007e-02
3.014245443046092987e-02
-6.897001003380864859e-05
1.479816157370805740e-02
2.092467807233333588e-02
-1.673051854595541954e-03
-6.750162225216627121e-03
6.020023953169584274e-03
-1.886395970359444618e-03
6.380373146384954453e-03
-7.551620248705148697e-03
-1.077928394079208374e-02
-8.316822350025177002e-03
-9.284439496695995331e-03
-8.169885724782943726e-03
-5.840028636157512665e-03
-2.931209653615951538e-02
-1.664980128407478333e-02
-4.810819029808044434e-02
-5.316824838519096375e-02
2.023645304143428802e-02
-7.610736880451440811e-03
5.793527234345674515e-03
1.639322261326014996e-03
-5.253494717180728912e-03
-2.080451324582099915e-02
1.992427185177803040e-02
1.635241881012916565e-02
2.173640392720699310e-02
1.185004040598869324e-02
2.950418554246425629e-02
4.177529364824295044e-02
5.067567154765129089e-02
4.385142773389816284e-02
3.176119551062583923e-02
1.331911701709032059e-02
1.402793452143669128e-02
-5.333934910595417023e-03
-2.353082597255706787e-02
-3.259822726249694824e-02
-4.753631725907325745e-02
4.790455102920532227e-03
2.373914793133735657e-02
1.426284946501255035e-02
-2.215416729450225830e-02
-9.622842073440551758e-03
1.542722247540950775e-02
-3.092097118496894836e-02
-2.765958197414875031e-02
-7.863359525799751282e-03
2.388047613203525543e-02
2.096377126872539520e-02
1.348184794187545776e-02
2.498969249427318573e-02
2.108069695532321930e-02
1.882081106305122375e-02
3.480531740933656693e-03
1.130229327827692032e-02
1.122150383889675140e-02
-3.681798279285430908e-02
-4.469752777367830276e-03
-7.671704050153493881e-03
-2.815935574471950531e-02
-2.410489320755004883e-02
-3.460313752293586731e-02
-1.737637259066104889e-02
-1.502256095409393311e-02
-3.188387304544448853e-02
2.358352392911911011e-02
3.564526326954364777e-03
-9.247818961739540100e-03
1.778134703636169434e-02
2.466500923037528992e-02
1.131417881697416306e-02
6.492449343204498291e-02
5.959776043891906738e-02
5.412684381008148193e-02
1.606511138379573822e-02
-1.716767624020576477e-02
-1.166557800024747849e-02
4.089000169187784195e-03
-3.603730723261833191e-02
-4.692436754703521729e-02
-6.415892392396926880e-03
-4.593972861766815186e-02
-3.952763602137565613e-02
-1.786439120769500732e-02
-1.282431557774543762e-02
-1.187482848763465881e-02
-1.901287026703357697e-02
5.657074972987174988e-03
2.392473071813583374e-02
5.935369525104761124e-03
1.261878851801156998e-02
3.084454871714115143e-02
2.847196301445364952e-03
1.127984095364809036e-02
1.155012985691428185e-03
1.282040867954492569e-02
2.203323505818843842e-02
3.240962047129869461e-03
2.248327620327472687e-02
2.950527705252170563e-02
4.779371898621320724e-03
2.991655841469764709e-03
5.598362768068909645e-04
1.755192503333091736e-02
-4.084300994873046875e-02
-5.602612346410751343e-02
-3.867878392338752747e-02
-3.204915672540664673e-02
-4.411188513040542603e-02
-5.258933082222938538e-02
1.367563381791114807e-02
2.437172085046768188e-02
1.999121345579624176e-02
1.767111569643020630e-02
1.070112222805619240e-03
5.115963518619537354e-03
1.301500201225280762e-02
-1.237209886312484741e-02
-1.215964928269386292e-02
3.334853425621986389e-02
2.810314111411571503e-02
-1.116715185344219208e-02
2.523522451519966125e-02
8.791735395789146423e-03
-3.272470086812973022e-02
5.989552941173315048e-03
-1.428866293281316757e-02
-4.973131418228149414e-02
1.220874954015016556e-02
6.649172282777726650e-04
-1.212822925299406052e-02
-4.430511966347694397e-03
-1.994446106255054474e-02
-1.302653271704912186e-02
1.010388508439064026e-02
1.244729012250900269e-02
-5.792756564915180206e-03
7.050005253404378891e-03
-2.124949917197227478e-02
-6.367003545165061951e-03
-1.580803468823432922e-02
-2.004492469131946564e-02
-3.438571467995643616e-03
2.255839668214321136e-02
1.792710088193416595e-02
4.075064323842525482e-03
2.211132086813449860e-03
-2.048043906688690186e-02
-3.347726538777351379e-02
-2.261658012866973877e-02
-3.956456854939460754e-02
-3.668793290853500366e-02
7.230174727737903595e-03
-9.724485571496188641e-04
-7.405532523989677429e-03
-4.424467310309410095e-02
-4.498424753546714783e-02
-3.901907429099082947e-02
-3.209953010082244873e-02
-5.364976823329925537e-02
-6.133900955319404602e-02
3.403634531423449516e-03
-1.868697628378868103e-02
-2.441517263650894165e-02
2.257674559950828552e-02
3.679990023374557495e-02
7.094133645296096802e-03
7.250681053847074509e-03
4.347083717584609985e-02
1.851226948201656342e-02
2.339630387723445892e-03
4.506294615566730499e-03
6.499252282083034515e-03
3.777104895561933517e-03
3.172039240598678589e-02
2.643835730850696564e-02
-1.687164045870304108e-02
-4.414106660988181829e-05
-2.531873760744929314e-03
-4.009146988391876221e-02
-4.550535604357719421e-02
-9.609745815396308899e-03
-2.365929447114467621e-02
-1.267149578779935837e-02
-7.989639416337013245e-03
1.700791344046592712e-02
1.974990591406822205e-02
5.126109346747398376e-03
2.545736543834209442e-02
3.662356361746788025e-02
4.129244387149810791e-02
6.676750723272562027e-03
-5.197168211452662945e-04
7.721197325736284256e-03
1.086072530597448349e-02
-5.223685875535011292e-03
-7.772205863147974014e-03
1.249174587428569794e-02
-1.075211446732282639e-02
-2.384515851736068726e-02
1.027901936322450638e-02
1.814142800867557526e-02
1.450443081557750702e-02
5.730351898819208145e-03
3.491974435746669769e-03
9.521394036710262299e-03
-1.606737263500690460e-02
-3.746327012777328491e-02
-3.278652578592300415e-02
-9.558263234794139862e-03
-1.602261699736118317e-02
-1.800486445426940918e-02
-2.015754394233226776e-02
-1.383299846202135086e-02
-4.086495377123355865e-03
-1.643366739153862000e-02
-4.039149731397628784e-03
2.283483184874057770e-02
-2.162666292861104012e-03
-9.307860396802425385e-03
-3.644713433459401131e-03
1.389153301715850830e-02
1.636422798037528992e-02
3.209148719906806946e-02
-8.442160324193537235e-04
3.781556710600852966e-02
4.071018472313880920e-02
5.461842939257621765e-02
5.785545706748962402e-02
1.740283332765102386e-02
4.051630944013595581e-02
5.458236858248710632e-02
5.850118771195411682e-02
3.867798671126365662e-02
7.180449366569519043e-02
5.248216912150382996e-02
-5.708952434360980988e-03
-7.926783524453639984e-03
1.683415658771991730e-02
-9.273906238377094269e-03
5.734830629080533981e-03
-6.091128569096326828e-03
-2.311971504241228104e-03
9.621884673833847046e-04
-3.897082060575485229e-03
-4.185465164482593536e-03
9.260478429496288300e-03
4.152079054620116949e-04
1.752541027963161469e-02
1.264882646501064301e-02
4.622172564268112183e-03
3.104836912825703621e-03
1.201939652673900127e-03
9.569326066412031651e-04
1.717016845941543579e-02
3.896155580878257751e-02
1.906374469399452209e-02
-2.851061290130019188e-03
2.211765944957733154e-02
4.570974037051200867e-02
-2.884825132787227631e-02
1.277372892946004868e-02
3.343302011489868164e-02
-5.061815958470106125e-03
-5.252650473266839981e-03
-5.026612896472215652e-03
-2.774399705231189728e-02
-2.241594344377517700e-02
-9.756633662618696690e-04
-3.569733351469039917e-02
-3.873687237501144409e-02
-1.069090981036424637e-02
7.354140281677246094e-03
1.398733165115118027e-02
-1.284998096525669098e-02
6.390412338078022003e-03
1.100465655326843262e-02
-1.854402758181095123e-02
-8.977592224255204201e-04
-2.313302271068096161e-02
-1.447900664061307907e-03
1.673356816172599792e-02
1.684092730283737183e-02
1.467541675083339214e-03
2.584271505475044250e-02
4.778710752725601196e-02
3.103075549006462097e-02
5.798462778329849243e-02
6.853502243757247925e-02
3.383091837167739868e-02
-6.335100624710321426e-03
7.512882817536592484e-03
2.256438881158828735e-02
9.489565156400203705e-03
1.033244095742702484e-02
1.735409162938594818e-02
4.116057534702122211e-04
-1.277872594073414803e-03
1.178652700036764145e-02
1.427514851093292236e-02
1.650284230709075928e-02
2.387182042002677917e-02
2.204461768269538879e-02
1.461389008909463882e-02
3.766444744542241096e-03
-9.195726364850997925e-03
-1.673449948430061340e-02
-1.055732369422912598e-02
-1.486301608383655548e-02
-3.061366267502307892e-03
2.029630588367581367e-03
-1.175640500150620937e-03
-1.283581927418708801e-02
-6.978006102144718170e-03
1.828982867300510406e-02
5.911220796406269073e-03
3.315594745799899101e-03
-1.476960838772356510e-03
-2.685428038239479065e-02
2.864773618057370186e-03
-3.547109290957450867e-02
-4.241470992565155029e-02
-3.217275440692901611e-02
-1.127917226403951645e-02
-1.642600074410438538e-02
-1.507185399532318115e-02
6.430613808333873749e-03
6.459043920040130615e-02
6.662487238645553589e-02
4.440997168421745300e-02
5.661698058247566223e-02
4.756509885191917419e-02
4.962122812867164612e-02
4.447772726416587830e-02
3.684680908918380737e-02
-3.447907045483589172e-02
-1.767985150218009949e-02
-2.181443944573402405e-02
9.990487247705459595e-03
2.275573555380105972e-03
-3.784229513257741928e-03
5.347087234258651733e-02
4.281539842486381531e-02
2.341036498546600342e-02
-3.694121912121772766e-02
-1.957717910408973694e-02
6.652649492025375366e-03
-4.887799546122550964e-02
-3.493902087211608887e-02
-2.665969170629978180e-02
-4.017635434865951538e-02
-2.946265786886215210e-02
-2.345405332744121552e-02
-9.926660917699337006e-03
-3.129193931818008423e-02
-6.292499136179685593e-03
-2.918119169771671295e-02
-1.344501972198486328e-02
-2.029217034578323364e-02
-2.045324444770812988e-02
-4.083019122481346130e-02
-2.034467458724975586e-02
1.968903653323650360e-02
2.497565746307373047e-02
1.102970074862241745e-02
1.691009663045406342e-02
2.063773944973945618e-02
1.060637645423412323e-02
2.048574388027191162e-02
1.343799103051424026e-02
3.041564859449863434e-02
2.069020643830299377e-02
-1.296845544129610062e-02
-1.697809062898159027e-02
1.067053712904453278e-02
2.512403298169374466e-03
1.458163000643253326e-02
1.687315292656421661e-02
9.666342288255691528e-03
1.133388467133045197e-02
-5.525567568838596344e-03
-3.776181256398558617e-03
-2.718530595302581787e-03
-1.902756839990615845e-02
-2.606652118265628815e-02
-2.071456052362918854e-02
-2.114136517047882080e-02
-1.319202408194541931e-02
-2.756467647850513458e-02
2.797713689506053925e-02
1.697525195777416229e-02
5.397281609475612640e-03
6.640006904490292072e-04
-2.287779469043016434e-03
4.124987463001161814e-04
-4.078397527337074280e-02
-1.872865296900272369e-02
2.770954975858330727e-03
2.068316377699375153e-02
-1.035715453326702118e-02
-6.990010850131511688e-03
3.813852742314338684e-02
2.289240015670657158e-03
-2.810874767601490021e-02
4.318304732441902161e-02
1.264375913888216019e-02
-1.029883977025747299e-02
-1.293410919606685638e-02
-9.523920714855194092e-03
-1.484613493084907532e-02
-8.716961368918418884e-03
1.141416653990745544e-02
-2.352871187031269073e-02
-3.453367855399847031e-03
8.922560140490531921e-03
-7.070467807352542877e-03
-1.216042041778564453e-02
-1.839067414402961731e-02
-8.426379412412643433e-03
-5.524193402379751205e-03
-1.449540257453918457e-03
-1.030740421265363693e-02
-1.118650753051042557e-02
-1.550543494522571564e-02
-3.999403212219476700e-03
2.986757550388574600e-03
3.831495996564626694e-03
2.238128893077373505e-02
4.612128715962171555e-03
2.617842401377856731e-04
-1.355901826173067093e-02
-1.419651694595813751e-02
8.096959441900253296e-03
-1.062101032584905624e-02
-1.964233117178082466e-03
-1.265157852321863174e-02
-2.783671207726001740e-02
-7.751116529107093811e-03
-2.875326201319694519e-02
-3.004113771021366119e-02
-1.234542857855558395e-02
-2.559926733374595642e-02
-2.637309394776821136e-02
3.472781274467706680e-03
-1.482236757874488831e-02
-3.692915663123130798e-02
1.680489070713520050e-02
-9.994690306484699249e-03
-3.593401983380317688e-02
9.752694517374038696e-03
-8.468546002404764295e-05
-3.081143135204911232e-03
-2.649266272783279419e-02
-1.953773945569992065e-02
-2.905965223908424377e-02
-1.403092872351408005e-02
-1.869351416826248169e-02
-2.939769066870212555e-02
-7.073885295540094376e-03
1.123951934278011322e-02
1.166947558522224426e-02
7.474332302808761597e-02
7.092460244894027710e-02
3.210577741265296936e-02
6.972367316484451294e-02
8.037868142127990723e-02
4.505630210041999817e-02
2.511727996170520782e-02
4.209417104721069336e-02
4.580938071012496948e-02
-4.059929773211479187e-02
-3.879513218998908997e-02
-1.129394397139549255e-02
-2.140376158058643341e-02
-2.413505921140313148e-03
-2.161168493330478668e-02
8.779126219451427460e-03
-1.436417573131620884e-03
-1.434159057680517435e-04
4.503730311989784241e-02
3.408447280526161194e-02
5.089483689516782761e-03
6.007058545947074890e-02
3.368324786424636841e-02
2.515387721359729767e-02
3.235596790909767151e-02
4.506939649581909180e-02
3.399709239602088928e-02
-4.256320372223854065e-02
-5.501893162727355957e-02
-5.218286067247390747e-02
-2.975226379930973053e-02
-2.768572233617305756e-02
-3.135585039854049683e-02
-2.506097964942455292e-02
-2.629795670509338379e-02
-2.540292963385581970e-02
-6.693921983242034912e-03
-6.965207401663064957e-03
-5.386211443692445755e-03
-4.042824730277061462e-03
-3.809095546603202820e-02
-2.056415006518363953e-02
1.301448699086904526e-02
-2.217732253484427929e-04
6.275710184127092361e-03
-2.883073128759860992e-02
1.665267534554004669e-02
-1.044649165123701096e-02
-7.975464686751365662e-03
-3.156386956106871367e-04
-1.098927017301321030e-02
-1.284964941442012787e-02
-1.934045925736427307e-02
-4.043609660584479570e-04
1.524846255779266357e-02
1.045476552098989487e-02
2.997977286577224731e-02
3.146161511540412903e-02
2.691934257745742798e-02
-1.826670719310641289e-03
4.563576728105545044e-02
2.893965505063533783e-02
-7.168293464928865433e-03
3.649090975522994995e-02
1.922580227255821228e-02
-5.119924433529376984e-03
-3.241958256694488227e-05
1.384022086858749390e-02
-3.745884168893098831e-04
-3.504579421132802963e-03
-1.370119047351181507e-03
2.374826557934284210e-02
4.558109492063522339e-02
5.248291790485382080e-02
5.444293096661567688e-02
8.109351247549057007e-02
9.111490100622177124e-02
7.663302123546600342e-02
5.842302739620208740e-02
6.834029406309127808e-02
4.830626025795936584e-02
-5.788986571133136749e-03
-1.720168069005012512e-02
-1.678591012023389339e-03
9.206034592352807522e-04
-3.580091986805200577e-03
3.126188821624964476e-04
-9.964043274521827698e-03
-1.752932323142886162e-03
-1.171134135802276433e-04
-2.762983553111553192e-02
1.441297866404056549e-02
1.766299270093441010e-02
-6.175863090902566910e-03
2.512761391699314117e-02
5.081093404442071915e-03
7.743746507912874222e-03
4.165323451161384583e-03
6.739462260156869888e-03
-4.362738132476806641e-02
-4.114904254674911499e-02
-1.179807260632514954e-02
-6.230599805712699890e-02
-5.422482267022132874e-02
-7.030595839023590088e-02
-5.162062123417854309e-02
-5.871049687266349792e-02
-4.699955135583877563e-02
-9.720389731228351593e-03
-1.416483707726001740e-02
4.870662931352853775e-03
-2.513374201953411102e-02
-1.063461508601903915e-02
-8.362928638234734535e-04
-1.315082795917987823e-02
-3.194655850529670715e-02
-2.169282361865043640e-02
-8.339712396264076233e-03
-9.502635337412357330e-03
-1.686956966295838356e-03
1.216083392500877380e-02
2.127170376479625702e-02
3.572744550183415413e-03
3.194903489202260971e-03
-5.822327919304370880e-03
-1.242652069777250290e-03
3.059192374348640442e-02
3.669811040163040161e-02
1.609374396502971649e-02
4.404148459434509277e-02
3.910192102193832397e-02
4.225078970193862915e-02
3.388625010848045349e-02
5.446754768490791321e-02
3.644476830959320068e-02
-3.707028552889823914e-02
-2.771589532494544983e-02
-2.964435331523418427e-02
-4.462870955467224121e-02
-8.094084449112415314e-03
-7.641612901352345943e-04
2.621831605210900307e-03
5.239228717982769012e-03
1.226757466793060303e-02
-2.816819120198488235e-03
1.151872053742408752e-02
4.601559776347130537e-04
-3.103367798030376434e-02
2.112613059580326080e-03
1.105108298361301422e-02
-3.782420232892036438e-02
-2.089077606797218323e-02
6.207490805536508560e-03
4.875446204096078873e-03
2.694194950163364410e-02
5.278122611343860626e-03
2.865367010235786438e-02
2.329637669026851654e-02
3.660534694790840149e-02
8.948107250034809113e-03
2.709152642637491226e-03
-1.293086353689432144e-02
-3.335583582520484924e-02
-2.771789208054542542e-02
4.991267807781696320e-03
-2.473692595958709717e-02
-4.315828159451484680e-02
-4.528612643480300903e-02
-2.599863708019256592e-02
-4.075976088643074036e-02
-1.912060379981994629e-02
-4.904984310269355774e-02
-3.040731139481067657e-02
-1.835026592016220093e-02
-2.411639690399169922e-02
-1.306812185794115067e-02
-1.038859691470861435e-02
1.108751818537712097e-02
-1.701332628726959229e-03
5.609890446066856384e-03
1.976059004664421082e-02
1.011043880134820938e-02
-5.597597453743219376e-03
3.143448010087013245e-02
3.276460245251655579e-02
9.906656108796596527e-03
1.914207637310028076e-02
3.765771538019180298e-02
2.550984174013137817e-02
6.643473636358976364e-03
-1.035464927554130554e-02
3.094496019184589386e-02
-3.953408077359199524e-02
-3.653733059763908386e-02
6.179996300488710403e-03
-5.432124435901641846e-02
-3.749850019812583923e-02
-8.423737250268459320e-03
4.419778287410736084e-02
7.421564310789108276e-02
4.624178633093833923e-02
5.309266597032546997e-02
5.395389348268508911e-02
5.173356831073760986e-02
3.100302070379257202e-02
3.153527155518531799e-02
3.101584501564502716e-02
2.178107202053070068e-02
-7.505508605390787125e-03
-5.401456728577613831e-03
-1.151770818978548050e-02
-4.742668196558952332e-02
-1.640458358451724052e-03
-1.823556050658226013e-02
-2.243340574204921722e-02
4.795297048985958099e-03
3.011384606361389160e-02
1.816716790199279785e-02
1.234514452517032623e-02
4.214689135551452637e-02
2.307078614830970764e-02
3.445754200220108032e-02
7.336495909839868546e-03
1.520078163594007492e-02
2.506186813116073608e-02
-2.085664868354797363e-02
-3.282493725419044495e-02
-3.589995950460433960e-02
-1.491715479642152786e-02
-3.998997062444686890e-02
-3.644070774316787720e-02
2.270451746881008148e-02
1.784795545972883701e-03
-2.078189328312873840e-02
3.284057974815368652e-02
2.753362618386745453e-02
-4.992194939404726028e-03
2.711162157356739044e-02
2.643520943820476532e-02
3.722516074776649475e-02
2.732528187334537506e-02
4.235848039388656616e-02
5.121445283293724060e-02
1.914471940835937858e-04
-2.232729829847812653e-02
-2.359661646187305450e-02
-3.445319458842277527e-02
-3.651404008269309998e-02
-2.370542287826538086e-02
-1.844244264066219330e-02
-2.262574434280395508e-02
-1.916190609335899353e-02
-2.526580169796943665e-02
-4.243640229105949402e-03
-1.031310763210058212e-02
-5.335344932973384857e-03
-1.719486713409423828e-02
-1.752610690891742706e-02
2.240395639091730118e-03
-1.694531552493572235e-02
-2.939595095813274384e-02
-4.434558376669883728e-02
-3.339110314846038818e-02
-4.399465862661600113e-03
-2.318275719881057739e-02
-1.329061202704906464e-02
-1.921703078551217914e-04
4.042819608002901077e-03
8.864932693541049957e-03
-9.902786463499069214e-03
4.061054810881614685e-02
2.896463684737682343e-02
1.837848126888275146e-02
1.694492623209953308e-02
1.652202755212783813e-02
-4.845754709094762802e-03
4.630243347492069006e-04
3.059009835124015808e-02
1.304297521710395813e-02
-1.972888223826885223e-02
-2.603211253881454468e-02
-3.229579702019691467e-02
-4.767804965376853943e-02
-3.012877702713012695e-02
-3.421710059046745300e-02
-3.430510684847831726e-02
-3.635178506374359131e-02
-3.353602439165115356e-02
7.503184955567121506e-03
3.880023211240768433e-02
3.349759429693222046e-02
2.370519377291202545e-02
5.666589364409446716e-02
6.888477504253387451e-02
3.716119378805160522e-02
9.399726986885070801e-02
1.054143160581588745e-01
-5.637189373373985291e-03
1.712303492240607738e-03
-6.119126919656991959e-03
-1.279625948518514633e-02
-1.600691862404346466e-02
-9.566281805746257305e-04
6.084951572120189667e-03
1.386641245335340500e-02
-3.475302830338478088e-03
5.271011963486671448e-03
1.116183237172663212e-03
-1.087184622883796692e-02
-1.299666007980704308e-03
-3.865964012220501900e-03
-3.831600537523627281e-03
-1.774951815605163574e-02
-1.854966208338737488e-02
-9.772223420441150665e-03
-1.986233703792095184e-02
-6.097537651658058167e-02
-6.460798531770706177e-02
-5.275472253561019897e-02
-6.716251373291015625e-02
-5.538779124617576599e-02
-2.414356917142868042e-02
-4.778248816728591919e-02
-4.054621979594230652e-02
2.853160537779331207e-02
2.569952420890331268e-02
1.353044901043176651e-02
2.387747541069984436e-02
3.456605598330497742e-02
2.215172350406646729e-02
8.585606701672077179e-03
5.969075951725244522e-03
2.542814984917640686e-02
-1.060516946017742157e-02
-3.127227537333965302e-03
-3.390621766448020935e-02
-1.460575312376022339e-02
-1.871085539460182190e-02
-3.156559169292449951e-02
1.397995837032794952e-02
-1.177199278026819229e-02
-3.034281730651855469e-02
8.128037676215171814e-03
8.933207951486110687e-03
1.605963683687150478e-03
-1.853332156315445900e-03
7.351557142101228237e-04
1.389111019670963287e-02
-2.535796491429209709e-03
-3.915491513907909393e-03
1.620170287787914276e-02
2.566131995990872383e-03
-8.665397763252258301e-03
6.376862991601228714e-03
-2.375915087759494781e-02
-4.104595258831977844e-02
-4.648942127823829651e-02
-1.773584261536598206e-02
-2.288291044533252716e-02
-2.443227544426918030e-02
-7.041225675493478775e-03
-1.795103959739208221e-02
-2.234982326626777649e-02
-6.403332576155662537e-03
-1.594782620668411255e-02
-3.321821615099906921e-02
3.756809281185269356e-03
4.119699355214834213e-03
-1.963097974658012390e-02
1.811038935557007790e-03
-9.875128744170069695e-04
-1.282650511711835861e-03
3.693364188075065613e-02
3.906867653131484985e-02
2.083293534815311432e-02
3.935086727142333984e-02
5.623497068881988525e-02
3.718287497758865356e-02
-1.330891996622085571e-02
1.967494562268257141e-02
1.151802367530763149e-03
2.503370866179466248e-02
9.739628992974758148e-03
-8.474402129650115967e-04
4.045411571860313416e-02
6.934080738574266434e-03
-8.389171212911605835e-03
3.272802382707595825e-02
5.147271603345870972e-02
2.878762595355510712e-02
3.102487511932849884e-02
3.347966074943542480e-02
2.443143911659717560e-02
3.199785202741622925e-02
3.682942688465118408e-02
4.356405138969421387e-02
-2.579110907390713692e-03
1.680411584675312042e-02
1.687188446521759033e-02
-1.643949374556541443e-02
-7.392296567559242249e-03
2.206479385495185852e-02
-5.919971503317356110e-03
-4.066353198140859604e-03
-5.006604827940464020e-03
-2.785842306911945343e-02
-3.775075078010559082e-02
-3.314509242773056030e-02
-6.484046578407287598e-02
-4.218764975666999817e-02
-4.151667654514312744e-02
-4.278307408094406128e-02
-2.499485760927200317e-02
-2.154090441763401031e-02
-7.440282497555017471e-03
-6.055643782019615173e-03
-1.528394129127264023e-02
2.162825874984264374e-02
1.587967388331890106e-02
9.874092414975166321e-03
4.350623860955238342e-02
3.371812775731086731e-02
8.741497062146663666e-03
1.218520104885101318e-03
-1.299250987358391285e-03
4.384502302855253220e-03
-1.861456222832202911e-02
-2.940248325467109680e-02
2.324923407286405563e-03
-2.707425132393836975e-02
-3.325120359659194946e-02
-4.904224188067018986e-04
1.692468300461769104e-02
-5.063884891569614410e-03
-1.972812972962856293e-02
-1.789416372776031494e-02
-3.813392668962478638e-02
-2.247229404747486115e-02
-4.438307136297225952e-02
-4.401534050703048706e-02
-4.407053813338279724e-02
1.784498163033276796e-04
3.716015815734863281e-02
2.245378680527210236e-02
2.733924891799688339e-03
3.337487205862998962e-02
3.929728642106056213e-02
-1.147996075451374054e-02
1.120943203568458557e-02
2.873720973730087280e-02
1.602316834032535553e-02
2.130548655986785889e-02
-7.090615574270486832e-03
1.279777660965919495e-02
9.993373416364192963e-03
1.288610137999057770e-02
7.464275229722261429e-03
3.098373115062713623e-02
3.107392787933349609e-02
-1.303817052394151688e-02
-2.988065220415592194e-02
-1.442536711692810059e-02
-1.375245768576860428e-02
-3.777400031685829163e-02
-2.953345887362957001e-02
-2.101558726280927658e-03
-2.067869529128074646e-02
-2.246911637485027313e-02
1.381670590490102768e-03
9.001024067401885986e-03
3.916595596820116043e-03
-2.823438728228211403e-03
7.274152711033821106e-03
2.382373809814453125e-02
2.265313453972339630e-02
6.469716783612966537e-03
2.717811381444334984e-03
1.397804450243711472e-02
3.110107406973838806e-02
4.098717495799064636e-02
2.086498402059078217e-02
2.516975440084934235e-02
1.595398224890232086e-02
5.564992316067218781e-03
1.648239418864250183e-02
3.187239170074462891e-02
-2.526656724512577057e-02
-3.878197865560650826e-03
3.361566923558712006e-03
-2.515119686722755432e-02
-2.556476928293704987e-02
-1.793263293802738190e-02
-9.542272426187992096e-03
-1.699261926114559174e-02
-2.429857105016708374e-02
2.264708513393998146e-03
2.161623723804950714e-02
1.210496481508016586e-02
-1.131803146563470364e-03
2.236025035381317139e-02
2.489701472222805023e-02
7.831511087715625763e-03
4.815610125660896301e-03
-7.334416266530752182e-03
-1.277898787520825863e-03
-2.400098741054534912e-02
-1.035031024366617203e-02
1.244380045682191849e-02
8.473101188428699970e-04
-8.714320138096809387e-03
3.057291358709335327e-02
5.078125279396772385e-03
2.120279968949034810e-04
-2.592152729630470276e-02
-8.553033694624900818e-03
9.086835198104381561e-03
4.144275560975074768e-03
7.531686220318078995e-03
1.119744218885898590e-02
3.342341631650924683e-02
2.067338861525058746e-02
-1.143486611545085907e-02
-2.428780868649482727e-02
-2.089395932853221893e-02
-4.458486661314964294e-02
-3.361983224749565125e-02
-1.439421437680721283e-02
-4.922344814985990524e-03
-2.237244322896003723e-02
-4.716484341770410538e-03
2.355523034930229187e-02
1.971540227532386780e-02
2.161964401602745056e-02
2.025842294096946716e-02
1.462740357965230942e-02
1.573828980326652527e-02
4.260707180947065353e-03
9.673074819147586823e-03
-6.140140350908041000e-03
-7.390393875539302826e-03
-1.678439043462276459e-02
-1.713527552783489227e-02
9.177053347229957581e-03
3.268552571535110474e-02
1.635208167135715485e-02
2.332692593336105347e-02
3.256388753652572632e-02
4.209348186850547791e-02
3.010800667107105255e-02
-8.529818616807460785e-03
-1.187984459102153778e-02
-1.847040466964244843e-02
4.398596473038196564e-03
-4.690115340054035187e-03
-1.965686678886413574e-02
-5.003941711038351059e-03
-4.483352415263652802e-03
-2.080051414668560028e-02
1.825581118464469910e-02
6.720205303281545639e-03
-3.099512076005339622e-03
1.630377955734729767e-02
2.139464206993579865e-02
-6.965487264096736908e-03
3.286077408120036125e-03
4.342361353337764740e-03
-1.509970147162675858e-02
2.103512408211827278e-03
7.267134729772806168e-03
2.365867048501968384e-02
7.841477170586585999e-03
3.371130209416151047e-03
3.114775940775871277e-02
3.268912807106971741e-02
3.505545854568481445e-02
8.475113660097122192e-03
1.127083692699670792e-02
8.998484350740909576e-03
6.700340192764997482e-03
-5.930906627327203751e-03
-5.732171237468719482e-03
-2.861901931464672089e-02
-2.317206002771854401e-02
-2.678205817937850952e-02
-2.520454116165637970e-02
-3.597217425704002380e-02
-3.841116651892662048e-02
-4.510831460356712341e-02
-2.754569798707962036e-02
-1.577611081302165985e-02
-2.649597451090812683e-02
-3.031566739082336426e-02
-6.536402739584445953e-03
-8.505210280418395996e-03
-2.733028493821620941e-02
-3.687297925353050232e-02
-2.440023422241210938e-02
4.433886613696813583e-03
-4.391710087656974792e-02
-3.032801859080791473e-02
3.351472318172454834e-02
6.090674549341201782e-03
-8.255471475422382355e-03
-1.721789501607418060e-02
-1.730396971106529236e-02
1.178060565143823624e-02
-1.513654086738824844e-02
-2.310613542795181274e-02
-1.098369155079126358e-02
-1.054608356207609177e-02
-1.044617593288421631e-02
2.244947943836450577e-03
-3.029498085379600525e-02
-2.123391255736351013e-02
-3.512291982769966125e-02
-1.480321772396564484e-02
1.226395019330084324e-03
-1.525255106389522552e-02
-9.384221397340297699e-03
-6.030883640050888062e-03
-2.046773210167884827e-02
2.052603522315621376e-03
-1.990422420203685760e-02
-8.726461790502071381e-03
5.974925588816404343e-03
-1.179544068872928619e-02
-2.821966260671615601e-02
2.158449031412601471e-02
-8.494532667100429535e-03
-2.347870171070098877e-02
4.906449001282453537e-03
5.338178947567939758e-03
-3.475457895547151566e-03
-3.183748805895447731e-03
2.293124794960021973e-02
-1.780463755130767822e-02
-3.133809659630060196e-03
1.776049286127090454e-02
-6.340576335787773132e-03
-1.537266094237565994e-02
-1.292500458657741547e-02
-1.153083611279726028e-02
-4.558125976473093033e-03
-3.105934709310531616e-02
-3.585661947727203369e-02
-8.576950058341026306e-03
-1.293403003364801407e-02
-1.748101040720939636e-02
-2.449704147875308990e-02
-1.811729185283184052e-02
-1.396338921040296555e-02
-2.003939636051654816e-02
-3.443980589509010315e-03
-8.291278965771198273e-03
-6.792735075578093529e-04
-1.606679288670420647e-03
-3.184494003653526306e-02
-5.018887668848037720e-02
-5.145696923136711121e-02
-4.170181229710578918e-02
-6.099392101168632507e-02
-3.832282871007919312e-02
-4.584461823105812073e-02
-4.586058855056762695e-02
-1.493396144360303879e-02
-1.013002917170524597e-02
-1.145387440919876099e-02
-7.371514104306697845e-03
1.297778449952602386e-03
-1.548284431919455528e-03
-1.788334222510457039e-03
4.283221438527107239e-03
1.126955822110176086e-02
9.311271831393241882e-03
-2.208966296166181564e-03
-8.886267431080341339e-03
-1.764091476798057556e-02
2.078711427748203278e-02
1.840062788687646389e-03
-4.798479378223419189e-03
1.003027241677045822e-02
-2.259355038404464722e-03
-1.642906293272972107e-02
-3.215575590729713440e-02
-2.314315922558307648e-02
-7.453230209648609161e-04
-6.997880060225725174e-03
-4.116827622056007385e-02
-7.117871195077896118e-03
3.887103404849767685e-03
-1.345075480639934540e-02
-7.882357574999332428e-03
4.934674594551324844e-03
2.595301531255245209e-02
3.227865323424339294e-02
3.623896464705467224e-02
3.647353500127792358e-02
5.027816444635391235e-02
1.117001753300428391e-02
1.136967260390520096e-02
3.612715378403663635e-02
1.970481500029563904e-02
5.140839889645576477e-02
6.276953965425491333e-02
4.612209647893905640e-02
6.700464338064193726e-02
7.037691771984100342e-02
5.909790098667144775e-02
3.260339796543121338e-02
4.244818538427352905e-02
1.261319313198328018e-02
1.362931448966264725e-03
-1.238585449755191803e-02
-2.202598145231604576e-03
-3.275788947939872742e-02
-3.514823690056800842e-02
-5.552397109568119049e-03
-3.540564700961112976e-02
-1.984826102852821350e-02
-5.767985712736845016e-03
2.813356695696711540e-03
4.771586507558822632e-03
-2.457138150930404663e-02
1.980974897742271423e-02
1.307910960167646408e-02
-2.328316867351531982e-02
2.798957936465740204e-02
1.406334247440099716e-02
2.115178667008876801e-02
1.738932728767395020e-02
3.325004503130912781e-02
3.740433603525161743e-02
3.817418217658996582e-02
5.386443063616752625e-02
3.514714911580085754e-02
6.011697649955749512e-02
6.411678344011306763e-02
1.429600920528173447e-02
6.798428017646074295e-03
2.081895247101783752e-02
3.337087854743003845e-02
7.892852649092674255e-03
2.585000358521938324e-02
3.954967856407165527e-02
-1.094656065106391907e-02
-3.984313458204269409e-03
1.305997557938098907e-02
-1.076137274503707886e-02
-1.663290709257125854e-02
-1.077217888087034225e-02
-5.979619454592466354e-03
-1.834226888604462147e-03
1.091871992684900761e-03
1.638600043952465057e-02
3.425348550081253052e-02
2.020275034010410309e-02
1.045938953757286072e-02
1.258241012692451477e-02
-2.562636882066726685e-02
-7.744648028165102005e-03
-1.488035265356302261e-02
-2.546860836446285248e-02
-1.883892714977264404e-02
-4.081417992711067200e-02
-3.694842383265495300e-02
5.461273714900016785e-02
8.527448773384094238e-02
6.225104257464408875e-02
8.870392292737960815e-02
1.131749525666236877e-01
1.121340617537498474e-01
5.353305488824844360e-02
9.749122709035873413e-02
7.031588256359100342e-02
-6.149389781057834625e-03
-1.482201460748910904e-02
-2.017603442072868347e-02
-1.106311799958348274e-03
-6.496084388345479965e-03
-1.256684400141239166e-02
-8.436933159828186035e-03
1.945742056705057621e-03
-3.270278451964259148e-03
2.243712358176708221e-02
1.854203827679157257e-02
2.151479385793209076e-02
9.953808970749378204e-03
6.371441297233104706e-03
1.031243428587913513e-02
-9.309308603405952454e-03
2.482170239090919495e-03
2.450578100979328156e-02
-1.146293617784976959e-02
6.037438753992319107e-03
1.227039750665426254e-02
-5.046930164098739624e-03
-6.919543258845806122e-03
3.687057178467512131e-03
3.570425789803266525e-03
-4.506145790219306946e-02
-2.015976235270500183e-02
2.087742462754249573e-02
1.687224954366683960e-02
5.804732209071516991e-04
1.570000313222408295e-02
-8.146301843225955963e-03
3.210116643458604813e-03
1.579742645844817162e-03
-1.314069610089063644e-02
-1.995018124580383301e-02
1.286667026579380035e-02
3.368450701236724854e-02
7.200832478702068329e-03
2.613472007215023041e-02
4.036484286189079285e-02
5.275104567408561707e-02
-1.232952717691659927e-02
2.414905466139316559e-02
2.840048260986804962e-02
6.134191644378006458e-04
1.218531094491481781e-02
8.569177240133285522e-03
4.871116019785404205e-03
2.589699439704418182e-02
7.070827297866344452e-03
8.650631643831729889e-03
8.415760472416877747e-03
2.492547035217285156e-02
-6.578351370990276337e-03
-3.874577954411506653e-02
4.889135714620351791e-03
-1.923681423068046570e-02
-2.443426847457885742e-02
-1.785828359425067902e-02
-3.061523474752902985e-02
-3.423807397484779358e-02
-2.834024839103221893e-02
3.819979727268218994e-03
5.596546921879053116e-03
1.259098574519157410e-02
1.165729854255914688e-02
2.462181262671947479e-02
3.392726555466651917e-02
-7.362561300396919250e-03
2.096746675670146942e-02
1.584134879522025585e-03
-4.510578885674476624e-02
-2.815853990614414215e-02
-1.181478612124919891e-02
-1.034532301127910614e-02
2.764895558357238770e-03
5.888036452233791351e-03
7.755962200462818146e-03
4.338018596172332764e-02
3.150341659784317017e-02
2.128087915480136871e-02
2.076926641166210175e-02
6.144950166344642639e-04
1.842951960861682892e-02
1.128553412854671478e-02
1.002133917063474655e-02
3.101295232772827148e-02
4.938577488064765930e-02
7.236184086650609970e-03
3.653214871883392334e-02
7.638159394264221191e-02
7.327264547348022461e-02
4.951107874512672424e-02
6.765323132276535034e-02
6.421260535717010498e-02
2.557178400456905365e-02
5.961664393544197083e-02
2.667924016714096069e-02
9.651814587414264679e-03
4.538558050990104675e-02
5.962092056870460510e-02
-4.072791710495948792e-02
4.361700732260942459e-03
1.811257749795913696e-02
-8.278086781501770020e-02
-8.998890221118927002e-02
-4.482864961028099060e-02
-2.139480970799922943e-02
-3.284921124577522278e-02
-2.615069411695003510e-02
1.403494388796389103e-03
-6.666220724582672119e-03
-7.637469097971916199e-03
-8.934817160479724407e-04
-9.869352914392948151e-03
-1.004647649824619293e-02
-7.631247281096875668e-04
-1.954029500484466553e-02
-1.427629962563514709e-02
1.127443648874759674e-02
1.272439956665039062e-02
1.174740307033061981e-02
6.999469362199306488e-03
2.618410065770149231e-02
2.011026628315448761e-02
-5.434060003608465195e-03
7.556932512670755386e-03
8.509330451488494873e-03
-1.824263110756874084e-02
-2.515461854636669159e-02
8.745702914893627167e-03
-3.560202196240425110e-02
-2.725692652165889740e-02
-1.340083777904510498e-02
2.825789712369441986e-02
4.452848806977272034e-02
1.973806135356426239e-02
2.082283608615398407e-02
3.309983015060424805e-02
6.763305049389600754e-03
1.053270511329174042e-02
-9.774569189175963402e-04
9.332253597676753998e-03
-3.674250096082687378e-02
-9.598484262824058533e-03
1.786157255992293358e-03
-2.202203311026096344e-02
-3.881909186020493507e-03
1.798720844089984894e-02
5.950723774731159210e-03
9.181640110909938812e-03
1.080951094627380371e-02
5.028886720538139343e-02
4.928383976221084595e-02
1.833633519709110260e-02
5.412136018276214600e-02
3.578747808933258057e-02
1.506186462938785553e-02
2.234004810452461243e-02
1.676431298255920410e-02
2.243226859718561172e-03
7.823926280252635479e-04
-1.066407654434442520e-02
-2.839828468859195709e-02
-3.763852873817086220e-04
-1.529959123581647873e-02
-6.931645330041646957e-03
2.341809449717402458e-03
-8.063342422246932983e-03
3.378452965989708900e-03
7.435353007167577744e-03
4.390394315123558044e-02
2.704469114542007446e-02
-2.338149212300777435e-02
1.285446435213088989e-02
2.125217765569686890e-02
-1.173083763569593430e-02
-9.303253144025802612e-03
9.659645147621631622e-03
6.126519292593002319e-03
2.385337138548493385e-03
-2.783366665244102478e-02
5.359596572816371918e-03
-1.127293799072504044e-02
-2.212528698146343231e-02
4.035400226712226868e-03
-2.561180666089057922e-02
-1.071017817594110966e-03
2.163626020774245262e-03
-5.145987961441278458e-03
2.147717587649822235e-02
1.323249936103820801e-02
-2.375844679772853851e-02
3.134494414553046227e-03
1.625771820545196533e-02
-2.873221179470419884e-03
-3.265453875064849854e-02
-1.711210235953330994e-02
4.964448511600494385e-03
1.558568701148033142e-02
-2.593767270445823669e-02
-6.477727583842352033e-05
-7.596984039992094040e-03
-2.711250446736812592e-02
-1.027226727455854416e-02
-2.854092605412006378e-02
-2.666137367486953735e-02
-1.652476191520690918e-02
4.593846970237791538e-04
1.804334856569766998e-02
9.982136078178882599e-03
1.780748553574085236e-02
1.237922534346580505e-02
8.310075849294662476e-03
2.150403102859854698e-03
-3.631774336099624634e-02
-1.757477410137653351e-02
2.073473297059535980e-02
-1.480499561876058578e-02
-6.914635188877582550e-03
1.025604922324419022e-02
-1.767929270863533020e-02
-1.189147867262363434e-02
-6.755718961358070374e-03
4.854200780391693115e-02
7.057695835828781128e-02
4.039955139160156250e-02
6.424330174922943115e-02
7.272302359342575073e-02
5.415634810924530029e-02
3.397125378251075745e-02
6.822997331619262695e-02
4.484611004590988159e-02
2.574434876441955566e-02
1.838026009500026703e-02
1.675697421887889504e-04
8.071161806583404541e-03
4.408844106364995241e-04
1.197168510407209396e-02
1.402283646166324615e-02
1.387227419763803482e-02
-1.297617214731872082e-03
-1.646959222853183746e-02
1.454617921262979507e-02
3.132770210504531860e-02
-4.440922057256102562e-04
3.370358375832438469e-03
2.156729623675346375e-02
7.014254108071327209e-03
1.400981377810239792e-02
2.269640564918518066e-02
-3.413589298725128174e-02
-4.267438128590583801e-02
-4.002881422638893127e-02
-2.694439701735973358e-02
-3.694562241435050964e-02
-2.352365292608737946e-02
-4.128198605030775070e-03
-2.275670133531093597e-02
-2.547154761850833893e-02
-6.008229684084653854e-03
-2.884448878467082977e-02
-2.918073721230030060e-02
-6.720685400068759918e-03
-3.395720943808555603e-02
-2.186977304518222809e-02
-1.126028411090373993e-02
-4.366565495729446411e-02
-1.655583828687667847e-02
1.679614000022411346e-02
4.490203410387039185e-02
2.721394412219524384e-02
-4.662942665163427591e-04
1.960817538201808929e-02
1.320999488234519958e-02
5.206779576838016510e-03
2.897994033992290497e-02
1.506126718595623970e-03
-5.017643328756093979e-03
1.052126474678516388e-02
2.555885165929794312e-02
-1.854323595762252808e-02
-6.731110159307718277e-03
2.325875870883464813e-02
-1.710729300975799561e-02
8.285884745419025421e-03
9.471436031162738800e-03
-1.334992237389087677e-02
-1.887557283043861389e-02
-1.557795796543359756e-02
-2.431222004815936089e-03
-5.098255816847085953e-03
-4.038263112306594849e-03
-5.416041705757379532e-03
-1.576416008174419403e-02
5.925449077039957047e-03
1.055529434233903885e-02
1.019865740090608597e-02
-2.206561341881752014e-02
-8.662186563014984131e-03
-3.097381442785263062e-02
-4.267279431223869324e-02
-2.075600810348987579e-02
-4.580934345722198486e-02
-3.803901001811027527e-02
2.909865789115428925e-02
2.048301137983798981e-02
2.209208160638809204e-02
2.137065865099430084e-02
1.881552301347255707e-02
2.897655032575130463e-02
2.168497629463672638e-02
2.433802373707294464e-02
8.418099954724311829e-03
-1.693460904061794281e-02
-2.063623629510402679e-02
-1.983245462179183960e-02
-3.207879886031150818e-02
-3.575802221894264221e-02
-2.667780593037605286e-02
-2.193146198987960815e-02
6.821031682193279266e-03
2.918533608317375183e-02
-1.912889815866947174e-02
-7.265519816428422928e-03
-6.344971712678670883e-03
-4.474790021777153015e-02
-2.192115783691406250e-02
4.979826975613832474e-03
-4.292917251586914062e-02
-1.835397258400917053e-02
9.978746995329856873e-03
2.661101706326007843e-02
5.951502546668052673e-02
3.963444381952285767e-02
5.851035565137863159e-02
3.243559971451759338e-02
1.566021703183650970e-02
2.789886854588985443e-02
-5.784113891422748566e-03
-2.987637184560298920e-02
-1.072718575596809387e-02
-2.382490225136280060e-02
-3.687845543026924133e-02
-7.199588231742382050e-03
-3.914272785186767578e-02
-3.463253006339073181e-02
-1.667418517172336578e-02
-3.941137343645095825e-02
-4.241049289703369141e-02
3.053217008709907532e-02
3.309295326471328735e-02
2.231216989457607269e-02
2.598409354686737061e-02
6.973353680223226547e-03
1.962199993431568146e-02
-3.140210872516036034e-03
3.577166004106402397e-03
4.045000299811363220e-03
-4.687468707561492920e-02
-4.198998585343360901e-02
-1.584708876907825470e-02
-5.523367598652839661e-02
-6.006263196468353271e-02
-3.541060909628868103e-02
-3.786871582269668579e-02
-7.111347466707229614e-02
-3.729492798447608948e-02
2.293739095330238342e-02
8.927132003009319305e-03
-1.147014368325471878e-02
1.545354444533586502e-02
1.000730972737073898e-02
-3.330136090517044067e-02
-3.074744308833032846e-04
-5.259121302515268326e-03
-2.798135578632354736e-02
5.486102774739265442e-02
4.951056092977523804e-02
7.260230369865894318e-03
3.914424404501914978e-02
3.997782990336418152e-02
2.945264615118503571e-02
8.906177245080471039e-03
1.880827546119689941e-02
-1.707293558865785599e-03
1.029476616531610489e-02
1.907393708825111389e-02
1.607023552060127258e-02
-2.461631374899297953e-04
9.757908061146736145e-03
1.634654961526393890e-02
-1.550629036501049995e-03
-1.191619969904422760e-02
-1.230686344206333160e-02
-1.940398593433201313e-03
2.653500624001026154e-02
7.857612334191799164e-03
1.947809197008609772e-02
2.770009078085422516e-02
3.951928392052650452e-02
-8.439433760941028595e-03
1.606588624417781830e-02
2.581668272614479065e-02
1.227961573749780655e-02
1.903473772108554840e-02
4.680373240262269974e-03
-5.357545451261103153e-04
-2.222091192379593849e-03
1.196310948580503464e-02
-2.939679659903049469e-02
-2.345041371881961823e-02
6.866539362818002701e-03
-1.341299805790185928e-02
7.512696087360382080e-03
3.767430549487471581e-03
1.497139688581228256e-02
2.622924931347370148e-02
1.729919016361236572e-02
2.003035321831703186e-02
3.286832571029663086e-02
4.199741408228874207e-02
-8.703248575329780579e-03
-1.844569668173789978e-02
-3.407801687717437744e-02
8.336736820638179779e-03
-2.147163177141919732e-04
-3.576986491680145264e-02
2.568392828106880188e-02
6.830896716564893723e-03
-2.001181244850158691e-02
-5.365640972740948200e-04
-5.798842757940292358e-03
8.166184998117387295e-04
-4.777469672262668610e-03
-4.266093950718641281e-03
2.449302002787590027e-03
-2.769828774034976959e-02
-1.140147540718317032e-02
1.767545007169246674e-03
-8.891560137271881104e-03
-6.263391114771366119e-03
-2.367381379008293152e-02
3.942159470170736313e-03
-1.001982390880584717e-02
-3.599319607019424438e-02
-9.225646033883094788e-03
-1.538854371756315231e-02
-3.119880147278308868e-02
3.976556006819009781e-03
3.584968391805887222e-03
1.166765484958887100e-02
-2.299964195117354393e-03
-1.366201601922512054e-02
-5.933802109211683273e-03
-4.914827179163694382e-03
-1.969808526337146759e-02
-4.176628310233354568e-03
1.622492261230945587e-02
-7.901061908341944218e-04
-1.819798909127712250e-02
5.263133905827999115e-03
-9.067036211490631104e-03
-1.883921772241592407e-02
1.015888061374425888e-02
-4.738947842270135880e-03
-2.256771549582481384e-02
1.011008583009243011e-02
-4.291926510632038116e-03
-1.804319210350513458e-02
3.196195140480995178e-02
1.754898764193058014e-02
9.242251515388488770e-03
1.916985400021076202e-02
1.640877872705459595e-02
2.845584787428379059e-02
-7.360445801168680191e-03
-1.353656291030347347e-03
1.002888567745685577e-02
1.124677713960409164e-02
1.628920808434486389e-02
1.297534536570310593e-02
4.559575463645160198e-04
4.007972776889801025e-03
-6.221542134881019592e-03
5.300736986100673676e-03
-5.946338642388582230e-03
-3.429240081459283829e-03
-3.064683172851800919e-03
-2.099339617416262627e-04
-2.877009101212024689e-02
-1.095501123927533627e-03
-1.773687452077865601e-02
-2.505861781537532806e-02
7.000927813351154327e-03
3.328877501189708710e-03
-7.005591876804828644e-03
-1.527249150967691094e-05
1.709191943518817425e-03
4.347032867372035980e-03
1.990381069481372833e-02
7.152387406677007675e-03
9.826151654124259949e-03
-8.005190640687942505e-03
-5.589736625552177429e-03
-1.743164844810962677e-02
-2.180677279829978943e-02
-2.021536789834499359e-02
-4.559589922428131104e-02
-3.662740811705589294e-02
-4.917341843247413635e-02
-5.193987861275672913e-02
-1.419898401945829391e-02
-1.517200656235218048e-02
-6.381301674991846085e-03
-1.140677276998758316e-02
-2.442850731313228607e-02
-1.842399314045906067e-02
-1.988924806937575340e-03
-1.205694861710071564e-02
-8.891195058822631836e-03
6.509921513497829437e-04
-2.392542734742164612e-02
-1.957599259912967682e-02
-1.051452290266752243e-02
-3.880668058991432190e-02
-3.075630776584148407e-02
-7.415190804749727249e-03
-1.672472245991230011e-02
-1.459824573248624802e-02
1.902579702436923981e-02
1.638777554035186768e-02
-1.083518099039793015e-02
1.950157992541790009e-02
1.577408239245414734e-02
-5.410707555711269379e-03
2.337091602385044098e-02
4.859394393861293793e-04
-3.612586529925465584e-03
-1.030762773007154465e-02
-1.420255098491907120e-02
-3.684452734887599945e-03
-3.035888262093067169e-02
-3.329374641180038452e-02
-3.697583824396133423e-02
-3.842479363083839417e-02
-3.076752461493015289e-02
-3.305314108729362488e-02
-2.911106310784816742e-02
-8.019063621759414673e-03
4.823124967515468597e-03
-3.403146564960479736e-02
-3.415498882532119751e-03
1.625589281320571899e-02
-2.941539511084556580e-02
1.622044295072555542e-02
3.810014203190803528e-02
2.351230196654796600e-02
4.956412129104137421e-03
-6.750224158167839050e-03
9.446410462260246277e-03
1.816246425732970238e-03
-4.075745586305856705e-03
6.616795435547828674e-03
2.465658821165561676e-03
-3.701642854139208794e-03
1.138306595385074615e-02
1.809075847268104553e-02
2.763083204627037048e-03
1.130913011729717255e-02
1.307902019470930099e-02
-6.025241222232580185e-03
9.602832607924938202e-03
2.352484129369258881e-02
-3.097827779129147530e-03
-4.883232992142438889e-03
3.037241986021399498e-03
6.202335469424724579e-03
-2.158156409859657288e-02
-1.439211145043373108e-02
1.945428666658699512e-03
1.295201387256383896e-02
4.937009885907173157e-03
1.190724666230380535e-03
2.004455402493476868e-02
4.536909982562065125e-03
-6.810105405747890472e-03
1.456086430698633194e-02
4.886697977781295776e-03
-1.822700537741184235e-02
4.099851474165916443e-03
-1.460456848144531250e-02
-2.190440334379673004e-02
-5.635385401546955109e-03
-1.789637655019760132e-02
-2.729023620486259460e-02
-8.029222488403320312e-03
-1.752816140651702881e-02
-1.318179443478584290e-02
-8.280513808131217957e-03
-9.597982279956340790e-03
1.394697930663824081e-02
3.761811926960945129e-02
1.498258858919143677e-02
4.237036686390638351e-03
6.787107139825820923e-02
4.950063675642013550e-02
1.066557038575410843e-02
6.491743028163909912e-02
5.278897285461425781e-02
3.582500666379928589e-02
-4.199914474156685174e-05
-1.794394291937351227e-02
-2.486102841794490814e-02
1.153409294784069061e-02
-3.608770493883639574e-04
-1.167268678545951843e-02
3.918005619198083878e-03
2.852139063179492950e-02
1.635146513581275940e-02
-8.707098662853240967e-03
-2.137725241482257843e-02
-1.647932082414627075e-02
3.205799032002687454e-03
-1.093926560133695602e-02
-1.427067816257476807e-02
2.915750024840235710e-03
-1.304218359291553497e-02
-1.460985559970140457e-02
-4.125228151679039001e-03
-1.051271148025989532e-02
-1.485118176788091660e-02
7.312014698982238770e-03
-4.694817122071981430e-03
-2.780001983046531677e-02
1.108385622501373291e-03
-1.485209818929433823e-02
-3.002472966909408569e-02
2.241126447916030884e-02
4.042143002152442932e-03
-1.174763962626457214e-02
2.820222824811935425e-02
2.942533232271671295e-02
-1.014053076505661011e-02
3.223156556487083435e-02
1.764801330864429474e-02
1.311108237132430077e-03
1.192973926663398743e-02
7.486910559237003326e-03
2.587625756859779358e-03
2.196316607296466827e-02
1.604668796062469482e-02
3.649571537971496582e-02
8.568754419684410095e-03
2.969701401889324188e-02
2.984943427145481110e-02
-1.726706326007843018e-02
-3.135652514174580574e-03
-1.121385372243821621e-03
-4.116756841540336609e-02
-2.809104882180690765e-02
-1.191839296370744705e-02
-3.686531633138656616e-02
-1.358877494931221008e-02
-4.704436287283897400e-03
-3.342873603105545044e-02
1.223046239465475082e-02
1.826445013284683228e-02
-3.202728182077407837e-02
-4.087506793439388275e-03
1.155404467135667801e-02
-3.422460332512855530e-02
-6.217759102582931519e-03
1.531581021845340729e-02
-3.438170999288558960e-02
-2.306898497045040131e-02
-2.084593474864959717e-02
-4.271243885159492493e-02
-3.162624686956405640e-02
-1.663895882666110992e-02
-3.253279998898506165e-02
-2.237805724143981934e-02
-3.869601758196949959e-03
-2.424658648669719696e-02
2.380809187889099121e-02
5.050431564450263977e-02
-8.090025745332241058e-03
5.962016060948371887e-02
7.038341462612152100e-02
-6.847685202956199646e-03
5.737753957509994507e-02
7.085911184549331665e-02
-8.659848012030124664e-03
-2.311571734026074409e-03
-1.604291051626205444e-02
2.077827043831348419e-02
1.756199169903993607e-03
-2.007879875600337982e-02
3.349059820175170898e-02
9.037791751325130463e-03
2.233461663126945496e-02
-2.541241003200411797e-03
2.458889794070273638e-04
-1.479552779346704483e-02
-1.573365740478038788e-02
-5.600886419415473938e-03
-2.009052969515323639e-02
-2.728184498846530914e-02
-2.694970928132534027e-02
-2.368286438286304474e-02
7.248640758916735649e-04
-1.395180728286504745e-02
1.425514114089310169e-03
3.737872466444969177e-03
2.946999738924205303e-04
1.125522330403327942e-02
-5.041618831455707550e-03
5.645363708026707172e-04
1.106400135904550552e-02
-2.879956364631652832e-02
-2.087242901325225830e-03
1.112462393939495087e-02
-1.947381533682346344e-03
1.495649293065071106e-02
-1.555305998772382736e-02
6.067004054784774780e-03
-3.555292496457695961e-03
-2.980751730501651764e-02
-8.613846264779567719e-03
1.396158710122108459e-02
3.599886223673820496e-02
-1.230112044140696526e-03
9.265948086977005005e-03
1.465235091745853424e-02
3.276155563071370125e-03
-2.667811885476112366e-02
-3.389484947547316551e-03
-1.140436809509992599e-02
1.477184798568487167e-02
3.310028463602066040e-02
-1.309828367084264755e-02
1.783979125320911407e-02
3.012996725738048553e-02
2.443431643769145012e-03
-1.178034488111734390e-02
1.711367815732955933e-02
-2.299821935594081879e-02
1.717687584459781647e-02
3.187579289078712463e-02
1.611328125000000000e-02
3.533982485532760620e-02
5.807872116565704346e-02
2.617267332971096039e-02
4.091308265924453735e-02
6.215968728065490723e-02
7.982149254530668259e-04
5.085999146103858948e-02
4.932752624154090881e-02
1.979953795671463013e-02
2.868217416107654572e-02
5.915926769375801086e-02
1.583453640341758728e-02
2.281666547060012817e-02
2.626726403832435608e-02
4.966640099883079529e-02
3.162380680441856384e-02
-1.406831014901399612e-02
6.522183865308761597e-02
2.811053209006786346e-02
-9.230853058397769928e-03
3.060127422213554382e-02
5.104813724756240845e-03
-1.780334301292896271e-02
-1.255926396697759628e-02
-1.335910148918628693e-02
1.023220736533403397e-02
2.044657478109002113e-03
1.124953618273139000e-03
-1.934107975102961063e-03
9.746639989316463470e-03
2.654902078211307526e-02
1.181917637586593628e-02
-1.667138747870922089e-02
-2.202359959483146667e-02
-1.727774739265441895e-02
-4.668694734573364258e-02
-1.426232140511274338e-02
-2.605680376291275024e-02
-2.137693949043750763e-02
-3.193261101841926575e-02
-6.762498058378696442e-03
1.148039009422063828e-02
-3.169017285108566284e-02
9.869249770417809486e-04
3.154772520065307617e-02
-1.403576508164405823e-02
-3.144309669733047485e-02
3.448650985956192017e-02
2.475117798894643784e-03
-2.641891129314899445e-02
1.640656590461730957e-02
-1.359648257493972778e-02
-1.765380240976810455e-02
2.822728129103779793e-03
-3.680052608251571655e-02
-2.736404165625572205e-02
-2.536824904382228851e-02
-3.140733018517494202e-02
-5.854483693838119507e-03
-3.457619994878768921e-02
-3.786854678764939308e-03
-1.913378946483135223e-02
-4.392437264323234558e-02
-3.005016595125198364e-02
-1.140315830707550049e-02
-1.626883633434772491e-02
-3.747048228979110718e-02
1.267647743225097656e-02
-2.795043215155601501e-02
-2.167070657014846802e-02
1.918780058622360229e-02
-2.071901224553585052e-02
-7.547192508354783058e-04
-1.926064374856650829e-03
-3.405398223549127579e-03
2.593516744673252106e-02
-7.056199945509433746e-03
-4.078008234500885010e-02
-2.938199043273925781e-02
-1.233810465782880783e-02
-2.233251556754112244e-02
-4.079780355095863342e-02
-3.611197322607040405e-02
-3.184095397591590881e-02
-3.773003816604614258e-02
-2.388598956167697906e-02
-4.273457452654838562e-03
-3.524630144238471985e-02
-2.525103464722633362e-02
1.135512068867683411e-02
-2.858759276568889618e-02
-4.357669129967689514e-02
7.526353467255830765e-03
-3.016992285847663879e-02
-3.443413972854614258e-02
-2.380907535552978516e-02
1.300939917564392090e-02
2.843469008803367615e-02
-1.196100190281867981e-02
2.621102146804332733e-03
3.894856572151184082e-02
-6.167126353830099106e-03
-8.569510653614997864e-03
3.528292477130889893e-02
8.040085231186822057e-05
2.786597050726413727e-02
5.486983805894851685e-02
-9.664091281592845917e-03
7.804484106600284576e-03
1.844147406518459320e-02
-2.327322214841842651e-02
-5.320325959473848343e-03
1.016828883439302444e-02
-3.131418675184249878e-02
-1.569109968841075897e-03
2.635832503437995911e-02
-6.853594910353422165e-03
9.708317928016185760e-03
2.404703013598918915e-02
1.739595085382461548e-02
8.071477524936199188e-03
-8.286163210868835449e-04
-2.933566085994243622e-02
1.370133925229310989e-02
3.264551982283592224e-02
-3.669173642992973328e-02
-1.415208727121353149e-02
1.312351040542125702e-02
-1.773022487759590149e-02
-4.264983907341957092e-02
2.717098686844110489e-03
-4.400548990815877914e-03
-1.522997114807367325e-02
-3.628918528556823730e-02
2.320664189755916595e-02
2.841799519956111908e-02
-2.759583294391632080e-02
2.066812850534915924e-02
2.053037285804748535e-02
-3.228495270013809204e-02
-2.441397495567798615e-02
-9.836888872087001801e-03
1.924733817577362061e-02
2.847919240593910217e-03
2.105743996798992157e-02
2.826936915516853333e-02
2.066154778003692627e-02
3.933102265000343323e-02
4.018591716885566711e-02
1.076010242104530334e-02
1.169080380350351334e-02
-3.415052080526947975e-03
4.871682729572057724e-03
5.491659976541996002e-03
-1.233227644115686417e-02
-3.163031861186027527e-02
3.701558569446206093e-03
-3.188720205798745155e-03
4.524534195661544800e-02
5.157866701483726501e-02
2.339835651218891144e-02
2.892974391579627991e-02
4.344157129526138306e-02
7.991397287696599960e-04
9.672189131379127502e-03
3.921254724264144897e-02
-4.088054411113262177e-03
-8.031327161006629467e-04
9.039268828928470612e-03
1.972408406436443329e-02
-2.453321218490600586e-02
-7.339579518884420395e-03
3.928215801715850830e-02
-2.919676713645458221e-02
-1.046194974333047867e-02
2.452958747744560242e-02
-1.882168464362621307e-02
6.463579367846250534e-03
1.456802245229482651e-02
-1.072360295802354813e-02
1.925726793706417084e-02
1.798404008150100708e-02
2.371465088799595833e-04
-5.576393567025661469e-03
2.986888401210308075e-02
-1.854055561125278473e-02
2.490075677633285522e-02
3.686054423451423645e-02
-1.263536047190427780e-02
1.708483695983886719e-02
6.931113451719284058e-02
-4.221828654408454895e-03
3.736151009798049927e-02
6.284418702125549316e-02
-3.297976404428482056e-02
-3.501286730170249939e-02
-1.255263760685920715e-02
-1.092180609703063965e-03
-3.275660565122961998e-03
3.874189034104347229e-02
6.505475845187902451e-03
3.901435434818267822e-02
2.163871750235557556e-02
5.347706377506256104e-03
-2.201635157689452171e-03
1.788280345499515533e-02
1.154326274991035461e-02
4.479148890823125839e-03
2.428968623280525208e-02
7.338186260312795639e-03
2.261587977409362793e-02
2.868694067001342773e-02
-1.683709956705570221e-02
-1.562162581831216812e-02
-2.222263067960739136e-02
-9.705059230327606201e-03
-3.407120704650878906e-02
-3.738076984882354736e-02
-3.671226650476455688e-02
-5.938693881034851074e-02
-6.225105747580528259e-02
2.341936156153678894e-02
2.147207595407962799e-02
3.019264712929725647e-02
3.208200633525848389e-02
3.921604715287685394e-03
1.697750017046928406e-02
3.850589320063591003e-02
2.731505595147609711e-02
2.161165326833724976e-02
-1.092797331511974335e-02
-2.401530742645263672e-02
5.953258369117975235e-04
-1.984422467648983002e-02
-2.382782474160194397e-02
-2.907296875491738319e-03
-3.927551209926605225e-02
-3.014565072953701019e-02
8.795812726020812988e-03
1.224078144878149033e-02
4.617424681782722473e-02
3.575283661484718323e-02
1.663419790565967560e-02
3.979111090302467346e-02
4.586962983012199402e-02
7.829807698726654053e-03
3.725053369998931885e-02
4.909661412239074707e-02
-5.323453247547149658e-02
-3.177501261234283447e-02
1.848440268076956272e-03
-1.589576527476310730e-02
-4.783198237419128418e-03
3.035956807434558868e-02
-2.006923314183950424e-03
5.570663884282112122e-02
6.162536144256591797e-02
3.525180742144584656e-03
-1.526278536766767502e-02
-3.215306252241134644e-02
-1.439833175390958786e-02
-2.257774397730827332e-02
-2.363072335720062256e-02
-1.870685815811157227e-02
-1.800617948174476624e-02
-2.323799021542072296e-02
1.360077224671840668e-02
2.022244036197662354e-02
7.584305480122566223e-03
2.059645950794219971e-02
-5.198766477406024933e-03
2.713363431394100189e-02
9.745582938194274902e-04
1.561122573912143707e-02
1.918401196599006653e-02
1.789854466915130615e-02
-3.750750049948692322e-02
-2.483081631362438202e-02
-1.468335743993520737e-02
-4.167306050658226013e-02
-1.085806544870138168e-02
-1.068946719169616699e-02
-1.159689202904701233e-02
2.070202492177486420e-02
-5.840563680976629257e-03
-1.561619061976671219e-02
-1.942145451903343201e-02
5.795271135866641998e-04
1.251859311014413834e-02
-2.285706065595149994e-02
3.981839865446090698e-03
3.828032640740275383e-03
-1.203534007072448730e-02
1.131844706833362579e-02
-7.610243628732860088e-04
-4.491287842392921448e-02
1.374321058392524719e-02
1.161805726587772369e-02
-2.973824739456176758e-02
-1.691084355115890503e-02
-2.544229663908481598e-02
-5.275890976190567017e-02
-1.685970649123191833e-02
-6.378393154591321945e-03
-1.146429590880870819e-02
-1.434229593724012375e-02
-2.243971452116966248e-02
-7.735894061625003815e-03
-2.032399550080299377e-02
-1.005611103028059006e-02
-2.286796085536479950e-02
6.161229219287633896e-03
-3.621583059430122375e-02
-6.546633690595626831e-02
-1.190279610455036163e-03
-4.705917090177536011e-02
-3.635538741946220398e-02
-1.819404400885105133e-02
-3.010116517543792725e-02
-3.081599995493888855e-02
9.740347974002361298e-03
-1.376062538474798203e-02
-3.415140882134437561e-02
-1.402979344129562378e-02
-1.624975726008415222e-02
-9.174963459372520447e-03
-3.815945703536272049e-03
-2.115976763889193535e-03
8.972004987299442291e-03
-3.163060545921325684e-02
-1.513756997883319855e-02
-2.179883187636733055e-03
-2.518128836527466774e-03
-5.863329279236495495e-04
3.225987777113914490e-02
3.302165120840072632e-02
2.203699946403503418e-02
3.140586614608764648e-02
1.072398386895656586e-02
6.835083477199077606e-04
-3.818817436695098877e-02
-1.174144633114337921e-02
2.429788000881671906e-03
-2.449312061071395874e-02
1.104794908314943314e-02
2.702132984995841980e-02
-5.595877300947904587e-03
-9.768567048013210297e-03
-1.335599366575479507e-02
2.700334042310714722e-02
-7.512972224503755569e-03
8.929293602705001831e-03
3.884364292025566101e-02
8.074764162302017212e-03
8.666782639920711517e-03
1.123281382024288177e-02
-2.022723481059074402e-02
-4.005860909819602966e-02
-3.726344183087348938e-02
-4.139905422925949097e-02
-5.514413118362426758e-02
-2.555412240326404572e-02
-3.758119046688079834e-02
-1.800913177430629730e-02
2.356460783630609512e-03
9.688204154372215271e-03
1.097012870013713837e-02
-3.902482986450195312e-02
4.100707918405532837e-02
1.483577676117420197e-02
-2.938009798526763916e-02
2.293231710791587830e-02
4.726984072476625443e-03
-3.930755332112312317e-02
3.192794509232044220e-03
3.751852735877037048e-02
5.323202908039093018e-02
2.605869993567466736e-02
2.422367781400680542e-02
4.146058112382888794e-02
-2.661345293745398521e-03
-3.608147054910659790e-02
-8.001247420907020569e-03
-6.994230207055807114e-03
-1.740855164825916290e-02
-1.698508299887180328e-02
-1.980565860867500305e-02
1.345542911440134048e-02
-1.127607561647891998e-02
8.764573372900485992e-03
2.159648720407858491e-04
-1.678645983338356018e-02
7.235646247863769531e-03
1.030333247035741806e-02
-8.378396742045879364e-03
-1.917301415232941508e-04
-2.325920853763818741e-03
-2.145873196423053741e-02
-2.217513881623744965e-02
-2.461342886090278625e-02
-4.359746351838111877e-02
3.222670406103134155e-03
-9.523740969598293304e-03
-8.898038417100906372e-03
-1.622861367650330067e-03
-4.282519686967134476e-03
-1.583930477499961853e-02
-6.939917802810668945e-03
-4.929537884891033173e-03
-2.290213480591773987e-02
-8.433979935944080353e-03
1.872871257364749908e-02
2.822924777865409851e-02
2.502655982971191406e-02
3.052094206213951111e-02
1.925550214946269989e-02
8.123438060283660889e-02
5.219451710581779480e-02
-1.668847538530826569e-02
-2.446418628096580505e-02
-4.176126793026924133e-02
-3.184169996529817581e-03
1.731976121664047241e-02
1.466898247599601746e-02
5.994728580117225647e-02
2.722746133804321289e-02
5.667627602815628052e-02
6.337155401706695557e-02
2.024598652496933937e-03
1.261659618467092514e-02
7.699118927121162415e-03
2.423039637506008148e-03
3.363903844729065895e-03
2.596353739500045776e-02
-5.565769504755735397e-03
6.292731501162052155e-03
1.496761199086904526e-02
-2.409808710217475891e-02
2.569954143837094307e-03
-2.416180446743965149e-03
-1.546360272914171219e-02
-9.769180789589881897e-03
8.652230026200413704e-04
2.845658361911773682e-02
1.901585049927234650e-02
-1.075298432260751724e-02
-1.873271539807319641e-02
-4.855673015117645264e-02
-4.120664671063423157e-02
-3.854917734861373901e-02
-4.502688348293304443e-02
-5.042912438511848450e-02
-5.310824140906333923e-02
-4.494488611817359924e-02
-1.173207815736532211e-02
-3.191839670762419701e-03
3.555702976882457733e-03
1.592214964330196381e-02
2.710648812353610992e-02
2.501060254871845245e-02
1.860991865396499634e-02
3.509089723229408264e-02
3.401146084070205688e-02
2.248035371303558350e-02
1.269647385925054550e-02
-2.023545652627944946e-02
-3.323923051357269287e-02
1.535871182568371296e-03
-3.415801748633384705e-02
-5.293731018900871277e-02
-3.083989955484867096e-02
-4.195709899067878723e-02
-3.579657897353172302e-02
3.295270353555679321e-02
5.115109682083129883e-02
6.806053221225738525e-02
5.703198164701461792e-02
6.458148360252380371e-02
7.267212867736816406e-02
4.195236787199974060e-02
5.270346626639366150e-02
5.369635298848152161e-02
-6.947685033082962036e-03
-3.186615929007530212e-02
-2.656259946525096893e-02
-4.108675289899110794e-03
-2.303124032914638519e-02
-2.993308473378419876e-03
1.277370005846023560e-02
-1.093608327209949493e-02
1.463510282337665558e-02
-6.653306540101766586e-03
-2.527668327093124390e-02
-1.582398824393749237e-02
-2.450938522815704346e-02
-3.257781639695167542e-02
-5.015223473310470581e-02
-8.714618161320686340e-03
-2.917782962322235107e-02
-3.298928588628768921e-02
-2.159299887716770172e-02
-3.539610281586647034e-02
-2.745062485337257385e-02
-5.462152883410453796e-02
-4.586999863386154175e-02
-5.828001350164413452e-02
-2.265783026814460754e-02
-3.895805031061172485e-02
-1.711305044591426849e-02
-1.943064038641750813e-03
3.643259033560752869e-02
4.431817680597305298e-02
1.120421802625060081e-04
3.219657391309738159e-02
4.324859753251075745e-02
3.863411396741867065e-02
6.753950566053390503e-02
5.057521536946296692e-02
-4.853092879056930542e-02
-2.915710397064685822e-02
-1.369878649711608887e-02
-1.292946934700012207e-02
-1.473272964358329773e-02
4.313721146900206804e-04
-1.474904082715511322e-02
8.836278691887855530e-03
4.162179678678512573e-02
2.238657139241695404e-02
4.161416739225387573e-02
6.555522978305816650e-02
1.833212003111839294e-02
2.991479635238647461e-02
5.741227418184280396e-02
-1.204269099980592728e-02
4.519350361078977585e-03
1.785888895392417908e-02
-2.089193789288401604e-03
-1.807555370032787323e-02
1.636157929897308350e-02
-2.041371352970600128e-02
-2.338891662657260895e-02
2.540555084124207497e-03
-2.835431322455406189e-02
1.171197858639061451e-03
-7.162396796047687531e-03
1.934720785357058048e-03
-1.459283009171485901e-02
-1.607386954128742218e-02
-2.530261687934398651e-02
-2.898855879902839661e-02
-2.242279238998889923e-02
-3.032398596405982971e-02
-2.412385120987892151e-02
-3.911011852324008942e-03
-8.847408927977085114e-03
-1.657663471996784210e-02
-4.987271502614021301e-03
-2.648287639021873474e-02
-7.025274448096752167e-03
-2.147912234067916870e-02
-3.698806278407573700e-03
1.270172651857137680e-02
-8.719770237803459167e-03
4.441242292523384094e-02
6.113085150718688965e-02
6.883125007152557373e-02
2.580973878502845764e-02
3.293884918093681335e-02
5.327574536204338074e-02
1.166770583949983120e-03
2.065298706293106079e-02
1.178977638483047485e-02
-5.616013333201408386e-02
-6.579196453094482422e-02
-5.191240832209587097e-02
-7.545760273933410645e-02
-6.557123363018035889e-02
-6.211602315306663513e-02
-6.342779844999313354e-02
-7.316945493221282959e-02
-5.510729178786277771e-02
5.279873497784137726e-03
7.749157957732677460e-04
-2.556929923593997955e-02
3.294716123491525650e-03
-7.104331627488136292e-03
-1.579347625374794006e-02
8.305864408612251282e-03
7.770342286676168442e-03
-1.311367657035589218e-02
-1.270401384681463242e-02
1.425011828541755676e-02
2.851934358477592468e-02
2.260703477077186108e-04
-2.439786866307258606e-02
2.469113655388355255e-02
1.337433978915214539e-02
-7.707490003667771816e-04
3.571294248104095459e-02
-2.074353583157062531e-02
-3.326202929019927979e-02
-3.799564391374588013e-02
-5.546529963612556458e-02
-4.068261384963989258e-02
-3.761050850152969360e-02
-5.478095635771751404e-02
-4.442131519317626953e-02
-2.149702236056327820e-02
2.603026106953620911e-02
2.053961157798767090e-02
4.837417975068092346e-02
2.872664481401443481e-02
3.618642315268516541e-02
1.932331360876560211e-02
-3.267812728881835938e-02
-2.934725768864154816e-02
-3.046168945729732513e-02
-3.088852763175964355e-02
-3.944715019315481186e-03
2.262109331786632538e-02
8.291454985737800598e-03
5.138017237186431885e-02
7.328206300735473633e-02
4.906139522790908813e-02
8.174147456884384155e-02
9.464761614799499512e-02
9.460802190005779266e-03
3.700923547148704529e-02
2.029078779742121696e-03
1.308031193912029266e-02
2.653934061527252197e-02
2.622125297784805298e-02
3.236931562423706055e-02
3.430666401982307434e-02
3.370388969779014587e-02
1.893127150833606720e-02
-1.111655030399560928e-02
6.241125520318746567e-03
1.922710798680782318e-02
1.641814410686492920e-02
1.276535075157880783e-02
3.012723475694656372e-02
6.169946864247322083e-03
2.044339664280414581e-03
4.143732134252786636e-03
-1.640704274177551270e-02
-2.345282398164272308e-02
-1.856171153485774994e-02
-1.983365789055824280e-02
9.465070324949920177e-04
-2.259727567434310913e-02
3.382221609354019165e-02
3.507317230105400085e-02
-1.613612100481987000e-02
-2.808343619108200073e-02
-4.191298037767410278e-02
-2.702346630394458771e-02
-1.453742478042840958e-02
-4.244459420442581177e-02
-2.603795565664768219e-02
-2.300846576690673828e-02
-2.467926591634750366e-02
2.382644824683666229e-02
3.457783535122871399e-02
3.121748566627502441e-02
3.516140580177307129e-02
3.796600550413131714e-02
6.778930872678756714e-02
3.153723478317260742e-02
3.258483111858367920e-02
5.187175795435905457e-02
2.852610126137733459e-02
1.466698758304119110e-02
-4.745595622807741165e-03
3.307745605707168579e-02
1.573528908193111420e-02
1.924469694495201111e-02
9.573391638696193695e-03
3.065217100083827972e-02
4.610216710716485977e-03
5.155425053089857101e-03
-1.973855542019009590e-03
-7.405263371765613556e-03
3.451167047023773193e-02
3.035464137792587280e-02
2.296368964016437531e-02
5.475399643182754517e-02
3.019097819924354553e-02
2.448921650648117065e-02
1.449687872081995010e-02
3.592884913086891174e-02
6.381766870617866516e-03
1.655913889408111572e-02
9.943080134689807892e-03
-5.227871704846620560e-03
2.003809437155723572e-02
4.822491854429244995e-02
1.914685405790805817e-02
-5.080654099583625793e-02
-5.270906910300254822e-02
-2.007451839745044708e-02
-2.009715326130390167e-02
-2.715389616787433624e-02
-4.248828440904617310e-02
1.396697945892810822e-02
-2.735868096351623535e-02
-4.180630668997764587e-02
-5.904150009155273438e-02
-4.852422326803207397e-02
-4.449678212404251099e-02
-4.416777566075325012e-02
-2.652489207684993744e-02
-1.399685349315404892e-02
-1.048538554459810257e-02
6.642882246524095535e-03
-1.204364467412233353e-02
4.265723284333944321e-03
2.690803632140159607e-02
1.231981534510850906e-02
6.311964825727045536e-04
-6.910530384629964828e-03
1.236410252749919891e-02
-4.265113547444343567e-02
-3.570004925131797791e-02
-3.577813133597373962e-02
-2.551296353340148926e-02
-1.130956970155239105e-02
-1.081204321235418320e-02
-1.120951958000659943e-02
1.727912691421806812e-03
7.787025533616542816e-03
-2.076122676953673363e-03
-8.740901015698909760e-03
-1.152943912893533707e-02
-1.884941197931766510e-02
-1.304271537810564041e-02
-9.209951385855674744e-04
-3.794278949499130249e-02
-2.476973459124565125e-02
3.188458085060119629e-02
-5.065312609076499939e-02
-1.861235126852989197e-02
3.096670657396316528e-02
-9.073155932128429413e-03
-4.748770035803318024e-03
8.424032479524612427e-03
-2.274252474308013916e-02
9.551511146128177643e-03
-1.040980312973260880e-02
-6.438133306801319122e-03
2.051308751106262207e-02
1.154661923646926880e-02
1.556868758052587509e-02
2.080878987908363342e-02
3.442557528614997864e-02
5.217758193612098694e-02
1.598624140024185181e-02
3.669691085815429688e-02
4.140422493219375610e-02
3.889509662985801697e-02
3.413435816764831543e-02
2.268945425748825073e-02
1.090635638684034348e-02
-1.055304799228906631e-02
1.653865352272987366e-02
-1.570538431406021118e-02
-5.088190082460641861e-03
-2.366209588944911957e-02
-4.095203429460525513e-02
-2.982643991708755493e-02
-3.294389694929122925e-03
-1.561843976378440857e-02
-1.394008565694093704e-02
-1.679166033864021301e-02
-2.265144139528274536e-02
-3.083694539964199066e-02
2.408028114587068558e-03
-1.779308728873729706e-02
1.217976678162813187e-03
-1.501825824379920959e-02
1.592950895428657532e-02
1.491397432982921600e-02
-2.145734801888465881e-02
-6.256043561734259129e-04
1.497099548578262329e-02
-2.327361889183521271e-02
-5.924202036112546921e-03
2.385362423956394196e-02
-2.266919799149036407e-02
-3.796377032995223999e-02
-1.222992967814207077e-02
-3.853584080934524536e-02
-3.030612505972385406e-02
-3.896426782011985779e-02
-3.127229958772659302e-02
-3.905989602208137512e-02
-3.591509535908699036e-02
8.545200340449810028e-03
2.469011582434177399e-02
3.926587756723165512e-03
2.521581389009952545e-02
2.912462875247001648e-02
1.205731369554996490e-02
-1.747080241329967976e-03
1.494591031223535538e-02
1.212606392800807953e-02
-1.845921389758586884e-03
1.816288195550441742e-02
2.667547669261693954e-03
5.776650737971067429e-03
2.303047338500618935e-03
2.529583871364593506e-02
8.400214836001396179e-03
1.612277701497077942e-02
8.695964701473712921e-03
1.177805848419666290e-02
7.096916087903082371e-04
-5.114079453051090240e-03
1.595810428261756897e-02
-1.771952770650386810e-02
-3.703293204307556152e-02
2.436996437609195709e-02
-2.257660590112209320e-02
-3.061384335160255432e-02
2.531129308044910431e-02
2.403957769274711609e-02
3.743147850036621094e-02
2.017594687640666962e-02
4.333996400237083435e-02
4.907141253352165222e-02
-1.499100029468536377e-02
2.487396262586116791e-02
4.345341399312019348e-02
4.282294958829879761e-02
4.038397222757339478e-02
1.943095400929450989e-02
6.277691572904586792e-02
3.499616310000419617e-02
-1.024910155683755875e-02
5.304488539695739746e-02
1.358983479440212250e-02
-2.853034064173698425e-02
-2.159431204199790955e-02
-2.246530726552009583e-02
-5.025274120271205902e-03
-1.358595304191112518e-02
5.694158840924501419e-03
-6.692199385724961758e-04
-1.237779483199119568e-02
-8.284463547170162201e-06
7.030725479125976562e-03
-4.355645738542079926e-03
1.919512171298265457e-03
1.537054544314742088e-03
-4.222896415740251541e-03
5.848655011504888535e-03
-4.597505903802812099e-04
7.940290961414575577e-04
-1.888950727880001068e-02
-7.107961457222700119e-03
-4.296512901782989502e-02
-2.932937350124120712e-04
3.254247829318046570e-02
-2.966041117906570435e-02
-9.363154880702495575e-03
1.274997647851705551e-02
3.268805099651217461e-03
-4.632904659956693649e-03
7.150598801672458649e-03
-5.269518494606018066e-02
-3.441590443253517151e-02
-9.982436895370483398e-03
-4.496386647224426270e-02
-2.472765929996967316e-02
-5.670576356351375580e-03
-2.627696283161640167e-02
-3.403180465102195740e-02
-1.999508030712604523e-02
1.246474590152502060e-02
3.792380541563034058e-02
-1.111827138811349869e-02
4.813418164849281311e-02
2.925706468522548676e-02
-4.934973549097776413e-04
6.787279155105352402e-03
1.905389130115509033e-02
2.653670869767665863e-02
-5.248825531452894211e-03
-9.232437238097190857e-03
-9.043328464031219482e-03
-5.443446803838014603e-03
-1.639902777969837189e-02
-3.814525157213211060e-02
2.920299768447875977e-03
-1.834356226027011871e-02
-1.853673532605171204e-02
-1.194710470736026764e-02
1.182857714593410492e-02
-1.034549437463283539e-03
-1.326921395957469940e-02
-4.889600910246372223e-03
-1.499158702790737152e-02
1.151744625531136990e-03
1.324426475912332535e-02
6.392195937223732471e-04
7.083531934767961502e-03
6.907421629875898361e-04
4.210054175928235054e-04
3.643967909738421440e-03
1.489309011958539486e-03
-6.516371387988328934e-03
-2.161714248359203339e-02
-2.210737392306327820e-02
-1.575340889394283295e-02
-1.065920945256948471e-02
-2.565488219261169434e-02
-2.846813015639781952e-02
-8.997093886137008667e-03
-3.460119664669036865e-02
-5.381295084953308105e-02
-1.385213620960712433e-02
-2.366357669234275818e-02
-2.797612920403480530e-02
-5.456830374896526337e-03
1.074021030217409134e-02
1.301750820130109787e-02
-8.487256243824958801e-03
1.098073925822973251e-02
5.402015987783670425e-03
-2.043505758047103882e-02
-3.733155084773898125e-03
-1.281191781163215637e-02
-2.275466546416282654e-02
4.827073775231838226e-03
1.065687276422977448e-02
-3.682597726583480835e-02
-1.082939933985471725e-02
-1.699851267039775848e-02
-3.929743915796279907e-02
-2.522969059646129608e-02
-1.569412648677825928e-02
1.115854550153017044e-02
-1.356068719178438187e-02
-3.105787932872772217e-02
1.688398979604244232e-02
-2.343956381082534790e-02
-3.648573532700538635e-02
-2.297601429745554924e-03
-1.988192647695541382e-02
-3.491917252540588379e-02
4.307568073272705078e-02
7.047647144645452499e-03
-4.445956274867057800e-02
3.346890583634376526e-02
-1.052728854119777679e-03
-3.648185729980468750e-02
5.111571867018938065e-03
-1.990291289985179901e-02
-4.434376209974288940e-02
-2.898483537137508392e-03
-2.041765488684177399e-03
-2.800929360091686249e-02
1.697173155844211578e-02
1.588208042085170746e-02
-2.331687323749065399e-02
1.569413207471370697e-02
1.464353036135435104e-02
1.651014783419668674e-03
2.821275033056735992e-02
1.926645822823047638e-02
1.395667344331741333e-02
1.213041506707668304e-02
5.550997797399759293e-03
-2.762266900390386581e-03
1.103860884904861450e-02
1.368764508515596390e-02
-7.094386499375104904e-03
9.954559616744518280e-03
2.025794051587581635e-02
1.186093967407941818e-02
4.683609679341316223e-02
4.893888533115386963e-02
2.508451789617538452e-02
2.713560312986373901e-02
6.789826601743698120e-02
3.946208208799362183e-02
-2.339904569089412689e-02
-4.997973516583442688e-02
-4.250716418027877808e-02
-2.228842303156852722e-02
-4.155184701085090637e-02
-5.712147057056427002e-02
-3.055888786911964417e-02
-3.225634247064590454e-02
-2.710246294736862183e-02
-4.539222456514835358e-03
1.295713894069194794e-02
-3.308541141450405121e-03
-1.493259769631549716e-04
1.391000486910343170e-02
3.029526025056838989e-02
-3.764407709240913391e-02
1.778244972229003906e-02
1.623323932290077209e-02
-8.387540001422166824e-04
-1.246459130197763443e-02
-2.312174998223781586e-02
1.239023543894290924e-02
-4.883661866188049316e-03
-2.599308080971240997e-02
6.363807246088981628e-03
-1.230656262487173080e-02
-2.831399999558925629e-02
1.777156838215887547e-03
-3.007180616259574890e-02
-3.798811510205268860e-02
1.205686852335929871e-02
-1.310794334858655930e-02
-1.301489770412445068e-02
1.145700924098491669e-03
7.459517568349838257e-03
2.475576102733612061e-02
-2.698566997423768044e-03
2.065494097769260406e-02
8.922700770199298859e-03
-1.044556312263011932e-02
2.733825473114848137e-03
-1.285164058208465576e-02
-9.597861208021640778e-03
-7.768446113914251328e-03
-1.061010733246803284e-02
-2.218843623995780945e-02
9.701687376946210861e-04
8.958021178841590881e-03
-7.153910584747791290e-03
1.823043264448642731e-02
5.143086425960063934e-03
-2.940054750069975853e-03
-1.456847181543707848e-03
-8.093022741377353668e-03
-4.531931877136230469e-02
-4.432325717061758041e-03
1.051598042249679565e-02
-1.489297673106193542e-02
6.695284042507410049e-03
2.408410608768463135e-02
1.202417630702257156e-02
3.131046146154403687e-02
3.088557161390781403e-02
3.667055862024426460e-03
6.890347576700150967e-04
-6.831519305706024170e-03
2.176616713404655457e-02
3.236417251173406839e-04
-6.095232907682657242e-03
1.654782518744468689e-02
1.934476569294929504e-02
8.444513194262981415e-03
7.650298532098531723e-03
1.519005000591278076e-02
5.264739971607923508e-03
3.770322725176811218e-02
4.818794503808021545e-02
4.435135424137115479e-02
2.922396548092365265e-02
6.139472499489784241e-02
4.404181987047195435e-02
-5.921592004597187042e-03
-1.791420206427574158e-02
-4.165262728929519653e-02
1.466944254934787750e-02
2.932468615472316742e-02
2.409223094582557678e-02
2.973397634923458099e-02
6.172576174139976501e-02
5.545670911669731140e-02
-1.714412309229373932e-02
-9.163892827928066254e-03
-2.213843254139646888e-04
-3.295575082302093506e-02
-3.092839755117893219e-02
-3.563135489821434021e-02
-3.008504770696163177e-02
-2.619205601513385773e-02
-1.426795776933431625e-02
3.415339859202504158e-03
9.550640359520912170e-03
-1.213358808308839798e-02
2.939492464065551758e-02
3.276065399404615164e-04
-1.064022723585367203e-02
1.630029873922467232e-04
1.844768784940242767e-02
1.935327798128128052e-02
-1.979849673807621002e-02
-2.047218754887580872e-02
-8.887427859008312225e-03
2.174234762787818909e-02
-5.188573617488145828e-03
1.074251532554626465e-02
2.452358976006507874e-02
3.652193397283554077e-02
1.732541434466838837e-02
-3.454414382576942444e-02
-3.059712238609790802e-02
-1.741306856274604797e-02
-1.133201271295547485e-02
-1.450944319367408752e-02
-2.211752906441688538e-02
-2.732053957879543304e-02
-3.668468818068504333e-02
-3.954053297638893127e-02
-6.847519427537918091e-03
-6.625548936426639557e-03
3.071319684386253357e-02
-9.056716226041316986e-03
-7.668866775929927826e-03
-1.025017909705638885e-02
3.927084151655435562e-03
-1.973522361367940903e-03
-2.481977641582489014e-02
-6.493614055216312408e-03
-1.810290291905403137e-02
-2.051995508372783661e-02
-1.431246101856231689e-02
-4.198132082819938660e-03
-2.630420494824647903e-04
-1.722530723782256246e-04
1.021471060812473297e-02
1.130561716854572296e-02
-2.779002301394939423e-02
-2.726290561258792877e-02
-1.075365860015153885e-02
-1.674215123057365417e-02
-5.888408515602350235e-03
1.013183314353227615e-02
-8.120242506265640259e-03
-1.912643387913703918e-02
1.586953923106193542e-02
-1.868218928575515747e-02
1.012006774544715881e-03
-8.711617439985275269e-03
1.225117314606904984e-02
1.519522257149219513e-02
3.424257785081863403e-02
2.718013338744640350e-02
6.877451390027999878e-02
5.786639079451560974e-02
-3.410657867789268494e-02
-3.167563304305076599e-02
-4.060477763414382935e-02
-1.207612548023462296e-02
-1.271551661193370819e-02
-9.331383742392063141e-03
2.912042848765850067e-02
4.012417420744895935e-02
5.088833719491958618e-02
-1.305538136512041092e-02
-2.937112748622894287e-02
-2.752500958740711212e-02
-1.022285874933004379e-02
-1.890325918793678284e-02
-1.594876125454902649e-02
5.050703883171081543e-02
6.108182296156883240e-02
4.608126729726791382e-02
3.277220204472541809e-02
1.691909134387969971e-02
2.130370959639549255e-02
1.897727884352207184e-02
1.492178998887538910e-02
1.512323413044214249e-02
-1.373115740716457367e-02
4.505895078182220459e-03
-3.785702632740139961e-03
3.207174316048622131e-02
1.602842845022678375e-02
1.003096904605627060e-02
2.062483504414558411e-02
3.433967381715774536e-02
7.016569375991821289e-03
-2.381099760532379150e-02
-5.627963691949844360e-03
-1.698813959956169128e-02
-5.544367246329784393e-03
-1.161646284162998199e-02
-3.736792132258415222e-03
1.122506055980920792e-02
2.149806171655654907e-02
9.059350937604904175e-03
2.837173081934452057e-02
3.606584295630455017e-02
3.203113749623298645e-02
-6.407220382243394852e-03
1.671169139444828033e-02
-5.139168351888656616e-04
-1.670178957283496857e-03
4.446970764547586441e-03
5.245801992714405060e-03
-2.641445770859718323e-02
-4.019179567694664001e-02
-8.157615549862384796e-03
1.117806881666183472e-02
1.571890898048877716e-02
6.975272670388221741e-03
2.085508964955806732e-02
2.284842915832996368e-02
2.053129859268665314e-02
-1.613578386604785919e-02
-2.491522394120693207e-02
-3.273026272654533386e-02
-2.699456922709941864e-02
-5.805288441479206085e-03
-3.150787204504013062e-02
-5.501749739050865173e-02
-3.257100656628608704e-02
-3.051231056451797485e-02
-2.195974066853523254e-02
1.640378963202238083e-03
2.316959388554096222e-02
-1.233087852597236633e-02
-1.962224021553993225e-02
-4.394687712192535400e-03
-3.853710368275642395e-02
-2.598255686461925507e-02
-2.627493627369403839e-02
6.401727441698312759e-03
-1.876177266240119934e-02
-4.100259765982627869e-02
1.909090951085090637e-02
3.842664137482643127e-02
3.301465138792991638e-02
2.639434672892093658e-02
2.121187932789325714e-02
3.275244310498237610e-02
-2.241918817162513733e-02
-3.592773899435997009e-02
-2.141216583549976349e-02
2.926365844905376434e-02
1.987761817872524261e-02
4.198070615530014038e-03
2.610330469906330109e-02
1.697486848570406437e-03
1.021867152303457260e-02
-1.302426494657993317e-02
-2.906412817537784576e-02
-2.405377477407455444e-02
2.216180413961410522e-02
3.114881366491317749e-02
9.295913390815258026e-03
2.387376502156257629e-02
3.082158043980598450e-02
2.962393686175346375e-02
4.121249541640281677e-03
3.405315056443214417e-02
1.373746804893016815e-02
-7.660618517547845840e-03
-6.506557110697031021e-03
-1.823894493281841278e-02
2.148263342678546906e-02
1.761944778263568878e-02
7.933204062283039093e-03
8.782801451161503792e-04
-5.850125104188919067e-03
-3.767902264371514320e-03
2.017196733504533768e-03
2.493921481072902679e-02
2.061344124376773834e-02
7.079491857439279556e-03
3.927453979849815369e-02
5.863549187779426575e-02
-2.800863236188888550e-03
1.892621628940105438e-02
2.476934529840946198e-02
-1.422894420102238655e-03
2.521612681448459625e-02
4.226905852556228638e-02
-1.104302052408456802e-02
6.889387499541044235e-03
3.568324958905577660e-03
-3.569118306040763855e-02
-5.456989258527755737e-02
-2.746787853538990021e-02
-2.830363623797893524e-02
-3.085127472877502441e-02
-2.694592624902725220e-02
-4.645991697907447815e-02
-4.663185775279998779e-02
-3.428554162383079529e-02
-2.920193783938884735e-02
-1.268102508038282394e-02
-3.138450440019369125e-03
1.120691304095089436e-03
-3.036465030163526535e-03
-6.800146773457527161e-03
-8.587387390434741974e-03
-1.438585482537746429e-02
-3.633246570825576782e-02
-2.248986274935305119e-04
-3.277279064059257507e-02
-4.264185577630996704e-02
6.803776603192090988e-03
2.782776020467281342e-02
-1.249953755177557468e-03
1.306530833244323730e-02
-2.344946144148707390e-03
-2.126019680872559547e-03
-1.933204475790262222e-03
-9.439422748982906342e-03
1.125735510140657425e-02
2.325908094644546509e-02
1.782800070941448212e-02
2.574236690998077393e-02
8.389412425458431244e-03
2.418208681046962738e-02
2.850493788719177246e-02
-1.207582280039787292e-02
-9.740561945363879204e-04
3.439468273427337408e-04
-1.713043265044689178e-02
-1.704743318259716034e-02
-2.061419002711772919e-02
-9.019404649734497070e-03
-1.647603325545787811e-02
-2.405159734189510345e-02
-1.286979671567678452e-02
-2.524049766361713409e-02
2.746967948041856289e-04
-1.387542695738375187e-03
-7.853155955672264099e-03
-2.617174014449119568e-02
1.777668856084346771e-02
1.963053131476044655e-03
-2.524089254438877106e-02
2.242704108357429504e-02
-9.900119155645370483e-03
-3.144214302301406860e-02
-6.860649678856134415e-03
2.376629784703254700e-02
-4.271941259503364563e-03
3.405090421438217163e-02
3.067842125892639160e-02
1.656814850866794586e-02
6.848767399787902832e-03
-4.857571329921483994e-03
-1.119348779320716858e-02
1.425538863986730576e-02
3.021877631545066833e-02
1.811351813375949860e-02
5.161910131573677063e-02
5.231740698218345642e-02
3.505282476544380188e-02
1.517628226429224014e-02
2.320341393351554871e-02
4.924820736050605774e-02
-3.509263973683118820e-03
-1.425572857260704041e-02
-4.733230918645858765e-02
1.024653948843479156e-02
1.950917020440101624e-02
-2.217920310795307159e-02
2.974563278257846832e-02
1.725212670862674713e-02
-8.499387651681900024e-03
-1.512453984469175339e-02
2.977147232741117477e-03
9.112261235713958740e-03
3.640610084403306246e-04
1.273353211581707001e-02
1.495660748332738876e-02
-2.451641112565994263e-02
-2.189703471958637238e-02
-1.157857012003660202e-02
-4.739756230264902115e-03
-1.257496606558561325e-02
-4.376418143510818481e-02
2.112391032278537750e-02
1.965278573334217072e-02
-7.001940160989761353e-03
3.227326273918151855e-02
2.595140598714351654e-02
2.361008524894714355e-02
-2.155582606792449951e-02
-2.113455720245838165e-02
-1.441611815243959427e-02
-2.353278547525405884e-02
-1.170099247246980667e-02
-2.687420696020126343e-03
-8.994179777801036835e-03
-7.971093058586120605e-03
6.538072135299444199e-03
-1.709277741611003876e-02
-3.862111130729317665e-03
-4.564092028886079788e-03
-2.115368284285068512e-02
-1.717435568571090698e-02
-1.204610150307416916e-02
-1.691302843391895294e-02
-3.122145868837833405e-02
-3.019700944423675537e-02
2.756507508456707001e-02
2.591281756758689880e-02
8.092373027466237545e-04
4.477722570300102234e-02
4.659235104918479919e-02
-4.434889415279030800e-04
2.470164326950907707e-03
1.795260794460773468e-02
1.930737053044140339e-04
-7.346980273723602295e-03
1.353621855378150940e-02
2.137229777872562408e-03
5.396725144237279892e-03
2.638057991862297058e-02
4.335280973464250565e-03
1.788422279059886932e-02
7.145999372005462646e-02
4.500019177794456482e-02
-2.508655935525894165e-02
-5.887775681912899017e-03
-2.823565341532230377e-02
-2.970266854390501976e-03
6.830990780144929886e-03
-3.646263852715492249e-03
-6.126927677541971207e-03
-3.376282518729567528e-03
-4.467152059078216553e-03
-9.614082053303718567e-03
-1.124542579054832458e-02
-1.798946782946586609e-02
-2.501146495342254639e-02
-2.312319539487361908e-02
-1.434403285384178162e-02
-4.975640401244163513e-02
-4.129065573215484619e-02
-1.341193635016679764e-02
-2.534847706556320190e-02
-4.963405430316925049e-02
-4.391625896096229553e-02
-4.086584970355033875e-02
-4.330480471253395081e-02
-3.596793487668037415e-02
-3.430310264229774475e-02
-4.836725816130638123e-02
-3.696444630622863770e-02
-2.767420001327991486e-02
-7.503330707550048828e-03
-3.415687382221221924e-02
-3.089140728116035461e-02
-2.577947452664375305e-02
-2.092947810888290405e-02
-2.410774119198322296e-02
-2.089619636535644531e-02
6.371994968503713608e-03
1.916130445897579193e-02
3.236254677176475525e-02
3.266854956746101379e-02
2.192113362252712250e-02
3.714411705732345581e-02
5.288724228739738464e-02
-1.762066781520843506e-02
-7.769890595227479935e-03
2.706578373908996582e-02
1.650792197324335575e-03
3.537413198500871658e-03
6.300402805209159851e-03
6.445541512221097946e-03
-5.864234641194343567e-03
-1.749359443783760071e-02
2.165548037737607956e-03
-8.146736770868301392e-03
-1.501212734729051590e-02
-1.404801942408084869e-02
-2.824744768440723419e-02
-2.504445612430572510e-02
-1.543812081217765808e-02
-2.674860693514347076e-02
-2.648536674678325653e-02
-5.009241402149200439e-02
-4.076276347041130066e-02
-4.680919647216796875e-02
-4.532981198281049728e-03
1.153997238725423813e-02
3.186263889074325562e-02
-1.068596914410591125e-02
9.875233285129070282e-03
3.731433674693107605e-02
-2.973751351237297058e-02
-8.722442202270030975e-03
1.698222570121288300e-02
3.947076387703418732e-03
5.407352466136217117e-03
-1.334703993052244186e-02
8.218090981245040894e-03
-4.744214937090873718e-03
-9.880629368126392365e-03
1.807176321744918823e-02
-5.033596884459257126e-03
-7.614968810230493546e-03
-3.225536271929740906e-02
-2.559311315417289734e-02
-1.996761001646518707e-02
-3.028274513781070709e-02
-2.001247927546501160e-02
-1.423199195414781570e-02
-8.384055108763277531e-04
-6.606169976294040680e-03
-3.420481830835342407e-02
7.526157423853874207e-03
8.089293725788593292e-03
-2.492935396730899811e-03
1.116264052689075470e-02
1.306324359029531479e-02
7.601892575621604919e-03
-2.197689376771450043e-03
1.236378215253353119e-02
2.340708486735820770e-02
2.439630404114723206e-02
1.815357431769371033e-02
1.735533773899078369e-02
5.138135701417922974e-02
3.559086844325065613e-02
3.635852411389350891e-02
2.154259569942951202e-02
2.388328313827514648e-02
2.162944152951240540e-02
-1.300679333508014679e-02
3.814995288848876953e-03
8.861769922077655792e-03
-4.570546559989452362e-03
-6.654470227658748627e-03
1.063180528581142426e-02
1.546436548233032227e-02
2.952210418879985809e-02
3.314972296357154846e-02
1.324219442903995514e-02
5.142128095030784607e-02
1.994818635284900665e-02
1.999110355973243713e-02
3.337858989834785461e-02
-5.983876995742321014e-03
6.836376618593931198e-03
1.685748063027858734e-02
-2.498121932148933411e-02
-7.043814752250909805e-03
-4.494908452033996582e-02
-1.717439480125904083e-02
-7.548579014837741852e-03
-2.884267456829547882e-02
-2.540777809917926788e-02
-6.615071091800928116e-03
-3.434982150793075562e-02
-2.362433448433876038e-02
-2.641157992184162140e-02
-1.457397453486919403e-02
-1.673002168536186218e-02
1.142310444265604019e-02
-1.068718917667865753e-02
-6.339606363326311111e-03
1.444067619740962982e-02
1.710531674325466156e-02
7.541485596448183060e-03
-1.434023119509220123e-02
-5.844723433256149292e-03
-9.824073873460292816e-03
-2.636981382966041565e-02
-1.300314348191022873e-02
1.503731962293386459e-02
-7.002000231295824051e-03
3.210502490401268005e-02
3.607641160488128662e-02
-1.907714083790779114e-02
-4.771077539771795273e-03
2.163982391357421875e-02
-8.140902966260910034e-03
1.026902440935373306e-02
2.317306585609912872e-02
1.708961091935634613e-02
2.096682600677013397e-02
2.432560175657272339e-02
1.256301440298557281e-02
2.560180798172950745e-02
9.227789938449859619e-03
3.401042148470878601e-02
5.334671586751937866e-02
3.426891937851905823e-02
2.775446139276027679e-02
4.664836823940277100e-02
5.519477650523185730e-02
3.832582384347915649e-02
5.949633941054344177e-02
4.107746854424476624e-02
4.654211550951004028e-02
9.614711999893188477e-02
9.254025667905807495e-02
2.193194441497325897e-02
6.729248911142349243e-02
6.651456654071807861e-02
3.501316159963607788e-02
3.330745548009872437e-02
3.885675687342882156e-03
9.842484258115291595e-03
2.317114965990185738e-03
-1.007594261318445206e-02
5.485936533659696579e-03
-2.335475757718086243e-02
-3.046190179884433746e-02
-2.796595357358455658e-02
-2.439349330961704254e-02
1.419129874557256699e-02
-3.076965920627117157e-02
1.129321660846471786e-02
4.968868941068649292e-02
1.375562162138521671e-03
3.646021336317062378e-02
5.515681207180023193e-02
1.931387372314929962e-02
3.714316710829734802e-02
1.853522472083568573e-02
2.585392259061336517e-02
4.020882770419120789e-02
2.632930316030979156e-02
3.317284584045410156e-02
3.786462917923927307e-02
5.745421350002288818e-02
1.298268325626850128e-02
5.412300582975149155e-03
-3.384904703125357628e-03
1.447593513876199722e-02
1.512716803699731827e-02
2.432399056851863861e-02
-5.786763969808816910e-03
1.478906720876693726e-02
1.441899407655000687e-02
-4.215736407786607742e-03
-7.755306549370288849e-03
-8.969509974122047424e-03
-2.363819070160388947e-02
-2.850481122732162476e-02
-1.894109137356281281e-02
-2.156475745141506195e-02
-2.848452329635620117e-02
-8.965434506535530090e-03
4.427435807883739471e-03
-1.244767755270004272e-02
-1.568612642586231232e-02
1.056379638612270355e-02
-6.560421083122491837e-03
-1.257861033082008362e-02
-5.316666793078184128e-03
-1.537575758993625641e-02
5.179630825296044350e-04
-3.488541697151958942e-04
5.395957268774509430e-03
-3.918962087482213974e-03
1.762554422020912170e-02
9.895199909806251526e-03
8.001603186130523682e-03
3.027341328561306000e-02
1.691945083439350128e-02
1.758290268480777740e-02
2.064192295074462891e-02
1.620382629334926605e-02
2.752423845231533051e-02
1.813299953937530518e-02
3.200322017073631287e-02
4.107796773314476013e-02
4.300146922469139099e-02
6.455388665199279785e-02
6.642736494541168213e-02
-5.153628066182136536e-03
2.945414511486887932e-03
2.510292455554008484e-03
-2.127585699781775475e-03
-4.439244046807289124e-03
-1.281225401908159256e-02
2.634446835145354271e-03
2.281661378219723701e-03
-1.939091645181179047e-02
1.023268606513738632e-02
5.730188917368650436e-03
-1.464622002094984055e-02
-8.549348451197147369e-03
-1.305710710585117340e-02
-6.177899427711963654e-03
2.913554431870579720e-03
5.122283939272165298e-03
1.140354573726654053e-02
-2.280440094182267785e-04
-2.872643433511257172e-02
-2.408347651362419128e-02
-3.203043341636657715e-02
-4.045060649514198303e-02
-1.185541693121194839e-02
-2.419251948595046997e-02
-4.139900207519531250e-02
-2.658175677061080933e-02
3.087942674756050110e-02
5.231218785047531128e-02
1.419238653033971786e-02
2.276680432260036469e-02
2.113454975187778473e-02
2.127944119274616241e-02
-4.255948588252067566e-03
1.935424655675888062e-02
3.401775285601615906e-02
-9.150278754532337189e-03
-9.775419719517230988e-03
-5.484177265316247940e-03
-1.901750452816486359e-02
-9.299646131694316864e-03
-4.386279266327619553e-03
-7.100106216967105865e-03
-7.176590617746114731e-03
7.181135006248950958e-03
-2.365552447736263275e-02
-2.129154466092586517e-02
-5.708436015993356705e-03
-2.058884128928184509e-02
-3.385924175381660461e-02
-3.175473213195800781e-02
-1.200751215219497681e-02
-1.479598879814147949e-02
-2.068610675632953644e-02
-4.489273298531770706e-03
1.781656965613365173e-02
1.248600706458091736e-02
3.658524015918374062e-03
1.704665832221508026e-02
2.706016972661018372e-02
1.978818140923976898e-02
1.842404343187808990e-02
3.934502601623535156e-02
-2.770986407995223999e-02
-1.635981537401676178e-02
-1.283561903983354568e-02
-4.610807821154594421e-02
-1.436659600585699081e-02
4.883451852947473526e-03
-3.248815983533859253e-02
6.553398445248603821e-03
3.295066580176353455e-02
4.170401953160762787e-03
3.482548054307699203e-03
1.803813502192497253e-04
-9.513860568404197693e-03
1.770408824086189270e-02
3.172972239553928375e-03
-2.379810810089111328e-02
-4.121788311749696732e-03
-9.261715225875377655e-03
-9.782270528376102448e-03
6.374996621161699295e-03
3.853984549641609192e-02
-3.619381412863731384e-02
-2.471688576042652130e-02
1.193501986563205719e-02
-4.068240523338317871e-02
-2.538256160914897919e-02
9.566575288772583008e-03
5.306733772158622742e-03
9.799100458621978760e-03
2.076534321531653404e-03
-4.999395459890365601e-03
3.039526054635643959e-03
1.015943288803100586e-02
-2.337594889104366302e-02
-1.291877962648868561e-02
2.398583805188536644e-03
-2.045075409114360809e-02
-2.283725625602528453e-04
1.313668582588434219e-02
-1.067480351775884628e-02
7.762706838548183441e-03
2.072003670036792755e-02
1.708347722887992859e-02
3.022405505180358887e-02
1.951581425964832306e-02
-1.193558145314455032e-02
-1.832583360373973846e-02
-6.433331873267889023e-03
-3.082489967346191406e-02
5.192083772271871567e-04
-1.192592550069093704e-02
-2.446055598556995392e-02
-5.764422472566366196e-03
3.567871171981096268e-03
-2.384113147854804993e-02
-3.719063242897391319e-03
4.196281544864177704e-03
-3.243419155478477478e-02
-2.814463153481483459e-02
-2.705590426921844482e-02
-9.481104090809822083e-03
-2.000004984438419342e-02
-9.628593921661376953e-03
1.508281938731670380e-02
1.103176455944776535e-02
4.644857347011566162e-02
-2.629222534596920013e-02
-2.646035747602581978e-03
3.264433890581130981e-02
-3.901792690157890320e-02
-3.676278516650199890e-02
2.386807900620624423e-04
1.269427873194217682e-02
2.714357897639274597e-02
3.820012137293815613e-02
1.045652944594621658e-02
4.349732398986816406e-02
5.329834297299385071e-02
1.301830261945724487e-02
2.488611638545989990e-02
2.734419889748096466e-02
-1.259152498096227646e-02
-1.851281151175498962e-02
-4.456147924065589905e-02
3.278464544564485550e-03
3.782016923651099205e-03
-2.448422089219093323e-02
2.491856738924980164e-02
2.557791210711002350e-02
4.528422839939594269e-03
1.845688559114933014e-02
1.760126464068889618e-02
-2.630138769745826721e-03
-1.689880155026912689e-02
-2.000725455582141876e-02
-5.563259590417146683e-03
-1.218709908425807953e-02
-1.686969399452209473e-02
1.628731191158294678e-02
-8.593373931944370270e-03
2.403605356812477112e-02
-4.815688822418451309e-03
-1.217802427709102631e-02
7.108417805284261703e-03
9.247321635484695435e-03
7.117058616131544113e-03
9.213687153533101082e-04
9.512061253190040588e-03
5.177114158868789673e-02
3.097240626811981201e-02
3.099129348993301392e-02
2.642873860895633698e-02
3.160876780748367310e-02
3.911927714943885803e-02
2.429969049990177155e-02
2.627647481858730316e-02
1.497192308306694031e-02
-2.905335277318954468e-02
-1.706844195723533630e-02
-1.014422043226659298e-03
-1.908952370285987854e-02
7.048827596008777618e-03
8.603102527558803558e-03
-1.478891912847757339e-02
1.998796872794628143e-02
1.513742562383413315e-02
-4.586761351674795151e-03
-2.180138602852821350e-03
-3.319384157657623291e-02
3.713369136676192284e-03
1.321623288094997406e-02
-2.666169218719005585e-02
-6.935868877917528152e-03
6.527965888381004333e-03
-2.968162111937999725e-02
-2.684222301468253136e-03
-3.247793763875961304e-03
3.641279786825180054e-02
-4.700214043259620667e-02
-2.750029973685741425e-02
6.545068696141242981e-03
-3.373877704143524170e-02
-2.739791013300418854e-02
-2.463385090231895447e-02
-4.787574708461761475e-02
-8.193373680114746094e-03
-1.142322318628430367e-03
-6.796271353960037231e-02
-2.510898560285568237e-02
-2.067619189620018005e-02
-6.807500869035720825e-02
-3.981156274676322937e-02
-3.895640745759010315e-02
9.346079081296920776e-03
-2.737236907705664635e-03
-1.764238625764846802e-02
-1.501602958887815475e-02
-5.696574226021766663e-03
-5.049383733421564102e-03
-2.337320148944854736e-02
-1.193100307136774063e-02
8.321341127157211304e-03
-1.267947442829608917e-02
-1.749337278306484222e-02
-1.787092536687850952e-02
-2.030768617987632751e-02
-3.276459872722625732e-02
-3.930376470088958740e-02
-9.167392738163471222e-03
-2.253951132297515869e-02
-2.840233407914638519e-02
-4.137560725212097168e-02
-2.473089285194873810e-02
-1.635722257196903229e-02
-5.549665912985801697e-02
-3.803914040327072144e-02
-3.894548118114471436e-02
-5.427919700741767883e-02
-3.846035525202751160e-02
-4.198879748582839966e-02
-8.444147184491157532e-03
-6.132988724857568741e-03
-7.287183310836553574e-03
-3.621799126267433167e-02
-1.182637177407741547e-02
-1.501066517084836960e-02
-2.799382433295249939e-02
-1.784245111048221588e-02
1.308276876807212830e-02
-7.862614467740058899e-03
-1.347139477729797363e-02
-1.409501209855079651e-02
-3.384007513523101807e-02
-2.408354170620441437e-02
-2.470163255929946899e-02
-2.271506004035472870e-02
-5.208158120512962341e-02
-3.687546402215957642e-02
-4.285074770450592041e-02
-1.923543773591518402e-02
-2.436075732111930847e-02
-3.112395480275154114e-02
-1.649861596524715424e-02
-2.006461843848228455e-02
-1.715590618550777435e-02
-3.944307565689086914e-02
-2.934586070477962494e-02
1.572610810399055481e-02
4.896544851362705231e-03
-2.996832877397537231e-02
-6.742584053426980972e-03
5.018697120249271393e-03
-2.937727421522140503e-02
-2.948190271854400635e-02
-3.120508790016174316e-02
-2.423949353396892548e-02
-8.509832434356212616e-03
1.412288099527359009e-02
2.985029714182019234e-03
-8.857427164912223816e-03
-2.967813611030578613e-02
8.416140452027320862e-03
-2.182636875659227371e-03
2.718973672017455101e-03
2.419908763840794563e-03
-2.358796633780002594e-02
-3.757356898859143257e-05
2.321151643991470337e-02
-1.775402389466762543e-02
4.249108489602804184e-03
2.104834467172622681e-02
-1.704061962664127350e-02
-5.538702756166458130e-02
-6.193500012159347534e-02
-8.978837169706821442e-03
-1.657834649085998535e-02
-5.357557162642478943e-02
1.099082361906766891e-02
-3.147751837968826294e-02
-4.873000085353851318e-02
1.655046455562114716e-02
9.306618943810462952e-03
-7.985170930624008179e-03
7.646672893315553665e-03
1.264007575809955597e-02
1.228656154125928879e-03
7.788496464490890503e-02
5.567808821797370911e-02
8.225090801715850830e-03
6.970966607332229614e-02
5.465213209390640259e-02
3.981314972043037415e-02
-1.327024959027767181e-02
2.616985701024532318e-02
3.412300348281860352e-02
-2.191616408526897430e-02
9.366493672132492065e-03
5.067939683794975281e-02
-2.867207489907741547e-02
-7.654957007616758347e-03
-1.019459869712591171e-02
8.138585253618657589e-04
-1.279369741678237915e-02
-1.649785786867141724e-02
1.491097453981637955e-02
1.470335293561220169e-03
3.269253764301538467e-03
6.428072694689035416e-03
-1.332740765064954758e-02
3.238585591316223145e-02
-2.775047440081834793e-03
-1.704029366374015808e-02
-1.354588102549314499e-02
-6.716433446854352951e-03
-2.125363051891326904e-02
2.146206330507993698e-03
-7.102709729224443436e-03
-3.356716036796569824e-02
-1.920366473495960236e-02
-2.631919458508491516e-02
-6.768618244677782059e-03
-2.237682044506072998e-02
-9.911970235407352448e-03
-1.549053587950766087e-03
1.177979353815317154e-02
-1.429020799696445465e-02
-3.216707706451416016e-02
-1.232288312166929245e-02
8.284125477075576782e-03
6.809730827808380127e-02
5.411122739315032959e-02
4.269996285438537598e-02
7.235530018806457520e-02
6.617940217256546021e-02
5.544287618249654770e-03
8.880674839019775391e-03
1.657699793577194214e-02
-7.677394431084394455e-03
-4.133721068501472473e-02
-4.473248124122619629e-02
-1.286278665065765381e-02
-3.706877306103706360e-02
-5.139693245291709900e-02
-1.132325269281864166e-02
-3.334576636552810669e-02
-1.994327455759048462e-02
3.367384430021047592e-03
1.345281675457954407e-02
8.654367178678512573e-03
-7.027637679129838943e-03
4.996140487492084503e-03
5.087272450327873230e-02
-1.314816344529390335e-02
-8.937639649957418442e-04
2.927998080849647522e-02
3.446083888411521912e-02
6.071180850267410278e-02
4.669485986232757568e-02
4.604699835181236267e-02
7.627299427986145020e-02
6.873472034931182861e-02
3.816722333431243896e-02
5.989057943224906921e-02
3.081113845109939575e-02
-1.797330379486083984e-02
-1.258049812167882919e-02
-4.797610919922590256e-03
-1.778451167047023773e-02
-2.961121872067451477e-02
-3.956130892038345337e-02
-4.078558087348937988e-02
-2.711528353393077850e-02
-6.856678053736686707e-03
-3.158601466566324234e-03
-5.164634902030229568e-03
5.230109207332134247e-03
-1.583246141672134399e-02
2.079206146299839020e-02
4.359623417258262634e-02
-2.083042822778224945e-02
4.663820192217826843e-02
4.445796459913253784e-02
-4.977735225111246109e-03
-1.721117272973060608e-02
-1.961219683289527893e-02
4.332119133323431015e-03
2.296192571520805359e-02
8.005121722817420959e-03
2.598420903086662292e-02
4.265073314309120178e-02
2.148004435002803802e-02
4.298519343137741089e-03
1.237109187059104443e-03
8.883321657776832581e-03
3.290588781237602234e-02
3.374193981289863586e-02
4.531948640942573547e-02
3.159485384821891785e-02
2.178621292114257812e-02
2.117406576871871948e-02
1.640199869871139526e-02
4.685055464506149292e-03
4.466790240257978439e-03
3.847255185246467590e-02
-1.193487178534269333e-02
-6.418353412300348282e-03
3.158989548683166504e-02
6.472987006418406963e-04
-1.829444244503974915e-02
1.971483416855335236e-02
1.962425187230110168e-02
2.219992503523826599e-02
-2.439687773585319519e-02
-4.130002483725547791e-02
-1.541704870760440826e-02
-3.965884819626808167e-02
-3.840055689215660095e-02
-1.470018550753593445e-02
-3.878799499943852425e-03
6.746585480868816376e-03
-9.924170561134815216e-03
3.913030028343200684e-03
-1.089071738533675671e-03
1.344389631412923336e-03
-9.357617818750441074e-04
1.341034751385450363e-02
2.930266200564801693e-04
-3.794308518990874290e-03
-5.116320773959159851e-02
-3.200106695294380188e-02
-1.217910367995500565e-02
8.183146826922893524e-03
-2.388508617877960205e-02
-1.139934733510017395e-02
-3.101927926763892174e-03
6.382572464644908905e-03
7.693502120673656464e-04
1.313546672463417053e-02
2.201193571090698242e-02
2.085891366004943848e-02
2.791602164506912231e-02
1.927768811583518982e-02
3.459599614143371582e-02
3.952124342322349548e-02
3.098095767199993134e-02
-1.002232264727354050e-02
-6.549359299242496490e-03
-2.299763262271881104e-02
-8.927620947360992432e-03
-4.128050524741411209e-03
-2.588765323162078857e-02
1.639469154179096222e-02
1.521705184131860733e-02
-1.041943542077206075e-04
-4.771014302968978882e-02
-9.484510123729705811e-02
-6.919419020414352417e-02
-5.473474971950054169e-03
-2.309899590909481049e-02
-2.095655351877212524e-02
1.998945511877536774e-02
1.295338664203882217e-02
-1.278582145459949970e-03
-3.255441784858703613e-02
-5.878460779786109924e-02
-3.256458789110183716e-02
-5.216635018587112427e-02
-5.546748638153076172e-02
-5.027196556329727173e-02
-6.277068983763456345e-03
-1.708557456731796265e-02
1.427026279270648956e-02
-4.826707765460014343e-02
-8.227882534265518188e-02
-5.116182193160057068e-02
-9.227016940712928772e-03
-2.960076555609703064e-02
-1.541586313396692276e-02
1.410302519798278809e-02
3.004476602654904127e-04
7.169586606323719025e-03
-2.416868880391120911e-02
-4.984620958566665649e-02
-2.906879037618637085e-02
-2.003448083996772766e-02
-3.893056511878967285e-02
-4.069782793521881104e-02
-8.780405856668949127e-03
-5.115789361298084259e-03
-1.800690405070781708e-02
-2.007714845240116119e-02
-3.904165327548980713e-02
-1.662745513021945953e-02
1.189375063404440880e-03
-1.439906656742095947e-02
-4.481724277138710022e-02
-3.900902112945914268e-03
-3.007343783974647522e-02
-2.105012908577919006e-02
3.599525243043899536e-02
1.821801997721195221e-02
5.178818013519048691e-03
1.959667913615703583e-02
5.903492122888565063e-02
3.695474192500114441e-02
5.803470965474843979e-03
1.573833264410495758e-02
3.568904474377632141e-02
5.785279907286167145e-03
1.239782478660345078e-02
5.266582593321800232e-03
-4.493024665862321854e-03
5.774291639681905508e-05
-3.339059650897979736e-02
-1.995496638119220734e-02
-4.907960444688796997e-02
-6.688115745782852173e-02
2.513891272246837616e-02
1.980024389922618866e-02
-2.481313049793243408e-02
2.180221676826477051e-02
2.132410742342472076e-02
-7.689085789024829865e-03
-1.238893996924161911e-02
1.341861323453485966e-03
-1.884523592889308929e-02
1.912492699921131134e-02
1.579813472926616669e-02
-1.142196450382471085e-02
1.152456086128950119e-02
5.195967387408018112e-03
-2.500466629862785339e-02
-3.115152195096015930e-02
-4.970929399132728577e-02
-2.314419485628604889e-02
1.925475150346755981e-02
4.047815222293138504e-03
-1.002898346632719040e-02
-1.686771959066390991e-02
-2.456212788820266724e-02
4.042271059006452560e-03
-2.456710115075111389e-02
-3.019050462171435356e-03
2.167431265115737915e-02
4.454316571354866028e-02
2.666699886322021484e-02
8.939086459577083588e-03
5.655208602547645569e-02
4.637631028890609741e-02
3.375404328107833862e-02
4.290419444441795349e-02
5.760964006185531616e-02
5.893651023507118225e-02
-9.832829236984252930e-03
-2.348050847649574280e-02
-2.487821690738201141e-02
-2.748738415539264679e-02
-2.552548982203006744e-02
-2.359763532876968384e-02
-2.175545878708362579e-02
-4.551469162106513977e-02
-1.526739634573459625e-02
-4.260910209268331528e-03
-1.412746869027614594e-02
-3.374575823545455933e-02
2.714696153998374939e-02
2.227106504142284393e-02
6.929790135473012924e-03
1.368653681129217148e-02
3.403649851679801941e-02
1.276697125285863876e-02
-7.183531764894723892e-03
-1.017751079052686691e-02
-1.714075170457363129e-02
-2.278814278542995453e-02
-2.774976380169391632e-02
-2.490446716547012329e-02
7.919839583337306976e-03
-1.749222539365291595e-02
-1.974786445498466492e-02
5.181634332984685898e-03
-3.269441053271293640e-02
-3.264979645609855652e-02
-1.309052202850580215e-02
-4.490999877452850342e-02
-3.415908291935920715e-02
-8.458668366074562073e-03
-2.327074483036994934e-02
-1.026456244289875031e-02
2.218240872025489807e-02
6.475844420492649078e-03
-9.963242337107658386e-03
7.382477633655071259e-03
-1.790645718574523926e-02
-1.476761605590581894e-02
-7.506203372031450272e-03
-2.100325375795364380e-02
-1.297836750745773315e-02
4.005535691976547241e-02
-1.118662394583225250e-02
-4.217137582600116730e-03
1.406878698617219925e-02
1.414958271197974682e-03
-2.136352006345987320e-03
4.395140334963798523e-03
-4.845249932259321213e-03
6.705065257847309113e-03
1.047587487846612930e-02
4.709654487669467926e-03
1.276663970202207565e-02
1.594470068812370300e-02
4.677006509155035019e-03
-2.357739768922328949e-02
-3.859432879835367203e-03
2.858326071873307228e-03
-1.311095710843801498e-02
4.773950949311256409e-02
4.954764153808355331e-03
-3.162049688398838043e-03
-8.757564239203929901e-03
-3.483892977237701416e-02
-2.910946123301982880e-02
-3.200336173176765442e-02
-2.926546707749366760e-02
-2.795101329684257507e-02
1.608114689588546753e-02
1.581575535237789154e-02
2.313057426363229752e-03
1.434421446174383163e-02
1.445399224758148193e-02
6.097152363508939743e-04
-6.916190497577190399e-03
-1.498834975063800812e-02
-7.138463202863931656e-03
-1.299159135669469833e-02
-2.335624210536479950e-02
-1.946862041950225830e-02
-1.394225377589464188e-02
9.161690250039100647e-03
8.897550404071807861e-03
-1.459472067654132843e-02
4.889826755970716476e-03
1.044056564569473267e-02
1.978315785527229309e-02
2.265935996547341347e-03
-7.289748638868331909e-03
2.921092696487903595e-02
4.385606851428747177e-03
5.001784302294254303e-03
2.464102208614349365e-02
-1.262199319899082184e-02
-8.673554286360740662e-03
-1.127850357443094254e-02
4.704507999122142792e-03
1.602569967508316040e-02
-1.464621722698211670e-02
-3.328971564769744873e-02
1.527713844552636147e-03
-1.918769441545009613e-02
-1.735531538724899292e-02
-1.760320179164409637e-02
-9.545796550810337067e-03
1.243705512024462223e-03
2.538389526307582855e-02
-1.519247516989707947e-02
1.349460519850254059e-02
3.097082674503326416e-02
-1.691772602498531342e-02
-6.738530471920967102e-03
8.557877503335475922e-03
1.433013845235109329e-02
1.370849739760160446e-02
-4.498634487390518188e-03
4.401234909892082214e-02
5.997803062200546265e-02
3.556515648961067200e-02
4.018371179699897766e-02
5.643101036548614502e-02
3.804045915603637695e-02
-1.834508962929248810e-02
-2.593168616294860840e-02
-3.365211933851242065e-02
-2.615563012659549713e-02
-2.027803100645542145e-02
-1.834847591817378998e-02
-2.615077234804630280e-02
-1.848201267421245575e-02
-2.169857546687126160e-02
3.809083625674247742e-02
2.969571948051452637e-02
2.691721916198730469e-02
4.578916728496551514e-02
4.598545655608177185e-02
4.305365681648254395e-02
2.280565537512302399e-02
3.874459862709045410e-02
2.126521617174148560e-02
-6.238423753529787064e-03
-2.709573833271861076e-03
-1.952351815998554230e-02
8.186681196093559265e-03
-1.105198170989751816e-02
-8.458172902464866638e-03
2.657328359782695770e-02
1.139905676245689392e-02
7.381752599030733109e-03
9.140215115621685982e-04
-6.117307115346193314e-03
-1.859014295041561127e-02
-2.592180296778678894e-02
-1.040453650057315826e-02
-4.020807519555091858e-02
-3.205375745892524719e-02
-1.946071907877922058e-02
-5.158837512135505676e-02
1.921998336911201477e-03
1.298174262046813965e-02
-9.342120960354804993e-03
2.615943364799022675e-02
3.439171239733695984e-02
-9.788029827177524567e-03
5.354727804660797119e-02
4.919981956481933594e-02
3.920642659068107605e-03
5.318298190832138062e-02
1.678092218935489655e-02
-2.476601116359233856e-02
6.830911338329315186e-02
4.313561320304870605e-02
2.891024388372898102e-02
2.610585838556289673e-02
3.372480347752571106e-02
-9.207283146679401398e-04
4.772015381604433060e-03
2.480965293943881989e-02
1.921272487379610538e-04
2.224753424525260925e-02
3.886153548955917358e-02
1.000919844955205917e-02
6.152015994302928448e-04
1.787725836038589478e-02
1.168389804661273956e-02
-1.943669840693473816e-02
-7.944728247821331024e-03
-3.316142363473773003e-03
-2.654972672462463379e-02
4.955148324370384216e-03
-2.203617058694362640e-02
1.077625527977943420e-02
-2.217875607311725616e-02
-5.211414769291877747e-02
1.440156437456607819e-02
-7.277741562575101852e-03
-9.972998872399330139e-03
7.333955727517604828e-03
-1.845385693013668060e-02
4.728807136416435242e-03
8.114444091916084290e-03
-1.896969188237562776e-04
-2.464513061568140984e-03
-3.775872290134429932e-02
-3.118775784969329834e-04
1.943669840693473816e-02
-1.377334073185920715e-02
3.187334164977073669e-02
4.415595158934593201e-02
8.079830557107925415e-03
3.782689943909645081e-02
3.657124936580657959e-02
3.093122970312833786e-03
-1.304603461176156998e-02
8.447384461760520935e-03
1.518729701638221741e-02
3.042711131274700165e-02
8.706679567694664001e-03
1.360803190618753433e-02
-3.402467817068099976e-03
-1.627724617719650269e-02
4.142923280596733093e-02
8.879741281270980835e-02
9.839203208684921265e-02
5.782236531376838684e-02
7.769402861595153809e-02
9.526758641004562378e-02
4.717585444450378418e-02
6.332836300134658813e-02
5.461496114730834961e-02
-2.873511798679828644e-02
2.102270955219864845e-03
1.872090436518192291e-02
-2.546043833717703819e-03
9.565451182425022125e-03
1.495009567588567734e-02
-6.692846305668354034e-03
7.260549464263021946e-04
-1.256257947534322739e-02
8.441076613962650299e-03
3.665570542216300964e-02
1.360868010669946671e-02
3.500482812523841858e-02
3.904681280255317688e-02
1.937880553305149078e-02
1.568779163062572479e-02
1.714056730270385742e-02
-1.765542197972536087e-03
-2.374444343149662018e-02
-4.188277944922447205e-02
-3.742069005966186523e-02
-1.085737440735101700e-02
-3.905341774225234985e-02
-1.178791467100381851e-02
1.418987754732370377e-02
3.382008522748947144e-02
2.176465466618537903e-02
8.038001134991645813e-03
-4.845275543630123138e-03
-1.521007041446864605e-03
-2.408244414255023003e-03
-2.086465433239936829e-02
-1.158797740936279297e-02
1.023354660719633102e-02
-1.831025071442127228e-02
-1.256407238543033600e-02
-2.326122671365737915e-02
-2.217647619545459747e-02
-5.769959650933742523e-03
-1.943653076887130737e-02
-3.001058846712112427e-02
-2.460616268217563629e-02
6.156158051453530788e-04
-8.588124066591262817e-03
9.128854610025882721e-03
2.191209048032760620e-02
2.707926928997039795e-02
2.256583236157894135e-02
7.376939058303833008e-03
1.219822280108928680e-02
1.076003443449735641e-02
1.256829965859651566e-02
1.114769745618104935e-02
4.543197341263294220e-03
9.443388320505619049e-03
-2.419729426037520170e-04
-5.980129819363355637e-03
1.414802484214305878e-02
3.698349371552467346e-02
2.233939804136753082e-02
1.471404358744621277e-02
2.804539911448955536e-02
2.196859754621982574e-02
-1.179375965148210526e-02
4.112251335754990578e-04
8.335344493389129639e-03
-1.511028967797756195e-02
-1.278538163751363754e-02
-6.329696625471115112e-03
-1.128982380032539368e-02
4.115106072276830673e-03
1.162461412604898214e-04
-1.735801063477993011e-02
-5.235831439495086670e-02
-5.096003413200378418e-02
-4.828989878296852112e-02
-5.504578724503517151e-02
-3.820513933897018433e-02
-5.778603628277778625e-02
-5.704908072948455811e-02
3.211591392755508423e-03
-6.205291487276554108e-03
-2.795958425849676132e-03
3.882019966840744019e-02
-1.751721650362014771e-02
1.998904347419738770e-02
3.130182623863220215e-02
1.315335556864738464e-02
3.681143000721931458e-02
5.953614041209220886e-02
-8.354576304554939270e-03
-2.680090954527258873e-03
4.211008199490606785e-04
2.979057375341653824e-03
-1.800808124244213104e-02
-3.259800001978874207e-02
-5.089905112981796265e-03
-7.372171152383089066e-03
6.318052764981985092e-03
1.663683913648128510e-02
2.161832759156823158e-03
-1.077657449059188366e-03
3.377185668796300888e-03
-2.957093343138694763e-02
-3.836711496114730835e-02
-2.622493542730808258e-02
-2.582838572561740875e-02
-2.352671325206756592e-02
2.127629704773426056e-02
2.351156435906887054e-02
2.586764469742774963e-02
-1.661079586483538151e-03
3.999338485300540924e-03
4.036595299839973450e-02
1.825088448822498322e-02
3.343679383397102356e-02
2.956128865480422974e-02
4.756563529372215271e-02
3.484725207090377808e-02
1.893846131861209869e-02
3.446476906538009644e-02
2.853225730359554291e-02
2.324767410755157471e-03
8.921687491238117218e-03
1.209937222301959991e-02
1.196437794715166092e-02
-3.371932730078697205e-02
-7.967316359281539917e-02
-6.440853327512741089e-02
-3.947022184729576111e-02
-4.821902513504028320e-02
-4.434058442711830139e-02
-3.006779775023460388e-02
-5.506895855069160461e-02
-4.628593102097511292e-02
3.073246590793132782e-02
1.775227836333215237e-03
-8.581490255892276764e-03
2.147625898942351341e-03
-7.910792715847492218e-03
-7.784817367792129517e-03
1.266574021428823471e-02
2.325949072837829590e-02
1.247141789644956589e-02
6.019239500164985657e-02
7.817282527685165405e-02
3.839017823338508606e-02
7.168664783239364624e-02
6.872364133596420288e-02
4.922896623611450195e-02
8.070326410233974457e-03
1.867338269948959351e-02
2.433767542243003845e-02
-1.569175906479358673e-02
-3.078779764473438263e-02
-3.545138239860534668e-02
4.949294961988925934e-03
-1.037333160638809204e-02
-3.160155937075614929e-02
2.749081514775753021e-02
-2.246559830382466316e-03
-3.010316938161849976e-02
2.229889854788780212e-02
3.306851489469408989e-03
-3.084178641438484192e-02
3.847438376396894455e-03
8.269936777651309967e-03
-2.192400954663753510e-02
2.563781104981899261e-02
2.439716644585132599e-02
-6.667525507509708405e-03
-7.886277744546532631e-04
-3.389732155483216047e-04
4.209522623568773270e-03
-1.224527228623628616e-02
-1.872335188090801239e-02
-2.719098702073097229e-02
-2.097733505070209503e-02
-1.090050954371690750e-02
2.598765131551772356e-04
-1.214409433305263519e-02
1.697754254564642906e-03
7.326508406549692154e-03
-1.173375360667705536e-02
1.506246044300496578e-03
-1.505466178059577942e-02
5.620884709060192108e-03
6.380328442901372910e-03
-9.930205531418323517e-03
-3.376555163413286209e-03
-1.141370460391044617e-02
-1.586174592375755310e-02
-4.365759668871760368e-04
2.903837012127041817e-03
-4.722191020846366882e-03
-7.335241883993148804e-03
5.421718116849660873e-03
-7.611598266521468759e-05
-4.155460372567176819e-02
-6.147504970431327820e-02
-4.937923327088356018e-02
-6.000681594014167786e-02
-5.089350417256355286e-02
-4.553106054663658142e-02
-4.913293570280075073e-02
-5.952727794647216797e-02
-2.114561200141906738e-02
-1.413922756910324097e-02
5.409770179539918900e-03
-2.257319167256355286e-02
6.273914594203233719e-03
-5.328031256794929504e-04
-2.869336493313312531e-02
7.959337905049324036e-03
2.715763868764042854e-03
1.202467177063226700e-02
4.777027666568756104e-02
7.838471233844757080e-02
6.071417406201362610e-02
6.280705332756042480e-02
4.760087653994560242e-02
5.582047626376152039e-02
7.659030705690383911e-02
4.281959310173988342e-02
1.818388514220714569e-02
-1.311534270644187927e-02
-3.766677901148796082e-02
-4.916749522089958191e-02
-3.044595383107662201e-02
-4.030226543545722961e-02
-6.114600971341133118e-02
-3.683007135987281799e-02
-4.420085623860359192e-02
-4.769610241055488586e-02
1.917713508009910583e-02
-1.043532416224479675e-02
-2.670812234282493591e-02
2.749577397480607033e-03
-1.428392902016639709e-02
-3.375130146741867065e-02
1.270608045160770416e-02
-1.294185873121023178e-02
-1.142635662108659744e-02
2.201210893690586090e-02
-1.923005469143390656e-02
-1.258113887161016464e-02
7.494014222174882889e-03
-3.525564074516296387e-02
-2.603716403245925903e-02
-3.083324618637561798e-02
-6.023587286472320557e-02
-2.281744964420795441e-02
-9.223676170222461224e-04
-1.286737434566020966e-02
-1.370097231119871140e-02
-3.022446855902671814e-02
-2.816512621939182281e-02
-4.600881785154342651e-02
-3.137180209159851074e-02
-4.672857001423835754e-02
-2.847450040280818939e-02
-2.381576970219612122e-02
1.424602931365370750e-03
5.789592396467924118e-03
2.929487032815814018e-03
-2.537108957767486572e-03
8.690615184605121613e-03
2.806188911199569702e-02
2.804355137050151825e-02
-1.404852420091629028e-02
-1.608318299986422062e-03
-1.104650739580392838e-02
-2.899901755154132843e-02
-4.319009371101856232e-03
-2.381367050111293793e-02
-4.504976794123649597e-02
-7.072343025356531143e-03
-7.845372892916202545e-04
-1.623003557324409485e-02
2.226004935801029205e-02
2.514971885830163956e-03
2.660324424505233765e-02
1.515677478164434433e-02
-4.132230766117572784e-03
-2.865359373390674591e-02
3.243501111865043640e-02
-1.778732612729072571e-02
-3.609340637922286987e-02
1.877541467547416687e-02
-8.388117887079715729e-03
-1.117518451064825058e-02
-4.224200267344713211e-03
6.701432168483734131e-03
1.550099439918994904e-02
-6.223801756277680397e-04
1.120624877512454987e-02
4.637054167687892914e-03
-3.838149830698966980e-03
-1.208432298153638840e-02
-1.655856333673000336e-02
-4.398175515234470367e-03
1.081588771194219589e-02
-1.853513531386852264e-03
-5.502113141119480133e-03
-1.103970035910606384e-02
5.528757814317941666e-03
-6.594771984964609146e-03
-3.228577971458435059e-02
-2.994947507977485657e-02
1.553606986999511719e-02
-1.891531422734260559e-02
-5.425478331744670868e-03
4.655892029404640198e-02
3.996531665325164795e-02
8.902901783585548401e-03
-1.253726426512002945e-02
-1.350376661866903305e-02
-4.016974009573459625e-03
1.044893916696310043e-02
2.627393230795860291e-03
1.094921398907899857e-02
4.463106766343116760e-02
2.581851370632648468e-02
1.376585918478667736e-03
-5.517370626330375671e-02
-4.166055470705032349e-02
-2.010032907128334045e-02
-1.442348398268222809e-02
-2.005363814532756805e-02
-1.121750939637422562e-02
-3.391477046534419060e-03
4.791533574461936951e-03
2.426502108573913574e-02
1.601566374301910400e-02
-7.309596985578536987e-03
-2.235012687742710114e-02
-6.118437275290489197e-03
-4.945033229887485504e-03
-2.177606336772441864e-02
-2.348394319415092468e-02
-2.336677908897399902e-02
-3.984532319009304047e-03
8.482724428176879883e-03
-4.787362646311521530e-03
-6.557227112352848053e-03
-2.531350217759609222e-02
-4.314162954688072205e-02
-4.198789969086647034e-02
-2.777035906910896301e-02
-3.900649398565292358e-02
-2.401332557201385498e-02
-1.058506872504949570e-02
-2.112392894923686981e-02
-2.761104330420494080e-02
-7.512227632105350494e-03
-4.453802015632390976e-03
-1.225764863193035126e-02
-9.103863500058650970e-03
-6.580980494618415833e-03
4.784102551639080048e-03
-3.136811032891273499e-02
-4.438132047653198242e-02
-2.531703375279903412e-02
-2.450427785515785217e-02
-1.097053196281194687e-02
3.260423429310321808e-03
-1.950679905712604523e-02
-2.676085941493511200e-02
1.443428732454776764e-02
7.651859894394874573e-03
3.912382945418357849e-02
3.937803674489259720e-03
4.681895300745964050e-02
3.870304301381111145e-02
1.240801252424716949e-02
2.488931640982627869e-02
3.185066208243370056e-02
-1.441407203674316406e-02
-5.708686541765928268e-03
4.755232483148574829e-03
6.953530013561248779e-03
-2.730943821370601654e-02
-2.061864919960498810e-02
-1.196478120982646942e-02
-9.540999308228492737e-03
-4.133962467312812805e-02
-2.199221029877662659e-02
-4.087038338184356689e-02
-2.695335634052753448e-02
-2.678721398115158081e-02
-2.341701649129390717e-02
-3.871605172753334045e-02
-3.023141622543334961e-02
-1.601675711572170258e-02
-2.847761660814285278e-02
-7.371588726527988911e-04
-6.140647083520889282e-02
-4.800068214535713196e-02
-4.298107698559761047e-02
7.108482532203197479e-03
1.070799957960844040e-02
1.037054881453514099e-02
2.629089914262294769e-02
3.309367224574089050e-02
2.833587117493152618e-02
3.742199391126632690e-02
2.775923721492290497e-02
-1.638739136978983879e-03
2.127700671553611755e-02
3.537881001830101013e-02
2.077217586338520050e-02
-1.963251968845725060e-03
1.059731561690568924e-02
2.342966198921203613e-02
-3.302348405122756958e-02
-2.582173608243465424e-02
-5.151752382516860962e-02
-3.581009060144424438e-02
-3.203774988651275635e-02
-2.931885048747062683e-02
-1.220100279897451401e-02
-9.844485670328140259e-03
-8.997785858809947968e-03
-2.705976739525794983e-02
-1.316122710704803467e-03
-2.084053494036197662e-02
1.259587472304701805e-03
-1.333891693502664566e-02
-1.555725466459989548e-02
3.262108191847801208e-02
3.975874930620193481e-02
1.569507829844951630e-02
1.111893288907594979e-04
8.039039559662342072e-03
1.738536544144153595e-02
-7.765047717839479446e-03
-4.618403967469930649e-03
-7.379662245512008667e-03
-4.260012134909629822e-02
-2.560236304998397827e-02
-2.352971397340297699e-02
-7.996145635843276978e-03
-5.147026479244232178e-02
-3.671301528811454773e-02
-8.675918914377689362e-03
-4.615272209048271179e-02
-5.053248628973960876e-02
6.078559532761573792e-02
1.707442849874496460e-02
1.336095388978719711e-02
-3.407054767012596130e-02
-3.087356686592102051e-02
-3.331590443849563599e-02
-5.598770454525947571e-02
-4.263143613934516907e-02
-5.130335688591003418e-02
-7.322838157415390015e-02
-6.072843447327613831e-02
-4.107884690165519714e-02
6.604833994060754776e-03
-4.206540528684854507e-03
9.988390840590000153e-03
5.219130543991923332e-04
-1.984115131199359894e-02
-3.160349279642105103e-02
-2.100431919097900391e-02
-3.435843437910079956e-02
-3.174062818288803101e-02
-3.317273408174514771e-02
1.691458001732826233e-02
1.238024141639471054e-02
-1.529647875577211380e-02
1.634063385426998138e-02
2.251701056957244873e-02
-2.283939346671104431e-02
-9.915909031406044960e-04
-1.077413838356733322e-02
-4.172264132648706436e-03
-5.907448008656501770e-03
3.103811480104923248e-02
-7.325751939788460732e-04
-1.064423099160194397e-02
1.696949638426303864e-02
-2.271898835897445679e-02
-1.820314116775989532e-02
-2.446969412267208099e-02
2.706469222903251648e-02
7.976605556905269623e-03
1.241829060018062592e-02
-1.486216671764850616e-02
-3.127563372254371643e-02
-2.161779068410396576e-02
-3.138109296560287476e-02
-4.524533078074455261e-02
-5.008934810757637024e-02
6.707651913166046143e-02
7.088094204664230347e-02
4.325040802359580994e-02
7.734312862157821655e-02
6.950420141220092773e-02
5.313932150602340698e-02
6.941206008195877075e-02
5.282381549477577209e-02
2.178958244621753693e-02
-1.442984025925397873e-02
-6.349497940391302109e-03
-1.924989337567240000e-04
3.684068843722343445e-02
1.458489336073398590e-03
1.317143812775611877e-02
2.052656933665275574e-02
2.545553073287010193e-02
1.873977296054363251e-02
1.331399660557508469e-02
2.250795625150203705e-02
3.070163540542125702e-02
1.101844664663076401e-02
2.808934636414051056e-02
2.271184884011745453e-02
-1.632037200033664703e-02
-2.141131274402141571e-02
-1.497855782508850098e-02
-1.565501093864440918e-03
-4.440821707248687744e-02
-3.373980894684791565e-02
3.083925880491733551e-02
1.201242208480834961e-02
2.831469103693962097e-02
3.058045543730258942e-02
4.511838778853416443e-02
4.140295460820198059e-02
-1.197168696671724319e-02
-3.690712898969650269e-02
-4.191843792796134949e-02
-6.777862086892127991e-03
-2.592056803405284882e-02
-1.855441369116306305e-02
4.409597069025039673e-02
9.275660850107669830e-03
2.434571459889411926e-02
-7.047043647617101669e-03
-7.687363773584365845e-03
-1.675671339035034180e-02
-6.296880077570676804e-03
-5.553894210606813431e-03
-7.653462816961109638e-04
3.383731469511985779e-02
3.437925130128860474e-03
-6.049262359738349915e-03
-2.323965914547443390e-02
-4.425323754549026489e-02
-1.968795992434024811e-02
-9.870118461549282074e-03
-5.808666814118623734e-03
6.668267771601676941e-03
1.028159866109490395e-03
-4.922106862068176270e-03
2.067927271127700806e-02
-2.516964077949523926e-02
-7.525518536567687988e-03
-1.107793184928596020e-03
-2.125233970582485199e-02
-1.055448967963457108e-02
-1.568313129246234894e-02
-1.872454211115837097e-02
-2.270209416747093201e-02
-2.041462995111942291e-02
-2.497043693438172340e-03
-6.806288845837116241e-03
8.789515122771263123e-03
1.045808382332324982e-02
-5.023861303925514221e-03
2.130194939672946930e-02
3.038747981190681458e-02
3.687080740928649902e-02
3.471546247601509094e-02
-3.910924121737480164e-02
-1.760419644415378571e-02
1.148941833525896072e-02
-2.271877415478229523e-02
-3.600779175758361816e-02
-9.363635443150997162e-03
-3.159292275086045265e-03
-1.579176820814609528e-02
4.366598557680845261e-03
-3.031347692012786865e-02
-2.121528796851634979e-02
-5.208742339164018631e-03
-5.452056974172592163e-02
-5.004715919494628906e-02
-2.626721374690532684e-02
-6.108134239912033081e-02
-6.573950499296188354e-02
-2.328918129205703735e-02
-1.680567674338817596e-02
-4.335796460509300232e-02
-3.508205711841583252e-02
-5.141559988260269165e-02
-5.418572947382926941e-02
-2.240142412483692169e-02
-5.760159343481063843e-02
-4.366287216544151306e-02
-3.046039026230573654e-03
2.281581517308950424e-03
3.766355291008949280e-02
1.542151905596256256e-02
3.437007311731576920e-03
-5.943872500211000443e-03
-1.273213233798742294e-02
-3.480359166860580444e-02
-8.851376362144947052e-03
-5.827581882476806641e-02
8.779435418546199799e-03
-2.270359918475151062e-02
4.870881792157888412e-03
-4.855008795857429504e-02
-3.602417185902595520e-02
-2.708406746387481689e-02
-1.488278526812791824e-02
-3.562000347301363945e-03
-9.308698587119579315e-03
1.249790471047163010e-02
-3.647998720407485962e-02
-9.710446931421756744e-03
7.408835459500551224e-03
-1.962782256305217743e-02
-3.704967722296714783e-02
6.102540530264377594e-03
-4.858006257563829422e-03
-3.402362763881683350e-02
3.194702789187431335e-02
5.690677836537361145e-02
3.198564052581787109e-02
6.806495040655136108e-02
6.722650676965713501e-02
6.049692258238792419e-02
9.747670032083988190e-03
7.884758710861206055e-02
3.744455054402351379e-02
-2.463426254689693451e-02
6.405396852642297745e-03
3.265093255322426558e-04
-9.904448874294757843e-03
2.945631742477416992e-03
-2.258041128516197205e-02
1.364008150994777679e-02
-2.625442668795585632e-02
-1.604161970317363739e-02
2.656671218574047089e-02
8.602698333561420441e-03
-2.021989226341247559e-02
9.742096066474914551e-03
-5.629499908536672592e-03
-2.182202599942684174e-02
4.721938166767358780e-03
-2.567217499017715454e-02
-1.598352566361427307e-02
-1.050332747399806976e-02
3.577312221750617027e-03
9.039781056344509125e-03
-1.230601407587528229e-02
-2.333179116249084473e-02
-1.157698594033718109e-02
-2.015443705022335052e-02
-5.387550592422485352e-02
-1.097388658672571182e-02
3.631507605314254761e-02
5.919986218214035034e-02
7.549165934324264526e-02
1.334525551646947861e-02
3.384554013609886169e-02
4.665652662515640259e-02
5.966520402580499649e-03
1.653404347598552704e-02
1.260078139603137970e-02
-3.302390500903129578e-02
-1.515158265829086304e-02
2.115712314844131470e-02
-2.525366470217704773e-02
3.293345123529434204e-02
3.762118518352508545e-02
-8.958342950791120529e-04
5.301359668374061584e-02
4.301447793841362000e-02
-1.442444976419210434e-02
1.958710700273513794e-02
4.412352666258811951e-02
1.560649368911981583e-02
2.165982499718666077e-02
1.116726268082857132e-02
2.072142995893955231e-02
2.501158975064754486e-02
-3.133701905608177185e-02
-9.972140192985534668e-03
-2.392639726167544723e-04
7.441537920385599136e-03
-3.592452034354209900e-02
-3.785330802202224731e-02
-4.625262320041656494e-02
-5.708657950162887573e-02
-7.268507778644561768e-02
-6.110719963908195496e-02
5.539498105645179749e-02
3.605413436889648438e-02
1.728979498147964478e-02
5.770510807633399963e-02
3.217649832367897034e-02
2.664805576205253601e-02
-2.701921388506889343e-02
-2.015369758009910583e-02
-2.802344784140586853e-02
-2.160382457077503204e-02
-3.502500057220458984e-02
-2.523127943277359009e-02
-2.402944862842559814e-02
-1.801100932061672211e-02
-1.708122156560420990e-02
-6.844218354672193527e-03
1.912881061434745789e-02
7.924611680209636688e-03
2.205581776797771454e-02
3.969686850905418396e-02
4.790371283888816833e-02
5.031662806868553162e-02
5.091304704546928406e-02
2.603759057819843292e-02
5.230898037552833557e-02
4.002825915813446045e-02
1.251253671944141388e-02
-3.117847256362438202e-02
-1.728707179427146912e-02
1.361700613051652908e-02
-3.886448964476585388e-02
-2.300069667398929596e-03
2.481698617339134216e-02
-1.358976773917675018e-02
2.726299688220024109e-02
1.876674778759479523e-02
2.684874273836612701e-02
4.465052112936973572e-02
3.766530007123947144e-02
2.494493126869201660e-02
2.170024253427982330e-02
1.567232795059680939e-02
2.580180065706372261e-03
1.573280245065689087e-02
-1.386419287882745266e-03
6.080380175262689590e-03
3.023223020136356354e-03
-3.528679907321929932e-02
4.430235177278518677e-02
4.839265253394842148e-03
-9.767058305442333221e-03
1.226566918194293976e-02
1.308627892285585403e-03
-1.917426125146448612e-03
-1.962543278932571411e-02
-6.509209424257278442e-02
-2.452328801155090332e-02
-2.963631972670555115e-02
-4.483529925346374512e-02
-3.311210125684738159e-02
-5.991970375180244446e-02
-7.823085039854049683e-02
-3.916204348206520081e-02
-8.623536676168441772e-03
-3.999881073832511902e-02
-3.885101154446601868e-02
-4.001905769109725952e-02
-2.905488386750221252e-02
-1.399014610797166824e-02
8.339261636137962341e-03
3.105443902313709259e-02
4.181202128529548645e-02
6.167396903038024902e-03
-2.074543200433254242e-02
-2.483072318136692047e-02
-4.906916292384266853e-04
-2.429769374430179596e-02
-2.316527068614959717e-02
-2.570105949416756630e-03
-2.085384167730808258e-02
-3.735936433076858521e-02
2.179612964391708374e-02
5.244130734354257584e-04
-1.397017389535903931e-02
1.107614953070878983e-02
-3.945412579923868179e-03
1.769300084561109543e-03
-4.253654554486274719e-02
-1.165628526359796524e-02
6.529547739773988724e-03
-3.287877142429351807e-02
-4.746882990002632141e-02
-3.430241346359252930e-02
-4.266913980245590210e-02
-4.771249368786811829e-02
-1.862762868404388428e-02
-1.343460008502006531e-02
4.480456933379173279e-03
6.422703154385089874e-03
1.862978003919124603e-02
-2.965274732559919357e-03
-1.274235546588897705e-02
2.760509029030799866e-02
-7.968195131979882717e-04
-1.039904821664094925e-02
-1.152870059013366699e-02
-1.996313408017158508e-02
-6.016788538545370102e-03
-2.983536012470722198e-02
-8.010918274521827698e-03
-2.535751461982727051e-02
3.113418072462081909e-02
5.729471147060394287e-02
6.522870808839797974e-02
4.669075831770896912e-02
7.977493107318878174e-02
4.802434146404266357e-02
7.419184315949678421e-03
1.975353248417377472e-02
1.646245084702968597e-02
-5.754266399890184402e-03
2.520171552896499634e-02
1.354005362372845411e-04
-1.571233384311199188e-02
-7.387646939605474472e-03
8.122852304950356483e-04
8.850958198308944702e-03
-2.268347330391407013e-02
-4.939394816756248474e-02
-3.506293892860412598e-02
-3.674779459834098816e-02
-3.019168041646480560e-02
-4.201630875468254089e-02
-6.098183989524841309e-02
-2.489208057522773743e-02
7.054709829390048981e-03
1.701936684548854828e-02
-8.070050389505922794e-04
9.975393302738666534e-03
2.140987478196620941e-02
2.884391322731971741e-02
2.305652201175689697e-02
6.032389774918556213e-02
2.351254783570766449e-02
3.690984100103378296e-02
4.204903170466423035e-02
1.845748908817768097e-02
2.395441196858882904e-02
1.570082642138004303e-02
1.077711861580610275e-02
-1.461215200833976269e-03
-2.307228371500968933e-02
8.387236855924129486e-03
2.914184518158435822e-02
4.839581251144409180e-02
3.126263990998268127e-02
2.010450325906276703e-02
9.573184885084629059e-03
-7.756754290312528610e-03
1.269200071692466736e-02
-2.188879298046231270e-03
-1.016190182417631149e-02
-2.294701291248202324e-03
8.037432096898555756e-03
1.846762932837009430e-02
-1.217815559357404709e-02
-6.159323733299970627e-03
-2.512854058295488358e-03
-2.258899621665477753e-02
5.980775225907564163e-03
-2.330672368407249451e-02
-2.215735148638486862e-03
-3.870230913162231445e-02
-2.214780449867248535e-02
-5.680473148822784424e-02
-4.577723890542984009e-02
-2.020862512290477753e-02
-1.600943878293037415e-02
-3.905707597732543945e-02
-2.715023979544639587e-02
1.458094455301761627e-02
1.656697504222393036e-02
1.708780415356159210e-03
5.602914374321699142e-03
2.822463586926460266e-02
1.695094513706862926e-03
-5.109961144626140594e-03
-2.809424418956041336e-03
-2.947163535282015800e-03
2.491528354585170746e-02
4.938745126128196716e-02
3.604744374752044678e-02
2.695737965404987335e-02
5.895170941948890686e-02
5.119225382804870605e-02
-1.154643949121236801e-02
-1.578372158110141754e-02
4.053492564707994461e-03
-4.859215393662452698e-02
-3.651676326990127563e-02
-2.661748975515365601e-02
-4.633542150259017944e-02
-2.103777788579463959e-02
-1.676133088767528534e-02
2.582593122497200966e-03
-1.243206113576889038e-02
-3.743162145838141441e-03
4.322877898812294006e-02
9.376130253076553345e-02
7.329241931438446045e-02
5.207138136029243469e-02
7.887332141399383545e-02
5.911708250641822815e-02
3.617493808269500732e-02
3.581994399428367615e-02
-6.229587364941835403e-03
3.435293957591056824e-02
4.239882901310920715e-02
3.368450701236724854e-02
4.947447776794433594e-02
5.755829811096191406e-02
3.583489358425140381e-02
1.908500492572784424e-02
1.388851460069417953e-02
7.835938595235347748e-03
-2.581895142793655396e-02
-2.102838829159736633e-02
-9.029628708958625793e-03
-1.612131670117378235e-02
1.840239763259887695e-02
3.797604888677597046e-02
1.863833330571651459e-02
4.545638337731361389e-02
4.759061709046363831e-02
4.359180107712745667e-03
-5.774510558694601059e-03
-4.290984012186527252e-03
3.753447206690907478e-03
6.093041040003299713e-03
-6.228695623576641083e-03
1.237583067268133163e-02
1.780879497528076172e-02
4.617283586412668228e-03
-5.109091871418058872e-04
-2.332625910639762878e-02
-3.793731331825256348e-02
-5.632046610116958618e-03
-1.717207022011280060e-02
-9.269082918763160706e-03
5.359786562621593475e-03
4.033355973660945892e-03
2.086025476455688477e-02
-2.240602299571037292e-02
-2.044797316193580627e-02
-1.896266452968120575e-02
5.339217372238636017e-03
2.005485817790031433e-02
2.032465487718582153e-02
4.907318577170372009e-02
2.821600623428821564e-02
1.607489027082920074e-02
3.433432430028915405e-02
5.019482970237731934e-02
3.050434030592441559e-02
4.419100657105445862e-02
3.502927348017692566e-02
2.327611483633518219e-02
1.556811109185218811e-02
2.134487032890319824e-02
1.975760795176029205e-02
-6.654341705143451691e-03
-2.748948335647583008e-02
-7.789040450006723404e-03
-5.088365077972412109e-02
-6.328722089529037476e-02
-2.412169799208641052e-02
-4.387293383479118347e-02
-5.013680830597877502e-02
-2.341715246438980103e-02
6.469822488725185394e-03
1.297467201948165894e-02
5.532637704163789749e-03
4.534995649009943008e-03
-1.673851511441171169e-03
-7.338134571909904480e-03
-3.018705733120441437e-02
-1.044919621199369431e-02
-2.004638873040676117e-02
4.609192162752151489e-02
1.877798326313495636e-02
-1.838634721934795380e-02
4.779387265443801880e-02
-1.051965262740850449e-02
-1.381102297455072403e-02
5.515098571777343750e-03
4.361826926469802856e-03
-1.094017457216978073e-02
-2.306694164872169495e-02
-2.406155131757259369e-02
-4.974606912583112717e-03
-1.138684153556823730e-02
2.425037324428558350e-03
2.018737373873591423e-03
1.277087070047855377e-02
1.690714620053768158e-02
2.285893633961677551e-02
-2.571557089686393738e-02
-4.683553799986839294e-02
-5.071214586496353149e-02
-8.488146588206291199e-03
-1.497926749289035797e-02
-7.648059725761413574e-02
-1.018088962882757187e-02
-3.642683476209640503e-02
-3.684559464454650879e-02
-1.767165213823318481e-02
-4.890718962997198105e-03
2.857563458383083344e-02
-1.749181561172008514e-02
-1.746533252298831940e-02
-1.497574988752603531e-02
-1.916395686566829681e-02
-1.406439300626516342e-02
-1.434984616935253143e-02
-6.511867046356201172e-02
-4.967837408185005188e-02
-2.667335420846939087e-02
-4.271648451685905457e-02
-1.661697030067443848e-02
5.684291943907737732e-03
-1.302391942590475082e-02
1.886663585901260376e-02
2.609511837363243103e-02
2.398962154984474182e-03
2.619751170277595520e-02
4.384253639727830887e-03
5.898653995245695114e-03
1.655396632850170135e-02
2.115553431212902069e-02
9.840658865869045258e-03
3.142493218183517456e-02
1.681002601981163025e-02
-2.446858957409858704e-02
1.171231921762228012e-02
2.702102996408939362e-02
9.780141524970531464e-03
1.069140899926424026e-02
1.627187803387641907e-02
1.416354719549417496e-02
-3.413329541217535734e-04
-6.567933131009340286e-03
-7.813190110027790070e-03
4.012292716652154922e-03
2.039547264575958252e-02
2.314989082515239716e-02
2.975160442292690277e-02
1.624989137053489685e-02
2.815995179116725922e-02
2.026069909334182739e-02
-8.057810366153717041e-03
-1.744752563536167145e-02
-4.499420151114463806e-02
-4.177099093794822693e-02
-1.887258514761924744e-02
-5.898247659206390381e-02
-6.503630429506301880e-02
-3.939400240778923035e-02
-6.281856447458267212e-02
-8.385600149631500244e-02
1.400711364112794399e-03
-5.286123137921094894e-03
6.004014983773231506e-03
-1.866299845278263092e-02
3.942499402910470963e-03
2.179164998233318329e-02
-4.073622450232505798e-02
-1.553814206272363663e-02
1.698593236505985260e-02
-5.065051093697547913e-02
-9.206629358232021332e-03
-2.500140853226184845e-02
-4.196975752711296082e-02
-1.893988624215126038e-02
-9.024166502058506012e-04
-3.498437255620956421e-02
-2.542602829635143280e-02
1.264614402316510677e-03
4.049432463943958282e-03
3.588548302650451660e-02
3.724419325590133667e-02
1.517268945463001728e-03
3.877070732414722443e-03
1.155010424554347992e-02
7.066667545586824417e-03
-2.463037893176078796e-02
9.834383381530642509e-04
-2.455778606235980988e-02
-2.581108361482620239e-02
-6.048358511179685593e-03
-1.874096877872943878e-02
-3.842128068208694458e-02
-3.286016359925270081e-02
2.342741563916206360e-02
-4.911408759653568268e-03
-6.634712219238281250e-03
3.648193553090095520e-02
4.555008199531584978e-04
-1.670206620474345982e-05
1.987283118069171906e-02
3.569019213318824768e-02
1.022044382989406586e-02
1.222209911793470383e-02
1.183773670345544815e-02
1.377050019800662994e-02
-1.114237494766712189e-02
-1.965690404176712036e-02
-8.447356522083282471e-03
8.523380383849143982e-03
2.268600277602672577e-02
-1.703132875263690948e-02
2.749021537601947784e-02
1.518005132675170898e-02
-1.954069919884204865e-02
1.786653324961662292e-02
2.836981229484081268e-02
1.959770731627941132e-02
4.433707147836685181e-02
3.136533871293067932e-02
1.926128938794136047e-02
2.636532485485076904e-02
3.070888295769691467e-02
-2.028331626206636429e-03
-2.771991305053234100e-02
-2.856239676475524902e-02
-1.390161551535129547e-02
-3.185583278536796570e-02
-1.553768012672662735e-02
2.295945741934701800e-04
8.373712189495563507e-03
6.552341859787702560e-03
2.405192330479621887e-02
-3.746379166841506958e-02
-2.754388377070426941e-03
-8.074946235865354538e-04
-2.993044815957546234e-02
-5.764147732406854630e-03
1.990896463394165039e-02
-2.836946025490760803e-02
7.907515391707420349e-03
3.270334005355834961e-02
2.534272894263267517e-02
2.674031443893909454e-02
-8.071104995906352997e-03
4.270765557885169983e-02
4.186357930302619934e-02
9.944498538970947266e-03
1.969577372074127197e-02
4.130063205957412720e-02
9.710262529551982880e-03
-5.177047103643417358e-02
-5.744486674666404724e-02
-3.858773037791252136e-02
-5.469183251261711121e-02
-5.287772044539451599e-02
-5.605423450469970703e-02
-4.486801475286483765e-02
-4.836061596870422363e-02
-3.901119902729988098e-02
-7.222369778901338577e-03
-1.937945187091827393e-02
-5.387071054428815842e-03
7.330487947911024094e-03
-1.983823813498020172e-02
6.039365660399198532e-03
6.506725214421749115e-03
1.023910474032163620e-02
1.080899313092231750e-02
8.901673369109630585e-03
4.151413589715957642e-02
4.293379932641983032e-02
1.087462808936834335e-02
2.812550216913223267e-02
3.825022280216217041e-02
-2.219087257981300354e-02
-4.102024249732494354e-03
-1.716181822121143341e-02
-7.326277904212474823e-03
-1.560292206704616547e-02
-7.081583142280578613e-03
-1.128136459738016129e-02
-2.355461753904819489e-02
-2.878715842962265015e-02
1.513747265562415123e-03
-2.773638814687728882e-02
-3.598146140575408936e-02
-4.655721597373485565e-03
4.214766668155789375e-04
9.225531481206417084e-03
-6.129869259893894196e-03
-1.639233669266104698e-03
-1.419465988874435425e-02
-1.880174316465854645e-02
-1.106307096779346466e-02
-2.588936872780323029e-02
-2.849990874528884888e-02
-2.806880697607994080e-02
-2.177099697291851044e-02
-1.287784427404403687e-02
-4.452626686543226242e-03
-1.698917243629693985e-03
-8.470969274640083313e-03
-1.901022717356681824e-02
-1.800261065363883972e-02
1.053412165492773056e-02
2.938207797706127167e-02
1.854514889419078827e-02
9.207953698933124542e-03
1.114343875087797642e-03
5.768831819295883179e-03
-1.084239780902862549e-02
-1.708953827619552612e-02
-1.689412072300910950e-02
-3.066471777856349945e-02
-3.445781767368316650e-02
-4.731181636452674866e-02
-1.262350473552942276e-02
5.186064634472131729e-03
-9.952655062079429626e-03
1.460276357829570770e-02
1.254170015454292297e-02
5.188242532312870026e-03
-3.114026039838790894e-02
-3.704174980521202087e-02
-9.646387770771980286e-03
-2.648029848933219910e-02
-2.338068932294845581e-02
-7.429446093738079071e-03
1.857292489148676395e-03
8.576206862926483154e-03
6.013999693095684052e-03
-1.583131402730941772e-02
-3.226839238777756691e-03
4.306229762732982635e-03
2.900165878236293793e-02
2.832205221056938171e-02
4.696381837129592896e-02
4.842457175254821777e-02
6.435614079236984253e-02
4.908383637666702271e-02
5.660359282046556473e-03
-1.146219857037067413e-02
-2.225385047495365143e-02
-2.240175753831863403e-02
-2.921077795326709747e-02
-2.746790461242198944e-02
-2.650405839085578918e-02
-5.500617623329162598e-02
-2.713471837341785431e-02
-1.849886029958724976e-02
2.860211767256259918e-03
-6.494914181530475616e-03
-2.184355817735195160e-02
1.458636252209544182e-03
1.443741656839847565e-02
7.910770364105701447e-03
2.715416997671127319e-02
1.992347836494445801e-02
3.132902085781097412e-03
-5.738988053053617477e-03
8.369745686650276184e-03
1.396378036588430405e-03
-9.058671072125434875e-03
9.881204925477504730e-03
6.920540239661931992e-03
-2.119844779372215271e-02
-7.764502428472042084e-03
6.729093380272388458e-03
-6.723340135067701340e-03
-8.720977231860160828e-03
2.597285248339176178e-02
1.928857713937759399e-02
-4.039899446070194244e-03
4.283360671252012253e-03
1.696382090449333191e-02
8.120407350361347198e-03
-4.110910929739475250e-03
-1.107543986290693283e-02
1.299886498600244522e-02
5.508298985660076141e-03
3.250441979616880417e-03
3.433001786470413208e-02
2.560848556458950043e-02
7.693096995353698730e-03
1.029568538069725037e-02
-6.330360192805528641e-03
-4.764572717249393463e-03
-1.078766770660877228e-02
1.555191725492477417e-02
1.212317030876874924e-02
-5.530788097530603409e-03
8.753974922001361847e-03
1.609144173562526703e-02
3.707170486450195312e-03
1.322066131979227066e-02
2.147913165390491486e-02
3.724145889282226562e-02
-2.050858177244663239e-02
-1.944395899772644043e-02
1.920941844582557678e-02
-3.782198950648307800e-02
-2.666635438799858093e-02
-1.124727074056863785e-03
-2.681923471391201019e-02
-1.323809940367937088e-02
-1.147927250713109970e-02
-8.582177571952342987e-03
7.478102110326290131e-03
1.188305672258138657e-02
8.792603388428688049e-03
4.241322167217731476e-03
1.300420984625816345e-02
-2.441525645554065704e-02
-2.129291556775569916e-02
-1.968365721404552460e-02
-9.482352063059806824e-03
-1.000854466110467911e-02
7.117540575563907623e-03
8.212598972022533417e-03
2.553617954254150391e-02
3.321470692753791809e-02
2.432825230062007904e-02
6.996830925345420837e-03
-3.364734724164009094e-02
1.902149058878421783e-02
1.636466011404991150e-02
-2.886944264173507690e-02
1.167860813438892365e-02
-8.868547156453132629e-03
-2.989097498357295990e-02
-9.169421158730983734e-03
-4.638904705643653870e-03
-4.927067086100578308e-03
2.197606861591339111e-02
1.255421899259090424e-02
8.260495029389858246e-03
3.026926331222057343e-02
8.835843764245510101e-03
1.474397350102663040e-02
7.310731802135705948e-03
-8.361564832739531994e-04
-6.920081097632646561e-03
-3.431625291705131531e-02
-2.223920263350009918e-02
-3.667187318205833435e-02
-2.978870272636413574e-02
-1.038355007767677307e-02
-1.568926312029361725e-02
-1.328355353325605392e-02
1.801239140331745148e-02
5.494801700115203857e-02
3.539958223700523376e-02
7.992169260978698730e-02
1.176819875836372375e-01
5.891948565840721130e-02
1.161973774433135986e-01
1.033551469445228577e-01
6.626398116350173950e-02
5.611642450094223022e-02
4.181215539574623108e-02
3.785846754908561707e-02
1.902566291391849518e-02
3.184302896261215210e-02
1.385433785617351532e-02
5.920619238168001175e-03
-1.234461832791566849e-02
2.699650079011917114e-02
1.628090627491474152e-02
1.168928295373916626e-02
2.517869323492050171e-02
2.385012991726398468e-02
1.337141636759042740e-02
2.643867954611778259e-02
2.301645651459693909e-02
4.090384393930435181e-02
1.035583019256591797e-02
-2.101146429777145386e-02
-1.312112808227539062e-02
4.402848891913890839e-03
-1.672974671237170696e-03
-3.252808935940265656e-03
1.122548151761293411e-02
1.784648559987545013e-02
5.366221815347671509e-02
-1.695487461984157562e-02
-3.457423672080039978e-02
-1.983910985291004181e-02
7.936823181807994843e-03
-4.583093337714672089e-03
2.873145788908004761e-02
9.878002107143402100e-03
2.803944982588291168e-02
5.074494704604148865e-02
4.170454293489456177e-02
1.177179347723722458e-02
5.292450077831745148e-03
4.575923457741737366e-02
7.415953557938337326e-03
-3.226382657885551453e-02
9.300007484853267670e-03
-1.399980578571557999e-02
-3.066608682274818420e-02
2.675932087004184723e-02
3.358848392963409424e-02
1.047206483781337738e-02
4.081636667251586914e-02
4.260936379432678223e-02
4.966155439615249634e-02
-1.318715419620275497e-02
-6.671028677374124527e-03
4.558359738439321518e-03
8.311550132930278778e-03
-3.158163279294967651e-03
-1.260325219482183456e-02
1.600533910095691681e-02
-1.203675987198948860e-03
3.125377465039491653e-03
8.587997290305793285e-04
4.918897524476051331e-03
1.745771616697311401e-02
5.095337051898241043e-03
2.721798978745937347e-02
1.209206506609916687e-02
9.081587195396423340e-03
-2.170826774090528488e-03
-1.815882511436939240e-02
-1.921777846291661263e-03
-1.870943047106266022e-02
-2.794589102268218994e-02
1.167313093901611865e-04
-6.010657176375389099e-03
-1.990478858351707458e-02
-1.115895900875329971e-02
-3.053056448698043823e-02
-1.964165270328521729e-02
-6.764006335288286209e-03
-2.432201430201530457e-02
-7.060652598738670349e-03
2.250674739480018616e-02
4.776222165673971176e-03
1.175429392606019974e-02
2.290109358727931976e-02
3.697258187457919121e-03
-1.708137802779674530e-02
7.682158611714839935e-03
-3.233955800533294678e-02
-2.432496100664138794e-02
2.530913986265659332e-02
1.380378194153308868e-02
2.552275359630584717e-02
8.441806770861148834e-03
-1.334330718964338303e-02
-1.387660764157772064e-02
1.402894686907529831e-02
3.273338079452514648e-03
-2.798352017998695374e-02
-3.875168785452842712e-02
-3.798882290720939636e-02
-3.647680208086967468e-02
-4.472646862268447876e-02
-4.568804055452346802e-02
-3.944413363933563232e-02
-4.582197591662406921e-02
-2.592956647276878357e-02
-1.235842891037464142e-02
2.274431055411696434e-03
2.181334607303142548e-02
1.238106936216354370e-02
7.894789427518844604e-02
6.145337596535682678e-02
3.231879696249961853e-02
6.385271996259689331e-02
5.329835414886474609e-02
2.973654866218566895e-02
-2.718653157353401184e-02
-4.482705891132354736e-02
-6.991180032491683960e-02
-2.155953273177146912e-02
-3.722823038697242737e-02
-4.952754080295562744e-02
-1.391070708632469177e-02
-1.014212053269147873e-02
-1.846447587013244629e-02
-2.435626648366451263e-02
-3.148892521858215332e-02
-1.284374110400676727e-02
-2.899236045777797699e-02
-7.553425151854753494e-03
9.481295943260192871e-03
8.685757406055927277e-03
2.652655728161334991e-02
2.221800945699214935e-02
3.411930426955223083e-02
1.328175794333219528e-02
1.827983185648918152e-02
-1.669072359800338745e-02
-9.889006614685058594e-03
1.162033062428236008e-02
9.077638387680053711e-03
-1.208064332604408264e-02
2.350969240069389343e-02
5.034742876887321472e-02
1.091946475207805634e-02
-5.071451421827077866e-03
3.693709149956703186e-02
7.460812106728553772e-03
-1.578475348651409149e-02
9.919835254549980164e-03
8.120674639940261841e-03
-2.743308059871196747e-02
-2.915173955261707306e-02
-4.220317676663398743e-02
-1.387572847306728363e-02
2.311696670949459076e-02
-1.352248527109622955e-02
1.502479193732142448e-03
3.520547971129417419e-02
3.493668884038925171e-02
9.770647622644901276e-03
5.892952531576156616e-02
3.926956653594970703e-02
2.425485663115978241e-02
4.618199914693832397e-02
-1.052949577569961548e-02
4.556561820209026337e-03
1.550144050270318985e-02
3.359647234901785851e-03
3.706462914124131203e-03
2.295294217765331268e-02
3.079614136368036270e-03
-7.305898703634738922e-03
1.754990406334400177e-02
1.707109622657299042e-02
-1.007650513201951981e-03
2.407956682145595551e-02
2.250781282782554626e-02
-2.114022895693778992e-02
1.707571558654308319e-02
2.857192046940326691e-02
3.386785835027694702e-02
3.177228942513465881e-02
1.178267598152160645e-02
9.106437792070209980e-04
3.437170293182134628e-03
-1.095898449420928955e-02
-6.626862566918134689e-03
-2.283261902630329132e-02
-9.330399334430694580e-03
-2.717522345483303070e-02
-1.177923008799552917e-02
-1.375120319426059723e-02
-3.517399355769157410e-02
-1.190900336951017380e-02
-1.161174103617668152e-02
-1.746531110256910324e-03
1.945410482585430145e-02
1.302140019834041595e-02
1.967796310782432556e-02
4.759829957038164139e-03
9.682795032858848572e-03
2.375787124037742615e-03
-3.664961457252502441e-02
-2.530475147068500519e-02
-1.127295475453138351e-02
-3.777949884533882141e-02
-2.625708095729351044e-02
-3.065935522317886353e-02
-1.672757230699062347e-02
-2.016174420714378357e-02
-2.214562147855758667e-02
1.956098712980747223e-02
-4.344699904322624207e-03
-1.228322461247444153e-02
1.731078512966632843e-02
2.822396717965602875e-02
4.036713764071464539e-02
1.521154027432203293e-02
1.748305559158325195e-02
3.528530150651931763e-02
-1.833908073604106903e-02
1.768616214394569397e-02
3.341522812843322754e-02
-2.493760548532009125e-02
-8.124369196593761444e-03
7.346924860030412674e-03
-1.095816027373075485e-02
-4.958227742463350296e-03
2.868027659133076668e-03
-1.141289714723825455e-02
-5.474414676427841187e-02
-1.706501469016075134e-02
3.568269312381744385e-02
6.502275913953781128e-02
7.116787880659103394e-02
3.984346613287925720e-02
6.565094739198684692e-02
8.444560319185256958e-02
3.046132624149322510e-02
6.656121462583541870e-02
5.121890828013420105e-02
2.802180685102939606e-02
-3.150286898016929626e-02
-1.505376864224672318e-02
1.162191852927207947e-02
-1.976677030324935913e-02
-4.820675402879714966e-02
6.620457395911216736e-03
-2.479373663663864136e-02
-5.538460239768028259e-02
-4.352970048785209656e-02
-3.513546288013458252e-02
1.306820078752934933e-03
-4.235708341002464294e-02
-2.754933014512062073e-02
-1.315867993980646133e-02
-3.064902313053607941e-02
-2.455322630703449249e-02
1.687577925622463226e-02
-5.632287357002496719e-03
1.096438430249691010e-02
2.597376890480518341e-02
-1.445804536342620850e-02
2.525667892768979073e-03
2.866940759122371674e-02
-3.658182173967361450e-02
-2.057842724025249481e-02
-1.288035698235034943e-02
-1.374136749655008316e-02
-4.984819315723143518e-05
2.081449888646602631e-02
-6.944363703951239586e-04
-1.047085225582122803e-02
1.388050988316535950e-02
-3.009742125868797302e-02
-2.695577219128608704e-02
-4.151057451963424683e-02
-2.292451635003089905e-02
-2.405547723174095154e-02
-1.647504046559333801e-03
-3.392925485968589783e-02
-2.758265472948551178e-02
-2.908324077725410461e-02
-2.579941600561141968e-02
-2.077841572463512421e-02
-3.533485531806945801e-02
3.415969014167785645e-02
5.798026546835899353e-02
3.073568455874919891e-02
2.659139409661293030e-02
3.275419399142265320e-02
4.143763706088066101e-02
2.226065099239349365e-02
1.638601347804069519e-02
-4.136460833251476288e-03
5.993984639644622803e-03
7.301045116037130356e-03
-3.502496518194675446e-03
6.675521377474069595e-03
4.188061505556106567e-02
6.066585704684257507e-02
1.927047036588191986e-02
2.549970149993896484e-02
6.243064627051353455e-02
-3.487043082714080811e-02
-6.020554900169372559e-02
-2.576668374240398407e-02
-4.038305580615997314e-02
-2.302541397511959076e-02
1.155681908130645752e-03
-1.395038701593875885e-02
8.968486450612545013e-03
6.400005519390106201e-02
9.362733922898769379e-03
-1.232548616826534271e-02
9.982264600694179535e-03
2.171464078128337860e-02
-2.386260032653808594e-02
-7.024117745459079742e-03
-1.355500053614377975e-02
-3.485293313860893250e-02
-7.316278759390115738e-03
-7.308718282729387283e-03
-2.133319852873682976e-03
3.374199941754341125e-02
-1.649138052016496658e-03
-1.017862744629383087e-02
-1.751729287207126617e-02
-2.111165039241313934e-02
-4.727239534258842468e-02
-4.500952363014221191e-02
-3.603311954066157341e-03
2.366957440972328186e-02
-2.786126278806477785e-04
2.044485649093985558e-03
2.113641053438186646e-02
1.096907909959554672e-02
-1.214186195284128189e-02
-1.924898661673069000e-02
-1.201008353382349014e-02
8.124632760882377625e-03
-4.161937162280082703e-02
-2.279763668775558472e-02
-2.517788857221603394e-02
-1.365543529391288757e-02
-9.587599895894527435e-03
4.548551514744758606e-03
-1.514258142560720444e-02
-2.034438541159033775e-03
2.124282158911228180e-02
2.641372941434383392e-02
3.545736521482467651e-02
2.112488821148872375e-02
2.194679342210292816e-02
2.811936661601066589e-02
-1.652573235332965851e-02
-1.819469965994358063e-02
-1.347358059138059616e-02
8.195593021810054779e-03
2.502372860908508301e-02
5.343416240066289902e-03
-6.586803123354911804e-03
-4.050648305565118790e-03
3.973893076181411743e-02
-9.664008393883705139e-03
8.746647508814930916e-04
1.217390969395637512e-02
2.895738743245601654e-02
8.584986440837383270e-03
2.631243132054805756e-02
5.772536620497703552e-02
3.020012378692626953e-02
2.768910862505435944e-02
4.984751716256141663e-02
3.220815211534500122e-02
2.367312274873256683e-02
2.802838571369647980e-02
3.506462648510932922e-02
1.795419119298458099e-02
1.454713102430105209e-02
1.210332661867141724e-02
1.234765630215406418e-03
1.227324828505516052e-02
2.473694738000631332e-03
-2.311889082193374634e-02
-1.911079511046409607e-02
-1.865715347230434418e-02
-2.867832221090793610e-02
2.661300823092460632e-02
1.687374524772167206e-02
1.383188366889953613e-02
1.990011334419250488e-02
4.233555046084802598e-06
6.998150143772363663e-03
7.219470106065273285e-03
-8.038364350795745850e-03
2.497597131878137589e-03
-3.283262485638260841e-03
-2.087184786796569824e-02
-5.915482179261744022e-04
1.413845829665660858e-02
7.676990237087011337e-03
2.207622118294239044e-02
-1.378965284675359726e-02
-2.350097894668579102e-02
-1.782331056892871857e-02
-1.189735252410173416e-02
-1.137649361044168472e-02
4.980059806257486343e-03
-2.889472991228103638e-03
7.147304713726043701e-03
5.202272534370422363e-02
4.965101554989814758e-02
1.998703554272651672e-02
-1.663374714553356171e-02
1.562478113919496536e-02
-6.659503560513257980e-03
-3.045091591775417328e-02
5.747582763433456421e-03
-3.027715906500816345e-02
-2.722644992172718048e-02
8.866388350725173950e-03
2.796158753335475922e-02
4.613808169960975647e-02
-1.367505732923746109e-02
2.475667744874954224e-02
3.805504739284515381e-02
-1.844792440533638000e-02
1.414803881198167801e-02
1.537128258496522903e-02
-1.110130269080400467e-02
4.232391365803778172e-04
-4.157932940870523453e-03
-2.014274150133132935e-02
-2.678795531392097473e-02
-1.351489778608083725e-02
-3.324407339096069336e-02
-2.543891221284866333e-02
-2.524225041270256042e-02
-1.642897538840770721e-02
-3.132433071732521057e-02
-2.779579162597656250e-02
-2.454769425094127655e-02
-3.997145593166351318e-02
-3.917164728045463562e-02
7.772854063659906387e-03
-1.241356041282415390e-02
-2.472211606800556183e-02
4.016280174255371094e-03
1.401528570568189025e-04
-1.540466863662004471e-02
1.463599968701601028e-02
2.309372276067733765e-02
1.494803186506032944e-02
1.978225633502006531e-02
3.686596453189849854e-02
1.564809866249561310e-02
-5.952231120318174362e-03
-3.977871034294366837e-03
1.612346991896629333e-02
1.708570122718811035e-02
1.072496362030506134e-02
-7.048727944493293762e-03
2.356736175715923309e-02
2.259183861315250397e-02
-1.342065632343292236e-02
-4.732058849185705185e-03
9.569700807332992554e-03
1.936242729425430298e-02
4.791729152202606201e-02
3.377279266715049744e-02
3.893644362688064575e-02
4.681156575679779053e-02
5.538285151124000549e-02
1.768418587744235992e-02
1.499430183321237564e-02
1.437802053987979889e-02
5.597662646323442459e-03
3.723685070872306824e-02
1.372489240020513535e-02
1.741692423820495605e-02
5.258866772055625916e-02
5.537287518382072449e-02
3.931113332509994507e-02
1.688077859580516815e-02
-7.410932797938585281e-03
-7.501835469156503677e-03
-2.466093190014362335e-02
-9.297226555645465851e-03
-2.170392125844955444e-02
-2.625937759876251221e-02
-3.073291480541229248e-02
-1.370314136147499084e-02
-3.746058046817779541e-02
-2.481258660554885864e-02
-1.347812637686729431e-02
-5.228599160909652710e-02
-3.816081210970878601e-02
-3.578995168209075928e-02
-9.682858362793922424e-03
-2.357604354619979858e-02
1.251162961125373840e-02
5.945888813585042953e-03
2.002123370766639709e-02
1.965544372797012329e-02
2.579414099454879761e-02
1.820879802107810974e-02
1.956670917570590973e-02
1.926127262413501740e-02
1.857739686965942383e-02
-3.496725112199783325e-03
-5.949060898274183273e-03
-1.431282423436641693e-02
-1.503156311810016632e-02
-4.993636161088943481e-02
-4.020546376705169678e-02
-2.023144066333770752e-02
-4.671011492609977722e-02
-4.206042364239692688e-02
1.450658692192519084e-05
-6.757678929716348648e-04
-2.415665611624717712e-02
-4.515486583113670349e-02
-1.867480389773845673e-02
-2.081312239170074463e-02
-2.835632115602493286e-02
4.940499551594257355e-03
1.421974040567874908e-03
-1.693038269877433777e-02
1.098374556750059128e-02
1.169971190392971039e-02
6.655695848166942596e-03
3.208418935537338257e-02
5.041568726301193237e-02
3.975658491253852844e-02
5.649187136441469193e-03
2.235680818557739258e-02
9.668102487921714783e-03
-5.411734338849782944e-03
-3.274518763646483421e-03
-2.569058537483215332e-02
-3.004000522196292877e-02
-2.139273472130298615e-02
-1.533989142626523972e-02
-3.007633797824382782e-02
-3.434841334819793701e-02
-6.722082383930683136e-03
-1.342160068452358246e-02
-2.094913274049758911e-02
-4.398940596729516983e-03
-1.540559530258178711e-02
-1.222555246204137802e-02
-7.207472342997789383e-03
-2.752027846872806549e-02
-1.721876487135887146e-02
-9.706335142254829407e-03
3.971040993928909302e-02
-1.777190715074539185e-03
-1.736928708851337433e-02
-1.420498592779040337e-03
-4.063610732555389404e-02
-4.011573269963264465e-02
7.068202830851078033e-04
-3.231620788574218750e-02
-2.742445468902587891e-02
-8.122302591800689697e-03
-1.168261934071779251e-02
-2.695271512493491173e-03
-7.728304481133818626e-04
-1.620390824973583221e-02
-2.947961166501045227e-02
-4.919214639812707901e-03
-2.114233933389186859e-02
-3.144290670752525330e-02
-1.071514189243316650e-02
4.081607330590486526e-04
8.895149454474449158e-03
-1.522830873727798462e-02
1.066020596772432327e-02
1.381145510822534561e-02
-9.400985203683376312e-03
2.295543253421783447e-02
1.457623299211263657e-02
1.638964936137199402e-02
3.171728923916816711e-02
6.813691463321447372e-03
1.002210378646850586e-02
3.227297216653823853e-02
2.502133138477802277e-02
1.119897514581680298e-02
1.809119246900081635e-02
1.240683067589998245e-02
-3.951798006892204285e-02
-4.276599362492561340e-02
-4.992901533842086792e-02
6.529401522129774094e-03
6.178153213113546371e-03
3.502757288515567780e-03
3.653845191001892090e-02
8.021029829978942871e-02
5.251632258296012878e-02
-1.262369006872177124e-02
-2.243909239768981934e-02
-2.973359450697898865e-02
-2.175593189895153046e-02
-6.196433678269386292e-03
-1.931303739547729492e-02
-3.346418216824531555e-02
-3.764742985367774963e-02
-4.201893135905265808e-02
-3.684145165607333183e-03
-6.254444364458322525e-03
2.135612256824970245e-02
-3.453660383820533752e-02
-5.971438251435756683e-03
-2.040985785424709320e-02
-2.225080877542495728e-02
-1.438645366579294205e-02
1.455325284041464329e-03
-1.969676278531551361e-02
-4.800328239798545837e-02
-3.370724990963935852e-02
-6.054446566849946976e-03
-3.024625591933727264e-02
-2.606810629367828369e-02
8.069161325693130493e-03
-8.072601631283760071e-03
-2.633897215127944946e-02
-2.419167757034301758e-02
-3.591372817754745483e-02
-4.128838703036308289e-02
-2.985511906445026398e-02
-3.152286633849143982e-02
-1.976773515343666077e-02
-2.510999515652656555e-02
-1.522970385849475861e-02
-6.621546112000942230e-03
-1.697298139333724976e-02
-3.747791051864624023e-02
-3.675362467765808105e-02
1.224826439283788204e-03
2.709867840167135000e-04
1.534727495163679123e-02
3.124436549842357635e-02
3.293700888752937317e-02
3.303186595439910889e-02
8.633181452751159668e-03
-1.691450364887714386e-02
-3.277981653809547424e-02
-1.284736488014459610e-02
-1.655496470630168915e-02
-1.089602895081043243e-02
5.636618938297033310e-03
4.125528037548065186e-03
1.608705520629882812e-02
-3.782259300351142883e-03
-4.980417899787425995e-03
-2.328493632376194000e-02
-1.442639902234077454e-02
-6.179706193506717682e-03
-1.798645406961441040e-02
-1.402712706476449966e-02
-7.701536174863576889e-03
1.574876019731163979e-03
1.953841932117938995e-02
6.844247109256684780e-04
-4.066508729010820389e-03
3.811196237802505493e-02
2.176912268623709679e-03
-4.058728925883769989e-03
1.776480115950107574e-02
-2.016099868342280388e-03
-2.520965039730072021e-02
2.600825100671499968e-04
5.444682901725172997e-04
-2.707730454858392477e-04
2.945375628769397736e-03
1.063871197402477264e-02
4.098868463188409805e-03
2.769560378510504961e-04
4.238010384142398834e-03
8.637166582047939301e-03
-1.878876425325870514e-02
8.369953371584415436e-03
2.326028794050216675e-02
-3.738583181984722614e-04
2.433883585035800934e-02
2.352588064968585968e-02
1.886133477091789246e-02
2.416957356035709381e-02
1.120251044631004333e-02
-1.742940209805965424e-02
-1.609449647367000580e-02
-2.526781149208545685e-02
-2.207180485129356384e-02
-2.500174939632415771e-02
-3.891181200742721558e-02
1.265278318896889687e-03
-2.011027559638023376e-02
-3.752837702631950378e-02
-1.260224450379610062e-02
-8.211446925997734070e-03
-1.491440343670547009e-03
-2.509859949350357056e-02
1.243955804966390133e-03
-1.194791123270988464e-02
-2.871769852936267853e-02
-1.300377212464809418e-02
-2.684842981398105621e-02
-2.749539166688919067e-02
-2.572888508439064026e-02
-2.736257389187812805e-02
-1.141065731644630432e-02
-1.104807574301958084e-02
-1.265000831335783005e-02
-2.860704436898231506e-02
-2.377736009657382965e-02
-3.154630213975906372e-02
1.692573726177215576e-02
9.312985464930534363e-03
-7.985233329236507416e-03
-1.908877980895340443e-03
8.369235321879386902e-03
1.814511488191783428e-03
7.015507202595472336e-03
2.011563628911972046e-03
1.533497124910354614e-03
-2.035150676965713501e-02
-2.492382377386093140e-02
-1.066787913441658020e-02
-3.538478538393974304e-02
-3.261671587824821472e-02
-1.360773295164108276e-02
-1.029862370342016220e-02
-1.087032724171876907e-02
2.872029086574912071e-03
7.833847776055335999e-03
1.098700799047946930e-02
1.362323202192783356e-02
2.362036891281604767e-02
2.312275208532810211e-02
3.813519328832626343e-02
1.873310469090938568e-02
2.691997587680816650e-02
2.192937768995761871e-02
-1.721909083425998688e-02
-3.811228089034557343e-03
7.396212778985500336e-03
-1.274851523339748383e-02
1.979846507310867310e-03
3.656898858025670052e-03
3.215590550098568201e-04
1.068613678216934204e-02
-1.014356035739183426e-02
-1.501760794781148434e-03
-7.831885479390621185e-03
-8.743395097553730011e-03
-3.084776457399129868e-03
-1.212535612285137177e-02
-2.495379932224750519e-02
-4.481887444853782654e-03
-1.270022522658109665e-02
-3.127917647361755371e-02
-2.302296087145805359e-02
1.398979453369975090e-03
-1.676469482481479645e-02
-1.648368488531559706e-04
9.733004495501518250e-03
6.339236279018223286e-04
-4.652219358831644058e-03
8.114520460367202759e-03
2.595617435872554779e-02
1.700384542346000671e-02
3.285184502601623535e-02
6.715923082083463669e-03
2.488442510366439819e-02
2.319777384400367737e-02
2.005207724869251251e-02
-1.832475326955318451e-02
1.204407587647438049e-02
2.909866161644458771e-03
1.658449880778789520e-02
-2.102001383900642395e-02
-1.937612332403659821e-02
1.049975212663412094e-02
-1.870171353220939636e-02
-3.029404766857624054e-02
-3.353067440912127495e-04
-9.737995453178882599e-03
-2.932298928499221802e-02
1.736161112785339355e-02
-9.708190336823463440e-03
-3.891767468303442001e-03
-6.851804908365011215e-03
-9.597035124897956848e-03
-3.080782480537891388e-02
-7.517352700233459473e-03
-2.698996476829051971e-02
-3.404523432254791260e-02
-1.305809989571571350e-02
3.897556103765964508e-03
-3.873451612889766693e-03
-1.981794834136962891e-02
-9.805114939808845520e-03
-2.151664718985557556e-02
-2.930340915918350220e-02
-2.094490267336368561e-02
-3.714169561862945557e-02
-1.874973066151142120e-02
-2.783059142529964447e-02
-2.752746082842350006e-02
-1.654949784278869629e-02
-1.199593115597963333e-02
-1.018108893185853958e-02
-4.084658343344926834e-03
-1.774909719824790955e-02
-1.560985110700130463e-02
2.190652117133140564e-02
1.308398321270942688e-02
-1.650508120656013489e-02
-6.456147413700819016e-03
1.616274751722812653e-02
-2.562133036553859711e-02
-1.838739030063152313e-02
-1.359031256288290024e-02
-3.583300113677978516e-02
-1.304460223764181137e-02
-1.236521638929843903e-02
-2.578353136777877808e-02
-2.504878863692283630e-02
-4.316529084462672472e-04
-2.042692527174949646e-02
-2.023346535861492157e-02
-1.348671037703752518e-02
-2.411849424242973328e-02
-2.258885093033313751e-02
-2.597148716449737549e-02
-2.616074681282043457e-02
-2.205707319080829620e-02
-2.304892055690288544e-02
-2.718765288591384888e-02
-3.079754114151000977e-02
-4.423805326223373413e-02
-4.783034324645996094e-02
-1.890687458217144012e-02
1.503079012036323547e-02
3.066832199692726135e-02
1.773384213447570801e-02
3.691476956009864807e-02
5.426399782299995422e-02
3.613489493727684021e-02
6.775774061679840088e-02
6.961981952190399170e-02
1.290989574044942856e-02
-5.416340660303831100e-03
-7.354889530688524246e-03
-5.944645497947931290e-03
-2.403274178504943848e-03
-2.619820274412631989e-02
-9.319278411567211151e-03
-1.658509299159049988e-02
-2.804338932037353516e-02
6.536340340971946716e-03
2.375191077589988708e-02
3.528394177556037903e-02
2.865491807460784912e-02
3.933346644043922424e-02
4.379312694072723389e-02
2.049578540027141571e-02
4.253126680850982666e-02
3.407139703631401062e-02
-6.534766405820846558e-03
-1.297419983893632889e-02
-5.130060948431491852e-03
1.468087825924158096e-02
1.084704231470823288e-02
-7.836152799427509308e-03
1.184736378490924835e-02
1.812281459569931030e-02
1.086272019892930984e-02
-6.379183847457170486e-03
-3.209859132766723633e-03
-3.167411312460899353e-02
-2.381540276110172272e-02
-2.146108821034431458e-02
-4.316171631217002869e-02
-2.720579970628023148e-03
-2.473765611648559570e-02
-4.414222389459609985e-02
-7.911284454166889191e-03
4.712590947747230530e-03
3.397756814956665039e-02
1.423570513725280762e-02
2.823235094547271729e-02
5.574815720319747925e-02
-3.559955861419439316e-03
2.736757323145866394e-02
3.437491878867149353e-02
-4.793134983628988266e-03
-9.375770459882915020e-04
-2.341109886765480042e-02
-1.964662596583366394e-02
-1.999187655746936798e-02
-2.180832810699939728e-02
-2.764226682484149933e-02
-1.284517347812652588e-02
-1.831255480647087097e-02
-8.025476709008216858e-03
7.626695558428764343e-03
7.668992038816213608e-03
-2.414796501398086548e-02
-2.677358128130435944e-02
-3.132701665163040161e-02
-4.696401581168174744e-02
-5.639086291193962097e-02
-5.641354992985725403e-02
1.073574088513851166e-02
-4.513289779424667358e-03
4.761329852044582367e-03
-8.473852649331092834e-03
-3.103380091488361359e-03
4.565625917166471481e-03
-2.355958707630634308e-02
-2.176061831414699554e-02
-2.231750637292861938e-02
1.785280928015708923e-02
3.640964627265930176e-02
1.099739130586385727e-02
2.751146908849477768e-03
5.781917367130517960e-03
-1.715173712000250816e-03
1.479471474885940552e-02
2.749439887702465057e-02
3.432497009634971619e-02
3.222784772515296936e-02
2.571126818656921387e-02
-5.496347788721323013e-03
1.118656899780035019e-02
8.219995535910129547e-03
1.180439139716327190e-04
-1.412819419056177139e-02
-6.736722774803638458e-03
-1.665019616484642029e-02
-2.249969355762004852e-02
-1.974514313042163849e-02
-2.553428709506988525e-02
-1.718842051923274994e-02
1.963469898328185081e-03
-2.030522748827934265e-02
-1.953022554516792297e-03
-3.924787975847721100e-03
-3.455985710024833679e-02
1.968455128371715546e-02
2.764912694692611694e-02
1.112271286547183990e-02
-2.809670055285096169e-03
5.356014240533113480e-03
1.742159016430377960e-02
-2.420490048825740814e-02
-6.206827703863382339e-03
-6.626046262681484222e-03
-1.082252804189920425e-02
-2.442938275635242462e-02
-2.591421268880367279e-02
-3.059135191142559052e-02
-1.404926832765340805e-02
-2.213528938591480255e-02
-1.395031157881021500e-02
-2.172062546014785767e-02
-8.351815864443778992e-03
-3.204424306750297546e-02
-1.992628723382949829e-02
-3.342062467709183693e-03
-4.414923116564750671e-02
-4.806525632739067078e-02
-4.404106363654136658e-02
-3.086767159402370453e-02
-4.370289668440818787e-02
-3.300170227885246277e-02
7.561362814158201218e-03
-1.011380553245544434e-02
-3.137061744928359985e-02
-2.376583963632583618e-02
-2.192953974008560181e-02
-5.427424237132072449e-02
-2.176633290946483612e-02
-7.620364427566528320e-03
-2.228343673050403595e-02
1.429655961692333221e-02
-3.373816981911659241e-02
-2.094463817775249481e-02
-1.996123790740966797e-02
-3.785762935876846313e-02
-3.883872181177139282e-02
-8.333525620400905609e-03
-1.912051066756248474e-02
-1.905390061438083649e-02
1.110917516052722931e-02
1.027547288686037064e-02
-9.151158854365348816e-03
2.512066625058650970e-02
1.127473264932632446e-02
8.282659575343132019e-03
3.363684564828872681e-02
5.050129722803831100e-03
4.564377013593912125e-03
1.877743564546108246e-02
-2.819481538608670235e-03
-1.806929707527160645e-02
6.339842453598976135e-03
-1.058489177376031876e-02
-1.822389103472232819e-02
-2.094732783734798431e-02
-3.201736137270927429e-02
-2.052871882915496826e-02
3.588722273707389832e-02
4.554124921560287476e-02
2.791994996368885040e-02
3.856573952361941338e-03
1.102251373231410980e-02
1.029293518513441086e-03
-1.167903654277324677e-02
1.950310426764190197e-03
5.278785713016986847e-03
-2.747119963169097900e-02
-4.382435604929924011e-02
-3.301564976572990417e-02
-2.445801720023155212e-02
-3.813850134611129761e-02
-3.142722323536872864e-02
2.419095253571867943e-03
-1.215590164065361023e-02
-2.059264294803142548e-02
1.831407099962234497e-02
-5.670679733157157898e-03
1.302462816238403320e-02
-6.185651756823062897e-03
1.054641604423522949e-02
-1.252015866339206696e-02
-6.213046144694089890e-03
-1.231413800269365311e-02
-4.432036541402339935e-03
-8.347753435373306274e-03
-1.641070586629211903e-03
5.156256724148988724e-03
-2.082013897597789764e-02
2.435084898024797440e-03
5.540052894502878189e-03
-2.337737241759896278e-03
-2.133179828524589539e-02
1.644227770157158375e-03
3.920245543122291565e-02
3.604749962687492371e-02
1.793326251208782196e-02
6.504105869680643082e-03
1.399635523557662964e-02
1.407109014689922333e-02
-7.499631494283676147e-03
-2.514163218438625336e-02
7.406139280647039413e-03
3.782115131616592407e-02
4.035726934671401978e-02
4.173899069428443909e-02
1.850163005292415619e-02
9.894194081425666809e-03
-6.555876228958368301e-03
7.510644849389791489e-03
-2.872475422918796539e-02
-3.640233725309371948e-02
1.165364217013120651e-02
2.813116088509559631e-02
7.574197370558977127e-03
-7.720522698946297169e-04
4.514001309871673584e-03
2.913657203316688538e-02
-4.574414342641830444e-03
2.309362869709730148e-03
1.117802748922258615e-04
-1.339007355272769928e-02
-6.083243060857057571e-03
1.449646777473390102e-03
4.269579891115427017e-03
-1.838570274412631989e-02
-3.068941412493586540e-03
-3.561891382560133934e-03
-1.412415597587823868e-02
-1.285958569496870041e-02
-2.136055566370487213e-02
-8.946362137794494629e-02
-7.981648296117782593e-02
-3.331853076815605164e-02
-7.617208361625671387e-02
-7.021322846412658691e-02
-1.023865863680839539e-02
-2.961688861250877380e-02
-2.599653787910938263e-02
-4.468072578310966492e-02
-3.297075629234313965e-03
1.199437491595745087e-02
1.366433501243591309e-02
1.373791228979825974e-02
4.016150534152984619e-02
2.661490254104137421e-02
3.610908612608909607e-02
2.331004664301872253e-02
-1.329118385910987854e-02
1.331046782433986664e-02
4.756689071655273438e-03
-1.070248708128929138e-02
-6.027345079928636551e-03
9.830850467551499605e-05
-9.873345261439681053e-04
-2.086405269801616669e-02
-6.633733864873647690e-03
-6.543932948261499405e-03
-1.593751274049282074e-02
-4.675025586038827896e-03
-1.015481259673833847e-02
-1.771241798996925354e-02
-9.184577502310276031e-03
7.787999697029590607e-03
-2.307621203362941742e-02
-1.497936062514781952e-02
3.090850636363029480e-02
-8.084611035883426666e-04
1.203717570751905441e-02
-5.010248627513647079e-03
-2.111403457820415497e-02
-3.419605642557144165e-02
-3.265431150794029236e-02
-6.000340729951858521e-02
-6.284706294536590576e-02
-3.583402559161186218e-02
-6.405064463615417480e-02
-4.255448281764984131e-02
-3.592583537101745605e-02
-6.130044907331466675e-02
-6.303469091653823853e-02
-2.226985059678554535e-03
-3.220038115978240967e-02
-3.418165072798728943e-02
8.660925552248954773e-03
2.567970566451549530e-02
3.067551553249359131e-02
1.321780774742364883e-02
3.163715125992894173e-03
6.068054586648941040e-03
5.090463440865278244e-03
1.035522390156984329e-02
-2.330503426492214203e-03
3.136803582310676575e-02
2.629982866346836090e-02
1.651744358241558075e-02
4.625865444540977478e-02
1.562162674963474274e-02
3.880407288670539856e-02
5.263758450746536255e-02
4.224570840597152710e-02
3.285225853323936462e-02
2.100956439971923828e-02
3.184487298130989075e-02
2.228549681603908539e-02
1.859191688708961010e-03
-8.036780171096324921e-03
1.268737576901912689e-02
-4.123439081013202667e-03
-8.100327104330062866e-03
-8.638087660074234009e-03
9.818454273045063019e-03
1.762728951871395111e-02
6.515766493976116180e-03
-1.779727824032306671e-02
-1.849585212767124176e-02
-3.129092510789632797e-03
-3.996057435870170593e-02
-3.935239464044570923e-02
-1.974396035075187683e-02
1.805690675973892212e-02
1.460744999349117279e-02
1.017741858959197998e-03
2.285040542483329773e-02
9.528258815407752991e-03
1.056095585227012634e-02
1.238759886473417282e-02
2.678565680980682373e-02
2.539378358051180840e-03
-9.162392467260360718e-03
-2.900872007012367249e-02
-3.436036780476570129e-02
-2.349710091948509216e-02
-3.098733350634574890e-02
-3.056219220161437988e-02
-1.426987443119287491e-02
-3.511047363281250000e-02
-2.103590033948421478e-02
-5.327710881829261780e-03
-1.653583906590938568e-02
-1.326653920114040375e-02
9.762127883732318878e-03
2.139524184167385101e-02
2.953260019421577454e-02
2.200679667294025421e-02
4.371966049075126648e-02
3.670936450362205505e-02
-8.600131608545780182e-03
-2.750383689999580383e-02
-2.128875628113746643e-02
5.942155141383409500e-03
-9.563386440277099609e-03
-7.077770307660102844e-03
3.216988220810890198e-02
1.700258255004882812e-02
2.294529974460601807e-02
-1.352319144643843174e-03
1.006979960948228836e-02
2.888807654380798340e-02
1.975123956799507141e-02
-5.270550958812236786e-03
1.746930368244647980e-02
2.818317525088787079e-02
1.199160702526569366e-02
-1.301904674619436264e-03
-4.660897888243198395e-03
-1.005365699529647827e-02
-6.658384110778570175e-03
1.182387210428714752e-02
9.400153532624244690e-03
-2.216506982222199440e-03
1.583030819892883301e-02
1.015212014317512512e-02
7.924139499664306641e-03
-1.115409284830093384e-02
-6.611590739339590073e-03
1.979381963610649109e-02
-1.364491786807775497e-02
-2.061204053461551666e-02
-1.806008443236351013e-02
-2.380662225186824799e-02
-2.990417182445526123e-02
-1.956818997859954834e-02
-2.502674423158168793e-02
-2.331151859834790230e-03
-7.627034094184637070e-03
-3.519029822200536728e-03
-4.896526224911212921e-03
-2.283975481986999512e-02
7.227941416203975677e-03
1.037803478538990021e-02
-2.541288267821073532e-03
-3.512168303132057190e-02
-6.017872318625450134e-02
-2.580668218433856964e-02
-4.937514662742614746e-02
-4.004262015223503113e-02
-4.819434881210327148e-02
-2.425121143460273743e-02
-9.091899730265140533e-03
-2.334172092378139496e-02
-1.700936630368232727e-02
-2.038941904902458191e-02
-2.728169411420822144e-02
-2.674853615462779999e-02
-2.557586506009101868e-02
-2.182741463184356689e-02
-1.761296950280666351e-02
-1.721980795264244080e-02
4.265428986400365829e-03
8.719743229448795319e-03
-8.764919475652277470e-04
-2.311125583946704865e-02
1.503014098852872849e-02
-7.782226894050836563e-03
-7.332380395382642746e-03
-6.472696550190448761e-04
-4.377364180982112885e-03
1.323350612074136734e-02
9.615817107260227203e-03
-4.754795692861080170e-03
-1.238202489912509918e-02
1.394618116319179535e-02
3.708927426487207413e-03
-2.896435931324958801e-02
2.249867469072341919e-02
-1.753744296729564667e-02
-3.391362726688385010e-02
-2.366384118795394897e-02
6.276635453104972839e-03
3.346680849790573120e-02
-3.030670573934912682e-03
9.475496597588062286e-03
2.753037028014659882e-02
1.939688809216022491e-02
3.003735840320587158e-02
1.808580383658409119e-02
-3.322042757645249367e-03
1.639433950185775757e-02
3.434852510690689087e-02
7.705112546682357788e-02
6.680499017238616943e-02
4.163964092731475830e-02
9.436684101819992065e-02
9.227540343999862671e-02
4.190582782030105591e-02
4.258685186505317688e-02
7.827597670257091522e-03
-5.247544497251510620e-02
1.863281056284904480e-02
5.811213981360197067e-03
-5.691244825720787048e-02
3.758358303457498550e-03
-3.021227428689599037e-03
-3.332717716693878174e-02
9.640565142035484314e-03
-7.150825578719377518e-03
5.327449180185794830e-03
-1.847877399995923042e-03
2.229487756267189980e-03
-5.445302813313901424e-04
6.764353252947330475e-03
2.366372151300311089e-03
1.360604260116815567e-02
-3.102133923675864935e-04
3.420371096581220627e-03
2.149929478764533997e-02
-1.527004595845937729e-02
7.901371573098003864e-04
1.742904260754585266e-02
1.171365263871848583e-03
1.161206886172294617e-02
3.299183771014213562e-02
-2.858571242541074753e-03
-1.666981168091297150e-02
-1.593005284667015076e-02
-5.398582667112350464e-03
1.270062476396560669e-02
1.596354693174362183e-02
1.102872937917709351e-02
5.381610244512557983e-02
3.199352696537971497e-02
-2.375430986285209656e-02
-2.456049062311649323e-02
2.245580032467842102e-02
-5.975965410470962524e-02
-1.098990719765424728e-02
3.395797684788703918e-02
-6.277491152286529541e-02
3.478413075208663940e-02
2.308879978954792023e-02
-1.361169014126062393e-02
1.463588979095220566e-02
4.352572932839393616e-02
7.286574691534042358e-03
1.694362983107566833e-02
1.203339081257581711e-02
1.050438079982995987e-02
9.356279042549431324e-04
-8.890430326573550701e-04
5.091977771371603012e-03
-5.914687644690275192e-03
-1.428948622196912766e-02
1.682101632468402386e-03
-1.261717290617525578e-03
-1.224121823906898499e-02
-1.063076313585042953e-02
-3.088931739330291748e-02
-2.547452785074710846e-02
-1.174296345561742783e-02
-1.989735662937164307e-02
1.458122022449970245e-02
-1.210546121001243591e-02
-1.527918782085180283e-02
4.057654645293951035e-03
-2.187683992087841034e-02
-9.149664081633090973e-03
7.816502824425697327e-03
2.045747824013233185e-02
2.164708077907562256e-02
1.261838991194963455e-02
2.852589637041091919e-02
1.062701828777790070e-02
-3.118444699794054031e-03
-1.336362585425376892e-02
-9.620250202715396881e-03
-1.693203113973140717e-02
-9.893956594169139862e-03
-1.772652007639408112e-02
-1.955461874604225159e-02
-3.473958373069763184e-02
-3.485649079084396362e-02
2.182051539421081543e-02
-4.263130575418472290e-02
8.684968575835227966e-03
2.791184745728969574e-02
-2.235814370214939117e-02
5.210926756262779236e-03
2.624719217419624329e-02
-2.300812117755413055e-02
5.742967128753662109e-02
3.023940324783325195e-02
1.624827831983566284e-02
3.348817303776741028e-02
2.667172811925411224e-02
-4.744519537780433893e-04
-2.859715931117534637e-02
-2.475055120885372162e-02
-1.857868582010269165e-02
-4.065506160259246826e-02
-4.069559648633003235e-02
-3.842205274850130081e-03
-7.625729776918888092e-03
-3.634458035230636597e-02
6.581697613000869751e-02
5.402287468314170837e-02
-3.606350719928741455e-02
5.353056266903877258e-02
1.652503572404384613e-02
-4.729882255196571350e-02
7.163912989199161530e-03
-9.999297559261322021e-03
-3.559306263923645020e-02
5.820340011268854141e-03
-1.402352284640073776e-02
-1.414273120462894440e-02
2.060566563159227371e-03
-1.555430423468351364e-02
-1.988558843731880188e-02
-7.021994329988956451e-03
-4.238855838775634766e-02
-1.155895739793777466e-02
-2.962978556752204895e-02
-4.132543876767158508e-02
-5.591933429241180420e-02
-2.222885377705097198e-02
-3.897146880626678467e-02
-4.498238116502761841e-02
-3.102266974747180939e-02
-3.876268491148948669e-02
-2.023541741073131561e-02
1.482398062944412231e-02
-3.172773122787475586e-02
-2.564709819853305817e-02
3.805864369496703148e-03
-2.691088058054447174e-02
2.374459989368915558e-03
-1.400666125118732452e-02
-3.158671036362648010e-02
-1.965289702638983727e-03
-1.118474733084440231e-02
3.754290984943509102e-03
7.013306487351655960e-03
-2.860271185636520386e-02
-2.292437478899955750e-03
8.934503421187400818e-03
-2.953625470399856567e-02
-2.161476528272032738e-03
1.815611682832241058e-02
-5.214416235685348511e-02
-2.955469302833080292e-02
8.562582544982433319e-03
-5.730834230780601501e-02
-8.295214734971523285e-03
2.424264512956142426e-02
-1.191874034702777863e-02
6.086201872676610947e-03
2.886929549276828766e-02
-3.321012947708368301e-03
4.933211021125316620e-03
1.696242578327655792e-02
-4.434496629983186722e-03
1.521080825477838516e-02
8.844238705933094025e-03
1.018402818590402603e-02
6.997201591730117798e-03
1.401612255722284317e-02
3.489494323730468750e-03
-2.102389559149742126e-02
-1.273074839264154434e-02
-1.696790382266044617e-02
-2.636478282511234283e-02
-1.384400110691785812e-02
-6.314983218908309937e-02
-4.047931730747222900e-02
-7.914125919342041016e-03
1.451784861274063587e-03
4.070521891117095947e-02
5.121973529458045959e-02
-9.613527799956500530e-04
1.748106256127357483e-02
1.713343523442745209e-02
-2.035253867506980896e-02
1.011446584016084671e-02
6.367876194417476654e-03
-1.225452776998281479e-02
5.901528522372245789e-03
-5.352377891540527344e-03
-5.212079733610153198e-03
1.834388449788093567e-02
3.742857649922370911e-02
3.322262316942214966e-02
3.571408614516258240e-02
3.407435864210128784e-02
2.184522338211536407e-02
3.881772235035896301e-02
-3.554144874215126038e-03
2.208061888813972473e-02
2.875115349888801575e-02
-9.999820031225681305e-03
1.607258245348930359e-02
1.356587931513786316e-02
2.239104360342025757e-03
-3.078341833315789700e-04
-9.644964709877967834e-03
-1.624472253024578094e-02
-1.361355185508728027e-02
3.903360571712255478e-03
1.836355222621932626e-04
-6.871361285448074341e-03
-4.523375537246465683e-03
-1.012570783495903015e-02
1.638251356780529022e-02
3.483195975422859192e-02
-1.573208346962928772e-02
-2.887008486140985042e-05
1.314970850944519043e-02
-7.600032724440097809e-03
1.356891822069883347e-02
3.502917289733886719e-02
2.879117056727409363e-02
2.641623141244053841e-03
4.232646897435188293e-03
1.170028559863567352e-02
3.814804600551724434e-03
1.055195089429616928e-02
2.051478438079357147e-02
2.865204215049743652e-02
4.081831872463226318e-02
1.680669374763965607e-02
2.567939832806587219e-02
7.269992958754301071e-03
-2.553004585206508636e-02
2.345969341695308685e-02
-1.170528959482908249e-02
-5.315390974283218384e-02
1.259114034473896027e-02
-1.376628130674362183e-02
-4.789742827415466309e-02
-1.447536237537860870e-02
-3.044326975941658020e-02
-1.008314453065395355e-02
-2.769608609378337860e-02
-2.378279715776443481e-02
-2.703842148184776306e-02
-2.301030047237873077e-02
-1.793998479843139648e-02
2.481862320564687252e-04
-2.301567420363426208e-02
-8.031798526644706726e-03
-1.136383879929780960e-02
-7.653519045561552048e-03
7.621625438332557678e-03
-4.983070306479930878e-03
-1.084189023822546005e-02
-1.756032928824424744e-02
-2.041810750961303711e-02
2.967799315229058266e-03
7.005983032286167145e-03
6.911130156368017197e-03
-5.601242301054298878e-04
-1.616927236318588257e-02
-1.221040822565555573e-02
-4.119648132473230362e-03
-2.073080465197563171e-02
-3.065890260040760040e-02
-2.389493212103843689e-02
-2.228798158466815948e-02
-8.162491954863071442e-03
-3.791971877217292786e-02
-2.456677891314029694e-02
3.003871825058013201e-05
-4.164877533912658691e-02
-1.059747859835624695e-02
1.098864246159791946e-02
-3.500025719404220581e-02
-1.334719732403755188e-02
-1.034343056380748749e-02
-2.111165970563888550e-02
-1.529955887235701084e-03
1.625356078147888184e-02
-1.764999120496213436e-03
-5.028083454817533493e-03
4.973059520125389099e-03
-1.188928075134754181e-02
-3.261534124612808228e-02
-1.853095926344394684e-02
-1.454163063317537308e-02
-2.863289415836334229e-02
-6.214493419975042343e-03
-2.814046479761600494e-02
-9.092850610613822937e-03
1.815515942871570587e-02
-8.963629603385925293e-03
-1.049748901277780533e-02
-2.310091070830821991e-02
-1.549801696091890335e-02
-1.992787420749664307e-02
-1.902986317873001099e-02
1.295716129243373871e-02
-1.367347664199769497e-03
-2.177759259939193726e-02
1.751496270298957825e-02
1.140198903158307076e-03
5.488124676048755646e-03
-4.318884108215570450e-03
6.205953191965818405e-03
8.399286889471113682e-04
2.044635638594627380e-02
1.733584329485893250e-02
2.692523412406444550e-03
2.305778861045837402e-02
1.738790608942508698e-02
1.971598016098141670e-03
3.722420334815979004e-02
4.596065729856491089e-02
-2.493861829861998558e-03
3.174425661563873291e-02
1.340141240507364273e-02
-1.366000622510910034e-02
2.726211398839950562e-02
4.711547121405601501e-02
2.703658677637577057e-02
3.850677236914634705e-02
3.165155276656150818e-02
3.171231225132942200e-02
3.444580733776092529e-02
3.018506430089473724e-02
4.841622710227966309e-02
-2.113034389913082123e-02
-3.055332228541374207e-02
-2.870220690965652466e-02
-1.931681856513023376e-02
-2.998095564544200897e-02
-9.241393767297267914e-03
-1.631793566048145294e-02
-1.716273091733455658e-02
-8.762511424720287323e-03
1.781309721991419792e-03
-1.256964914500713348e-02
4.314457532018423080e-03
-1.082138717174530029e-02
-1.532422751188278198e-02
-5.610625725239515305e-03
-1.337099447846412659e-02
-3.646846860647201538e-02
-1.377834938466548920e-02
-1.907641254365444183e-02
-1.918924972414970398e-02
-1.230938453227281570e-02
-1.805400475859642029e-02
-9.553126990795135498e-03
-1.479986868798732758e-02
-2.225318737328052521e-02
-2.061018720269203186e-03
-5.500165279954671860e-03
-2.662811055779457092e-02
-7.877954281866550446e-03
3.642276627942919731e-03
-1.192525960505008698e-02
-1.764135435223579407e-02
-2.397872321307659149e-02
-9.660064242780208588e-03
-3.525082021951675415e-02
-1.771836727857589722e-02
4.480496793985366821e-02
5.496153235435485840e-02
3.556673601269721985e-02
3.585871309041976929e-02
3.963301703333854675e-02
5.469034984707832336e-02
3.488777205348014832e-02
4.110870137810707092e-02
5.847958847880363464e-02
-2.661278843879699707e-02
2.703328244388103485e-02
1.994266360998153687e-02
-3.746233880519866943e-02
-1.351272873580455780e-02
1.709933159872889519e-03
-3.599566966295242310e-02
-1.334507390856742859e-02
-1.879460923373699188e-02
-1.010101381689310074e-02
3.625117940828204155e-03
-7.184783928096294403e-03
-5.447427276521921158e-03
8.114546537399291992e-03
-2.851796802133321762e-03
3.553088754415512085e-02
2.353704534471035004e-02
9.336641058325767517e-03
-3.706726804375648499e-02
2.507681213319301605e-02
5.989640578627586365e-02
-3.611669689416885376e-02
1.860584504902362823e-02
7.653527706861495972e-02
-2.036113478243350983e-02
3.252794221043586731e-02
7.687165588140487671e-02
-1.553679321659728885e-04
4.900782834738492966e-03
-1.980686374008655548e-02
-7.634088979102671146e-04
-6.244874093681573868e-03
1.486453111283481121e-03
3.994946833699941635e-03
3.027020953595638275e-03
1.211425475776195526e-02
-1.635353825986385345e-02
-2.342865057289600372e-02
-8.373744785785675049e-04
-5.178207531571388245e-03
-1.244796998798847198e-02
1.122243050485849380e-02
-6.231946405023336411e-03
-2.216079086065292358e-02
-1.350894663482904434e-02
-1.160797663033008575e-02
-1.437227614223957062e-02
-1.825581118464469910e-02
-2.400857768952846527e-02
-4.338175803422927856e-02
-2.890634909272193909e-02
3.572031157091259956e-03
-1.655429601669311523e-02
-5.067162681370973587e-03
1.048551127314567566e-02
8.913786150515079498e-03
6.817163899540901184e-03
6.206071469932794571e-03
2.356653660535812378e-02
3.884756937623023987e-02
2.900866558775305748e-03
4.006940126419067383e-02
2.596046775579452515e-02
-1.976155862212181091e-02
-9.304989129304885864e-03
9.189871139824390411e-03
-1.652852259576320648e-02
-2.852511778473854065e-02
-1.045094220899045467e-03
7.940871641039848328e-03
-6.022500805556774139e-03
-9.992866776883602142e-03
-3.624258330091834068e-03
1.791373267769813538e-02
2.313987351953983307e-02
5.103219673037528992e-02
5.276997759938240051e-02
1.624235883355140686e-02
4.594858735799789429e-02
5.483532696962356567e-02
1.773664169013500214e-02
3.761688945814967155e-03
1.585021987557411194e-02
3.902326896786689758e-02
-2.162555791437625885e-02
1.021802425384521484e-02
2.801996655762195587e-02
-1.723200082778930664e-02
1.325288694351911545e-02
3.407914191484451294e-02
1.553786359727382660e-02
1.143305469304323196e-02
-6.784883793443441391e-03
3.283799812197685242e-02
1.206894591450691223e-02
-3.540550824254751205e-03
1.779532618820667267e-02
7.417818997055292130e-03
-4.869650583714246750e-03
-7.979387883096933365e-04
-1.744548557326197624e-03
-2.774089202284812927e-02
-3.204916371032595634e-03
-6.369163282215595245e-03
-1.528084557503461838e-02
1.197617268189787865e-03
-3.791145281866192818e-03
-1.192274317145347595e-02
1.808377169072628021e-02
2.400242909789085388e-02
-1.490016817115247250e-03
-9.838623926043510437e-03
3.077781200408935547e-02
3.057984402403235435e-03
-2.760484069585800171e-02
6.187526043504476547e-03
-9.211389347910881042e-03
1.294377353042364120e-02
-4.850212018936872482e-03
-1.081586256623268127e-02
-2.008931897580623627e-02
-1.516030449420213699e-02
-2.081524766981601715e-02
-3.031597286462783813e-02
-2.964852005243301392e-02
-1.098784524947404861e-02
-1.167774759232997894e-02
1.160896755754947662e-02
2.427925355732440948e-02
-7.293189410120248795e-03
1.600323431193828583e-02
1.875689439475536346e-02
-3.992003388702869415e-03
2.393990196287631989e-02
2.496454305946826935e-02
-2.082013525068759918e-02
-3.043140470981597900e-02
-9.296921780332922935e-04
-3.860997036099433899e-02
-4.480793699622154236e-02
2.004840411245822906e-03
-2.113430202007293701e-02
-1.928043738007545471e-02
-1.581569015979766846e-02
-1.199716329574584961e-02
6.849308498203754425e-03
2.722970023751258850e-02
-1.702550798654556274e-02
1.632682979106903076e-02
1.645896025002002716e-02
-1.681773737072944641e-02
1.650401763617992401e-02
2.269942313432693481e-02
-1.374431420117616653e-02
9.934618137776851654e-04
1.484758406877517700e-02
-2.338406816124916077e-02
-2.435521967709064484e-02
9.907879866659641266e-03
-2.591319568455219269e-02
-3.300067037343978882e-02
-9.738401509821414948e-03
-2.231301926076412201e-02
6.434231996536254883e-03
6.457908544689416885e-03
-2.831374108791351318e-02
-4.464604891836643219e-03
-1.694380491971969604e-02
-1.146208308637142181e-02
7.826442830264568329e-03
1.543444022536277771e-02
2.767272107303142548e-02
1.166288461536169052e-02
-3.593580797314643860e-02
-3.430245677009224892e-03
-1.370134763419628143e-02
-4.656724259257316589e-02
2.586278505623340607e-02
-4.480956494808197021e-02
-2.120319195091724396e-02
-1.532693952322006226e-02
-1.402076892554759979e-02
1.163209602236747742e-02
1.259231567382812500e-02
2.188082225620746613e-02
2.235243469476699829e-02
6.704225670546293259e-03
1.845484972000122070e-02
1.802652515470981598e-02
4.109901562333106995e-02
7.254385203123092651e-02
3.392078727483749390e-02
5.534574389457702637e-02
7.687681913375854492e-02
4.220620915293693542e-02
3.104723244905471802e-02
4.429214447736740112e-02
9.567820467054843903e-03
-1.417209394276142120e-02
-2.425223216414451599e-02
-1.223353389650583267e-02
-3.235101699829101562e-02
-3.300113976001739502e-02
-1.570001244544982910e-02
-4.578484967350959778e-02
-5.397397652268409729e-02
-1.704217121005058289e-02
4.468088038265705109e-03
4.001971334218978882e-03
-6.055196747183799744e-03
-1.084946095943450928e-02
-2.474471367895603180e-02
-7.745289709419012070e-03
1.660198718309402466e-02
5.777374375611543655e-03
-1.892941445112228394e-02
-2.032281644642353058e-02
-2.137538604438304901e-02
-2.122509293258190155e-02
-3.753433749079704285e-02
-3.135888651013374329e-02
-3.195757046341896057e-02
-3.347690775990486145e-02
-4.390844702720642090e-02
-2.868127264082431793e-02
-1.756024546921253204e-02
-5.393872852437198162e-04
7.255790755152702332e-03
-3.599246591329574585e-02
-7.137467619031667709e-03
-1.057821139693260193e-02
-7.399646937847137451e-02
-2.853279374539852142e-02
-1.098039560019969940e-02
3.847830742597579956e-02
2.791975624859333038e-02
-7.220178842544555664e-03
2.047711610794067383e-02
2.227734960615634918e-02
-2.009307406842708588e-02
2.842815220355987549e-02
1.870920695364475250e-02
-2.426993660628795624e-02
1.385901216417551041e-02
-1.191614754498004913e-02
-3.343955054879188538e-02
2.023418620228767395e-02
-2.789506874978542328e-02
-4.552603513002395630e-02
-1.995716593228280544e-04
-1.779965125024318695e-02
-3.088521957397460938e-02
5.676813423633575439e-03
-2.391670830547809601e-02
-4.030321165919303894e-02
2.392857149243354797e-02
-9.940400719642639160e-03
-4.665050189942121506e-03
2.379739470779895782e-02
1.524656917899847031e-02
4.125948529690504074e-03
-9.729771874845027924e-03
-1.117784064263105392e-02
-1.639475300908088684e-02
-5.039209499955177307e-02
-1.290281489491462708e-02
-4.250390827655792236e-02
-7.061596959829330444e-02
-5.250772833824157715e-02
-2.893106266856193542e-02
-6.266880780458450317e-03
-3.824737388640642166e-03
3.165531530976295471e-02
4.518727306276559830e-03
4.872790072113275528e-03
1.015838049352169037e-02
8.017084561288356781e-03
9.565135405864566565e-05
-1.226783823221921921e-02
3.849054919555783272e-03
1.748088188469409943e-02
3.756003454327583313e-03
2.682202961295843124e-03
1.345775835216045380e-02
1.560257747769355774e-02
9.838267229497432709e-03
2.975822798907756805e-02
2.033504284918308258e-02
-2.135502547025680542e-02
-1.888906396925449371e-02
-1.292456034570932388e-02
-1.911393180489540100e-02
-1.235702261328697205e-02
-1.212689839303493500e-02
2.141195116564631462e-03
-1.087494287639856339e-02
9.745251387357711792e-03
-2.582954242825508118e-03
-9.081893949769437313e-04
-1.183762680739164352e-02
8.604235015809535980e-03
1.345231942832469940e-02
1.661696285009384155e-02
7.484533358365297318e-03
1.672179810702800751e-02
1.903570629656314850e-02
5.110411439090967178e-03
4.700877703726291656e-03
3.658684343099594116e-02
-9.000824764370918274e-03
-1.871435903012752533e-02
2.974551357328891754e-02
-9.592103771865367889e-03
-2.998288348317146301e-02
-2.418645657598972321e-03
2.281511668115854263e-03
-3.399366885423660278e-02
-1.885029487311840057e-02
7.502481457777321339e-04
-3.097627311944961548e-02
-2.848250046372413635e-02
-9.097512811422348022e-03
-3.148460388183593750e-02
-1.767444983124732971e-02
2.939234487712383270e-02
1.032151933759450912e-02
-1.016146130859851837e-02
-7.967408600961789489e-05
-4.420988727360963821e-03
-2.670904621481895447e-02
-3.145367081742733717e-04
2.448903862386941910e-03
-8.494528941810131073e-03
-4.572782665491104126e-03
6.564126349985599518e-03
2.825970016419887543e-02
-1.192861888557672501e-02
6.568800192326307297e-03
2.686441689729690552e-02
-1.716682314872741699e-02
1.269172783941030502e-02
4.372394457459449768e-02
-2.310167998075485229e-03
-1.948710903525352478e-02
-3.288835287094116211e-02
9.799091145396232605e-03
-1.485465560108423233e-03
9.865909669315442443e-05
3.487823158502578735e-02
3.611581027507781982e-02
3.512982651591300964e-02
-2.138408645987510681e-02
-4.819860216230154037e-03
2.062370628118515015e-02
4.003574140369892120e-03
1.412387751042842865e-02
-2.798238070681691170e-03
3.051104769110679626e-02
6.148530635982751846e-03
-9.025535546243190765e-03
1.944526657462120056e-02
4.879400599747896194e-03
3.556346753612160683e-03
3.798947483301162720e-02
1.918589323759078979e-02
-2.139613777399063110e-02
1.284225098788738251e-02
2.131755650043487549e-02
-2.399872615933418274e-02
5.200675129890441895e-02
6.911598145961761475e-02
2.141354605555534363e-02
7.306182384490966797e-02
5.962017923593521118e-02
3.105765394866466522e-02
8.759879320859909058e-02
7.897697389125823975e-02
4.389298334717750549e-02
-9.266243316233158112e-03
-1.461435575038194656e-02
-1.634619385004043579e-02
6.758827948942780495e-04
3.677952801808714867e-03
-8.944764733314514160e-03
7.297213305719196796e-04
1.024527382105588913e-02
-1.714913547039031982e-02
1.360236573964357376e-02
5.842654034495353699e-02
3.310476616024971008e-02
6.606069207191467285e-02
7.769524306058883667e-02
5.515520274639129639e-02
6.584721803665161133e-02
6.569388508796691895e-02
2.575908787548542023e-02
4.974708706140518188e-02
5.532808601856231689e-02
4.623793810606002808e-02
6.082294881343841553e-02
2.710336633026599884e-02
3.964366763830184937e-02
1.980563066899776459e-02
1.794592104852199554e-02
-1.544371334603056312e-04
3.271201997995376587e-02
3.778106719255447388e-02
4.065432399511337280e-02
6.456478033214807510e-03
3.053772822022438049e-02
3.253941982984542847e-02
1.510769501328468323e-02
2.550758793950080872e-02
-3.320345422253012657e-04
3.820534911938011646e-04
-2.266176417469978333e-02
-5.628186836838722229e-02
-1.925314590334892273e-02
-2.910966426134109497e-02
-3.009446524083614349e-02
-2.641912735998630524e-02
-3.166804462671279907e-02
-1.689188368618488312e-02
4.213441206957213581e-05
1.576384156942367554e-02
-1.809300505556166172e-03
-8.560457266867160797e-03
3.901925170794129372e-03
1.654558070003986359e-02
-1.000025868415832520e-02
6.929088849574327469e-03
2.199596352875232697e-02
-3.991465084254741669e-03
2.431362494826316833e-02
3.588477522134780884e-02
1.665941067039966583e-02
2.989505231380462646e-02
2.624685131013393402e-02
2.006386965513229370e-02
-4.167651350144296885e-04
-2.306838147342205048e-02
-3.782300278544425964e-02
3.284214995801448822e-03
1.899453252553939819e-02
-1.045653363689780235e-03
1.840401254594326019e-02
1.430631428956985474e-02
4.616992082446813583e-03
1.967716030776500702e-02
4.150124266743659973e-03
1.006011012941598892e-02
1.639151014387607574e-02
4.040642827749252319e-02
-1.722279191017150879e-02
-9.981905110180377960e-03
1.560053788125514984e-02
-5.297249183058738708e-03
-9.616004303097724915e-03
1.655541732907295227e-02
2.337286807596683502e-02
1.090137381106615067e-02
-1.478136144578456879e-02
5.384460557252168655e-03
-1.270221453160047531e-02
-2.279409579932689667e-02
-2.407894097268581390e-02
-3.160269185900688171e-02
-1.576868444681167603e-02
5.317457951605319977e-03
-7.296307943761348724e-03
-6.702966988086700439e-03
7.941388525068759918e-03
-2.144442871212959290e-02
-4.084995598532259464e-04
-1.596349291503429413e-02
-1.018116995692253113e-02
-3.002075012773275375e-03
-1.100703701376914978e-02
-1.190319191664457321e-02
-3.031453117728233337e-02
-9.585819207131862640e-03
-2.535119652748107910e-02
-1.208387594670057297e-02
1.023763790726661682e-02
-6.992441136389970779e-03
-3.592724911868572235e-03
-1.220497675240039825e-02
-1.431290619075298309e-02
-1.587939448654651642e-02
-7.160253822803497314e-03
-2.669737115502357483e-02
-2.933930978178977966e-02
-3.906730934977531433e-02
-3.169988468289375305e-02
-5.017520859837532043e-02
2.461504191160202026e-03
-1.840948942117393017e-03
-1.592013239860534668e-02
-4.246148467063903809e-02
-2.041897550225257874e-02
-2.607466466724872589e-02
-2.501702308654785156e-02
-4.048172384500503540e-02
-1.728885620832443237e-02
1.266152318567037582e-02
9.766062721610069275e-03
2.289823815226554871e-02
2.157562971115112305e-02
1.543633546680212021e-02
1.340803783386945724e-02
1.586648263037204742e-02
-2.758226357400417328e-03
-7.655016379430890083e-04
-4.369840025901794434e-02
-1.205853931605815887e-02
1.883506216108798981e-02
-6.782576907426118851e-03
1.012544427067041397e-02
3.211620496585965157e-03
2.134735323488712311e-02
4.499759059399366379e-03
-3.030571527779102325e-02
5.007302761077880859e-02
5.079650133848190308e-02
4.360146448016166687e-02
3.612449765205383301e-02
3.104403801262378693e-02
2.579384110867977142e-02
9.797189850360155106e-04
2.184596611186861992e-03
-1.053525693714618683e-02
3.229044005274772644e-02
2.096182666718959808e-02
-1.406981889158487320e-02
-1.728295348584651947e-02
-1.230259705334901810e-02
-2.144473046064376831e-02
-4.798311274498701096e-03
-2.054759487509727478e-02
-9.873382747173309326e-03
-1.132761780172586441e-02
-9.990458376705646515e-03
-1.739544095471501350e-03
-4.260163009166717529e-02
-2.976408973336219788e-02
-1.455722935497760773e-02
-2.643021941184997559e-02
-2.916471660137176514e-02
-1.242108363658189774e-02
-1.153077185153961182e-02
-5.827408749610185623e-04
3.000342845916748047e-02
-2.396277617663145065e-03
1.515688560903072357e-02
3.123670816421508789e-02
8.269150741398334503e-03
6.824389100074768066e-03
1.581363566219806671e-02
-1.658770069479942322e-02
-2.639237605035305023e-02
-3.080744482576847076e-02
-7.914006710052490234e-03
-1.312713790684938431e-02
-1.036416552960872650e-02
5.970157799310982227e-04
-5.373247433453798294e-03
-6.834813975729048252e-04
1.089850720018148422e-02
1.725430786609649658e-02
9.881859645247459412e-03
3.203936666250228882e-02
3.569419030100107193e-03
1.317695621401071548e-02
-7.305856794118881226e-03
-6.937519647181034088e-03
5.546853411942720413e-03
2.962897717952728271e-02
3.095130063593387604e-02
3.101837262511253357e-02
1.558857411146163940e-02
5.271623283624649048e-02
2.824080362915992737e-02
-1.440676208585500717e-02
2.111694030463695526e-02
3.775415942072868347e-02
-5.023834481835365295e-02
-3.167472407221794128e-02
-1.010479498654603958e-02
-4.351990669965744019e-02
-3.717450052499771118e-02
-3.010529093444347382e-02
-2.025528624653816223e-02
-1.912879198789596558e-02
-1.746727153658866882e-02
-3.366446867585182190e-02
-1.122224517166614532e-02
-1.945021445862948895e-03
-1.328045688569545746e-02
1.324479654431343079e-02
4.638838395476341248e-02
-1.063706073909997940e-02
2.934077754616737366e-02
4.609217494726181030e-02
-4.010288044810295105e-03
-2.076857723295688629e-02
-2.243244275450706482e-02
3.171141026541590691e-03
-1.202103402465581894e-02
-3.231667727231979370e-02
-5.087809637188911438e-03
5.893853493034839630e-03
-1.896792463958263397e-02
2.604549517855048180e-03
-4.688087478280067444e-02
-2.898547239601612091e-02
3.070604987442493439e-03
-3.410271927714347839e-02
-1.285780593752861023e-02
3.343581687659025192e-03
-3.307821229100227356e-03
-8.723953738808631897e-03
-9.826184250414371490e-03
-1.729337032884359360e-03
1.948707737028598785e-02
4.940013866871595383e-03
-5.865340121090412140e-03
-2.522688824683427811e-03
1.191589981317520142e-02
-2.522058226168155670e-02
3.705113194882869720e-03
-1.729722367599606514e-03
-1.485264208167791367e-02
-2.098664268851280212e-02
3.179519250988960266e-02
2.204342000186443329e-02
2.809581905603408813e-02
-5.028620362281799316e-03
2.954807505011558533e-02
4.234643280506134033e-02
4.879446700215339661e-02
7.117540389299392700e-02
7.025251537561416626e-02
5.521042272448539734e-02
1.000394672155380249e-01
9.844525903463363647e-02
3.001505322754383087e-02
8.568730205297470093e-02
4.653465002775192261e-02
1.516955159604549408e-02
4.017455503344535828e-03
1.371972635388374329e-02
-2.482473617419600487e-03
6.310120690613985062e-03
2.313524018973112106e-03
1.347187440842390060e-02
1.186431385576725006e-02
1.930019445717334747e-02
-1.760588400065898895e-02
-3.175016120076179504e-02
-2.289553917944431305e-02
-2.571378648281097412e-02
-2.851183712482452393e-02
-1.944631710648536682e-02
-4.311669245362281799e-02
-2.262570708990097046e-02
-1.492197345942258835e-02
-3.137391433119773865e-02
-6.311889737844467163e-03
1.978248916566371918e-02
-2.712190896272659302e-02
-2.069699019193649292e-02
7.414925843477249146e-03
-1.228770893067121506e-02
1.076086517423391342e-02
4.520542547106742859e-02
-1.886492408812046051e-02
-2.108810096979141235e-02
-3.143717348575592041e-02
-2.121251821517944336e-02
-1.913423836231231689e-02
-1.677253283560276031e-02
-3.061858192086219788e-02
-1.108781434595584869e-02
1.869417168200016022e-02
1.504454016685485840e-02
-2.878816984593868256e-02
-1.017846446484327316e-02
-9.384575299918651581e-03
-2.834770642220973969e-02
-2.530016936361789703e-02
1.386855076998472214e-02
-1.783645339310169220e-02
-1.746928133070468903e-02
-1.248397398740053177e-02
-3.756296355277299881e-03
-1.929941773414611816e-02
3.701156377792358398e-02
2.892381325364112854e-02
7.174008060246706009e-03
6.573887169361114502e-02
4.658902063965797424e-02
3.081987611949443817e-02
-2.360875532031059265e-02
-3.224026784300804138e-02
-9.307658299803733826e-03
-4.840574041008949280e-02
-2.010958828032016754e-02
2.661087783053517342e-03
-3.105053678154945374e-02
-1.960418000817298889e-02
4.709235392510890961e-03
1.465940475463867188e-02
-1.756711117923259735e-02
-2.971841394901275635e-02
5.187014583498239517e-03
-6.955073215067386627e-03
-2.354233153164386749e-02
2.815237455070018768e-02
3.049474395811557770e-02
4.649311769753694534e-03
1.600212533958256245e-03
1.431469991803169250e-02
4.047389142215251923e-03
-7.019009906798601151e-03
-2.357859630137681961e-03
-2.009837888181209564e-02
-3.037626668810844421e-02
4.117514472454786301e-03
-2.199616096913814545e-02
-1.145953871309757233e-02
-7.603131700307130814e-03
-5.571936722844839096e-03
-2.572494791820645332e-03
8.842001669108867645e-03
1.057222858071327209e-02
4.932682029902935028e-03
-5.666497163474559784e-03
3.309193125460296869e-04
-3.705121343955397606e-03
-3.263037186115980148e-03
8.799082599580287933e-03
4.788856953382492065e-03
7.102760951966047287e-03
8.271035738289356232e-03
2.890479052439332008e-03
1.278433576226234436e-02
2.435239218175411224e-02
-8.729476481676101685e-03
2.923085412476211786e-04
-1.624136231839656830e-02
-1.582748442888259888e-02
2.780565060675144196e-02
3.772205114364624023e-02
-2.227024361491203308e-02
2.143487147986888885e-02
5.861055105924606323e-02
1.779981143772602081e-02
1.196968019939959049e-03
-2.311346493661403656e-02
2.158041298389434814e-02
7.276384625583887100e-03
-3.803056431934237480e-03
-6.543552968651056290e-03
-3.277741372585296631e-03
1.010428555309772491e-02
2.490287832915782928e-02
5.801682174205780029e-02
4.368718713521957397e-02
3.009852394461631775e-02
8.407593518495559692e-02
6.156919896602630615e-02
2.434106543660163879e-02
4.579976573586463928e-02
4.751048609614372253e-02
1.145416125655174255e-02
8.172182366251945496e-03
-1.763974130153656006e-02
-5.437728948891162872e-03
-1.220942940562963486e-02
-5.321623012423515320e-02
-1.130599714815616608e-02
-2.601102180778980255e-02
-6.261851638555526733e-02
4.479527100920677185e-02
1.082146912813186646e-01
7.972589880228042603e-02
3.224834054708480835e-02
8.273746818304061890e-02
9.504836797714233398e-02
-2.895531430840492249e-02
2.185411937534809113e-02
2.185238897800445557e-02
7.477809675037860870e-03
5.450677126646041870e-03
2.093102782964706421e-02
1.195269171148538589e-02
-1.699667540378868580e-03
2.522808033972978592e-03
-6.759956013411283493e-03
-1.034697890281677246e-02
-3.420789726078510284e-03
3.732143901288509369e-03
3.422753885388374329e-02
1.936217024922370911e-02
1.349624991416931152e-02
3.071445226669311523e-02
2.579662203788757324e-02
-2.827574731782078743e-03
2.130553126335144043e-02
4.034405574202537537e-03
-7.346922997385263443e-03
5.725143011659383774e-03
1.912303082644939423e-02
-2.507864125072956085e-02
-3.232606872916221619e-02
-3.309608623385429382e-02
-2.115162275731563568e-02
-3.045014664530754089e-02
-4.263131693005561829e-02
-1.873780414462089539e-02
-1.067571155726909637e-02
-2.460276708006858826e-02
-3.889132523909211159e-03
-1.847431994974613190e-02
-2.523809485137462616e-02
-1.603269763290882111e-02
-2.619407325983047485e-02
-4.437629878520965576e-02
-4.470204468816518784e-03
-2.656818367540836334e-03
-5.696495063602924347e-03
6.955252029001712799e-03
3.017352893948554993e-02
5.978992208838462830e-02
3.828326240181922913e-02
8.947079628705978394e-02
5.332959443330764771e-02
8.244329132139682770e-03
-6.512975669465959072e-04
1.109587121754884720e-02
4.768164828419685364e-03
2.982264943420886993e-02
3.209127113223075867e-02
8.053291589021682739e-03
4.136731475591659546e-02
2.826112881302833557e-02
3.382176160812377930e-02
1.437931228429079056e-02
-1.352609042078256607e-02
4.061606526374816895e-02
6.057392805814743042e-02
3.922767937183380127e-02
2.552958019077777863e-02
5.603262782096862793e-02
5.573480576276779175e-02
3.042380139231681824e-02
5.537543445825576782e-02
1.851797290146350861e-02
3.621261566877365112e-02
6.355155259370803833e-02
6.276477873325347900e-02
3.588223457336425781e-02
5.337341502308845520e-02
4.165421053767204285e-02
-9.869190864264965057e-03
-5.099839530885219574e-03
1.920942030847072601e-02
-1.571513339877128601e-02
-7.298676762729883194e-03
1.665423810482025146e-02
1.699294708669185638e-02
2.833302132785320282e-03
-8.020361885428428650e-03
-1.985343638807535172e-03
8.369289338588714600e-03
8.411377668380737305e-03
-2.012003213167190552e-02
-1.437234506011009216e-02
1.464548241347074509e-02
-3.940744698047637939e-02
-1.975024677813053131e-02
-2.913730405271053314e-02
1.705239876173436642e-03
4.109552130103111267e-03
9.505153633654117584e-03
-3.359414869919419289e-03
-1.333756744861602783e-02
3.545887023210525513e-02
-2.286477712914347649e-03
1.036076620221138000e-02
5.200039595365524292e-02
1.837249472737312317e-02
-2.359532518312335014e-03
-2.600194886326789856e-02
1.466775964945554733e-02
8.059079758822917938e-03
-1.330399536527693272e-03
1.059158053249120712e-02
7.106692064553499222e-03
1.634840294718742371e-02
6.082179490476846695e-03
1.220510434359312057e-02
-1.681798836216330528e-03
-4.754584748297929764e-03
1.860257983207702637e-02
1.608637347817420959e-02
-1.392793655395507812e-02
-1.637604087591171265e-02
-1.615551486611366272e-02
-1.738095469772815704e-02
-2.916697040200233459e-02
-6.256818026304244995e-02
-4.313442390412092209e-03
-4.389774054288864136e-03
-2.829593978822231293e-02
2.115670032799243927e-02
4.460428655147552490e-02
1.574661210179328918e-02
-7.194140553474426270e-02
-3.008718602359294891e-02
2.144768768630456179e-05
-4.390678182244300842e-02
-3.925465792417526245e-02
-3.732973709702491760e-02
-3.321414813399314880e-02
-3.312636166810989380e-02
-3.636009618639945984e-02
-2.813018672168254852e-02
-8.893080055713653564e-03
2.568525448441505432e-02
-1.421405002474784851e-02
8.708966895937919617e-03
3.030980238690972328e-03
-2.102074585855007172e-02
-9.345252066850662231e-03
-8.901108056306838989e-03
-1.551272813230752945e-02
-1.681645982898771763e-03
-1.614421233534812927e-02
-2.853872254490852356e-02
-6.582128815352916718e-03
-4.747414961457252502e-02
-2.583336457610130310e-02
-1.453096326440572739e-02
-5.451331287622451782e-02
3.087614662945270538e-03
-5.146645708009600639e-04
-2.691448200494050980e-03
3.765276446938514709e-02
1.285542920231819153e-02
2.164318040013313293e-02
3.496390208601951599e-02
1.163123827427625656e-02
-2.920037135481834412e-02
1.655811071395874023e-02
-9.530922397971153259e-03
-1.285136304795742035e-02
-5.778870545327663422e-03
-5.763019435107707977e-03
1.911754719913005829e-02
-2.211976982653141022e-02
2.488846145570278168e-02
3.047307953238487244e-02
2.387475408613681793e-02
4.051519557833671570e-02
4.780865274369716644e-03
1.660356530919671059e-03
3.982076048851013184e-02
1.309146080166101456e-02
-2.051405422389507294e-02
2.928517013788223267e-02
4.866947978734970093e-02
-4.170334339141845703e-02
-4.162733256816864014e-02
-3.434640169143676758e-02
-1.342730969190597534e-02
-5.496652796864509583e-03
-3.670116886496543884e-02
2.253139205276966095e-02
1.269508153200149536e-02
-2.570307441055774689e-02
-4.843964800238609314e-02
-2.689057774841785431e-02
-7.801581174135208130e-03
-7.948527112603187561e-03
-2.312871441245079041e-02
-1.826838403940200806e-02
4.093899857252836227e-03
-1.394709199666976929e-02
-1.180944312363862991e-02
-2.177128754556179047e-02
2.008751221001148224e-02
-1.095141097903251648e-02
4.261859226971864700e-03
2.480118349194526672e-02
-3.374133957549929619e-04
8.057818748056888580e-03
2.102985046803951263e-02
1.341091562062501907e-02
-3.576330840587615967e-02
-4.136522486805915833e-02
-3.098501265048980713e-02
-6.284116953611373901e-02
-6.883757561445236206e-02
-5.097776278853416443e-02
-3.151518106460571289e-02
-5.309909209609031677e-02
-9.679935872554779053e-03
-3.988901153206825256e-03
-4.705585539340972900e-03
-1.741415704600512981e-03
2.332323230803012848e-02
-1.203882042318582535e-02
-5.181933566927909851e-02
5.893213092349469662e-04
-1.976401917636394501e-02
-3.864145278930664062e-02
-4.023791756480932236e-03
-1.013553794473409653e-02
1.110130175948143005e-02
-1.342509593814611435e-02
-3.131091594696044922e-02
-5.005545448511838913e-03
-5.640900135040283203e-02
-6.690792273730039597e-03
6.576873827725648880e-03
1.144958753138780594e-02
1.704877242445945740e-02
5.244927853345870972e-02
-3.785162791609764099e-02
-2.734169550240039825e-02
1.554271671921014786e-02
-3.040043637156486511e-02
-1.521846000105142593e-02
4.118676763027906418e-03
-1.781148649752140045e-02
-2.605951018631458282e-02
-1.958759035915136337e-03
-3.906250745058059692e-02
1.271652989089488983e-03
3.987952321767807007e-02
-2.376214228570461273e-02
3.015049174427986145e-02
6.946555525064468384e-02
5.032837018370628357e-02
3.350653126835823059e-02
1.143949013203382492e-02
2.864550612866878510e-02
1.866271952167153358e-03
-7.900290191173553467e-03
-2.424023486673831940e-02
-3.406187519431114197e-02
-2.388148382306098938e-02
3.728247433900833130e-02
1.028824411332607269e-02
-3.548656590282917023e-03
1.284360606223344803e-02
6.430685520172119141e-03
-1.988640986382961273e-02
6.270559038966894150e-03
1.574346423149108887e-02
-1.071825716644525528e-02
2.961585996672511101e-03
-3.331745788455009460e-02
-2.761990949511528015e-02
1.333513297140598297e-02
-1.899244822561740875e-02
-4.811648279428482056e-02
2.368851006031036377e-02
-1.321548037230968475e-02
-5.252655595541000366e-02
-4.213383048772811890e-02
-1.559660490602254868e-02
-2.062241919338703156e-02
-3.189749270677566528e-02
-2.085032314062118530e-02
-3.431005403399467468e-02
-6.707837455905973911e-04
-3.259485587477684021e-02
-6.322792172431945801e-02
3.957492113113403320e-02
-9.399924427270889282e-03
-1.164720952510833740e-02
2.740967646241188049e-02
-2.974145114421844482e-02
-1.515595521777868271e-02
-1.249826978892087936e-02
6.183583172969520092e-04
4.793515894562005997e-03
3.975161164999008179e-02
-2.679795026779174805e-03
-5.040006339550018311e-02
5.637745931744575500e-02
3.701348230242729187e-02
-1.091908104717731476e-02
3.411320969462394714e-02
5.515705049037933350e-02
4.116108641028404236e-03
-2.416006661951541901e-02
-1.942319422960281372e-02
-3.743790835142135620e-02
1.372670009732246399e-02
1.200326997786760330e-02
1.949131116271018982e-02
3.580830246210098267e-02
3.376257047057151794e-02
7.190048694610595703e-02
1.225891802459955215e-02
2.957148535642772913e-04
5.161063279956579208e-03
7.007722742855548859e-03
1.951426826417446136e-02
3.304910287261009216e-02
-1.274237059988081455e-03
4.449399933218955994e-02
8.724328130483627319e-02
-2.040208317339420319e-02
-4.718587268143892288e-03
1.214236672967672348e-02
-1.574166864156723022e-02
5.007390864193439484e-03
-6.125778425484895706e-03
-1.113453414291143417e-02
-4.203464835882186890e-02
-1.236184220761060715e-02
2.073100581765174866e-02
-9.477883577346801758e-04
-4.061464592814445496e-02
-1.187172485515475273e-03
-2.558015845715999603e-02
-3.873969614505767822e-02
1.605676300823688507e-02
-2.407714165747165680e-02
-3.242640197277069092e-02
-4.091326147317886353e-02
1.660973019897937775e-02
6.786158680915832520e-02
-4.418204352259635925e-02
3.315240889787673950e-02
9.350752830505371094e-02
-4.395845532417297363e-02
3.035242483019828796e-02
5.224677547812461853e-02
8.130552247166633606e-03
2.260896936058998108e-02
4.476461093872785568e-03
-3.290453553199768066e-02
1.523041073232889175e-02
2.879142947494983673e-02
-1.369034871459007263e-02
-4.616195801645517349e-03
1.141305360943078995e-02
4.370503500103950500e-02
3.507697209715843201e-02
1.976616121828556061e-02
6.331369280815124512e-02
6.741302460432052612e-02
6.810791045427322388e-02
4.442930966615676880e-02
2.966519258916378021e-02
3.264008834958076477e-02
1.627753116190433502e-02
-1.359890028834342957e-02
-4.642012715339660645e-02
6.803380697965621948e-02
1.899918355047702789e-02
-4.371942207217216492e-02
5.390797927975654602e-02
6.469958275556564331e-02
3.393933176994323730e-02
-3.475416824221611023e-02
3.307587467133998871e-03
3.541114926338195801e-02
-5.956430360674858093e-02
-2.048332616686820984e-02
4.272608458995819092e-02
-8.236521482467651367e-02
-6.805084645748138428e-02
-2.365206554532051086e-02
-1.860737800598144531e-02
-1.302575040608644485e-02
-1.655314490199089050e-02
-1.494508050382137299e-02
4.865597002208232880e-03
6.268377415835857391e-03
5.243430379778146744e-03
1.847280748188495636e-02
-1.811502850614488125e-03
-2.330115297809243202e-03
2.697638608515262604e-02
2.308373339474201202e-02
-2.756692469120025635e-02
-7.068542763590812683e-03
9.664941579103469849e-03
-1.239535119384527206e-02
-2.328030392527580261e-02
1.938148960471153259e-02
-9.667876176536083221e-03
-1.863009529188275337e-03
-8.092018542811274529e-04
2.874402701854705811e-02
-1.258772425353527069e-02
-4.740881919860839844e-02
1.841028034687042236e-02
-3.060783073306083679e-02
-8.382020890712738037e-02
-2.716501802206039429e-02
-4.263210669159889221e-02
-6.012286990880966187e-02
3.540850803256034851e-02
-1.103312359191477299e-03
-9.368429891765117645e-03
2.629440277814865112e-02
5.322195589542388916e-02
2.623770385980606079e-02
-2.846938150469213724e-04
1.085455529391765594e-02
1.927337050437927246e-02
1.142470352351665497e-02
6.319835036993026733e-02
6.943432986736297607e-02
9.839589707553386688e-03
3.488847985863685608e-02
6.179856136441230774e-02
1.006412878632545471e-02
-3.315920755267143250e-02
-6.137580610811710358e-03
4.544298723340034485e-02
1.323551218956708908e-02
-1.713646575808525085e-02
4.312170296907424927e-02
9.101692587137222290e-02
-2.015200909227132797e-03
3.342255577445030212e-02
5.273022875189781189e-02
9.737312793731689453e-03
-2.143848501145839691e-02
2.553046122193336487e-02
3.387423604726791382e-02
-5.203477293252944946e-02
2.181536704301834106e-02
4.970784857869148254e-02
-4.784760239999741316e-04
-2.576564438641071320e-02
-3.101386874914169312e-02
8.684132248163223267e-03
7.876704446971416473e-03
-1.817437820136547089e-02
3.959722444415092468e-02
-4.330211319029331207e-03
-2.906041033565998077e-02
-3.746598958969116211e-02
-6.553372740745544434e-02
-3.440022841095924377e-02
-2.924387156963348389e-02
-5.287123098969459534e-02
-3.251582011580467224e-02
-3.331028297543525696e-02
-9.640426374971866608e-03
-4.117613285779953003e-02
1.369429379701614380e-02
2.180146984755992889e-02
1.258468441665172577e-02
-1.307484228163957596e-02
-3.121831687167286873e-03
-7.418080698698759079e-03
-2.043666131794452667e-02
-2.054749988019466400e-02
-6.617585662752389908e-03
-2.519640512764453888e-02
-2.564264694228768349e-03
3.232399374246597290e-02
-1.192230451852083206e-02
-2.509273774921894073e-02
8.774331770837306976e-03
-3.213119925931096077e-03
-4.107227921485900879e-02
-2.308221533894538879e-02
2.483059093356132507e-02
-1.729339919984340668e-02
-3.247221931815147400e-02
1.524014398455619812e-02
-1.434136554598808289e-02
-4.253044351935386658e-02
-1.738898269832134247e-02
-5.187192466109991074e-03
-2.910010889172554016e-02
