-1.969652250409126282e-03
-3.173027653247117996e-03
-4.948875401169061661e-03
1.531335641629993916e-03
-1.540243101771920919e-04
1.138099396484903991e-04
4.612516146153211594e-03
2.125392435118556023e-03
1.682858332060277462e-03
-2.035857876762747765e-03
-2.076562959700822830e-03
-3.309692023321986198e-03
3.586530219763517380e-03
1.981723355129361153e-03
-8.642834145575761795e-04
-2.263333881273865700e-04
-8.701130282133817673e-04
-4.853926133364439011e-03
8.153269067406654358e-03
7.344484794884920120e-03
5.705381277948617935e-03
7.060058997012674809e-04
-9.466971278015989810e-06
-1.768421265296638012e-03
-6.354834884405136108e-03
-5.318581592291593552e-03
-9.211216121912002563e-03
-1.120695192366838455e-02
-7.471837103366851807e-03
-8.058861829340457916e-03
-1.041681040078401566e-02
-8.774825371801853180e-03
-8.325775153934955597e-03
-5.503470543771982193e-03
-5.307415034621953964e-03
-6.977997254580259323e-03
-3.970245830714702606e-03
-9.997476445278152823e-05
-7.071800064295530319e-04
-6.066067144274711609e-03
-1.026593847200274467e-03
-2.165424870327115059e-03
-1.061357092112302780e-02
-5.454165861010551453e-03
-8.107502013444900513e-03
5.017902702093124390e-03
1.077675074338912964e-02
1.377046108245849609e-02
6.654204800724983215e-03
1.052420493215322495e-02
1.227424759417772293e-02
7.120484020560979843e-03
1.040488760918378830e-02
1.159436814486980438e-02
-2.525183930993080139e-02
-1.410845015197992325e-02
-3.682072833180427551e-02
-1.721847988665103912e-02
-4.356312099844217300e-03
-2.348555810749530792e-02
-3.103196620941162109e-02
-1.509854942560195923e-02
-3.288478404283523560e-02
1.457035727798938751e-02
1.780213601887226105e-02
2.967313304543495178e-02
6.195130292326211929e-03
7.225054781883955002e-03
1.876500807702541351e-02
5.784192122519016266e-03
9.221561253070831299e-03
2.060980349779129028e-02
-2.850639261305332184e-02
-1.946514658629894257e-02
-2.419652976095676422e-02
-2.619121968746185303e-02
-1.860720291733741760e-02
-2.685882337391376495e-02
-2.594492398202419281e-02
-1.728264056146144867e-02
-2.114849910140037537e-02
-4.791541956365108490e-03
5.430013989098370075e-04
-3.094106679782271385e-03
-8.090155199170112610e-03
-5.028082523494958878e-04
-1.676699845120310783e-03
-5.102605093270540237e-03
-8.708527457201853395e-05
-3.557793970685452223e-04
-1.299328519962728024e-03
-1.346030738204717636e-03
2.181909745559096336e-03
-1.842024154029786587e-03
-3.110616700723767281e-03
3.600763011490926147e-05
1.006938866339623928e-03
-7.635279907844960690e-04
-2.513207029551267624e-03
-1.555072423070669174e-02
-1.213750615715980530e-02
-1.963992975652217865e-02
-1.040382031351327896e-02
-6.567829754203557968e-03
-1.138328574597835541e-02
-1.481084059923887253e-02
-1.028845366090536118e-02
-1.182819064706563950e-02
-3.092191182076931000e-04
5.535757169127464294e-03
-2.808891003951430321e-03
-2.309278119355440140e-03
2.510787453502416611e-03
-1.986115705221891403e-03
-1.006632298231124878e-02
-4.956536926329135895e-03
-1.188186742365360260e-02
-1.151313073933124542e-02
-8.185371756553649902e-03
-1.233943831175565720e-02
-9.136147797107696533e-03
-8.273194544017314911e-03
-1.279889140278100967e-02
-1.487607229501008987e-02
-1.479982491582632065e-02
-1.952429115772247314e-02
4.508043639361858368e-03
4.209985490888357162e-03
1.038536662235856056e-03
1.677776308497413993e-04
-2.000105334445834160e-03
-4.652434960007667542e-03
4.208101425319910049e-03
2.768752165138721466e-03
1.483378815464675426e-03
3.209944581612944603e-03
2.422297606244683266e-03
4.739185795187950134e-03
9.022809681482613087e-04
-4.815989523194730282e-04
1.021292759105563164e-03
-3.442127956077456474e-03
-2.880406100302934647e-03
-2.724407706409692764e-03
-1.805266551673412323e-02
-1.237775105983018875e-02
-1.138172484934329987e-02
-1.140667404979467392e-02
-5.289725027978420258e-03
-5.306200589984655380e-03
-9.355264715850353241e-03
-2.381111728027462959e-03
-3.541056532412767410e-03
1.876100315712392330e-03
5.245057865977287292e-03
4.926344845443964005e-03
-9.886940242722630501e-04
1.872358960099518299e-03
4.588150419294834137e-03
-3.599427174776792526e-03
8.906850125640630722e-04
3.998526372015476227e-03
-2.123589813709259033e-02
-6.740054581314325333e-03
-1.186092663556337357e-02
-1.453976612538099289e-02
8.831077720969915390e-04
-5.244050640612840652e-03
-2.229987457394599915e-02
-9.795977734029293060e-03
-1.671613194048404694e-02
-1.870416919700801373e-03
-2.142633544281125069e-03
-2.161120995879173279e-03
-1.379343448206782341e-03
-1.918641151860356331e-03
1.397523563355207443e-03
-2.908070804551243782e-03
-1.507264911197125912e-03
1.853544032201170921e-03
8.365943096578121185e-03
9.553669020533561707e-03
6.447045598179101944e-03
7.754134479910135269e-03
7.453574333339929581e-03
2.301643835380673409e-03
8.585927076637744904e-03
6.252737715840339661e-03
-1.821602345444262028e-03
9.575570002198219299e-03
8.272098377346992493e-03
1.188455801457166672e-02
7.027380168437957764e-03
6.336530204862356186e-03
8.660602383315563202e-03
2.224788768216967583e-03
1.555416500195860863e-03
1.970822922885417938e-03
-3.976687323302030563e-03
-6.856938824057579041e-03
-5.773463286459445953e-03
2.693686692509800196e-04
-4.368439840618520975e-04
1.001931144855916500e-03
-2.362271538004279137e-03
1.072397339157760143e-03
1.365158706903457642e-03
-8.221739903092384338e-03
-1.954892213689163327e-04
2.764303470030426979e-03
-7.307409774512052536e-03
-2.485349075868725777e-03
1.534852082841098309e-03
-5.907876882702112198e-03
-1.511723850853741169e-03
6.143358070403337479e-03
2.032197825610637665e-02
1.540424022823572159e-02
2.185417152941226959e-02
1.062576286494731903e-02
6.577251479029655457e-03
1.184366177767515182e-02
7.754434831440448761e-03
6.239875219762325287e-03
9.794097393751144409e-03
4.452870693057775497e-03
1.496626529842615128e-03
6.950574461370706558e-03
-1.235659420490264893e-02
-1.872872188687324524e-02
-1.339285075664520264e-02
-1.176697667688131332e-02
-1.796542294323444366e-02
-1.174293179064989090e-02
-4.282720852643251419e-03
3.697665175423026085e-03
4.300137981772422791e-03
-1.636333297938108444e-03
2.595990663394331932e-03
5.143045913428068161e-03
1.607019687071442604e-03
6.229591090232133865e-03
1.280030328780412674e-02
-1.505860826000571251e-03
2.007881179451942444e-03
4.897888284176588058e-03
7.233798969537019730e-04
3.172287950292229652e-03
6.510137114673852921e-03
5.489782430231571198e-03
4.620927851647138596e-03
6.656304467469453812e-03
4.298182576894760132e-02
3.636391460895538330e-02
4.211929813027381897e-02
3.483969718217849731e-02
2.097552642226219177e-02
3.743429481983184814e-02
1.380994357168674469e-02
6.875290535390377045e-03
1.667835004627704620e-02
-7.722293026745319366e-03
-1.057957392185926437e-02
-9.618279524147510529e-03
-5.346672143787145615e-03
-5.539386533200740814e-03
-3.183818189427256584e-03
-4.892352037131786346e-03
-5.524950101971626282e-03
-4.873886704444885254e-03
-9.045336395502090454e-03
-1.145826559513807297e-02
-1.454753614962100983e-02
-9.931182721629738808e-04
1.420662738382816315e-04
-1.975779421627521515e-03
-2.052034251391887665e-03
-4.881992004811763763e-03
-9.438049048185348511e-03
2.917853416875004768e-03
7.085770834237337112e-03
6.213005632162094116e-03
6.869500968605279922e-03
6.163022946566343307e-03
1.132698170840740204e-02
6.058425176888704300e-03
6.845154799520969391e-03
1.280282251536846161e-02
-4.818922653794288635e-02
-2.920354157686233521e-02
-3.741096705198287964e-02
-2.956746704876422882e-02
-1.122518535703420639e-02
-1.755117066204547882e-02
-2.747259475290775299e-02
-8.713265880942344666e-03
-1.275738701224327087e-02
7.909107021987438202e-03
6.039642263203859329e-03
8.584261871874332428e-03
7.465959060937166214e-03
5.234442651271820068e-03
1.041715405881404877e-02
2.070278674364089966e-02
1.402219757437705994e-02
2.253977954387664795e-02
1.269745826721191406e-02
1.274278480559587479e-02
2.350103855133056641e-02
7.419541012495756149e-03
6.540820933878421783e-03
1.568005234003067017e-02
8.118972182273864746e-03
7.845645770430564880e-03
1.723791658878326416e-02
-1.325317006558179855e-02
-8.650192990899085999e-03
-6.772773806005716324e-03
-1.421501580625772476e-02
-9.099902585148811340e-03
-8.544596843421459198e-03
-1.593120954930782318e-02
-1.114896778017282486e-02
-1.304511167109012604e-02
-7.639388088136911392e-03
-2.401742618530988693e-03
-5.443400703370571136e-03
-9.192485362291336060e-03
-3.857875708490610123e-03
-8.222773671150207520e-03
-1.459170877933502197e-02
-8.441868238151073456e-03
-1.307747419923543930e-02
-1.077964529395103455e-02
-1.989610679447650909e-02
-1.187601033598184586e-02
-7.239742204546928406e-03
-1.381400506943464279e-02
-1.281513273715972900e-02
-3.753680502995848656e-04
-1.115228421986103058e-02
-8.919743821024894714e-03
-1.053722854703664780e-02
-2.534460742026567459e-03
-8.207601495087146759e-03
-1.369975320994853973e-02
-4.270331934094429016e-03
-1.102245599031448364e-02
-1.535500027239322662e-02
-9.191419929265975952e-03
-1.502576936036348343e-02
8.747359737753868103e-03
4.890849348157644272e-03
2.109291497617959976e-03
8.521684445440769196e-03
3.132755635306239128e-03
1.637279754504561424e-03
-1.086564967408776283e-03
-3.760058898478746414e-03
-7.952613756060600281e-03
1.605315692722797394e-02
1.102809514850378036e-02
1.030167844146490097e-02
1.320876367390155792e-02
2.861534478142857552e-03
-1.436518738046288490e-03
2.406444400548934937e-02
1.731291227042675018e-02
7.992527447640895844e-03
-1.031031925231218338e-02
-5.021341610699892044e-03
-1.237621437758207321e-02
-7.843497209250926971e-03
-6.583997979760169983e-03
-1.135000307112932205e-02
-5.600241944193840027e-03
-5.267425440251827240e-03
-7.088952697813510895e-03
-3.029449144378304482e-03
-2.470039995387196541e-03
-1.640416099689900875e-03
-7.156541571021080017e-03
-5.481577478349208832e-03
-6.525066681206226349e-03
-1.491389144212007523e-02
-1.047120150178670883e-02
-1.030024699866771698e-02
1.202717074193060398e-03
8.238753071054816246e-04
-6.298451218754053116e-03
2.503998111933469772e-03
-9.578241733834147453e-04
-6.459003314375877380e-03
-5.843173712491989136e-04
-4.824496805667877197e-03
-1.046100724488496780e-02
-1.080706994980573654e-02
7.775716949254274368e-04
-6.059232167899608612e-03
6.621360778808593750e-03
1.065413188189268112e-02
1.260905293747782707e-03
8.550402708351612091e-03
1.168871577829122543e-02
2.371235750615596771e-03
1.954617444425821304e-03
-2.229544334113597870e-03
-3.661496797576546669e-03
2.596583217382431030e-03
6.352547788992524147e-04
3.446373390033841133e-03
3.386139171198010445e-03
3.839327488094568253e-03
9.191124700009822845e-03
-3.479034930933266878e-04
-1.271648984402418137e-02
-4.798596724867820740e-03
4.519687965512275696e-03
-5.100975278764963150e-03
4.031777847558259964e-03
4.683237522840499878e-03
-2.323160646483302116e-03
7.706669624894857407e-03
-2.340538427233695984e-03
-4.314044024795293808e-03
-7.612791843712329865e-03
1.386865042150020599e-03
-2.362198662012815475e-03
-4.294086247682571411e-03
-2.293664962053298950e-03
-3.934189211577177048e-03
-7.528428453952074051e-03
-9.494776837527751923e-03
-7.948833517730236053e-03
-1.832347549498081207e-02
5.174372563487850130e-05
-9.108985541388392448e-04
-1.105437707155942917e-02
2.672719536349177361e-03
2.081004669889807701e-03
-1.242434233427047729e-02
-2.468791324645280838e-03
-1.391533762216567993e-03
-3.495255252346396446e-03
1.419563195668160915e-03
2.936239819973707199e-03
6.478503346443176270e-04
4.908965434879064560e-03
4.786384757608175278e-03
2.509906771592795849e-04
-1.157191582024097443e-02
-5.651762243360280991e-03
-5.680869333446025848e-03
-9.411019273102283478e-03
-4.303358960896730423e-03
-5.232228897511959076e-03
-1.242836937308311462e-02
-6.994052790105342865e-03
-9.895234368741512299e-03
-1.443264912813901901e-02
-1.280413009226322174e-02
-2.075663208961486816e-02
-5.292113870382308960e-03
-2.296408638358116150e-03
-8.505106903612613678e-03
-8.472880348563194275e-03
-4.519433714449405670e-03
-8.880834095180034637e-03
-1.033533737063407898e-02
-3.708662232384085655e-03
-1.196361705660820007e-02
-4.322836175560951233e-03
1.359232701361179352e-03
-7.155219092965126038e-03
-9.610769338905811310e-03
-4.461248870939016342e-03
-8.850662037730216980e-03
-2.150395326316356659e-02
-9.766143746674060822e-03
-1.594553515315055847e-02
-1.870751567184925079e-02
-6.964578758925199509e-03
-1.727536879479885101e-02
-2.260290831327438354e-02
-9.960095398128032684e-03
-2.586524933576583862e-02
-1.981335517484694719e-04
5.475628189742565155e-03
3.229578956961631775e-03
-2.432048786431550980e-03
2.492273459210991859e-03
3.202686202712357044e-04
-6.824096664786338806e-03
-3.907819278538227081e-03
-8.746026083827018738e-03
1.177198719233274460e-03
1.787221757695078850e-03
2.366221975535154343e-03
-2.653499599546194077e-03
2.574461279436945915e-03
3.235369920730590820e-03
-1.027777791023254395e-02
-9.089468978345394135e-03
-9.652246721088886261e-03
1.288843061774969101e-02
-6.348298862576484680e-03
1.216277666389942169e-02
9.613749571144580841e-03
-8.192013017833232880e-03
1.032873615622520447e-02
3.854236379265785217e-02
2.036895602941513062e-02
4.262905567884445190e-02
8.612737059593200684e-03
4.776449874043464661e-03
7.476321421563625336e-03
3.280863864347338676e-03
4.246237687766551971e-03
6.960973143577575684e-03
1.979062217287719250e-04
3.335079178214073181e-03
4.483927041292190552e-03
7.501580286771059036e-03
1.288653071969747543e-02
1.790670678019523621e-02
8.937319740653038025e-03
1.344187650829553604e-02
1.729382947087287903e-02
1.457807957194745541e-03
1.053139101713895798e-02
1.486458629369735718e-02
-2.283364068716764450e-03
1.239630160853266716e-03
2.335145371034741402e-03
-3.490051254630088806e-03
-1.543299411423504353e-03
-1.696330145932734013e-03
-3.641302697360515594e-03
-2.119882497936487198e-03
-6.315877195447683334e-03
-6.935013923794031143e-03
-2.388341352343559265e-03
-5.165160633623600006e-03
-6.684872321784496307e-03
-2.589403185993432999e-03
-5.079741124063730240e-03
-1.270495168864727020e-02
-7.175994105637073517e-03
-1.027889922261238098e-02
3.058680146932601929e-02
2.684515900909900665e-02
4.398125782608985901e-02
2.486926130950450897e-02
2.170437574386596680e-02
3.889634460210800171e-02
2.883200906217098236e-02
2.853482961654663086e-02
4.532117769122123718e-02
-4.388058558106422424e-03
1.643855590373277664e-03
-3.146729199215769768e-03
-2.155916299670934677e-03
4.511898383498191833e-03
1.092264894396066666e-03
1.583883888088166714e-03
1.119296438992023468e-02
5.679030902683734894e-03
5.218517407774925232e-02
2.547265589237213135e-02
5.189354345202445984e-02
2.642694115638732910e-02
-9.981106268242001534e-04
2.905679121613502502e-02
5.965609475970268250e-02
3.715116903185844421e-02
7.126691192388534546e-02
1.469966396689414978e-02
1.491832640022039413e-02
1.915444806218147278e-02
1.045047957450151443e-02
5.633248016238212585e-03
9.382318705320358276e-03
1.019888836890459061e-02
6.074282806366682053e-03
1.060958672314882278e-02
1.583070959895849228e-03
-1.544733095215633512e-04
6.636017002165317535e-03
1.885487348772585392e-03
-1.602380187250673771e-03
5.364465061575174332e-03
-7.906916551291942596e-03
-6.193052977323532104e-03
-4.508258774876594543e-03
6.091170944273471832e-03
-1.157230813987553120e-03
-3.796503180637955666e-03
-9.920216398313641548e-04
-5.979675333946943283e-03
-3.861653152853250504e-03
1.126427087001502514e-03
-2.884235931560397148e-03
-2.562206704169511795e-03
1.332181692123413086e-02
8.869077078998088837e-03
6.354447919875383377e-03
1.541562471538782120e-02
1.251937472261488438e-03
2.378997160121798515e-03
3.598209703341126442e-03
-8.710173889994621277e-03
-7.787010166794061661e-03
-7.703532464802265167e-03
-5.876387585885822773e-04
7.738703279756009579e-04
-7.028142455965280533e-03
2.028523012995719910e-04
-4.182550765108317137e-04
-9.520635008811950684e-03
-3.008465049788355827e-03
-8.808021433651447296e-03
9.455793770030140877e-04
1.100445660995319486e-04
5.907821469008922577e-04
-4.015177488327026367e-03
-1.994694117456674576e-03
4.815213032998144627e-04
-1.014792360365390778e-02
-9.755033068358898163e-03
-8.435608819127082825e-03
7.621867698617279530e-04
6.440277677029371262e-03
1.278846431523561478e-02
-3.294005990028381348e-03
6.185982492752373219e-04
5.228176247328519821e-03
-1.778510399162769318e-03
-1.408648211508989334e-03
4.056818783283233643e-03
-1.273832749575376511e-02
-8.702230639755725861e-03
-5.602981429547071457e-03
-1.151617709547281265e-02
-7.143470458686351776e-03
-8.896901272237300873e-03
-9.283005259931087494e-03
-4.193947650492191315e-03
-1.184788811951875687e-02
8.036527782678604126e-03
1.144322450272738934e-03
3.810693742707371712e-03
7.276144810020923615e-03
1.251232344657182693e-03
4.829703364521265030e-03
8.500773459672927856e-03
6.847049109637737274e-03
7.636703085154294968e-03
7.816728320904076099e-04
-2.951001981273293495e-03
-3.572157351300120354e-03
6.429960019886493683e-03
-8.195285336114466190e-04
-1.141067710705101490e-03
-3.911617677658796310e-03
-1.041618268936872482e-02
-1.132124103605747223e-02
2.890984714031219482e-02
9.321524761617183685e-03
1.720297895371913910e-02
2.243503183126449585e-02
7.430769037455320358e-03
1.260248105973005295e-02
1.895579881966114044e-02
8.092242293059825897e-03
1.445835456252098083e-02
-1.849436014890670776e-02
-1.251075230538845062e-02
-1.519745960831642151e-02
-1.687134616076946259e-02
-9.810875169932842255e-03
-1.548820827156305313e-02
-2.067532017827033997e-02
-1.224868465214967728e-02
-1.756389811635017395e-02
1.479188818484544754e-02
6.016648374497890472e-03
1.737971045076847076e-02
9.781236760318279266e-03
6.457521580159664154e-03
1.542468275874853134e-02
1.073219534009695053e-02
4.966946318745613098e-03
8.367413654923439026e-03
3.887098655104637146e-02
2.247456833720207214e-02
3.841928020119667053e-02
1.512952707707881927e-02
1.257636817172169685e-03
1.710887998342514038e-02
1.807216741144657135e-02
7.471638265997171402e-03
2.166853845119476318e-02
4.196124896407127380e-02
3.549228608608245850e-02
3.814567998051643372e-02
2.890750765800476074e-02
1.935058273375034332e-02
2.452121675014495850e-02
2.061512134969234467e-02
1.216385234147310257e-02
1.709241792559623718e-02
-1.702677272260189056e-02
-1.378353405743837357e-02
-1.147506758570671082e-02
-1.123416982591152191e-02
-7.954485714435577393e-03
-5.362426396459341049e-03
-1.256176736205816269e-02
-1.007512025535106659e-02
-6.691601593047380447e-03
5.095474794507026672e-02
2.960689552128314972e-02
4.537153616547584534e-02
3.907905519008636475e-02
1.504625193774700165e-02
3.243264555931091309e-02
3.895574063062667847e-02
1.728158071637153625e-02
2.959075383841991425e-02
1.707585901021957397e-02
7.314642425626516342e-03
7.187184412032365799e-03
8.613625541329383850e-03
-3.848839318379759789e-03
-2.380581863690167665e-04
3.461232408881187439e-03
-4.112905822694301605e-03
6.459801224991679192e-04
1.266256673261523247e-03
-1.916915527544915676e-03
9.237758815288543701e-03
-3.043523291125893593e-03
-2.151164699171204120e-05
7.314339280128479004e-03
-1.331589743494987488e-02
-1.225290261209011078e-02
-1.710750861093401909e-03
-4.349883645772933960e-03
-4.037065431475639343e-03
4.434851929545402527e-03
-8.898943662643432617e-03
-7.173079065978527069e-03
6.066410336643457413e-03
-7.845998741686344147e-03
-7.796348538249731064e-03
6.939017213881015778e-03
6.736969575285911560e-03
9.732753038406372070e-03
1.781989447772502899e-02
-2.332667121663689613e-03
1.280698488699272275e-04
9.935082867741584778e-03
1.645809970796108246e-03
5.435170605778694153e-03
1.641346141695976257e-02
-2.319602668285369873e-02
-2.495345659554004669e-02
-3.373234719038009644e-02
-1.692340336740016937e-02
-1.617019623517990112e-02
-2.617551758885383606e-02
-2.541697770357131958e-02
-2.435828745365142822e-02
-3.693272173404693604e-02
-1.193374581634998322e-02
-1.729329302906990051e-02
-2.882320433855056763e-02
-1.132771000266075134e-02
-1.312738563865423203e-02
-2.412295527756214142e-02
-1.518191397190093994e-02
-1.342929434031248093e-02
-2.169257774949073792e-02
1.072486024349927902e-02
-1.487381814513355494e-04
2.009166963398456573e-02
1.016401126980781555e-02
-3.126482113202655455e-07
1.748687028884887695e-02
2.828654088079929352e-02
1.950474269688129425e-02
3.238436207175254822e-02
3.625063598155975342e-02
9.796119295060634613e-03
2.472194656729698181e-02
2.972913533449172974e-02
4.254243685863912106e-04
1.268478482961654663e-02
4.279850423336029053e-02
1.457003690302371979e-02
2.838781289756298065e-02
-4.317412967793643475e-04
-1.165719050914049149e-02
-6.778958253562450409e-03
-1.621047966182231903e-02
-2.138149924576282501e-02
-2.247606590390205383e-02
1.301486161537468433e-03
-5.130735225975513458e-04
-4.514067433774471283e-03
1.747322827577590942e-02
-6.899059517309069633e-04
-4.409051965922117233e-03
1.201763283461332321e-02
-6.098526529967784882e-03
-8.285081945359706879e-03
1.855831965804100037e-02
-2.541335066780447960e-03
-2.305327448993921280e-03
-2.271844074130058289e-02
-9.482738561928272247e-03
-2.022600173950195312e-02
-1.737020723521709442e-02
-4.389120265841484070e-03
-1.810131035745143890e-02
-2.834907360374927521e-02
-1.780591346323490143e-02
-2.921453863382339478e-02
-4.463305696845054626e-03
-1.612951396964490414e-03
-8.052464108914136887e-04
-1.987037016078829765e-03
-1.497436169302091002e-04
-1.393704675137996674e-03
-2.250701421871781349e-03
3.483681473881006241e-03
5.724928341805934906e-03
-1.506754290312528610e-02
-9.723707102239131927e-03
3.088618977926671505e-04
-1.275562029331922531e-02
-1.026979461312294006e-02
-4.470741376280784607e-03
-1.885243132710456848e-02
-1.372100971639156342e-02
-1.071060821413993835e-02
5.460003740154206753e-04
-6.397222168743610382e-04
-3.710602177307009697e-03
-6.806014571338891983e-04
-5.475266836583614349e-03
-1.125645451247692108e-02
-5.286742467433214188e-03
-9.516145102679729462e-03
-1.333599910140037537e-02
-4.019159078598022461e-02
-2.652994357049465179e-02
-3.817629814147949219e-02
-1.644339226186275482e-02
-1.291292835958302021e-03
-1.589472219347953796e-02
-1.690105721354484558e-02
-3.444488625973463058e-03
-1.787361502647399902e-02
-1.299153547734022141e-02
-6.604883819818496704e-03
-1.346566621214151382e-02
-7.818071171641349792e-03
-8.322845678776502609e-05
-4.687627311795949936e-03
-4.713871981948614120e-03
1.127520226873457432e-03
-4.360991995781660080e-03
-1.841568201780319214e-02
-1.084076985716819763e-02
-8.600268512964248657e-03
-1.484058238565921783e-02
-5.462567787617444992e-03
-7.573209237307310104e-03
-1.209272537380456924e-02
-6.564821116626262665e-03
-8.579825982451438904e-03
8.224215358495712280e-03
9.883953258395195007e-03
7.764174602925777435e-03
5.494771176017820835e-04
9.848944609984755516e-04
6.536055589094758034e-04
-2.540336456149816513e-03
-2.584775444120168686e-03
-5.968665354885160923e-04
-1.380096538923680782e-03
-3.823307109996676445e-03
-3.482903586700558662e-03
-6.820062990300357342e-04
-2.556079300120472908e-03
-6.765008904039859772e-03
2.268793294206261635e-03
-1.275069895200431347e-03
-5.127078853547573090e-03
3.024185821413993835e-02
1.978548429906368256e-02
2.440093085169792175e-02
1.327640842646360397e-02
1.245579216629266739e-03
7.012671325355768204e-03
2.167574129998683929e-02
1.365079078823328018e-02
1.659444905817508698e-02
4.589047282934188843e-03
5.527663975954055786e-03
4.677162505686283112e-03
3.623471595346927643e-03
9.074376896023750305e-03
7.797659840434789658e-03
5.669108126312494278e-03
1.606437936425209045e-02
8.082644082605838776e-03
9.948466904461383820e-03
5.968865938484668732e-03
1.214003097265958786e-02
5.955906584858894348e-03
3.829618915915489197e-03
8.306308649480342865e-03
5.552225746214389801e-03
-3.559907418093644083e-05
5.265797022730112076e-03
-2.459438517689704895e-02
-1.558217220008373260e-02
-6.348147056996822357e-03
-1.418150402605533600e-02
-1.180674415081739426e-02
-5.269607063382863998e-03
-1.333717722445726395e-02
-1.100761815905570984e-02
-6.296140607446432114e-03
1.515237428247928619e-02
7.013970520347356796e-03
7.745828945189714432e-03
5.439584609121084213e-03
-4.013940633740276098e-04
3.802588908001780510e-03
7.712181657552719116e-03
1.090629491955041885e-03
6.050550378859043121e-03
-4.723657853901386261e-03
-7.974263280630111694e-03
-7.458389736711978912e-03
7.007467560470104218e-03
-2.820165362209081650e-03
-9.976797737181186676e-04
3.789429552853107452e-03
-4.278515465557575226e-03
-1.657485612668097019e-03
2.950696973130106926e-03
5.466248840093612671e-04
2.408671006560325623e-02
5.163460969924926758e-03
2.075353404507040977e-03
2.649392373859882355e-02
2.838972024619579315e-02
2.341129072010517120e-02
4.790731146931648254e-02
3.927247307728976011e-04
1.434044446796178818e-02
2.782133221626281738e-02
-4.247661214321851730e-03
6.838061846792697906e-03
1.288686785846948624e-02
1.645444193854928017e-03
1.571103557944297791e-02
2.077159658074378967e-02
-1.745019480586051941e-02
-1.488754339516162872e-02
-1.233876217156648636e-02
-5.589940119534730911e-03
-6.276687141507863998e-03
-8.272544480860233307e-03
-2.609505085274577141e-03
-5.289920605719089508e-03
-9.765408001840114594e-03
6.417137105017900467e-03
1.664742711000144482e-03
1.121024414896965027e-02
-1.068824669346213341e-03
-5.550959147512912750e-03
8.922881446778774261e-03
4.054173827171325684e-03
-3.291721222922205925e-03
1.419071760028600693e-02
2.269393298774957657e-03
-3.896153531968593597e-03
2.623568871058523655e-04
-6.363642401993274689e-03
-1.235683355480432510e-02
-5.723590031266212463e-03
-3.092780010774731636e-03
-1.122194342315196991e-02
-6.962861865758895874e-03
4.953707009553909302e-02
3.060950152575969696e-02
6.134175136685371399e-02
2.387719228863716125e-02
2.994358539581298828e-03
3.096585720777511597e-02
3.697640448808670044e-02
1.639207638800144196e-02
3.431582823395729065e-02
-1.896384358406066895e-02
-7.803034968674182892e-03
-1.601650379598140717e-02
-1.782275736331939697e-02
-6.237676367163658142e-03
-1.534500159323215485e-02
-2.208595909178256989e-02
-1.191780436784029007e-02
-2.533276006579399109e-02
5.589418578892946243e-04
-6.529317703098058701e-03
-7.937896065413951874e-03
-2.365130232647061348e-03
-7.654324173927307129e-03
-1.177328452467918396e-02
-6.222515832632780075e-03
-6.544230505824089050e-03
-1.015534903854131699e-02
-1.948594488203525543e-02
-1.363154407590627670e-02
-3.769553452730178833e-02
-1.144551299512386322e-02
-4.778115078806877136e-03
-2.924038469791412354e-02
-1.531716622412204742e-02
-6.853585131466388702e-03
-3.245947510004043579e-02
-4.070608317852020264e-02
-3.345320001244544983e-02
-4.000730440020561218e-02
-2.625896036624908447e-02
-1.627051644027233124e-02
-2.227190509438514709e-02
-2.635733783245086670e-02
-1.626098901033401489e-02
-2.599858492612838745e-02
-8.305703289806842804e-03
3.253625938668847084e-03
-4.929499700665473938e-03
-6.058606319129467010e-03
2.097478834912180901e-03
-6.947523914277553558e-03
-1.034543197602033615e-02
-4.257288295775651932e-03
-1.676383428275585175e-02
-1.605605520308017731e-02
-7.243943866342306137e-03
-1.275591272860765457e-02
-1.152204070240259171e-02
1.224268809892237186e-03
-3.876674221828579903e-03
-1.494963746517896652e-02
-6.744846701622009277e-03
-8.958660997450351715e-03
8.545447490178048611e-04
-5.423069465905427933e-03
-2.360307378694415092e-03
-6.773846689611673355e-03
-8.819873444736003876e-03
-9.570308029651641846e-03
-8.756686002016067505e-03
-1.296299509704113007e-02
-1.605595275759696960e-02
-1.407920755445957184e-02
-1.717718987492844462e-04
1.459042308852076530e-03
-5.431781522929668427e-03
5.723050329834222794e-03
2.865729853510856628e-03
-6.657097022980451584e-03
8.174559334293007851e-04
-4.240503069013357162e-03
-1.498205214738845825e-02
-3.072490217164158821e-03
-5.940451286733150482e-03
-1.699083112180233002e-02
-5.861356388777494431e-03
-1.158151775598526001e-02
-2.114617638289928436e-02
-1.397104747593402863e-02
-1.982944831252098083e-02
3.349610418081283569e-02
-4.475588444620370865e-03
2.990958653390407562e-02
4.013900086283683777e-02
-1.852594199590384960e-03
3.091849386692047119e-02
7.603523880243301392e-02
3.668421879410743713e-02
7.261617481708526611e-02
1.567002385854721069e-02
7.666541729122400284e-03
1.430919766426086426e-02
8.974271826446056366e-03
4.144677426666021347e-03
8.519515395164489746e-03
1.236568950116634369e-02
8.243533782660961151e-03
1.143485773354768753e-02
4.838556423783302307e-02
3.302256017923355103e-02
6.064954772591590881e-02
1.916544884443283081e-02
9.517365135252475739e-03
3.698457404971122742e-02
3.197713568806648254e-02
2.869859710335731506e-02
6.003216654062271118e-02
-2.091547660529613495e-02
-7.130351848900318146e-03
-6.616099271923303604e-03
-1.252426952123641968e-02
8.894535712897777557e-04
2.001584041863679886e-03
-1.848859526216983795e-02
-5.758166778832674026e-03
-5.624800920486450195e-03
2.016458660364151001e-03
4.915412981063127518e-03
9.383440017700195312e-03
8.605872862972319126e-04
-1.489922287873923779e-03
2.915888093411922455e-03
3.293850924819707870e-03
8.208456565625965595e-04
3.136940533295273781e-03
-4.820870235562324524e-03
-6.638243794441223145e-04
1.308075501583516598e-03
-2.528024371713399887e-03
7.736004889011383057e-03
8.436029776930809021e-03
-1.829571789130568504e-03
7.042949553579092026e-03
7.580976001918315887e-03
-6.522588897496461868e-03
-4.844261333346366882e-03
-2.778184134513139725e-03
5.348923150449991226e-04
6.916291313245892525e-04
-1.777651137672364712e-03
3.914111293852329254e-03
3.811953123658895493e-03
3.653961466625332832e-03
-1.672084257006645203e-02
-1.248761173337697983e-02
-1.460044458508491516e-02
-7.192593533545732498e-03
-4.114144016057252884e-03
-7.128805387765169144e-03
-3.403906244784593582e-03
-1.684011309407651424e-03
-4.407617263495922089e-03
-1.361750625073909760e-02
-8.165669627487659454e-03
-1.228649262338876724e-02
-8.724161423742771149e-03
-1.860379008576273918e-03
-6.553373765200376511e-03
-1.355109363794326782e-02
-6.867266260087490082e-03
-1.313557103276252747e-02
-5.220247432589530945e-03
3.172133816406130791e-03
4.854930099099874496e-03
-1.138520706444978714e-02
-5.364565877243876457e-04
-3.234997566323727369e-04
-2.152472548186779022e-02
-9.502335451543331146e-03
-5.301772616803646088e-03
-8.761990815401077271e-03
-9.251558221876621246e-03
-9.185748174786567688e-03
-6.968384608626365662e-03
-1.165520492941141129e-02
-7.904101163148880005e-03
3.982630558311939240e-03
-1.602934440597891808e-03
3.174891229718923569e-03
1.282944530248641968e-02
1.021102722734212875e-02
3.237996622920036316e-02
5.845061503350734711e-03
3.501953557133674622e-03
2.335464209318161011e-02
2.383870631456375122e-02
2.055941708385944366e-02
4.097218438982963562e-02
1.256675180047750473e-02
1.163753913715481758e-03
9.567301720380783081e-03
7.095570676028728485e-03
-2.896768972277641296e-03
5.427406635135412216e-03
2.370997332036495209e-02
1.143221091479063034e-02
1.989547908306121826e-02
-3.737608715891838074e-02
-2.203933149576187134e-02
-4.303110763430595398e-02
-2.110058441758155823e-02
-7.575022522360086441e-03
-2.700283937156200409e-02
-2.854697965085506439e-02
-1.533882226794958115e-02
-3.654259443283081055e-02
7.215215824544429779e-03
9.236311540007591248e-03
1.975543610751628876e-02
5.664730444550514221e-03
3.888421226292848587e-03
1.475384365767240524e-02
1.256959512829780579e-02
1.097016129642724991e-02
2.220551855862140656e-02
9.164318908005952835e-04
2.870146650820970535e-03
5.266469903290271759e-03
-1.845377380959689617e-03
-1.991046592593193054e-03
4.826323594897985458e-03
-3.182275453582406044e-03
-3.112550359219312668e-03
6.998655735515058041e-04
3.610383253544569016e-03
3.335232147946953773e-03
1.103229660657234490e-04
7.010788540355861187e-04
4.627557005733251572e-03
2.630442846566438675e-03
5.207397043704986572e-03
1.174729969352483749e-02
1.089208852499723434e-02
-7.590372697450220585e-04
-1.260236371308565140e-03
3.724851179867982864e-03
2.066727029159665108e-03
3.205062355846166611e-03
6.470377091318368912e-03
1.055287313647568226e-03
4.023820161819458008e-03
5.501857958734035492e-03
1.254000421613454819e-02
1.245893631130456924e-02
8.527196012437343597e-03
6.075842306017875671e-03
1.882473123259842396e-03
-7.131398888304829597e-04
9.151732549071311951e-03
6.311286706477403641e-03
4.109324421733617783e-03
-3.610627492889761925e-03
3.546649822965264320e-03
-2.723996061831712723e-03
-2.265399089083075523e-03
1.504477462731301785e-03
-2.406800398603081703e-03
-3.366185585036873817e-03
4.543960967566817999e-04
-9.747639298439025879e-03
-6.623729597777128220e-03
-6.200965959578752518e-03
-1.098771672695875168e-02
1.871291315183043480e-03
-3.335874294862151146e-03
-6.168762221932411194e-03
2.728997962549328804e-03
-4.776815883815288544e-03
-8.722371421754360199e-03
2.159276977181434631e-02
2.225676923990249634e-02
2.486391738057136536e-02
1.370702963322401047e-02
6.318345200270414352e-03
1.076047867536544800e-02
1.167159993201494217e-02
6.085135973989963531e-03
1.118660159409046173e-02
1.519543235190212727e-03
2.942533930763602257e-03
4.936484619975090027e-04
2.621895400807261467e-04
8.981481078080832958e-04
-9.739412926137447357e-04
-2.859137253835797310e-03
-1.975156133994460106e-03
-6.136416923254728317e-03
-2.479614317417144775e-02
-1.589962467551231384e-02
-2.790039032697677612e-02
-1.912025921046733856e-02
-7.527270819991827011e-03
-1.572714745998382568e-02
-2.135772071778774261e-02
-4.572742152959108353e-03
-1.325357705354690552e-02
-2.450378052890300751e-02
-1.181342359632253647e-02
-1.728042215108871460e-02
-2.015113458037376404e-02
-7.650203071534633636e-03
-7.030152250081300735e-03
-2.411414496600627899e-02
-9.485924616456031799e-03
-5.990859121084213257e-03
-3.305585682392120361e-02
-1.949547231197357178e-02
-3.217220306396484375e-02
-2.653544023633003235e-02
-8.353046141564846039e-03
-1.862564682960510254e-02
-4.286010190844535828e-02
-2.383218146860599518e-02
-3.653650358319282532e-02
-1.542202662676572800e-02
-8.888309821486473083e-03
-1.932505704462528229e-02
-1.147957239300012589e-02
-4.202435724437236786e-03
-9.559534490108489990e-03
-1.606554351747035980e-02
-4.340276587754487991e-03
-8.054964244365692139e-03
-1.360416971147060394e-02
-9.823008440434932709e-03
-1.673990488052368164e-02
-6.403705570846796036e-03
-3.806153545156121254e-03
-1.112698949873447418e-02
-1.436075661331415176e-02
-1.086327992379665375e-02
-1.833387091755867004e-02
8.247273974120616913e-03
5.430276505649089813e-03
6.942606065422296524e-03
8.200543932616710663e-03
3.684373572468757629e-03
4.299263935536146164e-03
2.003815257921814919e-03
-1.248603221029043198e-03
-5.688975565135478973e-03
-1.067479723133146763e-03
-1.388246077112853527e-03
-4.920961800962686539e-04
2.692630980163812637e-03
8.744125370867550373e-04
2.346378052607178688e-03
6.453906651586294174e-03
5.133077502250671387e-03
6.157435476779937744e-03
-6.125012296251952648e-04
9.402810246683657169e-04
7.223634514957666397e-03
4.136038478463888168e-03
4.631730262190103531e-03
7.527624256908893585e-03
3.007425693795084953e-03
4.492509644478559494e-03
9.099002927541732788e-03
-4.363102372735738754e-03
-3.278683172538876534e-03
-1.011284254491329193e-02
-9.509277530014514923e-03
-3.228414803743362427e-03
-1.474414207041263580e-02
-2.543596364557743073e-02
-1.612811721861362457e-02
-3.083840385079383850e-02
5.026704748161137104e-04
-3.185177687555551529e-03
7.368531543761491776e-03
-9.277284145355224609e-03
-1.612136512994766235e-02
-8.494670502841472626e-03
-1.424736226908862591e-03
-4.686875268816947937e-03
5.748138646595180035e-04
9.591015987098217010e-04
8.930798503570258617e-04
-1.869866624474525452e-03
5.176140461117029190e-03
7.010594941675662994e-03
7.440457120537757874e-03
7.073087152093648911e-03
1.417969167232513428e-02
1.884478703141212463e-02
-1.563648693263530731e-03
2.455475274473428726e-03
2.657407661899924278e-03
4.054650198668241501e-03
4.999455995857715607e-03
4.299413412809371948e-03
6.107317283749580383e-03
7.505657151341438293e-03
3.958838526159524918e-03
3.179790824651718140e-02
3.023373894393444061e-02
4.112168401479721069e-02
2.670782431960105896e-02
1.252316497266292572e-02
3.646405786275863647e-02
1.793125644326210022e-02
6.650025490671396255e-03
2.678134106099605560e-02
-1.146976836025714874e-02
-5.748803727328777313e-03
-6.756338290870189667e-03
-1.265593059360980988e-02
-3.677631728351116180e-03
-7.146585732698440552e-03
-1.954903826117515564e-02
-1.063661649823188782e-02
-1.532566174864768982e-02
9.602157399058341980e-03
1.897117868065834045e-02
1.989161409437656403e-02
1.586053520441055298e-02
2.043530344963073730e-02
2.551234140992164612e-02
1.418394315987825394e-02
1.632870733737945557e-02
1.836103759706020355e-02
2.347890473902225494e-02
1.656418479979038239e-02
2.517894096672534943e-02
1.072944514453411102e-02
3.287616418674588203e-03
1.320100948214530945e-02
1.818972453474998474e-02
1.166677847504615784e-02
1.966337487101554871e-02
-3.284937702119350433e-03
2.761265495792031288e-03
7.861229591071605682e-03
-6.812325213104486465e-03
2.456888789311051369e-03
1.098595187067985535e-02
-5.814198404550552368e-03
5.393070634454488754e-03
1.229358650743961334e-02
9.408413432538509369e-03
6.272321566939353943e-03
1.016263756901025772e-02
4.481657873839139938e-03
5.154024343937635422e-03
1.252707187086343765e-02
1.095995306968688965e-02
1.288343034684658051e-02
1.884535886347293854e-02
1.221157517284154892e-02
1.077558659017086029e-02
1.720740832388401031e-02
1.289964746683835983e-02
6.802705582231283188e-03
1.141311787068843842e-02
1.919532008469104767e-02
1.248710136860609055e-02
1.694529876112937927e-02
-7.688964251428842545e-03
-9.496837854385375977e-03
-1.137973275035619736e-02
-1.285115070641040802e-02
-9.727040305733680725e-03
-9.161012247204780579e-03
-1.896912418305873871e-02
-1.777995191514492035e-02
-1.801087893545627594e-02
-1.015691831707954407e-02
-4.634207580238580704e-03
-1.816344214603304863e-03
-4.172057844698429108e-03
1.300478004850447178e-03
8.531086496077477932e-04
-1.046801172196865082e-02
-1.588079321663826704e-04
-7.006679079495370388e-04
-1.133251190185546875e-02
-1.735038682818412781e-02
-1.136334799230098724e-02
-7.162868510931730270e-03
-1.181463804095983505e-02
-1.015303283929824829e-02
-8.044435642659664154e-03
-1.533336844295263290e-02
-1.571288704872131348e-02
-1.239559147506952286e-02
-4.989501088857650757e-03
-8.483486250042915344e-03
-1.505403406918048859e-02
-5.957929883152246475e-03
-1.334817521274089813e-02
-2.040231227874755859e-02
-1.607503741979598999e-02
-2.463637292385101318e-02
-9.303563274443149567e-03
-2.903159940615296364e-03
-2.608470851555466652e-03
-5.888031329959630966e-03
-2.847817493602633476e-03
-3.457043319940567017e-03
-1.246350444853305817e-02
-7.347654551267623901e-03
-1.188312377780675888e-02
2.169261686503887177e-02
1.452130451798439026e-02
1.158083137124776840e-02
1.138438191264867783e-02
5.190644878894090652e-03
1.054582025972194970e-04
2.015098184347152710e-02
1.804554834961891174e-02
9.582635015249252319e-03
-2.552012912929058075e-02
-1.528473105281591415e-02
-2.821402251720428467e-02
-1.088866312056779861e-02
-5.433482117950916290e-03
-1.720004528760910034e-02
-6.013924255967140198e-03
-3.628467209637165070e-03
-1.257346849888563156e-02
1.718242419883608818e-03
2.866276539862155914e-03
1.883348217234015465e-03
2.301834756508469582e-03
6.075899582356214523e-03
-3.306853177491575480e-04
-3.321535186842083931e-03
-7.460218039341270924e-04
-1.002552267163991928e-02
-7.290071807801723480e-03
-7.594592869281768799e-03
-1.357054244726896286e-02
1.551728812046349049e-03
-1.405744551448151469e-04
-8.377864956855773926e-03
1.591118401847779751e-03
2.411570603726431727e-04
-9.581759572029113770e-03
-1.355946250259876251e-02
-1.196568831801414490e-03
-1.589832082390785217e-02
-1.704039238393306732e-02
-4.769214428961277008e-03
-1.529613416641950607e-02
-1.090238522738218307e-02
-5.501438281498849392e-04
-1.037586759775876999e-02
-1.094921957701444626e-03
-2.871290780603885651e-03
-1.206150930374860764e-02
2.542603295296430588e-03
1.329502323642373085e-03
-2.505999058485031128e-03
-9.620017372071743011e-04
1.005362253636121750e-03
1.638842513784766197e-03
-1.330291014164686203e-02
-1.470517925918102264e-02
-1.556684076786041260e-02
-6.333020050078630447e-03
-9.303445927798748016e-03
-6.942052394151687622e-03
5.190932643017731607e-05
-2.759699709713459015e-03
1.257895608432590961e-03
-3.114875638857483864e-03
-1.298355055041611195e-03
-1.304998993873596191e-03
-5.689959041774272919e-03
-3.898080671206116676e-03
-1.117346109822392464e-03
-6.472207140177488327e-03
-5.351273342967033386e-03
-2.670738613232970238e-03
3.063897602260112762e-03
-5.559049313887953758e-04
-1.912005594931542873e-03
5.630814470350742340e-03
2.019570907577872276e-03
3.854603506624698639e-03
9.566435590386390686e-03
5.911272484809160233e-03
5.258924793452024460e-03
-1.610236428678035736e-02
-8.474884554743766785e-03
-1.247998792678117752e-02
-1.020469982177019119e-02
-2.093419665470719337e-03
-8.239586837589740753e-03
-1.219547074288129807e-02
-2.040338935330510139e-03
-7.599685341119766235e-03
-2.035402692854404449e-02
-1.168232690542936325e-02
-1.975926756858825684e-02
-1.208681613206863403e-02
-5.439338274300098419e-03
-1.183615531772375107e-02
-1.851424947381019592e-02
-1.021848618984222412e-02
-1.839026995003223419e-02
4.854456346947699785e-04
-2.663475170265883207e-04
-2.690448425710201263e-03
6.779350806027650833e-03
3.673690604045987129e-03
6.592695135623216629e-03
5.810066126286983490e-03
2.564741531386971474e-03
1.074227038770914078e-02
-1.037805061787366867e-02
-7.929445244371891022e-03
-1.290287449955940247e-02
-2.124995458871126175e-03
-1.513405004516243935e-04
-4.606933332979679108e-03
-6.177686154842376709e-03
-5.356421694159507751e-03
-8.107645437121391296e-03
1.661599427461624146e-02
8.812399581074714661e-03
3.362722322344779968e-02
8.706565946340560913e-03
-7.707237382419407368e-04
1.474256534129381180e-02
2.682043425738811493e-02
1.091778464615345001e-02
2.824587561190128326e-02
-1.067426707595586777e-02
-7.738788612186908722e-03
-9.880308061838150024e-03
-1.623246632516384125e-02
-1.045041251927614212e-02
-1.485905330628156662e-02
-2.102117240428924561e-02
-2.237949892878532410e-02
-2.442958578467369080e-02
2.540183812379837036e-02
6.107754074037075043e-03
1.815746724605560303e-02
2.209553308784961700e-02
-8.657812722958624363e-04
9.553527459502220154e-03
3.576983138918876648e-02
1.408294960856437683e-02
2.912013418972492218e-02
1.701805926859378815e-02
4.157898481935262680e-03
1.289274357259273529e-02
1.364259608089923859e-02
2.206850796937942505e-03
9.947267360985279083e-03
2.410014718770980835e-02
1.373821962624788284e-02
2.174684591591358185e-02
-2.056358935078606009e-04
2.027405862463638186e-04
3.297104500234127045e-03
-6.084627239033579826e-04
4.291189368814229965e-03
3.843197366222739220e-03
-4.820649046450853348e-03
-5.115178064443171024e-04
-5.167933180928230286e-03
5.028136447072029114e-02
2.893940545618534088e-02
3.268737718462944031e-02
3.416743129491806030e-02
1.581538468599319458e-02
1.667000167071819305e-02
3.427701815962791443e-02
1.869618333876132965e-02
1.453171763569116592e-02
-3.477920312434434891e-03
-2.868599258363246918e-03
-2.179635921493172646e-03
-7.952731684781610966e-04
-1.847970532253384590e-03
-2.390724373981356621e-03
-4.144757986068725586e-03
-2.659304300323128700e-03
-5.611659027636051178e-03
1.092502474784851074e-02
1.059755310416221619e-02
1.405564043670892715e-02
7.275213021785020828e-03
2.966491505503654480e-03
5.276434589177370071e-03
3.042583353817462921e-03
2.533062615839298815e-05
2.315828809514641762e-03
6.424537859857082367e-03
7.283907849341630936e-03
8.966940455138683319e-03
3.790956223383545876e-03
3.803981002420186996e-03
5.936386529356241226e-03
8.550703525543212891e-03
8.958830498158931732e-03
1.384796667844057083e-02
1.201521139591932297e-02
9.295998141169548035e-03
1.396123412996530533e-02
1.495967269875109196e-03
-1.160825951956212521e-03
-9.216520702466368675e-04
7.137130480259656906e-03
6.518839392811059952e-03
3.874359885230660439e-03
2.867736108601093292e-02
1.685148291289806366e-02
3.202944993972778320e-02
1.380192209035158157e-02
2.298166044056415558e-03
1.511388365179300308e-02
2.699482813477516174e-02
2.097892016172409058e-02
3.627473115921020508e-02
-2.801721682772040367e-03
-1.606609323062002659e-03
-2.842108951881527901e-03
2.894929493777453899e-04
1.407767878845334053e-03
1.015176996588706970e-03
4.096001852303743362e-03
2.845713868737220764e-03
1.188768073916435242e-03
-6.026801653206348419e-03
-2.920763101428747177e-03
-3.263320773839950562e-03
-1.080036046914756298e-03
-6.543796916957944632e-05
-1.618188573047518730e-03
-3.639205126091837883e-03
-1.801657257601618767e-03
-4.220302216708660126e-03
8.193848188966512680e-04
1.022402939270250499e-04
-8.563137962482869625e-04
-1.624408527277410030e-03
-2.216253196820616722e-03
-6.160209421068429947e-03
-9.137255139648914337e-03
-9.859273210167884827e-03
-1.251953095197677612e-02
-5.816320423036813736e-03
-3.867184277623891830e-03
-4.939972423017024994e-03
-2.763234078884124756e-03
-3.823404898867011070e-03
-4.793705884367227554e-03
9.865328902378678322e-04
-3.191575640812516212e-03
-2.529642079025506973e-03
-1.375555642880499363e-03
1.740958978189155459e-04
2.585035515949130058e-03
-3.126614028587937355e-03
-1.409789896570146084e-03
-4.229044134262949228e-04
-4.866973031312227249e-03
-4.596824001055210829e-04
-9.292081813327968121e-04
2.020330727100372314e-02
1.071580499410629272e-02
2.423407137393951416e-02
1.540880836546421051e-02
6.904929876327514648e-03
1.890084519982337952e-02
2.872546575963497162e-02
2.015077136456966400e-02
3.333183377981185913e-02
-1.782579533755779266e-02
-8.647643029689788818e-03
-2.337981387972831726e-02
-1.288459822535514832e-02
-3.987620584666728973e-03
-1.467395294457674026e-02
-2.226844616234302521e-02
-1.108524110168218613e-02
-2.340940199792385101e-02
7.413090672343969345e-03
1.092413067817687988e-02
2.067811228334903717e-02
3.602713346481323242e-03
6.349659524857997894e-03
1.380805484950542450e-02
7.398960180580615997e-03
1.020161621272563934e-02
1.773026771843433380e-02
-2.193349413573741913e-03
-5.135143175721168518e-03
-4.478366463445127010e-04
-4.889862146228551865e-03
-6.387741770595312119e-03
-3.576914081349968910e-03
-1.191851217299699783e-02
-9.729557670652866364e-03
-1.037426665425300598e-02
5.665205419063568115e-03
6.176617462188005447e-03
5.184823647141456604e-03
6.206843070685863495e-03
7.013332098722457886e-03
4.657599143683910370e-03
8.880964480340480804e-03
1.009024679660797119e-02
1.088026911020278931e-02
-1.888069906271994114e-03
-2.447541803121566772e-03
3.914043481927365065e-04
-6.795007502660155296e-04
-1.349729369394481182e-03
1.049708924256265163e-03
-8.310718694701790810e-04
-1.413450110703706741e-03
-2.366746484767645597e-04
-1.165787572972476482e-03
1.728673931211233139e-03
-2.000998938456177711e-03
-4.239520058035850525e-03
-1.829776098020374775e-03
-3.121723886579275131e-03
-3.703469410538673401e-03
-3.133770078420639038e-03
-3.788453526794910431e-03
6.457897834479808807e-03
7.785101421177387238e-03
3.036058507859706879e-03
2.016689395532011986e-03
4.928952082991600037e-03
2.378706354647874832e-03
-2.482347423210740089e-03
1.281582633964717388e-03
-3.303847508504986763e-03
-1.143628079444169998e-02
-1.067051570862531662e-02
-1.084816269576549530e-02
-7.567820139229297638e-03
-8.392149582505226135e-03
-7.211656775325536728e-03
-1.084095984697341919e-02
-1.095892302691936493e-02
-9.850725531578063965e-03
3.240249818190932274e-03
3.794544842094182968e-03
1.513272174634039402e-03
3.366058226674795151e-03
5.304625956341624260e-04
-2.914296230301260948e-03
5.576553754508495331e-03
4.040712490677833557e-03
1.215121010318398476e-03
1.011087372899055481e-02
8.922164328396320343e-03
1.078814640641212463e-02
8.445128798484802246e-03
6.361383013427257538e-03
7.216284517198801041e-03
4.287398420274257660e-03
2.106830710545182228e-03
3.811782691627740860e-03
-1.194420736283063889e-02
-8.850594982504844666e-03
-1.080369576811790466e-02
-9.864291176199913025e-03
-5.920002702623605728e-03
-7.118855603039264679e-03
-1.032512634992599487e-02
-3.818680299445986748e-03
-6.163002457469701767e-03
-2.843837719410657883e-03
-6.053581018932163715e-04
-1.283735269680619240e-03
-2.273441525176167488e-03
-1.894243760034441948e-03
1.997182152990717441e-05
-2.498028799891471863e-03
-2.511414233595132828e-03
-5.434848135337233543e-04
-1.821253821253776550e-02
-6.826751865446567535e-03
-1.309399399906396866e-02
-1.253535598516464233e-02
-7.419551839120686054e-04
-6.604653317481279373e-03
-2.329826354980468750e-02
-1.192645821720361710e-02
-2.012021653354167938e-02
-3.605712205171585083e-03
-3.384937881492078304e-04
-2.572230529040098190e-03
-4.886826500296592712e-03
-3.196653677150607109e-03
-1.493424293585121632e-03
-3.668591845780611038e-03
-1.773995114490389824e-03
6.539041060023009777e-04
-2.759254537522792816e-03
-1.487764297053217888e-03
-4.041957203298807144e-03
-5.514409276656806469e-04
-6.234909960767254233e-05
-5.906498990952968597e-03
-1.793168485164642334e-03
-3.193504409864544868e-03
-9.549099020659923553e-03
5.951233208179473877e-03
5.022730678319931030e-03
8.561709895730018616e-03
2.971302950754761696e-03
1.787094515748322010e-03
5.494317505508661270e-03
1.262685633264482021e-03
-1.049136626534163952e-03
8.340907515957951546e-04
4.826664924621582031e-03
1.758572179824113846e-04
1.650816993787884712e-03
8.024256676435470581e-03
3.098433604463934898e-03
4.040649626404047012e-03
6.121861748397350311e-03
4.086462315171957016e-03
4.040989093482494354e-03
9.267538553103804588e-04
-1.757799531333148479e-03
1.132432464510202408e-02
1.670191180892288685e-03
-2.965067746117711067e-03
8.825614117085933685e-03
7.313152309507131577e-03
2.720106393098831177e-03
1.707821339368820190e-02
5.215927958488464355e-03
2.180395880714058876e-03
5.900551099330186844e-03
1.028060331009328365e-03
-1.847248495323583484e-04
6.780028343200683594e-04
-5.086347926408052444e-03
-2.697148825973272324e-03
-6.986272521317005157e-03
-4.123322665691375732e-03
-4.623866174370050430e-03
8.188172359950840473e-04
-1.621902547776699066e-02
-1.861806958913803101e-02
-1.543898321688175201e-02
-1.197429187595844269e-02
-1.532572694122791290e-02
-1.106777414679527283e-02
4.165483638644218445e-03
4.550334066152572632e-03
4.516936372965574265e-03
3.904987126588821411e-03
4.941810388118028641e-03
7.185088936239480972e-03
9.261927567422389984e-03
1.016145944595336914e-02
1.555560156702995300e-02
-3.190506540704518557e-04
1.704381313174962997e-03
4.441401455551385880e-03
1.770091708749532700e-03
2.367360983043909073e-03
3.864007070660591125e-03
2.340889535844326019e-03
1.874658744782209396e-03
8.606331539340317249e-04
3.254828974604606628e-02
2.286003530025482178e-02
3.129005059599876404e-02
2.464323118329048157e-02
1.257633510977029800e-02
2.948035113513469696e-02
1.636012457311153412e-02
7.494769524782896042e-03
1.913550496101379395e-02
-6.454345770180225372e-03
-4.799219779670238495e-03
-3.858386538922786713e-03
-4.267802927643060684e-03
-1.736845704726874828e-03
-1.114861690439283848e-03
-7.864560931921005249e-03
-4.501383285969495773e-03
-7.440153509378433228e-03
8.616591803729534149e-04
1.905964221805334091e-03
-1.481989165768027306e-04
5.852123256772756577e-03
4.271501675248146057e-03
4.296041093766689301e-03
5.081991199404001236e-03
1.878129434771835804e-03
1.272627850994467735e-04
-3.725410904735326767e-03
8.749373955652117729e-05
-2.322812564671039581e-03
-2.723950019571930170e-04
1.540398574434220791e-03
2.901730127632617950e-03
1.365058589726686478e-03
3.674293402582406998e-03
4.479280672967433929e-03
-2.524110674858093262e-02
-1.299967337399721146e-02
-1.790115796029567719e-02
-1.970763504505157471e-02
-6.734109017997980118e-03
-9.473553858697414398e-03
-1.983683556318283081e-02
-5.000723991543054581e-03
-7.443729788064956665e-03
2.084849169477820396e-03
2.609380986541509628e-03
7.682726718485355377e-03
3.168290248140692711e-03
3.695131978020071983e-03
8.665029890835285187e-03
1.067369151860475540e-02
1.115694921463727951e-02
1.396003365516662598e-02
3.625538898631930351e-03
3.819454461336135864e-03
8.217320777475833893e-03
2.447964856401085854e-03
1.898857182823121548e-03
6.388498470187187195e-03
4.355033859610557556e-03
5.288539454340934753e-03
9.112203493714332581e-03
-9.985331445932388306e-03
-8.403720334172248840e-03
-9.927416220307350159e-03
-1.011469773948192596e-02
-5.472980905324220657e-03
-8.286687545478343964e-03
-1.435621175915002823e-02
-1.048571616411209106e-02
-1.282271184027194977e-02
8.191723609343171120e-04
3.806468565016984940e-03
6.639051251113414764e-03
2.325125038623809814e-03
3.992383368313312531e-03
7.779457140713930130e-03
-3.207107307389378548e-03
8.063244167715311050e-04
4.976883996278047562e-03
-6.993662100285291672e-03
-8.818402886390686035e-03
-7.418957073241472244e-03
-2.557298634201288223e-03
-2.976829884573817253e-03
-4.750486928969621658e-03
-1.445315778255462646e-03
-3.304230747744441032e-03
-5.030510481446981430e-03
-1.051849871873855591e-02
-2.949224552139639854e-03
-3.792493836954236031e-03
-1.178418006747961044e-02
-5.165145732462406158e-03
-6.974637508392333984e-03
-1.504453923553228378e-02
-1.015142444521188736e-02
-1.480333134531974792e-02
-7.044680532999336720e-04
-3.600154304876923561e-04
-1.163431210443377495e-03
4.732955421786755323e-04
-7.416086737066507339e-04
-2.380390651524066925e-03
-4.662319552153348923e-03
-3.005937207490205765e-03
-8.527356199920177460e-03
2.084486559033393860e-02
1.492467522621154785e-02
9.126125834882259369e-03
1.680741645395755768e-02
1.074977777898311615e-02
6.350984331220388412e-03
2.484982647001743317e-02
2.102191373705863953e-02
1.325220707803964615e-02
-1.242671720683574677e-02
-6.830628030002117157e-03
-1.403628848493099213e-02
-6.282677408307790756e-03
-4.272832535207271576e-03
-8.863540366291999817e-03
-4.772503394633531570e-03
-3.603330580517649651e-03
-6.722297985106706619e-03
-5.829439032822847366e-03
-5.968700163066387177e-03
-1.146369148045778275e-03
-5.862037651240825653e-03
-4.273965489119291306e-03
-3.176716621965169907e-03
-1.468097977340221405e-02
-8.280473761260509491e-03
-9.721933864057064056e-03
-2.570093143731355667e-03
-3.198265330865979195e-03
-1.067429780960083008e-02
8.795899921096861362e-04
-1.749135903082787991e-03
-6.769677624106407166e-03
-1.614255364984273911e-03
-5.350603256374597549e-03
-1.283654011785984039e-02
-7.950202561914920807e-03
-9.857579134404659271e-04
-7.193716242909431458e-03
-2.301139989867806435e-03
1.140975742600858212e-03
-5.744985304772853851e-03
1.239947509020566940e-03
3.847340354695916176e-03
-2.898368518799543381e-03
4.472497850656509399e-03
-3.343891876284033060e-04
-2.330671297386288643e-03
4.431043285876512527e-03
1.188439200632274151e-03
1.772459829226136208e-03
6.409501656889915466e-03
3.482409054413437843e-03
6.865394767373800278e-03
-1.462770276702940464e-03
-9.695498272776603699e-03
-6.322070956230163574e-03
3.447534982115030289e-03
-2.914898097515106201e-03
3.505477507133036852e-04
-4.980032099410891533e-04
-5.257560871541500092e-03
-7.417181041091680527e-04
-2.180483861593529582e-04
-7.026236271485686302e-04
-1.874014968052506447e-03
-5.811573937535285950e-04
-7.217697566375136375e-04
-1.638413057662546635e-03
-3.607034683227539062e-03
-2.254151040688157082e-03
-4.111614078283309937e-03
-1.008421834558248520e-02
-8.746188133955001831e-03
-1.653669029474258423e-02
-5.698150023818016052e-03
-4.699043929576873779e-03
-1.092711649835109711e-02
-5.198548082262277603e-03
-3.195918397977948189e-03
-9.963359683752059937e-03
-4.503529984503984451e-03
-4.393307026475667953e-03
-6.566368974745273590e-03
6.989466492086648941e-04
8.542451541870832443e-04
-1.895303023047745228e-03
3.219753270968794823e-03
3.980574663728475571e-03
-3.333152853883802891e-04
-1.214906014502048492e-02
-6.488705985248088837e-03
-9.746529161930084229e-03
-8.753962814807891846e-03
-4.024376161396503448e-03
-7.923601195216178894e-03
-8.131644688546657562e-03
-5.619332659989595413e-03
-1.063926145434379578e-02
-1.445791684091091156e-02
-1.157344132661819458e-02
-1.916857436299324036e-02
-5.798583850264549255e-03
-3.492746269330382347e-03
-9.068360552191734314e-03
-6.904286798089742661e-03
-4.090158734470605850e-03
-8.470547385513782501e-03
-1.025611907243728638e-02
-1.947725540958344936e-03
-9.960084222257137299e-03
-7.665171753615140915e-03
1.126124872826039791e-03
-6.179725751280784607e-03
-1.074133813381195068e-02
-4.709223285317420959e-03
-1.112409029155969620e-02
-3.935603424906730652e-03
-2.838467946276068687e-03
5.037613213062286377e-03
-8.455120958387851715e-03
-7.351376581937074661e-03
-4.752138629555702209e-03
-2.350467024371027946e-03
-4.932745359838008881e-03
-3.891003550961613655e-03
-4.840029403567314148e-03
-2.717363415285944939e-03
-6.189790554344654083e-03
-5.904219113290309906e-03
-4.216690547764301300e-03
-8.815694600343704224e-03
-1.221260707825422287e-02
-1.082424260675907135e-02
-1.694846339523792267e-02
-1.402680529281497002e-03
1.301033888012170792e-03
1.126852934248745441e-03
-2.922923071309924126e-03
1.714448881102725863e-04
-2.089233836159110069e-03
-7.438047789037227631e-03
-6.893647368997335434e-03
-8.654854260385036469e-03
1.187089644372463226e-02
1.221405807882547379e-03
1.055135112255811691e-02
7.684364914894104004e-03
-2.598200459033250809e-03
6.884566973894834518e-03
1.794052682816982269e-02
8.255043998360633850e-03
1.814266107976436615e-02
8.034896105527877808e-03
1.800374593585729599e-03
7.754357997328042984e-03
4.409236833453178406e-03
2.745929872617125511e-03
8.053360506892204285e-03
3.023848868906497955e-03
4.409602843225002289e-03
6.538766901940107346e-03
1.779724471271038055e-02
1.144020538777112961e-02
1.618432253599166870e-02
1.440278347581624985e-02
1.057354733347892761e-02
1.518412213772535324e-02
1.056829001754522324e-02
1.012325845658779144e-02
1.330543775111436844e-02
1.487553003244102001e-03
2.619067905470728874e-03
6.013276055455207825e-03
-8.774907328188419342e-04
-1.715933438390493393e-03
2.534173836465924978e-04
-1.217625453136861324e-03
-2.554531209170818329e-03
-7.200372056104242802e-04
-1.669000950641930103e-03
3.286742372438311577e-03
4.580123815685510635e-03
-4.061953164637088776e-03
3.770633484236896038e-04
-1.289523061132058501e-04
-7.755155209451913834e-03
-3.297375515103340149e-03
-6.405622698366641998e-03
1.112876180559396744e-02
9.735370986163616180e-03
1.771082915365695953e-02
1.082853600382804871e-02
9.783559478819370270e-03
1.581040769815444946e-02
1.388609874993562698e-02
1.371409371495246887e-02
2.019446343183517456e-02
1.174140255898237228e-02
1.189942192286252975e-02
1.371778268367052078e-02
7.254954427480697632e-03
6.146186031401157379e-03
6.861587055027484894e-03
8.951558731496334076e-03
1.167750172317028046e-02
1.093367114663124084e-02
2.421345561742782593e-02
1.092207524925470352e-02
2.913513220846652985e-02
1.211493648588657379e-02
-1.281294273212552071e-03
1.547565776854753494e-02
2.782674506306648254e-02
1.758679747581481934e-02
3.645699098706245422e-02
-2.059914637356996536e-03
-1.504805870354175568e-03
-1.106372475624084473e-02
-4.545269533991813660e-03
-1.070629106834530830e-03
-7.455961778759956360e-03
-7.155721075832843781e-03
-5.235609132796525955e-03
-1.229847874492406845e-02
-1.500739809125661850e-02
-1.021584030240774155e-02
-1.033068168908357620e-02
-1.111868396401405334e-02
-5.327668506652116776e-03
-7.912808097898960114e-03
-1.355874910950660706e-02
-8.590850979089736938e-03
-1.174894161522388458e-02
-3.036815673112869263e-03
-7.625385187566280365e-03
-1.284950040280818939e-02
4.217209760099649429e-03
1.105080824345350266e-03
-2.826116047799587250e-03
1.338764280080795288e-02
8.573171682655811310e-03
1.224026433192193508e-03
-1.616666838526725769e-02
-9.607193991541862488e-03
-1.962011121213436127e-02
-1.097799278795719147e-02
-2.567287534475326538e-03
-1.475459523499011993e-02
-1.809118688106536865e-02
-9.070636704564094543e-03
-2.017674408853054047e-02
-9.079979732632637024e-03
-7.214138284325599670e-03
-9.955176152288913727e-03
-8.859653025865554810e-03
-7.579127792268991470e-03
-8.886982686817646027e-03
-1.593318581581115723e-02
-1.354560628533363342e-02
-1.327321771532297134e-02
-1.725076232105493546e-03
2.532423706725239754e-03
-3.286323277279734612e-03
-7.244325388455763459e-05
4.507147707045078278e-03
-3.197377009200863540e-05
-1.294630020856857300e-02
-5.112585611641407013e-03
-1.110194250941276550e-02
3.525111079216003418e-02
2.072796598076820374e-02
4.663111642003059387e-02
2.234394475817680359e-02
4.507369361817836761e-03
2.527374401688575745e-02
3.376006335020065308e-02
1.377302315086126328e-02
3.367301076650619507e-02
8.747718296945095062e-03
7.881158962845802307e-03
1.587767526507377625e-02
8.494027890264987946e-03
3.347171703353524208e-03
1.047575660049915314e-02
1.192004978656768799e-02
9.807249531149864197e-03
1.686966419219970703e-02
1.441626623272895813e-02
1.417388860136270523e-02
1.080860476940870285e-02
1.773684658110141754e-02
1.241033710539340973e-02
1.073839608579874039e-02
1.364172436296939850e-02
8.414383977651596069e-03
1.089009828865528107e-02
-8.531667292118072510e-03
-8.675196208059787750e-03
-9.962858632206916809e-03
-7.814090698957443237e-03
-1.166873611509799957e-02
-1.258069369941949844e-02
-1.361368782818317413e-02
-1.699899882078170776e-02
-2.114931680262088776e-02
-6.986449006944894791e-03
1.285776845179498196e-03
-3.130042226985096931e-03
-4.637326113879680634e-03
2.123337471857666969e-03
-2.073693089187145233e-03
-8.256411179900169373e-03
-1.981679117307066917e-03
-6.822372321039438248e-03
-2.831362653523683548e-03
-2.319687046110630035e-03
-1.003294717520475388e-02
-5.590441171079874039e-03
-3.640560898929834366e-03
-7.700506132096052170e-03
-6.269266828894615173e-03
-1.914108870550990105e-03
-3.870461834594607353e-03
9.045456536114215851e-03
6.885823328047990799e-03
2.075131610035896301e-02
8.393145166337490082e-03
2.812975551933050156e-03
1.368285994976758957e-02
1.883808709681034088e-02
1.285596564412117004e-02
2.352389693260192871e-02
1.299481722526252270e-03
3.220943501219153404e-03
-1.395441475324332714e-03
-5.077256446384126320e-07
5.570327863097190857e-03
3.360212082043290138e-03
-9.134521824307739735e-04
5.301753524690866470e-03
4.849823657423257828e-03
-8.311772253364324570e-04
6.010483484715223312e-04
3.545090556144714355e-03
5.639608483761548996e-03
7.060124538838863373e-03
1.106420904397964478e-02
3.769372589886188507e-03
6.688070949167013168e-03
8.968045003712177277e-03
1.008653896860778332e-03
2.117015654221177101e-03
8.879235945641994476e-03
3.705391427502036095e-03
2.495249034836888313e-03
1.161888800561428070e-02
5.356928333640098572e-03
4.092198330909013748e-03
1.091155037283897400e-02
4.639441519975662231e-02
3.027438744902610779e-02
4.606510326266288757e-02
2.922299504280090332e-02
8.457779884338378906e-03
1.854305528104305267e-02
2.690954506397247314e-02
8.121048100292682648e-03
1.392114255577325821e-02
2.874642796814441681e-02
2.134110406041145325e-02
1.884109526872634888e-02
1.390093285590410233e-02
1.780168502591550350e-03
-1.448677387088537216e-03
1.511555630713701248e-02
2.474478213116526604e-03
-3.490098286420106888e-03
2.079773880541324615e-02
5.399791523814201355e-03
1.262837834656238556e-02
1.429402269423007965e-02
-2.401177305728197098e-03
3.612977452576160431e-03
2.042142115533351898e-02
4.539514891803264618e-03
1.280757319182157516e-02
-4.579064901918172836e-03
9.099289309233427048e-04
2.597966464236378670e-03
-4.759831819683313370e-03
-1.107977004721760750e-03
1.254754490219056606e-03
-4.285768140107393265e-03
-2.977056661620736122e-03
-7.451904239133000374e-04
2.349743805825710297e-02
2.331484854221343994e-02
3.508488088846206665e-02
1.461803354322910309e-02
9.923084639012813568e-03
2.367189340293407440e-02
2.029642835259437561e-02
1.656225137412548065e-02
2.886763960123062134e-02
-9.036475792527198792e-03
-5.179930012673139572e-03
-1.416335068643093109e-02
1.293514040298759937e-03
4.367857705801725388e-03
-6.273572333157062531e-03
-5.342800170183181763e-03
-4.106374457478523254e-03
-1.260728202760219574e-02
-8.058860898017883301e-03
-4.418550990521907806e-03
-8.499708026647567749e-03
-2.525387797504663467e-03
9.562080376781523228e-04
-4.038718994706869125e-03
-8.182867430150508881e-03
-4.020236898213624954e-03
-5.951685365289449692e-03
1.053376775234937668e-02
1.364269061014056206e-03
2.157287858426570892e-02
8.657913655042648315e-03
-3.505217609927058220e-03
1.538674999028444290e-02
3.132269158959388733e-02
1.937267929315567017e-02
3.655292466282844543e-02
-4.371630027890205383e-03
-6.866282783448696136e-03
-4.473453387618064880e-03
1.112516154535114765e-03
-4.794994369149208069e-03
-2.186615020036697388e-03
6.319028325378894806e-03
2.917041536420583725e-03
6.630614865571260452e-03
-1.252510678023099899e-02
-1.904016174376010895e-02
-2.014921791851520538e-02
-4.639091901481151581e-03
-7.400156930088996887e-03
-9.918785654008388519e-03
-9.132555685937404633e-03
-1.067031361162662506e-02
-1.515292562544345856e-02
-8.401481318287551403e-04
-5.531789269298315048e-03
-4.326928872615098953e-03
2.623534994199872017e-03
-2.898983657360076904e-03
-5.821497325086966157e-05
-7.555779884569346905e-04
-1.827785279601812363e-03
3.765714121982455254e-03
-1.368032302707433701e-03
8.273353450931608677e-04
1.438165665604174137e-03
-4.070840368513017893e-04
3.146513365209102631e-03
4.304591100662946701e-03
-5.227598827332258224e-03
-3.304606536403298378e-03
-3.199925180524587631e-03
-2.834171056747436523e-02
-2.259101718664169312e-02
-2.547951042652130127e-02
-2.562426589429378510e-02
-1.735085807740688324e-02
-2.434988319873809814e-02
-1.939708925783634186e-02
-1.076020020991563797e-02
-1.447145175188779831e-02
9.474797174334526062e-03
9.652768261730670929e-03
1.324899587780237198e-02
1.043338701128959656e-02
1.040795166045427322e-02
1.254784315824508667e-02
1.088034734129905701e-02
1.071310136467218399e-02
1.444505993276834488e-02
-6.619713269174098969e-03
-2.447895007207989693e-03
-3.291717497631907463e-03
-1.104734186083078384e-02
-6.474130321294069290e-03
-3.425093833357095718e-03
-6.230522412806749344e-03
-3.457882674410939217e-03
-1.189588103443384171e-03
-3.820700338110327721e-03
-3.213375806808471680e-03
-2.513875020667910576e-03
-2.023895038291811943e-03
-9.254594333469867706e-04
-3.441802226006984711e-03
-7.523920852690935135e-03
-4.589473828673362732e-03
-9.121076203882694244e-03
4.094135761260986328e-02
2.127812430262565613e-02
2.751269005239009857e-02
2.636221237480640411e-02
8.724051527678966522e-03
1.356285344809293747e-02
3.024369664490222931e-02
1.176855992525815964e-02
1.420902740210294724e-02
-2.178411744534969330e-02
-1.624292880296707153e-02
-2.431414648890495300e-02
-1.986838690936565399e-02
-1.300399005413055420e-02
-2.717293053865432739e-02
-2.950480580329895020e-02
-2.057024836540222168e-02
-3.275308385491371155e-02
-1.086188293993473053e-02
-7.230258546769618988e-03
-1.126800850033760071e-02
-1.174246054142713547e-02
-5.336429923772811890e-03
-6.895636674016714096e-03
-1.682726852595806122e-02
-1.016367878764867783e-02
-1.238159555941820145e-02
-1.134061906486749649e-02
-9.962662123143672943e-03
-9.304998442530632019e-03
-5.699340254068374634e-03
-3.695644903928041458e-03
-4.957399796694517136e-03
-1.023910660296678543e-02
-7.397864945232868195e-03
-6.575772538781166077e-03
2.709643170237541199e-02
2.076717093586921692e-02
2.091092057526111603e-02
1.587046496570110321e-02
8.932879194617271423e-03
1.150923129171133041e-02
1.517593953758478165e-02
6.909459829330444336e-03
8.025892078876495361e-03
-9.951343759894371033e-03
-1.121136359870433807e-02
-7.560491561889648438e-03
-1.828296668827533722e-02
-2.271457016468048096e-02
-2.119066007435321808e-02
-1.417075656354427338e-02
-1.800775900483131409e-02
-1.660565659403800964e-02
2.983829751610755920e-02
1.513958536088466644e-02
2.431296929717063904e-02
3.119588084518909454e-02
1.372413989156484604e-02
2.448883838951587677e-02
5.613800510764122009e-02
3.870274126529693604e-02
5.187142267823219299e-02
-2.363871969282627106e-02
-1.167828682810068130e-02
-1.197044551372528076e-02
-1.778981648385524750e-02
-5.020292475819587708e-03
-7.577813696116209030e-03
-2.891364134848117828e-02
-1.640324108302593231e-02
-1.824206858873367310e-02
2.280019223690032959e-02
1.395227853208780289e-02
1.191335078328847885e-02
1.840105280280113220e-02
7.589144166558980942e-03
7.488774601370096207e-03
2.037683315575122833e-02
1.370619609951972961e-02
1.500317919999361038e-02
-4.574526101350784302e-03
-1.214254763908684254e-03
-2.698571886867284775e-03
-1.942252623848617077e-03
4.107780754566192627e-03
7.879609474912285805e-04
-4.479776136577129364e-03
2.279241802170872688e-03
4.826081567443907261e-04
-9.384025819599628448e-03
-4.004205577075481415e-03
-1.014327644952572882e-04
-8.419536985456943512e-03
-2.518638735637068748e-03
3.322651842609047890e-03
-7.963232696056365967e-03
-4.071151372045278549e-03
-2.031891839578747749e-03
-7.812522351741790771e-03
-2.185055054724216461e-03
-8.948829956352710724e-03
-4.006073344498872757e-03
-7.830374524928629398e-04
-6.325600668787956238e-03
-9.489456191658973694e-03
-6.442327983677387238e-03
-1.195746101438999176e-02
3.242470324039459229e-02
3.548052161931991577e-02
3.866480663418769836e-02
1.862884126603603363e-02
1.072482764720916748e-02
2.425731159746646881e-02
1.383949443697929382e-02
4.777546040713787079e-03
1.575456187129020691e-02
4.426714498549699783e-03
7.110340520739555359e-03
1.990681700408458710e-02
8.133856463246047497e-04
1.849884429248049855e-04
9.282814338803291321e-03
2.150889253243803978e-03
-6.231262232176959515e-04
4.041071515530347824e-03
8.870575577020645142e-03
1.585799152962863445e-03
7.489548530429601669e-03
1.104447711259126663e-02
3.772056661546230316e-03
9.904907085001468658e-03
-6.177065894007682800e-03
-1.515639387071132660e-02
-5.781771615147590637e-03
-3.078829264268279076e-03
-4.475939087569713593e-03
-5.119468551129102707e-04
-2.981566824018955231e-03
-5.514102522283792496e-04
-2.162323507945984602e-04
-2.885507652536034584e-03
6.297464278759434819e-05
-1.928237034007906914e-03
4.544551484286785126e-03
3.077988745644688606e-03
1.645380072295665741e-02
-1.186198205687105656e-03
-4.078779369592666626e-03
9.533531963825225830e-03
2.759519498795270920e-03
-1.413603895343840122e-03
1.370839774608612061e-02
6.861752364784479141e-03
3.198016667738556862e-03
9.050306864082813263e-03
7.899513468146324158e-03
5.132969934493303299e-03
9.743181057274341583e-03
1.106788404285907745e-02
6.887075956910848618e-03
1.102637406438589096e-02
-9.156428277492523193e-03
-2.808446297422051430e-03
-8.914268575608730316e-03
-9.805545210838317871e-03
-7.909097708761692047e-03
-1.087985094636678696e-02
-1.403250917792320251e-02
-1.215438172221183777e-02
-1.756835356354713440e-02
-8.509613573551177979e-03
-7.130922283977270126e-03
-1.024526543915271759e-02
-1.293648499995470047e-02
-1.050832308828830719e-02
-1.379161234945058823e-02
-9.462881833314895630e-03
-5.632890854030847549e-03
-1.331157144159078598e-02
1.745218411087989807e-02
6.399813108146190643e-03
2.858457155525684357e-02
8.741111494600772858e-03
-6.309742107987403870e-03
1.617413945496082306e-02
2.721625566482543945e-02
1.441312674432992935e-02
3.786975145339965820e-02
-2.214635536074638367e-02
-1.075464859604835510e-02
-2.065140008926391602e-02
-1.246290653944015503e-02
-3.950370475649833679e-03
-9.744176641106605530e-03
-2.072495035827159882e-02
-1.140969712287187576e-02
-1.696425303816795349e-02
8.670159615576267242e-03
6.361452396959066391e-03
7.149280514568090439e-03
-1.139182058977894485e-04
-2.579441759735345840e-03
2.615524455904960632e-03
1.628862321376800537e-02
2.047694660723209381e-02
2.218057587742805481e-02
6.145921070128679276e-03
7.793019525706768036e-03
1.109309401363134384e-02
6.779806688427925110e-03
5.966670811176300049e-03
8.007712662220001221e-03
1.368731725960969925e-02
1.618426293134689331e-02
1.758054085075855255e-02
-1.246053446084260941e-02
-2.573949983343482018e-03
-1.639637537300586700e-02
-1.690054126083850861e-02
-7.187535986304283142e-03
-1.753442361950874329e-02
-2.666277252137660980e-02
-1.679604686796665192e-02
-2.262891642749309540e-02
-3.242634469643235207e-03
-2.830257173627614975e-03
-7.049772539176046848e-04
-2.532000886276364326e-03
-6.049022194929420948e-04
2.565520699135959148e-04
-5.874895490705966949e-03
-2.459962153807282448e-03
-1.602715929038822651e-03
6.154225557111203671e-04
-1.216255500912666321e-02
-7.477963808923959732e-03
5.299008334986865520e-04
-5.456430837512016296e-03
-2.357291523367166519e-03
5.314174341037869453e-04
-7.600960321724414825e-03
-6.918976083397865295e-03
-1.181372348219156265e-02
-4.714353475719690323e-03
-5.768100731074810028e-03
-3.757126629352569580e-03
2.080491743981838226e-03
-2.528753539081662893e-04
-8.472420275211334229e-03
-4.384574014693498611e-03
-8.818103000521659851e-03
7.350727915763854980e-03
5.809689871966838837e-03
1.176362764090299606e-02
5.426984280347824097e-03
3.492040326818823814e-03
1.018732786178588867e-02
7.252465002238750458e-03
5.854867398738861084e-03
9.700251743197441101e-03
-8.400154300034046173e-03
-7.292294874787330627e-03
-1.056612469255924225e-02
-7.715185638517141342e-03
-5.526968277990818024e-03
-7.738745771348476410e-03
-1.006856001913547516e-02
-5.377273540943861008e-03
-4.994661081582307816e-03
-9.521269239485263824e-03
-4.317234270274639130e-03
-8.101201616227626801e-03
8.320368360728025436e-04
2.402392681688070297e-03
9.714396437630057335e-04
-1.027911552228033543e-03
-2.381362573942169547e-04
-6.137953605502843857e-04
-3.494651615619659424e-02
-1.831918396055698395e-02
-3.343245759606361389e-02
-1.446405611932277679e-02
-1.708529191091656685e-03
-1.496810559183359146e-02
-1.645929180085659027e-02
-6.769276224076747894e-03
-1.829790510237216949e-02
4.117925651371479034e-03
4.951489157974720001e-03
1.078710611909627914e-02
2.489191945642232895e-03
5.866426508873701096e-03
9.732756763696670532e-03
5.218195146881043911e-04
5.051411688327789307e-03
9.371819905936717987e-03
1.405437360517680645e-03
2.822125796228647232e-03
1.501879182796983514e-06
-3.381846472620964050e-03
-8.685497450642287731e-04
-2.612805226817727089e-03
-6.980329751968383789e-03
1.722735323710367084e-04
-9.387889876961708069e-04
-2.042053081095218658e-02
-1.804055459797382355e-02
-2.316498383879661560e-02
-1.555537432432174683e-02
-1.306248363107442856e-02
-1.654426567256450653e-02
-2.662159688770771027e-02
-2.541230246424674988e-02
-2.890655025839805603e-02
7.630841434001922607e-02
4.341463744640350342e-02
6.997526437044143677e-02
4.403895512223243713e-02
1.092354953289031982e-02
3.776773065328598022e-02
4.231402650475502014e-02
1.132393721491098404e-02
3.194458410143852234e-02
-3.254818031564354897e-03
-2.214230189565569162e-04
5.447652656584978104e-03
-1.394198043271899223e-03
1.651828642934560776e-03
2.829929115250706673e-03
5.416981410235166550e-03
8.608705364167690277e-03
7.294922601431608200e-03
-1.183714345097541809e-02
1.442373148165643215e-03
-7.285063620656728745e-03
-1.057900674641132355e-02
1.585295773111283779e-03
-8.849588222801685333e-03
-2.751026675105094910e-02
-1.827529817819595337e-02
-3.093375079333782196e-02
-1.706193201243877411e-02
-8.619697764515876770e-03
-1.405359990894794464e-02
-1.249764487147331238e-02
-2.982688834890723228e-03
-1.229978073388338089e-02
-1.277358829975128174e-02
-3.898315830156207085e-03
-1.008823700249195099e-02
-2.320215478539466858e-02
-2.528843469917774200e-02
-2.180438861250877380e-02
-2.288496308028697968e-02
-2.400598861277103424e-02
-2.253334596753120422e-02
-2.038322575390338898e-02
-2.595132775604724884e-02
-3.146381303668022156e-02
7.438138709403574467e-04
5.097006447613239288e-03
4.387571010738611221e-03
4.716005641967058182e-03
9.741140529513359070e-03
1.416300330311059952e-02
9.044852107763290405e-03
1.457469630986452103e-02
1.794907636940479279e-02
-1.309805642813444138e-02
-1.619820110499858856e-02
-2.600997686386108398e-02
-5.012649111449718475e-03
-1.138840429484844208e-02
-1.903214119374752045e-02
-1.287207379937171936e-02
-1.750839129090309143e-02
-2.327744662761688232e-02
8.106321841478347778e-02
4.492045566439628601e-02
6.708339601755142212e-02
5.873278900980949402e-02
2.144557610154151917e-02
4.575080052018165588e-02
8.026489615440368652e-02
4.161994159221649170e-02
7.202218472957611084e-02
5.289487540721893311e-03
2.701008459553122520e-03
6.181322503834962845e-03
4.479302559047937393e-03
1.876075170002877712e-03
4.360328894108533859e-03
1.047272421419620514e-02
7.952559739351272583e-03
9.410407394170761108e-03
1.996023766696453094e-02
1.237107813358306885e-02
2.724784240126609802e-02
1.862648129463195801e-02
1.160383131355047226e-02
2.421618625521659851e-02
1.965717040002346039e-02
1.196378469467163086e-02
2.567316591739654541e-02
-9.095160290598869324e-03
-1.850984804332256317e-02
-5.499078426510095596e-03
-7.524600718170404434e-03
-1.164717786014080048e-02
-7.494451478123664856e-03
-1.462551392614841461e-02
-1.623154431581497192e-02
-1.803056895732879639e-02
2.012914419174194336e-02
1.093977224081754684e-02
1.341942232102155685e-02
5.068223457783460617e-03
1.662958529777824879e-03
6.758577656000852585e-03
4.153442103415727615e-03
-6.471589440479874611e-04
5.873146001249551773e-03
-2.870946936309337616e-02
-2.842309512197971344e-02
-3.271409869194030762e-02
-2.369839884340763092e-02
-1.530391350388526917e-02
-2.229345403611660004e-02
-3.441340848803520203e-02
-2.631501294672489166e-02
-3.278238326311111450e-02
1.502826623618602753e-02
7.121111266314983368e-03
6.210148800164461136e-03
1.081039756536483765e-02
4.250932484865188599e-03
7.590352557599544525e-03
9.574564173817634583e-03
7.825983688235282898e-03
7.841478101909160614e-03
-1.454916596412658691e-02
-1.667932607233524323e-02
-1.766015030443668365e-02
-5.200688727200031281e-03
-1.185575732961297035e-03
-1.295672031119465828e-03
-4.822297021746635437e-03
3.664090530946850777e-03
1.427014009095728397e-03
1.349193509668111801e-03
3.588296473026275635e-03
5.247596185654401779e-03
-4.614221688825637102e-04
4.471563268452882767e-03
7.764357142150402069e-03
-1.728547923266887665e-02
-7.762913126498460770e-03
-6.524520460516214371e-03
-3.149900585412979126e-02
-2.318226918578147888e-02
-2.496856451034545898e-02
-1.924308761954307556e-02
-1.140804681926965714e-02
-1.449358277022838593e-02
-2.407358214259147644e-02
-1.489897351711988449e-02
-1.648209802806377411e-02
-2.837898908182978630e-03
-5.921954871155321598e-04
-3.687132149934768677e-03
-1.939585898071527481e-03
2.511128084734082222e-03
-8.827282581478357315e-04
-3.685359144583344460e-03
6.003032904118299484e-03
3.463004948571324348e-03
-2.717814408242702484e-02
-3.062967769801616669e-02
-4.351343587040901184e-02
-1.533931493759155273e-02
-1.825796253979206085e-02
-3.006288781762123108e-02
-1.744077913463115692e-02
-2.306390926241874695e-02
-3.720342740416526794e-02
1.032365253195166588e-03
-1.134325377643108368e-02
-5.645238328725099564e-03
-3.438628744333982468e-03
-1.244890876114368439e-02
-1.133790425956249237e-02
-2.681379206478595734e-03
-1.149366237223148346e-02
-1.129054278135299683e-02
-6.456504925154149532e-04
-5.307626910507678986e-03
3.401620080694556236e-03
2.609969349578022957e-03
1.433211611583828926e-03
6.279509980231523514e-03
1.733894750941544771e-04
-1.684309914708137512e-03
2.597734332084655762e-03
1.643816754221916199e-02
3.295227419584989548e-03
7.721710018813610077e-03
1.762210205197334290e-02
4.268305376172065735e-03
6.681526545435190201e-03
2.377244085073471069e-02
6.621710956096649170e-03
9.431298822164535522e-03
-1.765261986292898655e-03
-2.300557307898998260e-02
-1.023245509713888168e-02
-1.417640317231416702e-02
-3.860529139637947083e-02
-2.353435754776000977e-02
-5.977120250463485718e-03
-2.454657107591629028e-02
-8.086603134870529175e-03
2.198826987296342850e-03
-3.815358737483620644e-03
6.490658503025770187e-03
5.982692353427410126e-03
-1.574154593981802464e-03
7.817348465323448181e-03
4.092288669198751450e-03
-2.864242997020483017e-03
7.939831702969968319e-04
3.200721740722656250e-02
3.433189122006297112e-03
2.661398239433765411e-02
2.396259456872940063e-02
-9.474962018430233002e-03
1.818141713738441467e-02
6.149429455399513245e-02
2.917699515819549561e-02
5.736852437257766724e-02
-2.510652318596839905e-02
-1.971766911447048187e-02
-3.020021133124828339e-02
-9.138334542512893677e-03
-3.219519043341279030e-03
-1.828814484179019928e-02
-6.227954290807247162e-03
1.623448217287659645e-03
-1.107889693230390549e-02
-1.292917411774396896e-02
-1.183052081614732742e-02
-7.036156952381134033e-03
-1.695382036268711090e-02
-1.443702634423971176e-02
-1.129901781678199768e-02
-2.305930480360984802e-02
-1.927669346332550049e-02
-1.984062790870666504e-02
6.143068429082632065e-03
-2.017319202423095703e-03
1.640562200918793678e-03
7.814287208020687103e-03
1.132110832259058952e-03
5.367783363908529282e-03
5.469152238219976425e-03
6.508533377200365067e-03
1.299152243882417679e-02
1.430282928049564362e-02
1.156997121870517731e-02
6.876038387417793274e-03
1.230176305398344994e-03
3.521082689985632896e-03
-3.339142072945833206e-03
-5.406890530139207840e-03
-4.287738818675279617e-03
-1.945995353162288666e-02
1.100168563425540924e-03
3.342504147440195084e-03
-2.492151223123073578e-03
1.138515654020011425e-03
6.593148224055767059e-03
3.482697997242212296e-03
1.974265178432688117e-04
6.664460059255361557e-03
8.889978751540184021e-03
-1.303027663379907608e-02
-6.776520982384681702e-03
-1.379977166652679443e-02
-1.206438150256872177e-02
-2.715267008170485497e-03
-9.228092618286609650e-03
-2.015351131558418274e-02
-8.743677288293838501e-03
-1.776025630533695221e-02
-4.904856905341148376e-03
-7.156200241297483444e-03
-6.903505884110927582e-03
-2.565294038504362106e-03
-4.220954142510890961e-03
-9.367804974317550659e-03
-1.026755012571811676e-02
-1.058136206120252609e-02
-1.430668681859970093e-02
3.147216141223907471e-02
4.556342586874961853e-02
4.546626657247543335e-02
1.487815193831920624e-02
2.142701856791973114e-02
2.568248845636844635e-02
2.207000367343425751e-02
3.760318458080291748e-02
3.942749276757240295e-02
1.729381084442138672e-02
4.892788827419281006e-03
4.375159274786710739e-03
1.067173760384321213e-02
-1.169124851003289223e-03
-3.056756919249892235e-03
2.323009818792343140e-02
1.124800462275743484e-02
6.689898669719696045e-03
-6.891484837979078293e-03
-4.186691148788668215e-05
-2.182828960940241814e-03
-2.483476325869560242e-02
-2.136566117405891418e-02
-2.265825308859348297e-02
1.040567993186414242e-03
-8.146088657667860389e-05
-2.185680437833070755e-03
8.563999086618423462e-03
8.673486299812793732e-03
8.027710951864719391e-03
2.886929549276828766e-03
1.943586627021431923e-03
4.014042671769857407e-03
-4.521551600191742182e-04
-3.593083005398511887e-03
-5.664354655891656876e-03
2.937154378741979599e-03
-1.102958573028445244e-03
-3.901828546077013016e-03
8.740509510971605778e-04
-1.906011952087283134e-03
-2.926781307905912399e-03
5.236035212874412537e-03
-2.983369922731071711e-04
-7.893578149378299713e-04
5.121915135532617569e-03
-3.991803154349327087e-03
7.216669619083404541e-03
-1.345644704997539520e-02
-2.124607563018798828e-02
-1.153303682804107666e-02
-1.007908768951892853e-02
-1.694395393133163452e-02
-8.543184027075767517e-03
4.024313762784004211e-02
2.311231940984725952e-02
3.661663085222244263e-02
1.515497267246246338e-02
2.370995236560702324e-03
2.334151044487953186e-02
1.265058852732181549e-02
5.122861824929714203e-03
1.798282936215400696e-02
-3.424110123887658119e-03
-1.011815294623374939e-02
2.557191066443920135e-03
3.089463643846102059e-05
-5.035840906202793121e-03
8.915482088923454285e-03
8.050093427300453186e-03
3.166570561006665230e-03
1.329148281365633011e-02
-1.596921239979565144e-03
1.036410685628652573e-02
3.340284153819084167e-02
6.388467270880937576e-03
1.423895079642534256e-02
2.479408867657184601e-02
6.297805346548557281e-03
1.982698962092399597e-02
3.421731665730476379e-02
-1.676689460873603821e-02
-1.600107178092002869e-02
-1.707373373210430145e-02
-7.031871471554040909e-03
-6.277275271713733673e-03
-7.537904195487499237e-03
-8.086818270385265350e-03
-4.427138715982437134e-03
-6.221994291990995407e-03
-6.684326566755771637e-03
-1.220478094182908535e-03
3.296796698123216629e-03
-3.131279023364186287e-03
4.623264539986848831e-03
1.799328252673149109e-03
-5.278483498841524124e-03
-4.614027682691812515e-03
-7.401890121400356293e-03
-1.704018376767635345e-02
-2.734190411865711212e-02
-1.621419936418533325e-02
-1.467708498239517212e-02
-2.939262986183166504e-02
-1.682214997708797455e-02
-4.506210796535015106e-03
-1.944977603852748871e-02
-7.615805137902498245e-03
4.847960174083709717e-02
3.009819053113460541e-02
5.256349593400955200e-02
3.038469143211841583e-02
9.843258187174797058e-03
3.187052533030509949e-02
4.587045684456825256e-02
2.558349259197711945e-02
4.140660166740417480e-02
6.307493895292282104e-03
4.759118892252445221e-03
-4.464185331016778946e-03
-3.032960230484604836e-03
-9.636472677811980247e-04
-1.419567130506038666e-02
-5.834259092807769775e-03
-4.861323162913322449e-03
-2.270591072738170624e-02
-2.999380044639110565e-02
-2.758171409368515015e-02
-4.234952107071876526e-02
-2.268777228891849518e-02
-1.464018318802118301e-02
-2.694351784884929657e-02
-3.198775649070739746e-02
-2.092457748949527740e-02
-3.172416612505912781e-02
-1.993829791899770498e-04
-1.195973716676235199e-03
-3.244562307372689247e-03
-2.516967477276921272e-03
1.963146962225437164e-03
7.565205451101064682e-04
-2.351006027311086655e-03
4.721859877463430166e-04
1.172997429966926575e-02
-4.279689863324165344e-02
-3.510135412216186523e-02
-4.082396253943443298e-02
-2.909077890217304230e-02
-2.124827168881893158e-02
-2.524916082620620728e-02
-3.286264836788177490e-02
-2.278094552457332611e-02
-2.511245012283325195e-02
-1.762589323334395885e-03
7.371581625193357468e-03
-9.446335956454277039e-03
-3.610091516748070717e-04
9.181578643620014191e-03
-8.306400850415229797e-03
-9.493758901953697205e-03
-4.561132751405239105e-03
-2.783349156379699707e-02
-1.104504056274890900e-02
-3.273272188380360603e-03
-5.228043068200349808e-03
-7.369595579802989960e-03
-4.686868051066994667e-04
-3.382559400051832199e-03
-3.323929151520133018e-03
-2.072897041216492653e-03
-5.478065460920333862e-03
-1.583691313862800598e-02
-1.430176477879285812e-02
-1.965033635497093201e-02
-2.174635231494903564e-02
-1.762492768466472626e-02
-2.232571505010128021e-02
-2.043645083904266357e-02
-2.026263810694217682e-02
-2.723649516701698303e-02
-1.394730526953935623e-02
-6.970333051867783070e-04
4.162325058132410049e-03
-1.168609224259853363e-02
9.791919728741049767e-04
-2.079952275380492210e-03
-1.095492765307426453e-02
-3.071098355576395988e-03
-9.246585890650749207e-03
-1.888694427907466888e-02
-5.775188095867633820e-03
-1.335737481713294983e-02
-1.676601730287075043e-02
-4.286081995815038681e-03
-1.019935403019189835e-02
-2.171701379120349884e-02
-1.498384680598974228e-02
-2.222393080592155457e-02
7.693794090300798416e-03
-1.436357386410236359e-02
7.400593254715204239e-03
2.814137749373912811e-02
4.509444261202588677e-05
2.132629975676536560e-02
5.621598660945892334e-02
3.217896819114685059e-02
5.088059976696968079e-02
-3.519814461469650269e-03
-1.980499364435672760e-03
8.275409229099750519e-03
-3.126627532765269279e-03
-1.863173558376729488e-03
4.643647931516170502e-03
4.389202513266354799e-04
4.717475734651088715e-03
1.039459183812141418e-02
2.792901545763015747e-02
1.760425232350826263e-02
3.563338145613670349e-02
9.639669209718704224e-03
-1.082956674508750439e-03
1.635930873453617096e-02
2.572690322995185852e-02
1.727759838104248047e-02
4.124924167990684509e-02
1.399258989840745926e-02
8.514506742358207703e-03
5.531193222850561142e-03
1.077941153198480606e-02
9.680692106485366821e-03
7.671867497265338898e-03
1.140254642814397812e-02
6.028008647263050079e-03
4.825956653803586960e-03
5.178300291299819946e-02
2.987917326390743256e-02
4.483970999717712402e-02
2.901089936494827271e-02
6.192785222083330154e-03
1.913532428443431854e-02
2.768791653215885162e-02
3.967494703829288483e-03
1.552753709256649017e-02
-1.166926603764295578e-02
-1.069698203355073929e-02
-1.460026390850543976e-02
-3.182895015925168991e-03
-1.753759104758501053e-03
-5.546585191041231155e-03
-6.083363667130470276e-03
-6.562530994415283203e-03
-1.178300566971302032e-02
3.616409143432974815e-03
3.770707990042865276e-04
9.314490482211112976e-03
6.573374848812818527e-03
4.040661267936229706e-03
7.066720630973577499e-03
1.552898809313774109e-02
1.162278093397617340e-02
1.383701991289854050e-02
-6.627102382481098175e-03
-6.360877305269241333e-03
-8.408828638494014740e-03
-2.528122393414378166e-03
-2.836664672940969467e-03
-4.056005738675594330e-03
-3.413931233808398247e-03
-4.037627018988132477e-03
-5.734780337661504745e-03
1.790340407751500607e-03
1.623335643671452999e-03
-2.957218675874173641e-04
1.723796245642006397e-03
3.733908524736762047e-04
-1.501342514529824257e-03
1.039486145600676537e-03
7.652047788724303246e-04
-1.583346282131969929e-03
2.271637320518493652e-03
3.720949403941631317e-03
-3.146881703287363052e-03
3.280950477346777916e-03
3.329650498926639557e-03
-3.692420199513435364e-03
-3.154412610456347466e-03
-1.322614378295838833e-03
-7.557900156825780869e-03
-9.646045044064521790e-03
-5.657544825226068497e-03
-1.016658823937177658e-02
-7.817255333065986633e-03
-4.255362320691347122e-03
-9.361040778458118439e-03
-8.176240138709545135e-03
-3.154307836666703224e-03
-8.572867140173912048e-03
-4.005856346338987350e-03
-5.491652991622686386e-03
-3.279179800301790237e-03
-2.088406123220920563e-03
-3.499373793601989746e-03
-1.731072901748120785e-03
-3.087925491854548454e-03
-3.633227664977312088e-03
7.733395323157310486e-04
-1.039611641317605972e-02
1.203207066282629967e-03
-3.308499464765191078e-03
-3.579740179702639580e-03
5.392652004957199097e-03
1.330464438069611788e-04
-1.522331871092319489e-02
-6.020850036293268204e-03
-9.826178662478923798e-03
8.886237628757953644e-05
-1.754441531375050545e-03
-2.883313223719596863e-03
1.613411237485706806e-03
-1.560076954774558544e-03
-3.286393126472830772e-03
8.945033769123256207e-04
1.384491679345956072e-05
-2.710088621824979782e-03
3.771954029798507690e-02
2.617386169731616974e-02
4.146661236882209778e-02
2.482969500124454498e-02
1.098456978797912598e-02
3.109771944582462311e-02
3.312478587031364441e-02
2.493125759065151215e-02
4.625305533409118652e-02
-1.445349864661693573e-02
-7.238152902573347092e-03
-1.464207656681537628e-02
-1.004138588905334473e-02
-3.424694295972585678e-03
-1.309588737785816193e-02
-1.011537667363882065e-02
-4.943702835589647293e-03
-8.251456543803215027e-03
-6.946253590285778046e-03
-4.851482808589935303e-03
-7.595466449856758118e-03
-1.366413570940494537e-02
-7.999465800821781158e-03
-1.115591637790203094e-02
-1.101364474743604660e-02
-6.369761656969785690e-03
-9.200099855661392212e-03
-8.043000474572181702e-03
-2.029977738857269287e-03
-3.050043247640132904e-03
-7.260016631335020065e-03
-1.096964580938220024e-03
-1.438636914826929569e-03
-8.007070980966091156e-03
-2.204615157097578049e-03
-5.774040706455707550e-03
7.057283539324998856e-03
4.905118606984615326e-03
-4.422749334480613470e-04
2.721417229622602463e-03
1.220079371705651283e-03
-1.886265818029642105e-03
2.277777297422289848e-03
3.691687015816569328e-03
1.633069012314081192e-03
6.122839986346662045e-04
2.561888890340924263e-03
2.946914173662662506e-03
1.407883246429264545e-03
3.937605069950222969e-04
6.053369143046438694e-04
4.600497428327798843e-03
1.836245995946228504e-03
2.596169477328658104e-03
-6.909292191267013550e-03
-2.507462631911039352e-03
-8.324628695845603943e-03
-3.549315501004457474e-03
-8.360375068150460720e-04
-7.343017496168613434e-03
-1.280921325087547302e-02
-1.003004238009452820e-02
-1.702366583049297333e-02
3.619508119300007820e-03
1.881426782347261906e-03
2.192458137869834900e-03
7.990416488610208035e-04
-9.129397221840918064e-05
-4.870165139436721802e-04
3.235370386391878128e-03
8.931119227781891823e-04
7.970331353135406971e-04
-6.378516554832458496e-03
-3.369006328284740448e-03
-4.732363857328891754e-03
-4.578547552227973938e-03
-3.672661259770393372e-03
-4.376406315714120865e-03
-1.203875523060560226e-02
-9.134041145443916321e-03
-1.026520784944295883e-02
2.166557358577847481e-03
7.010777480900287628e-04
-2.668242668733000755e-03
1.466364134103059769e-03
4.807344157597981393e-05
-4.188419785350561142e-03
-1.944908290170133114e-03
-6.912752869538962841e-04
-5.482845474034547806e-03
-5.819646175950765610e-03
-3.233042312785983086e-03
-5.814827047288417816e-03
-4.865411669015884399e-03
-2.510027261450886726e-03
-3.812046023085713387e-03
-5.243765655905008316e-03
-1.461375504732131958e-03
-1.487325993366539478e-03
7.708280812948942184e-03
-2.906570909544825554e-03
2.975614974275231361e-03
6.586393341422080994e-03
-1.889580395072698593e-03
3.102911170572042465e-03
9.766508825123310089e-03
3.213365562260150909e-03
1.054895110428333282e-02
-2.248984761536121368e-03
2.102089580148458481e-03
4.425166174769401550e-03
-1.202331168315140530e-05
9.811092168092727661e-04
2.922601299360394478e-03
-3.233917057514190674e-03
-2.469323575496673584e-03
-2.412580419331789017e-03
2.742602955549955368e-04
3.401685040444135666e-03
2.868446521461009979e-03
3.643033560365438461e-03
4.884015303105115891e-03
3.974698949605226517e-03
3.324186429381370544e-03
4.746381659060716629e-03
3.811412490904331207e-03
4.360961727797985077e-03
4.197821486741304398e-03
4.992562462575733662e-04
5.982537288218736649e-03
6.080380175262689590e-03
4.173560999333858490e-03
1.773306285031139851e-03
1.348424702882766724e-03
2.051629417110234499e-05
-5.824595689773559570e-03
-2.124219434335827827e-03
-5.769866053014993668e-03
-7.854800060158595443e-05
3.355761989951133728e-03
-6.205210229381918907e-04
-2.835157094523310661e-03
2.845758339390158653e-03
2.815659099724143744e-04
-1.110808644443750381e-02
-2.063204534351825714e-03
-1.168886572122573853e-02
-7.943726144731044769e-03
1.218760968185961246e-03
-3.776631783694028854e-03
-1.474783942103385925e-02
-4.120511934161186218e-03
-5.990191828459501266e-03
3.489094087854027748e-03
4.897081758826971054e-03
3.092012368142604828e-03
-1.441614585928618908e-03
2.487041754648089409e-03
1.337151770712807775e-04
-1.000854466110467911e-02
-3.744363086298108101e-03
-6.942506413906812668e-03
-8.377085439860820770e-03
-1.386081147938966751e-02
-1.265120040625333786e-02
-3.611669410020112991e-03
-1.045169495046138763e-02
-5.400691181421279907e-03
-2.901504747569561005e-03
-1.003481261432170868e-02
-5.513871554285287857e-03
6.212951149791479111e-03
1.463295076973736286e-03
5.994562990963459015e-03
5.521732382476329803e-03
1.685427996562793851e-04
9.149527177214622498e-03
9.193796664476394653e-03
9.507394395768642426e-03
1.902935840189456940e-02
1.367280376143753529e-03
1.207982422783970833e-03
3.738124389201402664e-03
1.263896934688091278e-03
2.019379520788788795e-03
4.070981871336698532e-03
-9.436397813260555267e-04
-7.007306558080017567e-04
8.762778597883880138e-04
1.661468646489083767e-03
3.253325819969177246e-03
2.072218107059597969e-03
-5.990623962134122849e-03
-4.086430650204420090e-03
-5.595888011157512665e-03
-6.345441564917564392e-03
-3.141837194561958313e-03
-8.977664634585380554e-03
4.331469535827636719e-03
4.064539913088083267e-03
2.851187717169523239e-03
7.230598479509353638e-03
6.638512015342712402e-03
5.698872264474630356e-03
3.546751569956541061e-03
4.787584301084280014e-03
5.393878556787967682e-03
-5.286599043756723404e-03
-4.031999967992305756e-03
-1.796828233636915684e-03
-3.136632964015007019e-03
5.913708591833710670e-04
3.567944513633847237e-03
-3.542002290487289429e-03
-2.939576748758554459e-03
-2.477293834090232849e-03
-2.710057597141712904e-04
1.910630031488835812e-03
1.254258211702108383e-03
-6.896919803693890572e-04
3.684487601276487112e-04
-3.718142397701740265e-04
-5.590153858065605164e-03
-2.925195731222629547e-03
-3.412274876609444618e-03
7.732592988759279251e-03
1.302667427808046341e-03
6.289568264037370682e-03
6.446090526878833771e-03
2.286182017996907234e-03
5.100991111248731613e-03
1.091939955949783325e-02
7.549584377557039261e-03
1.025415677577257156e-02
-7.200459018349647522e-03
-5.354334600269794464e-03
-9.612813591957092285e-03
-6.857179570943117142e-03
-5.345704965293407440e-03
-1.016043685376644135e-02
-9.461973793804645538e-03
-6.855339277535676956e-03
-9.531763382256031036e-03
2.150557847926393151e-04
1.464724657125771046e-03
4.203123506158590317e-03
-1.085723168216645718e-03
5.950201302766799927e-04
4.538270644843578339e-03
-4.188381135463714600e-03
-2.339250873774290085e-03
1.150192460045218468e-03
-1.098930928856134415e-02
-7.374519947916269302e-03
-7.211091462522745132e-03
-1.026439759880304337e-02
-6.647367030382156372e-03
-7.210617884993553162e-03
-1.783821359276771545e-02
-1.420792099088430405e-02
-1.557780429720878601e-02
-8.514565415680408478e-03
-4.428682383149862289e-03
-7.015846204012632370e-03
-6.348636467009782791e-03
-9.928439976647496223e-04
-6.439723540097475052e-03
-1.091607473790645599e-02
-3.875404596328735352e-03
-1.155583467334508896e-02
-9.737734682857990265e-03
-1.563079282641410828e-02
-7.099152076989412308e-03
-1.574390567839145660e-02
-2.254094928503036499e-02
-1.471681054681539536e-02
-1.261498127132654190e-02
-2.227728068828582764e-02
-1.308135502040386200e-02
1.292310561984777451e-02
4.426864441484212875e-03
6.609650328755378723e-03
1.398626063019037247e-02
3.912604413926601410e-03
8.037842810153961182e-03
3.123141825199127197e-02
2.224821224808692932e-02
2.767030335962772369e-02
4.503204399952664971e-05
2.219560090452432632e-03
2.283807145431637764e-03
2.868776791729032993e-04
1.738684950396418571e-03
2.725955331698060036e-03
-9.720358066260814667e-03
-6.255942862480878830e-03
-6.012334953993558884e-03
1.815306767821311951e-02
1.395158842206001282e-02
7.791934534907341003e-03
1.336020231246948242e-02
5.601851269602775574e-03
3.104026196524500847e-03
2.524343132972717285e-02
1.768278330564498901e-02
1.283448748290538788e-02
-9.009837172925472260e-03
-2.993322676047682762e-03
-9.389171376824378967e-03
-5.146080162376165390e-03
-1.203347579576075077e-03
-5.941756069660186768e-03
-6.983921397477388382e-03
-1.595479436218738556e-03
-5.282267462462186813e-03
-6.908719893544912338e-03
-1.375322812236845493e-03
1.423446461558341980e-03
-4.565749783068895340e-03
9.494195692241191864e-04
1.906928955577313900e-03
-9.143734350800514221e-03
-4.070220980793237686e-03
-2.228939207270741463e-03
2.803035313263535500e-03
1.310655730776488781e-03
-5.407368298619985580e-03
6.559620145708322525e-03
3.862652694806456566e-03
-2.351759467273950577e-03
-2.922156709246337414e-04
-5.073950160294771194e-03
-1.149975508451461792e-02
3.971408307552337646e-02
4.106241464614868164e-02
4.265230521559715271e-02
3.230682015419006348e-02
2.637234888970851898e-02
3.370453789830207825e-02
2.377619221806526184e-02
2.187817916274070740e-02
2.658522501587867737e-02
2.544574439525604248e-03
1.845900667831301689e-03
8.532405830919742584e-03
-1.099592336686328053e-04
-1.937194610945880413e-03
2.215132582932710648e-03
2.275468548759818077e-03
2.107602544128894806e-03
5.863181431777775288e-04
-3.474782919511198997e-03
-1.241189707070589066e-02
-7.170416414737701416e-03
-2.801665978040546179e-04
-1.034678798168897629e-02
-3.778426675125956535e-03
1.739983796142041683e-03
-9.729322046041488647e-03
-5.128309130668640137e-04
1.570827211253345013e-03
8.198859286494553089e-04
1.953586237505078316e-03
5.362010095268487930e-03
2.097390592098236084e-03
2.743043703958392143e-03
5.421074107289314270e-03
2.411962719634175301e-03
3.372064093127846718e-03
2.030063048005104065e-02
9.327220730483531952e-03
1.704742759466171265e-02
1.364138722419738770e-02
3.828422864899039268e-03
1.030865870416164398e-02
1.680037379264831543e-02
5.700082518160343170e-03
1.364635489881038666e-02
-1.198059762828052044e-03
2.203940821345895529e-04
1.132344827055931091e-03
8.195405825972557068e-04
3.181909443810582161e-03
4.777386784553527832e-03
-4.503502277657389641e-04
1.349504687823355198e-03
1.922387280501425266e-03
-9.468564763665199280e-03
-5.928708240389823914e-03
-6.806647870689630508e-03
-8.086757734417915344e-03
-4.691533278673887253e-03
-5.854782648384571075e-03
-1.053679827600717545e-02
-8.436677046120166779e-03
-1.323993224650621414e-02
-8.607035502791404724e-03
-4.586723167449235916e-03
-8.036427199840545654e-03
-6.060482934117317200e-03
-2.408889355137944221e-03
-5.183385685086250305e-03
-9.360915049910545349e-03
-4.725681152194738388e-03
-7.639602757990360260e-03
1.604890823364257812e-02
2.416266361251473427e-03
2.175586856901645660e-02
1.261420175433158875e-02
-1.007442129775881767e-03
1.792576536536216736e-02
2.358466945588588715e-02
1.312835980206727982e-02
3.686743229627609253e-02
-1.637460291385650635e-02
-7.662816904485225677e-03
-1.356939878314733505e-02
-7.457723841071128845e-03
5.817353958263993263e-04
-7.379787508398294449e-03
-1.783947087824344635e-02
-9.196489118039608002e-03
-1.673086732625961304e-02
-2.265642164275050163e-03
3.316580550745129585e-03
2.111148554831743240e-03
-3.106663469225168228e-03
1.820810022763907909e-03
-1.158255501650273800e-03
-3.013957291841506958e-03
5.026527680456638336e-03
1.171199604868888855e-03
8.256949484348297119e-03
4.410107620060443878e-03
5.663436371833086014e-03
3.150115488097071648e-03
7.051004213280975819e-04
4.249621648341417313e-03
4.748741164803504944e-03
3.594381734728813171e-03
8.653631433844566345e-03
-3.794777207076549530e-03
-7.844950072467327118e-03
-6.885968614369630814e-03
-4.695340525358915329e-03
-7.921607233583927155e-03
-6.168237421661615372e-03
4.715354181826114655e-03
1.383005059324204922e-03
5.901283584535121918e-03
-9.369452018290758133e-04
1.422747038304805756e-03
2.772530424408614635e-04
-3.091660793870687485e-03
1.064596348442137241e-03
-1.420384040102362633e-03
-5.966653581708669662e-03
-1.396127860061824322e-03
-4.103989340364933014e-03
-2.550060395151376724e-03
-1.417226390913128853e-03
-2.882902277633547783e-03
-6.615258753299713135e-04
2.301016123965382576e-03
1.744308043271303177e-03
-5.466651171445846558e-03
-2.148336963728070259e-03
-4.012916702777147293e-03
-3.442965447902679443e-03
7.601268007420003414e-04
-2.254158258438110352e-03
-5.209463415667414665e-04
2.383994404226541519e-03
-5.384262185543775558e-04
-2.104547806084156036e-03
1.414392725564539433e-03
-5.497154779732227325e-03
-5.650754086673259735e-03
-4.942529369145631790e-03
-6.949475966393947601e-03
-3.535347990691661835e-03
-1.675678533501923084e-03
-2.477864967659115791e-03
-1.127844303846359253e-02
-7.760611362755298615e-03
-9.377873502671718597e-03
5.158643703907728195e-03
3.801329527050256729e-03
1.034994889050722122e-02
5.713727790862321854e-03
4.447063431143760681e-03
1.205329317599534988e-02
8.747295476496219635e-03
1.014335453510284424e-02
1.783522590994834900e-02
-1.626595854759216309e-02
-6.696491036564111710e-03
-8.979495614767074585e-03
-7.150236051529645920e-03
-1.444437890313565731e-03
-3.590165404602885246e-03
-9.252662770450115204e-03
-4.986231680959463120e-03
-6.868635769933462143e-03
3.342529525980353355e-04
-5.705583840608596802e-03
-4.132987000048160553e-03
2.362271538004279137e-03
-2.605852903798222542e-03
1.915455679409205914e-03
1.473073288798332214e-02
1.111944392323493958e-02
1.731280423700809479e-02
-4.549319855868816376e-03
-3.609796054661273956e-03
-3.469113027676939964e-03
-4.019765648990869522e-03
-4.614813718944787979e-03
-3.490432398393750191e-03
2.332533476874232292e-03
8.501634001731872559e-04
2.092670882120728493e-03
-1.462470926344394684e-02
-9.531647898256778717e-03
-1.597427949309349060e-02
-1.053477451205253601e-02
-4.825150594115257263e-03
-8.838648907840251923e-03
-1.042447891086339951e-02
-6.444625090807676315e-03
-9.070096537470817566e-03
-2.761875977739691734e-03
-5.854418966919183731e-03
-5.371383391320705414e-03
-1.531627029180526733e-03
-4.141657613217830658e-03
-3.751511918380856514e-03
-6.254403269849717617e-04
-4.813890438526868820e-03
-4.890533629804849625e-03
-1.966193877160549164e-02
-9.692319668829441071e-03
-1.562682539224624634e-02
-1.017621718347072601e-02
-3.153055440634489059e-03
-6.107028108090162277e-03
-1.021301280707120895e-02
-4.211329855024814606e-03
-3.784800413995981216e-03
9.387260302901268005e-03
1.305053243413567543e-03
7.330537191592156887e-04
9.381312876939773560e-03
1.749647664837539196e-03
3.497540019452571869e-03
1.294568739831447601e-02
7.635980844497680664e-03
6.853048224002122879e-03
1.745115220546722412e-02
3.504181513562798500e-03
1.280303765088319778e-02
1.321898959577083588e-02
9.523842163616791368e-05
1.172026060521602631e-02
2.977219410240650177e-02
1.801737397909164429e-02
3.220715373754501343e-02
-6.262538488954305649e-03
-4.546734038740396500e-03
-7.326754741370677948e-03
-5.400959867984056473e-03
-2.641496714204549789e-03
-6.175777409225702286e-03
-7.902840152382850647e-03
-3.412111662328243256e-03
-6.401594262570142746e-03
-8.759893476963043213e-03
-6.338361185044050217e-03
-7.422553841024637222e-03
-3.301759250462055206e-03
-2.424192149192094803e-03
-5.952675361186265945e-03
-4.109850618988275528e-03
-6.936076097190380096e-03
-1.171551831066608429e-02
2.080863108858466148e-03
-1.485206885263323784e-03
1.107644056901335716e-03
-3.522102488204836845e-03
-7.114953827112913132e-03
-1.802059588953852654e-03
6.231699953787028790e-04
-1.986313378438353539e-03
-6.630882271565496922e-04
1.091745309531688690e-02
9.979299269616603851e-03
1.369018945842981339e-02
1.444557216018438339e-02
1.112622115761041641e-02
1.878119446337223053e-02
2.044311165809631348e-02
1.949104294180870056e-02
2.627171576023101807e-02
-1.601559296250343323e-02
-1.168115995824337006e-02
-1.236359681934118271e-02
-1.205752976238727570e-02
-8.346491493284702301e-03
-9.528115391731262207e-03
-1.371111068874597549e-02
-8.141572587192058563e-03
-1.193926110863685608e-02
1.127876527607440948e-02
8.051895536482334137e-03
1.286289561539888382e-02
9.164053946733474731e-03
3.710584947839379311e-03
8.505493402481079102e-03
1.064562145620584488e-02
4.131027031689882278e-03
6.329966243356466293e-03
-1.027381233870983124e-02
-8.213037624955177307e-03
-1.748903095722198486e-02
-7.390913553535938263e-03
-4.835030529648065567e-03
-1.107921078801155090e-02
-1.025367807596921921e-02
-6.207732483744621277e-03
-1.394273806363344193e-02
3.909324295818805695e-03
1.908668316900730133e-03
4.667618311941623688e-03
3.135349834337830544e-03
2.280765445902943611e-03
9.179966524243354797e-03
1.052201166749000549e-02
1.267973985522985458e-02
2.053386159241199493e-02
-4.304335452616214752e-03
-4.391991533339023590e-03
-5.068423692137002945e-03
-9.866526816040277481e-04
-3.810350783169269562e-03
-4.598066676408052444e-03
7.143057300709187984e-04
-1.955460524186491966e-03
-3.102192189544439316e-03
5.321315489709377289e-03
6.613458506762981415e-03
6.491772364825010300e-03
6.879676599055528641e-03
3.821636317297816277e-03
2.406151965260505676e-03
8.831497281789779663e-03
5.926370620727539062e-03
2.560443477705121040e-03
6.632184609770774841e-03
4.306221380829811096e-03
3.852430265396833420e-03
2.644715597853064537e-03
8.381634252145886421e-04
4.509186372160911560e-03
4.890411160886287689e-03
2.930206246674060822e-03
8.457193151116371155e-03
-1.749664172530174255e-02
-9.988506324589252472e-03
-1.493951026350259781e-02
-6.328742485493421555e-03
-1.535624847747385502e-03
-4.344472661614418030e-03
-6.569073535501956940e-03
-3.625286743044853210e-03
-3.825716208666563034e-03
1.712549594230949879e-03
-1.027541002258658409e-03
1.873755711130797863e-03
3.785438602790236473e-03
-6.594173028133809566e-04
3.525080392137169838e-03
7.894936949014663696e-03
2.662138082087039948e-03
5.110830068588256836e-03
2.643699198961257935e-02
1.628100499510765076e-02
1.788949407637119293e-02
1.508763339370489120e-02
5.223753862082958221e-03
7.499919738620519638e-03
1.897891238331794739e-02
1.009130664169788361e-02
1.392131950706243515e-02
-9.242041967809200287e-03
-8.382128551602363586e-03
-1.104638911783695221e-02
-7.143155205994844437e-03
-5.275602918118238449e-03
-8.983504027128219604e-03
-9.383257478475570679e-03
-9.056815877556800842e-03
-1.344940252602100372e-02
1.731349475448951125e-04
-2.257738728076219559e-03
-3.573095193132758141e-03
-1.344717806205153465e-03
-2.503665396943688393e-03
-2.166567370295524597e-03
-3.695728722959756851e-03
-6.826967932283878326e-03
-8.720728568732738495e-03
7.060834206640720367e-03
2.422631252557039261e-03
4.841546528041362762e-03
1.108674798160791397e-03
-3.188528586179018021e-03
9.892098605632781982e-04
4.538131412118673325e-03
-2.560066059231758118e-04
4.491715226322412491e-03
1.446851529181003571e-03
-1.764724031090736389e-03
-4.749176092445850372e-03
1.808892702683806419e-03
-8.784334058873355389e-04
-3.093196311965584755e-03
2.762167016044259071e-03
1.352327060885727406e-03
1.482769497670233250e-03
-7.420641370117664337e-03
-4.143912810832262039e-03
-9.048388339579105377e-03
-9.012807160615921021e-03
-4.716993775218725204e-03
-9.567852132022380829e-03
-1.855924539268016815e-02
-1.318948715925216675e-02
-2.081455290317535400e-02
-2.456334186717867851e-03
-8.176546543836593628e-03
-2.246212447062134743e-03
-1.647711731493473053e-02
-2.132069505751132965e-02
-1.329399924725294113e-02
-4.770264495164155960e-03
-9.414622560143470764e-03
-1.316724228672683239e-03
3.030162770301103592e-03
5.310190608724951744e-04
-1.089143217541277409e-03
3.862639714498072863e-04
-5.898496965528465807e-05
-1.095859799534082413e-03
2.487422432750463486e-03
3.312334185466170311e-03
2.364964922890067101e-03
-1.253680512309074402e-02
-5.044822115451097488e-03
-9.712542407214641571e-03
-8.072845637798309326e-03
-4.709138534963130951e-03
-1.184302940964698792e-02
-1.292145345360040665e-02
-9.017561562359333038e-03
-1.651928760111331940e-02
9.988995268940925598e-03
3.820590442046523094e-03
1.360065396875143051e-02
5.261851940304040909e-03
-1.370476791635155678e-03
1.038739457726478577e-02
1.031279284507036209e-02
5.246871616691350937e-03
1.533914916217327118e-02
-1.146583445370197296e-02
-4.322651308029890060e-03
-3.943893592804670334e-03
-9.154560975730419159e-03
-2.352626994252204895e-03
-6.164046935737133026e-03
-1.572505570948123932e-02
-9.795770980417728424e-03
-1.310690399259328842e-02
8.211612293962389231e-05
-5.279041361063718796e-04
-3.185276873409748077e-04
2.072109607979655266e-03
-3.167414339259266853e-03
-4.802149254828691483e-03
-1.256503048352897167e-03
-7.322753313928842545e-03
-9.466926567256450653e-03
-1.927055604755878448e-02
-1.380740664899349213e-02
-1.870250701904296875e-02
-6.099168676882982254e-03
-2.796340966597199440e-03
-7.489215582609176636e-03
-5.844319704920053482e-03
-5.204912740737199783e-03
-8.104898035526275635e-03
-8.878347463905811310e-03
-5.201665684580802917e-03
-5.521662998944520950e-03
-8.063729852437973022e-03
-3.714081132784485817e-03
-4.426934290677309036e-03
-9.385474026203155518e-03
-2.929464448243379593e-03
-3.184245200827717781e-03
-2.073928772006183863e-04
-4.773596883751451969e-04
3.613539272919297218e-03
5.428510485216975212e-04
-2.277219318784773350e-04
3.859194461256265640e-03
2.316874684765934944e-03
2.288743387907743454e-03
4.327701870352029800e-03
2.976414281874895096e-03
1.511181035311892629e-04
3.621100448071956635e-03
1.446369686163961887e-03
-2.528519369661808014e-03
6.727856816723942757e-04
5.295541137456893921e-03
2.735074609518051147e-03
4.499274771660566330e-03
-6.548925302922725677e-03
-1.182390656322240829e-02
-1.095738634467124939e-02
-4.496752284467220306e-03
-8.459139615297317505e-03
-8.174777962267398834e-03
-1.410278026014566422e-03
-8.032584562897682190e-03
-7.999919354915618896e-03
9.828941896557807922e-03
1.056551001965999603e-02
1.713412627577781677e-02
8.261942304670810699e-03
6.809982471168041229e-03
1.456631161272525787e-02
9.163846261799335480e-03
6.690653041005134583e-03
1.528753805905580521e-02
4.504760727286338806e-03
2.231658436357975006e-03
5.813533905893564224e-03
5.277559626847505569e-03
4.649538081139326096e-03
7.520627230405807495e-03
4.229283425956964493e-03
5.152142141014337540e-03
8.627415634691715240e-03
-1.032944582402706146e-02
-7.010888773947954178e-03
-9.064862504601478577e-03
-9.765794500708580017e-03
-7.691160310059785843e-03
-9.496157988905906677e-03
-1.359644066542387009e-02
-1.051513012498617172e-02
-1.186526566743850708e-02
-5.865099374204874039e-03
-5.292092464515008032e-05
3.292782697826623917e-03
-4.591002129018306732e-03
-3.124164417386054993e-03
-2.487097517587244511e-04
-4.186173435300588608e-03
-7.711600046604871750e-04
-1.492050359956920147e-03
-2.706549828872084618e-03
-3.093312261626124382e-03
1.641096750972792506e-04
-1.008371263742446899e-02
-8.744001388549804688e-03
-5.041105207055807114e-03
-9.862521663308143616e-03
-1.052382029592990875e-02
-7.497020531445741653e-03
8.417855016887187958e-03
5.970564670860767365e-03
5.591721273958683014e-03
6.401077844202518463e-03
3.456318983808159828e-03
5.405483301728963852e-03
9.611911140382289886e-03
4.865108523517847061e-03
8.337233215570449829e-03
-3.191341646015644073e-03
2.402639656793326139e-04
1.759941224008798599e-03
-3.428297815844416618e-03
1.213342999108135700e-03
-1.443273038603365421e-03
-7.314578164368867874e-03
-2.866273513063788414e-03
-5.238941870629787445e-03
-5.109192337840795517e-03
-8.428975008428096771e-03
-1.373769808560609818e-02
-3.350218059495091438e-03
-3.092477563768625259e-03
-5.419284105300903320e-03
-6.015078397467732430e-04
-2.782792784273624420e-03
-4.752682056277990341e-03
-1.176972780376672745e-02
-1.250458043068647385e-02
-1.130776107311248779e-02
-8.917111903429031372e-03
-6.242377683520317078e-03
-5.934440996497869492e-03
-4.328950308263301849e-03
-2.455894136801362038e-03
-2.626564586535096169e-03
1.411978714168071747e-02
5.295655690133571625e-03
2.633728552609682083e-03
8.114959113299846649e-03
-1.493689022026956081e-03
-4.205710720270872116e-03
1.386788859963417053e-02
6.219241768121719360e-03
3.180621424689888954e-03
-1.285887695848941803e-02
-1.345974020659923553e-02
-8.873157203197479248e-03
-8.446190506219863892e-03
-1.107314322143793106e-02
-5.501827225089073181e-03
-7.414119783788919449e-03
-1.052684336900711060e-02
-4.389314912259578705e-03
-6.603369023650884628e-03
-5.883668200112879276e-04
-8.225213736295700073e-03
-5.010711029171943665e-03
9.231183794327080250e-04
-4.830653313547372818e-03
-7.887543179094791412e-03
-2.450910396873950958e-03
-6.849717814475297928e-03
-9.127936325967311859e-03
-5.970507860183715820e-03
-9.149445220828056335e-03
-6.197202019393444061e-03
-4.356038291007280350e-03
-6.883878260850906372e-03
-6.128849927335977554e-03
-2.898788312450051308e-03
-3.828584216535091400e-03
1.921767927706241608e-02
1.116368081420660019e-02
1.844322308897972107e-02
1.253984030336141586e-02
2.157949609681963921e-03
8.948005735874176025e-03
2.388906292617321014e-02
1.464218460023403168e-02
2.025038748979568481e-02
8.200562559068202972e-03
6.324402987957000732e-03
1.357716415077447891e-02
1.150223705917596817e-02
5.891716573387384415e-03
1.421373430639505386e-02
1.887160167098045349e-02
1.147168874740600586e-02
2.047785557806491852e-02
1.376173552125692368e-02
1.247844845056533813e-02
1.097313128411769867e-02
1.250582560896873474e-02
8.839795365929603577e-03
9.837297722697257996e-03
9.864114224910736084e-03
8.456579409539699554e-03
1.033307798206806183e-02
-5.189957446418702602e-04
2.495825756341218948e-03
-1.394005608744919300e-03
-7.048468687571585178e-04
2.865597198251634836e-04
3.350246406625956297e-04
8.078704122453927994e-04
-7.997727370820939541e-04
-1.969930017367005348e-03
8.400350809097290039e-03
7.704853487666696310e-05
6.338607519865036011e-03
4.395401105284690857e-03
-2.718418603762984276e-03
3.442006651312112808e-03
1.383526064455509186e-02
5.659900605678558350e-03
1.552208419889211655e-02
1.368023455142974854e-02
6.502489093691110611e-03
1.082831714302301407e-02
1.532601285725831985e-02
1.183413807302713394e-02
1.536407321691513062e-02
8.403977379202842712e-03
9.869278408586978912e-03
1.093219034373760223e-02
-9.430075064301490784e-03
-6.127651780843734741e-03
-1.314401533454656601e-02
-1.170834153890609741e-02
-6.046530324965715408e-03
-1.342073455452919006e-02
-1.959265582263469696e-02
-1.205847319215536118e-02
-1.971791684627532959e-02
5.798316560685634613e-03
5.507895722985267639e-03
5.364524200558662415e-03
7.852438837289810181e-03
8.101521059870719910e-03
6.226973142474889755e-03
2.676404779776930809e-03
4.742640070617198944e-03
-1.879588235169649124e-04
9.760831017047166824e-04
2.877258695662021637e-03
-1.146137597970664501e-03
-2.594484016299247742e-03
7.463356596417725086e-04
-2.919520949944853783e-03
-4.540447262115776539e-04
3.543512721080332994e-04
-1.334453350864350796e-03
-1.298780832439661026e-02
-1.069947145879268646e-02
-1.489378605037927628e-02
-1.087244786322116852e-02
-6.686145905405282974e-03
-8.373742923140525818e-03
-1.323348749428987503e-02
-7.082459516823291779e-03
-5.420680157840251923e-03
-2.725857775658369064e-03
-4.329761024564504623e-03
-4.995866212993860245e-03
-1.947115757502615452e-03
-2.889925148338079453e-03
-3.611974883824586868e-03
-4.360683728009462357e-03
-4.253692459315061569e-03
-4.521969705820083618e-03
3.522990737110376358e-04
1.905178767628967762e-03
-3.762288542930036783e-04
-1.010977546684443951e-03
-8.994471863843500614e-04
-2.926735207438468933e-03
1.399879693053662777e-05
2.109140623360872269e-03
7.725437171757221222e-04
-8.317961357533931732e-03
-4.269269295036792755e-03
-9.326661005616188049e-03
1.627941499464213848e-03
1.143755624070763588e-03
-3.546262858435511589e-03
2.423070138320326805e-03
-1.456288155168294907e-03
-4.877157043665647507e-03
3.455325588583946228e-02
3.067117184400558472e-02
4.339019954204559326e-02
1.491038408130407333e-02
7.227487862110137939e-03
2.075046859681606293e-02
1.690680161118507385e-02
1.207365188747644424e-02
2.322193421423435211e-02
-5.336629226803779602e-03
-3.762861015275120735e-03
-5.346260964870452881e-03
-3.599979681894183159e-03
-2.204522490501403809e-03
-5.620115436613559723e-03
-1.062624529004096985e-02
-9.703153744339942932e-03
-1.422385685145854950e-02
1.064420118927955627e-02
8.246795274317264557e-03
1.363972947001457214e-02
8.691645227372646332e-03
5.037044174969196320e-03
1.120574027299880981e-02
1.119907759130001068e-02
8.288145065307617188e-03
1.422681380063295364e-02
1.891976222395896912e-02
6.802615243941545486e-03
1.695079170167446136e-02
1.261884439736604691e-02
2.575077116489410400e-03
1.327137183398008347e-02
1.499665435403585434e-02
4.087105859071016312e-03
1.721512340009212494e-02
-2.347203437238931656e-03
-4.084961023181676865e-03
-3.113807179033756256e-03
-2.299708867212757468e-04
-1.588633749634027481e-03
-2.859414555132389069e-03
-1.733729150146245956e-04
-9.134716354310512543e-03
-9.899765253067016602e-03
1.654246076941490173e-02
1.025475375354290009e-02
1.578619517385959625e-02
1.701058447360992432e-02
4.668191075325012207e-03
1.007090229541063309e-02
2.440696209669113159e-02
1.232721842825412750e-02
1.966011896729469299e-02
-1.231722533702850342e-02
-1.099100708961486816e-02
-1.414987072348594666e-02
-8.087952621281147003e-03
-4.025255795568227768e-03
-9.583941660821437836e-03
-9.115787222981452942e-03
-2.685834988369606435e-05
-8.114874362945556641e-03
1.832598261535167694e-02
8.236961002694442868e-05
1.684138551354408264e-02
8.188040927052497864e-03
-8.368294686079025269e-03
8.812530897557735443e-03
3.758599609136581421e-02
2.266167104244232178e-02
4.324026405811309814e-02
4.647907800972461700e-03
5.515150260180234909e-03
1.463327370584011078e-02
3.306128783151507378e-03
3.279012395069003105e-03
1.082056295126676559e-02
3.422737820073962212e-03
1.549360458739101887e-03
7.704446092247962952e-03
-3.245768137276172638e-03
2.652606344781816006e-04
-1.015506102703511715e-03
-1.392638776451349258e-03
4.670943599194288254e-03
-1.255401060916483402e-03
-4.552517086267471313e-03
-2.496730303391814232e-05
-8.381065912544727325e-03
3.314307332038879395e-02
2.832452952861785889e-02
3.755624592304229736e-02
3.132459893822669983e-02
2.471408247947692871e-02
3.425186872482299805e-02
1.691887527704238892e-02
1.354496832937002182e-02
1.465673651546239853e-02
2.005981653928756714e-02
1.570115424692630768e-02
2.183630503714084625e-02
2.901989407837390900e-02
1.982200890779495239e-02
2.325432933866977692e-02
3.499973192811012268e-02
2.791144512593746185e-02
3.025054931640625000e-02
-1.554450951516628265e-02
-1.299909502267837524e-02
-1.474676746875047684e-02
-3.537074197083711624e-03
-1.877394970506429672e-04
-4.459516610950231552e-03
-1.044829003512859344e-02
-7.314831949770450592e-03
-1.028901711106300354e-02
2.026162482798099518e-02
1.215833239257335663e-02
2.221220917999744415e-02
9.124665521085262299e-03
2.269299438921734691e-04
8.709782734513282776e-03
8.228191174566745758e-03
3.211802570149302483e-03
8.333224803209304810e-03
2.654730156064033508e-02
1.881230995059013367e-02
2.860827557742595673e-02
1.569472439587116241e-02
1.131717674434185028e-02
2.482114546000957489e-02
1.756495796144008636e-02
1.638066582381725311e-02
2.992045879364013672e-02
-2.802230184897780418e-03
-1.005458645522594452e-03
2.252553822472691536e-04
-2.234314102679491043e-03
4.145205894019454718e-04
5.986616015434265137e-03
-1.185925770550966263e-02
-5.982768256217241287e-03
4.822378512471914291e-03
-1.159553788602352142e-02
-7.020877674221992493e-03
-9.517311118543148041e-03
-6.247838493436574936e-03
-3.361742943525314331e-03
-7.886518724262714386e-03
-7.666837424039840698e-03
-3.776649013161659241e-03
-7.868990302085876465e-03
2.417025528848171234e-02
1.733055338263511658e-02
2.253538928925991058e-02
2.144411206245422363e-02
1.407730020582675934e-02
1.692549139261245728e-02
2.574742399156093597e-02
1.595730893313884735e-02
1.866545714437961578e-02
-2.178315259516239166e-02
-1.651239395141601562e-02
-2.602621912956237793e-02
-1.597166433930397034e-02
-9.106821380555629730e-03
-1.536130066961050034e-02
-1.449373830109834671e-02
-8.130008354783058167e-03
-1.404450926929712296e-02
9.508307091891765594e-03
2.879768377169966698e-03
7.338741328567266464e-03
5.249503999948501587e-03
-6.025262176990509033e-03
-1.879746210761368275e-03
6.869833450764417648e-03
-4.490619990974664688e-03
-6.629970157518982887e-04
-1.119727734476327896e-02
-5.880356300622224808e-03
-1.520270481705665588e-02
-7.618677336722612381e-03
5.456287763081490993e-04
-1.245985738933086395e-02
-1.953611336648464203e-02
-9.240940213203430176e-03
-2.767739258706569672e-02
-9.522705338895320892e-03
-1.163196167908608913e-03
-4.411964211612939835e-03
-9.019113145768642426e-03
-2.758303657174110413e-03
-3.946671262383460999e-03
-5.938643123954534531e-03
4.314721154514700174e-04
-1.479537575505673885e-03
-2.644543908536434174e-02
-2.786807715892791748e-02
-2.586538717150688171e-02
-2.043750695884227753e-02
-1.762842386960983276e-02
-1.920869946479797363e-02
-2.394832298159599304e-02
-1.995395310223102570e-02
-2.176743000745773315e-02
1.085927896201610565e-02
1.022940222173929214e-02
2.815538644790649414e-02
3.126959316432476044e-03
2.292372751981019974e-03
2.245389670133590698e-02
1.672451198101043701e-02
1.599454320967197418e-02
3.416491672396659851e-02
5.348883103579282761e-03
4.829023964703083038e-03
2.108770189806818962e-03
1.266367826610803604e-02
1.075355894863605499e-02
6.915572099387645721e-03
1.390439458191394806e-02
1.014454197138547897e-02
5.557064898312091827e-03
-2.673426351975649595e-04
-4.984159953892230988e-03
6.290534045547246933e-03
4.588192387018352747e-04
-5.651941988617181778e-03
1.882178941741585732e-03
9.105915087275207043e-04
-7.843453437089920044e-03
-5.167830386199057102e-04
-1.222970336675643921e-02
-1.628126576542854309e-02
-1.419647037982940674e-02
-5.439523141831159592e-03
-7.373682688921689987e-03
-8.123286999762058258e-03
-5.525611340999603271e-03
-6.676233373582363129e-03
-9.293549694120883942e-03
-2.036166144534945488e-03
-3.341716015711426735e-03
-8.242087787948548794e-04
-1.254512835294008255e-02
-1.296577788889408112e-02
-1.117251534014940262e-02
-2.950516529381275177e-03
-3.034922759979963303e-03
-2.172088017687201500e-03
7.386379875242710114e-03
1.791583723388612270e-03
2.080647042021155357e-03
7.554414682090282440e-03
5.352525040507316589e-03
6.534094922244548798e-03
1.187449414283037186e-02
9.083651006221771240e-03
7.933076471090316772e-03
-4.365523345768451691e-03
-3.789484733715653419e-03
-4.399830941110849380e-03
-2.729680621996521950e-03
1.763551146723330021e-03
-1.441150670871138573e-03
-1.208896096795797348e-02
-5.427589640021324158e-03
-1.356310490518808365e-02
-3.595509566366672516e-03
-3.905751742422580719e-03
-2.793065272271633148e-03
-9.034012327902019024e-04
-1.204053289256989956e-03
1.494522322900593281e-03
8.527897443855181336e-05
-2.403256949037313461e-03
-1.586845843121409416e-03
1.744562573730945587e-02
9.064800105988979340e-03
5.167873576283454895e-03
1.809627562761306763e-02
8.902597241103649139e-03
6.820849142968654633e-03
2.224826067686080933e-02
1.446423679590225220e-02
1.253194827586412430e-02
1.675493083894252777e-02
1.552311889827251434e-02
2.220808900892734528e-02
1.552565116435289383e-02
1.017206441611051559e-02
2.193125896155834198e-02
1.641989499330520630e-02
1.243144366890192032e-02
1.583810336887836456e-02
-1.385641563683748245e-02
-1.447982713580131531e-02
-1.443763822317123413e-02
-5.768047180026769638e-03
-2.740682801231741905e-03
-5.622172728180885315e-03
-1.178611163049936295e-02
-8.620829321444034576e-03
-6.510973908007144928e-03
1.252441434189677238e-03
4.980680998414754868e-03
3.465299494564533234e-03
-7.638843264430761337e-03
-3.112490521743893623e-03
-5.991077516227960587e-03
-8.866067975759506226e-03
-3.607413731515407562e-03
-7.340424694120883942e-03
-1.477597281336784363e-03
3.083390416577458382e-03
2.171533415094017982e-03
-7.450387929566204548e-04
7.143188733607530594e-03
4.571233876049518585e-03
-5.469831172376871109e-03
6.235162261873483658e-03
-5.669327219948172569e-04
-1.263737212866544724e-02
-6.141696590930223465e-03
-1.711940392851829529e-02
-1.000195462256669998e-02
-6.834453437477350235e-03
-1.626851037144660950e-02
-1.140904333442449570e-02
-6.894438527524471283e-03
-1.049542706459760666e-02
8.493507630191743374e-04
-1.691819168627262115e-03
-1.705527887679636478e-03
6.876084022223949432e-03
6.220941431820392609e-03
7.035161368548870087e-03
4.532038699835538864e-03
-9.106784273171797395e-05
1.371695543639361858e-03
1.255069766193628311e-02
6.105045787990093231e-03
1.288628485053777695e-02
1.210555154830217361e-02
6.614718586206436157e-03
1.541205588728189468e-02
4.869713913649320602e-03
2.905178349465131760e-03
1.184874773025512695e-02
4.418458789587020874e-03
5.842457059770822525e-03
-8.459854871034622192e-04
5.581018980592489243e-03
8.788052946329116821e-03
6.363898981362581253e-03
1.162024028599262238e-02
1.877156458795070648e-02
1.317485980689525604e-02
-6.608196534216403961e-03
-4.624004475772380829e-03
-1.459851977415382862e-03
-6.316602695733308792e-03
-2.906342502683401108e-03
-3.479890874586999416e-04
-1.593944244086742401e-02
-1.196336373686790466e-02
-1.018908061087131500e-02
1.074053719639778137e-02
5.431663710623979568e-03
1.061226893216371536e-02
1.027382817119359970e-02
4.574769176542758942e-03
8.057901635766029358e-03
2.142257243394851685e-02
1.647681556642055511e-02
2.258570864796638489e-02
9.859585203230381012e-03
1.104839798063039780e-02
4.467043094336986542e-03
7.577493321150541306e-03
1.070248056203126907e-02
1.209070160984992981e-02
2.134398324415087700e-03
7.085380144417285919e-03
6.931240670382976532e-03
-2.619347162544727325e-02
-1.683641970157623291e-02
-2.569534815847873688e-02
-1.332070678472518921e-02
-6.797682493925094604e-03
-1.110865268856287003e-02
-1.677757501602172852e-02
-1.013178378343582153e-02
-1.393079664558172226e-02
9.394942899234592915e-04
-2.169295679777860641e-03
1.290525891818106174e-03
3.668297315016388893e-03
1.827087136916816235e-03
2.691205823794007301e-03
-5.869693588465452194e-03
-2.502385992556810379e-03
-1.431563869118690491e-03
1.143569499254226685e-02
6.639201659709215164e-03
-1.042041112668812275e-03
6.776439025998115540e-03
4.082106053829193115e-03
4.596873768605291843e-04
4.307421389967203140e-03
-3.956520929932594299e-03
-5.954837426543235779e-03
-1.218258775770664215e-02
-1.084704510867595673e-02
-1.196545362472534180e-02
-1.267746742814779282e-02
-8.867587894201278687e-03
-1.292457804083824158e-02
-8.587369695305824280e-03
-6.710886955261230469e-03
-1.275679562240839005e-02
4.919977858662605286e-03
1.797344884835183620e-03
1.479918282711878419e-04
5.662549752742052078e-03
3.537484444677829742e-03
3.861248027533292770e-03
6.932868156582117081e-03
6.427339743822813034e-03
5.266977008432149887e-03
-1.864232355728745461e-03
7.345361169427633286e-03
-3.760922234505414963e-03
-1.458703773096203804e-04
6.878099404275417328e-03
-1.985377632081508636e-03
-3.590203588828444481e-03
3.412608057260513306e-03
-2.709525870159268379e-03
-3.115235129371285439e-03
1.154085970483720303e-03
-5.071571096777915955e-03
-5.732242483645677567e-03
-2.681979443877935410e-03
-6.905188318341970444e-03
-3.870796645060181618e-03
2.035144018009305000e-03
-5.287458770908415318e-04
-7.191280834376811981e-03
-4.387410357594490051e-03
-7.295755669474601746e-03
-6.487384904175996780e-03
-2.280228538438677788e-03
-4.037213511765003204e-03
-9.425982832908630371e-03
-2.772627864032983780e-03
-1.140778302215039730e-03
-4.169207997620105743e-03
2.222738461568951607e-03
-3.897148417308926582e-03
-2.394356764853000641e-03
5.613918881863355637e-03
7.529687718488276005e-04
-1.435455400496721268e-02
-3.787509631365537643e-03
-8.739312179386615753e-03
-5.247892811894416809e-03
-3.503986401483416557e-03
-1.653963513672351837e-02
1.268215477466583252e-03
-2.862805500626564026e-03
-1.100731547921895981e-02
-1.219937112182378769e-03
-4.814893007278442383e-03
-1.580534689128398895e-02
5.395564949139952660e-04
-7.349892519414424896e-03
-1.454484555870294571e-02
3.141851164400577545e-03
-3.127593314275145531e-03
-6.755743175745010376e-03
5.037530325353145599e-03
-3.279872471466660500e-03
-3.136772895231842995e-03
-1.315414439886808395e-02
-7.286482024937868118e-03
-1.204453594982624054e-02
-1.004036702215671539e-02
-3.322379896417260170e-03
-1.017284579575061798e-02
-1.079160533845424652e-02
-7.137409411370754242e-03
-1.705110818147659302e-02
3.596969321370124817e-02
2.292318269610404968e-02
4.738287627696990967e-02
1.885580271482467651e-02
3.878992982208728790e-03
2.290636673569679260e-02
3.587688133120536804e-02
1.626507751643657684e-02
3.741942346096038818e-02
-1.090914756059646606e-02
-1.407312974333763123e-02
-2.054296992719173431e-02
-7.385651115328073502e-03
-6.916908547282218933e-03
-1.601340435445308685e-02
-2.055431343615055084e-02
-2.062573842704296112e-02
-2.454108558595180511e-02
-4.848935641348361969e-03
1.454883138649165630e-03
-8.067928138189017773e-04
-5.905621685087680817e-03
-2.470673993229866028e-03
-8.052361197769641876e-03
-7.693264633417129517e-03
-4.219190217554569244e-03
-1.267889048904180527e-02
5.983208771795034409e-03
8.482341654598712921e-03
6.737613584846258163e-03
5.394994746893644333e-03
1.080376002937555313e-02
4.783363547176122665e-03
-8.221019059419631958e-03
-5.361268762499094009e-03
-1.568500883877277374e-02
-3.863852471113204956e-04
-5.505044478923082352e-03
-1.145143643952906132e-03
5.975724197924137115e-04
-2.624784596264362335e-03
2.386754844337701797e-03
2.693021437153220177e-03
2.652798779308795929e-03
5.297656171023845673e-03
2.463981881737709045e-02
4.952159710228443146e-03
6.910268217325210571e-03
2.172327227890491486e-02
6.581136956810951233e-03
7.448323071002960205e-03
2.439893968403339386e-02
1.415058039128780365e-02
1.223688758909702301e-02
7.603597827255725861e-03
-1.950321136973798275e-03
6.874395068734884262e-03
3.370626829564571381e-03
-4.698873963207006454e-03
3.504707245156168938e-03
4.176484420895576477e-03
-2.744122408330440521e-03
4.879978951066732407e-03
-5.744188558310270309e-03
1.580119947902858257e-03
1.667515141889452934e-03
-4.230648744851350784e-03
1.838922617025673389e-03
-8.488134481012821198e-04
-8.546859025955200195e-03
-3.740533720701932907e-03
-6.361352745443582535e-03
-1.417165994644165039e-02
-4.225495737046003342e-03
-1.615463942289352417e-02
-1.178889349102973938e-02
-3.521757898852229118e-03
-1.434206496924161911e-02
-1.414969377219676971e-02
-8.094846270978450775e-03
-1.940380223095417023e-02
2.430311404168605804e-02
1.370438374578952789e-02
1.720069348812103271e-02
9.745888411998748779e-03
-9.105161007028073072e-05
2.540553919970989227e-03
6.417935714125633240e-03
7.095083128660917282e-04
2.830010373145341873e-03
-7.093944586813449860e-03
2.457136288285255432e-04
-6.221961695700883865e-03
-7.286195177584886551e-03
1.234895782545208931e-03
-4.868612159043550491e-03
-1.971895061433315277e-02
-1.091877464205026627e-02
-2.021829970180988312e-02
3.706671297550201416e-02
2.809379436075687408e-02
3.389824554324150085e-02
1.890976913273334503e-02
9.014030918478965759e-03
1.745455712080001831e-02
2.507879026234149933e-02
1.528045535087585449e-02
2.201615273952484131e-02
9.512851014733314514e-03
1.160229207016527653e-03
1.466485299170017242e-02
6.139500997960567474e-03
-3.784205531701445580e-03
9.084693156182765961e-03
1.483011152595281601e-02
2.595008409116417170e-04
1.245097722858190536e-02
3.442325443029403687e-02
3.024918213486671448e-02
3.949962556362152100e-02
2.943581528961658478e-02
2.096771448850631714e-02
3.102728165686130524e-02
4.042699187994003296e-02
3.160290047526359558e-02
4.361743107438087463e-02
-7.691758219152688980e-03
2.977038267999887466e-03
1.468396745622158051e-03
2.108797663822770119e-03
8.262096904218196869e-03
6.900908425450325012e-03
-1.608717022463679314e-03
2.564246067777276039e-03
3.902105614542961121e-03
-1.057270262390375137e-02
-6.684233434498310089e-03
-2.635168470442295074e-02
-5.477199796587228775e-03
-1.617844332940876484e-03
-1.789485476911067963e-02
-1.557186152786016464e-02
-1.238328963518142700e-02
-2.863168530166149139e-02
7.486930117011070251e-03
1.539801131002604961e-03
4.662824794650077820e-03
1.515810959972441196e-03
-5.687731783837080002e-03
-2.725515514612197876e-03
1.070464216172695160e-02
7.109495345503091812e-03
1.228229142725467682e-02
1.794492825865745544e-02
1.268226094543933868e-02
2.922689355909824371e-02
6.296802777796983719e-03
5.155247054062783718e-04
1.884387433528900146e-02
9.135414846241474152e-03
2.341382438316941261e-03
2.147958986461162567e-02
-6.570340134203433990e-03
-7.328079082071781158e-03
-1.674888283014297485e-02
-1.902807503938674927e-03
-5.898460745811462402e-03
-1.255066599696874619e-02
2.924711909145116806e-03
1.234772731550037861e-03
-6.941291969269514084e-03
-7.616750430315732956e-03
-1.063678693026304245e-02
-7.794983219355344772e-03
-5.561791826039552689e-03
-5.788743495941162109e-03
-8.767023682594299316e-03
-4.322698339819908142e-03
-7.235788274556398392e-03
-1.015869993716478348e-02
-3.811845090240240097e-03
-6.206910475157201290e-04
1.369591814182058442e-06
-5.944035016000270844e-03
3.377716522663831711e-03
-1.902314979815855622e-04
-9.340180084109306335e-03
-3.358353395015001297e-03
-7.285925094038248062e-03
-2.849884703755378723e-02
-1.672610640525817871e-02
-3.061464428901672363e-02
-2.562450803816318512e-02
-9.198221378028392792e-03
-2.188865095376968384e-02
-3.665278851985931396e-02
-1.791960187256336212e-02
-3.398040682077407837e-02
-5.392997059971094131e-03
-4.929782822728157043e-03
-1.158876228146255016e-03
-3.288377192802727222e-04
-3.340487601235508919e-03
2.648026216775178909e-03
-6.621628068387508392e-03
-1.092872396111488342e-02
1.513048773631453514e-04
-1.619381946511566639e-03
7.008905522525310516e-04
-1.214551506564021111e-03
-3.804329084232449532e-03
-1.495047472417354584e-03
-1.166014466434717178e-03
-2.192636020481586456e-03
2.892513584811240435e-04
1.354386564344167709e-03
4.511092323809862137e-03
1.399880088865756989e-02
5.043947603553533554e-03
8.034096099436283112e-03
1.710180193185806274e-02
1.208641659468412399e-02
7.257380522787570953e-03
1.732718199491500854e-02
2.051799185574054718e-02
-2.844303287565708160e-02
-2.317524142563343048e-02
-3.321658074855804443e-02
-1.680186018347740173e-02
-7.044798228889703751e-03
-1.771643012762069702e-02
-1.884491369128227234e-02
-8.337012492120265961e-03
-1.710850745439529419e-02
1.762372069060802460e-02
6.358494982123374939e-03
1.164966821670532227e-02
1.273179892450571060e-02
1.513288123533129692e-03
5.984344519674777985e-03
3.319862857460975647e-02
1.992387697100639343e-02
2.519407682120800018e-02
-2.596317324787378311e-03
-2.710399683564901352e-03
8.866948075592517853e-03
-9.063788689672946930e-03
-8.455124683678150177e-03
7.640625117346644402e-04
3.300952259451150894e-03
-4.642399493604898453e-03
4.690068308264017105e-03
5.159321427345275879e-02
2.880305983126163483e-02
4.048734530806541443e-02
3.055657632648944855e-02
9.663222357630729675e-03
1.964777521789073944e-02
3.605620190501213074e-02
1.600230112671852112e-02
2.158008329570293427e-02
1.427791640162467957e-02
1.506269257515668869e-02
2.325917407870292664e-02
1.373634394258260727e-02
8.165786042809486389e-03
1.548988744616508484e-02
2.210602164268493652e-02
1.870870031416416168e-02
2.467470243573188782e-02
2.690472640097141266e-02
1.306460611522197723e-02
1.870951987802982330e-02
1.373588852584362030e-02
1.923704636283218861e-03
4.926315974444150925e-03
2.016134932637214661e-02
5.665541626513004303e-03
2.750481246039271355e-03
-6.324128247797489166e-03
-7.604279555380344391e-03
-7.087967824190855026e-03
-5.701367743313312531e-03
-6.883807945996522903e-03
-6.055812817066907883e-03
-5.952246952801942825e-03
-9.138801135122776031e-03
-7.839658297598361969e-03
-1.203753403387963772e-03
4.249394405633211136e-03
2.825279161334037781e-02
-6.444352678954601288e-03
-5.866298452019691467e-04
2.144955098628997803e-02
8.465668186545372009e-03
1.472856383770704269e-02
4.130371287465095520e-02
-3.003494068980216980e-02
-8.822868578135967255e-03
-1.940010115504264832e-02
-2.587572298943996429e-02
-5.643065087497234344e-03
-1.676763035356998444e-02
-3.073099441826343536e-02
-1.269412226974964142e-02
-2.228945679962635040e-02
-1.400479115545749664e-02
-9.277113713324069977e-03
-1.696718670427799225e-02
-9.345785714685916901e-03
-8.300088346004486084e-03
-1.489463355392217636e-02
-7.372802589088678360e-03
-6.266270764172077179e-03
-1.622476615011692047e-02
-1.482976367697119713e-03
-1.200514147058129311e-03
9.985910728573799133e-03
6.205070530995726585e-04
1.619181479327380657e-03
1.311359647661447525e-02
1.866657286882400513e-02
2.094969153404235840e-02
3.182968497276306152e-02
1.497602742165327072e-02
1.199204381555318832e-02
2.138771302998065948e-02
3.906479571014642715e-03
-5.491852760314941406e-03
1.122234202921390533e-02
1.703318208456039429e-02
1.056206971406936646e-02
2.150026150047779083e-02
2.208506129682064056e-02
1.903822273015975952e-02
1.650641858577728271e-02
9.352209046483039856e-03
7.619434036314487457e-03
1.306636608205735683e-03
1.755614532157778740e-03
-2.449646999593824148e-04
-1.243438106030225754e-02
-1.601620577275753021e-02
-4.949377384036779404e-03
-2.122506313025951385e-02
-1.569140143692493439e-02
-6.978053716011345387e-04
-1.565367728471755981e-02
-2.858295850455760956e-02
-1.115086209028959274e-02
-2.411566302180290222e-02
2.558501728344708681e-04
-4.029621777590364218e-04
-4.600659478455781937e-03
1.868598279543220997e-03
4.311604425311088562e-03
3.630858846008777618e-03
-1.880858791992068291e-03
-1.719502266496419907e-03
-7.434234139509499073e-04
1.449268870055675507e-02
2.159128896892070770e-03
6.919006351381540298e-03
1.808217540383338928e-02
5.160381551831960678e-03
9.844246320426464081e-03
3.886412456631660461e-02
2.849736250936985016e-02
3.113032691180706024e-02
-8.666935376822948456e-03
-1.825636997818946838e-02
-2.118107490241527557e-02
-1.125983521342277527e-02
-1.625521667301654816e-02
-2.147344872355461121e-02
-1.838028430938720703e-02
-2.116601541638374329e-02
-2.816765382885932922e-02
-1.689474657177925110e-02
-1.287010777741670609e-02
-1.959592290222644806e-02
-1.204846519976854324e-02
-8.603987284004688263e-03
-1.217202935367822647e-02
-7.844101637601852417e-03
-8.689578622579574585e-03
-2.664748812094330788e-03
-1.903367415070533752e-02
-1.053114514797925949e-02
-2.346891909837722778e-02
-1.341625954955816269e-02
-6.265497300773859024e-03
-1.852552220225334167e-02
-1.408466231077909470e-02
-7.008590735495090485e-03
-1.599922403693199158e-02
2.091998979449272156e-02
9.768316522240638733e-03
1.514212787151336670e-02
2.401584759354591370e-02
7.644296623766422272e-03
1.314287260174751282e-02
3.240872174501419067e-02
1.690716482698917389e-02
2.370190806686878204e-02
-2.811774797737598419e-02
-2.010941132903099060e-02
-3.726254403591156006e-02
-2.154186367988586426e-02
-1.113701891154050827e-02
-2.682621963322162628e-02
-2.187208458781242371e-02
-1.363683585077524185e-02
-2.543078362941741943e-02
-1.644477597437798977e-03
-1.890497095882892609e-02
-5.038712173700332642e-03
-1.748783630318939686e-03
-2.051034756004810333e-02
-5.733432713896036148e-03
3.244955325499176979e-03
-1.730170659720897675e-02
-2.647942397743463516e-03
-1.754323136992752552e-03
-8.927695453166961670e-04
1.805552281439304352e-03
-2.918856684118509293e-03
-1.756692188791930676e-03
-2.535910462029278278e-04
-2.464526798576116562e-03
-2.791732549667358398e-03
9.605613304302096367e-04
1.002979581244289875e-03
-2.604454942047595978e-02
-5.671693477779626846e-03
-9.688742458820343018e-03
-3.535505011677742004e-02
-1.331622898578643799e-02
9.036756120622158051e-03
-1.018760725855827332e-02
7.252957671880722046e-03
-1.982340775430202484e-02
-8.784689940512180328e-03
-1.831386797130107880e-02
-1.583153568208217621e-02
-6.961627397686243057e-03
-1.173960696905851364e-02
-2.574636414647102356e-02
-1.493296492844820023e-02
-2.162904664874076843e-02
2.145794220268726349e-02
8.894549682736396790e-03
1.714027300477027893e-02
1.154264807701110840e-02
4.463580902665853500e-03
1.068027131259441376e-02
2.084809727966785431e-02
1.661192625761032104e-02
2.831865102052688599e-02
-2.306770905852317810e-02
-2.372216992080211639e-02
-9.784723632037639618e-03
-1.969306543469429016e-02
-2.504937164485454559e-02
-9.424274787306785583e-03
-3.037984110414981842e-02
-3.596971184015274048e-02
-1.569279283285140991e-02
-1.873952709138393402e-02
-1.545711793005466461e-02
-1.869693398475646973e-02
-9.919604286551475525e-03
-3.626903286203742027e-03
-7.886763662099838257e-03
-1.281097810715436935e-02
-9.187070652842521667e-03
-6.703136488795280457e-03
1.890752092003822327e-02
1.217886246740818024e-02
1.010107435286045074e-02
1.145552285015583038e-02
3.659671870991587639e-03
4.391461145132780075e-03
1.177790388464927673e-02
8.069452829658985138e-03
7.493362296372652054e-03
-5.820569582283496857e-03
-1.345190312713384628e-02
-2.334358356893062592e-02
-3.611814696341753006e-03
-8.455626666545867920e-03
-1.352350879460573196e-02
-3.571599721908569336e-03
-1.417582761496305466e-02
-1.743944361805915833e-02
-1.697181351482868195e-02
-1.469017658382654190e-02
-1.769200898706912994e-02
-2.524807816371321678e-03
4.849123302847146988e-03
-3.410190343856811523e-03
-7.252786308526992798e-03
-1.587962615303695202e-03
-7.856284268200397491e-03
-4.046710208058357239e-02
-2.042657136917114258e-02
-3.156507760286331177e-02
-2.635070867836475372e-02
-7.196752820163965225e-03
-1.665551029145717621e-02
-3.818319365382194519e-02
-1.647057570517063141e-02
-2.375359646975994110e-02
3.000527620315551758e-02
3.085955046117305756e-02
3.682947158813476562e-02
3.655421081930398941e-03
4.420523531734943390e-03
1.394034549593925476e-02
1.622214168310165405e-02
2.112890034914016724e-02
2.309307642281055450e-02
-2.561454288661479950e-02
-6.548612378537654877e-03
-2.861331775784492493e-02
-1.594473794102668762e-02
1.339032314717769623e-03
-1.588031090795993805e-02
-2.704651653766632080e-02
-7.451441604644060135e-03
-1.948121376335620880e-02
9.901304729282855988e-03
1.095706969499588013e-02
1.508382521569728851e-02
9.802523069083690643e-03
1.093419734388589859e-02
1.779373176395893097e-02
1.466167625039815903e-02
1.731575839221477509e-02
2.720539830625057220e-02
1.985086873173713684e-02
2.570901438593864441e-02
3.237447515130043030e-02
1.257868576794862747e-02
1.527923159301280975e-02
1.944450289011001587e-02
7.860170677304267883e-03
9.684214368462562561e-03
1.291559729725122452e-02
2.793336473405361176e-02
2.061753720045089722e-02
2.718577533960342407e-02
1.948485523462295532e-02
1.024345867335796356e-02
2.072382904589176178e-02
1.943359524011611938e-02
9.068467654287815094e-03
1.828655600547790527e-02
4.038205742835998535e-02
2.725411206483840942e-02
4.007731750607490540e-02
2.509439550340175629e-02
1.110709831118583679e-02
1.999645866453647614e-02
2.450321987271308899e-02
7.074745837599039078e-03
1.320202648639678955e-02
-1.944458484649658203e-02
-2.057207375764846802e-02
-3.132866322994232178e-02
-1.807713508605957031e-02
-1.479416899383068085e-02
-2.689702995121479034e-02
-2.543458901345729828e-02
-1.638440787792205811e-02
-3.024207800626754761e-02
1.246538758277893066e-02
5.959109868854284286e-03
-8.306715171784162521e-04
3.435642458498477936e-03
-2.161317272111773491e-03
-4.529454745352268219e-03
-3.436843864619731903e-03
-4.516306798905134201e-03
-2.994928043335676193e-03
1.244251430034637451e-02
1.222063042223453522e-02
1.112758275121450424e-02
6.152581423521041870e-03
2.001085318624973297e-03
8.492607623338699341e-03
1.523389294743537903e-02
1.119929552078247070e-02
2.291058190166950226e-02
-1.783080957829952240e-02
-7.941737771034240723e-03
-2.102139405906200409e-02
-1.323044486343860626e-02
-2.793490421026945114e-03
-1.252327580004930496e-02
-1.537081599235534668e-02
-2.623328939080238342e-03
-1.147495582699775696e-02
-7.455732673406600952e-03
-8.609475917182862759e-04
2.204488031566143036e-03
-8.244520053267478943e-03
-3.155218670144677162e-03
7.807297515682876110e-04
-8.650129660964012146e-03
-3.933141473680734634e-03
-3.134063910692930222e-03
-2.232770808041095734e-02
-3.929407801479101181e-03
-1.658902317285537720e-02
-2.675783261656761169e-02
-9.168798103928565979e-03
-2.106753364205360413e-02
-3.718060255050659180e-02
-2.123748511075973511e-02
-3.183054924011230469e-02
-2.246146462857723236e-02
-8.864679373800754547e-03
-1.300312671810388565e-02
-1.366405002772808075e-02
-4.946323577314615250e-03
-8.278727531433105469e-03
-3.619906725361943245e-03
2.087249187752604485e-03
2.670437097549438477e-03
-1.876590587198734283e-02
-1.315090991556644440e-02
-2.467063628137111664e-02
-8.854071609675884247e-03
-4.226376302540302277e-03
-1.277030445635318756e-02
-1.350344810634851456e-02
-1.317362487316131592e-02
-2.295316010713577271e-02
1.584834046661853790e-02
8.958097547292709351e-03
8.990750648081302643e-03
9.105106815695762634e-03
3.601299133151769638e-03
5.952501203864812851e-03
1.677279360592365265e-02
1.097727753221988678e-02
1.144647039473056793e-02
-1.088808197528123856e-02
-4.425749182701110840e-03
-9.089862927794456482e-03
-4.889234434813261032e-03
9.445535251870751381e-04
-5.181365646421909332e-03
-7.915210910141468048e-03
-1.992874313145875931e-03
-4.460963420569896698e-03
-5.293051712214946747e-03
-1.119505730457603931e-03
-1.376381609588861465e-02
-5.366880912333726883e-03
-3.175130113959312439e-03
-1.117205433547496796e-02
-8.908693678677082062e-03
-1.365134771913290024e-02
-1.618538238108158112e-02
-2.249357756227254868e-03
1.617213361896574497e-03
-1.076856907457113266e-02
-3.312706947326660156e-03
-1.565066864714026451e-03
-1.092497073113918304e-02
-9.330451488494873047e-03
-9.168272837996482849e-03
-1.856672205030918121e-02
9.082308039069175720e-03
7.436261512339115143e-03
9.175578132271766663e-03
3.372058505192399025e-03
2.863582689315080643e-03
8.039890788495540619e-03
6.737964227795600891e-03
3.887610277161002159e-03
7.900267839431762695e-03
5.486565176397562027e-03
-5.094729713164269924e-04
4.963158629834651947e-03
4.385125823318958282e-03
-1.079398207366466522e-03
5.036807153373956680e-03
5.842695012688636780e-03
4.864860675297677517e-04
7.073311135172843933e-03
3.629084210842847824e-03
-3.208788693882524967e-04
7.803008193150162697e-04
2.556534018367528915e-03
1.764207845553755760e-04
1.697543659247457981e-03
7.644804660230875015e-03
2.710240893065929413e-03
1.026826095767319202e-03
3.408288815990090370e-03
2.938002813607454300e-03
4.194891545921564102e-03
5.384935066103935242e-03
2.159409457817673683e-03
2.736271591857075691e-03
9.212367236614227295e-03
4.657078534364700317e-03
7.172234356403350830e-03
-1.107598934322595596e-02
-5.608115345239639282e-03
-1.148926187306642532e-02
-9.697466157376766205e-03
-5.169082898646593094e-03
-1.220932137221097946e-02
-1.076570525765419006e-02
-4.277579486370086670e-03
-1.394825335592031479e-02
2.156505919992923737e-02
5.896629765629768372e-03
2.041430026292800903e-02
1.390588935464620590e-02
-2.221205970272421837e-03
1.212761271744966507e-02
3.583286702632904053e-02
2.268146909773349762e-02
3.981674462556838989e-02
6.329521536827087402e-03
8.034022524952888489e-03
1.870235614478588104e-02
2.973744180053472519e-03
2.075398573651909828e-03
1.073609665036201477e-02
2.077816054224967957e-03
-5.301234778016805649e-04
7.470298092812299728e-03
-6.720302626490592957e-03
-2.537097781896591187e-03
-4.025631118565797806e-03
-2.873947378247976303e-03
2.622185274958610535e-03
-1.411007484421133995e-03
-6.457426119595766068e-03
1.466475259803701192e-05
-5.984663963317871094e-03
2.916111052036285400e-02
2.315220236778259277e-02
3.381085023283958435e-02
2.758645638823509216e-02
1.975446566939353943e-02
2.942433021962642670e-02
1.569462381303310394e-02
1.008996553719043732e-02
1.264649722725152969e-02
1.193842384964227676e-02
1.075788866728544235e-02
1.548161264508962631e-02
1.616499386727809906e-02
1.102195493876934052e-02
1.504731643944978714e-02
1.923696324229240417e-02
1.496329437941312790e-02
1.682093925774097443e-02
-8.695057593286037445e-03
-7.428708486258983612e-03
-1.283807493746280670e-02
-3.665891243144869804e-03
-3.721432294696569443e-03
-5.346831399947404861e-03
-8.494385518133640289e-03
-3.662128699943423271e-03
-8.977904915809631348e-03
3.728486364707350731e-03
1.157266888185404241e-04
3.971062600612640381e-03
-9.729777229949831963e-04
-3.221046179533004761e-03
1.765894005075097084e-03
-1.974946120753884315e-03
-1.672293292358517647e-03
1.303422031924128532e-03
1.779192686080932617e-02
1.486727688461542130e-02
2.490681223571300507e-02
1.192870177328586578e-02
9.949342347681522369e-03
2.137272059917449951e-02
1.292268652468919754e-02
1.316621620208024979e-02
2.480215206742286682e-02
-2.073307055979967117e-03
8.468681335216388106e-05
-6.024478934705257416e-04
-1.796012278646230698e-03
1.816107425838708878e-03
4.550654906779527664e-03
-3.555177943781018257e-03
2.174285706132650375e-03
8.137494325637817383e-03
-1.025375816971063614e-02
-7.317814044654369354e-03
-1.045867707580327988e-02
-6.282281130552291870e-03
-1.765016582794487476e-03
-4.728760570287704468e-03
-8.032022044062614441e-03
-9.747414878802374005e-05
-5.487453658133745193e-03
3.053804673254489899e-02
2.206327579915523529e-02
3.231057524681091309e-02
2.506747096776962280e-02
1.559732761234045029e-02
2.485954947769641876e-02
3.360255435109138489e-02
2.380271069705486298e-02
3.005150891840457916e-02
-3.789301030337810516e-03
-5.348826758563518524e-03
-2.745625795796513557e-03
-8.138452656567096710e-03
-8.459999226033687592e-03
-6.164556369185447693e-03
-6.339126732200384140e-03
-6.840917281806468964e-03
-3.088564379140734673e-03
2.889958024024963379e-02
1.793753169476985931e-02
2.354851923882961273e-02
1.544386055320501328e-02
1.426612288923934102e-04
6.258766632527112961e-03
1.738649792969226837e-02
1.840734272263944149e-03
3.590210806578397751e-03
-6.748606916517019272e-03
-1.729014795273542404e-03
-1.275213342159986496e-02
-5.156489554792642593e-03
3.437185194343328476e-03
-7.135391235351562500e-03
-1.574956998229026794e-02
-6.516981869935989380e-03
-2.157448977231979370e-02
-8.755956776440143585e-03
-2.927973400801420212e-03
-2.942044986411929131e-03
-9.251561947166919708e-03
-3.051926149055361748e-03
-5.220596212893724442e-03
-5.664687603712081909e-03
-8.419225341640412807e-04
-2.549881814047694206e-03
-7.322330959141254425e-03
-9.862939827144145966e-03
-3.254001494497060776e-03
-7.166265510022640228e-03
-9.441521950066089630e-03
-5.794750992208719254e-03
-6.236323155462741852e-03
-1.094431709498167038e-02
-8.726445026695728302e-03
7.060092408210039139e-03
1.064870785921812057e-02
2.045244164764881134e-02
2.668083412572741508e-03
4.719271790236234665e-03
1.637853309512138367e-02
1.097247935831546783e-02
1.326061878353357315e-02
2.492920495569705963e-02
4.258329514414072037e-03
4.509004298597574234e-03
2.521519083529710770e-03
9.142403490841388702e-03
7.196192629635334015e-03
4.898642655462026596e-03
9.483298286795616150e-03
7.868685759603977203e-03
5.143851041793823242e-03
1.051196642220020294e-02
1.271870918571949005e-03
2.251951210200786591e-02
9.189109317958354950e-03
-2.012336393818259239e-03
1.506116054952144623e-02
2.255829051136970520e-02
9.383781813085079193e-03
2.308495901525020599e-02
-1.023464836180210114e-02
-1.347664557397365570e-02
-5.463680252432823181e-03
-3.241294762119650841e-03
-5.908615421503782272e-03
-2.894949633628129959e-03
3.563284408301115036e-03
2.719608834013342857e-03
4.983433056622743607e-03
-7.933971937745809555e-04
-4.598609171807765961e-03
-8.504514698870480061e-04
-9.069982916116714478e-03
-1.253382954746484756e-02
-9.569275192916393280e-03
-2.574026584625244141e-03
-5.076360888779163361e-03
-3.860376775264739990e-03
1.809844747185707092e-03
-6.851126090623438358e-05
-1.681955880485475063e-03
3.690957790240645409e-03
5.020845681428909302e-03
1.500584650784730911e-03
6.727893924107775092e-05
1.719451393000781536e-03
-3.003235906362533569e-03
-3.821824211627244949e-03
-3.443821100518107414e-03
-3.158863866701722145e-03
-1.264614402316510677e-03
5.273398710414767265e-04
-1.049636164680123329e-03
-9.653774090111255646e-03
-5.146021023392677307e-03
-8.304748684167861938e-03
-5.675840657204389572e-04
-3.138992935419082642e-03
1.416525803506374359e-03
-6.925750058144330978e-04
-2.304591238498687744e-03
2.079882426187396049e-03
-3.447132185101509094e-04
-2.422153251245617867e-03
7.747114868834614754e-04
1.314458996057510376e-02
6.603036075830459595e-03
6.231693085283041000e-03
1.437832135707139969e-02
7.202643901109695435e-03
6.880441214889287949e-03
2.173800393939018250e-02
1.495217438787221909e-02
1.358876563608646393e-02
9.826209396123886108e-03
9.878522716462612152e-03
8.872501552104949951e-03
7.848971523344516754e-03
3.259925404563546181e-03
4.871519748121500015e-03
7.671856321394443512e-03
2.445571357384324074e-03
2.889547497034072876e-03
-9.719236753880977631e-03
-8.892524056136608124e-03
-1.133689377456903458e-02
-5.226372275501489639e-03
-3.301880322396755219e-03
-4.845877178013324738e-03
-6.799118127673864365e-03
-5.180125124752521515e-03
-3.746151458472013474e-03
-1.832990325056016445e-03
1.769548514857888222e-03
-5.647222860716283321e-04
-7.020536344498395920e-03
-3.670426784083247185e-03
-7.745109032839536667e-03
-9.174341335892677307e-03
-3.103227354586124420e-03
-9.923326782882213593e-03
-8.807578124105930328e-04
-3.528773377183824778e-04
-3.756222140509635210e-04
4.948481800965964794e-04
4.680157173424959183e-03
2.440652810037136078e-03
-4.485019017010927200e-03
1.983460970222949982e-03
-1.742053660564124584e-03
-1.176618412137031555e-02
-5.870590452104806900e-03
-1.316749490797519684e-02
-9.865066967904567719e-03
-4.699788056313991547e-03
-1.018157880753278732e-02
-1.003440842032432556e-02
-2.113817259669303894e-03
-7.469494827091693878e-03
-2.530041616410017014e-03
-6.636109668761491776e-03
-6.050108000636100769e-03
2.678905148059129715e-03
6.540724425576627254e-04
2.777257934212684631e-03
-2.937947632744908333e-03
-6.184916943311691284e-03
-3.478814847767353058e-03
1.945991627871990204e-02
1.269245892763137817e-02
1.833643577992916107e-02
1.556889060884714127e-02
8.254733867943286896e-03
1.569435000419616699e-02
9.839667938649654388e-03
5.038649775087833405e-03
1.338712684810161591e-02
1.753822201862931252e-03
-3.694893326610326767e-03
-3.401158610358834267e-03
3.697913838550448418e-03
5.448419251479208469e-04
1.400319277308881283e-03
7.118381094187498093e-03
7.328120525926351547e-03
5.638922564685344696e-03
-5.885484162718057632e-03
-1.900464645586907864e-03
7.797190482961013913e-05
-6.548136472702026367e-03
-1.636688364669680595e-03
-5.891748587600886822e-04
-1.187207084149122238e-02
-7.221711799502372742e-03
-9.585400111973285675e-03
-4.143492551520466805e-04
1.174688295577652752e-04
2.289992291480302811e-03
1.028548227623105049e-03
-3.557246964192017913e-05
8.224929333664476871e-04
4.834678024053573608e-03
6.921116262674331665e-03
1.035540737211704254e-02
1.009592600166797638e-02
8.678021840751171112e-03
3.291838802397251129e-03
1.065808441489934921e-02
1.197557058185338974e-02
9.985140524804592133e-03
5.525857210159301758e-03
7.522312924265861511e-03
8.674111217260360718e-03
-2.196235395967960358e-02
-1.309287920594215393e-02
-1.844989135861396790e-02
-9.952796623110771179e-03
-2.058212645351886749e-03
-8.779734373092651367e-03
-1.185084693133831024e-02
-6.272196769714355469e-03
-1.045306958258152008e-02
1.309168583247810602e-04
-2.700659970287233591e-04
2.975162351503968239e-03
7.641715928912162781e-04
1.296149683184921741e-03
4.098434583283960819e-04
-6.707681808620691299e-03
-1.992640551179647446e-03
-2.103929407894611359e-03
1.344782765954732895e-03
-1.137729617767035961e-03
-8.351391181349754333e-03
2.469825092703104019e-03
-3.124566865153610706e-04
-6.791088264435529709e-03
-1.860605552792549133e-03
-6.204017437994480133e-03
-1.347927935421466827e-02
-1.359044853597879410e-02
-1.517286058515310287e-02
-1.373184379190206528e-02
-1.041685044765472412e-02
-8.323019370436668396e-03
-1.312853395938873291e-02
-8.899751119315624237e-03
-6.370916496962308884e-03
-1.300500705838203430e-02
-1.946508564287796617e-04
-5.350956926122307777e-04
-2.474449109286069870e-03
1.411631936207413673e-03
1.744062406942248344e-03
3.464448032900691032e-03
-3.447846756898798048e-05
2.083471743389964104e-03
3.475815756246447563e-03
1.091434992849826813e-02
1.554198097437620163e-02
1.165096554905176163e-02
6.796558853238821030e-03
1.155764143913984299e-02
1.009579095989465714e-02
6.829967605881392956e-04
6.515779998153448105e-03
4.627312533557415009e-03
-9.306509047746658325e-03
-3.137524472549557686e-03
-9.791762568056583405e-03
-1.085320860147476196e-02
-3.771188203245401382e-03
-9.941434487700462341e-03
-1.242590509355068207e-02
-4.050150047987699509e-03
-6.548728793859481812e-03
-9.817590005695819855e-03
-6.671694573014974594e-03
-7.583216764032840729e-03
-1.009778399020433426e-02
-4.792333114892244339e-03
-4.101334605365991592e-03
-1.169742643833160400e-02
-3.673912491649389267e-03
-1.881901873275637627e-03
-2.130427019437775016e-04
4.082709085196256638e-03
3.030999097973108292e-03
3.540446516126394272e-03
8.062283508479595184e-03
6.084755528718233109e-03
-3.575706854462623596e-03
1.418856321834027767e-03
1.453296048566699028e-03
-3.725220216438174248e-03
-3.234900068491697311e-03
-1.000220421701669693e-02
-3.363977419212460518e-03
-3.981944173574447632e-03
-6.826432421803474426e-03
-5.542826373130083084e-03
-4.316919483244419098e-03
-1.199776586145162582e-02
1.363144721835851669e-03
-3.681980539113283157e-03
-9.363654069602489471e-03
1.489337766543030739e-03
-1.839254400692880154e-03
-4.587118979543447495e-03
1.145496498793363571e-03
-8.810136350803077221e-04
-1.869632629677653313e-03
-1.158392615616321564e-02
-5.889941006898880005e-03
-1.197123434394598007e-02
-1.104770135134458542e-02
-5.046065896749496460e-03
-1.196679752320051193e-02
-1.370968203991651535e-02
-7.760352455079555511e-03
-1.894767954945564270e-02
1.459442451596260071e-02
9.319110773503780365e-03
2.411778643727302551e-02
5.242800805717706680e-03
-3.177474718540906906e-03
7.985944859683513641e-03
1.475309208035469055e-02
3.646604716777801514e-03
1.600769162178039551e-02
-6.019742228090763092e-03
-6.552925333380699158e-03
-1.079828757792711258e-02
-4.610286094248294830e-03
-2.488503465428948402e-03
-1.028029993176460266e-02
-5.247626919299364090e-03
-8.262524381279945374e-03
-1.143578812479972839e-02
-3.517603036016225815e-03
1.395555678755044937e-03
6.548960227519273758e-04
-2.660848200321197510e-03
2.192101674154400826e-03
-3.417959203943610191e-03
-2.955720759928226471e-03
1.134592457674443722e-03
-6.449710577726364136e-03
2.952278591692447662e-03
7.525064051151275635e-03
4.370870534330606461e-03
5.354588502086699009e-04
6.152076646685600281e-03
1.938777277246117592e-03
-9.543950669467449188e-03
-5.993059370666742325e-03
-1.424580439925193787e-02
-2.948230365291237831e-03
-6.792642176151275635e-03
-2.624290995299816132e-03
-2.526434836909174919e-03
-2.987581538036465645e-03
-1.656775712035596371e-03
-6.047969218343496323e-03
-3.352805739268660545e-03
-4.585253540426492691e-03
2.125697396695613861e-02
5.919262301176786423e-03
8.710492402315139771e-03
2.013492956757545471e-02
6.230642553418874741e-03
8.850489743053913116e-03
2.229572460055351257e-02
1.093345601111650467e-02
1.225091889500617981e-02
-3.335200017318129539e-03
-6.252551451325416565e-03
-1.635616994462907314e-03
-3.978705033659934998e-03
-4.507871344685554504e-03
-8.646418573334813118e-04
-6.132065318524837494e-03
-7.229755632579326630e-03
-5.590783897787332535e-03
9.396176785230636597e-03
7.966415956616401672e-03
1.213893108069896698e-02
4.094731062650680542e-03
4.565560258924961090e-03
8.837178349494934082e-03
2.669907873496413231e-03
3.336635883897542953e-03
4.053569398820400238e-03
-1.212556939572095871e-02
-2.418873598799109459e-03
-1.389589905738830566e-02
-1.066868845373392105e-02
-3.328470513224601746e-03
-1.294398400932550430e-02
-1.466699223965406418e-02
-9.093696251511573792e-03
-1.686284877359867096e-02
1.528715342283248901e-02
9.590935893356800079e-03
9.716491214931011200e-03
7.943322882056236267e-03
3.974348306655883789e-03
2.731382381170988083e-03
5.041462369263172150e-03
4.150124266743659973e-03
2.976624993607401848e-03
-1.008477434515953064e-02
-3.304361598566174507e-03
-7.508866023272275925e-03
-6.746844388544559479e-03
4.789553349837660789e-04
-6.058542523533105850e-03
-1.727922074496746063e-02
-9.160560555756092072e-03
-1.671567000448703766e-02
-4.320323001593351364e-03
-5.823246203362941742e-03
-5.131789483129978180e-03
-4.761230666190385818e-03
-4.740666598081588745e-03
-2.238512039184570312e-03
-1.072844862937927246e-02
-1.070421747863292694e-02
-6.295012775808572769e-03
2.671646326780319214e-02
1.289703696966171265e-02
2.725185640156269073e-02
1.700256019830703735e-02
3.113346407189965248e-03
1.346132438629865646e-02
2.353238500654697418e-02
1.111247669905424118e-02
2.353376522660255432e-02
1.300470996648073196e-02
1.504929456859827042e-02
2.065809816122055054e-02
1.019153930246829987e-02
1.510383188724517822e-02
1.656763255596160889e-02
1.028795726597309113e-02
1.553799211978912354e-02
2.305217273533344269e-02
6.041545420885086060e-03
8.339913911186158657e-04
6.404726766049861908e-03
-5.850645247846841812e-04
-5.864034406840801239e-03
1.098168198950588703e-03
7.789634633809328079e-03
4.376863129436969757e-03
9.690510109066963196e-03
-2.250948920845985413e-02
-9.186768904328346252e-03
-1.448431331664323807e-02
-1.857352443039417267e-02
-5.317125469446182251e-03
-6.331106182187795639e-03
-1.556381024420261383e-02
-8.322634734213352203e-03
-3.084746655076742172e-03
-1.665796153247356415e-02
-1.147886645048856735e-02
-2.656992152333259583e-02
-1.179334241896867752e-02
-6.130802910774946213e-03
-2.115662768483161926e-02
-1.508819591253995895e-02
-8.750791661441326141e-03
-2.310839481651782990e-02
1.048970874398946762e-02
5.819603335112333298e-03
1.348681747913360596e-02
7.384035736322402954e-03
8.441464160569012165e-04
1.026653032749891281e-02
1.080585550516843796e-02
1.622575800865888596e-03
9.825695306062698364e-03
1.089441590011119843e-02
6.670851260423660278e-03
6.412490271031856537e-03
2.741123083978891373e-03
-3.132720710709691048e-03
-1.572876702994108200e-03
-1.190400798805058002e-03
-5.121529567986726761e-03
-1.817680196836590767e-03
-3.533182898536324501e-03
-2.636782126501202583e-03
-6.793762557208538055e-03
-1.088083442300558090e-02
-6.269763689488172531e-03
-8.305353112518787384e-03
-4.072351381182670593e-03
5.131840589456260204e-04
-1.071359147317707539e-03
6.134348921477794647e-03
3.731651697307825089e-03
4.125081934034824371e-03
5.780659150332212448e-03
6.078728940337896347e-03
6.633193232119083405e-03
1.044510956853628159e-02
1.139975059777498245e-02
6.281161680817604065e-03
-2.380661852657794952e-02
-1.334064733237028122e-02
-1.904358714818954468e-02
-1.505888812243938446e-02
-7.506848312914371490e-03
-1.154382526874542236e-02
-1.771134696900844574e-02
-9.340651333332061768e-03
-1.543253846466541290e-02
-8.968959446065127850e-05
-1.194187323562800884e-03
1.753512537106871605e-03
-2.472754567861557007e-03
-2.420154400169849396e-03
-4.299920692574232817e-04
-4.184326156973838806e-03
-2.773304237052798271e-03
1.486928318627178669e-03
7.117920555174350739e-03
9.418790228664875031e-03
6.144714076071977615e-03
2.878343220800161362e-03
4.112915135920047760e-03
4.603907000273466110e-03
9.071966633200645447e-03
4.064465407282114029e-03
9.873216971755027771e-03
2.195589616894721985e-02
2.411073073744773865e-02
8.272425271570682526e-03
2.123446203768253326e-02
1.649711839854717255e-02
5.595051217824220657e-03
1.633201539516448975e-02
9.747610427439212799e-03
-4.480936913751065731e-04
-1.433483045548200607e-02
-1.003773324191570282e-02
-9.971945546567440033e-03
-1.436611544340848923e-02
-9.571354836225509644e-03
-9.986284188926219940e-03
-1.647494360804557800e-02
-7.679255213588476181e-03
-3.640113631263375282e-03
2.030973322689533234e-02
1.038913056254386902e-02
1.331295166164636612e-02
1.275173574686050415e-02
3.080346155911684036e-03
7.175306323915719986e-03
1.301898341625928879e-02
6.720612291246652603e-03
9.761611931025981903e-03
-4.311891645193099976e-02
-2.134382911026477814e-02
-4.120273515582084656e-02
-2.275741659104824066e-02
-5.138431675732135773e-03
-2.410211414098739624e-02
-2.552247419953346252e-02
-9.635061025619506836e-03
-2.762965857982635498e-02
5.135713145136833191e-03
5.530062597244977951e-03
1.252507232129573822e-02
-2.086669672280550003e-03
-3.954351879656314850e-03
1.450984622351825237e-03
-2.661112011992372572e-05
-1.253873459063470364e-03
4.512849263846874237e-03
-6.648400332778692245e-03
-2.840199507772922516e-03
-2.962274663150310516e-02
-7.281345315277576447e-03
2.727833809331059456e-03
-2.029565908014774323e-02
-1.380240451544523239e-02
-2.902473788708448410e-03
-2.108076028525829315e-02
-2.301323413848876953e-02
-9.713621810078620911e-03
-2.289877831935882568e-02
-1.368118543177843094e-02
-1.912314910441637039e-03
-1.515749469399452209e-02
-1.321018114686012268e-02
1.367658958770334721e-03
-1.044029276818037033e-02
-9.035931900143623352e-03
-1.544057298451662064e-02
-1.742308959364891052e-02
-2.258576452732086182e-03
-4.297132138162851334e-03
-7.301459554582834244e-03
-8.994478732347488403e-03
-8.339711464941501617e-03
-1.009770110249519348e-02
2.112282812595367432e-02
2.538715116679668427e-02
5.233865231275558472e-02
4.862030036747455597e-03
6.327232811599969864e-03
3.453024849295616150e-02
2.170031517744064331e-02
2.798528596758842468e-02
6.382283568382263184e-02
-6.563510280102491379e-03
-1.424379530362784863e-03
-4.519070032984018326e-03
1.121449677157215774e-04
4.730931017547845840e-03
-1.400394830852746964e-03
4.257373977452516556e-03
8.114916272461414337e-03
2.412986010313034058e-03
-1.981044560670852661e-02
-4.498804919421672821e-03
-2.564997971057891846e-02
-1.362729538232088089e-02
-1.181846018880605698e-03
-2.303888648748397827e-02
-2.838230505585670471e-02
-1.772038266062736511e-02
-3.909505903720855713e-02
1.948731951415538788e-03
3.404305782169103622e-03
1.126853865571320057e-03
4.015184473246335983e-03
3.101166337728500366e-03
8.779747411608695984e-03
8.662378415465354919e-03
1.251414883881807327e-02
1.805087924003601074e-02
2.201465144753456116e-02
3.396755829453468323e-02
2.833915315568447113e-02
2.924630232155323029e-02
3.826744854450225830e-02
3.098094277083873749e-02
2.035301364958286285e-02
3.188335895538330078e-02
2.709914371371269226e-02
-1.244428195059299469e-02
-6.816987879574298859e-03
-1.301229279488325119e-02
-1.262298598885536194e-02
-2.599761821329593658e-03
-1.163416728377342224e-02
-2.207564562559127808e-02
-8.748831227421760559e-03
-1.705642975866794586e-02
-8.767272345721721649e-03
-5.858641117811203003e-03
-1.302373036742210388e-02
-5.721366964280605316e-03
5.276686279103159904e-04
-7.914192043244838715e-03
-6.901981774717569351e-03
-3.044469631277024746e-04
-7.812635973095893860e-03
-1.737055182456970215e-02
-1.140484679490327835e-02
-1.478452514857053757e-02
-1.388634648174047470e-02
-5.141619592905044556e-03
-8.422880433499813080e-03
-1.835940778255462646e-02
-1.344314403831958771e-02
-2.255713008344173431e-02
2.573070861399173737e-02
1.115085836499929428e-02
8.829993195831775665e-03
2.688225544989109039e-02
1.031766831874847412e-02
1.044604834169149399e-02
4.685244709253311157e-02
3.069923259317874908e-02
2.954696677625179291e-02
1.061600167304277420e-02
1.155567727982997894e-02
1.800152286887168884e-02
9.207297116518020630e-03
1.107352040708065033e-02
2.380108833312988281e-02
1.696446165442466736e-02
2.142144180834293365e-02
3.036610595881938934e-02
3.370194137096405029e-02
1.370932161808013916e-02
3.643504902720451355e-02
1.662999391555786133e-02
-3.330327104777097702e-03
1.872891932725906372e-02
2.409699931740760803e-02
6.989292334765195847e-03
3.067883662879467010e-02
1.568648219108581543e-02
1.095515582710504532e-02
2.170241810381412506e-02
1.047398522496223450e-02
4.876336082816123962e-03
1.478179730474948883e-02
6.022967863827943802e-03
2.149436157196760178e-03
8.629078976809978485e-03
6.502316333353519440e-03
5.525796208530664444e-03
-6.708063185214996338e-03
2.881331602111458778e-03
3.610282437875866890e-03
-1.680530374869704247e-03
-2.087679225951433182e-03
-4.310361691750586033e-04
-4.797281231731176376e-03
3.323201963212341070e-04
-1.284233527258038521e-03
-4.146850202232599258e-03
-1.226110151037573814e-03
-4.288285970687866211e-03
-7.687699981033802032e-03
-1.708390191197395325e-03
-4.633889999240636826e-03
-1.069358270615339279e-02
5.823341663926839828e-03
1.048334757797420025e-03
5.381034687161445618e-03
6.760039366781711578e-03
2.269958145916461945e-03
5.757534410804510117e-03
6.538187153637409210e-03
5.774725694209337234e-03
9.108308702707290649e-03
-2.892649360001087189e-02
-1.831348985433578491e-02
-3.026242181658744812e-02
-2.009138092398643494e-02
-1.030194479972124100e-02
-1.876074448227882385e-02
-2.488295547664165497e-02
-1.547084935009479523e-02
-2.623027749359607697e-02
-3.448278177529573441e-03
-1.692223548889160156e-02
-1.105066854506731033e-02
-1.518322341144084930e-02
-2.682561241090297699e-02
-1.812716387212276459e-02
-1.177522353827953339e-02
-2.691420167684555054e-02
-1.600911840796470642e-02
1.138837425969541073e-03
-3.631125309766503051e-06
-1.393376849591732025e-03
-2.446226077154278755e-03
-4.387928638607263565e-03
-4.930090624839067459e-03
2.374992072873283178e-05
-2.919739345088601112e-03
-3.932925872504711151e-03
3.578138351440429688e-02
1.735940016806125641e-02
2.117641828954219818e-02
2.173845097422599792e-02
8.866373449563980103e-03
1.702461205422878265e-02
3.212516754865646362e-02
1.927431672811508179e-02
3.219996392726898193e-02
-1.159110665321350098e-02
-1.278724614530801773e-02
2.167113125324249268e-03
-1.936142891645431519e-02
-2.235465310513973236e-02
-1.148558501154184341e-02
-1.516766101121902466e-02
-1.891779340803623199e-02
-1.253707334399223328e-02
-3.580117970705032349e-02
-2.190112508833408356e-02
-2.870825119316577911e-02
-2.138298377394676208e-02
-1.101558189839124680e-02
-2.124877460300922394e-02
-2.220187149941921234e-02
-1.082665938884019852e-02
-2.181322500109672546e-02
1.877334713935852051e-02
1.203726604580879211e-02
-2.095166360959410667e-03
1.473206654191017151e-02
8.280301466584205627e-03
-1.409592456184327602e-03
2.098254486918449402e-02
1.328537147492170334e-02
1.979339634999632835e-03
1.531202532351016998e-02
1.290660351514816284e-02
1.544987503439188004e-02
8.118179626762866974e-03
2.866160590201616287e-03
1.051323674619197845e-02
1.517184264957904816e-02
7.626731880009174347e-03
1.383090298622846603e-02
-7.267839275300502777e-03
-3.345152828842401505e-03
-2.521510701626539230e-03
-9.904490783810615540e-03
-4.514404572546482086e-03
-5.630991421639919281e-03
-1.274612452834844589e-02
-7.782535627484321594e-03
-1.213724724948406219e-02
6.962104234844446182e-03
8.145833387970924377e-03
4.100193269550800323e-03
3.506960114464163780e-03
7.438694592565298080e-03
4.854530852753669024e-04
-3.750713367480784655e-04
4.724924918264150620e-03
-2.292668679729104042e-03
-2.214738354086875916e-02
-2.994236536324024200e-02
-2.504263259470462799e-02
-9.877426782622933388e-04
-7.120552007108926773e-03
-6.205227226018905640e-03
1.994815096259117126e-02
1.164091192185878754e-02
1.269789505749940872e-02
-2.617924846708774567e-02
-1.339748408645391464e-02
-2.305567637085914612e-02
-1.832465268671512604e-02
-3.195331431925296783e-03
-1.304558850824832916e-02
-1.522926520556211472e-02
-3.934717737138271332e-03
-1.097025536000728607e-02
1.831848360598087311e-02
8.707068860530853271e-03
1.860025525093078613e-02
1.679389923810958862e-02
1.036077365279197693e-02
1.737743616104125977e-02
2.051866427063941956e-02
1.452774461358785629e-02
2.271541394293308258e-02
-1.535069197416305542e-02
1.348456484265625477e-03
-6.217263638973236084e-03
-1.630511879920959473e-02
3.609519684687256813e-03
-3.142167406622320414e-05
-3.260022029280662537e-02
-9.288148954510688782e-03
-1.408899202942848206e-02
5.697982385754585266e-03
2.225447446107864380e-03
-5.623860750347375870e-03
1.511894725263118744e-02
8.206409402191638947e-03
1.122784684412181377e-03
1.021512504667043686e-02
5.090248771011829376e-03
-2.571666380390524864e-03
4.473413899540901184e-02
2.950597368180751801e-02
4.146508127450942993e-02
2.385327778756618500e-02
8.588486351072788239e-03
2.304568886756896973e-02
2.373497188091278076e-02
1.071435771882534027e-02
2.568529546260833740e-02
8.670097216963768005e-03
-1.581838820129632950e-03
6.092343945056200027e-03
7.643413264304399490e-03
-7.665126468054950237e-04
5.549116060137748718e-03
9.374517016112804413e-03
3.932290710508823395e-03
1.103260461241006851e-02
2.452191896736621857e-02
1.838347688317298889e-02
2.731014974415302277e-02
1.738649792969226837e-02
1.113215368241071701e-02
1.437556743621826172e-02
1.856402494013309479e-02
1.038907468318939209e-02
1.445735059678554535e-02
-1.624790020287036896e-02
-1.506820041686296463e-02
-4.712043795734643936e-03
-1.618504337966442108e-02
-1.523050945252180099e-02
-9.151966311037540436e-03
-1.614075340330600739e-02
-1.847365126013755798e-02
-7.779350969940423965e-03
2.418142557144165039e-02
9.313792921602725983e-03
2.295339293777942657e-02
2.587969042360782623e-02
4.375512246042490005e-03
2.127363532781600952e-02
4.395596310496330261e-02
2.023897692561149597e-02
4.340406879782676697e-02
1.865593157708644867e-02
8.367231115698814392e-03
1.700800471007823944e-02
2.219529263675212860e-02
8.986833505332469940e-03
2.138389833271503448e-02
3.291551768779754639e-02
2.010999806225299835e-02
3.023020550608634949e-02
-2.177469804883003235e-02
-1.357021625153720379e-03
-1.813179440796375275e-02
-1.572567410767078400e-02
-2.250826451927423477e-03
-1.977506652474403381e-02
-3.070470876991748810e-02
-1.785468310117721558e-02
-3.850192576646804810e-02
3.007190115749835968e-02
1.248207315802574158e-02
1.443961355835199356e-02
1.867045648396015167e-02
3.011632710695266724e-03
3.416476538404822350e-03
2.625504508614540100e-02
6.796097848564386368e-03
4.817398265004158020e-03
-1.757687889039516449e-02
-1.203862857073545456e-02
-2.319111302495002747e-02
-7.168820593506097794e-03
-1.411822740919888020e-03
-7.818667218089103699e-03
-1.315945945680141449e-02
-1.121758669614791870e-02
-1.643187552690505981e-02
-6.684165913611650467e-03
-5.199028179049491882e-03
8.750191227591130883e-06
5.357991904020309448e-04
-4.610212636180222034e-04
2.025899942964315414e-03
-1.991010038182139397e-03
8.548491168767213821e-04
-1.165853813290596008e-03
-2.071358263492584229e-02
-1.100670546293258667e-02
-2.088559418916702271e-02
-1.425460446625947952e-02
-1.644022850086912513e-04
-9.131232276558876038e-03
-1.815481670200824738e-02
-6.679865997284650803e-03
-1.583711616694927216e-02
-1.262797322124242783e-02
-1.385654695332050323e-02
-1.949554495513439178e-02
-1.556113548576831818e-02
-1.571495458483695984e-02
-2.369551360607147217e-02
-1.284733600914478302e-02
-1.379813253879547119e-02
-2.242902852594852448e-02
4.632810130715370178e-03
4.183484707027673721e-03
-2.448065439239144325e-03
5.255698342807590961e-04
1.089526340365409851e-03
-4.510950297117233276e-03
-1.208774745464324951e-02
-1.154193095862865448e-02
-1.709201186895370483e-02
-8.561969734728336334e-03
-5.566646344959735870e-03
-4.371050279587507248e-03
-1.041225064545869827e-02
-1.128687057644128799e-02
-7.398546673357486725e-03
-1.349187456071376801e-02
-1.279724109917879105e-02
-8.554082363843917847e-03
1.678099855780601501e-02
5.773643031716346741e-03
1.107574719935655594e-02
1.145614311099052429e-02
1.581316930241882801e-03
7.562403567135334015e-03
1.507003419101238251e-02
6.902576424181461334e-03
1.334805134683847427e-02
6.176279392093420029e-03
-2.256345003843307495e-03
-6.832003127783536911e-04
6.230478174984455109e-03
-3.160467138513922691e-03
-3.473410150036215782e-03
9.986845776438713074e-03
-1.429054886102676392e-03
-2.176863141357898712e-03
-3.227906534448266029e-03
-7.367811631411314011e-04
3.606117388699203730e-04
-4.942141473293304443e-03
-2.317221835255622864e-03
-1.437393017113208771e-03
-5.358721595257520676e-03
-8.849654695950448513e-04
4.663625441025942564e-04
-1.483011059463024139e-02
-8.355475962162017822e-03
-2.470807917416095734e-02
-9.363595396280288696e-03
-1.490243594162166119e-03
-1.259765401482582092e-02
-1.704609580338001251e-02
-9.719042107462882996e-03
-1.899145543575286865e-02
-9.967195801436901093e-03
-7.415088824927806854e-03
-1.259316038340330124e-02
-7.613574620336294174e-03
-4.757546819746494293e-03
-8.275142870843410492e-03
-5.515077617019414902e-03
-1.394624821841716766e-03
-2.655525226145982742e-03
1.963197812438011169e-02
1.175513584166765213e-02
1.701091974973678589e-02
8.715838193893432617e-03
8.435861091129481792e-04
8.935064077377319336e-03
5.740622524172067642e-03
-1.456296449759975076e-04
8.850453421473503113e-03
7.921884767711162567e-03
8.719048346392810345e-04
-3.181873587891459465e-03
4.127908032387495041e-03
-2.813386032357811928e-03
-5.667701363563537598e-03
-1.822478370741009712e-03
-8.732121437788009644e-03
-1.205572579056024551e-02
-1.110321376472711563e-02
-7.631808519363403320e-03
-1.337405573576688766e-02
-1.425550505518913269e-02
-8.817765861749649048e-03
-1.424494758248329163e-02
-7.520294748246669769e-03
-2.797727240249514580e-03
-8.031242527067661285e-03
6.339709740132093430e-03
8.540950715541839600e-03
1.418930478394031525e-02
1.528832316398620605e-02
1.361249294131994247e-02
2.156155742704868317e-02
1.936537772417068481e-02
1.456289272755384445e-02
2.151772752404212952e-02
-2.124848775565624237e-02
-1.343723293393850327e-02
-2.324021980166435242e-02
-1.360937487334012985e-02
-6.899731233716011047e-03
-1.525188144296407700e-02
-1.676259376108646393e-02
-9.025666862726211548e-03
-1.736612431704998016e-02
-6.112046074122190475e-03
-5.468623246997594833e-03
-5.749361589550971985e-03
-2.073941286653280258e-03
-2.927071182057261467e-03
6.306206341832876205e-05
-3.759623505175113678e-03
-6.539228837937116623e-03
-2.153696259483695030e-03
7.818546146154403687e-03
7.704827003180980682e-03
3.827934153378009796e-03
2.832028549164533615e-03
1.984874252229928970e-03
-2.559876975283259526e-06
-6.974932039156556129e-04
1.101347806979902089e-04
2.019455889239907265e-03
1.611550152301788330e-02
1.410704478621482849e-02
1.480085775256156921e-02
9.019472636282444000e-03
4.747519269585609436e-03
7.669473066926002502e-03
1.133122667670249939e-02
8.566020056605339050e-03
1.256669778376817703e-02
-2.221636846661567688e-02
-1.764986105263233185e-02
-2.461534366011619568e-02
-1.693983562290668488e-02
-9.171679615974426270e-03
-1.484753750264644623e-02
-1.653132215142250061e-02
-8.332021534442901611e-03
-9.819974191486835480e-03
2.398668229579925537e-02
1.536956429481506348e-02
1.766170747578144073e-02
1.612059213221073151e-02
6.712726783007383347e-03
8.275806903839111328e-03
1.925964094698429108e-02
1.004305202513933182e-02
1.039682608097791672e-02
-2.496393956243991852e-02
-1.397045422345399857e-02
-2.264859527349472046e-02
-1.078546233475208282e-02
-2.320348285138607025e-03
-1.047871075570583344e-02
-1.120513677597045898e-02
-4.414567258208990097e-03
-9.081562981009483337e-03
1.063181832432746887e-02
8.370744995772838593e-03
1.375642511993646622e-02
4.363501910120248795e-03
-1.452815486118197441e-03
-4.716556286439299583e-04
4.164652898907661438e-03
-2.640599850565195084e-04
-9.810768533498048782e-04
3.387473057955503464e-03
3.361186012625694275e-03
-7.114108651876449585e-03
5.052351392805576324e-03
4.871479701250791550e-03
-3.346061799675226212e-03
5.017463583499193192e-03
4.366074223071336746e-03
-2.023669425398111343e-03
8.489005849696695805e-04
-2.668743953108787537e-03
3.212230047211050987e-03
-1.877287519164383411e-03
-6.530506070703268051e-03
-1.837344723753631115e-03
3.589926054701209068e-03
2.561301807872951031e-04
3.124807262793183327e-03
-3.972773440182209015e-03
-8.849821984767913818e-03
-1.093703322112560272e-02
-5.609549771179445088e-05
-3.316687187179923058e-03
-6.966381333768367767e-03
-1.896877307444810867e-03
-5.757889244705438614e-03
-8.937554433941841125e-03
1.315296906977891922e-02
1.876071281731128693e-02
3.610832616686820984e-02
-6.837841938249766827e-04
3.286430612206459045e-03
2.396996878087520599e-02
1.116897352039813995e-02
1.777948252856731415e-02
4.294561222195625305e-02
1.361821591854095459e-02
9.213799610733985901e-03
9.072235785424709320e-03
1.128833461552858353e-02
8.256033062934875488e-03
7.751860190182924271e-03
1.537042390555143356e-02
1.167584490031003952e-02
1.038553565740585327e-02
-7.511396892368793488e-03
-1.476981677114963531e-03
-1.599187776446342468e-02
-7.140340749174356461e-03
3.238391218474134803e-05
-1.547654531896114349e-02
-1.757175847887992859e-02
-1.128741912543773651e-02
-2.510907128453254700e-02
9.796723723411560059e-03
6.289874203503131866e-03
9.160642512142658234e-03
6.151473615318536758e-03
4.979528021067380905e-03
1.137431524693965912e-02
1.265677437186241150e-02
1.291482243686914444e-02
1.754847727715969086e-02
2.605573274195194244e-03
-2.825578558258712292e-04
1.390438410453498363e-03
1.907545258291065693e-03
1.615213928744196892e-03
4.166111830272711813e-05
7.782605942338705063e-03
5.387522745877504349e-03
2.975291106849908829e-03
-8.101128041744232178e-03
-2.368381945416331291e-03
-4.665557760745286942e-03
-9.874811396002769470e-03
-4.503424279391765594e-03
-6.855343934148550034e-03
-1.455560047179460526e-02
-7.806857116520404816e-03
-7.706517353653907776e-03
-1.259627286344766617e-02
-5.990114994347095490e-03
-1.496519893407821655e-02
-9.751603007316589355e-03
-2.003815723583102226e-03
-1.155902445316314697e-02
-1.251095067709684372e-02
-5.571730900555849075e-03
-1.266242843121290207e-02
-1.123174466192722321e-02
-7.390887942165136337e-03
-1.167607959359884262e-02
-8.689110167324542999e-03
-2.583150751888751984e-03
-6.950062699615955353e-03
-1.155153196305036545e-02
-7.626922335475683212e-03
-1.337850000709295273e-02
1.727892458438873291e-02
6.784636527299880981e-03
1.506011118181049824e-03
1.866364292800426483e-02
5.506693851202726364e-03
5.145329050719738007e-03
3.229387477040290833e-02
1.999787241220474243e-02
1.827566511929035187e-02
6.881420966237783432e-03
-3.870943328365683556e-03
3.809717891272157431e-04
6.210852880030870438e-03
-2.179723232984542847e-03
3.109104232862591743e-03
6.888023111969232559e-03
8.371338481083512306e-04
5.783956497907638550e-03
1.075276290066540241e-03
-3.310255939140915871e-03
2.530364785343408585e-03
2.965024439617991447e-03
-1.495403819717466831e-03
4.425029736012220383e-03
3.622618503868579865e-03
-6.345456349663436413e-04
8.020364679396152496e-03
-9.078233502805233002e-03
-7.385491859167814255e-03
-1.119636651128530502e-02
-7.401761598885059357e-03
-5.643609445542097092e-03
-1.033607777208089828e-02
-7.868696935474872589e-03
-6.607877556234598160e-03
-1.158642675727605820e-02
-6.630615331232547760e-03
-2.636140678077936172e-03
-9.572311304509639740e-03
-4.974009469151496887e-03
-1.064491341821849346e-03
-5.510625429451465607e-03
-1.504741888493299484e-02
-9.232067503035068512e-03
-1.030317321419715881e-02
3.048827056773006916e-04
-5.532535724341869354e-04
-4.496848559938371181e-04
-2.522274851799011230e-03
-3.198677208274602890e-03
-3.041899064555764198e-03
-1.555224647745490074e-03
-1.903551514260470867e-03
-2.045230939984321594e-03
-1.706054084934294224e-03
-3.819874022156000137e-03
-5.335371242836117744e-04
3.718036226928234100e-03
1.886520185507833958e-03
5.467002745717763901e-03
4.714450333267450333e-03
3.579377895221114159e-03
7.603473961353302002e-03
-1.555078942328691483e-02
-1.370234508067369461e-02
-1.808407530188560486e-02
-9.051632136106491089e-03
-8.347432129085063934e-03
-1.242498215287923813e-02
-1.308998186141252518e-02
-1.286593172699213028e-02
-1.760583557188510895e-02
-4.074398602824658155e-04
-1.008240412920713425e-02
-1.115146907977759838e-03
-1.087951660156250000e-02
-1.686933450400829315e-02
-6.926188711076974869e-03
-2.046610927209258080e-03
-7.514700293540954590e-03
2.438565483316779137e-03
9.641106589697301388e-04
-5.161947410670109093e-05
-2.097365912050008774e-03
-2.102437196299433708e-03
-2.494576154276728630e-03
-3.160382155328989029e-03
-6.730043096467852592e-04
-1.778869074769318104e-03
-3.174317535012960434e-03
3.211838752031326294e-02
1.879823952913284302e-02
2.434534579515457153e-02
2.012569271028041840e-02
9.638529270887374878e-03
1.741616241633892059e-02
3.261592984199523926e-02
1.971728540956974030e-02
3.020425327122211456e-02
-1.245523989200592041e-02
-1.029805839061737061e-02
2.085244050249457359e-03
-1.708869077265262604e-02
-1.761739887297153473e-02
-7.311845198273658752e-03
-1.798982918262481689e-02
-2.152943424880504608e-02
-1.068969815969467163e-02
-2.459456678479909897e-03
-2.754301065579056740e-03
-3.828091779723763466e-03
-4.009904339909553528e-03
-4.338664002716541290e-03
-8.243776857852935791e-03
-2.267074305564165115e-03
-2.637335099279880524e-03
-5.284794140607118607e-03
9.091601241379976273e-04
-3.497927682474255562e-03
-1.337483059614896774e-02
-5.987450713291764259e-04
-3.308334620669484138e-03
-8.686161600053310394e-03
-5.504833534359931946e-03
-3.597513306885957718e-03
-7.903214544057846069e-03
1.986407116055488586e-02
1.533056143671274185e-02
1.770174875855445862e-02
8.108985610306262970e-03
3.814189927652478218e-03
1.043871790170669556e-02
1.380969304591417313e-02
8.587868884205818176e-03
1.678016781806945801e-02
-6.672161165624856949e-03
-3.927201498299837112e-03
-5.076349247246980667e-03
-1.059191417880356312e-03
1.351393875665962696e-03
-2.779113419819623232e-04
-7.891379063948988914e-04
2.823399845510721207e-03
1.477458281442523003e-03
3.019797801971435547e-02
1.705289073288440704e-02
2.077425830066204071e-02
1.417960971593856812e-02
6.044655572623014450e-03
8.979787118732929230e-03
1.986046321690082550e-02
1.091318484395742416e-02
1.296803727746009827e-02
6.226295139640569687e-03
6.756560411304235458e-03
1.121945213526487350e-02
8.195720613002777100e-03
7.978064939379692078e-03
1.210141181945800781e-02
1.521110441535711288e-02
1.715124025940895081e-02
1.741409115493297577e-02
-1.519732177257537842e-02
-8.335554040968418121e-03
-1.977640204131603241e-02
-9.553009644150733948e-03
1.468902628403156996e-04
-1.277954503893852234e-02
-1.328132394701242447e-02
-1.420324551872909069e-03
-1.056119240820407867e-02
-1.086424384266138077e-02
-7.986802607774734497e-03
-1.130745653063058853e-02
-1.453408971428871155e-03
-1.470838178647682071e-04
-2.510427962988615036e-03
-3.454290563240647316e-03
-3.217785153537988663e-03
-3.701110836118459702e-03
6.093420553952455521e-03
7.581335958093404770e-03
7.411159109324216843e-03
4.805703181773424149e-03
6.560450419783592224e-03
9.291422553360462189e-03
3.973015118390321732e-03
6.391281727701425552e-03
9.843385778367519379e-03
1.483445987105369568e-02
8.580008521676063538e-03
1.321217976510524750e-02
2.002659067511558533e-02
7.954179309308528900e-03
1.283891219645738602e-02
2.202828601002693176e-02
9.274621494114398956e-03
1.435707509517669678e-02
1.587119698524475098e-02
9.743455797433853149e-03
1.157268136739730835e-02
1.047518290579319000e-02
5.972587503492832184e-03
5.361246410757303238e-03
1.671858690679073334e-02
9.918624535202980042e-03
9.919259697198867798e-03
1.054708007723093033e-02
7.602420169860124588e-03
1.221452280879020691e-02
5.623155273497104645e-03
2.895868383347988129e-03
8.481485769152641296e-03
6.073296535760164261e-03
3.734663827344775200e-03
1.137178577482700348e-02
8.078772574663162231e-03
5.906198639422655106e-03
6.259480491280555725e-03
4.556312691420316696e-03
4.285273607820272446e-03
4.128933418542146683e-03
3.784538479521870613e-03
5.064328201115131378e-03
4.100565798580646515e-03
6.066871574148535728e-04
-1.994692574953660369e-04
7.787268143147230148e-03
1.032391004264354706e-02
5.843960680067539215e-03
1.178899407386779785e-02
5.388912279158830643e-03
2.122710226103663445e-03
8.978430181741714478e-03
-8.135708048939704895e-03
-1.592353102751076221e-03
-5.457646213471889496e-03
-7.008781190961599350e-03
4.450170763448113576e-06
-1.514741103164851665e-03
-1.044369023293256760e-02
-6.312670651823282242e-03
-8.118811063468456268e-03
1.671384088695049286e-02
8.421993814408779144e-03
1.854222640395164490e-02
2.330556698143482208e-02
1.252242829650640488e-02
2.288345433771610260e-02
2.878533490002155304e-02
1.911104284226894379e-02
2.593008615076541901e-02
-5.167838186025619507e-03
3.819186240434646606e-03
-8.889737538993358612e-03
-9.155588224530220032e-03
1.049485057592391968e-03
-8.622391149401664734e-03
-1.458856649696826935e-02
-4.416937939822673798e-03
-1.469097193330526352e-02
-1.083874050527811050e-02
-9.944181656464934349e-04
-4.205523524433374405e-03
-9.845783002674579620e-03
-2.690273104235529900e-03
-2.853781683370471001e-03
-8.668542839586734772e-03
-2.912444761022925377e-03
1.199069665744900703e-04
-1.422633975744247437e-02
-1.034670043736696243e-02
-1.730660535395145416e-02
-6.194982677698135376e-03
-2.829064847901463509e-03
-8.130125701427459717e-03
-1.010287459939718246e-02
-8.752950467169284821e-03
-1.677823998034000397e-02
-1.722238399088382721e-02
-9.581270627677440643e-03
-1.654822751879692078e-02
-1.291660498827695847e-02
-4.773149266839027405e-03
-9.081243537366390228e-03
-1.099919900298118591e-02
-3.511051414534449577e-03
-8.782407268881797791e-03
-1.604570634663105011e-02
-6.763672456145286560e-03
-1.329418737441301346e-02
-6.865920498967170715e-03
1.595231122337281704e-03
-3.042146796360611916e-03
-6.191554479300975800e-03
2.602597232908010483e-04
-7.022373843938112259e-03
5.658433306962251663e-03
8.936137892305850983e-03
1.451362762600183487e-02
-1.296844333410263062e-03
2.826032869052141905e-04
1.772311283275485039e-03
-1.382489106617867947e-03
3.392445622012019157e-03
2.502692164853215218e-03
3.390921046957373619e-03
2.577993553131818771e-03
-2.368976827710866928e-03
-6.860491703264415264e-04
-1.918841619044542313e-03
-6.144931539893150330e-03
-9.860764257609844208e-03
-1.105356123298406601e-02
-1.654461771249771118e-02
1.536382175981998444e-02
1.221191044896841049e-02
1.550758909434080124e-02
9.492462500929832458e-03
6.233149208128452301e-03
8.582592010498046875e-03
1.035788562148809433e-02
7.261038757860660553e-03
8.138341829180717468e-03
1.702669262886047363e-02
7.227211724966764450e-03
2.060191147029399872e-02
1.059280708432197571e-02
1.869530882686376572e-03
1.411560550332069397e-02
1.383993774652481079e-02
4.601852502673864365e-03
1.542597729712724686e-02
1.261393539607524872e-02
6.095609627664089203e-03
1.204183697700500488e-02
1.005265954881906509e-02
7.676867535337805748e-04
6.951845716685056686e-03
1.849489659070968628e-02
1.100785285234451294e-02
1.125995814800262451e-02
1.377981062978506088e-02
9.064825251698493958e-03
5.309761501848697662e-03
1.161319669336080551e-02
3.618923248723149300e-03
1.467993482947349548e-03
6.117319688200950623e-03
-7.824092754162847996e-04
-2.184886950999498367e-03
-1.356542482972145081e-02
-2.930092625319957733e-03
-1.418579928576946259e-02
-1.242891512811183929e-02
-1.638066489249467850e-03
-1.570686325430870056e-02
-2.484142407774925232e-02
-1.325104199349880219e-02
-2.718229219317436218e-02
2.886685833800584078e-04
2.150179352611303329e-03
1.634729676879942417e-03
-1.822746009565889835e-03
4.100868318346329033e-05
2.270777185913175344e-04
-5.045712925493717194e-03
6.612209108425304294e-05
-3.349811304360628128e-03
1.783585362136363983e-02
1.668921671807765961e-02
3.328670933842658997e-02
7.142978254705667496e-03
5.170126911252737045e-03
2.004002965986728668e-02
1.155450288206338882e-02
5.343754310160875320e-03
1.899694092571735382e-02
-4.715179558843374252e-03
-3.553507383912801743e-03
-3.243159269914031029e-03
-7.244005799293518066e-03
-6.091115996241569519e-03
-7.836057804524898529e-03
-6.098593119531869888e-03
2.601015694381203502e-05
-6.939283572137355804e-03
4.261405672878026962e-03
-1.031332765705883503e-03
3.989749122411012650e-03
5.136935971677303314e-03
1.915439614094793797e-03
1.719605876132845879e-03
5.323006771504878998e-03
3.510108450427651405e-03
2.200113609433174133e-03
8.921040571294724941e-04
1.267916173674166203e-03
4.191309679299592972e-03
6.135191768407821655e-03
2.283136855112388730e-04
4.445155616849660873e-03
-3.707499010488390923e-03
-9.238515980541706085e-03
-6.784463301301002502e-03
3.362616989761590958e-03
-9.122544433921575546e-04
-3.862894373014569283e-03
7.512996438890695572e-03
2.396696712821722031e-03
-1.240081270225346088e-03
5.914848763495683670e-03
8.862469112500548363e-04
-2.490308135747909546e-03
-2.302803471684455872e-02
-1.620260253548622131e-02
-1.788336411118507385e-02
-1.509563438594341278e-02
-7.417862769216299057e-03
-1.135051622986793518e-02
-2.396926097571849823e-02
-1.672060042619705200e-02
-1.696245931088924408e-02
1.781626977026462555e-02
1.260611135512590408e-02
2.356010861694812775e-02
1.210814155638217926e-02
8.832453750073909760e-03
1.876785419881343842e-02
1.448941789567470551e-02
1.000709086656570435e-02
1.785549707710742950e-02
2.553278021514415741e-02
1.938812248408794403e-02
2.695184201002120972e-02
9.616385214030742645e-03
4.850798286497592926e-03
1.365361735224723816e-02
3.458117833361029625e-03
3.127714386209845543e-03
1.350383274257183075e-02
-1.504132669651880860e-04
1.631243387237191200e-03
-1.440657797502353787e-04
3.827348584309220314e-03
6.013958714902400970e-03
5.426630843430757523e-03
-1.697752595646306872e-04
4.069118760526180267e-03
4.384466912597417831e-03
7.656337227672338486e-03
-3.573904396034777164e-04
9.123228490352630615e-03
4.966693930327892303e-03
-1.540667028166353703e-03
5.936877802014350891e-03
1.057507656514644623e-02
7.660025730729103088e-03
1.497666072100400925e-02
1.583255082368850708e-02
7.511149160563945770e-03
2.162767015397548676e-02
9.938725270330905914e-03
-4.854333237744867802e-04
1.064075715839862823e-02
1.403956860303878784e-02
1.695329439826309681e-03
7.319896016269922256e-03
5.311639979481697083e-02
3.253136202692985535e-02
3.994043171405792236e-02
2.698248066008090973e-02
4.863881506025791168e-03
1.349244359880685806e-02
2.703544683754444122e-02
4.425243940204381943e-03
1.006752159446477890e-02
2.805993892252445221e-03
2.736405935138463974e-03
3.627720056101679802e-03
1.882697688415646553e-04
2.498085843399167061e-03
2.635685959830880165e-03
-7.559584919363260269e-03
-2.965808613225817680e-03
-4.185231868177652359e-03
-8.287715725600719452e-03
-5.270404275506734848e-03
1.914889318868517876e-03
-1.243512053042650223e-02
-6.784360855817794800e-03
-2.202719682827591896e-03
-9.390134364366531372e-03
-5.158368963748216629e-03
-1.351238926872611046e-03
1.248688809573650360e-02
1.021810807287693024e-02
2.059520967304706573e-02
5.380023270845413208e-03
-3.618747286964207888e-04
9.285017848014831543e-03
1.140661537647247314e-02
4.447072744369506836e-03
1.471161935478448868e-02
-7.560547906905412674e-03
-3.343641059473156929e-03
2.625889144837856293e-03
-6.681426893919706345e-03
-4.081749822944402695e-03
8.794714813120663166e-04
-3.667922457680106163e-03
-1.643121009692549706e-03
6.105024833232164383e-03
-1.105698663741350174e-02
-7.619641255587339401e-03
-1.742981933057308197e-02
-7.262847386300563812e-03
-5.197501275688409805e-03
-1.276225131005048752e-02
-6.090318318456411362e-03
-3.618113696575164795e-03
-1.156438048928976059e-02
-4.069737915415316820e-04
-4.303800407797098160e-03
1.093051116913557053e-02
1.608526799827814102e-03
-5.089589394629001617e-03
5.355617497116327286e-03
1.400629803538322449e-02
5.692713893949985504e-03
1.300428714603185654e-02
2.696797437965869904e-02
1.013009436428546906e-02
2.939042262732982635e-02
2.722451835870742798e-02
8.481992408633232117e-03
2.628842927515506744e-02
5.178604274988174438e-02
3.581790253520011902e-02
5.499881878495216370e-02
9.547040797770023346e-03
3.691630670800805092e-03
1.890355139039456844e-03
2.712871879339218140e-03
-4.243265837430953979e-03
-5.288316402584314346e-03
9.082808159291744232e-03
6.626142188906669617e-03
1.154828350991010666e-03
2.390976762399077415e-03
1.143064699135720730e-03
-3.889608895406126976e-03
2.948566107079386711e-03
1.560614327900111675e-03
-4.024435766041278839e-03
-3.081016940996050835e-03
-8.072258904576301575e-03
-1.324587874114513397e-02
-1.472508627921342850e-02
-6.291263736784458160e-03
-1.563242822885513306e-02
-1.032436639070510864e-02
5.656752036884427071e-04
-1.048357039690017700e-02
-2.070087194442749023e-02
-1.015300024300813675e-02
-2.411368116736412048e-02
-6.845999043434858322e-03
-3.931471146643161774e-03
-8.192352950572967529e-03
-4.975985269993543625e-03
-1.020149677060544491e-03
-7.467796560376882553e-03
-5.352018866688013077e-03
-1.132259145379066467e-03
-7.003773003816604614e-03
1.148804090917110443e-02
3.393359715119004250e-03
5.882163066416978836e-03
1.458689477294683456e-02
5.297141149640083313e-03
8.725989609956741333e-03
2.635252103209495544e-02
1.491211075335741043e-02
1.755225472152233124e-02
-1.003462471999228001e-03
-3.582397243008017540e-03
-7.395959459245204926e-03
-2.104183891788125038e-03
-6.120590027421712875e-03
-1.124383602291345596e-02
-3.938116133213043213e-03
-5.952523555606603622e-03
-1.080869324505329132e-02
-1.814290881156921387e-02
-1.123557891696691513e-02
-1.653486303985118866e-02
-8.259727619588375092e-03
-2.797374501824378967e-03
-6.148354150354862213e-03
-8.082455955445766449e-03
-2.201978815719485283e-03
-3.293485846370458603e-03
-1.017150375992059708e-02
-4.766404163092374802e-03
-1.463065668940544128e-02
-9.008579887449741364e-03
-3.180942963808774948e-03
-1.302103046327829361e-02
-1.023998297750949860e-02
-6.220081355422735214e-03
-1.676668412983417511e-02
-9.919986128807067871e-03
-3.566703991964459419e-03
-7.605054881423711777e-03
-5.470402538776397705e-03
1.001142431050539017e-03
-6.447754334658384323e-03
-5.817227531224489212e-03
1.985437411349266768e-04
-7.818534970283508301e-03
-5.574217531830072403e-03
-9.033222449943423271e-04
-1.004319172352552414e-02
-8.824160322546958923e-03
-2.133367583155632019e-03
-1.028783805668354034e-02
-1.121820323169231415e-02
-4.662418272346258163e-03
-1.247579418122768402e-02
1.826915540732443333e-03
-2.169651910662651062e-03
2.728370018303394318e-03
3.446484450250864029e-03
-2.862537978217005730e-03
2.415979513898491859e-03
8.051237091422080994e-03
1.452439464628696442e-03
7.312960922718048096e-03
1.409185491502285004e-02
6.777517497539520264e-03
4.993725568056106567e-03
6.729238200932741165e-03
1.908577105496078730e-04
-1.671024365350604057e-03
5.028394516557455063e-03
4.571032186504453421e-04
-2.093380782753229141e-03
1.777750905603170395e-03
-7.034269627183675766e-03
-2.412749920040369034e-03
-2.257761370856314898e-04
-7.648575119674205780e-03
-8.861196110956370831e-04
1.113963127136230469e-02
9.119922295212745667e-03
7.669836282730102539e-03
5.686234217137098312e-03
4.035561345517635345e-03
7.883052341639995575e-03
2.489875070750713348e-03
1.410619821399450302e-03
5.812413990497589111e-03
-3.897668328136205673e-03
-2.411643741652369499e-03
2.247757045552134514e-03
-3.385101212188601494e-03
-4.355397075414657593e-03
-1.655480824410915375e-03
-3.565914928913116455e-03
-3.940303809940814972e-03
1.399301108904182911e-04
-1.120828790590167046e-03
-2.055753138847649097e-04
9.214899502694606781e-03
4.805727861821651459e-03
3.398839849978685379e-03
2.099670935422182083e-03
4.110615234822034836e-03
3.307883860543370247e-03
6.269222125411033630e-03
-8.646642090752720833e-04
-2.020423766225576401e-03
4.019000101834535599e-03
-1.875138282775878906e-02
-1.414164528250694275e-02
-1.675812713801860809e-02
-9.356681257486343384e-03
-4.755463451147079468e-03
-8.983037434518337250e-03
-8.815599605441093445e-03
-5.659047048538923264e-03
-9.142619557678699493e-03
1.168750319629907608e-02
2.139861928299069405e-03
1.489950157701969147e-02
7.253310177475214005e-03
-1.879211049526929855e-04
1.209701970219612122e-02
2.116028033196926117e-02
1.560452673584222794e-02
2.748154848814010620e-02
7.552001625299453735e-03
9.495056234300136566e-03
1.417898479849100113e-02
2.305422909557819366e-03
2.808107063174247742e-03
6.053993012756109238e-03
3.899762174114584923e-03
4.732239525765180588e-03
4.541963804513216019e-03
-1.273168716579675674e-02
-1.118484791368246078e-02
-9.437063708901405334e-03
-2.998063340783119202e-03
-2.767284633591771126e-03
-6.590965203940868378e-03
-3.957683220505714417e-03
-4.605790134519338608e-03
-1.033615693449974060e-02
-9.294791379943490028e-04
-2.487484198354650289e-05
5.792162846773862839e-03
-3.289821324869990349e-03
-1.385261304676532745e-03
7.655588909983634949e-03
-4.061632789671421051e-03
-1.034917193464934826e-03
7.857819087803363800e-03
2.068158052861690521e-02
1.399929635226726532e-02
1.603941433131694794e-02
4.945156164467334747e-03
-5.754744051955640316e-04
4.546569660305976868e-03
3.185481531545519829e-03
-7.596708019264042377e-04
2.380468184128403664e-03
1.384256128221750259e-02
8.879599161446094513e-03
1.695398800075054169e-02
5.758761428296566010e-03
2.755189780145883560e-04
6.540462374687194824e-03
1.135740336030721664e-02
7.782386615872383118e-03
8.979158475995063782e-03
-9.512265212833881378e-03
-1.577635644935071468e-03
-5.244056228548288345e-03
-7.258232217282056808e-03
-6.684950203634798527e-04
-4.917671438306570053e-03
-1.240995805710554123e-02
-5.139593966305255890e-03
-1.321156416088342667e-02
3.135945880785584450e-03
5.499303806573152542e-03
4.689905326813459396e-03
1.896539353765547276e-03
4.531744401901960373e-03
3.444858826696872711e-03
-6.799626629799604416e-03
-1.878274721093475819e-03
-1.787974731996655464e-03
-5.883672740310430527e-03
-4.872063174843788147e-03
-1.988279074430465698e-02
-3.404067363590002060e-03
-2.066984307020902634e-03
-2.000448480248451233e-02
-6.473637651652097702e-03
-3.251489484682679176e-03
-2.625698409974575043e-02
-1.419376675039529800e-02
-1.514265313744544983e-02
-1.842433586716651917e-02
-1.299804076552391052e-02
-1.018669642508029938e-02
-1.261227950453758240e-02
-1.298527698963880539e-02
-1.067350897938013077e-02
-1.524821016937494278e-02
-1.009068544954061508e-02
-2.474057255312800407e-03
-9.974586777389049530e-03
-9.824046865105628967e-03
-4.517827183008193970e-03
-1.289287582039833069e-02
-1.233244501054286957e-02
-5.438412539660930634e-03
-1.676909811794757843e-02
-5.857752636075019836e-03
-9.155179141089320183e-04
-8.231433108448982239e-03
-6.133761722594499588e-03
5.724317161366343498e-04
-5.256687756627798080e-03
-1.744878105819225311e-02
-7.701823022216558456e-03
-1.225603092461824417e-02
-3.349025966599583626e-03
-6.626366171985864639e-03
-7.622202858328819275e-03
-1.012926455587148666e-02
-1.137342024594545364e-02
-8.404185064136981964e-03
-5.468445364385843277e-03
-9.339429438114166260e-03
-6.968415807932615280e-03
-9.507340379059314728e-03
3.802641294896602631e-03
2.409741282463073730e-03
-4.474889487028121948e-03
5.989614408463239670e-03
2.813546452671289444e-03
-3.707010997459292412e-03
4.756800830364227295e-03
1.006114878691732883e-03
-4.664050880819559097e-03
1.730184070765972137e-03
3.923967014998197556e-03
-7.437321823090314865e-03
-2.995124668814241886e-04
2.292066812515258789e-03
-1.294540707021951675e-02
-6.598616484552621841e-03
-8.282304741442203522e-03
8.933947421610355377e-03
-6.733593065291643143e-03
7.781259249895811081e-03
1.147240493446588516e-02
-2.798902569338679314e-03
9.346312843263149261e-03
2.104741893708705902e-02
8.200409822165966034e-03
2.121277712285518646e-02
1.093735452741384506e-02
4.691361915320158005e-03
1.342428941279649734e-02
7.078729569911956787e-03
1.780967460945248604e-03
8.653690107166767120e-03
9.958444163203239441e-03
4.330025054514408112e-03
9.772725403308868408e-03
1.388991437852382660e-02
8.752722293138504028e-03
2.178632467985153198e-02
5.708940327167510986e-03
2.681826474145054817e-03
1.432790234684944153e-02
7.918105460703372955e-03
6.228378508239984512e-03
1.664023287594318390e-02
-4.409978166222572327e-03
-7.985996780917048454e-04
4.362439736723899841e-03
-5.025597754865884781e-03
2.011589531321078539e-04
6.197887938469648361e-03
-9.473179467022418976e-03
-2.447482431307435036e-03
1.101677305996417999e-03
-7.688041776418685913e-03
3.095724969170987606e-04
4.565109265968203545e-04
-7.430437486618757248e-03
-2.069782465696334839e-03
-3.455222584307193756e-03
-7.193629164248704910e-03
-2.831900492310523987e-04
-2.726980950683355331e-03
-8.082357235252857208e-03
-3.159370506182312965e-03
-1.071052718907594681e-02
-2.016023267060518265e-03
6.442546844482421875e-03
-1.872980268672108650e-03
-4.774008411914110184e-03
3.646063851192593575e-03
-5.932855419814586639e-03
-5.836897064000368118e-03
-1.248782966285943985e-03
-2.473917091265320778e-03
-2.760391449555754662e-03
-2.845644194167107344e-04
-4.696160089224576950e-03
-3.017030889168381691e-03
-1.183180487714707851e-03
-5.535992793738842010e-03
7.004760205745697021e-03
2.326959511265158653e-03
3.224921645596623421e-03
6.196130532771348953e-03
2.403617603704333305e-03
2.270152093842625618e-03
6.039145868271589279e-03
4.468550439924001694e-03
4.869205877184867859e-03
-1.243141572922468185e-02
-5.492417141795158386e-03
-9.808368049561977386e-03
-1.118675339967012405e-02
-5.781951826065778732e-03
-6.506976671516895294e-03
-5.292105488479137421e-03
-2.330906456336379051e-03
-5.765025503933429718e-03
3.536551084835082293e-04
2.237937180325388908e-03
2.225150819867849350e-03
3.714912571012973785e-03
3.266852116212248802e-03
3.324826480820775032e-03
9.486111812293529510e-04
1.822348334826529026e-03
3.705975599586963654e-03
-1.275294111110270023e-03
3.957377281039953232e-03
-1.834863796830177307e-03
-1.222370192408561707e-03
5.054677370935678482e-03
-3.017535200342535973e-04
-1.812186441384255886e-03
3.746556350961327553e-03
7.438731845468282700e-04
1.101867854595184326e-02
1.643398427404463291e-03
3.803640836849808693e-03
7.587036117911338806e-03
-2.888804010581225157e-04
1.701515051536262035e-03
1.417179033160209656e-02
6.671301554888486862e-03
7.890707813203334808e-03
2.134587382897734642e-03
4.867835901677608490e-03
3.464209148660302162e-03
1.012210617773234844e-03
1.068797660991549492e-03
5.775995086878538132e-04
-4.998621530830860138e-03
-7.194843608886003494e-03
-7.458303123712539673e-03
-2.668965607881546021e-03
-3.124861977994441986e-03
1.174505334347486496e-03
-7.972952444106340408e-04
-1.976741477847099304e-03
5.943944561295211315e-04
2.980901394039392471e-03
1.164464629255235195e-03
5.648670252412557602e-03
-9.339448297396302223e-04
-5.885543767362833023e-03
-3.303463803604245186e-03
-1.261333585716784000e-03
-7.144794333726167679e-03
-3.725879359990358353e-03
5.450285971164703369e-03
1.445806818082928658e-03
2.610954456031322479e-03
1.813756301999092102e-03
2.932964824140071869e-03
4.725777253042906523e-04
2.669978886842727661e-03
2.956074895337224007e-03
3.890336491167545319e-03
4.019537009298801422e-03
2.318736165761947632e-03
4.005228634923696518e-03
-7.658135145902633667e-03
-7.947974838316440582e-03
-1.487376354634761810e-02
-1.317754294723272324e-02
-8.561912924051284790e-03
-1.396428141742944717e-02
-1.484579499810934067e-02
-1.013296376913785934e-02
-1.448436453938484192e-02
-3.040399868041276932e-03
1.367295742966234684e-03
1.986189163289964199e-04
-4.290271084755659103e-03
5.016346112824976444e-04
9.938377188518643379e-04
-4.566944204270839691e-03
-1.162425032816827297e-03
-5.348109989427030087e-04
1.553794369101524353e-02
9.715839289128780365e-03
1.330640818923711777e-02
8.460132405161857605e-03
9.758736705407500267e-04
6.208624225109815598e-03
1.272714138031005859e-02
6.212382577359676361e-03
1.044889260083436966e-02
-1.041603554040193558e-02
-5.181085783988237381e-03
-5.357381422072649002e-03
-6.163100246340036392e-03
-4.520958289504051208e-03
-3.965297248214483261e-03
-1.852134475484490395e-03
-7.790524396114051342e-04
2.325503388419747353e-03
-1.389016490429639816e-02
-8.869802579283714294e-03
-1.584538817405700684e-02
-1.795830321498215199e-03
4.457508679479360580e-03
-1.701234723441302776e-03
-3.270895686000585556e-03
3.278152318671345711e-03
-4.975765477865934372e-03
-6.638649385422468185e-03
-5.217062309384346008e-03
-5.465990863740444183e-03
-3.317340509966015816e-03
-2.307031769305467606e-03
-2.538273576647043228e-03
-7.389811216853559017e-04
-1.554375630803406239e-03
-2.321707550436258316e-03
-8.754951879382133484e-03
-7.431707810610532761e-03
-8.144809864461421967e-03
-6.754940841346979141e-03
-4.433711990714073181e-03
-4.690820351243019104e-03
-7.397433742880821228e-03
-5.146803334355354309e-03
-6.670993752777576447e-03
1.787220500409603119e-02
1.145307254046201706e-02
1.690030843019485474e-02
9.338171221315860748e-03
6.337650120258331299e-04
6.482711993157863617e-03
1.265613455325365067e-02
4.409976303577423096e-03
1.044239196926355362e-02
-4.370945505797863007e-03
-4.446145612746477127e-03
-5.121462978422641754e-03
1.501719467341899872e-03
2.253437414765357971e-03
1.865840400569140911e-03
4.594596568495035172e-03
3.787580644711852074e-03
1.985036302357912064e-03
1.972245983779430389e-02
1.029940415173768997e-02
2.230220101773738861e-02
1.339345425367355347e-02
1.499545061960816383e-03
1.490241847932338715e-02
2.148968540132045746e-02
1.302481349557638168e-02
2.636823430657386780e-02
1.034529786556959152e-02
9.206058457493782043e-03
6.616404280066490173e-03
1.014779601246118546e-02
4.622940905392169952e-03
3.393668681383132935e-03
6.829414982348680496e-03
-1.067823613993823528e-03
-7.404145784676074982e-03
-4.097119905054569244e-03
-1.154144760221242905e-03
-2.886720467358827591e-03
-4.945619031786918640e-03
-7.686814060434699059e-04
-1.086995587684214115e-03
-5.856744479387998581e-03
-1.296238857321441174e-03
-1.277943374589085579e-03
-7.224049419164657593e-03
-6.217192392796278000e-03
-1.231815107166767120e-02
-1.806696527637541294e-03
-3.139365697279572487e-03
-7.810691837221384048e-03
-3.655618755146861076e-03
-5.995507817715406418e-03
-1.046328712254762650e-02
-1.128888316452503204e-02
-6.265109404921531677e-03
-7.442768197506666183e-03
-1.263538934290409088e-02
-5.677824839949607849e-03
-7.176517974585294724e-03
-1.680756360292434692e-02
-1.210911571979522705e-02
-1.431879866868257523e-02
-6.552788894623517990e-03
-3.933162894099950790e-03
-8.476081304252147675e-03
-2.185874385759234428e-03
-5.232175462879240513e-04
-4.449969623237848282e-03
-5.292926798574626446e-04
-9.209285490214824677e-04
-3.335524816066026688e-03
-1.027043722569942474e-02
-2.499495400115847588e-03
-6.354889832437038422e-03
-7.259190548211336136e-03
4.395418363856151700e-05
-2.427287399768829346e-03
-8.921605534851551056e-03
-2.892229473218321800e-03
-7.339959964156150818e-03
-2.729012165218591690e-03
-1.253825891762971878e-02
1.785854576155543327e-03
-8.672927506268024445e-03
-1.907600462436676025e-02
-3.729514777660369873e-03
-3.591602435335516930e-03
-1.135719660669565201e-02
-8.019917877390980721e-04
9.178782813251018524e-03
6.725085899233818054e-03
1.010910607874393463e-02
9.355306625366210938e-03
3.209185786545276642e-03
6.673126015812158585e-03
7.803066633641719818e-03
3.760830266401171684e-03
3.820468438789248466e-03
9.411633014678955078e-03
7.806767825968563557e-04
7.707295473664999008e-03
7.184031885117292404e-03
-2.604274777695536613e-03
5.003953352570533752e-03
1.464922539889812469e-02
7.808309979736804962e-03
1.485144998878240585e-02
-8.912460878491401672e-03
-9.307806380093097687e-03
-1.023717317730188370e-02
-7.665612734854221344e-03
-6.432487163692712784e-03
-1.058656256645917892e-02
-2.818461740389466286e-03
-9.708278230391442776e-04
-4.110518377274274826e-03
-3.741537453606724739e-03
2.496703295037150383e-03
2.850525546818971634e-03
-4.419088363647460938e-03
-1.134836580604314804e-03
-1.664537412580102682e-04
-7.506722118705511093e-03
-2.710423432290554047e-03
-1.392870093695819378e-03
-5.348996259272098541e-03
-6.143152713775634766e-03
-5.151471123099327087e-03
-9.810330346226692200e-03
-9.510678239166736603e-03
-1.041694078594446182e-02
-8.971031755208969116e-03
-9.832508862018585205e-03
-8.678754791617393494e-03
1.150915864855051041e-03
5.486239097081124783e-04
-3.959977999329566956e-03
-1.850868575274944305e-03
-3.423504764214158058e-03
-6.987781263887882233e-03
-3.921450115740299225e-03
-6.716306321322917938e-03
-1.161951199173927307e-02
1.264547929167747498e-02
6.864470895379781723e-03
9.452191181480884552e-03
9.889201261103153229e-03
4.594780504703521729e-03
8.603276684880256653e-03
1.152653247117996216e-02
5.498122423887252808e-03
1.011768169701099396e-02
7.056361529976129532e-03
2.189443213865160942e-03
3.466765629127621651e-03
6.648665759712457657e-03
-1.962265465408563614e-03
-4.813013074453920126e-04
9.706092998385429382e-03
4.534848500043153763e-03
5.596593488007783890e-03
-1.714437268674373627e-02
-1.295235566794872284e-02
-1.429854054003953934e-02
-1.109668426215648651e-02
-7.410365622490644455e-03
-1.047050300985574722e-02
-1.596108451485633850e-02
-1.259750220924615860e-02
-1.498281117528676987e-02
2.513037994503974915e-03
9.318174561485648155e-04
4.109398927539587021e-03
6.922057364135980606e-04
-2.993078436702489853e-03
7.977800560183823109e-04
1.999323256313800812e-03
-2.001923508942127228e-03
-2.527479082345962524e-04
1.060227956622838974e-02
9.114022366702556610e-03
1.479368377476930618e-02
6.265492644160985947e-03
4.786191508173942566e-03
9.439074434340000153e-03
1.286399364471435547e-02
9.028671309351921082e-03
1.199588738381862640e-02
-8.587808348238468170e-03
-1.424337830394506454e-02
-5.720856599509716034e-03
-1.732852123677730560e-02
-2.854680642485618591e-02
-1.873340830206871033e-02
-8.889577351510524750e-03
-1.993593201041221619e-02
-9.671047329902648926e-03
-8.475611684843897820e-05
-1.386036630719900131e-03
-3.579259850084781647e-03
1.036151661537587643e-03
-1.181191881187260151e-03
-2.692013513296842575e-03
3.952715545892715454e-03
3.240084974095225334e-03
4.712460562586784363e-03
-7.196852006018161774e-03
-3.782560117542743683e-03
-6.103613413870334625e-03
-4.437905270606279373e-03
-2.705306047573685646e-03
-5.703706294298171997e-03
-3.520302940160036087e-03
-5.489371716976165771e-03
-7.090536877512931824e-03
-2.857049927115440369e-03
-6.676462944597005844e-03
-2.724741643760353327e-04
-5.286269355565309525e-03
-1.180243957787752151e-02
-5.125245545059442520e-03
-5.294707603752613068e-03
-1.078027952462434769e-02
-3.506379434838891029e-03
8.643254637718200684e-03
6.023101042956113815e-03
7.608571555465459824e-03
7.759048137813806534e-03
5.334557499736547470e-03
8.317710831761360168e-03
7.549674250185489655e-03
6.670363247394561768e-03
6.007408723235130310e-03
-2.604884561151266098e-03
3.412704216316342354e-03
2.071472117677330971e-03
-3.740066895261406898e-03
1.154503552243113518e-03
6.270628655329346657e-04
-6.697903387248516083e-03
-3.259049961343407631e-03
-6.235291250050067902e-03
-1.227104850113391876e-02
-1.274740882217884064e-02
-1.583148725330829620e-02
-4.804604686796665192e-03
-6.299288012087345123e-03
-7.087143138051033020e-03
-9.078563190996646881e-03
-1.043784338980913162e-02
-1.078425254672765732e-02
1.011589728295803070e-02
9.336117655038833618e-03
9.753908962011337280e-03
9.822833351790904999e-03
5.272322800010442734e-03
9.569563902914524078e-03
4.616981372237205505e-03
6.718968506902456284e-04
3.052731743082404137e-03
-2.261248230934143066e-02
-1.131582912057638168e-02
-1.155465748161077499e-02
-1.483709923923015594e-02
-4.307239782065153122e-03
-8.577536791563034058e-03
-1.878539100289344788e-02
-1.092293206602334976e-02
-1.678232848644256592e-02
9.786839364096522331e-04
-1.014015637338161469e-03
4.299254622310400009e-03
-3.330287290737032890e-03
-7.538585457950830460e-03
-3.183137392625212669e-03
-2.788429148495197296e-03
-8.962681517004966736e-03
-4.754556342959403992e-03
-5.251599941402673721e-03
6.838833796791732311e-04
-3.498605685308575630e-03
-3.162853419780731201e-03
1.265932689420878887e-03
-3.381029702723026276e-03
-6.525743287056684494e-03
-3.017025068402290344e-03
-6.394444033503532410e-03
2.323595806956291199e-02
1.624922081828117371e-02
2.415437251329421997e-02
1.411889400333166122e-02
7.466041482985019684e-03
1.721542142331600189e-02
1.709308102726936340e-02
1.247525494545698166e-02
2.422766201198101044e-02
6.760872434824705124e-03
6.337678991258144379e-03
7.881150580942630768e-03
3.774892073124647141e-03
2.449800493195652962e-03
6.032218225300312042e-03
7.323673926293849945e-03
8.185104234144091606e-04
2.786822151392698288e-03
1.362071186304092407e-02
1.235941052436828613e-02
2.341290749609470367e-02
2.834520302712917328e-03
4.469106905162334442e-03
1.712810806930065155e-02
4.530517384409904480e-03
2.749065868556499481e-03
1.834869571030139923e-02
8.570895530283451080e-03
1.262653339654207230e-02
1.107490621507167816e-02
4.341175314038991928e-03
3.214101772755384445e-03
5.788838956505060196e-03
-2.566444454714655876e-03
-2.365045482292771339e-03
9.201472857967019081e-04
-2.577801467850804329e-03
-7.422956172376871109e-03
-4.841087851673364639e-03
-1.852465793490409851e-03
-5.744752474129199982e-03
-3.293440677225589752e-03
-1.623881282284855843e-03
-5.402703769505023956e-03
6.416895776055753231e-04
-7.369819097220897675e-03
-5.994754377752542496e-03
-9.931914508342742920e-03
-2.987220650538802147e-03
-2.227836288511753082e-03
-6.399509496986865997e-03
-5.266490392386913300e-03
-4.024096298962831497e-03
-4.988300148397684097e-03
6.040879525244235992e-03
5.529848393052816391e-03
5.340573377907276154e-03
4.335499834269285202e-04
-4.745518963318318129e-04
8.189188083633780479e-04
1.080274581909179688e-02
1.593425497412681580e-02
1.479147188365459442e-02
-3.726085415109992027e-03
-6.496014073491096497e-03
-1.062557194381952286e-02
-6.242278497666120529e-03
-5.572301335632801056e-03
-8.804276585578918457e-03
-5.240808241069316864e-03
-2.935757162049412727e-03
-5.991669371724128723e-03
-1.425818167626857758e-02
-6.171245127916336060e-03
-1.465138886123895645e-02
-1.582170464098453522e-02
-8.825892582535743713e-03
-1.669050939381122589e-02
-1.972233690321445465e-02
-1.306151505559682846e-02
-1.739805378019809723e-02
-9.623431600630283356e-03
-2.498123561963438988e-03
-9.235320612788200378e-03
-1.274837180972099304e-02
-5.346288438886404037e-03
-1.008773688226938248e-02
-1.412630546838045120e-02
-7.283996324986219406e-03
-1.046239677816629410e-02
-1.460010744631290436e-02
-1.257485244423151016e-02
-1.499544642865657806e-02
-1.152255292981863022e-02
-7.751881610602140427e-03
-9.511251933872699738e-03
-1.049153227359056473e-02
-7.420979440212249756e-03
-6.801689974963665009e-03
-1.367927901446819305e-02
-9.523177519440650940e-03
-1.468532998114824295e-02
-5.940630566328763962e-03
-3.753060707822442055e-03
-8.618604391813278198e-03
-8.737654425203800201e-03
-8.215383626520633698e-03
-1.122146192938089371e-02
2.346476353704929352e-02
1.265466399490833282e-02
1.785700954496860504e-02
1.762534491717815399e-02
5.121286027133464813e-03
1.009292621165513992e-02
2.474748529493808746e-02
1.314449310302734375e-02
1.755562238395214081e-02
1.238255389034748077e-02
6.821223534643650055e-03
8.442671038210391998e-03
8.341634646058082581e-03
2.084723208099603653e-03
4.964885301887989044e-03
8.370029740035533905e-03
1.916354056447744370e-03
6.243363022804260254e-03
-5.776909645646810532e-03
-5.379345268011093140e-03
-8.469448424875736237e-03
-1.556519186124205589e-03
-5.727350246161222458e-03
-4.650197457522153854e-03
-4.072847776114940643e-03
-1.088912133127450943e-02
-8.946820162236690521e-03
-1.438970491290092468e-02
-8.348080329596996307e-03
-1.388043630868196487e-02
-5.856253206729888916e-03
-1.277376664802432060e-03
-5.885221064090728760e-03
-4.796490538865327835e-03
7.273353403434157372e-04
-5.030056461691856384e-03
5.159189458936452866e-03
2.365248044952750206e-03
8.957197424024343491e-04
3.328220453113317490e-03
1.240362296812236309e-03
1.803238847060129046e-04
1.939717447385191917e-03
1.067469711415469646e-03
1.618989044800400734e-03
-3.486711764708161354e-03
-1.060962677001953125e-03
-3.042996861040592194e-03
-5.366049706935882568e-03
-2.721563680097460747e-03
-3.378558671101927757e-03
-4.369820933789014816e-03
-2.360462676733732224e-03
-2.889475785195827484e-03
4.370925948023796082e-03
3.895235946401953697e-03
2.043830463662743568e-03
7.234605960547924042e-03
6.765701808035373688e-03
6.267487071454524994e-03
6.856212858110666275e-03
5.927649326622486115e-03
5.602377932518720627e-03
-1.155433151870965958e-02
-5.844955332577228546e-03
-1.102916803210973740e-02
-6.385630462318658829e-03
-5.064289143774658442e-05
-7.389112841337919235e-03
-7.531869690865278244e-03
-2.432801527902483940e-03
-7.704660296440124512e-03
5.103368894197046757e-04
-1.908886479213833809e-03
-2.936579752713441849e-03
-1.567852799780666828e-03
-2.563345711678266525e-03
-3.280343022197484970e-03
-3.093885607086122036e-04
-1.377410604618489742e-03
-2.088998735416680574e-04
-1.739058177918195724e-03
-3.631703730206936598e-04
-2.884362358599901199e-03
-1.215151860378682613e-03
-9.751269681146368384e-05
-6.583890644833445549e-04
-6.380697712302207947e-03
-5.541139282286167145e-03
-5.147473886609077454e-03
1.247057504951953888e-02
6.460878066718578339e-03
1.694197952747344971e-02
9.619014337658882141e-03
2.410543849691748619e-03
1.157318428158760071e-02
1.556997280567884445e-02
9.317015297710895538e-03
1.763213053345680237e-02
7.296615745872259140e-03
4.656830336898565292e-03
7.898413576185703278e-03
4.121070727705955505e-03
-1.070718630217015743e-03
4.407762084156274796e-03
1.243014819920063019e-02
1.081662625074386597e-02
1.517310552299022675e-02
8.972282521426677704e-04
3.924954682588577271e-03
5.675717693520709872e-05
3.050928469747304916e-03
7.311825640499591827e-03
2.013514982536435127e-03
3.669942030683159828e-03
3.860719967633485794e-03
2.072228584438562393e-03
-5.421885289251804352e-03
-5.960552487522363663e-03
-8.268658071756362915e-03
-9.831705130636692047e-03
-7.951452396810054779e-03
-1.218123920261859894e-02
-1.061185915023088455e-02
-7.594060152769088745e-03
-1.360313594341278076e-02
-1.108308136463165283e-02
-3.001175122335553169e-03
-5.961798131465911865e-03
-1.032724417746067047e-02
-2.532100072130560875e-03
-3.583348123356699944e-03
-1.420393586158752441e-02
-6.038110237568616867e-03
-1.008895039558410645e-02
1.059570629149675369e-02
6.758356001228094101e-03
5.501159466803073883e-03
3.902277909219264984e-03
-7.937250775285065174e-04
7.572837639600038528e-04
6.145272403955459595e-03
3.718588966876268387e-03
5.115054547786712646e-03
-1.299982541240751743e-03
-8.290487457998096943e-04
2.007559640333056450e-03
2.371039045101497322e-05
-1.641528913751244545e-03
1.067004166543483734e-03
6.663699634373188019e-03
3.315756563097238541e-03
6.771569140255451202e-03
-3.609807929024100304e-03
1.928350829984992743e-04
-7.091135717928409576e-03
3.819960693363100290e-04
4.825203679502010345e-03
-6.458621937781572342e-04
-4.753688350319862366e-03
-5.238847006694413722e-05
-3.267705673351883888e-03
-1.185727654956281185e-03
-2.039295854046940804e-03
-2.024697605520486832e-03
1.472654170356690884e-03
2.338701859116554260e-03
1.769107766449451447e-03
5.883885314688086510e-04
9.318832308053970337e-04
4.232850624248385429e-04
-2.986156847327947617e-03
-2.928326604887843132e-03
-2.998580224812030792e-03
-2.498127520084381104e-03
-4.016463179141283035e-03
-2.380747115239500999e-03
-3.197868820279836655e-03
-4.625638015568256378e-03
-2.682440448552370071e-03
1.948031224310398102e-02
1.114858873188495636e-02
1.579382456839084625e-02
1.206334400922060013e-02
3.715845756232738495e-03
6.329881493002176285e-03
1.222454756498336792e-02
4.901805426925420761e-03
5.970635917037725449e-03
6.057954393327236176e-03
3.164485096931457520e-03
2.805470954626798630e-03
4.408791195601224899e-03
-9.861846920102834702e-04
7.181704859249293804e-05
7.590102963149547577e-03
2.378935460001230240e-03
1.838731463067233562e-03
1.936997100710868835e-02
1.135047245770692825e-02
1.748879253864288330e-02
1.312951836735010147e-02
4.102819133549928665e-03
1.214975211769342422e-02
2.244529128074645996e-02
1.421758625656366348e-02
2.444194629788398743e-02
1.000326592475175858e-02
9.991872124373912811e-03
1.126802805811166763e-02
7.913675159215927124e-03
8.822698146104812622e-03
1.038312725722789764e-02
5.080737639218568802e-03
3.214031457901000977e-03
2.503957133740186691e-03
6.967635272303596139e-05
3.540459554642438889e-03
5.760217085480690002e-03
-1.723835943266749382e-03
6.333091296255588531e-04
3.850714769214391708e-03
3.665448166429996490e-04
2.437346382066607475e-03
6.038363557308912277e-03
-1.142890308983623981e-03
-2.567383693531155586e-03
-6.218257360160350800e-03
2.057513047475367785e-04
9.244988905265927315e-04
-1.505998778156936169e-03
-1.421630498953163624e-03
-9.049918735399842262e-04
-2.446138765662908554e-03
-1.211659610271453857e-02
-4.700180143117904663e-03
-8.709714747965335846e-03
-1.029032282531261444e-02
-3.344607073813676834e-03
-6.669645197689533234e-03
-1.096287742257118225e-02
-4.320607054978609085e-03
-7.096341811120510101e-03
-7.112635299563407898e-03
-3.755602287128567696e-03
-5.122742615640163422e-03
-3.330898704007267952e-03
1.966610034287441522e-05
-2.411125693470239639e-03
-3.143762005493044853e-03
-2.417536015855148435e-04
-2.558495616540312767e-04
-5.329349543899297714e-03
-2.673316514119505882e-03
-4.383301362395286560e-03
-2.471720334142446518e-03
-1.412090263329446316e-03
-2.515986794605851173e-03
-5.509678274393081665e-03
-3.350398736074566841e-03
-5.014286376535892487e-03
-8.042159490287303925e-03
-1.208670809864997864e-02
-5.013528279960155487e-03
-3.443839261308312416e-03
-6.733823567628860474e-03
6.698155775666236877e-04
-5.833684117533266544e-04
-3.594746114686131477e-03
1.372781349346041679e-03
1.090319268405437469e-02
5.259909667074680328e-03
7.478821557015180588e-03
9.067450650036334991e-03
2.150250831618905067e-03
5.340913776308298111e-03
9.104417636990547180e-03
5.161514505743980408e-03
9.044654667377471924e-03
-2.814583247527480125e-03
-1.640777802094817162e-03
-1.578793977387249470e-03
-2.541053341701626778e-03
-6.560475449077785015e-04
-4.856212181039154530e-04
-6.557827815413475037e-03
-5.085709970444440842e-03
-4.017808008939027786e-03
-1.107638608664274216e-02
-1.043774187564849854e-02
-1.057989150285720825e-02
-1.268517691642045975e-02
-9.274112991988658905e-03
-1.282205898314714432e-02
-7.032538764178752899e-03
-4.495470784604549408e-03
-6.273587699979543686e-03
4.837518092244863510e-03
6.042217370122671127e-03
8.481092751026153564e-03
5.495542194694280624e-03
4.485767334699630737e-03
7.105946075171232224e-03
7.547106128185987473e-03
7.624618709087371826e-03
8.738220669329166412e-03
-3.177443053573369980e-03
-2.729011466726660728e-03
-3.319836454465985298e-03
-7.608920801430940628e-03
-5.479745101183652878e-03
-6.476911250501871109e-03
-9.005053900182247162e-03
-6.738907657563686371e-03
-7.755911909043788910e-03
-9.295204654335975647e-03
-6.828598212450742722e-03
-7.005359046161174774e-03
-5.453401245176792145e-03
-3.293355461210012436e-03
-6.450990680605173111e-03
-6.414026953279972076e-03
-5.579469725489616394e-03
-8.046914823353290558e-03
1.961395330727100372e-02
9.567584842443466187e-03
1.395477075129747391e-02
1.407049410045146942e-02
5.759397055953741074e-03
8.123616687953472137e-03
1.522162463515996933e-02
8.780622854828834534e-03
1.046785060316324234e-02
-2.217553788796067238e-03
-1.727274735458195210e-03
-3.423862857744097710e-03
-7.750877412036061287e-04
-2.353506162762641907e-03
-6.061957217752933502e-03
1.026104873744770885e-04
-5.704496288672089577e-04
-4.771366249769926071e-03
-1.077334862202405930e-02
-5.636265967041254044e-03
-8.277431130409240723e-03
-6.825619377195835114e-03
-2.965493826195597649e-03
-4.846966825425624847e-03
-1.135361287742853165e-02
-6.281179841607809067e-03
-9.356145747005939484e-03
-4.055016208440065384e-03
-7.932909764349460602e-03
-6.582029629498720169e-03
-5.094322375953197479e-03
-9.365817531943321228e-03
-6.670888978987932205e-03
-7.451202720403671265e-03
-1.071041729301214218e-02
-1.037849485874176025e-02
4.098941106349229813e-03
5.945985671132802963e-03
7.452310062944889069e-03
3.238798817619681358e-03
3.630184102803468704e-03
5.865415092557668686e-03
3.662392729893326759e-03
2.403720980510115623e-03
3.796269651502370834e-03
-6.787979044020175934e-03
-9.426470845937728882e-03
-5.403667222708463669e-03
-1.223206799477338791e-02
-1.687038131058216095e-02
-1.322267670184373856e-02
-6.817309651523828506e-03
-1.465823687613010406e-02
-9.418091736733913422e-03
7.377200759947299957e-03
2.499508205801248550e-03
5.244809668511152267e-03
9.123181924223899841e-03
2.792559564113616943e-03
7.011387497186660767e-03
2.362948469817638397e-02
1.790169253945350647e-02
2.380986697971820831e-02
-6.134402006864547729e-03
-7.374341948889195919e-04
-1.462420797906816006e-03
-5.285359453409910202e-03
-1.625675125978887081e-03
-1.900783623568713665e-03
-8.586757816374301910e-03
-5.137224216014146805e-03
-3.344589611515402794e-03
6.948311813175678253e-03
2.617517486214637756e-03
1.691229525022208691e-03
5.984054878354072571e-03
-1.151527860201895237e-03
-5.268726963549852371e-04
8.896058425307273865e-03
5.154367536306381226e-03
4.771894775331020355e-03
-6.019774824380874634e-03
-2.907251939177513123e-03
-5.526154767721891403e-03
-7.628363528056070209e-05
3.148603951558470726e-03
7.087608100846409798e-04
-1.513620954938232899e-03
6.243942771106958389e-04
-1.440802938304841518e-03
-2.507006749510765076e-03
1.258967677131295204e-03
3.159680636599659920e-03
-2.091649221256375313e-03
1.442256383597850800e-03
3.154068021103739738e-03
-4.957831930369138718e-03
-1.291235908865928650e-03
-2.523950824979692698e-04
-5.218199919909238815e-03
-4.944625776261091232e-03
-1.197980903089046478e-02
-1.919546746648848057e-03
-1.865644357167184353e-03
-8.177430368959903717e-03
-8.275231346487998962e-03
-1.042841933667659760e-02
-1.333317160606384277e-02
2.625380270183086395e-02
2.502336166799068451e-02
2.680103667080402374e-02
1.687387377023696899e-02
1.278432644903659821e-02
1.811657659709453583e-02
1.008837111294269562e-02
7.423661183565855026e-03
1.205412298440933228e-02
-1.193786412477493286e-02
-8.468460291624069214e-03
-5.216491874307394028e-03
-6.643000524491071701e-03
-5.788680631667375565e-03
-6.006128154695034027e-03
-8.493101224303245544e-03
-5.798708647489547729e-03
-9.961013682186603546e-03
4.836245439946651459e-03
1.561574055813252926e-03
4.400359932333230972e-03
3.105726325884461403e-03
-1.126173767261207104e-03
1.577779767103493214e-03
-2.245359501102939248e-04
-5.813038907945156097e-03
-3.580143209546804428e-03
-5.430215969681739807e-03
-1.939095789566636086e-03
-2.030719071626663208e-03
-9.271142189390957355e-04
1.456922967918217182e-03
1.721995504340156913e-04
-1.938028843142092228e-03
-2.264435752294957638e-04
-2.228401834145188332e-03
2.101438120007514954e-02
1.455425750464200974e-02
2.255387231707572937e-02
1.088921446353197098e-02
4.557760432362556458e-03
1.446327287703752518e-02
1.455029472708702087e-02
8.795693516731262207e-03
2.015173621475696564e-02
8.958515711128711700e-03
9.964942000806331635e-03
1.461278647184371948e-02
7.024022750556468964e-03
6.329822354018688202e-03
1.066438108682632446e-02
6.826917640864849091e-03
5.244559142738580704e-03
8.673857897520065308e-03
2.337192854611203074e-04
3.481771796941757202e-03
4.324123263359069824e-03
-1.992943929508328438e-03
-8.436792995780706406e-04
-4.143808619119226933e-04
-4.827925935387611389e-03
-3.169254865497350693e-03
-3.833254333585500717e-03
1.846659113653004169e-03
6.044880021363496780e-03
4.638480953872203827e-03
-8.549313643015921116e-04
1.396288862451910973e-04
4.583686240948736668e-04
-4.250083584338426590e-03
-3.910491243004798889e-03
-4.423239734023809433e-03
2.683104015886783600e-03
-5.831410642713308334e-03
5.987708456814289093e-03
1.323422067798674107e-03
-6.583489477634429932e-03
5.926828831434249878e-03
1.013228390365839005e-02
2.292439574375748634e-03
1.599882170557975769e-02
-1.103727519512176514e-02
-7.098014932125806808e-03
-1.096581295132637024e-02
-3.751331008970737457e-03
-1.439417828805744648e-03
-4.512041341513395309e-03
-6.735011469572782516e-03
-4.735291469842195511e-03
-6.066301837563514709e-03
6.909726187586784363e-03
8.867516182363033295e-03
5.223105661571025848e-03
8.011212921701371670e-04
2.526962431147694588e-03
-3.810206544585525990e-04
9.119665250182151794e-03
1.487091276794672012e-02
1.338280551135540009e-02
4.173268680460751057e-04
-9.369542822241783142e-04
-2.049640985205769539e-03
-6.790597690269351006e-04
-9.340326068922877312e-04
-1.358781242743134499e-03
3.447103314101696014e-03
3.249403787776827812e-03
3.419819055125117302e-03
-1.131335180252790451e-02
-3.966990858316421509e-03
-1.241557393223047256e-02
-1.259955111891031265e-02
-6.353464908897876740e-03
-1.220010314136743546e-02
-1.805583015084266663e-02
-1.192861143499612808e-02
-1.405136100947856903e-02
-6.274633575230836868e-03
-1.694230479188263416e-03
-4.774741828441619873e-03
-8.862272836267948151e-03
-2.650479087606072426e-03
-5.975909065455198288e-03
-1.104247663170099258e-02
-5.577521864324808121e-03
-8.445085957646369934e-03
-6.766731385141611099e-03
-1.062436588108539581e-02
-1.208619866520166397e-02
-4.938547965139150620e-03
-6.123967934399843216e-03
-7.962826639413833618e-03
-3.860951634123921394e-03
-5.471301265060901642e-03
-5.823541898280382156e-03
-5.699201952666044235e-03
-3.265081904828548431e-03
-5.822192411869764328e-03
-3.019356336153578013e-05
4.995691124349832535e-04
-5.819296929985284805e-04
-2.503967843949794769e-03
-2.625698922201991081e-03
-4.856364335864782333e-03
4.992356058210134506e-03
1.218977500684559345e-03
3.758644685149192810e-03
4.399632103741168976e-03
3.678160719573497772e-04
2.511730184778571129e-03
5.007824394851922989e-03
1.315878704190254211e-03
2.894953126087784767e-03
-2.595613477751612663e-03
-1.671915524639189243e-03
-2.317171543836593628e-03
-1.906936871819198132e-03
-9.030242799781262875e-04
-2.058258280158042908e-03
-1.147547038272023201e-03
-4.114823823329061270e-04
-2.317095204489305615e-04
-1.116828713566064835e-02
-3.839954733848571777e-03
-9.415612556040287018e-03
-5.052052903920412064e-03
1.322431926382705569e-04
-1.643126364797353745e-03
-5.808101035654544830e-03
-5.249109584838151932e-03
-4.096653778105974197e-03
-1.726749725639820099e-02
-1.121918950229883194e-02
-1.972641237080097198e-02
-8.261400274932384491e-03
-2.512868726626038551e-03
-9.024041704833507538e-03
-9.477259591221809387e-03
-5.084863398224115372e-03
-1.051209680736064911e-02
3.058722056448459625e-02
1.752835139632225037e-02
3.153714910149574280e-02
2.082352153956890106e-02
6.979053374379873276e-03
1.768846996128559113e-02
2.837368473410606384e-02
1.608293689787387848e-02
2.560183778405189514e-02
1.343138422816991806e-02
9.266994893550872803e-03
1.308042742311954498e-02
6.439730059355497360e-03
2.767936966847628355e-04
8.133451454341411591e-03
1.244356017559766769e-02
5.693333689123392105e-03
1.096797827631235123e-02
1.139319688081741333e-02
8.552187122404575348e-03
1.112470496445894241e-02
1.086679287254810333e-02
8.355423808097839355e-03
1.148990355432033539e-02
1.125274226069450378e-02
4.902889020740985870e-03
5.742268636822700500e-03
2.396870590746402740e-02
1.643941551446914673e-02
2.276249229907989502e-02
1.289709005504846573e-02
7.414097897708415985e-03
1.633220724761486053e-02
1.423694379627704620e-02
1.225704792886972427e-02
2.051886916160583496e-02
1.370086334645748138e-03
-5.120587535202503204e-03
-1.186478696763515472e-02
4.707376006990671158e-03
-1.790031907148659229e-03
-7.061689160764217377e-03
7.456256542354822159e-03
1.285510370507836342e-04
-5.858763121068477631e-03
6.359662860631942749e-03
4.216731991618871689e-03
9.078885428607463837e-03
7.052136352285742760e-04
-1.876095309853553772e-03
-8.064142311923205853e-04
-1.114189857617020607e-03
-6.762417498975992203e-03
-6.409001536667346954e-03
5.738090723752975464e-03
2.264501992613077164e-03
5.276126787066459656e-03
2.353110117837786674e-03
7.682770374231040478e-04
5.311215296387672424e-03
5.756018217653036118e-03
5.184134468436241150e-03
6.930274423211812973e-03
-7.477776613086462021e-03
-1.356110069900751114e-02
-8.730245754122734070e-03
-6.882436573505401611e-03
-1.675957813858985901e-02
-1.053257100284099579e-02
1.302745658904314041e-03
-6.798421498388051987e-03
-4.516697488725185394e-03
-3.749386640265583992e-03
-1.457345671951770782e-03
-6.073223892599344254e-03
-3.194576594978570938e-03
-9.947373764589428902e-04
-1.040466711856424809e-03
-7.182352244853973389e-03
-6.489275023341178894e-03
-7.736719213426113129e-03
-5.709568504244089127e-03
-5.953632295131683350e-03
-1.413282472640275955e-02
-7.271861657500267029e-03
-3.091069171205163002e-03
-1.158961933106184006e-02
-1.178313791751861572e-02
-6.420340389013290405e-03
-1.994963735342025757e-02
-6.962602026760578156e-03
-4.526329692453145981e-03
-5.926117766648530960e-03
-9.940368123352527618e-03
-6.856124382466077805e-03
-6.344213616102933884e-03
-1.275309268385171890e-02
-9.918098337948322296e-03
-9.277915582060813904e-03
3.033808432519435883e-02
1.781265437602996826e-02
2.751772664487361908e-02
1.703926920890808105e-02
4.133163485676050186e-03
1.502963248640298843e-02
1.964256167411804199e-02
8.866143412888050079e-03
1.491623371839523315e-02
8.841665461659431458e-03
4.404305946081876755e-03
5.599976051598787308e-03
2.808898454532027245e-03
8.699679165147244930e-04
3.806103253737092018e-03
5.339798983186483383e-03
5.908132530748844147e-03
1.429053395986557007e-02
-2.371905930340290070e-02
-6.230339407920837402e-03
-1.621655561029911041e-02
-7.777088467264547944e-05
1.209844183176755905e-02
6.638256018050014973e-04
-5.821770522743463516e-03
2.616217359900474548e-03
-1.033695321530103683e-02
-2.175257727503776550e-02
-2.057183161377906799e-02
-2.495065703988075256e-02
-1.935661770403385162e-02
-1.587243750691413879e-02
-2.274034358561038971e-02
-1.298992056399583817e-02
-1.299357134848833084e-02
-1.408351864665746689e-02
3.351970808580517769e-04
1.970970770344138145e-03
-5.020704586058855057e-03
1.140692271292209625e-03
4.947202396579086781e-04
-7.935017347335815430e-03
1.298394287005066872e-03
5.014081252738833427e-04
-5.758878774940967560e-03
-1.244599837809801102e-02
-3.561497665941715240e-03
-8.373813703656196594e-03
-9.972190484404563904e-03
-1.849537598900496960e-03
-5.082453601062297821e-03
-6.327553652226924896e-03
-4.139124939683824778e-04
-1.218256424181163311e-03
1.376719563268125057e-03
-4.140262026339769363e-03
-3.294418798759579659e-03
7.611997425556182861e-03
5.365285091102123260e-03
8.412972092628479004e-03
1.273328345268964767e-02
1.091664377599954605e-02
1.462043728679418564e-02
1.798203215003013611e-02
1.330223027616739273e-02
2.650754898786544800e-02
1.224923692643642426e-02
4.716691095381975174e-03
1.883248239755630493e-02
2.208007872104644775e-02
1.866893842816352844e-02
3.272049501538276672e-02
9.548735804855823517e-03
6.286292802542448044e-03
5.964936688542366028e-03
1.203073561191558838e-02
4.168034065514802933e-03
1.820041448809206486e-03
1.017503254115581512e-02
1.546808198327198625e-04
-6.582547910511493683e-03
-1.622526161372661591e-02
-1.624865457415580750e-02
-1.800504513084888458e-02
-1.128349918872117996e-02
-9.506770409643650055e-03
-1.043248921632766724e-02
-1.712553761899471283e-02
-1.266961731016635895e-02
-1.710017956793308258e-02
2.128235995769500732e-03
3.176668426021933556e-03
1.617496646940708160e-02
-5.245093721896409988e-03
-3.071373794227838516e-03
1.368522085249423981e-02
1.235035154968500137e-02
1.288927067071199417e-02
2.852064929902553558e-02
-1.796068251132965088e-02
-2.525219693779945374e-03
-7.152921054512262344e-03
-1.525481045246124268e-02
-1.207533292472362518e-03
-8.446305058896541595e-03
-1.885327510535717010e-02
-8.823482319712638855e-03
-1.680814847350120544e-02
-1.826142333447933197e-02
-1.155062299221754074e-02
-2.653759345412254333e-02
-1.211624965071678162e-02
-5.716126412153244019e-03
-2.025426551699638367e-02
-2.501104585826396942e-02
-2.013347297906875610e-02
-3.623727336525917053e-02
-8.370591327548027039e-03
-2.401304431259632111e-03
4.761259478982537985e-04
-1.886346377432346344e-03
4.611103795468807220e-03
9.231339208781719208e-03
1.157849212177097797e-03
1.024586800485849380e-02
1.284153852611780167e-02
7.014435250312089920e-03
-8.153769187629222870e-03
1.401515491306781769e-02
-3.364178119227290154e-03
-1.975566707551479340e-02
3.629149170592427254e-03
7.258985657244920731e-03
-6.390810478478670120e-03
1.187206525355577469e-02
1.687423698604106903e-02
1.140996068716049194e-02
1.814130879938602448e-02
1.011963468044996262e-02
4.677305463701486588e-03
9.508728981018066406e-03
1.146645564585924149e-02
4.517763853073120117e-03
5.949047394096851349e-03
1.645367406308650970e-02
-3.766872687265276909e-03
3.652700921520590782e-03
8.946715854108333588e-03
-7.331374101340770721e-03
4.582868423312902451e-03
2.088731899857521057e-02
6.890059448778629303e-03
1.919158361852169037e-02
-1.118030492216348648e-02
-1.289559644646942616e-03
-1.211102958768606186e-02
-5.167542491108179092e-03
1.653519808314740658e-03
-9.063127450644969940e-03
-3.181886393576860428e-03
3.548299719113856554e-04
-7.721523288637399673e-03
1.629610545933246613e-02
8.071789517998695374e-03
4.311509896069765091e-03
1.269418280571699142e-02
5.330989137291908264e-03
4.516398534178733826e-03
2.639876864850521088e-02
1.912422105669975281e-02
1.973327808082103729e-02
-5.018054507672786713e-03
-1.013796310871839523e-02
-8.981621824204921722e-03
-4.652712959796190262e-03
-6.893412210047245026e-03
-3.764969995245337486e-03
-1.257784198969602585e-03
-5.643297452479600906e-03
-9.732630569487810135e-04
1.700393040664494038e-03
-1.294404035434126854e-03
-1.527458429336547852e-03
-2.988147083669900894e-03
-7.638436276465654373e-03
-5.782668944448232651e-03
-6.617061328142881393e-03
-1.436524465680122375e-02
-1.049484126269817352e-02
-4.902359563857316971e-03
-3.477236488834023476e-03
-1.322246901690959930e-02
-6.120290607213973999e-03
-2.770683029666543007e-03
-9.692506864666938782e-03
-7.522248197346925735e-03
-2.728404942899942398e-03
-5.465157330036163330e-03
1.803957857191562653e-02
5.907976999878883362e-03
8.658545091748237610e-03
1.850677281618118286e-02
4.879325628280639648e-03
9.849313646554946899e-03
2.502696961164474487e-02
1.345326472073793411e-02
1.803151890635490417e-02
-3.109140694141387939e-02
-2.636672556400299072e-02
-3.612326830625534058e-02
-1.939657516777515411e-02
-1.510281208902597427e-02
-2.672375552356243134e-02
-2.079126983880996704e-02
-1.620216667652130127e-02
-2.676671370863914490e-02
1.430019270628690720e-02
1.530927792191505432e-02
2.223067358136177063e-02
2.974604023620486259e-03
-7.794928387738764286e-04
9.876591153442859650e-03
5.877938121557235718e-03
5.558220203965902328e-03
1.379764266312122345e-02
-1.701972447335720062e-03
-4.695945419371128082e-03
3.315479261800646782e-04
-3.119132248684763908e-03
-3.981580492109060287e-03
1.044346136040985584e-03
-8.345738751813769341e-04
-3.088396741077303886e-03
1.188924652524292469e-03
-6.668489426374435425e-03
-1.864808797836303711e-02
-5.537834484130144119e-03
-2.239871956408023834e-02
-3.657156601548194885e-02
-2.072066068649291992e-02
1.826035004341974854e-04
-1.364284940063953400e-02
-1.963377930223941803e-03
-1.195818558335304260e-02
-6.545464042574167252e-03
-8.636589162051677704e-03
-1.405739970505237579e-02
-8.824419230222702026e-03
-1.041800435632467270e-02
-1.726702600717544556e-02
-9.601720608770847321e-03
-1.382606010884046555e-02
3.184478729963302612e-02
1.110553741455078125e-02
1.298137195408344269e-02
1.670119725167751312e-02
9.688394493423402309e-04
2.423351630568504333e-03
2.629069238901138306e-02
1.400778256356716156e-02
1.987140998244285583e-02
-1.145671680569648743e-02
-1.454007625579833984e-02
2.475497545674443245e-03
-2.386128716170787811e-02
-2.951815538108348846e-02
-1.240383181720972061e-02
-2.629180811345577240e-02
-3.177707269787788391e-02
-1.375277899205684662e-02
-2.834952436387538910e-03
6.515459390357136726e-04
3.592430381104350090e-03
8.294103899970650673e-04
3.343625925481319427e-03
6.998797412961721420e-03
-6.377017707563936710e-04
-1.406343071721494198e-04
4.460968484636396170e-04
2.952238777652382851e-03
2.276411745697259903e-03
2.356812590733170509e-03
6.989603396505117416e-03
2.004631096497178078e-03
2.979819895699620247e-03
8.460281533189117908e-04
2.561048371717333794e-03
2.933926007244735956e-04
-6.782824639230966568e-04
-7.910897955298423767e-03
-1.208458375185728073e-02
2.706415718421339989e-03
-1.299723866395652294e-03
-4.252857528626918793e-03
-4.620971158146858215e-03
-1.272364705801010132e-02
-1.392643619328737259e-02
-9.135999716818332672e-03
-7.914408110082149506e-03
-8.957805112004280090e-03
9.114528074860572815e-04
3.906336612999439240e-03
-7.751195807941257954e-04
-3.958151210099458694e-03
-3.873677924275398254e-03
-5.082700401544570923e-03
-3.881741315126419067e-02
-1.389207132160663605e-02
-2.485134638845920563e-02
-2.177583053708076477e-02
-2.656494267284870148e-03
-1.614970155060291290e-02
-3.129206970334053040e-02
-1.165445521473884583e-02
-2.760889008641242981e-02
-1.137262303382158279e-02
-1.788636296987533569e-02
-1.063470449298620224e-02
-1.499694213271141052e-02
-2.791711315512657166e-02
-1.686622016131877899e-02
-1.532076508738100529e-03
-1.221793983131647110e-02
-2.089436398819088936e-03
-1.335363183170557022e-02
-4.971344955265522003e-03
-1.485997438430786133e-02
-5.692981649190187454e-03
-3.114563296549022198e-04
-1.011560019105672836e-02
-1.009765267372131348e-02
-2.334481105208396912e-03
-1.042021624743938446e-02
3.425781801342964172e-02
2.306095138192176819e-02
2.807938866317272186e-02
1.912020705640316010e-02
9.008987806737422943e-03
1.738671027123928070e-02
2.590101957321166992e-02
1.723318547010421753e-02
2.926341630518436432e-02
2.265983261168003082e-03
7.398105226457118988e-03
4.101801663637161255e-03
1.606121659278869629e-04
4.327476024627685547e-03
1.890373998321592808e-03
-8.959856815636157990e-03
-1.764702494256198406e-03
-6.114782765507698059e-03
3.226882219314575195e-02
2.138995379209518433e-02
4.208374023437500000e-02
1.702719926834106445e-02
1.058042794466018677e-02
3.124830685555934906e-02
2.232811227440834045e-02
1.152786519378423691e-02
3.161520138382911682e-02
2.032949030399322510e-02
1.987264677882194519e-02
1.579406484961509705e-02
1.518692914396524429e-02
7.968922145664691925e-03
1.179206836968660355e-02
9.716492146253585815e-03
-3.480132727418094873e-04
8.205896243453025818e-03
-1.780664362013339996e-02
-1.908277906477451324e-02
-2.766288444399833679e-02
-1.476217713207006454e-02
-1.266468595713376999e-02
-2.292408794164657593e-02
-2.205764502286911011e-02
-1.925924979150295258e-02
-2.976152114570140839e-02
8.661844767630100250e-03
7.432355079799890518e-03
3.806052263826131821e-03
1.323224743828177452e-03
-3.271866124123334885e-03
-4.510986618697643280e-03
6.807149387896060944e-03
1.048638601787388325e-03
1.005684956908226013e-03
-3.057698020711541176e-03
1.260371995158493519e-03
-2.101480349665507674e-04
-4.476401489228010178e-03
-3.708675503730773926e-03
-4.305315203964710236e-03
-3.990130033344030380e-03
1.440232619643211365e-03
2.118512755259871483e-03
-1.813639514148235321e-02
-1.102562900632619858e-02
-2.194513007998466492e-02
-1.698316819965839386e-02
-4.784116055816411972e-03
-1.638390123844146729e-02
-2.143458463251590729e-02
-1.124874595552682877e-02
-2.195823192596435547e-02
-1.018546149134635925e-02
9.379487019032239914e-04
-3.323212033137679100e-03
-1.207066513597965240e-02
-1.520266057923436165e-03
-4.635772202163934708e-03
-1.777039468288421631e-02
-8.600359782576560974e-03
-1.181616540998220444e-02
-2.183083072304725647e-02
-1.215942017734050751e-02
-2.075072750449180603e-02
-2.407327294349670410e-02
-1.177353411912918091e-02
-2.008660882711410522e-02
-2.801831625401973724e-02
-1.743115857243537903e-02
-3.049344196915626526e-02
-2.241689153015613556e-02
-1.346041075885295868e-02
-1.645309478044509888e-02
-1.801063120365142822e-02
-1.088097412139177322e-02
-1.440538279712200165e-02
-1.127511169761419296e-02
-2.202610950917005539e-03
-2.490969374775886536e-03
-1.678405702114105225e-02
-1.605826616287231445e-02
-2.383328229188919067e-02
-8.428275585174560547e-03
-7.149297278374433517e-03
-1.204381696879863739e-02
-1.294199842959642410e-02
-1.259349472820758820e-02
-1.653266139328479767e-02
1.355780381709337234e-02
-1.787274144589900970e-03
7.279379060491919518e-04
1.195571944117546082e-02
1.397857558913528919e-03
2.045002067461609840e-03
2.030715532600879669e-02
8.587982505559921265e-03
6.990744732320308685e-03
1.825811900198459625e-02
9.439087472856044769e-03
1.296828687191009521e-02
1.310870703309774399e-02
2.059726975858211517e-03
3.885368816554546356e-03
9.825055487453937531e-03
2.757268957793712616e-03
5.460097920149564743e-03
-1.098041981458663940e-02
-1.424284186214208603e-02
-1.978361234068870544e-02
-8.805929683148860931e-03
-1.150358282029628754e-02
-1.789528876543045044e-02
-1.207239925861358643e-02
-1.844607293605804443e-02
-2.156263217329978943e-02
-6.814775988459587097e-03
-1.794403186067938805e-03
-8.299881592392921448e-03
-3.121586050838232040e-03
-1.262365840375423431e-03
-7.925583980977535248e-03
-6.340192630887031555e-03
-4.408786073327064514e-03
-1.252316217869520187e-02
1.974568236619234085e-03
2.502755261957645416e-03
8.693454787135124207e-03
3.146873321384191513e-03
2.273802645504474640e-03
4.149499349296092987e-03
2.467200160026550293e-03
2.888926537707448006e-04
3.100959351286292076e-03
2.559902379289269447e-03
9.799242252483963966e-04
5.509559530764818192e-03
-2.125415718182921410e-03
-1.656128093600273132e-03
1.055314438417553902e-03
-8.576779626309871674e-03
-5.005259066820144653e-03
-4.123365040868520737e-03
2.413715468719601631e-03
9.138478897511959076e-03
1.227127481251955032e-02
2.718645846471190453e-04
5.022866185754537582e-03
8.047297596931457520e-03
1.505511463619768620e-03
5.967933684587478638e-03
1.479902677237987518e-02
9.096181020140647888e-03
3.203868167474865913e-03
4.935542587190866470e-03
5.177774932235479355e-03
-3.382146824151277542e-03
8.832791936583817005e-04
3.008721629157662392e-03
-2.854609861969947815e-03
2.610887167975306511e-04
7.666290272027254105e-03
1.021916791796684265e-02
2.504527382552623749e-02
5.010414402931928635e-03
3.529905574396252632e-03
1.642219722270965576e-02
1.769128441810607910e-02
1.329690683633089066e-02
2.632180973887443542e-02
-1.641146838665008545e-02
-9.206944145262241364e-03
-1.835747063159942627e-02
-1.496791932731866837e-02
-6.909359246492385864e-03
-1.550650224089622498e-02
-2.373724430799484253e-02
-1.680311374366283417e-02
-3.048537485301494598e-02
-1.353812310844659805e-02
-5.890261847525835037e-03
-6.521053146570920944e-03
-8.083633147180080414e-03
-1.208009431138634682e-03
-1.809907495044171810e-03
-7.472874131053686142e-03
-1.378712593577802181e-03
-4.228407517075538635e-03
-5.481583066284656525e-03
-5.723016336560249329e-03
-9.840576909482479095e-03
-6.055999547243118286e-03
-6.188053637742996216e-03
-9.525408037006855011e-03
-4.582947585731744766e-03
-3.391365287825465202e-03
-8.704849518835544586e-03
1.236799434991553426e-04
-4.429946711752563715e-04
-3.543015802279114723e-03
9.381834533996880054e-04
1.894626911962404847e-04
-9.282066021114587784e-04
1.232885173521935940e-03
1.335621229372918606e-03
1.904173637740314007e-03
-2.411976689472794533e-03
-2.672631293535232544e-03
-6.277496460825204849e-03
-2.029809402301907539e-03
-1.772792893461883068e-03
-7.549586705863475800e-03
-8.242296986281871796e-03
-6.643404718488454819e-03
-7.193185854703187943e-03
1.791232451796531677e-02
5.895169451832771301e-03
1.648354716598987579e-02
1.682749763131141663e-02
6.925215013325214386e-03
1.374200545251369476e-02
1.712072640657424927e-02
8.470073342323303223e-03
1.344614941626787186e-02
-5.139445420354604721e-03
-1.034559914842247963e-03
-3.617488313466310501e-03
-5.424403119832277298e-03
-2.242664340883493423e-03
-5.262319464236497879e-03
-5.303525365889072418e-03
-2.817901549860835075e-03
-5.357500631362199783e-03
-2.438243478536605835e-03
-6.860857829451560974e-03
-8.397047407925128937e-03
-1.329088816419243813e-03
-5.231906194239854813e-03
-7.533363997936248779e-03
5.063305143266916275e-04
-4.245745483785867691e-03
-6.810260936617851257e-03
3.454954177141189575e-02
2.225156500935554504e-02
2.861105091869831085e-02
1.568879559636116028e-02
2.759858267381787300e-03
1.010688859969377518e-02
1.986965723335742950e-02
6.447052117437124252e-03
7.924282923340797424e-03
5.515199899673461914e-02
4.371083527803421021e-02
5.966369435191154480e-02
4.040921106934547424e-02
2.376536093652248383e-02
4.060785472393035889e-02
2.896981686353683472e-02
1.413267012685537338e-02
2.924797870218753815e-02
-2.708157710731029510e-02
-1.991168037056922913e-02
-2.633189409971237183e-02
-2.075073309242725372e-02
-1.356029324233531952e-02
-1.672880910336971283e-02
-2.327427454292774200e-02
-1.692092232406139374e-02
-1.770933158695697784e-02
1.078933477401733398e-02
7.402685936540365219e-03
2.595683326944708824e-03
1.029422134160995483e-02
6.699266377836465836e-03
8.326055482029914856e-03
9.675896726548671722e-03
5.669406615197658539e-03
8.779194205999374390e-03
-1.389184780418872833e-02
-8.243279531598091125e-03
-1.335019990801811218e-02
-1.086299121379852295e-02
-3.538281423971056938e-03
-4.184212069958448410e-03
-1.198291219770908356e-02
-5.181872751563787460e-03
-8.937647216953337193e-04
-4.596064798533916473e-03
-1.185758737847208977e-03
2.734451089054346085e-03
-6.760364398360252380e-03
-2.208329970017075539e-03
-1.066942932084202766e-03
-1.507572922855615616e-02
-1.079704705625772476e-02
-7.322906982153654099e-03
-1.097794249653816223e-02
-4.354715347290039062e-03
-4.337627906352281570e-03
-7.975149899721145630e-03
-1.453312579542398453e-03
-1.863098470494151115e-03
-9.968372993171215057e-03
-1.958914566785097122e-03
-5.376813001930713654e-03
-6.351742427796125412e-03
-1.397497253492474556e-04
-6.379499682225286961e-04
-6.330240052193403244e-03
1.129057607613503933e-03
1.057756482623517513e-03
-4.940631333738565445e-03
1.959069631993770599e-03
4.001507069915533066e-03
-1.021821890026330948e-02
-1.482423488050699234e-02
-2.563418447971343994e-02
-4.800290800631046295e-03
-7.462352048605680466e-03
-1.964007318019866943e-02
-1.084385626018047333e-02
-1.237883511930704117e-02
-2.732859365642070770e-02
-1.856442540884017944e-02
-1.319641247391700745e-02
-2.312429249286651611e-02
-1.694454997777938843e-02
-1.050799991935491562e-02
-1.984598673880100250e-02
-1.725957170128822327e-02
-1.083410531282424927e-02
-1.625256612896919250e-02
-7.126074284315109253e-03
-1.696423045359551907e-03
-4.763700999319553375e-03
-1.923178439028561115e-03
4.494577646255493164e-03
-1.925365999341011047e-03
-3.334014210850000381e-03
4.622407257556915283e-03
-7.984288036823272705e-03
1.450326666235923767e-02
2.533903578296303749e-03
5.038496106863021851e-03
9.409663267433643341e-03
-1.455608056858181953e-03
3.997299645561724901e-04
9.248373098671436310e-03
4.723740858025848866e-04
-1.192192547023296356e-03
1.367073692381381989e-02
1.462175417691469193e-02
1.497594267129898071e-02
1.992765627801418304e-02
1.846995577216148376e-02
2.104911766946315765e-02
2.135662920773029327e-02
2.511287294328212738e-02
2.478676475584506989e-02
9.795311838388442993e-03
4.170429892838001251e-04
-4.375377669930458069e-03
4.611102864146232605e-03
-3.568259067833423615e-03
-8.535757660865783691e-03
5.636776797473430634e-03
-4.881556145846843719e-03
-1.319402456283569336e-02
-1.634000428020954132e-02
-2.426047809422016144e-03
-1.210393942892551422e-02
-1.255138311535120010e-02
2.463511482346802950e-04
-1.098168827593326569e-02
-1.683345809578895569e-02
-6.180793512612581253e-03
-2.207555621862411499e-02
-6.338383536785840988e-03
1.250690082088112831e-03
3.568326821550726891e-03
-4.153571091592311859e-03
1.901419134810566902e-03
2.917039906606078148e-03
-1.953769940882921219e-03
1.892079482786357403e-03
3.377878339961171150e-03
-2.059593051671981812e-02
-7.157272659242153168e-03
-5.335848778486251831e-03
-1.844731159508228302e-02
-6.532643921673297882e-03
-6.615870166569948196e-03
-2.511777728796005249e-02
-1.606229506433010101e-02
-1.645116880536079407e-02
1.253012218512594700e-03
9.766347706317901611e-03
9.047098457813262939e-03
-1.735467114485800266e-03
7.151620928198099136e-03
5.429526325315237045e-03
-1.582779805175960064e-03
2.707586390897631645e-03
3.096204251050949097e-03
-1.083511114120483398e-02
-1.045411173254251480e-02
-1.200892589986324310e-02
-4.181338939815759659e-03
-1.986252143979072571e-03
-3.419506829231977463e-03
1.577090355567634106e-03
2.641687402501702309e-03
5.056988447904586792e-03
1.620852202177047729e-02
1.235635112971067429e-02
2.015689387917518616e-02
1.139781344681978226e-02
8.511160500347614288e-03
1.759532280266284943e-02
1.416703499853610992e-02
1.098166033625602722e-02
1.965048722922801971e-02
-3.436932573094964027e-03
-1.837713993154466152e-03
1.463138149119913578e-03
-2.978946780785918236e-03
-3.072665538638830185e-03
3.066168283112347126e-04
2.895082812756299973e-03
1.938295201398432255e-03
3.416219027712941170e-03
1.042181998491287231e-02
8.698079735040664673e-03
9.480065666139125824e-03
5.774884484708309174e-03
4.065700341016054153e-03
2.970083849504590034e-03
8.687683381140232086e-03
4.592450335621833801e-03
2.814939245581626892e-03
3.053716616705060005e-03
-1.887525548227131367e-03
-2.334091113880276680e-03
-5.122530274093151093e-03
-7.815283723175525665e-03
-9.592565707862377167e-03
-3.124670591205358505e-03
-6.302164867520332336e-03
-1.042918115854263306e-02
-8.506204932928085327e-03
-6.364864297211170197e-03
-8.759279735386371613e-03
-9.646918624639511108e-03
-6.964479573071002960e-03
-1.131681539118289948e-02
-2.765562385320663452e-03
3.766262962017208338e-04
-5.108777899295091629e-03
3.610764630138874054e-03
2.171078696846961975e-03
-9.132597915595397353e-05
-1.156393205747008324e-03
-1.258962438441812992e-03
5.741512868553400040e-04
-5.132590420544147491e-03
-1.654689549468457699e-03
-2.626803703606128693e-03
1.559245167300105095e-03
-7.083498057909309864e-04
1.635485794395208359e-03
1.217870274558663368e-03
-5.552664515562355518e-04
8.354451856575906277e-04
1.904314267449080944e-03
1.134214340709149837e-03
5.033176275901496410e-04
-1.809966005384922028e-02
-7.507956121116876602e-03
-4.997229669243097305e-03
-1.169092673808336258e-02
-4.380744416266679764e-03
-2.740354742854833603e-03
-1.604438200592994690e-02
-9.551628492772579193e-03
-5.392547231167554855e-03
-4.300169181078672409e-03
-6.719058379530906677e-03
-6.161534693092107773e-03
-3.756443737074732780e-03
-6.377226673066616058e-03
-2.781921066343784332e-03
-2.313758945092558861e-03
-3.278591204434633255e-03
3.001278731971979141e-03
-1.743045519106090069e-03
-7.024488411843776703e-03
-1.355916820466518402e-02
2.864772221073508263e-03
-3.081240458413958549e-03
-7.773572579026222229e-03
7.180673070251941681e-03
1.826895982958376408e-03
-4.298770334571599960e-03
2.286380715668201447e-02
1.652224734425544739e-02
3.263516724109649658e-02
2.451502531766891479e-02
1.526089292019605637e-02
2.858081273734569550e-02
5.287933722138404846e-02
3.949637338519096375e-02
5.069412663578987122e-02
-7.485367357730865479e-03
5.949279759079217911e-03
1.578995399177074432e-02
-2.938266610726714134e-03
5.982829257845878601e-03
1.163970585912466049e-02
6.036642007529735565e-03
1.161281019449234009e-02
1.525731291621923447e-02
-6.424603983759880066e-03
-3.395199775695800781e-03
-6.452098023146390915e-03
-6.227235775440931320e-03
-3.966503776609897614e-03
-8.068235591053962708e-03
-6.679578218609094620e-03
-6.873659789562225342e-03
-8.608588017523288727e-03
-9.129544720053672791e-03
-4.545812029391527176e-03
-2.232675906270742416e-03
-4.899562802165746689e-03
-1.899452181532979012e-03
5.154065001988783479e-05
-1.070516929030418396e-02
-5.372882820665836334e-03
-7.510508876293897629e-04
-4.236277192831039429e-03
-1.139066927134990692e-02
-8.393252268433570862e-03
-7.484396453946828842e-03
-1.768060587346553802e-02
-1.295108161866664886e-02
-2.141468226909637451e-03
-1.174410246312618256e-02
-8.613417856395244598e-03
3.969022259116172791e-02
2.055110596120357513e-02
4.845042154192924500e-02
1.688204891979694366e-02
-1.520431949757039547e-03
2.511555142700672150e-02
3.211685270071029663e-02
1.221257448196411133e-02
2.861818671226501465e-02
1.205208827741444111e-03
3.789229318499565125e-03
6.746182218194007874e-03
1.102410024031996727e-03
4.257220774888992310e-03
5.465095862746238708e-03
2.789489692077040672e-03
4.933498799800872803e-03
4.107669927179813385e-03
-1.037203986197710037e-02
-4.524563904851675034e-03
-6.915120873600244522e-03
-7.920104078948497772e-03
-3.091780468821525574e-03
-8.070317097008228302e-03
-1.665682345628738403e-02
-7.596445269882678986e-03
-1.415233686566352844e-02
-2.117243409156799316e-02
-1.344599388539791107e-02
-3.380144014954566956e-02
-1.245112996548414230e-02
-3.418619744479656219e-03
-2.495391480624675751e-02
-1.405661553144454956e-02
-3.077270230278372765e-03
-2.560529112815856934e-02
-9.132902137935161591e-03
-9.152475744485855103e-03
-3.433380625210702419e-04
-7.677893619984388351e-03
-6.457158364355564117e-03
2.694059396162629128e-03
-6.986913271248340607e-03
-5.937932990491390228e-03
-2.326976391486823559e-05
9.673195309005677700e-04
9.890212677419185638e-04
-4.588620271533727646e-03
3.628720529377460480e-03
3.403077134862542152e-03
-2.007269533351063728e-03
1.732192817144095898e-03
3.315525827929377556e-03
-3.617471782490611076e-03
5.590198095887899399e-03
2.085248706862330437e-03
9.508612565696239471e-03
1.157122198492288589e-02
7.427870761603116989e-03
1.311773993074893951e-02
1.076867803931236267e-02
6.701856385916471481e-03
1.266387663781642914e-02
-8.210140280425548553e-03
-8.773644454777240753e-03
-9.176878258585929871e-03
-1.518004946410655975e-02
-1.414659060537815094e-02
-1.300963666290044785e-02
-1.207327470183372498e-02
-1.921520754694938660e-02
-2.055170759558677673e-02
8.392748422920703888e-03
6.053216056898236275e-04
1.214253809303045273e-02
1.561251748353242874e-02
8.111456409096717834e-04
1.275544892996549606e-02
3.112724237143993378e-02
1.748338155448436737e-02
2.813264541327953339e-02
-3.510983427986502647e-03
-8.829995203996077180e-05
-5.226414185017347336e-03
-7.570707239210605621e-03
-1.995766768231987953e-03
-5.585953127592802048e-03
-8.622710593044757843e-03
-3.087525954470038414e-03
-8.806736208498477936e-03
1.004246622323989868e-02
-4.863944370299577713e-03
1.163918245583772659e-02
1.934113539755344391e-02
5.176053150535153691e-07
1.138805132359266281e-02
3.823125734925270081e-02
1.824696920812129974e-02
2.811638079583644867e-02
3.143892809748649597e-02
1.836466975510120392e-02
1.928314380347728729e-02
1.771626807749271393e-02
7.747697178274393082e-03
6.633064709603786469e-03
2.332958951592445374e-02
1.045896578580141068e-02
8.204703219234943390e-03
2.656122297048568726e-02
1.993597485125064850e-02
3.821879252791404724e-02
1.490188390016555786e-02
9.564117528498172760e-03
2.472622878849506378e-02
2.087144739925861359e-02
1.935729198157787323e-02
3.731883689761161804e-02
-3.743330948054790497e-03
-5.586713552474975586e-03
-2.142696175724267960e-03
1.063401694409549236e-03
-1.151990843936800957e-03
1.788711990229785442e-03
-2.371298614889383316e-03
-1.655950443819165230e-03
1.430517761036753654e-03
-2.052909228950738907e-03
7.096853223629295826e-04
4.306626971811056137e-03
-2.129991305992007256e-03
-2.050464507192373276e-03
9.680696530267596245e-04
-1.951255253516137600e-03
-1.312239328399300575e-03
3.179117993568070233e-05
-1.295268908143043518e-02
-1.062568556517362595e-02
-1.449495647102594376e-02
-4.529417026787996292e-03
-4.057949874550104141e-03
-8.941311389207839966e-03
-4.859742708504199982e-03
-7.216617930680513382e-03
-8.924186229705810547e-03
-1.625660341233015060e-03
1.445417292416095734e-03
2.704072045162320137e-03
2.119553537340834737e-04
3.133774036541581154e-03
2.525286283344030380e-03
9.562484920024871826e-04
3.596931463107466698e-03
4.285421222448348999e-03
2.970162546262145042e-03
1.899613183923065662e-03
2.979598008096218109e-03
3.819853765890002251e-03
3.224128624424338341e-03
5.635634064674377441e-03
7.161545101553201675e-03
5.446692463010549545e-03
6.533366627991199493e-03
5.985438823699951172e-03
2.734718611463904381e-03
5.182352848351001740e-03
5.700521171092987061e-03
2.842118963599205017e-03
4.045051988214254379e-03
3.366401419043540955e-03
8.880021632649004459e-04
1.675361650995910168e-03
6.622879765927791595e-03
5.764008499681949615e-03
4.180763848125934601e-03
3.154782461933791637e-04
4.001185297966003418e-04
-1.449677627533674240e-03
-3.805340500548481941e-03
-3.821712452918291092e-03
-6.134022492915391922e-03
-1.679926645010709763e-03
-2.470147330313920975e-03
-2.589822513982653618e-03
-1.619232585653662682e-03
-4.628007300198078156e-03
-3.088661469519138336e-03
1.840501674450933933e-03
-2.941826358437538147e-03
-1.925317221321165562e-03
-5.539614707231521606e-03
-9.303303668275475502e-04
-2.211584709584712982e-03
-5.458487197756767273e-03
3.100777976214885712e-04
-2.719588577747344971e-03
-8.810902945697307587e-03
-3.889632644131779671e-03
-8.420445956289768219e-03
1.847591949626803398e-03
5.985116586089134216e-03
8.972602896392345428e-03
1.867806306108832359e-03
5.475791636854410172e-03
7.688915356993675232e-03
3.308519488200545311e-03
5.121805705130100250e-03
6.428044289350509644e-03
-1.313326414674520493e-02
-5.699740722775459290e-03
-2.060133218765258789e-02
-9.500958956778049469e-03
-5.109265330247581005e-04
-1.237554196268320084e-02
-1.868163049221038818e-02
-9.236728772521018982e-03
-1.907473988831043243e-02
1.168092526495456696e-02
1.171096693724393845e-02
1.851246692240238190e-02
1.710260636173188686e-03
1.861469238065183163e-03
8.324068970978260040e-03
1.689014723524451256e-03
4.229617770761251450e-03
9.633769281208515167e-03
-1.765447482466697693e-02
-1.292078755795955658e-02
-1.528978999704122543e-02
-1.716128364205360413e-02
-1.180189289152622223e-02
-1.695692166686058044e-02
-1.453194394707679749e-02
-8.226829580962657928e-03
-1.092468108981847763e-02
-8.114239317364990711e-04
1.227593165822327137e-04
-9.785570437088608742e-04
-2.344665816053748131e-03
1.200149999931454659e-03
-4.315250553190708160e-04
-4.156579729169607162e-03
-1.300626085139811039e-03
-1.093117403797805309e-03
3.927747718989849091e-03
1.462594955228269100e-03
2.839112421497702599e-03
2.132784808054566383e-03
-4.294238751754164696e-04
2.406258368864655495e-03
3.156730672344565392e-03
-1.538547076052054763e-04
2.132982015609741211e-03
-1.224262826144695282e-02
-1.009185519069433212e-02
-1.217121165245771408e-02
-7.287634070962667465e-03
-4.708749242126941681e-03
-8.074582554399967194e-03
-8.178944699466228485e-03
-6.189010571688413620e-03
-7.215294986963272095e-03
4.720817320048809052e-03
6.409074179828166962e-03
9.410322672920301557e-05
2.371516311541199684e-03
3.356443252414464951e-03
1.045878161676228046e-03
3.172364085912704468e-04
9.506919886916875839e-04
-3.234457457438111305e-03
2.423887635814025998e-04
-1.211716094985604286e-03
-1.216785633005201817e-03
-2.079813275486230850e-03
-3.555207280442118645e-03
-3.695740364491939545e-03
-6.657176651060581207e-03
-7.998529821634292603e-03
-9.744496084749698639e-03
7.637194823473691940e-03
7.370521314442157745e-03
5.145388189703226089e-03
3.126553958281874657e-03
1.022754469886422157e-03
2.846549323294311762e-04
4.973571747541427612e-03
2.004853449761867523e-03
3.070821519941091537e-03
-2.006931696087121964e-03
-2.540872199460864067e-03
-2.965796738862991333e-03
-2.774178748950362206e-03
-4.069293383508920670e-03
-5.505923647433519363e-03
-6.280649453401565552e-03
-6.006521172821521759e-03
-8.022516965866088867e-03
-8.401250466704368591e-03
-4.093502182513475418e-03
-6.667697802186012268e-03
-6.552946288138628006e-03
-2.500847447663545609e-03
-3.097456414252519608e-03
-4.099544603377580643e-03
-2.089269924908876419e-03
-3.390610218048095703e-03
3.150212112814188004e-03
2.969899447634816170e-03
4.377702716737985611e-03
3.079952439293265343e-04
-3.505290369503200054e-04
1.710166572593152523e-03
-1.325309509411454201e-03
-8.832669700495898724e-04
-3.535533905960619450e-04
-1.154508069157600403e-02
-2.851652447134256363e-03
-5.292546469718217850e-03
-1.056611631065607071e-02
3.944000054616481066e-04
-1.766006578691303730e-03
-1.757498830556869507e-02
-8.233321830630302429e-03
-1.116120908409357071e-02
-4.052879288792610168e-03
-2.822694834321737289e-03
-3.387782198842614889e-04
-2.251483500003814697e-03
-2.007230883464217186e-03
-3.722250403370708227e-04
-4.262235481292009354e-03
-2.580377738922834396e-03
-4.188322345726191998e-04
3.436979837715625763e-03
4.793281666934490204e-03
1.912452862598001957e-03
3.693771548569202423e-03
4.178633913397789001e-03
5.565609899349510670e-04
2.847195370122790337e-03
3.092340892180800438e-03
-7.957465131767094135e-04
2.174380235373973846e-03
1.987620489671826363e-03
3.742943517863750458e-03
-3.352898056618869305e-04
-1.330262894043698907e-04
1.867820508778095245e-03
-1.950015313923358917e-03
-1.403794507496058941e-03
6.571623380295932293e-04
-5.475405137985944748e-03
-5.648279096931219101e-03
-7.793588098138570786e-03
-2.006111666560173035e-03
-2.338416408747434616e-03
-3.846732899546623230e-03
-3.121236339211463928e-03
-1.145795453339815140e-03
-1.205776352435350418e-03
-6.413244642317295074e-03
-2.013573888689279556e-03
-9.653538581915199757e-04
-5.688122939318418503e-03
-2.895878162235021591e-03
-5.419370718300342560e-04
-7.797840982675552368e-03
-4.266332369297742844e-03
-3.130613185930997133e-04
1.731742545962333679e-02
1.225585676729679108e-02
1.792913116514682770e-02
1.145659945905208588e-02
4.723499994724988937e-03
1.066895294934511185e-02
1.360892690718173981e-02
8.793665096163749695e-03
1.400170102715492249e-02
2.690802328288555145e-03
8.492962224408984184e-04
3.244492923840880394e-03
-5.553565453737974167e-03
-1.078948751091957092e-02
-6.628881674259901047e-03
-6.246418692171573639e-03
-1.035726908594369888e-02
-6.857814267277717590e-03
1.336243236437439919e-03
4.819393157958984375e-03
5.876202136278152466e-03
1.939250214491039515e-04
-2.095002273563295603e-04
3.807960078120231628e-03
5.275615025311708450e-03
3.112511010840535164e-03
8.065281435847282410e-03
-6.303662434220314026e-03
-9.241639636456966400e-04
-1.074908766895532608e-03
-3.033775137737393379e-03
-5.000883902539499104e-05
-7.012189598754048347e-05
-2.194738248363137245e-03
-4.787147918250411749e-04
-2.104526618495583534e-03
2.270689979195594788e-02
2.050263434648513794e-02
2.246705628931522369e-02
2.070284634828567505e-02
1.237364672124385834e-02
2.069729752838611603e-02
8.433793671429157257e-03
5.077004432678222656e-03
8.287191390991210938e-03
-5.113837774842977524e-03
-6.036848761141300201e-03
-6.455827970057725906e-03
-3.886210964992642403e-03
-3.790615126490592957e-03
-2.592409728094935417e-03
-1.601516618393361568e-03
-2.522678580135107040e-03
-2.475365530699491501e-03
-7.371103856712579727e-03
-8.623315021395683289e-03
-1.001622993499040604e-02
-1.271150540560483932e-03
-8.940689149312674999e-04
-3.138750791549682617e-03
-1.352160470560193062e-03
-2.136732684448361397e-03
-4.219981841742992401e-03
-4.352111835032701492e-03
-2.839450899045914412e-04
-2.464572200551629066e-03
-6.400443380698561668e-04
2.078084973618388176e-03
3.524525789543986320e-03
-9.934320114552974701e-04
2.333202166482806206e-03
5.555652547627687454e-03
-2.893357165157794952e-02
-1.553273200988769531e-02
-2.279539406299591064e-02
-1.880966685712337494e-02
-5.959958303719758987e-03
-1.133185531944036484e-02
-1.784485764801502228e-02
-4.085711669176816940e-03
-8.544662967324256897e-03
6.623899680562317371e-04
2.791187958791851997e-03
5.326658952981233597e-03
2.369366586208343506e-03
3.474466269835829735e-03
6.551484577357769012e-03
1.056145690381526947e-02
8.895077742636203766e-03
1.195079926401376724e-02
8.245361968874931335e-03
8.449099957942962646e-03
1.366899255663156509e-02
4.077595658600330353e-03
3.968847449868917465e-03
8.607357740402221680e-03
3.106891643255949020e-03
3.065159311518073082e-03
8.493829518556594849e-03
-5.220117047429084778e-03
-6.906130351126194000e-03
-3.243133658543229103e-03
-6.480428390204906464e-03
-6.865493953227996826e-03
-4.096821416169404984e-03
-7.112938910722732544e-03
-7.451260928064584732e-03
-5.184984765946865082e-03
-3.703595139086246490e-03
-8.351682918146252632e-04
-4.207645077258348465e-03
-4.573177546262741089e-03
-2.015889156609773636e-03
-5.147736519575119019e-03
-7.367549464106559753e-03
-4.328798037022352219e-03
-7.804393302649259567e-03
-4.847271833568811417e-03
-1.054398622363805771e-02
-7.336468901485204697e-03
-3.838764503598213196e-03
-7.932279258966445923e-03
-5.861771292984485626e-03
4.350197967141866684e-03
-1.141428132541477680e-03
6.760151591151952744e-04
-7.596108596771955490e-03
-2.509433543309569359e-03
-3.029681276530027390e-03
-8.363948203623294830e-03
-1.937998924404382706e-03
-3.723211586475372314e-03
-9.651255793869495392e-03
-6.379631347954273224e-03
-8.141277357935905457e-03
7.974443957209587097e-03
5.400566384196281433e-03
5.702295806258916855e-03
4.698316100984811783e-03
2.410887973383069038e-03
4.692631773650646210e-03
7.370896055363118649e-04
-1.192356576211750507e-03
1.488925889134407043e-03
9.835019707679748535e-03
5.751755088567733765e-03
6.100550293922424316e-03
8.414686657488346100e-03
1.003696699626743793e-03
-2.329854032723233104e-04
1.200864836573600769e-02
8.543716743588447571e-03
5.440024193376302719e-03
-6.314652506262063980e-03
-5.138210020959377289e-03
-9.641909040510654449e-03
-5.068113561719655991e-03
-5.820079240947961807e-03
-8.609894663095474243e-03
-2.901301020756363869e-03
-3.314830595627427101e-03
-4.652572330087423325e-03
1.052542007528245449e-03
-3.283081168774515390e-04
5.469006020575761795e-03
-2.948390610981732607e-04
-2.355285221710801125e-03
2.695801900699734688e-03
2.230396959930658340e-03
3.367635072208940983e-04
5.513775162398815155e-03
4.028598777949810028e-03
3.915362991392612457e-03
2.331309951841831207e-03
4.978540819138288498e-03
3.200608305633068085e-03
1.620726310648024082e-03
4.222476389259099960e-03
2.098791301250457764e-03
4.037441685795783997e-04
-7.516967598348855972e-03
-2.877007864299230278e-05
-5.997586995363235474e-03
2.573927864432334900e-03
6.560996174812316895e-03
-5.486112786456942558e-04
3.939022310078144073e-03
8.127274923026561737e-03
8.236157009378075600e-04
4.292962257750332355e-04
-4.283777088858187199e-04
-1.944631338119506836e-03
-1.720997533993795514e-04
-6.415814277715981007e-05
2.478166250512003899e-03
1.107137650251388550e-03
3.395157167688012123e-03
8.013219572603702545e-03
-8.913215133361518383e-04
-7.916295900940895081e-03
-4.398746415972709656e-03
3.312573826406151056e-04
-7.382701151072978973e-03
-3.130991011857986450e-03
3.228163113817572594e-03
-1.708540483377873898e-03
2.700037788599729538e-03
1.022635772824287415e-02
6.837097927927970886e-03
8.253979496657848358e-03
6.736955139786005020e-03
2.426615683361887932e-03
4.181549418717622757e-03
9.389907121658325195e-03
3.111119847744703293e-03
3.207037691026926041e-03
-7.733704522252082825e-03
-5.432719364762306213e-03
-1.403662003576755524e-02
-1.321117859333753586e-03
-3.192668664269149303e-04
-9.472027420997619629e-03
-7.453297148458659649e-04
3.127783202216960490e-06
-1.137204654514789581e-02
-4.673259332776069641e-03
-8.100547711364924908e-04
-6.740796845406293869e-03
-2.766197081655263901e-03
5.211319657973945141e-04
-3.552738344296813011e-03
-4.390984307974576950e-03
-1.770772272720932961e-03
-5.376975517719984055e-03
-1.199970114976167679e-02
-7.892578840255737305e-03
-1.300626993179321289e-02
-8.670175448060035706e-03
-4.237429238855838776e-03
-1.005817763507366180e-02
-9.794555604457855225e-03
-7.897354662418365479e-03
-1.542699337005615234e-02
-1.523449923843145370e-02
-1.428624894469976425e-02
-1.908431388437747955e-02
-1.121126580983400345e-02
-6.484742276370525360e-03
-9.805980138480663300e-03
-1.527623459696769714e-02
-8.874809369444847107e-03
-1.235966570675373077e-02
-5.932869389653205872e-03
-1.355484127998352051e-03
-7.466109469532966614e-03
-2.917880425229668617e-03
1.673202728852629662e-03
-4.830407910048961639e-03
-7.622573524713516235e-03
-2.966681960970163345e-03
-8.090183138847351074e-03
-8.257706649601459503e-03
-4.030209966003894806e-03
-5.415674764662981033e-03
-1.174792926758527756e-02
-4.480237141251564026e-03
-8.772452361881732941e-03
-1.390006020665168762e-02
-7.065400481224060059e-03
-1.375258620828390121e-02
-3.748032497242093086e-03
6.100825266912579536e-04
-1.355430460534989834e-03
-5.757688079029321671e-03
-2.528256969526410103e-03
-4.890385549515485764e-03
-1.084838900715112686e-02
-9.316205978393554688e-03
-1.192059926688671112e-02
-3.619618713855743408e-03
5.248319939710199833e-04
7.256077369675040245e-04
-3.441827604547142982e-03
1.800882047973573208e-03
7.473119185306131840e-04
-9.401296265423297882e-03
-6.627659779042005539e-03
-8.284975774586200714e-03
4.834576509892940521e-03
-4.384905565530061722e-03
6.749593652784824371e-03
2.421869663521647453e-03
-6.078416015952825546e-03
4.715477582067251205e-03
1.855457015335559845e-02
1.005773898214101791e-02
2.226761355996131897e-02
1.066342275589704514e-02
2.308001276105642319e-03
8.770261891186237335e-03
8.938133716583251953e-03
2.312365220859646797e-03
9.129815734922885895e-03
1.557030715048313141e-02
9.076779708266258240e-03
1.430474221706390381e-02
7.303397636860609055e-03
1.037226244807243347e-02
1.459053624421358109e-02
5.938446614891290665e-03
9.344124235212802887e-03
1.290578953921794891e-02
3.093306906521320343e-03
8.298913016915321350e-03
1.154660899192094803e-02
1.035808306187391281e-02
7.690716069191694260e-03
1.269038673490285873e-02
5.222374107688665390e-03
1.608040183782577515e-03
6.963743828237056732e-03
8.360933512449264526e-03
6.143158767372369766e-03
9.939424693584442139e-03
-9.449166245758533478e-03
-5.528343375772237778e-03
-5.962524097412824631e-03
-6.130045279860496521e-03
-1.515966607257723808e-03
-3.190173301845788956e-03
-1.519663631916046143e-02
-9.543106891214847565e-03
-1.149016991257667542e-02
1.652178168296813965e-02
1.499227620661258698e-02
2.612242847681045532e-02
1.403453201055526733e-02
1.242366526275873184e-02
2.293050847947597504e-02
1.787941344082355499e-02
1.643539033830165863e-02
2.516673319041728973e-02
-3.352581523358821869e-03
1.062714029103517532e-03
-3.440249478444457054e-03
-9.922371245920658112e-04
2.814878942444920540e-03
-7.405871874652802944e-04
-6.429058848880231380e-04
6.727084051817655563e-03
1.621970441192388535e-03
3.176945075392723083e-02
1.605823822319507599e-02
3.263558819890022278e-02
1.665541715919971466e-02
7.434042054228484631e-04
1.870257407426834106e-02
3.828821331262588501e-02
2.552211657166481018e-02
4.583659395575523376e-02
-4.877069965004920959e-03
-5.554091650992631912e-03
-5.488282535225152969e-03
-5.675725638866424561e-03
-7.134418003261089325e-03
-7.618255447596311569e-03
-8.657877333462238312e-03
-7.859705016016960144e-03
-1.068435981869697571e-02
1.306582562392577529e-04
1.191860064864158630e-03
-8.446687716059386730e-04
-1.073384075425565243e-03
-4.093651950825005770e-04
-2.403298392891883850e-03
7.952138548716902733e-04
1.260126824490725994e-03
-1.302701770327985287e-03
-4.043073859065771103e-03
-4.105268977582454681e-03
-1.300340052694082260e-02
7.944360258989036083e-04
1.367717923130840063e-04
-8.896786719560623169e-03
-1.828913111239671707e-03
-1.966428244486451149e-03
-8.611541241407394409e-03
-4.943330772221088409e-03
-2.624629996716976166e-03
-8.708594366908073425e-03
-7.657112553715705872e-03
-2.145683858543634415e-03
-8.969352580606937408e-03
-9.827786125242710114e-03
-3.274576039984822273e-03
-7.586439605802297592e-03
-4.035178106278181076e-03
-7.596007548272609711e-03
-5.821242462843656540e-03
2.204473421443253756e-04
-3.653095103800296783e-03
-1.246393541805446148e-03
2.018329687416553497e-03
-3.895792760886251926e-04
2.521435264497995377e-03
-1.448620948940515518e-02
-8.665435016155242920e-03
-1.145225483924150467e-02
-8.728498592972755432e-03
-4.099877551198005676e-03
-8.235531859099864960e-03
-1.824926026165485382e-02
-1.163910981267690659e-02
-1.560426130890846252e-02
1.947211287915706635e-02
1.025908719748258591e-02
2.554606087505817413e-02
1.319434121251106262e-02
2.944046165794134140e-03
1.589332148432731628e-02
2.312455326318740845e-02
1.217785943299531937e-02
2.359124645590782166e-02
2.164621092379093170e-02
1.011265628039836884e-02
2.031237632036209106e-02
1.255055889487266541e-02
-2.591470547486096621e-04
1.114942971616983414e-02
1.407524105161428452e-02
5.327107850462198257e-03
1.784936711192131042e-02
8.838508510962128639e-04
6.858488544821739197e-03
-1.647801371291279793e-03
7.685069926083087921e-03
1.326970290392637253e-02
5.139606539160013199e-03
4.069158807396888733e-03
6.372796371579170227e-03
5.531846545636653900e-03
-6.350079551339149475e-03
-8.480419404804706573e-03
-9.175975807011127472e-03
-8.374736644327640533e-03
-8.770592510700225830e-03
-1.178991701453924179e-02
-7.007555570453405380e-03
-8.030706085264682770e-03
-9.581675752997398376e-03
-1.230581011623144150e-02
-2.160438336431980133e-03
-5.102124996483325958e-03
-9.608011692762374878e-03
-4.466260143090039492e-04
-1.419708481989800930e-03
-1.289483532309532166e-02
-4.568998701870441437e-03
-6.205563433468341827e-03
2.043932117521762848e-02
1.434893254190683365e-02
1.261256355792284012e-02
1.047296170145273209e-02
3.615420544520020485e-03
7.283877115696668625e-03
1.731133647263050079e-02
1.433078665286302567e-02
1.504416111856698990e-02
4.398778546601533890e-03
2.335915109142661095e-03
8.253375999629497528e-03
5.203840788453817368e-03
1.295662950724363327e-03
6.865766830742359161e-03
1.325582060962915421e-02
9.139999747276306152e-03
1.701255701482295990e-02
-5.053656641393899918e-03
-1.250014873221516609e-03
-5.562536884099245071e-03
-2.997207920998334885e-03
1.690971083007752895e-03
-3.679438726976513863e-03
-1.011715922504663467e-02
-5.004874430596828461e-03
-9.032299742102622986e-03
-3.267661435529589653e-03
-3.046762431040406227e-03
-1.772128161974251270e-03
-2.577414968982338905e-03
-1.309641636908054352e-03
-6.633565062656998634e-04
-2.322854707017540932e-03
-2.069506794214248657e-03
-5.633521941490471363e-04
-6.437975913286209106e-03
-6.699788849800825119e-03
-9.749067947268486023e-03
-5.242819432169198990e-03
-5.550933536142110825e-03
-4.088151268661022186e-03
-9.304407052695751190e-03
-9.377224370837211609e-03
-8.684501051902770996e-03
1.006818842142820358e-02
5.813202355057001114e-03
2.330592600628733635e-03
7.482889108359813690e-03
2.826307900249958038e-03
-1.914183259941637516e-03
3.285139333456754684e-03
1.005495083518326283e-03
-3.136605489999055862e-03
-6.258655805140733719e-03
-6.051589734852313995e-03
-7.638567127287387848e-03
-3.024518722668290138e-03
-1.445435103960335255e-03
-4.296215251088142395e-03
-1.515493961051106453e-03
-1.010661362670361996e-03
-3.399770474061369896e-03
2.533157169818878174e-02
4.496814217418432236e-03
1.230531092733144760e-02
1.654479466378688812e-02
-1.890299376100301743e-03
5.525660701096057892e-03
2.369354851543903351e-02
8.765914477407932281e-03
1.782947219908237457e-02
2.326140529476106167e-04
5.902476608753204346e-03
6.590988021343946457e-03
2.161782234907150269e-03
2.979427110403776169e-03
2.435599453747272491e-03
1.404511742293834686e-03
-1.687546609900891781e-03
-2.169945277273654938e-03
-4.969205241650342941e-03
-2.683898201212286949e-03
-2.437346382066607475e-03
-1.813146052882075310e-03
2.332847099751234055e-03
4.659641534090042114e-03
-4.514130763709545135e-03
2.421810291707515717e-03
3.423166926950216293e-03
1.916750916279852390e-03
1.678635715506970882e-03
-2.445305231958627701e-03
3.924249671399593353e-03
4.476509522646665573e-03
1.562567311339080334e-03
2.526811556890606880e-03
1.740027102641761303e-03
1.591538079082965851e-03
1.261822413653135300e-03
3.416869556531310081e-03
-8.811988518573343754e-04
4.236932378262281418e-03
5.956882610917091370e-03
1.180357532575726509e-03
4.324885085225105286e-03
4.385197069495916367e-03
1.266146311536431313e-03
-2.304730936884880066e-03
6.769103347323834896e-04
-1.022304315119981766e-02
-5.562078207731246948e-03
1.460455125197768211e-03
-7.100441027432680130e-03
-1.453557517379522324e-02
-4.476113710552453995e-03
-8.451928384602069855e-03
-7.785626687109470367e-03
-3.650013590231537819e-03
-9.122931398451328278e-03
-7.536496035754680634e-03
-1.715220743790268898e-03
-5.566361360251903534e-03
-1.621411927044391632e-02
-9.657537564635276794e-03
-1.402668841183185577e-02
-1.426207739859819412e-02
-1.908493600785732269e-02
-1.616351865231990814e-02
2.749309875071048737e-03
-1.177872414700686932e-03
-7.245133165270090103e-04
4.231239203363656998e-03
-1.824753242544829845e-03
2.705135266296565533e-04
3.755828365683555603e-03
-6.471701897680759430e-03
-2.909144095610827208e-04
4.347293637692928314e-03
-3.649671329185366631e-03
3.236542688682675362e-03
9.033411741256713867e-03
7.146571297198534012e-03
1.584763638675212860e-02
4.079357720911502838e-03
5.074794753454625607e-04
2.679125871509313583e-03
2.361198421567678452e-03
-1.040366711094975471e-03
2.169369952753186226e-03
-1.189414062537252903e-03
-3.298112424090504646e-03
-9.954784763976931572e-05
-2.839033678174018860e-02
-2.101637609302997589e-02
-2.053133770823478699e-02
-2.566757798194885254e-02
-1.678628288209438324e-02
-2.513935230672359467e-02
-1.672997698187828064e-02
-8.263304829597473145e-03
-1.919291540980339050e-02
1.429138518869876862e-02
1.494750846177339554e-02
1.282133162021636963e-02
1.493926532566547394e-02
1.228029001504182816e-02
1.164500601589679718e-02
1.341243367642164230e-02
1.169983018189668655e-02
1.200247183442115784e-02
-5.723721696995198727e-04
2.653295407071709633e-03
6.211027037352323532e-03
-1.767089590430259705e-03
7.363589829765260220e-04
3.835564013570547104e-03
2.059483900666236877e-03
2.197943103965371847e-04
3.392515704035758972e-03
-3.383857198059558868e-03
-4.072000738233327866e-03
-3.808038076385855675e-03
-5.271364934742450714e-03
-4.328313283622264862e-03
-8.179082535207271576e-03
-1.093144994229078293e-02
-8.362623862922191620e-03
-1.333307567983865738e-02
5.124668031930923462e-02
3.099095076322555542e-02
4.131430760025978088e-02
3.465132415294647217e-02
1.606334932148456573e-02
2.472608350217342377e-02
3.745135664939880371e-02
1.880081184208393097e-02
2.498688548803329468e-02
-1.436965540051460266e-02
-9.206132031977176666e-03
-1.812076009809970856e-02
-1.548728905618190765e-02
-1.224988140165805817e-02
-2.033198252320289612e-02
-2.525844424962997437e-02
-1.858717575669288635e-02
-2.569412626326084137e-02
-3.622880904003977776e-03
-4.921543411910533905e-03
-7.866677828133106232e-03
-3.530764952301979065e-03
-1.861868891865015030e-03
-4.286789335310459137e-03
-1.050135865807533264e-02
-8.108423091471195221e-03
-9.424817748367786407e-03
-5.433874670416116714e-03
-4.479415714740753174e-03
-4.761846736073493958e-03
-4.680019803345203400e-03
-2.756786299869418144e-03
-4.297698847949504852e-03
-1.126983575522899628e-02
-8.453377522528171539e-03
-1.039708312600851059e-02
-1.525404979474842548e-03
-2.576411236077547073e-03
-3.058336907997727394e-03
1.245823223143815994e-04
8.285056101158261299e-04
-5.688528763130307198e-04
-2.372363116592168808e-03
-2.127895131707191467e-03
-7.392398081719875336e-03
-4.601290449500083923e-03
-2.166096586734056473e-03
-6.762584671378135681e-04
-1.583576202392578125e-02
-1.592612825334072113e-02
-1.127237360924482346e-02
-1.201517879962921143e-02
-1.748446375131607056e-02
-1.225642766803503036e-02
2.450712025165557861e-02
1.040253601968288422e-02
1.652191206812858582e-02
2.588793821632862091e-02
1.146733388304710388e-02
1.831712573766708374e-02
5.318729951977729797e-02
4.023290425539016724e-02
4.901075363159179688e-02
-4.142633639276027679e-03
2.274845726788043976e-03
3.482104046270251274e-03
-6.289070006459951401e-03
-7.589032757095992565e-04
7.800269522704184055e-04
-1.088316086679697037e-02
-4.552012309432029724e-03
-2.417508978396654129e-03
1.485554780811071396e-02
1.430513337254524231e-02
1.099763531237840652e-02
5.412121769040822983e-03
2.995575778186321259e-03
1.447995658963918686e-03
1.104878727346658707e-02
8.388926275074481964e-03
6.172316148877143860e-03
-1.433220226317644119e-03
3.482058644294738770e-03
-9.811141062527894974e-04
9.221136569976806641e-04
6.089339964091777802e-03
4.311637487262487411e-03
-3.717076266184449196e-03
2.831663703545928001e-03
6.391518982127308846e-04
-6.330949254333972931e-03
1.659625559113919735e-04
2.559321583248674870e-04
-3.318481380119919777e-03
2.213220344856381416e-03
4.475523717701435089e-03
-6.543503142893314362e-03
-1.584783196449279785e-03
1.617816742509603500e-03
1.534847309812903404e-03
1.223318045958876610e-03
-5.636597052216529846e-03
3.148900344967842102e-03
3.730704076588153839e-03
-4.035017991554923356e-05
-1.024791054078377783e-04
-2.530620200559496880e-03
-6.541468203067779541e-03
4.486418515443801880e-02
4.674788936972618103e-02
5.149719491600990295e-02
2.524695359170436859e-02
1.710991747677326202e-02
3.182501718401908875e-02
1.777251251041889191e-02
1.097489614039659500e-02
2.255308814346790314e-02
7.893105968832969666e-03
7.334896828979253769e-03
1.195407472550868988e-02
2.876662649214267731e-03
-7.048473344184458256e-05
1.510601839981973171e-03
7.917823269963264465e-03
4.302013199776411057e-03
2.500075206626206636e-04
-2.261737361550331116e-03
-6.635289639234542847e-03
-6.618920248001813889e-03
-1.085331314243376255e-03
-5.349010229110717773e-03
-5.130914971232414246e-03
-3.212779294699430466e-03
-1.057000085711479187e-02
-7.736595347523689270e-03
5.333188455551862717e-03
3.495867829769849777e-03
2.528118202462792397e-03
6.525652483105659485e-03
3.417160594835877419e-03
2.641659462824463844e-03
7.910726591944694519e-03
3.451117081567645073e-03
5.642685107886791229e-03
2.368197776377201080e-02
1.397882588207721710e-02
2.679886855185031891e-02
1.046120189130306244e-02
2.558256499469280243e-03
1.478691492229700089e-02
1.643391512334346771e-02
5.301848985254764557e-03
2.072960138320922852e-02
4.012101562693715096e-04
1.386881107464432716e-03
2.776421373710036278e-03
1.067845150828361511e-03
2.187139121815562248e-03
5.363491363823413849e-03
2.661152742803096771e-03
1.259582466445863247e-03
4.122359678149223328e-03
-2.185011981055140495e-03
-2.537313615903258324e-03
-5.634472239762544632e-03
-3.309264779090881348e-03
-2.750074956566095352e-03
-2.984819235280156136e-03
-5.496426485478878021e-03
-5.968173965811729431e-03
-6.600885186344385147e-03
1.056092369253747165e-04
1.188016263768076897e-03
-1.858443953096866608e-03
-3.529327223077416420e-03
-1.929482328705489635e-03
-5.884574726223945618e-03
-4.454262088984251022e-03
-2.879116451367735863e-03
-6.236574146896600723e-03
2.550252340734004974e-02
7.317941170185804367e-03
3.700846061110496521e-02
1.879071630537509918e-02
1.352121587842702866e-03
3.003365173935890198e-02
4.028208181262016296e-02
2.355371788144111633e-02
5.546361953020095825e-02
-5.127078853547573090e-03
-1.660609734244644642e-03
-3.580396994948387146e-03
2.082012651953846216e-04
2.403472084552049637e-03
2.218573645222932100e-04
-3.282814752310514450e-03
-3.555487492121756077e-04
-1.380227273330092430e-03
1.417314866557717323e-03
3.935443703085184097e-03
5.619605537503957748e-03
-1.575424452312290668e-03
1.153682533185929060e-04
1.315587316639721394e-03
5.743099376559257507e-03
1.545631699264049530e-02
1.175531651824712753e-02
4.209889099001884460e-03
1.295850728638470173e-03
2.241147216409444809e-03
3.432898083701729774e-03
2.999677089974284172e-04
1.626150449737906456e-03
4.878246225416660309e-03
6.260210648179054260e-03
5.396526306867599487e-03
-1.490179356187582016e-02
-6.881054490804672241e-03
-1.940899528563022614e-02
-1.089711859822273254e-02
-4.510637372732162476e-03
-1.502537541091442108e-02
-1.637124642729759216e-02
-8.117879740893840790e-03
-1.496546994894742966e-02
-5.167322698980569839e-03
-3.097821900155395269e-04
-6.126258522272109985e-03
-4.388556350022554398e-03
9.829258779063820839e-04
-5.580972880125045776e-03
-9.450929239392280579e-03
-3.349884646013379097e-03
-8.893855847418308258e-03
-9.354925714433193207e-03
-1.321397814899682999e-02
-1.590089127421379089e-02
-5.566535051912069321e-03
-1.018321886658668518e-02
-1.153528410941362381e-02
-7.050519343465566635e-03
-1.126132067292928696e-02
-1.319579686969518661e-02
-5.583403632044792175e-03
-3.249001456424593925e-03
-5.720824468880891800e-03
1.195932127302512527e-04
2.323221415281295776e-03
-1.918534981086850166e-04
-8.453489281237125397e-04
8.520301198586821556e-04
-4.312648437917232513e-03
-8.182440884411334991e-03
-8.032009936869144440e-03
-9.304400533437728882e-03
-4.324813839048147202e-03
-3.512443043291568756e-03
-6.682650186121463776e-03
-7.789277471601963043e-03
-3.609774867072701454e-03
-6.102089304476976395e-03
-1.190348993986845016e-02
-9.869831614196300507e-03
-1.378517504781484604e-02
-5.541134625673294067e-03
-4.069944843649864197e-03
-7.894263602793216705e-03
-4.150771070271730423e-03
-3.115182742476463318e-03
-5.085173062980175018e-03
-7.479075342416763306e-03
-4.384541418403387070e-03
-4.965621046721935272e-03
-1.304570469073951244e-03
-3.106302348896861076e-03
-4.114063922315835953e-03
-1.789973000995814800e-03
-4.557436797767877579e-03
-4.833451937884092331e-03
-2.562426216900348663e-02
-1.474647596478462219e-02
-2.982366085052490234e-02
-1.025449763983488083e-02
1.190648996271193027e-03
-1.023170538246631622e-02
-1.664782688021659851e-02
-4.849234130233526230e-03
-1.534666586667299271e-02
-5.069226957857608795e-03
-5.979007575660943985e-03
-6.358612328767776489e-03
-4.632567055523395538e-03
-3.324887482449412346e-03
-5.406522192060947418e-03
-2.788752783089876175e-03
-4.456205351743847132e-04
-2.252429840154945850e-04
-2.591376192867755890e-02
-1.679814048111438751e-02
-2.680549025535583496e-02
-1.688907481729984283e-02
-5.150886252522468567e-03
-1.209030114114284515e-02
-8.830892853438854218e-03
-1.815394614823162556e-03
-9.841344319283962250e-03
-6.775418878532946110e-04
-1.861023716628551483e-03
-2.393091795966029167e-03
9.464184404350817204e-04
-3.389440709725022316e-03
-5.188664887100458145e-03
1.033067703247070312e-03
-2.066764049232006073e-03
-2.345988992601633072e-03
-6.286746356636285782e-03
-1.311618601903319359e-03
-4.215971566736698151e-03
-6.232970859855413437e-03
3.359233727678656578e-03
1.369136385619640350e-03
-5.793260410428047180e-03
1.371980994008481503e-03
-1.376505941152572632e-03
9.787599556148052216e-03
2.003752160817384720e-03
5.150749348104000092e-04
7.817503064870834351e-03
1.039260998368263245e-03
3.676544001791626215e-04
1.172653306275606155e-02
4.764445591717958450e-03
3.648915793746709824e-03
9.250903502106666565e-03
8.081345818936824799e-03
7.129212375730276108e-03
6.435176823288202286e-03
5.522920284420251846e-03
5.538625642657279968e-03
2.183111151680350304e-03
1.618995913304388523e-03
1.726416638121008873e-03
-1.036137901246547699e-02
-7.080428302288055420e-03
-1.225949265062808990e-02
-9.746759198606014252e-03
-5.066511221230030060e-03
-7.585720159113407135e-03
-1.124137919396162033e-02
-6.621919572353363037e-03
-8.009022101759910583e-03
-1.624227687716484070e-02
-1.602102071046829224e-02
-1.929584518074989319e-02
-8.762048557400703430e-03
-1.165994908660650253e-02
-1.476431265473365784e-02
-1.065519452095031738e-02
-1.499359868466854095e-02
-1.855167560279369354e-02
-3.296473296359181404e-03
-5.613917950540781021e-03
-3.915202338248491287e-03
-6.759178359061479568e-03
-8.876641280949115753e-03
-7.061056792736053467e-03
2.067638328298926353e-03
-1.888787723146378994e-03
1.272464985959231853e-03
-6.900486070662736893e-03
-7.377772708423435688e-04
-6.540493108332157135e-03
-4.898838698863983154e-03
1.654514926485717297e-03
-1.624565920792520046e-03
-5.019327159970998764e-03
-8.760775090195238590e-04
-1.486116787418723106e-03
-1.313427463173866272e-03
-1.552891801111400127e-03
-2.293333644047379494e-03
-2.865892136469483376e-03
-5.188683047890663147e-03
-4.953044932335615158e-03
2.417689189314842224e-03
-1.558295916765928268e-03
-3.218642377760261297e-04
-8.586111944168806076e-04
-3.877080976963043213e-03
-5.448004812933504581e-04
2.125452272593975067e-03
-3.186871181242167950e-04
3.644332522526383400e-03
2.502560149878263474e-03
-2.309913747012615204e-03
3.853427479043602943e-03
-1.551288273185491562e-02
-7.041128817945718765e-03
-1.450546365231275558e-02
-1.091430801898241043e-02
-6.978973746299743652e-03
-1.109620090574026108e-02
-1.282435189932584763e-02
-1.203868445008993149e-02
-1.332120783627033234e-02
-9.946795180439949036e-03
-5.364134907722473145e-03
-6.286918185651302338e-03
-9.240436484105885029e-04
2.063032705336809158e-03
4.245404619723558426e-03
8.048615418374538422e-03
1.259183045476675034e-02
1.481452398002147675e-02
-1.475101802498102188e-02
-9.714748710393905640e-03
-1.599624194204807281e-02
-8.193670772016048431e-03
-4.026847891509532928e-03
-8.759259246289730072e-03
-2.983329468406736851e-04
1.394784194417297840e-03
-3.500551450997591019e-03
-3.203592263162136078e-03
1.715718768537044525e-03
-4.702957521658390760e-04
-2.876357641071081161e-03
7.864607614465057850e-04
3.526337095536291599e-04
2.466530306264758110e-03
5.083645693957805634e-03
4.748785868287086487e-03
2.670179121196269989e-02
1.704196073114871979e-02
2.962214499711990356e-02
1.268842536956071854e-02
2.448690822347998619e-03
1.707851700484752655e-02
1.705695502460002899e-02
6.938834674656391144e-03
2.096727117896080017e-02
-7.010456174612045288e-03
-2.415291732177138329e-03
-6.204250268638134003e-03
2.193676540628075600e-03
6.433977745473384857e-03
2.239586086943745613e-03
3.583781886845827103e-03
2.581600099802017212e-03
-1.173218945041298866e-03
7.674093823879957199e-03
5.607898812741041183e-03
1.376340258866548538e-02
9.862286970019340515e-03
2.727113664150238037e-03
1.011605653911828995e-02
1.704910956323146820e-02
1.031591277569532394e-02
1.636537909507751465e-02
1.738741621375083923e-02
5.222658626735210419e-03
7.465876638889312744e-03
1.177348848432302475e-02
4.438756150193512440e-04
5.584286525845527649e-03
1.314426679164171219e-02
1.700429827906191349e-03
8.068402297794818878e-03
1.551070017740130424e-03
4.372935742139816284e-03
1.143344677984714508e-03
3.045710618607699871e-04
1.579716568812727928e-03
-1.622535171918570995e-03
5.986028118059039116e-04
3.877617651596665382e-03
7.018643664196133614e-04
-8.861828595399856567e-03
-7.422816473990678787e-03
-1.276998501271009445e-02
-6.403281353414058685e-03
-5.311644170433282852e-03
-9.305038489401340485e-03
-8.313631638884544373e-03
-1.110434904694557190e-02
-1.941328682005405426e-02
3.201796673238277435e-03
-3.322902368381619453e-03
3.746496280655264854e-03
-5.506379064172506332e-03
-1.032304391264915466e-02
-4.645403008908033371e-03
-4.774673841893672943e-03
-1.099660526961088181e-02
-5.346311721950769424e-03
5.518693476915359497e-03
3.866865998134016991e-03
2.979102777317166328e-03
5.471024196594953537e-03
2.222573151811957359e-03
3.725960385054349899e-03
1.037913374602794647e-02
6.458313204348087311e-03
9.818401187658309937e-03
-3.697124309837818146e-03
2.392353257164359093e-03
3.170160343870520592e-03
-4.053832963109016418e-03
4.049425187986344099e-04
1.575420377776026726e-03
-4.274864681065082550e-03
1.524081686511635780e-03
-1.658207766013219953e-04
-1.160311046987771988e-03
-9.921262040734291077e-03
1.693324651569128036e-03
-1.583232730627059937e-02
-2.953412756323814392e-02
-1.380492467433214188e-02
-3.232063492760062218e-03
-1.448837667703628540e-02
-4.972995724529027939e-03
-6.546981632709503174e-03
-1.729203358991071582e-04
-1.297571929171681404e-03
-4.150147084146738052e-03
-1.089954865165054798e-03
-8.657562430016696453e-04
-6.634647026658058167e-03
-4.521981347352266312e-03
-7.084787357598543167e-03
8.556408807635307312e-03
-2.342022489756345749e-03
4.590269178152084351e-03
7.974300533533096313e-03
-4.921245854347944260e-03
1.136232283897697926e-03
2.020528540015220642e-02
9.027474559843540192e-03
1.861037500202655792e-02
-4.489189886953681707e-04
-4.031163174659013748e-03
-4.342427942901849747e-03
-8.884247508831322193e-04
-4.875885322690010071e-03
-3.295788075774908066e-03
4.570277407765388489e-03
2.058683196082711220e-03
3.630559891462326050e-03
-1.529126893728971481e-02
-1.021018251776695251e-02
-5.910209845751523972e-03
-1.478209532797336578e-02
-9.596747346222400665e-03
-7.479688618332147598e-03
-1.520971953868865967e-02
-1.078005321323871613e-02
-1.083896122872829437e-02
-5.324789322912693024e-03
-1.251355372369289398e-02
-1.114736404269933701e-02
-7.959633134305477142e-03
-1.037374231964349747e-02
-1.739959232509136200e-02
-9.138893336057662964e-03
-1.224515959620475769e-02
-1.713556237518787384e-02
2.878634026274085045e-03
2.536581596359610558e-03
-3.700562287122011185e-03
2.430242486298084259e-03
-9.212038130499422550e-04
-2.125646220520138741e-03
1.034480868838727474e-03
-3.078191541135311127e-03
-5.770324729382991791e-03
-1.380103919655084610e-02
-1.044593006372451782e-02
-1.703364402055740356e-02
-7.060146890580654144e-03
-3.511595306918025017e-03
-7.475791964679956436e-03
-5.905586760491132736e-03
-3.574480069801211357e-03
-5.014964379370212555e-03
1.216361764818429947e-03
4.879480984527617693e-04
7.642072741873562336e-04
2.760124858468770981e-03
2.253035927424207330e-04
1.202643034048378468e-03
2.481145551428198814e-03
5.238896701484918594e-04
3.477763151749968529e-03
-4.748652223497629166e-03
-6.576459389179944992e-03
-5.385350435972213745e-03
-2.833832520991563797e-03
-6.085574161261320114e-03
-3.668002085760235786e-03
-1.907442114315927029e-03
-6.141854915767908096e-03
-2.060152124613523483e-03
-3.621614887379109859e-04
8.645398775115609169e-04
3.743102075532078743e-03
1.091897953301668167e-03
-3.086531301960349083e-03
-7.202337146736681461e-04
7.806871086359024048e-03
5.116675049066543579e-03
8.086377754807472229e-03
1.805153489112854004e-02
1.683729514479637146e-02
2.104817703366279602e-02
1.154173817485570908e-02
8.160871453583240509e-03
1.334047969430685043e-02
1.924710907042026520e-02
1.272871345281600952e-02
1.930319331586360931e-02
-5.411904770880937576e-03
-1.287946943193674088e-02
2.341327781323343515e-04
-1.487460918724536896e-02
-2.449086494743824005e-02
-1.102404575794935226e-02
-6.963507272303104401e-03
-1.539472211152315140e-02
-3.598985029384493828e-03
-7.538294419646263123e-03
-1.122876419685781002e-03
-9.140055626630783081e-03
-8.761324919760227203e-03
-5.082889925688505173e-03
-1.066838949918746948e-02
-1.069726608693599701e-02
-8.824009448289871216e-03
-1.623178832232952118e-02
-4.883410292677581310e-04
-1.571236294694244862e-03
-2.043603220954537392e-03
-3.432755125686526299e-03
-2.390369540080428123e-03
-5.035540554672479630e-03
-4.768142011016607285e-03
-6.056750193238258362e-03
-1.341730728745460510e-02
-9.603897109627723694e-03
-1.496820244938135147e-02
1.129302661865949631e-03
-1.458882261067628860e-02
-2.284544333815574646e-02
-9.145488031208515167e-03
-1.576745696365833282e-02
-2.375178970396518707e-02
-1.236767135560512543e-02
3.616681694984436035e-02
2.569987624883651733e-02
3.301774337887763977e-02
1.721448451280593872e-02
6.150347646325826645e-03
1.983632892370223999e-02
1.740851439535617828e-02
1.069068070501089096e-02
2.271645143628120422e-02
-9.166470728814601898e-03
-1.971771242097020149e-03
-5.211061332374811172e-03
-1.173946913331747055e-02
-5.288312211632728577e-03
-7.880721241235733032e-03
-1.837234757840633392e-02
-1.462821383029222488e-02
-1.619142293930053711e-02
-6.050354335457086563e-03
-9.053017944097518921e-03
-9.468485601246356964e-03
-2.788699930533766747e-03
-6.010577082633972168e-03
-4.032025579363107681e-03
-1.551624271087348461e-03
-1.513165887445211411e-03
1.747129135765135288e-03
-1.384655293077230453e-02
-1.316865347325801849e-02
-1.451741158962249756e-02
-3.435099497437477112e-03
-1.700936700217425823e-03
-3.676370484754443169e-03
2.708271495066583157e-04
-3.560680197551846504e-04
-1.392309088259935379e-03
-2.417520387098193169e-03
-9.105989593081176281e-04
-2.404589031357318163e-04
-5.526377819478511810e-03
-2.643964486196637154e-03
-5.669798236340284348e-03
-2.253390848636627197e-03
-3.987871110439300537e-03
-4.858647473156452179e-03
-3.570046043023467064e-03
-6.949013564735651016e-03
5.036951508373022079e-03
-4.795694258064031601e-03
-1.114942040294408798e-02
5.216235877014696598e-04
-5.504115484654903412e-03
-1.157818641513586044e-02
-1.113295220420695841e-04
-1.254304405301809311e-02
-4.368252120912075043e-03
-1.374309975653886795e-02
-5.621810909360647202e-03
1.448702765628695488e-03
-9.409240446984767914e-03
-1.245425827801227570e-02
-2.517960732802748680e-03
-1.106901094317436218e-02
-4.815247841179370880e-03
-2.177026355639100075e-03
-2.540769753977656364e-03
-3.405821509659290314e-03
-1.354661653749644756e-03
-2.108272863551974297e-03
-1.524517661891877651e-03
-5.091788261779583991e-05
8.317570900544524193e-04
1.707523874938488007e-02
6.837711203843355179e-03
1.465110853314399719e-02
1.009936444461345673e-02
-2.722894307225942612e-03
3.782324260100722313e-03
2.919621020555496216e-02
1.160904671996831894e-02
1.695362478494644165e-02
2.752077579498291016e-02
2.220836840569972992e-02
4.840829223394393921e-02
1.901503466069698334e-02
1.319840457290410995e-02
3.781416639685630798e-02
2.646358497440814972e-02
1.851632818579673767e-02
4.853852465748786926e-02
9.376463480293750763e-03
1.385157369077205658e-02
1.033733133226633072e-02
6.155967246741056442e-03
6.927864160388708115e-03
6.390977650880813599e-03
1.060489797964692116e-03
2.917481586337089539e-03
1.700046123005449772e-03
1.682292204350233078e-03
3.929654136300086975e-03
-4.234502557665109634e-03
9.120005997829139233e-04
1.261777244508266449e-03
-5.471652839332818985e-03
-7.051775697618722916e-03
-6.745412945747375488e-03
-9.084903635084629059e-03
-1.608549058437347412e-02
-1.230199169367551804e-02
-2.060757204890251160e-02
-1.001525018364191055e-02
-6.453858222812414169e-03
-1.253714691847562790e-02
-1.237966120243072510e-02
-7.372195832431316376e-03
-1.150283776223659515e-02
1.728721149265766144e-02
1.100314315408468246e-02
1.419838052242994308e-02
1.689179055392742157e-02
1.084867306053638458e-02
1.889022998511791229e-02
2.227446623146533966e-02
2.534345723688602448e-02
2.604648657143115997e-02
-1.152599323540925980e-02
-6.806736346334218979e-03
-1.455635577440261841e-02
-1.308179087936878204e-02
-4.208319354802370071e-03
-1.005454454571008682e-02
-1.786213740706443787e-02
-1.007683109492063522e-02
-1.655828952789306641e-02
-3.538087476044893265e-03
-6.030877120792865753e-04
-3.169970354065299034e-03
-3.243429819121956825e-03
-3.883925091940909624e-04
-8.410755544900894165e-04
-1.944717136211693287e-03
-4.301782755646854639e-04
-3.262563608586788177e-03
-9.660655632615089417e-03
-1.987479627132415771e-03
-1.107347197830677032e-02
-9.054076857864856720e-03
-2.909261267632246017e-03
-9.564825333654880524e-03
-8.762817829847335815e-03
-5.597232840955257416e-03
-8.767735213041305542e-03
-2.720681391656398773e-02
-1.181855984032154083e-02
-1.379104144871234894e-02
-2.359927631914615631e-02
-7.850721478462219238e-03
-6.075247656553983688e-03
-2.241014875471591949e-02
-9.226930327713489532e-03
-7.234498392790555954e-03
-2.058516442775726318e-02
-1.193603407591581345e-02
-2.184195257723331451e-02
-1.099016889929771423e-02
-7.140500470995903015e-03
-1.697140000760555267e-02
-1.251543406397104263e-02
-1.173792500048875809e-02
-2.017948217689990997e-02
2.770581841468811035e-02
1.718739792704582214e-02
2.140507288277149200e-02
1.567254960536956787e-02
3.860085271298885345e-03
8.829406462609767914e-03
2.777095139026641846e-02
1.516114640980958939e-02
2.147795818746089935e-02
1.865616627037525177e-02
9.198092855513095856e-03
1.266335695981979370e-02
1.510193012654781342e-02
5.658091511577367783e-03
8.010364137589931488e-03
1.728922314941883087e-02
7.120408583432435989e-03
1.047580130398273468e-02
6.891962140798568726e-03
7.993543520569801331e-03
1.144080702215433121e-02
3.856575582176446915e-03
2.619987819343805313e-03
7.985742762684822083e-03
3.481892868876457214e-03
1.368969096802175045e-03
6.103238556534051895e-03
-3.625734010711312294e-03
-3.427831688895821571e-03
-5.038395524024963379e-03
-1.741310348734259605e-03
-3.719415282830595970e-03
-4.854881670325994492e-03
-4.005855415016412735e-03
-5.325322505086660385e-03
-8.684323169291019440e-03
-2.608433365821838379e-02
-1.618793979287147522e-02
-1.259675994515419006e-02
-2.401245012879371643e-02
-1.165025774389505386e-02
-7.872410118579864502e-03
-2.191195450723171234e-02
-1.222492288798093796e-02
-8.242215029895305634e-03
-4.483445547521114349e-03
-3.037017071619629860e-03
-1.791995577514171600e-02
-1.568902051076292992e-03
3.435817547142505646e-03
-1.529208477586507797e-02
-8.304049260914325714e-03
-1.193689065985381603e-03
-1.481585204601287842e-02
-9.596460498869419098e-03
-2.433426305651664734e-02
-3.280110657215118408e-02
-1.121444813907146454e-02
-2.035407163202762604e-02
-2.480722032487392426e-02
-1.662171818315982819e-02
-2.890409715473651886e-02
-3.237013146281242371e-02
1.357195083983242512e-03
-8.117820252664387226e-04
3.198022954165935516e-03
-3.140594810247421265e-03
-5.630370695143938065e-03
-4.994505550712347031e-03
-1.002187281847000122e-02
-1.341890264302492142e-02
-1.558719854801893234e-02
-1.337458752095699310e-02
-9.360940195620059967e-03
-1.308874972164630890e-02
-4.908240865916013718e-03
8.364929817616939545e-04
8.305415976792573929e-04
-2.284407150000333786e-03
2.739608753472566605e-03
-2.824128838256001472e-03
-1.142206601798534393e-02
-2.177965128794312477e-03
-1.351833809167146683e-02
-8.701693266630172729e-03
4.490812774747610092e-03
-5.883731879293918610e-03
-1.777086034417152405e-02
-5.558355245739221573e-03
-1.428615860641002655e-02
-2.422517427476122975e-04
5.407626740634441376e-03
-1.372923515737056732e-02
-3.279189113527536392e-03
4.972347989678382874e-03
-1.271588914096355438e-02
-1.283745188266038895e-02
-2.880521584302186966e-03
-1.458112522959709167e-02
-8.026503026485443115e-03
-1.280306465923786163e-02
-1.376918423920869827e-02
-8.319877088069915771e-03
-1.352842617779970169e-02
-1.423376798629760742e-02
-2.006277255713939667e-02
-3.126918151974678040e-02
-3.611957654356956482e-02
-1.085985917598009109e-02
-1.362153328955173492e-02
-2.047753892838954926e-02
-1.389764156192541122e-02
-1.272883079946041107e-02
-1.642449200153350830e-02
7.094884058460593224e-04
3.155306912958621979e-03
-1.233335788128897548e-04
1.244852971285581589e-02
9.490487165749073029e-03
1.416450086981058121e-02
2.943331561982631683e-02
1.868993416428565979e-02
3.063691593706607819e-02
2.995321527123451233e-02
1.717395149171352386e-02
2.926645614206790924e-02
2.693010121583938599e-02
1.070056390017271042e-02
1.799746416509151459e-02
1.982732303440570831e-02
8.595189428888261318e-04
7.350855506956577301e-03
3.600240126252174377e-02
1.692463643848896027e-02
3.049664199352264404e-02
-1.849474944174289703e-02
-1.536602526903152466e-02
-1.715435646474361420e-02
-1.596744637936353683e-03
-7.855508738430216908e-05
-3.800013102591037750e-03
-2.184829907491803169e-03
-3.726675873622298241e-03
-9.685488417744636536e-03
3.256886731833219528e-03
-1.699729356914758682e-03
-7.606565952301025391e-03
2.182890661060810089e-03
1.016810070723295212e-03
-5.457706749439239502e-03
-9.742753580212593079e-03
-9.023952297866344452e-03
-2.124281786382198334e-02
3.891275450587272644e-02
2.282302454113960266e-02
3.824745863676071167e-02
1.057834923267364502e-02
-2.529240911826491356e-03
1.095156930387020111e-02
2.626334503293037415e-02
1.697597466409206390e-02
2.988235652446746826e-02
1.069937273859977722e-02
5.605084821581840515e-03
6.702671293169260025e-03
2.927861176431179047e-03
-1.987331779673695564e-03
5.282156635075807571e-04
1.791427261196076870e-03
-2.070715883746743202e-03
1.412518089637160301e-03
-1.059947069734334946e-02
-5.052740219980478287e-03
-1.135267969220876694e-02
-8.699938654899597168e-03
-3.670945763587951660e-03
-1.137034129351377487e-02
-1.731092855334281921e-02
-1.210437528789043427e-02
-1.935498416423797607e-02
1.422355044633150101e-02
9.278845973312854767e-03
7.980613969266414642e-03
1.596720144152641296e-02
9.895402006804943085e-03
1.167681626975536346e-02
1.077468227595090866e-02
8.818303234875202179e-03
1.078150514513254166e-02
-3.088965825736522675e-02
-1.643174327909946442e-02
-2.221436239778995514e-02
-2.039459720253944397e-02
-6.336272228509187698e-03
-1.606969349086284637e-02
-2.585089951753616333e-02
-1.578002981841564178e-02
-2.181639894843101501e-02
2.160916803404688835e-03
-2.848196541890501976e-03
-2.158418996259570122e-03
4.562238231301307678e-03
6.518058944493532181e-04
2.102101687341928482e-03
5.545867606997489929e-03
-3.499228041619062424e-04
-1.700321794487535954e-03
-7.146308780647814274e-04
-1.116103492677211761e-02
-4.137746058404445648e-03
-7.163960020989179611e-03
-1.296892203390598297e-02
7.915038149803876877e-04
-4.684457962866872549e-06
-3.488822840154170990e-03
1.268436014652252197e-02
8.747974061407148838e-04
3.255927469581365585e-03
-1.956564374268054962e-03
2.403933322057127953e-03
3.236172487959265709e-03
1.149097457528114319e-03
-7.213316275738179684e-04
3.593670204281806946e-03
2.448641927912831306e-03
-6.564260460436344147e-03
-1.258582435548305511e-02
-2.803074754774570465e-02
-6.049274466931819916e-03
-6.153882015496492386e-03
-2.256791852414608002e-02
-1.590382680296897888e-02
-1.851547323167324066e-02
-3.527310490608215332e-02
3.264713659882545471e-02
5.915145389735698700e-03
2.070739306509494781e-02
1.723124273121356964e-02
-7.283242885023355484e-03
3.424661699682474136e-03
2.547734789550304413e-02
4.096573684364557266e-03
1.623677462339401245e-02
7.779230363667011261e-03
8.394176140427589417e-03
-3.712296718731522560e-03
1.952096237801015377e-03
6.837874185293912888e-03
-2.665876643732190132e-03
-5.939309485256671906e-03
2.089469227939844131e-03
-6.799061316996812820e-03
2.855657786130905151e-02
1.802878826856613159e-02
1.390370633453130722e-02
2.164510823786258698e-02
1.015809737145900726e-02
7.013688329607248306e-03
1.737213134765625000e-02
3.654889529570937157e-03
-4.405086219776421785e-04
-1.442597433924674988e-02
-2.585840411484241486e-02
-1.810275204479694366e-02
-2.685076370835304260e-02
-3.259292244911193848e-02
-1.999381743371486664e-02
-2.706615719944238663e-03
-1.160665601491928101e-02
-9.436331456527113914e-04
-1.801446825265884399e-02
-1.840412430465221405e-02
-1.626262255012989044e-02
-1.895898394286632538e-02
-1.463505718857049942e-02
-1.375400088727474213e-02
-2.440584823489189148e-02
-1.814326643943786621e-02
-1.095582172274589539e-02
-1.799906231462955475e-02
-1.172982901334762573e-02
-1.738243363797664642e-02
-1.401764713227748871e-02
-1.367584615945816040e-02
-1.786101609468460083e-02
-4.360729828476905823e-03
-8.040756918489933014e-03
-1.040664780884981155e-02
-9.718155488371849060e-03
-8.024459704756736755e-03
-1.490801759064197540e-02
-1.985968090593814850e-03
-5.061126430518925190e-04
-9.103383868932723999e-03
-5.208839196711778641e-03
-1.058361143805086613e-03
-7.736655883491039276e-03
-1.907572150230407715e-02
-1.375651359558105469e-02
-1.254825759679079056e-02
-1.764188148081302643e-02
-1.457503903657197952e-02
-1.483008172363042831e-02
-2.804751135408878326e-02
-2.448429167270660400e-02
-2.702893875539302826e-02
3.359709400683641434e-03
-8.463265374302864075e-03
-4.311281256377696991e-03
7.926998659968376160e-03
-1.446862705051898956e-03
-2.706529106944799423e-03
7.651160005480051041e-03
-4.699560813605785370e-03
-8.528687059879302979e-03
-2.019758149981498718e-02
-9.423977695405483246e-03
-1.778371259570121765e-02
-5.346925929188728333e-03
1.728600705973803997e-03
-6.708696950227022171e-03
-4.910985007882118225e-03
-5.322785582393407822e-04
-1.184833701699972153e-02
-1.398120354861021042e-02
-1.281579583883285522e-02
-1.775818876922130585e-02
-5.837343167513608932e-03
-3.126012394204735756e-03
-9.120604954659938812e-03
-8.202182129025459290e-03
-1.402479130774736404e-03
-6.107875611633062363e-03
-3.467899933457374573e-02
-1.924201846122741699e-02
-2.930364198982715607e-02
-3.164294362068176270e-02
-1.289190072566270828e-02
-2.331433631479740143e-02
-4.479900747537612915e-02
-2.349328249692916870e-02
-3.641149774193763733e-02
3.652155026793479919e-02
2.125449292361736298e-02
3.648567199707031250e-02
1.658013276755809784e-02
4.841186106204986572e-03
1.784028112888336182e-02
2.119214460253715515e-02
1.102642342448234558e-02
2.606508880853652954e-02
7.989787496626377106e-03
1.051325350999832153e-02
5.066242069005966187e-03
5.232390947639942169e-03
8.105567656457424164e-03
6.735940463840961456e-03
1.253422908484935760e-02
2.008200623095035553e-02
2.019227109849452972e-02
1.089090574532747269e-02
5.262695718556642532e-03
-1.143534784205257893e-03
6.032136268913745880e-03
1.036863657645881176e-03
-4.623211920261383057e-03
1.021801121532917023e-02
6.965234875679016113e-03
2.380444435402750969e-03
6.151163019239902496e-03
1.031041145324707031e-02
1.433375757187604904e-02
-1.168428920209407806e-02
-5.618746392428874969e-03
7.432023528963327408e-03
8.384531247429549694e-04
7.071910426020622253e-03
1.585134305059909821e-02
1.300052739679813385e-02
7.542368024587631226e-03
9.147389791905879974e-03
7.871659472584724426e-03
-4.930975846946239471e-04
2.560689463280141354e-04
6.690709851682186127e-03
-1.534544047899544239e-03
-3.792361123487353325e-03
5.165088456124067307e-03
1.193045638501644135e-02
1.271556410938501358e-02
3.353569190949201584e-03
2.544900868088006973e-03
5.941668525338172913e-03
7.436042651534080505e-03
7.978388457559049129e-04
9.157540043815970421e-04
-3.547928528860211372e-03
-5.233200732618570328e-03
1.371105201542377472e-02
-2.142732031643390656e-02
-2.620332129299640656e-02
-1.412460766732692719e-02
-1.612919755280017853e-02
-2.482188306748867035e-02
-1.577101089060306549e-02
6.481848657131195068e-02
4.476828873157501221e-02
5.305016413331031799e-02
3.077150881290435791e-02
7.746565621346235275e-03
2.430113777518272400e-02
2.811676263809204102e-02
1.268740464001893997e-02
2.269230969250202179e-02
-1.688744872808456421e-02
-1.306914724409580231e-02
-9.275338612496852875e-03
-1.144136581569910049e-02
-1.135308202356100082e-02
-7.446886971592903137e-03
-9.823783300817012787e-03
-5.873982794582843781e-03
-1.041189068928360939e-03
2.948862314224243164e-02
3.486868739128112793e-02
6.107484549283981323e-02
1.159178838133811951e-02
1.528643257915973663e-02
3.974449262022972107e-02
3.011862188577651978e-02
4.280255734920501709e-02
6.476946920156478882e-02
-1.720919646322727203e-02
-1.493539195507764816e-02
-1.459361240267753601e-02
-5.623308476060628891e-03
-6.454683840274810791e-03
-1.078407280147075653e-03
3.334917360916733742e-03
4.320842213928699493e-03
8.326729759573936462e-03
7.185526192188262939e-02
3.497562184929847717e-02
5.247016623616218567e-02
3.797923400998115540e-02
7.886000676080584526e-04
2.310479991137981415e-02
7.045501470565795898e-02
2.630893327295780182e-02
4.685766249895095825e-02
-1.982541382312774658e-02
-3.352283313870429993e-02
-2.092075720429420471e-02
-8.827080950140953064e-03
-2.038386277854442596e-02
-1.208117417991161346e-02
-3.669262863695621490e-03
-1.340128947049379349e-02
-5.448812153190374374e-03
3.315577283501625061e-02
1.446672528982162476e-02
3.505196422338485718e-02
2.260551042854785919e-02
3.905973862856626511e-03
1.905207149684429169e-02
3.692271932959556580e-02
1.944465376436710358e-02
2.871403470635414124e-02
-4.066861793398857117e-02
-2.570272982120513916e-02
-4.045072197914123535e-02
-2.195381186902523041e-02
-1.219720020890235901e-02
-3.038930892944335938e-02
-2.524342201650142670e-02
-1.892233639955520630e-02
-4.008236527442932129e-02
7.536316756159067154e-03
-1.020624488592147827e-02
-5.079962778836488724e-03
-1.327442441834136844e-04
-1.542524248361587524e-02
-1.072134077548980713e-02
2.170800417661666870e-02
3.341003786772489548e-03
7.828537374734878540e-03
4.117155913263559341e-03
-1.730121439322829247e-03
2.277698833495378494e-03
1.062192395329475403e-02
4.078280646353960037e-03
6.393552292138338089e-03
1.974801532924175262e-02
1.180800981819629669e-02
2.186153829097747803e-02
-3.039643540978431702e-02
-2.144728973507881165e-02
-3.592844307422637939e-02
-1.642343215644359589e-02
-3.686522832140326500e-03
-1.865722425282001495e-02
-8.569621481001377106e-03
5.349061917513608932e-03
-8.038415573537349701e-03
2.354212850332260132e-02
3.121672198176383972e-02
3.536934033036231995e-02
1.750575192272663116e-02
2.053274028003215790e-02
2.450858242809772491e-02
2.232260070741176605e-02
1.856127567589282990e-02
2.338164858520030975e-02
-7.593085058033466339e-03
-6.234090775251388550e-03
-1.399091538041830063e-02
-6.480281706899404526e-03
9.945197962224483490e-04
-2.822453621774911880e-03
-3.683878108859062195e-03
3.545286832377314568e-03
-2.640328835695981979e-03
7.146370597183704376e-03
-2.079058205708861351e-03
5.977733992040157318e-03
2.180640958249568939e-02
1.245975494384765625e-02
1.584241352975368500e-02
-1.407259842380881310e-03
-4.302799701690673828e-03
-4.835933446884155273e-03
-1.588559523224830627e-02
1.894562970846891403e-03
-1.163211418315768242e-03
-1.497540995478630066e-02
2.466209232807159424e-03
9.256047633243724704e-06
-2.587313018739223480e-02
-1.046336535364389420e-02
-2.168804965913295746e-02
1.088397577404975891e-02
4.985680337995290756e-03
1.001067738980054855e-02
2.157384902238845825e-02
1.404607109725475311e-02
1.840690337121486664e-02
2.350303716957569122e-02
1.745974458754062653e-02
1.600434072315692902e-02
2.339374087750911713e-02
1.549687585793435574e-03
1.472741831094026566e-02
3.609583526849746704e-02
1.186947897076606750e-02
2.680291794240474701e-02
6.076776236295700073e-02
3.606307134032249451e-02
5.340159684419631958e-02
-2.783328481018543243e-02
-3.141308669000864029e-03
-9.195365710183978081e-04
-2.459068782627582550e-02
-3.441009204834699631e-03
-2.167879865737631917e-04
-3.199712932109832764e-02
-1.312001608312129974e-02
-4.351162817329168320e-03
2.300424501299858093e-02
1.782642863690853119e-02
2.550010569393634796e-02
1.037928462028503418e-02
2.491044579073786736e-03
1.004172768443822861e-02
2.425507083535194397e-02
1.860198937356472015e-02
3.070769459009170532e-02
-3.582919016480445862e-02
-2.027921378612518311e-02
-3.466099873185157776e-02
-2.724018692970275879e-02
-9.416737593710422516e-03
-1.938204653561115265e-02
-2.722106687724590302e-02
-1.282355561852455139e-02
-1.734636537730693817e-02
5.367737729102373123e-03
-1.733825542032718658e-03
4.354984499514102936e-03
6.457446143031120300e-03
1.249802415259182453e-03
3.839005483314394951e-03
1.482706237584352493e-02
4.466967657208442688e-03
1.767686684615910053e-03
1.928592659533023834e-02
2.401081658899784088e-02
4.178929328918457031e-02
4.894043318927288055e-03
9.534954093396663666e-03
2.479988336563110352e-02
6.866842973977327347e-03
1.762782409787178040e-02
2.948062866926193237e-02
6.480101961642503738e-03
4.179472569376230240e-03
3.453703131526708603e-03
2.029360271990299225e-03
1.374170882627367973e-03
1.656048989389091730e-04
2.291880780830979347e-03
-4.158145166002213955e-04
-2.240392379462718964e-03
-1.354361185804009438e-03
1.374393177684396505e-04
-3.888509003445506096e-03
1.920929411426186562e-03
1.397175947204232216e-03
-6.456999108195304871e-05
3.060787683352828026e-03
6.789168692193925381e-04
-3.400444751605391502e-03
-1.274780742824077606e-02
-9.506623260676860809e-03
-7.635775022208690643e-03
-5.850985646247863770e-03
-2.349597634747624397e-03
-3.645833814516663551e-03
-7.510547991842031479e-03
-5.291423294693231583e-03
-9.573204442858695984e-03
8.645753376185894012e-03
7.098805624991655350e-03
8.740250021219253540e-03
5.193743854761123657e-03
2.324754837900400162e-03
1.261355471797287464e-03
8.990871720016002655e-03
5.833489820361137390e-03
4.408351611346006393e-03
-1.344445906579494476e-02
-8.217558264732360840e-03
-1.288444083184003830e-02
-7.978124544024467468e-03
-4.859717562794685364e-03
-9.444315917789936066e-03
-1.137457042932510376e-02
-1.047834940254688263e-02
-1.568231917917728424e-02
-6.718810647726058960e-03
-3.002207959070801735e-04
-3.156821941956877708e-03
-9.436041116714477539e-03
-1.410618075169622898e-03
-5.178078543394804001e-03
-1.773097552359104156e-02
-9.157687425613403320e-03
-1.261175889521837234e-02
1.196118164807558060e-02
1.327557582408189774e-02
1.517505478113889694e-02
1.160854008048772812e-02
1.303214114159345627e-02
1.390369795262813568e-02
9.765955619513988495e-03
1.089980453252792358e-02
1.105654519051313400e-02
-7.712311577051877975e-03
-2.356721786782145500e-03
-8.787130936980247498e-03
-9.593767113983631134e-03
-3.232400165870785713e-03
-7.980574853718280792e-03
-1.458871271461248398e-02
-1.018472295254468918e-02
-1.508361287415027618e-02
6.267047487199306488e-03
1.010945066809654236e-02
1.906446181237697601e-02
6.786704529076814651e-03
8.710868656635284424e-03
1.548243965953588486e-02
9.567847475409507751e-03
1.307668071240186691e-02
1.947710663080215454e-02
-7.035634946078062057e-03
-1.319037750363349915e-02
-6.850784644484519958e-03
-7.532421499490737915e-03
-1.252324134111404419e-02
-1.165781076997518539e-02
-9.719757363200187683e-03
-1.155863422900438309e-02
-1.230695936828851700e-02
-5.088888108730316162e-03
-1.144698471762239933e-03
-3.130578435957431793e-03
-5.263291299343109131e-03
-2.147865714505314827e-03
-4.135383758693933487e-03
-6.940036080777645111e-03
-3.818562021479010582e-03
-6.594910286366939545e-03
1.030226703733205795e-03
1.302638323977589607e-03
-6.445872131735086441e-04
-1.284214900806546211e-03
-9.153113205684348941e-05
-4.974849871359765530e-04
-8.673365809954702854e-04
5.985882016830146313e-04
-4.448270425200462341e-03
-2.431781217455863953e-02
-1.700840145349502563e-02
-2.751679345965385437e-02
-1.681602932512760162e-02
-8.855608291923999786e-03
-1.644642651081085205e-02
-2.511381357908248901e-02
-1.765216700732707977e-02
-2.053806744515895844e-02
-7.076672627590596676e-04
3.170407144352793694e-03
2.980848308652639389e-03
7.135064515750855207e-05
2.447694772854447365e-03
4.587903153151273727e-03
-2.487660152837634087e-03
-1.741281943395733833e-03
-2.692802343517541885e-03
-1.979171531274914742e-03
-4.181343538220971823e-04
-3.332133055664598942e-04
-2.202501287683844566e-03
-1.442403765395283699e-03
1.426571165211498737e-03
-9.748379816301167011e-04
-5.327182007022202015e-04
2.965247491374611855e-03
3.830502042546868324e-03
4.970340523868799210e-03
3.382318187505006790e-03
3.519133664667606354e-03
6.075987126678228378e-03
4.183399491012096405e-03
6.161777768284082413e-03
9.886594489216804504e-03
7.738879416137933731e-03
9.280188009142875671e-03
6.480465643107891083e-03
1.935881748795509338e-02
6.603075657039880753e-03
1.467454480007290840e-03
1.411568559706211090e-02
9.869860485196113586e-03
6.782526616007089615e-03
1.873133517801761627e-02
1.547436043620109558e-02
6.489867810159921646e-03
2.051369473338127136e-02
4.880827851593494415e-03
-3.597698407247662544e-03
8.200909011065959930e-03
9.000746533274650574e-03
5.406535346992313862e-04
9.112396277487277985e-03
3.288772702217102051e-02
2.415312454104423523e-02
2.829252555966377258e-02
1.510347425937652588e-02
3.191049676388502121e-03
9.506058879196643829e-03
1.406365633010864258e-02
2.667504362761974335e-03
4.129572771489620209e-03
-1.259671617299318314e-02
-5.087919067591428757e-03
-1.035639736801385880e-02
-7.971092127263545990e-03
2.764431701507419348e-04
-5.394541192799806595e-03
-1.474198792129755020e-02
-6.686656270176172256e-03
-1.319470722228288651e-02
-4.958292469382286072e-03
-2.851373283192515373e-03
-4.093218594789505005e-03
-5.937454756349325180e-03
-2.772297710180282593e-03
6.751016189809888601e-05
-7.353324908763170242e-03
-4.406267311424016953e-03
-5.081135168438777328e-05
2.784257009625434875e-02
2.444357424974441528e-02
3.198951482772827148e-02
1.891927793622016907e-02
1.196903921663761139e-02
1.681010983884334564e-02
2.361249178647994995e-02
1.606582663953304291e-02
1.958369649946689606e-02
1.066223252564668655e-03
3.859328571707010269e-03
4.896744620054960251e-03
2.022408181801438332e-03
4.103732760995626450e-03
3.400171641260385513e-03
-2.624052576720714569e-03
-2.881141612306237221e-03
-4.090777132660150528e-03
-8.468740619719028473e-03
-7.228286005556583405e-03
-8.568155579268932343e-03
-3.778166370466351509e-03
-9.618643671274185181e-04
-2.761389128863811493e-03
-8.506683632731437683e-03
-3.189981915056705475e-03
-4.125609528273344040e-03
7.066489197313785553e-03
1.193002797663211823e-03
2.351923100650310516e-02
5.627276841551065445e-03
-4.826359450817108154e-03
1.654189079999923706e-02
2.740880288183689117e-02
1.579550281167030334e-02
3.749926015734672546e-02
1.602065749466419220e-02
7.064923178404569626e-03
2.030608430504798889e-02
1.218166295439004898e-02
1.736321835778653622e-03
1.193937566131353378e-02
2.303179353475570679e-02
1.594393141567707062e-02
2.579198032617568970e-02
1.476585399359464645e-03
-1.160010462626814842e-03
1.276671770028769970e-03
-1.098212786018848419e-02
-1.373177859932184219e-02
-1.248206570744514465e-02
-9.339385665953159332e-03
-1.385657861828804016e-02
-1.233937125653028488e-02
-6.667500361800193787e-03
1.935706823132932186e-03
-3.263942664489150047e-03
-2.964652609080076218e-03
3.278616815805435181e-03
1.687050098553299904e-04
-8.205322548747062683e-03
-3.675944171845912933e-03
-4.995757248252630234e-03
-4.637370351701974869e-03
2.443540375679731369e-03
3.130948171019554138e-03
-8.625355549156665802e-04
5.051304586231708527e-03
3.649904159829020500e-03
-3.023522440344095230e-03
6.369291804730892181e-04
-2.586188958957791328e-03
2.720246464014053345e-02
1.906515099108219147e-02
2.582578547298908234e-02
1.822273246943950653e-02
9.700116701424121857e-03
2.246327511966228485e-02
7.443031761795282364e-03
1.487826113589107990e-03
1.034601964056491852e-02
-2.709964523091912270e-03
-5.745925009250640869e-03
5.397306522354483604e-04
-1.394611899740993977e-03
-1.149216084741055965e-03
4.189347382634878159e-03
1.532748574391007423e-03
3.952012630179524422e-04
1.774802454747259617e-03
-9.487737901508808136e-03
-9.415121749043464661e-03
-1.467181090265512466e-02
-3.384739859029650688e-03
-5.678230430930852890e-03
-1.200020033866167068e-02
-5.772232078015804291e-03
-9.328838437795639038e-03
-1.376466639339923859e-02
-1.241814970853738487e-06
3.470069961622357368e-03
2.060314174741506577e-03
3.652151441201567650e-03
3.432622412219643593e-03
7.009583059698343277e-03
4.557606298476457596e-03
5.494266748428344727e-03
1.017197221517562866e-02
-3.144306689500808716e-02
-2.014564536511898041e-02
-2.696579135954380035e-02
-2.264662832021713257e-02
-9.865703992545604706e-03
-1.481654774397611618e-02
-2.062760666012763977e-02
-7.821662351489067078e-03
-1.296260766685009003e-02
-1.647516968660056591e-03
2.430577442282810807e-04
-7.205897127278149128e-04
3.363132709637284279e-04
2.515746047720313072e-03
6.187427788972854614e-04
7.290821056813001633e-03
5.009776912629604340e-03
5.737338680773973465e-03
3.829936729744076729e-03
5.928497295826673508e-03
1.057767029851675034e-02
4.888898693025112152e-04
3.292436711490154266e-03
7.521950639784336090e-03
-2.996406983584165573e-04
2.896936144679784775e-03
7.333815097808837891e-03
-1.418024394661188126e-02
-1.258199755102396011e-02
-1.142161246389150620e-02
-9.493366815149784088e-03
-8.619906380772590637e-03
-1.097201555967330933e-02
-1.169575750827789307e-02
-1.060035079717636108e-02
-1.125255599617958069e-02
1.380160264670848846e-02
1.129980850964784622e-02
1.221414282917976379e-02
6.072570104151964188e-03
3.293082816526293755e-03
4.407256841659545898e-03
2.103267470374703407e-03
1.306885154917836189e-03
3.373440355062484741e-03
-8.485072292387485504e-03
-1.749746501445770264e-02
-9.231890551745891571e-03
-1.264877989888191223e-02
-1.597572118043899536e-02
-1.377192977815866470e-02
-6.253585219383239746e-03
-1.256607659161090851e-02
-9.764089249074459076e-03
-4.337823949754238129e-03
7.000502082519233227e-04
-1.647896016947925091e-03
-5.252363625913858414e-03
5.712947458960115910e-04
-3.263469785451889038e-03
-6.742103490978479385e-03
-4.499151371419429779e-03
-7.939093746244907379e-03
-1.116424798965454102e-02
-6.907833274453878403e-03
-1.078207977116107941e-02
-5.844580475240945816e-03
-2.091710222885012627e-03
-7.840403355658054352e-03
-1.548430509865283966e-02
-1.079583726823329926e-02
-1.850055903196334839e-02
2.098333276808261871e-02
1.155123952776193619e-02
7.634657900780439377e-03
1.783458329737186432e-02
6.952525116503238678e-03
5.008501000702381134e-03
2.506332844495773315e-02
1.622770167887210846e-02
1.362063270062208176e-02
-1.333834324032068253e-02
-7.619130890816450119e-03
-1.250075269490480423e-02
-7.616031449288129807e-03
-5.299086216837167740e-03
-1.039086282253265381e-02
-5.861733574420213699e-03
-4.363556858152151108e-03
-5.725371651351451874e-03
-2.796211512759327888e-03
-3.670325735583901405e-03
-1.273843226954340935e-04
-8.084585890173912048e-03
-7.054056972265243530e-03
-4.584981128573417664e-03
-1.094729453325271606e-02
-6.173076573759317398e-03
-4.960082937031984329e-03
-3.754707751795649529e-03
-8.437961223535239697e-04
-7.564858533442020416e-03
-1.657873624935746193e-03
-1.925508957356214523e-03
-8.622013032436370850e-03
-6.423228885978460312e-03
-6.596952676773071289e-03
-1.269507501274347305e-02
-7.035894785076379776e-03
-3.693034639582037926e-03
-5.606802180409431458e-03
7.023575017228722572e-04
3.137439023703336716e-03
-1.641595037654042244e-03
2.239551860839128494e-03
2.700441516935825348e-03
-3.273716662079095840e-03
5.705223884433507919e-04
-7.882889476604759693e-04
2.148027531802654266e-03
2.524894371163100004e-04
1.704946043901145458e-04
6.905044429004192352e-03
-8.492345223203301430e-04
1.725621172226965427e-03
1.056737545877695084e-02
1.260124985128641129e-02
1.496616518124938011e-03
7.139680907130241394e-03
1.239228714257478714e-02
5.743714049458503723e-03
1.263537909835577011e-02
7.388960104435682297e-03
1.944934949278831482e-03
9.406697005033493042e-03
-9.919431060552597046e-03
-7.380572147667407990e-03
-9.138838388025760651e-03
-5.800979211926460266e-03
-1.573406043462455273e-03
-4.754671361297369003e-03
-1.209433376789093018e-02
-5.405631382018327713e-03
-9.716550819575786591e-03
-1.329051423817873001e-02
-9.109298698604106903e-03
-1.437129452824592590e-02
-4.954154603183269501e-03
-2.370777772739529610e-03
-8.519521914422512054e-03
-6.080276332795619965e-03
-1.695940387435257435e-03
-1.134877651929855347e-02
2.688168315216898918e-03
1.013371394947171211e-03
3.236192045733332634e-03
5.982275586575269699e-03
3.252667840570211411e-03
4.169116262346506119e-03
9.632621891796588898e-03
7.296752184629440308e-03
7.402488030493259430e-03
-1.053547486662864685e-02
-6.136871408671140671e-03
-8.503092452883720398e-03
-1.082185748964548111e-02
-6.045455113053321838e-03
-8.401611819863319397e-03
-1.326090097427368164e-02
-9.921600110828876495e-03
-1.644277013838291168e-02
-1.281222328543663025e-02
-1.288393419235944748e-02
-1.820517890155315399e-02
-7.856505922973155975e-03
-6.312710698693990707e-03
-1.020538248121738434e-02
-5.762299988418817520e-03
-5.382017698138952255e-03
-1.010745484381914139e-02
-1.064308546483516693e-02
-3.208883805200457573e-03
-1.019314490258693695e-02
-1.024244725704193115e-02
-2.559358486905694008e-03
-8.814373984932899475e-03
-1.297455932945013046e-02
-5.092165898531675339e-03
-9.966600686311721802e-03
-2.774258889257907867e-02
-1.453693676739931107e-02
-2.508844621479511261e-02
-2.203607000410556793e-02
-8.276742883026599884e-03
-2.217091433703899384e-02
-3.053964488208293915e-02
-1.523537840694189072e-02
-3.257162123918533325e-02
2.990434644743800163e-03
4.703881219029426575e-03
4.052415024489164352e-03
-3.920589108020067215e-03
-3.202693071216344833e-03
-2.730485517531633377e-03
-1.601889845915138721e-03
5.388330318965017796e-04
-5.330923013389110565e-04
2.853742800652980804e-03
3.945416770875453949e-03
5.649876780807971954e-03
3.259501885622739792e-03
4.603660665452480316e-03
4.826276563107967377e-03
1.353001920506358147e-03
1.175910118035972118e-03
2.165762009099125862e-03
6.641353014856576920e-03
-1.344398246146738529e-03
9.781978093087673187e-03
1.894247019663453102e-03
-6.414424628019332886e-03
5.286639556288719177e-03
1.633745059370994568e-02
7.475826889276504517e-03
2.169432304799556732e-02
6.105070002377033234e-03
6.585670635104179382e-04
6.441972218453884125e-03
1.647259457968175411e-03
9.787458693608641624e-04
5.108254961669445038e-03
-2.596632577478885651e-03
1.677506952546536922e-05
6.818497204221785069e-04
1.523387618362903595e-02
1.067412737756967545e-02
1.857156306505203247e-02
1.390865072607994080e-02
1.088844332844018936e-02
1.818959228694438934e-02
9.220054373145103455e-03
7.353217341005802155e-03
1.522914879024028778e-02
-7.511408068239688873e-03
-1.067677512764930725e-03
-6.717565120197832584e-04
-6.735710427165031433e-03
-3.056961344555020332e-03
-4.505746997892856598e-03
-7.750596851110458374e-03
-5.664433818310499191e-03
-9.340929798781871796e-03
6.618180777877569199e-03
7.320441771298646927e-03
1.472767908126115799e-02
2.747266320511698723e-03
1.887199119664728642e-03
7.154033053666353226e-03
2.668109955266118050e-03
1.017836621031165123e-03
7.113787811249494553e-03
1.180980354547500610e-02
1.242025475949048996e-02
2.108299359679222107e-02
9.641278535127639771e-03
1.060577388852834702e-02
1.922821439802646637e-02
1.054267585277557373e-02
1.291142683476209641e-02
2.388709969818592072e-02
-7.030784618109464645e-03
8.092954521998763084e-04
-5.448923446238040924e-03
1.088695134967565536e-03
8.447565138339996338e-03
3.899128641933202744e-03
2.128549851477146149e-03
1.024840585887432098e-02
3.619736991822719574e-03
2.126272767782211304e-02
9.149389341473579407e-03
2.458205632865428925e-02
1.112691126763820648e-02
-2.810574835166335106e-03
1.254410669207572937e-02
3.109101019799709320e-02
2.002322487533092499e-02
3.814218938350677490e-02
8.242302574217319489e-03
2.506367629393935204e-03
2.144753467291593552e-03
7.482885383069515228e-03
1.402196823619306087e-03
5.210565286688506603e-04
1.355671044439077377e-02
4.752996843308210373e-03
5.471118725836277008e-03
-2.066325396299362183e-02
-1.250708382576704025e-02
-1.467040367424488068e-02
-1.573276892304420471e-02
-8.167137391865253448e-03
-1.128411665558815002e-02
-1.987967081367969513e-02
-9.183495305478572845e-03
-1.337733119726181030e-02
2.726600971072912216e-03
1.528924703598022461e-02
2.460123971104621887e-02
5.173894576728343964e-03
1.186156272888183594e-02
1.790922507643699646e-02
7.827376946806907654e-03
1.603572629392147064e-02
3.084413520991802216e-02
-2.145973034203052521e-02
-1.194590236991643906e-02
-1.472920924425125122e-02
-1.452367659658193588e-02
-4.529572557657957077e-03
-3.771734889596700668e-03
-1.372375153005123138e-02
-5.200822837650775909e-03
-4.158322233706712723e-03
2.687332965433597565e-02
1.560460031032562256e-02
3.166114911437034607e-02
2.023558691143989563e-02
7.301351055502891541e-03
2.554537355899810791e-02
3.900275379419326782e-02
2.181891351938247681e-02
4.100227355957031250e-02
2.231943886727094650e-03
-1.618084846995770931e-03
-8.105689659714698792e-03
-3.349523060023784637e-03
-7.490632124245166779e-03
-1.192265097051858902e-02
-5.599832627922296524e-03
-9.664237499237060547e-03
-1.287524215877056122e-02
-2.775878459215164185e-02
-1.860179938375949860e-02
-2.458220720291137695e-02
-1.177364215254783630e-02
-4.906378686428070068e-03
-1.154283434152603149e-02
-1.071228366345167160e-02
-3.832427551969885826e-03
-9.467827156186103821e-03
-1.295308209955692291e-02
-1.029158849269151688e-02
-1.321466173976659775e-02
-4.962811712175607681e-03
-8.630136027932167053e-03
-9.056564420461654663e-03
3.101617563515901566e-03
1.514881150797009468e-03
-1.351756945950910449e-04
-2.161734970286488533e-03
-3.632904961705207825e-03
-4.732796922326087952e-03
-3.183107124641537666e-03
-5.341578740626573563e-03
-4.852076526731252670e-03
1.577966380864381790e-03
-2.208072924986481667e-03
3.661419032141566277e-04
-9.444681927561759949e-03
-5.919058341532945633e-03
-8.847420103847980499e-03
-1.573167182505130768e-02
-6.563081871718168259e-03
-1.414103619754314423e-02
-1.506395079195499420e-02
-5.275113042443990707e-03
-8.226453326642513275e-03
-1.229848060756921768e-02
-4.946480039507150650e-03
-4.154792986810207367e-03
-1.439771149307489395e-02
-4.770157393068075180e-03
-5.335173103958368301e-03
-2.086148597300052643e-02
-1.178651489317417145e-02
-1.613336987793445587e-02
9.528034366667270660e-03
7.025341503322124481e-03
7.289761211723089218e-03
5.658293608576059341e-03
1.268466585315763950e-03
2.896516816690564156e-03
3.404584247618913651e-03
-1.303469296544790268e-03
3.071778221055865288e-03
-3.227280452847480774e-02
-2.121765911579132080e-02
-3.134054318070411682e-02
-2.158124558627605438e-02
-1.624510809779167175e-02
-2.434672228991985321e-02
-2.141452953219413757e-02
-1.666824519634246826e-02
-2.532738819718360901e-02
1.281231269240379333e-02
1.389658823609352112e-02
5.454550962895154953e-03
1.137103326618671417e-02
8.353156968951225281e-03
9.466269053518772125e-03
2.268485911190509796e-02
1.706238649785518646e-02
1.694109663367271423e-02
2.012881077826023102e-02
1.672981306910514832e-02
2.498164959251880646e-02
1.380368694663047791e-02
5.275878589600324631e-03
1.170733198523521423e-02
1.092360261827707291e-02
3.335120156407356262e-03
7.214175537228584290e-03
-1.594943180680274963e-02
-1.173623837530612946e-02
-1.524826232343912125e-02
-1.152653619647026062e-02
-8.095478639006614685e-03
-8.197833783924579620e-03
-5.399222951382398605e-03
-3.225240157917141914e-03
-3.110141027718782425e-03
6.885472685098648071e-03
7.006292697042226791e-03
6.271772086620330811e-03
2.011943870456889272e-04
2.379107521846890450e-03
4.743375815451145172e-03
4.413144197314977646e-03
7.470963522791862488e-03
1.347778085619211197e-02
-1.931561343371868134e-02
-8.924595080316066742e-03
-1.449751760810613632e-02
-5.272006150335073471e-03
6.044425070285797119e-03
5.245009437203407288e-03
-7.810018490999937057e-03
4.999090917408466339e-03
7.086277008056640625e-03
-9.457131964154541492e-04
2.118842210620641708e-03
9.072495624423027039e-03
4.338497528806328773e-04
-1.299922121688723564e-03
6.174417212605476379e-03
5.407374352216720581e-03
5.131744313985109329e-03
1.491654664278030396e-02
1.396414078772068024e-02
1.363259367644786835e-02
4.577757790684700012e-03
1.067318674176931381e-02
9.124158881604671478e-03
2.821209141984581947e-03
1.112712826579809189e-02
6.648714654147624969e-03
-1.364899217151105404e-03
-7.371437735855579376e-03
-2.332318108528852463e-03
-4.975690506398677826e-03
-4.839185625314712524e-03
-5.468756717164069414e-05
-3.451045835390686989e-03
-3.640587907284498215e-03
-6.890803342685103416e-04
-4.188896622508764267e-03
-5.927057936787605286e-03
-7.750546094030141830e-03
-1.327061839401721954e-02
2.056734869256615639e-03
1.288448984269052744e-04
-6.007760297507047653e-03
-3.424829337745904922e-03
-6.120254285633563995e-03
-1.663677766919136047e-02
-2.764430269598960876e-02
-1.071534678339958191e-02
-1.672248542308807373e-02
-2.871032059192657471e-02
-1.294644270092248917e-02
-1.925070211291313171e-02
-3.143918886780738831e-02
-1.798622868955135345e-02
-2.239237725734710693e-02
-9.368195198476314545e-03
-2.348844194784760475e-03
-1.299028750509023666e-02
-3.292491892352700233e-03
7.755124825052917004e-04
-1.012860611081123352e-02
-2.052244963124394417e-03
1.109299482777714729e-03
-1.003768295049667358e-02
-1.135167852044105530e-02
-3.271464956924319267e-03
-8.308510296046733856e-03
-1.232765149325132370e-02
-2.587302355095744133e-03
-7.064437028020620346e-03
-1.723020337522029877e-02
-6.847140844911336899e-03
-1.499351486563682556e-02
6.256766617298126221e-03
3.712701844051480293e-03
1.285255048424005508e-02
4.539115354418754578e-03
-1.023715594783425331e-03
1.147552020847797394e-02
5.507100839167833328e-03
7.145097013562917709e-03
1.399288512766361237e-02
1.119373552501201630e-02
7.797172293066978455e-03
3.216219833120703697e-03
8.786530233919620514e-03
5.664799828082323074e-03
-1.586650731042027473e-03
3.090431680902838707e-03
1.944257994182407856e-03
-8.884682320058345795e-03
-1.244961097836494446e-02
-1.749026356264948845e-03
-8.525553159415721893e-03
-8.736786432564258575e-03
-9.122951887547969818e-04
-8.887897245585918427e-03
-1.393788680434226990e-02
-5.673293024301528931e-03
-1.626804471015930176e-02
1.304059848189353943e-02
6.750672589987516403e-03
1.655759289860725403e-02
6.235783919692039490e-03
1.978955115191638470e-04
1.152869407087564468e-02
1.144353207200765610e-02
4.530336707830429077e-03
1.499085035175085068e-02
-1.945539563894271851e-02
-5.485207308083772659e-03
-2.675139578059315681e-03
-1.671354845166206360e-02
-4.146689549088478088e-03
-6.744616199284791946e-03
-2.541518956422805786e-02
-1.096395216882228851e-02
-1.242627669125795364e-02
-4.749656189233064651e-03
2.015897189266979694e-04
1.072027604095637798e-03
-8.515955880284309387e-03
-4.797085653990507126e-03
-5.848626140505075455e-03
-1.425066124647855759e-02
-1.011954993009567261e-02
-1.309991255402565002e-02
8.203936740756034851e-04
-6.688232533633708954e-03
2.212734689237549901e-04
-1.475223922170698643e-03
-7.264972198754549026e-03
-3.659624373540282249e-03
1.014980580657720566e-02
2.266098977997899055e-03
7.075455039739608765e-03
1.223257649689912796e-02
9.183203801512718201e-03
1.803406700491905212e-02
9.395346045494079590e-03
5.426708143204450607e-03
1.456744316965341568e-02
1.184516493231058121e-02
6.056981626898050308e-03
1.765983365476131439e-02
2.068969421088695526e-02
9.488063864409923553e-03
1.852481439709663391e-02
1.691385358572006226e-02
3.989438060671091080e-03
1.624692231416702271e-02
3.403002768754959106e-02
1.803299039602279663e-02
3.183778747916221619e-02
-4.512112122029066086e-03
-6.323475856333971024e-03
-4.780297633260488510e-03
-6.248114514164626598e-04
-6.086564157158136368e-03
-6.759579759091138840e-03
4.108252935111522675e-03
-2.552247839048504829e-03
-5.571846850216388702e-03
-5.785446614027023315e-03
-1.268139295279979706e-02
-9.965316392481327057e-03
-9.331342764198780060e-03
-1.519699394702911377e-02
-1.093567535281181335e-02
-5.879138596355915070e-03
-1.412718463689088821e-02
-1.456234417855739594e-02
-5.646727979183197021e-03
8.685245993547141552e-04
3.498623147606849670e-03
-5.570978857576847076e-03
-2.158485818654298782e-03
1.282116747461259365e-03
-1.972372265299782157e-04
1.939853886142373085e-03
4.352202173322439194e-03
7.939909701235592365e-04
-1.114086154848337173e-02
-3.458870807662606239e-03
-2.561843721196055412e-03
-1.311928220093250275e-02
-4.061373416334390640e-03
-8.387778885662555695e-03
-1.639012247323989868e-02
-8.261876180768013000e-03
-1.266862079501152039e-02
-8.067602291703224182e-03
-1.322860084474086761e-02
-1.034191343933343887e-02
-5.640577059239149094e-03
-1.263205986469984055e-02
-1.511826552450656891e-02
-7.561586331576108932e-03
-1.514087338000535965e-02
-1.546406652778387070e-02
-8.390964940190315247e-03
-1.036423537880182266e-02
-9.810107760131359100e-03
-4.907974041998386383e-03
-7.897374220192432404e-03
-1.380596868693828583e-02
-1.024025306105613708e-02
-1.246735267341136932e-02
-1.388868689537048340e-02
-1.833696477115154266e-02
-9.925593622028827667e-03
-1.416941825300455093e-02
-1.987228915095329285e-02
-9.990096092224121094e-03
-1.023938134312629700e-02
-1.396202482283115387e-02
-4.387367982417345047e-03
-5.632045213133096695e-03
-4.459897987544536591e-03
-1.157592516392469406e-02
1.161792082712054253e-03
2.425305428914725780e-04
-4.197069443762302399e-03
6.366576068103313446e-03
4.776029847562313080e-03
-7.938398630358278751e-04
1.761643029749393463e-02
1.671903207898139954e-02
1.621583104133605957e-02
1.210091263055801392e-02
1.028287969529628754e-02
7.700782734900712967e-03
1.727346330881118774e-02
1.243249233812093735e-02
8.338152430951595306e-03
-2.205811999738216400e-02
-1.772770471870899200e-02
-2.468002960085868835e-02
-1.020690798759460449e-02
-7.801840547472238541e-03
-1.134909223765134811e-02
-1.044480130076408386e-02
-1.271538622677326202e-02
-1.493613794445991516e-02
-6.930845323950052261e-03
-3.988661337643861771e-03
-7.089172489941120148e-03
-6.419968325644731522e-03
-2.486462704837322235e-03
-6.252615246921777725e-03
-8.034884929656982422e-03
-6.222847383469343185e-03
-8.844645693898200989e-03
-3.086360171437263489e-02
-1.667570881545543671e-02
-2.785947360098361969e-02
-1.926401816308498383e-02
-4.212819505482912064e-03
-1.656441949307918549e-02
-3.149716928601264954e-02
-1.333969272673130035e-02
-2.333920821547508240e-02
-3.234579693526029587e-03
1.276063965633511543e-03
4.694188013672828674e-03
-7.491124793887138367e-03
-7.759722881019115448e-03
-4.497880581766366959e-03
1.789600006304681301e-03
2.919554244726896286e-03
3.088516416028141975e-03
-1.008299086242914200e-02
-1.995894126594066620e-03
-4.650867078453302383e-03
-6.430340465158224106e-03
-1.415259088389575481e-03
-2.702677156776189804e-04
-1.157924160361289978e-02
-7.918236777186393738e-03
-6.452857051044702530e-03
2.410149760544300079e-02
1.928483694791793823e-02
2.984320372343063354e-02
1.696345210075378418e-02
1.155307237058877945e-02
2.532247453927993774e-02
2.633208967745304108e-02
2.007264085114002228e-02
3.637205809354782104e-02
1.043368317186832428e-02
1.140851434320211411e-02
1.692231371998786926e-02
3.872465807944536209e-03
2.120069693773984909e-03
6.211094092577695847e-03
6.577596068382263184e-03
4.833572078496217728e-03
6.393628660589456558e-03
6.419401615858078003e-03
8.870298042893409729e-03
1.280383206903934479e-02
6.032091099768877029e-03
8.266512304544448853e-03
9.648004546761512756e-03
7.711135782301425934e-03
9.831732138991355896e-03
1.181000750511884689e-02
4.304603859782218933e-02
3.606503829360008240e-02
5.576092749834060669e-02
2.618904784321784973e-02
1.347698364406824112e-02
3.317832201719284058e-02
2.635271288454532623e-02
1.555185951292514801e-02
3.205142170190811157e-02
-1.408856362104415894e-02
-1.461458764970302582e-02
-2.226965501904487610e-02
-6.888542789965867996e-03
-8.973922580480575562e-03
-1.521293446421623230e-02
-9.971447288990020752e-03
-8.582659997045993805e-03
-1.462935749441385269e-02
6.550779100507497787e-03
-2.678391756489872932e-03
3.155170939862728119e-03
9.663273580372333527e-03
7.811181130819022655e-04
6.140226032584905624e-03
1.188813243061304092e-02
5.449336487799882889e-03
1.390250865370035172e-02
1.205479260534048080e-02
8.539030328392982483e-03
1.157980505377054214e-02
5.225571338087320328e-03
-1.191100338473916054e-03
7.948602549731731415e-03
1.228993386030197144e-02
9.858169592916965485e-03
1.726927049458026886e-02
9.234692901372909546e-03
-8.582868613302707672e-03
-5.157798994332551956e-03
1.126108877360820770e-02
-1.004023291170597076e-02
-2.746732905507087708e-03
2.641141042113304138e-02
7.107576820999383926e-03
1.820342615246772766e-02
-3.397376043722033501e-03
-1.573747722432017326e-03
-5.300339777022600174e-03
-7.585981860756874084e-03
-3.971731755882501602e-03
-6.977548357099294662e-03
-7.982798852026462555e-03
-4.811425227671861649e-03
-7.257421966642141342e-03
-1.265305187553167343e-02
-2.375334734097123146e-03
-9.431278333067893982e-03
-1.174301747232675552e-02
-2.122287405654788017e-03
-1.188921183347702026e-02
-1.658047549426555634e-02
-1.183713786303997040e-02
-2.118182554841041565e-02
7.395348977297544479e-03
-1.669952762313187122e-03
-8.604664355516433716e-03
8.965855813585221767e-04
-5.152602214366197586e-03
-1.179619133472442627e-02
5.190284922719001770e-03
-1.448375172913074493e-03
-6.866190116852521896e-03
-9.343161247670650482e-03
-4.999420605599880219e-03
-8.195404894649982452e-03
-2.257782267406582832e-03
2.574776764959096909e-03
-2.735958667472004890e-03
-6.979821715503931046e-03
-4.092983901500701904e-03
-9.350768290460109711e-03
2.697530016303062439e-02
1.399768516421318054e-02
2.325840853154659271e-02
2.149753086268901825e-02
5.513547454029321671e-03
1.364919543266296387e-02
2.917362004518508911e-02
1.736206747591495514e-02
2.394295856356620789e-02
-4.353452939540147781e-03
5.526957684196531773e-04
-2.052553463727235794e-03
3.486607747618108988e-04
-8.022880647331476212e-04
-2.490958198904991150e-03
1.753451651893556118e-03
-2.174414228647947311e-03
-1.949427183717489243e-03
-3.572815563529729843e-03
-7.710285019129514694e-03
-8.016337640583515167e-03
-3.648612648248672485e-03
-1.115377992391586304e-02
-9.723070077598094940e-03
-1.798053272068500519e-03
-1.358372252434492111e-02
-9.154810570180416107e-03
-1.903201453387737274e-03
-4.923908854834735394e-04
-3.804073203355073929e-03
4.409595858305692673e-04
-2.678809687495231628e-04
-1.053810468874871731e-03
-4.945266991853713989e-03
-3.212888492271304131e-03
-4.244167823344469070e-03
4.287909343838691711e-02
2.864968217909336090e-02
3.808109834790229797e-02
2.744077518582344055e-02
1.192307379096746445e-02
2.165966108441352844e-02
3.798285126686096191e-02
2.260392345488071442e-02
3.142248094081878662e-02
-7.736526895314455032e-03
-6.324290763586759567e-03
-3.620494157075881958e-03
-1.085388939827680588e-02
-8.388886228203773499e-03
-2.607746515423059464e-03
-1.211115624755620956e-02
-1.188120990991592407e-02
-8.177897892892360687e-03
1.343745645135641098e-02
1.793011091649532318e-02
2.621454559266567230e-02
1.415237039327621460e-02
1.557173673063516617e-02
2.257933840155601501e-02
1.629997044801712036e-02
1.535696908831596375e-02
2.605193108320236206e-02
-1.149522885680198669e-02
-6.047653150744736195e-04
-5.093698855489492416e-03
-3.802012884989380836e-03
5.339259747415781021e-03
2.512024715542793274e-03
-6.836404092609882355e-03
1.089391298592090607e-03
1.425699447281658649e-03
1.153929159045219421e-02
3.329636063426733017e-03
2.196718414779752493e-04
1.198695320636034012e-02
3.243374871090054512e-03
-4.687936452683061361e-04
1.823412813246250153e-02
5.558737553656101227e-03
1.605752739124000072e-03
1.193133462220430374e-02
4.984415136277675629e-03
9.201711043715476990e-03
-2.695902367122471333e-05
-7.739806547760963440e-03
-1.943216891959309578e-03
6.089949514716863632e-03
-3.659250447526574135e-03
1.852805609814822674e-03
-7.044036872684955597e-03
-2.839619992300868034e-03
-1.262828707695007324e-02
-2.927969908341765404e-03
3.285650862380862236e-03
-1.778402365744113922e-03
-1.680525834672152996e-03
3.000601194798946381e-03
4.152785113546997309e-04
-1.305474806576967239e-02
-1.378857251256704330e-02
-1.368091627955436707e-02
-6.729465909302234650e-03
-1.148868352174758911e-02
-1.157291233539581299e-02
2.676935633644461632e-03
-5.022088880650699139e-04
-4.474732093513011932e-03
-7.861086167395114899e-03
-5.018500145524740219e-03
-6.754388567060232162e-03
-7.655518129467964172e-03
-4.470269661396741867e-03
-1.025669462978839874e-02
-4.471591208130121231e-03
-5.721122492104768753e-03
-8.625565096735954285e-03
-4.792065825313329697e-03
-3.171171527355909348e-03
-9.926791302859783173e-03
-1.335228979587554932e-02
-2.496562665328383446e-03
-1.078399736434221268e-02
-1.627214625477790833e-02
-5.757817532867193222e-03
-1.578269898891448975e-02
-1.454827189445495605e-02
-9.923848323523998260e-03
-1.137570943683385849e-02
-1.614600606262683868e-02
-9.530179202556610107e-03
-9.907447732985019684e-03
-2.760605700314044952e-02
-1.821787282824516296e-02
-2.120593003928661346e-02
2.315176837146282196e-02
1.550835464149713516e-02
2.147607132792472839e-02
1.299078203737735748e-02
3.191201481968164444e-03
1.002942118793725967e-02
1.259483303874731064e-02
4.536864813417196274e-03
1.015978399664163589e-02
-1.527331583201885223e-02
-1.344241015613079071e-02
-2.507747896015644073e-02
-1.668415963649749756e-02
-1.168089266866445541e-02
-1.978582330048084259e-02
-1.809891499578952789e-02
-1.243669632822275162e-02
-1.938257552683353424e-02
-6.492372136563062668e-03
1.015894347801804543e-03
-7.177110761404037476e-03
6.668318063020706177e-03
1.309418957680463791e-02
6.533622276037931442e-03
8.957859128713607788e-03
1.545011810958385468e-02
9.660822339355945587e-03
-6.078592501580715179e-03
-6.718020420521497726e-03
-6.961748935282230377e-03
-1.795070129446685314e-03
-3.174573648720979691e-03
-3.926937934011220932e-03
2.730734646320343018e-03
-2.946956083178520203e-03
-8.335275575518608093e-03
-1.408859994262456894e-02
-1.223285868763923645e-02
-1.943963952362537384e-02
-5.978087894618511200e-03
-6.356957834213972092e-03
-1.438597124069929123e-02
-7.093248423188924789e-04
7.134292391128838062e-04
-4.102068487554788589e-03
7.423478178679943085e-03
6.091806571930646896e-03
7.856663316488265991e-03
4.807925783097743988e-03
3.533296519890427589e-03
1.063389703631401062e-02
1.166200730949640274e-02
7.243858184665441513e-03
1.513557601720094681e-02
-6.766717415302991867e-03
-7.189095951616764069e-03
-8.686649613082408905e-03
6.157221738249063492e-03
6.398432888090610504e-03
8.422272279858589172e-03
1.088570337742567062e-02
1.250102650374174118e-02
1.666149310767650604e-02
1.735233515501022339e-02
1.526176277548074722e-02
3.897035494446754456e-02
1.485311426222324371e-02
5.546830594539642334e-03
2.907135523855686188e-02
2.840195782482624054e-02
2.007387019693851471e-02
4.804803803563117981e-02
4.025822132825851440e-02
2.423266507685184479e-02
2.789850719273090363e-02
2.571571618318557739e-02
9.308381006121635437e-03
1.209790818393230438e-02
2.758712507784366608e-02
9.144111536443233490e-03
4.653495736420154572e-03
-1.858321018517017365e-02
-1.055637281388044357e-02
-1.514639984816312790e-02
-1.437393855303525925e-02
-7.286620792001485825e-03
-1.078955177217721939e-02
-1.715545356273651123e-02
-1.295787654817104340e-02
-1.534408237785100937e-02
-8.198264054954051971e-03
-1.051879953593015671e-02
-9.086711332201957703e-03
-8.207063190639019012e-03
-6.538298446685075760e-03
-5.150981247425079346e-03
-5.017462652176618576e-03
-5.205055233091115952e-03
-7.767658215016126633e-03
-3.725780546665191650e-02
-1.609093137085437775e-02
-2.607334963977336884e-02
-3.623127564787864685e-02
-1.757027581334114075e-02
-2.866461314260959625e-02
-4.331411793828010559e-02
-2.557075954973697662e-02
-3.365186974406242371e-02
-2.359239943325519562e-02
-1.265416759997606277e-02
-2.524649724364280701e-02
-1.443035248667001724e-02
-6.577210966497659683e-03
-1.843184232711791992e-02
-1.819344982504844666e-02
-1.225992385298013687e-02
-2.552521228790283203e-02
-4.005574155598878860e-03
1.808887813240289688e-03
2.452950691804289818e-03
-4.586058668792247772e-03
1.886219950392842293e-03
4.612066783010959625e-03
-4.667744506150484085e-03
1.842165249399840832e-03
7.662207353860139847e-04
3.725203918293118477e-03
-9.486811235547065735e-03
1.820292882621288300e-02
-6.578375585377216339e-03
-2.610796689987182617e-02
1.928737387061119080e-03
8.328712545335292816e-03
-5.184806883335113525e-03
1.640526391565799713e-02
3.407941758632659912e-02
2.178821526467800140e-02
2.193738333880901337e-02
2.028887160122394562e-02
9.269588626921176910e-03
9.973129257559776306e-03
2.305053547024726868e-02
1.212814543396234512e-02
7.539008744060993195e-03
-1.234162133187055588e-02
-4.458796698600053787e-03
-9.896609000861644745e-03
-1.399803627282381058e-02
-5.919196177273988724e-03
-9.910684078931808472e-03
-1.910229027271270752e-02
-1.302574016153812408e-02
-1.610561460256576538e-02
1.761743240058422089e-02
1.476645190268754959e-02
1.429435797035694122e-02
1.108166109770536423e-02
6.523325107991695404e-03
9.698827750980854034e-03
1.730363816022872925e-02
1.159822754561901093e-02
1.689328253269195557e-02
-4.789121914654970169e-03
-2.692658221349120140e-03
-3.715644124895334244e-03
-4.729994107037782669e-03
-3.233111230656504631e-03
-4.191934596747159958e-03
-5.058305803686380386e-03
5.514483782462775707e-04
-1.619516755454242229e-03
-1.777675747871398926e-02
-1.577630266547203064e-02
-1.864882186055183411e-02
-1.927761733531951904e-02
-1.700505800545215607e-02
-2.440265752375125885e-02
-2.155797928571701050e-02
-1.963510736823081970e-02
-2.903560921549797058e-02
-2.683939412236213684e-02
-1.680464297533035278e-02
-2.933365851640701294e-02
-1.746168173849582672e-02
-9.527381509542465210e-03
-2.008776925504207611e-02
-1.577978208661079407e-02
-1.275548618286848068e-02
-1.932643912732601166e-02
-1.749301142990589142e-02
-6.912235636264085770e-03
-1.456158608198165894e-02
-6.353029981255531311e-03
5.902596967644058168e-05
-6.113062147051095963e-03
-8.086667396128177643e-03
-1.553164911456406116e-03
-4.424322862178087234e-03
2.042955905199050903e-02
7.157488260418176651e-03
2.179002948105335236e-02
2.326525747776031494e-02
3.334671724587678909e-03
1.801216974854469299e-02
4.668576642870903015e-02
2.475466392934322357e-02
3.975550085306167603e-02
-2.591489069163799286e-02
-1.958251558244228363e-02
-2.240842767059803009e-02
-1.235884986817836761e-02
-1.022725645452737808e-02
-1.560067292302846909e-02
-1.274319645017385483e-02
-9.606688283383846283e-03
-1.456853933632373810e-02
1.033116248436272144e-03
-1.243047323077917099e-02
-7.275437004864215851e-03
-6.810858845710754395e-03
-2.004994451999664307e-02
-1.339911855757236481e-02
-3.379331203177571297e-03
-1.909368485212326050e-02
-1.339412853121757507e-02
-1.143928267993032932e-03
5.101163871586322784e-03
1.231291797012090683e-02
-4.751323722302913666e-03
-3.120916197076439857e-03
6.360902916640043259e-03
2.975479932501912117e-03
-9.599347831681370735e-04
1.084307953715324402e-02
8.026315481401979923e-04
-1.158188655972480774e-02
2.396534662693738937e-03
-5.681367591023445129e-03
-2.039674483239650726e-02
-5.007472820580005646e-03
5.195011850446462631e-03
-6.651586387306451797e-03
6.106855813413858414e-03
-2.708853967487812042e-02
-1.747364737093448639e-02
-2.353012561798095703e-02
-2.421779371798038483e-02
-1.498345658183097839e-02
-2.059579268097877502e-02
-2.804685570299625397e-02
-1.798579655587673187e-02
-2.461916767060756683e-02
2.639374928548932076e-03
-7.903775549493730068e-04
4.006266593933105469e-03
3.017141716554760933e-04
-5.520663224160671234e-03
-4.043503664433956146e-03
3.967226482927799225e-03
1.962954178452491760e-03
2.659473102539777756e-03
-1.898757368326187134e-02
-2.066048420965671539e-02
-4.826563410460948944e-03
-2.223469875752925873e-02
-2.802938595414161682e-02
-1.406515669077634811e-02
-2.254954725503921509e-02
-2.532126009464263916e-02
-1.413322612643241882e-02
7.962868548929691315e-04
-3.438217681832611561e-04
-4.386422690004110336e-03
1.379317604005336761e-03
2.526107942685484886e-03
1.952735008671879768e-03
2.965895459055900574e-03
-3.006483311764895916e-04
-1.187245012260973454e-03
1.508056838065385818e-02
1.455476693809032440e-02
1.946098357439041138e-02
1.068281847983598709e-02
8.174967952072620392e-03
1.133298408240079880e-02
1.129498146474361420e-02
9.257008321583271027e-03
9.949091821908950806e-03
-1.913397014141082764e-02
-2.496825717389583588e-02
-3.177717700600624084e-02
-9.350181557238101959e-03
-1.368182338774204254e-02
-1.874775812029838562e-02
-1.469598803669214249e-02
-2.239647507667541504e-02
-2.342613227665424347e-02
-8.237047120928764343e-03
-7.262286264449357986e-03
-1.065279636532068253e-02
-3.892848326358944178e-04
2.972018904983997345e-03
-1.009366707876324654e-03
-4.860594402998685837e-03
-2.712175017222762108e-03
-3.998250234872102737e-03
-4.746842011809349060e-02
-2.383764460682868958e-02
-3.747382387518882751e-02
-3.136034309864044189e-02
-8.766005747020244598e-03
-2.205178141593933105e-02
-4.324929416179656982e-02
-1.943881809711456299e-02
-3.200865909457206726e-02
-4.660504404455423355e-03
-9.322928264737129211e-03
-1.472727046348154545e-03
-1.143597066402435303e-02
-2.205678820610046387e-02
-1.706916280090808868e-02
2.075918164337053895e-04
-5.852107424288988113e-03
-3.689075121656060219e-03
-6.928393617272377014e-03
4.269350320100784302e-04
-3.664018586277961731e-03
-5.018239840865135193e-03
-1.011745422147214413e-03
-3.598690964281558990e-03
-1.091754063963890076e-02
-5.335707683116197586e-03
-7.894407026469707489e-03
2.033660188317298889e-02
1.657531410455703735e-02
1.862588152289390564e-02
1.402885373681783676e-02
9.357465431094169617e-03
1.659338176250457764e-02
1.889301836490631104e-02
1.723191142082214355e-02
2.723284624516963959e-02
2.208004333078861237e-02
2.266075462102890015e-02
2.950387261807918549e-02
9.940396994352340698e-03
6.099096499383449554e-03
1.015738863497972488e-02
1.086405850946903229e-02
5.811308510601520538e-03
9.428889490664005280e-03
1.905912719666957855e-02
1.857987046241760254e-02
2.829461358487606049e-02
9.424624033272266388e-03
6.300787441432476044e-03
1.886100880801677704e-02
1.102882996201515198e-02
8.109919726848602295e-03
1.911631971597671509e-02
2.697614580392837524e-02
2.401572838425636292e-02
2.780493162572383881e-02
1.327475626021623611e-02
8.571131154894828796e-03
1.798979565501213074e-02
9.475996717810630798e-03
7.071410655044019222e-04
7.824071682989597321e-03
-2.375131845474243164e-02
-2.037546411156654358e-02
-3.577228263020515442e-02
-1.772238314151763916e-02
-1.088487543165683746e-02
-2.419721893966197968e-02
-2.831945382058620453e-02
-2.039694413542747498e-02
-3.108901530504226685e-02
9.213843382894992828e-03
-2.063984749838709831e-03
-3.148879157379269600e-03
6.223590578883886337e-03
-4.619328305125236511e-03
-2.534394618123769760e-03
1.134966313838958740e-02
5.761112552136182785e-03
8.977763354778289795e-03
1.316182967275381088e-02
1.093399245291948318e-02
9.595370851457118988e-03
4.485220182687044144e-03
3.192652948200702667e-03
9.888313710689544678e-03
6.347840186208486557e-03
1.149780023843050003e-02
1.649285480380058289e-02
-2.001669071614742279e-02
-1.325827650725841522e-02
-2.700104750692844391e-02
-1.850529015064239502e-02
-8.941999636590480804e-03
-2.006886899471282959e-02
-2.410203963518142700e-02
-1.427255850285291672e-02
-2.547590620815753937e-02
-1.051056664437055588e-02
-2.022878266870975494e-03
-7.252979557961225510e-03
-1.412087026983499527e-02
-4.657585639506578445e-03
-8.666170760989189148e-03
-2.237300388514995575e-02
-1.123652234673500061e-02
-1.547134481370449066e-02
-1.342817954719066620e-02
-4.245471209287643433e-03
-7.431771606206893921e-03
-1.851058751344680786e-02
-9.864547289907932281e-03
-1.046960614621639252e-02
-1.912987045943737030e-02
-1.442030072212219238e-02
-1.330105867236852646e-02
-3.035721555352210999e-02
-1.838221773505210876e-02
-2.628826163709163666e-02
-2.515336498618125916e-02
-1.333823241293430328e-02
-1.880683563649654388e-02
-2.167368866503238678e-02
-7.073414977639913559e-03
-9.150458499789237976e-03
1.338599016889929771e-03
-8.083228021860122681e-04
-2.535931533202528954e-03
1.649982878006994724e-03
-1.009193016216158867e-03
-3.674716223031282425e-03
-5.921014235354959965e-04
-2.377219032496213913e-03
-4.237029701471328735e-03
1.471759378910064697e-02
7.203696761280298233e-03
7.549617439508438110e-03
1.395491883158683777e-02
5.546296481043100357e-03
7.044389843940734863e-03
2.150142937898635864e-02
1.280222088098526001e-02
1.173720136284828186e-02
6.386644206941127777e-03
5.767284892499446869e-03
9.881900623440742493e-03
8.394764736294746399e-03
2.583537483587861061e-03
4.282890819013118744e-03
1.081685908138751984e-02
6.104047410190105438e-03
7.004288490861654282e-03
-1.274904003366827965e-03
-4.570132587105035782e-03
-6.144478917121887207e-03
-2.798653207719326019e-03
-1.036555971950292587e-02
-7.943880744278430939e-03
-5.473155993968248367e-03
-1.622630096971988678e-02
-1.247958466410636902e-02
-1.558343879878520966e-03
-4.267875570803880692e-03
-5.972286220639944077e-03
-8.114032098092138767e-04
-4.641651175916194916e-03
-3.867869498208165169e-03
-9.161251364275813103e-04
-2.055144403129816055e-03
-3.702957415953278542e-03
-9.870703797787427902e-04
-4.056223668158054352e-03
-3.884788602590560913e-03
2.160395029932260513e-03
-9.414721862412989140e-04
8.410291047766804695e-04
7.184751797467470169e-03
4.042618442326784134e-03
4.888565745204687119e-03
1.369218080071732402e-04
-8.344737580046057701e-04
-1.863934332504868507e-03
3.882420482113957405e-03
1.228307606652379036e-03
-1.877753064036369324e-03
2.359209116548299789e-03
2.403363760095089674e-04
-4.298050422221422195e-03
8.790260180830955505e-03
7.694035768508911133e-03
6.142876576632261276e-03
1.099142478778958321e-03
9.534918935969471931e-04
-1.150321331806480885e-03
-7.683902047574520111e-03
-6.273270584642887115e-03
-1.013901177793741226e-02
-6.238713860511779785e-03
-5.666935816407203674e-03
-3.890022635459899902e-03
-7.760880980640649796e-03
-8.743592537939548492e-03
-6.361098494380712509e-03
-2.292286604642868042e-03
-4.011772107332944870e-03
-3.881135256960988045e-03
-4.840828478336334229e-03
3.167343093082308769e-04
-1.811509719118475914e-03
-5.386548116803169250e-03
1.007403043331578374e-04
-2.934154588729143143e-03
-1.040249411016702652e-02
-5.503065418452024460e-03
-9.744706563651561737e-03
2.776520559564232826e-03
9.603301994502544403e-03
1.295547932386398315e-02
4.202902317047119141e-03
9.283197112381458282e-03
9.971290826797485352e-03
6.037022918462753296e-03
8.845586329698562622e-03
9.399345144629478455e-03
-2.521877735853195190e-02
-1.422884035855531693e-02
-3.885295987129211426e-02
-1.832179911434650421e-02
-5.205594934523105621e-03
-2.378175035119056702e-02
-3.113740868866443634e-02
-1.395530998706817627e-02
-3.276845440268516541e-02
1.321445032954216003e-02
1.575594954192638397e-02
2.848937176167964935e-02
4.229129757732152939e-03
5.234592594206333160e-03
1.732831262052059174e-02
2.838962711393833160e-03
7.337030488997697830e-03
1.960834302008152008e-02
-3.127784654498100281e-02
-2.159052342176437378e-02
-2.663575299084186554e-02
-2.665017545223236084e-02
-2.079049497842788696e-02
-2.703962102532386780e-02
-2.463083900511264801e-02
-1.721769385039806366e-02
-2.071056701242923737e-02
-6.301155779510736465e-03
-8.226853096857666969e-04
-4.924062639474868774e-03
-9.477487765252590179e-03
-2.270482247695326805e-03
-1.999826868996024132e-03
-7.346534635871648788e-03
-5.821361206471920013e-03
-3.144501708447933197e-03
1.947341137565672398e-03
1.042808755300939083e-03
5.230960901826620102e-03
-5.205936031416058540e-05
-3.439619205892086029e-03
-5.121502908878028393e-04
2.154406858608126640e-03
-9.704317199066281319e-04
-2.520927460864186287e-03
-1.228040549904108047e-02
-9.388114325702190399e-03
-1.404865924268960953e-02
-9.248470887541770935e-03
-7.814508862793445587e-03
-9.588023647665977478e-03
-9.605800732970237732e-03
-9.213389828801155090e-03
-9.231462143361568451e-03
2.673557959496974945e-03
8.140061050653457642e-03
-1.977610401809215546e-03
-1.034470857121050358e-03
4.242845345288515091e-03
-1.394529826939105988e-03
-5.382591858506202698e-03
-2.003302797675132751e-03
-9.427743963897228241e-03
-1.806439459323883057e-02
-1.215436309576034546e-02
-1.870961114764213562e-02
-1.007848326116800308e-02
-7.148955017328262329e-03
-1.328724622726440430e-02
-1.589277759194374084e-02
-1.451445929706096649e-02
-2.106442861258983612e-02
2.675555180758237839e-03
3.623508149757981300e-03
-7.262753206305205822e-04
-2.910606795921921730e-03
-4.583224188536405563e-03
-6.428512278944253922e-03
2.794600091874599457e-03
1.173735945485532284e-03
-6.285912822932004929e-04
1.967374701052904129e-03
2.744856057688593864e-03
4.134071525186300278e-03
5.652991821989417076e-04
-3.801421262323856354e-04
-8.613439276814460754e-04
-5.118181463330984116e-03
-3.240692196413874626e-03
-5.962383467704057693e-03
-2.069562859833240509e-02
-1.039737649261951447e-02
-1.326807402074337006e-02
-1.387121621519327164e-02
-5.185844376683235168e-03
-5.434698425233364105e-03
-1.176226325333118439e-02
-4.149025771766901016e-03
-4.227333236485719681e-03
-3.979060798883438110e-03
3.502155188471078873e-03
4.346828907728195190e-03
-2.380442107096314430e-03
3.023650497198104858e-03
5.606491118669509888e-03
-4.028577357530593872e-03
2.573044737800955772e-03
4.290795885026454926e-03
-2.234564535319805145e-02
-8.083779364824295044e-03
-1.263189129531383514e-02
-1.539374701678752899e-02
-8.969065384007990360e-04
-4.683418665081262589e-03
-2.294553816318511963e-02
-9.869085624814033508e-03
-1.602437533438205719e-02
-2.662836806848645210e-03
-3.032602602615952492e-03
-3.843701444566249847e-03
-1.625449280254542828e-03
-1.823419122956693172e-03
-6.341072730720043182e-04
-3.139118896797299385e-03
-1.606603036634624004e-03
4.059763741679489613e-04
3.316424321383237839e-03
6.171274464577436447e-03
8.998098783195018768e-04
5.173901561647653580e-03
5.603559780865907669e-03
-3.478200524114072323e-04
3.489733673632144928e-03
4.072165116667747498e-03
-5.358592141419649124e-03
8.976817131042480469e-03
7.908099330961704254e-03
1.266869064420461655e-02
6.443535443395376205e-03
5.516446661204099655e-03
9.377053938806056976e-03
3.606438171118497849e-03
3.729165531694889069e-03
5.530892871320247650e-03
-3.259307937696576118e-03
-5.739831831306219101e-03
-3.983605187386274338e-03
-9.826200548559427261e-04
1.878943003248423338e-04
2.754044486209750175e-03
-3.770450362935662270e-03
9.921672753989696503e-04
8.314311853609979153e-04
-1.051616296172142029e-02
-6.150041008368134499e-04
-9.530677343718707561e-04
-6.985778920352458954e-03
-4.500502254813909531e-04
5.155694670975208282e-04
-1.069086883217096329e-02
-2.555126557126641273e-03
9.205356764141470194e-05
1.776555925607681274e-02
1.486251037567853928e-02
2.095604687929153442e-02
8.751888759434223175e-03
6.913162767887115479e-03
1.040361262857913971e-02
6.058977451175451279e-03
7.016070652753114700e-03
8.803295902907848358e-03
5.999979563057422638e-03
-4.064169479534029961e-04
7.867977954447269440e-03
-1.049476955085992813e-02
-1.938905008137226105e-02
-1.098194904625415802e-02
-1.013519149273633957e-02
-1.609213650226593018e-02
-8.182766847312450409e-03
-1.289669540710747242e-03
6.337780505418777466e-03
6.703657098114490509e-03
-1.447685644961893559e-03
3.526185173541307449e-03
7.072960957884788513e-03
2.991126151755452156e-03
7.948176003992557526e-03
1.630011014640331268e-02
3.006721846759319305e-03
1.875855145044624805e-03
6.864192895591259003e-03
4.143723286688327789e-03
2.119993558153510094e-03
8.432952687144279480e-03
1.232597511261701584e-02
8.916188031435012817e-03
1.349118351936340332e-02
4.329555854201316833e-02
3.634102270007133484e-02
4.126438125967979431e-02
3.417819365859031677e-02
2.091088518500328064e-02
3.590993955731391907e-02
1.284405961632728577e-02
7.807475514709949493e-03
1.622186601161956787e-02
-7.765869610011577606e-03
-1.091568823903799057e-02
-9.504889138042926788e-03
-5.640137474983930588e-03
-6.955485325306653976e-03
-3.383927512913942337e-03
-3.757729660719633102e-03
-3.325413214042782784e-03
-2.809202298521995544e-03
-1.011332869529724121e-02
-1.181799918413162231e-02
-1.436522416770458221e-02
-2.131882822141051292e-03
-1.027873484417796135e-03
-3.693732665851712227e-03
-2.027648035436868668e-03
-6.962985731661319733e-03
-9.163938462734222412e-03
5.587425082921981812e-03
7.211247459053993225e-03
6.298753898590803146e-03
6.402440834790468216e-03
5.399832502007484436e-03
9.976267814636230469e-03
4.757918417453765869e-03
5.508830770850181580e-03
1.131651084870100021e-02
-4.808980971574783325e-02
-2.993807382881641388e-02
-3.811571747064590454e-02
-2.867992036044597626e-02
-1.052074600011110306e-02
-1.535413227975368500e-02
-2.960659749805927277e-02
-7.501330226659774780e-03
-1.123500429093837738e-02
1.130097452551126480e-02
7.600897457450628281e-03
1.084689050912857056e-02
1.110155507922172546e-02
6.668646354228258133e-03
1.192237157374620438e-02
2.481066249310970306e-02
1.707990281283855438e-02
2.587291784584522247e-02
7.605287246406078339e-03
8.924447000026702881e-03
1.966251246631145477e-02
4.556072410196065903e-03
3.842682577669620514e-03
1.248470880091190338e-02
5.352189298719167709e-03
5.174307618290185928e-03
1.299012731760740280e-02
-1.020941697061061859e-02
-6.943974178284406662e-03
-4.120106808841228485e-03
-1.369554549455642700e-02
-9.211548604071140289e-03
-9.547675028443336487e-03
-1.625939086079597473e-02
-1.257490646094083786e-02
-1.324384473264217377e-02
-8.270643651485443115e-03
-2.752986038103699684e-03
-5.326813086867332458e-03
-7.938846945762634277e-03
-2.190256025642156601e-03
-6.353681441396474838e-03
-1.422963943332433701e-02
-7.274466101080179214e-03
-1.262720115482807159e-02
-9.817510843276977539e-03
-2.311786636710166931e-02
-1.382027938961982727e-02
-7.524379063397645950e-03
-1.924007013440132141e-02
-1.595590449869632721e-02
2.317922917427495122e-04
-1.191939134150743484e-02
-1.107271946966648102e-02
-1.186100021004676819e-02
-2.464423188939690590e-03
-7.736122701317071915e-03
-1.608285680413246155e-02
-4.318685736507177353e-03
-1.173535268753767014e-02
-1.796105690300464630e-02
-9.530358016490936279e-03
-1.602586358785629272e-02
1.436674967408180237e-02
6.442628800868988037e-03
5.373214371502399445e-03
1.181449089199304581e-02
4.791969433426856995e-03
4.210166167467832565e-03
2.040365245193243027e-03
-1.681039575487375259e-03
-3.272060770541429520e-03
1.679024845361709595e-02
1.122969575226306915e-02
1.035839412361383438e-02
1.025819685310125351e-02
5.002912366762757301e-04
-2.777065848931670189e-03
1.863733120262622833e-02
1.354190241545438766e-02
6.364693865180015564e-03
-1.197685487568378448e-02
-5.738867912441492081e-03
-1.354195643216371536e-02
-9.965936653316020966e-03
-6.845918018370866776e-03
-1.134812459349632263e-02
-7.922234013676643372e-03
-6.118280813097953796e-03
-7.623588666319847107e-03
-3.636112436652183533e-03
-3.974130842834711075e-03
-2.960334066301584244e-03
-7.794638164341449738e-03
-5.619681905955076218e-03
-6.636911537498235703e-03
-1.568538136780261993e-02
-1.178962551057338715e-02
-1.140464190393686295e-02
1.107242191210389137e-03
-2.177555870730429888e-04
-7.257169112563133240e-03
2.582703484222292900e-03
-1.388534321449697018e-03
-6.317943334579467773e-03
-5.378635250963270664e-04
-6.010423414409160614e-03
-1.127734407782554626e-02
-9.674306958913803101e-03
1.541296020150184631e-03
-8.004347793757915497e-03
5.405837669968605042e-03
1.112886425107717514e-02
1.004608580842614174e-03
6.711120717227458954e-03
1.119393017143011093e-02
2.179559553042054176e-03
-2.606299938634037971e-03
-4.108222201466560364e-03
-6.822605151683092117e-03
-1.024878234602510929e-03
-6.072441465221345425e-04
1.724135247059166431e-03
-1.708081108517944813e-03
1.477536628954112530e-03
4.401384852826595306e-03
-1.986337592825293541e-03
-1.316380035132169724e-02
-2.912041498348116875e-03
1.510367961600422859e-03
-8.759051561355590820e-03
4.294171463698148727e-03
6.896051578223705292e-03
-6.786168087273836136e-04
9.451802819967269897e-03
-3.727217437699437141e-03
-4.043559543788433075e-03
-7.534578908234834671e-03
1.716426340863108635e-03
-1.004881574772298336e-03
-3.587945830076932907e-03
-2.046964596956968307e-03
-4.101737868040800095e-03
-8.053602650761604309e-03
-5.296346731483936310e-03
-5.802084691822528839e-03
-1.558713149279356003e-02
1.462858519516885281e-03
3.708481090143322945e-04
-9.653436020016670227e-03
3.409584751352667809e-03
3.005549777299165726e-03
-1.287634018808603287e-02
-5.522933788597583771e-03
-2.419210737571120262e-03
-6.014837883412837982e-03
-8.863017428666353226e-04
1.934007275849580765e-03
-2.817167900502681732e-03
7.877170573920011520e-04
3.449796698987483978e-03
-1.953273080289363861e-03
-8.864120580255985260e-03
-4.251181613653898239e-03
-2.739829244092106819e-03
-8.064672350883483887e-03
-4.368797875940799713e-03
-2.609580289572477341e-03
-1.159786060452461243e-02
-7.988966070115566254e-03
-7.522708736360073090e-03
-1.172540336847305298e-02
-1.066531520336866379e-02
-2.021427266299724579e-02
-4.652149975299835205e-03
-1.785374130122363567e-03
-8.064421825110912323e-03
-9.206580929458141327e-03
-6.441920064389705658e-03
-1.028296072036027908e-02
-9.945107623934745789e-03
-3.673989558592438698e-03
-1.276966091245412827e-02
-4.243481904268264771e-03
1.056087086908519268e-03
-7.561955600976943970e-03
-1.104661822319030762e-02
-5.536890588700771332e-03
-1.061669550836086273e-02
-1.859669946134090424e-02
-8.465432561933994293e-03
-1.264715660363435745e-02
-1.799845509231090546e-02
-7.388678845018148422e-03
-1.632073707878589630e-02
-1.998132094740867615e-02
-8.062012493610382080e-03
-2.253054082393646240e-02
-2.952866489067673683e-03
2.857334213331341743e-03
1.084841554984450340e-03
-4.710108973085880280e-03
1.568144420161843300e-03
-6.043556495569646358e-04
-7.177872583270072937e-03
-4.014811944216489792e-03
-1.000036671757698059e-02
7.669018232263624668e-04
1.017499947920441628e-03
8.446834981441497803e-04
-2.386582316830754280e-03
2.595609286800026894e-03
2.663855440914630890e-03
-1.348300836980342865e-02
-9.665452875196933746e-03
-1.001859363168478012e-02
9.941930882632732391e-03
-8.457606658339500427e-03
1.072070468217134476e-02
7.588941603899002075e-03
-1.021552924066781998e-02
9.060671553015708923e-03
3.621533140540122986e-02
1.960434764623641968e-02
4.144668579101562500e-02
5.586541723459959030e-03
3.371116705238819122e-03
6.818348076194524765e-03
7.404751377180218697e-04
2.881161868572235107e-03
6.928280461579561234e-03
-2.889814320951700211e-03
1.794019131921231747e-03
3.214493161067366600e-03
6.775965448468923569e-03
1.395755819976329803e-02
1.635157689452171326e-02
8.410989306867122650e-03
1.382512692362070084e-02
1.663140021264553070e-02
2.758097136393189430e-03
1.228117756545543671e-02
1.658938638865947723e-02
-4.037985578179359436e-03
-2.987371408380568027e-04
-2.455740468576550484e-04
-3.633277025073766708e-03
-1.678587286733090878e-03
-2.496337750926613808e-03
-5.158928222954273224e-03
-3.091401420533657074e-03
-6.804162170737981796e-03
-5.752936936914920807e-03
-3.503787796944379807e-03
-6.989382207393646240e-03
-5.133435130119323730e-03
-2.931620460003614426e-03
-6.162672769278287888e-03
-9.839686565101146698e-03
-5.951216910034418106e-03
-9.203830733895301819e-03
3.659971430897712708e-02
3.247620910406112671e-02
5.029295012354850769e-02
2.910064719617366791e-02
2.443304099142551422e-02
4.125218465924263000e-02
3.468856215476989746e-02
3.219550475478172302e-02
5.011962726712226868e-02
-7.401436101645231247e-03
-1.492071431130170822e-03
-8.406270295381546021e-03
-2.639608690515160561e-03
3.535840194672346115e-03
-6.790641346015036106e-04
2.765034441836178303e-04
7.961104623973369598e-03
3.647612640634179115e-03
5.576118826866149902e-02
2.777787856757640839e-02
5.291041731834411621e-02
2.873706072568893433e-02
6.247281999094411731e-05
2.948703989386558533e-02
6.291394680738449097e-02
3.976627811789512634e-02
7.324159890413284302e-02
1.520999521017074585e-02
8.478804491460323334e-03
1.104578655213117599e-02
6.742235738784074783e-03
1.761490013450384140e-03
3.128503914922475815e-03
1.154823414981365204e-02
3.893285291269421577e-03
8.379237726330757141e-03
-2.128267660737037659e-02
-1.333535183221101761e-02
-1.795899122953414917e-02
-1.584613882005214691e-02
-9.863851591944694519e-03
-1.040758844465017319e-02
-1.407583802938461304e-02
-9.349003434181213379e-03
-1.174720749258995056e-02
6.196342874318361282e-03
9.691655635833740234e-03
1.380605436861515045e-02
8.205951191484928131e-03
5.869432818144559860e-03
1.000816747546195984e-02
7.313956040889024734e-03
6.548136938363313675e-03
1.739531196653842926e-02
-2.269574627280235291e-02
-7.348429411649703979e-03
-1.493390928953886032e-02
-1.023955829441547394e-02
4.344490822404623032e-03
-1.587728038430213928e-03
-1.642237603664398193e-02
-4.202840384095907211e-03
-8.475607261061668396e-03
1.490724924951791763e-02
1.956295222043991089e-03
-1.690674573183059692e-03
1.675314083695411682e-02
3.111951984465122223e-03
9.035691618919372559e-04
2.098310366272926331e-02
6.412126589566469193e-03
5.243256222456693649e-03
1.069244742393493652e-02
3.970573190599679947e-03
5.480919964611530304e-03
5.255698692053556442e-03
-1.212104805745184422e-03
2.506003016605973244e-03
7.721763104200363159e-03
5.684008356183767319e-04
7.299572695046663284e-03
-1.216336060315370560e-02
-6.825536955147981644e-03
-1.479678042232990265e-02
-8.081075735390186310e-03
-1.992533449083566666e-03
-7.923467084765434265e-03
-1.147626433521509171e-02
-4.476853646337985992e-03
-7.909178733825683594e-03
-1.568558439612388611e-02
-1.518844161182641983e-02
-2.025575935840606689e-02
-5.157335195690393448e-03
-9.255150333046913147e-03
-1.279839593917131424e-02
-1.595563488081097603e-03
-2.718904288485646248e-03
-7.748516742140054703e-03
-1.094369869679212570e-02
-1.027167402207851410e-02
-1.127969194203615189e-02
-1.116291061043739319e-02
-1.215341314673423767e-02
-1.404876913875341415e-02
-4.070454742759466171e-03
-6.863381713628768921e-03
-5.722621455788612366e-03
-4.941938910633325577e-03
-1.500138168921694160e-04
-4.337508697062730789e-03
-8.321964181959629059e-03
9.021496516652405262e-04
-2.098822500556707382e-03
-7.553882431238889694e-03
-1.138429157435894012e-03
-2.073015552014112473e-03
-1.580297015607357025e-02
-8.622919209301471710e-03
-1.029559504240751266e-02
-1.793627068400382996e-02
-1.219045463949441910e-02
-1.456746179610490799e-02
-2.357430197298526764e-02
-1.912334188818931580e-02
-1.988177746534347534e-02
8.860027417540550232e-03
6.732593290507793427e-03
1.063963212072849274e-02
8.956870995461940765e-03
1.717140665277838707e-03
7.624995429068803787e-03
8.098400197923183441e-03
-3.272477071732282639e-03
5.877632647752761841e-03
-2.713059075176715851e-02
-1.864449493587017059e-02
-3.022521175444126129e-02
-1.841982267796993256e-02
-1.308094710111618042e-02
-2.356825023889541626e-02
-2.352447994053363800e-02
-1.549376267939805984e-02
-2.498438395559787750e-02
3.094190731644630432e-03
4.276896361261606216e-03
3.345130011439323425e-03
8.787963539361953735e-03
1.005193684250116348e-02
1.146889757364988327e-02
1.888576708734035492e-02
2.029431425034999847e-02
2.220187522470951080e-02
-7.387791760265827179e-03
-8.378794416785240173e-03
-9.554105810821056366e-03
-2.339615486562252045e-03
-4.423859529197216034e-03
-5.167963914573192596e-03
3.719735657796263695e-03
-2.777146873995661736e-03
-4.855442792177200317e-03
-1.136803999543190002e-02
-5.608317907899618149e-03
-1.151568908244371414e-02
-6.654730066657066345e-03
-3.667126875370740891e-03
-8.036497980356216431e-03
-4.846983356401324272e-04
-1.009842962957918644e-04
-2.106369007378816605e-03
3.136439993977546692e-02
1.943331956863403320e-02
3.266172856092453003e-02
1.445326022803783417e-02
5.129217635840177536e-03
2.077494002878665924e-02
2.234270051121711731e-02
1.117113046348094940e-02
2.835985645651817322e-02
-1.138194277882575989e-02
-6.628440693020820618e-03
-1.166554167866706848e-02
2.443152479827404022e-03
6.872012745589017868e-03
5.911453161388635635e-03
7.172363810241222382e-03
7.700995542109012604e-03
9.210248477756977081e-03
1.655004173517227173e-02
1.487687975168228149e-02
3.386898338794708252e-02
1.918630301952362061e-02
6.221567280590534210e-03
2.626129984855651855e-02
3.127643838524818420e-02
2.086512371897697449e-02
4.356149584054946899e-02
4.542485624551773071e-02
2.580247446894645691e-02
3.114261478185653687e-02
2.946362085640430450e-02
8.547400124371051788e-03
1.778562366962432861e-02
3.695993870496749878e-02
1.489490177482366562e-02
1.722310855984687805e-02
-1.274921931326389313e-02
-6.217000074684619904e-03
-1.061710622161626816e-02
-1.029207929968833923e-02
-6.574879866093397141e-03
-1.152469590306282043e-02
-8.968450129032135010e-03
-6.864442955702543259e-03
-1.032712217420339584e-02
-1.031130272895097733e-02
-1.100035663694143295e-02
-1.568573527038097382e-02
-4.352422896772623062e-03
-4.953545983880758286e-03
-9.364714846014976501e-03
-7.520750630646944046e-03
-1.232890691608190536e-02
-1.935927756130695343e-02
-2.392891794443130493e-02
-1.881708391010761261e-02
-2.249366603791713715e-02
-2.749592624604701996e-02
-2.193728461861610413e-02
-2.379191108047962189e-02
-2.980920672416687012e-02
-2.571723610162734985e-02
-2.604109421372413635e-02
-9.974387474358081818e-03
-3.498291829600930214e-03
-1.649746671319007874e-02
-4.682176746428012848e-03
-4.514819593168795109e-04
-1.124825607985258102e-02
-2.012448851019144058e-03
-1.340134349447907880e-05
-8.367019705474376678e-03
-6.159854587167501450e-03
4.412437789142131805e-03
2.199210459366440773e-03
-7.301675155758857727e-03
7.207383750937879086e-04
-7.115793414413928986e-04
-9.395075961947441101e-03
-4.120095632970333099e-03
-6.988892797380685806e-03
-2.046849840553477407e-04
-7.341862656176090240e-03
1.053335890173912048e-02
-1.512255892157554626e-02
-2.943830937147140503e-02
-6.262823939323425293e-03
-5.105575473862700164e-05
-1.129768509417772293e-02
6.830050144344568253e-03
1.560602895915508270e-02
1.216779556125402451e-02
8.584160357713699341e-03
7.834833115339279175e-03
2.449166262522339821e-03
1.677341177128255367e-03
8.540532551705837250e-03
4.525105934590101242e-03
-2.594447927549481392e-03
-1.457556802779436111e-02
-4.891757853329181671e-03
-1.188390608876943588e-02
-1.308476272970438004e-02
-6.795560475438833237e-03
-1.368136424571275711e-02
-1.528766658157110214e-02
-1.457189116626977921e-02
-1.705072447657585144e-02
1.484666485339403152e-02
9.634179994463920593e-03
1.194094587117433548e-02
8.876324631273746490e-03
2.653860254213213921e-03
7.213126868009567261e-03
1.799527741968631744e-02
1.021270267665386200e-02
1.736547611653804779e-02
-2.071408182382583618e-02
-7.341539487242698669e-03
-4.389927722513675690e-03
-1.696895807981491089e-02
-8.330931887030601501e-03
-8.703672327101230621e-03
-2.216697856783866882e-02
-1.087209209799766541e-02
-1.454992499202489853e-02
-1.407429855316877365e-02
-1.742625050246715546e-02
-1.878325454890727997e-02
-1.602350920438766479e-02
-1.648588851094245911e-02
-2.790266089141368866e-02
-2.113693021237850189e-02
-2.268617413938045502e-02
-3.427627682685852051e-02
-2.439024299383163452e-02
-1.681398972868919373e-02
-2.828243188560009003e-02
-1.231258455663919449e-02
-6.147560197860002518e-03
-1.720795221626758575e-02
-1.296582538634538651e-02
-1.025210507214069366e-02
-1.746912673115730286e-02
-1.711585186421871185e-02
-1.026612985879182816e-02
-1.568424701690673828e-02
-7.801957894116640091e-03
-3.382475348189473152e-03
-5.478980019688606262e-03
-7.283684797585010529e-03
-2.855398692190647125e-03
-6.893518730066716671e-04
6.082287989556789398e-03
9.851760696619749069e-04
1.048461906611919403e-02
1.214908435940742493e-02
-1.078358385711908340e-03
8.751764893531799316e-03
2.737413533031940460e-02
1.225264463573694229e-02
2.219564467668533325e-02
-1.378575526177883148e-02
-1.300812512636184692e-02
-1.075688563287258148e-02
-8.428345434367656708e-03
-9.270357899367809296e-03
-8.974310010671615601e-03
-4.873614292591810226e-03
-7.073660846799612045e-03
-6.758681964129209518e-03
-6.335979327559471130e-03
-1.642725989222526550e-02
-1.525528822094202042e-02
-8.545495569705963135e-03
-2.059192582964897156e-02
-1.658300869166851044e-02
-3.191158641129732132e-03
-1.379443611949682236e-02
-1.141304336488246918e-02
7.911511696875095367e-03
1.256299205124378204e-02
1.893625035881996155e-02
3.016785951331257820e-03
3.209131071344017982e-03
9.605081751942634583e-03
1.206372026354074478e-02
8.805724792182445526e-03
1.854821667075157166e-02
2.233888721093535423e-03
-8.574252016842365265e-03
6.998993922024965286e-03
-1.796941156499087811e-03
-1.466337498277425766e-02
1.307656872086226940e-03
2.422416117042303085e-03
-8.106921799480915070e-03
3.799416590481996536e-03
-2.064888179302215576e-02
-1.289103552699089050e-02
-1.841835305094718933e-02
-1.887227594852447510e-02
-1.594793424010276794e-02
-2.051560208201408386e-02
-2.180775441229343414e-02
-1.724566705524921417e-02
-2.110237441956996918e-02
-8.766815997660160065e-03
-4.893819801509380341e-03
-2.016396960243582726e-03
-7.958631031215190887e-03
-5.633241031318902969e-03
-4.215759225189685822e-03
-4.328529816120862961e-03
-6.991735193878412247e-03
-1.073743216693401337e-02
-2.048510313034057617e-02
-2.530882135033607483e-02
-4.209124948829412460e-03
-2.047728933393955231e-02
-2.912819012999534607e-02
-1.056624855846166611e-02
-2.021684683859348297e-02
-2.736693061888217926e-02
-1.281169150024652481e-02
2.302939444780349731e-02
1.254439633339643478e-02
1.622568443417549133e-02
8.478680625557899475e-03
6.189676350913941860e-04
8.194664493203163147e-03
1.302742864936590195e-02
6.066950038075447083e-03
1.269093807786703110e-02
5.578367505222558975e-03
6.403626408427953720e-03
1.126895565539598465e-02
2.330656163394451141e-03
4.680513404309749603e-03
5.840041209012269974e-03
-1.921074930578470230e-03
-3.296928771305829287e-04
-1.666860189288854599e-03
-1.616883277893066406e-02
-2.001497894525527954e-02
-2.691750042140483856e-02
-1.019377354532480240e-02
-1.289969496428966522e-02
-1.341221481561660767e-02
-1.172610744833946228e-02
-1.161711476743221283e-02
-1.092138513922691345e-02
-1.150019187480211258e-02
-1.143897976726293564e-02
-1.266070920974016190e-02
-2.348236739635467529e-03
1.142527093179523945e-03
-1.205754699185490608e-03
-1.345347845926880836e-03
6.723742117173969746e-04
1.430406700819730759e-03
-2.386288531124591827e-02
-1.482976041734218597e-02
-2.082678116858005524e-02
-2.099506370723247528e-02
-1.194592844694852829e-02
-1.920080371201038361e-02
-2.347307093441486359e-02
-1.639905944466590881e-02
-2.136943303048610687e-02
-3.793678712099790573e-03
-7.001014426350593567e-03
1.825100742280483246e-03
-1.033857744187116623e-02
-1.704319752752780914e-02
-9.061967954039573669e-03
-7.290035020560026169e-03
-1.122996397316455841e-02
-5.033421330153942108e-03
-1.300054229795932770e-02
-4.687666893005371094e-03
-1.147197466343641281e-02
-6.484444253146648407e-03
2.232829574495553970e-03
-4.325370769947767258e-03
-1.351140532642602921e-02
-3.812264883890748024e-03
-1.159015577286481857e-02
2.508523408323526382e-03
6.604188587516546249e-03
5.388817284256219864e-03
3.374800086021423340e-03
3.507801564410328865e-03
6.384931970387697220e-03
6.952136289328336716e-03
7.454082369804382324e-03
1.439739204943180084e-02
3.427039831876754761e-02
2.357467636466026306e-02
3.422708809375762939e-02
2.275725826621055603e-02
6.788813043385744095e-03
1.770287379622459412e-02
3.784312680363655090e-02
1.920511014759540558e-02
2.744410745799541473e-02
2.648580819368362427e-02
2.307916618883609772e-02
4.076956585049629211e-02
1.705344207584857941e-02
1.189532596617937088e-02
2.924075163900852203e-02
2.306742779910564423e-02
1.587544009089469910e-02
3.757658600807189941e-02
2.120411396026611328e-02
2.541276812553405762e-02
3.199229761958122253e-02
1.407430320978164673e-02
1.295838225632905960e-02
1.855817250907421112e-02
8.737474679946899414e-03
8.840371854603290558e-03
1.154404506087303162e-02
-1.049525663256645203e-02
-7.357382215559482574e-03
-1.724032126367092133e-02
-9.030373767018318176e-03
-6.555545609444379807e-03
-1.372657250612974167e-02
-1.670248247683048248e-02
-1.493137888610363007e-02
-1.928816735744476318e-02
-2.857609186321496964e-03
-7.674122229218482971e-03
-1.619571074843406677e-02
1.869706757133826613e-04
-3.894669003784656525e-03
-7.047439459711313248e-03
1.477739075198769569e-03
5.607907078228890896e-04
2.798748668283224106e-03
2.402262389659881592e-02
1.915493980050086975e-02
1.950008794665336609e-02
2.405318990349769592e-02
1.552445627748966217e-02
2.338047139346599579e-02
2.660072222352027893e-02
2.964993752539157867e-02
3.250140696763992310e-02
-2.051736041903495789e-02
-1.235217042267322540e-02
-2.397376485168933868e-02
-2.193608693778514862e-02
-9.975349530577659607e-03
-1.839016191661357880e-02
-2.944857813417911530e-02
-1.663385704159736633e-02
-2.733364515006542206e-02
-5.773182492703199387e-03
7.693022052990272641e-05
-3.246848937124013901e-03
-6.245296448469161987e-03
-2.465072553604841232e-03
-4.487084224820137024e-03
-1.063027419149875641e-02
-5.438790656626224518e-03
-9.643713943660259247e-03
-8.325154893100261688e-03
1.338237780146300793e-03
-8.048019371926784515e-03
-1.222817692905664444e-02
-6.455607712268829346e-03
-1.279161777347326279e-02
-1.182466279715299606e-02
-9.703098796308040619e-03
-9.461558423936367035e-03
-3.679481148719787598e-02
-1.770814508199691772e-02
-2.847197465598583221e-02
-3.071960061788558960e-02
-1.392812933772802353e-02
-1.658543758094310760e-02
-2.860661037266254425e-02
-1.306326594203710556e-02
-1.050814986228942871e-02
-8.564553223550319672e-03
-7.052036933600902557e-03
-1.230776030570268631e-02
-3.363598836585879326e-03
-5.465083289891481400e-03
-1.195192243903875351e-02
-5.242481362074613571e-03
-6.179460790008306503e-03
-1.145581621676683426e-02
1.722819171845912933e-02
8.815498091280460358e-03
1.013506948947906494e-02
1.103833131492137909e-02
2.326227258890867233e-03
4.979939665645360947e-03
2.252260968089103699e-02
1.353608816862106323e-02
1.808826811611652374e-02
7.076162379235029221e-03
3.580297110602259636e-03
4.886817652732133865e-03
9.272566065192222595e-03
3.224624088034033775e-03
5.443516653031110764e-03
1.323323603719472885e-02
4.379414953291416168e-03
5.464737769216299057e-03
8.562952280044555664e-03
8.249387145042419434e-03
1.309766061604022980e-02
2.013394143432378769e-03
-4.152555484324693680e-03
5.121546797454357147e-03
-1.898472313769161701e-03
-7.956617511808872223e-03
2.155858092010021210e-03
-4.771296400576829910e-03
-5.283948034048080444e-03
-9.867236018180847168e-03
-1.353905419819056988e-03
-5.483291577547788620e-03
-7.490442600101232529e-03
-4.878514446318149567e-03
-6.352214142680168152e-03
-8.864538744091987610e-03
2.579571155365556479e-04
9.213486337102949619e-04
1.824725070036947727e-03
-1.578662195242941380e-04
5.260249017737805843e-04
1.888341037556529045e-03
6.848655641078948975e-03
5.502728745341300964e-03
7.543604355305433273e-03
-4.184166900813579559e-03
-3.482355736196041107e-03
-4.675348289310932159e-03
1.696159888524562120e-04
-6.661009392701089382e-04
-1.192593015730381012e-03
-3.363546915352344513e-03
-3.366571152582764626e-03
-3.989988006651401520e-03
-2.064482541754841805e-03
-6.321151740849018097e-04
-2.486530691385269165e-03
-6.159361917525529861e-03
-5.783891305327415466e-03
-7.624938152730464935e-03
-1.752555556595325470e-02
-1.385780703276395798e-02
-1.491580996662378311e-02
-4.764120094478130341e-03
-4.593519028276205063e-03
-2.612178679555654526e-03
-3.815237199887633324e-03
-7.714182138442993164e-03
-2.535856328904628754e-03
6.323142908513545990e-03
6.598590989597141743e-04
6.137266755104064941e-03
3.721547080203890800e-03
1.613333239220082760e-03
5.216307006776332855e-03
4.594875645125284791e-05
-1.116017694585025311e-03
8.374734898097813129e-04
5.260273348540067673e-03
6.560545880347490311e-03
6.404132582247257233e-03
2.426125854253768921e-02
1.015886291861534119e-02
3.160218149423599243e-02
1.887349411845207214e-02
3.484686138108372688e-03
2.222564071416854858e-02
4.215705394744873047e-02
2.694706432521343231e-02
4.700940847396850586e-02
-2.847079932689666748e-02
-1.250982563942670822e-02
-3.447403758764266968e-02
-1.848268508911132812e-02
-3.698439570143818855e-03
-1.969426870346069336e-02
-2.790025994181632996e-02
-1.265605166554450989e-02
-3.140722587704658508e-02
6.313384044915437698e-03
8.131957612931728363e-03
1.878743804991245270e-02
3.687981516122817993e-03
5.155289079993963242e-03
1.460299827158451080e-02
1.227703131735324860e-02
1.288935821503400803e-02
2.072573825716972351e-02
-6.892470177263021469e-03
-4.325599409639835358e-03
-6.419800920411944389e-04
-8.337960578501224518e-03
-5.908262450248003006e-03
-6.222081370651721954e-03
-1.379580795764923096e-02
-9.579559788107872009e-03
-1.282222103327512741e-02
9.089225903153419495e-03
1.004055421799421310e-02
5.002205260097980499e-03
9.240663610398769379e-03
1.216075569391250610e-02
9.464311413466930389e-03
1.257778797298669815e-02
1.847168803215026855e-02
1.860962063074111938e-02
-5.349636543542146683e-03
-5.464216694235801697e-03
8.540480048395693302e-04
-2.933392301201820374e-03
-3.657363122329115868e-03
2.523274393752217293e-03
-4.486798308789730072e-03
-3.518695477396249771e-03
-4.770460654981434345e-04
1.261420547962188721e-02
1.219389680773019791e-02
1.558328606188297272e-02
4.970213863998651505e-03
-7.033996516838669777e-04
3.952728118747472763e-03
9.352683089673519135e-03
3.152183722704648972e-03
4.332125186920166016e-03
8.172423578798770905e-03
1.013420894742012024e-02
2.229092409834265709e-03
1.694082748144865036e-03
5.217426456511020660e-03
2.537461230531334877e-03
-2.655546646565198898e-03
5.686428048647940159e-04
-3.451321972534060478e-03
-1.621253602206707001e-02
-1.414848119020462036e-02
-1.525737810879945755e-02
-9.995720349252223969e-03
-9.683055803179740906e-03
-9.767210111021995544e-03
-1.510791387408971786e-02
-1.280375290662050247e-02
-1.305019762367010117e-02
6.109451409429311752e-03
4.685977939516305923e-03
2.406662795692682266e-03
1.402635360136628151e-03
-5.271395668387413025e-03
-7.505467161536216736e-03
5.310784094035625458e-03
8.009287412278354168e-04
-2.093087183311581612e-03
8.938556537032127380e-03
6.995663512498140335e-03
7.274966686964035034e-03
6.664631422609090805e-03
6.189140491187572479e-03
3.177590901032090187e-03
-6.959186284802854061e-04
-2.717014576774090528e-04
-6.021231412887573242e-03
-2.609306015074253082e-02
-1.668743230402469635e-02
-2.252955362200737000e-02
-1.896764710545539856e-02
-9.404752403497695923e-03
-1.212395820766687393e-02
-1.791643723845481873e-02
-6.086079869419336319e-03
-8.876292034983634949e-03
-1.666462421417236328e-02
-8.068715222179889679e-03
-1.458315365016460419e-02
-9.367868304252624512e-03
-2.031527692452073097e-03
-3.733864286914467812e-03
-1.223863754421472549e-02
-2.896592952311038971e-03
-1.742299180477857590e-03
-2.559871040284633636e-02
-1.066274009644985199e-02
-1.692651957273483276e-02
-1.868764497339725494e-02
-2.366900444030761719e-03
-7.876339368522167206e-03
-3.041428886353969574e-02
-1.688456907868385315e-02
-2.474379166960716248e-02
4.241302143782377243e-03
2.691750647500157356e-03
-1.381710753776133060e-03
-2.247094875201582909e-03
-2.889924682676792145e-03
-2.594702644273638725e-03
1.835028087953105569e-04
1.709638745523989201e-03
2.672711852937936783e-03
-1.401785761117935181e-02
-9.381238371133804321e-03
-1.783644594252109528e-02
-9.273589588701725006e-03
-4.775457084178924561e-03
-1.329562813043594360e-02
-1.588977314531803131e-02
-1.083395257592201233e-02
-2.129162475466728210e-02
9.599588811397552490e-03
6.082206964492797852e-03
1.033542491495609283e-02
6.099284626543521881e-03
2.165099140256643295e-03
6.325213704258203506e-03
4.574347753077745438e-03
6.991353002376854420e-04
1.899650902487337589e-03
6.528390105813741684e-03
2.666860818862915039e-03
3.492146730422973633e-03
8.072038181126117706e-03
4.944864194840192795e-03
7.148257456719875336e-03
7.896211929619312286e-03
4.892319440841674805e-03
5.830237641930580139e-03
-4.930705763399600983e-03
-1.464577158913016319e-03
1.934025436639785767e-03
-2.894105855375528336e-04
7.198539678938686848e-04
4.321140702813863754e-03
-4.281938541680574417e-03
-2.479328075423836708e-03
4.971140529960393906e-03
-2.366028027608990669e-03
4.486007092054933310e-04
-1.327060861513018608e-03
-6.253963336348533630e-03
-3.307984734419733286e-04
-6.729775574058294296e-03
-2.070509828627109528e-02
-1.228212006390094757e-02
-2.146146073937416077e-02
-3.558797761797904968e-03
-5.750024225562810898e-03
5.469345021992921829e-03
-1.896866597235202789e-02
-2.575104497373104095e-02
-1.485702302306890488e-02
-1.298625208437442780e-02
-1.845262199640274048e-02
-6.693100556731224060e-03
9.768814779818058014e-03
6.974034477025270462e-03
9.508877061307430267e-03
8.807072415947914124e-03
5.360099952667951584e-03
1.177669130265712738e-02
1.770569942891597748e-02
1.764604449272155762e-02
2.678800001740455627e-02
2.265091519802808762e-03
1.189951668493449688e-03
6.649300456047058105e-03
2.410269342362880707e-03
1.422794768586754799e-03
5.508076399564743042e-03
4.626584704965353012e-03
2.725745085626840591e-03
4.374235868453979492e-03
4.273688793182373047e-02
3.342177718877792358e-02
4.240838438272476196e-02
3.379525244235992432e-02
1.727322675287723541e-02
3.958129510283470154e-02
2.473358809947967529e-02
1.311493571847677231e-02
3.113732486963272095e-02
-7.486092858016490936e-03
-3.850460285320878029e-03
-5.047577898949384689e-03
-6.148288492113351822e-03
-2.867553848773241043e-03
-4.336529411375522614e-03
-1.141773723065853119e-02
-8.065562695264816284e-03
-1.305447239428758621e-02
4.044415545649826527e-04
2.589902374893426895e-03
2.731135347858071327e-03
9.052694775164127350e-03
7.237226236611604691e-03
9.045699611306190491e-03
6.413274444639682770e-03
3.633771091699600220e-03
-1.239452831214293838e-04
-7.774039171636104584e-03
-3.210846101865172386e-03
-6.713062059134244919e-03
-4.169703926891088486e-03
-1.015576883219182491e-03
-3.113430284429341555e-04
-1.127611147239804268e-03
-3.774899232666939497e-04
7.844787905924022198e-04
-3.220531716942787170e-02
-1.542482245713472366e-02
-1.896047778427600861e-02
-2.463009953498840332e-02
-8.330375887453556061e-03
-9.238783270120620728e-03
-2.302831970155239105e-02
-5.495347082614898682e-03
-5.698621273040771484e-03
1.097475085407495499e-02
7.788067683577537537e-03
1.578098349273204803e-02
8.377914316952228546e-03
6.470614578574895859e-03
1.716063171625137329e-02
2.193113602697849274e-02
1.836017332971096039e-02
2.640026994049549103e-02
7.044553058221936226e-05
2.309596166014671326e-04
5.958147346973419189e-03
1.790264504961669445e-03
4.867293464485555887e-04
4.288208205252885818e-03
5.560400430113077164e-03
3.999231848865747452e-03
8.160868659615516663e-03
-7.489542476832866669e-03
-8.583406917750835419e-03
-9.247348643839359283e-03
-1.247409451752901077e-02
-1.044502016156911850e-02
-1.039569266140460968e-02
-1.646057516336441040e-02
-1.364970300346612930e-02
-1.432092767208814621e-02
-6.966859218664467335e-04
3.701603505760431290e-03
6.960515864193439484e-03
2.432166133075952530e-03
5.166230257600545883e-03
8.384605869650840759e-03
-4.323628731071949005e-03
3.461403539404273033e-04
4.094074945896863937e-03
-1.077497471123933792e-02
-1.200084574520587921e-02
-1.019039563834667206e-02
-5.354572553187608719e-03
-6.112907081842422485e-03
-6.723662838339805603e-03
-7.621937547810375690e-04
-3.264828585088253021e-03
-5.359571892768144608e-03
-1.577788218855857849e-02
-6.260802503675222397e-03
-7.764950860291719437e-03
-1.720034144818782806e-02
-5.940895061939954758e-03
-9.511093609035015106e-03
-2.335279621183872223e-02
-1.543500181287527084e-02
-2.147841639816761017e-02
4.378890618681907654e-03
1.865726197138428688e-03
2.418101066723465919e-04
4.917928948998451233e-03
9.613435831852257252e-04
1.115068080252967775e-04
9.505723137408494949e-04
-1.420157961547374725e-03
-3.047602949663996696e-03
2.234332077205181122e-02
1.459864526987075806e-02
1.131968665868043900e-02
1.586552523076534271e-02
6.368831731379032135e-03
2.270118100568652153e-03
2.075035683810710907e-02
1.796804368495941162e-02
8.996956050395965576e-03
-1.679999008774757385e-02
-1.015712600201368332e-02
-1.922973431646823883e-02
-8.475684560835361481e-03
-4.045611247420310974e-03
-1.138736121356487274e-02
-4.505805671215057373e-03
-5.018399097025394440e-03
-1.011010725051164627e-02
-6.991207599639892578e-03
-4.261393100023269653e-03
-3.042990574613213539e-03
-7.135501131415367126e-03
-1.679708249866962433e-03
-2.839233027771115303e-03
-1.472114026546478271e-02
-1.002725027501583099e-02
-1.171140000224113464e-02
-8.726586587727069855e-03
-9.699166752398014069e-03
-1.703581213951110840e-02
-2.141939476132392883e-03
-5.501957610249519348e-03
-1.222216524183750153e-02
-5.510279908776283264e-03
-9.243892505764961243e-03
-1.666891761124134064e-02
-1.140034198760986328e-02
-4.912403528578579426e-04
-1.492632646113634109e-02
-8.807198144495487213e-03
-6.834027008153498173e-04
-1.063465978950262070e-02
3.047061036340892315e-04
5.152722820639610291e-03
-2.320874715223908424e-03
4.991529931430704892e-05
-5.194667726755142212e-03
-1.140980795025825500e-02
2.182256430387496948e-03
-8.408592548221349716e-04
-1.802441664040088654e-03
3.352382685989141464e-03
1.234490075148642063e-03
2.886979142203927040e-03
-1.119285356253385544e-02
-1.436838041990995407e-02
-1.490095909684896469e-02
-7.497868500649929047e-03
-1.004769187420606613e-02
-8.870899677276611328e-03
-1.987698487937450409e-03
-5.420225672423839569e-03
-2.862913068383932114e-03
-1.944122952409088612e-03
-6.613613222725689411e-04
-2.924788976088166237e-03
-2.180818992201238871e-04
-8.081611595116555691e-04
-2.218600595369935036e-03
-2.156536560505628586e-03
-3.158343955874443054e-03
-3.095603082329034805e-03
-6.363729946315288544e-03
-6.986013613641262054e-03
-1.653570123016834259e-02
-3.925856202840805054e-03
-2.348689129576086998e-03
-9.483879432082176208e-03
-2.165816025808453560e-03
-3.151121200062334538e-04
-7.615262642502784729e-03
-5.731613375246524811e-03
-3.269142005592584610e-03
-4.592626355588436127e-03
-1.541717210784554482e-03
6.604522932320833206e-04
-1.917315763421356678e-03
6.645455141551792622e-04
3.982417751103639603e-03
-4.964293912053108215e-04
-1.171216275542974472e-02
-9.329712018370628357e-03
-9.998212568461894989e-03
-9.832206182181835175e-03
-6.996399722993373871e-03
-6.421033293008804321e-03
-9.154240600764751434e-03
-6.423186045140028000e-03
-7.023553363978862762e-03
-7.606434635818004608e-03
-1.000253390520811081e-02
-1.686856709420681000e-02
-1.665153424255549908e-03
-3.376444568857550621e-03
-8.970000781118869781e-03
-3.597156610339879990e-03
-4.373250063508749008e-03
-7.054273504763841629e-03
-1.278986409306526184e-02
-6.245833821594715118e-03
-1.714332029223442078e-02
-6.485430058091878891e-03
3.796754754148423672e-05
-8.460386656224727631e-03
-1.291732955724000931e-02
-8.249705657362937927e-03
-1.381922047585248947e-02
1.068337075412273407e-02
3.008665284141898155e-03
1.974928937852382660e-02
-1.522593433037400246e-03
-8.496969938278198242e-03
2.206075005233287811e-03
1.209512259811162949e-02
2.146679209545254707e-03
1.295999251306056976e-02
-5.212033167481422424e-03
-4.200478550046682358e-03
-8.477604947984218597e-03
-8.941706269979476929e-03
-4.818006884306669235e-03
-1.081384159624576569e-02
-1.738364435732364655e-02
-1.582640595734119415e-02
-2.282074838876724243e-02
-4.555937368422746658e-03
-2.576734870672225952e-03
-4.854202270507812500e-03
-7.318709045648574829e-03
-4.142244812101125717e-03
-7.544668391346931458e-03
-1.590551622211933136e-02
-1.465326640754938126e-02
-1.697924360632896423e-02
1.463561318814754486e-02
1.309079001657664776e-03
1.100184861570596695e-02
1.075454242527484894e-02
-1.436107442714273930e-03
7.039659656584262848e-03
2.177646383643150330e-02
1.179188583046197891e-02
1.941541023552417755e-02
8.201488293707370758e-03
4.261092748492956161e-03
8.749063126742839813e-03
2.987129148095846176e-03
3.390548285096883774e-03
8.557463996112346649e-03
3.193547017872333527e-03
5.894796457141637802e-03
6.283425260335206985e-03
1.727698743343353271e-02
1.323808170855045319e-02
1.208679564297199249e-02
1.238909736275672913e-02
8.744338527321815491e-03
8.878957480192184448e-03
9.904493577778339386e-03
1.210112776607275009e-02
1.305316854268312454e-02
4.999171011149883270e-03
2.515822649002075195e-03
7.361995987594127655e-03
1.363062881864607334e-03
-1.306219841353595257e-03
2.651673043146729469e-03
5.799851496703922749e-04
-2.008162409765645862e-04
3.374327206984162331e-03
-2.607290167361497879e-03
6.385110900737345219e-04
-6.516462890431284904e-04
-3.439131658524274826e-03
-8.842072566039860249e-04
-4.357492551207542419e-03
-1.213852968066930771e-02
-6.985726300626993179e-03
-1.270044408738613129e-02
1.620046421885490417e-02
1.412212103605270386e-02
2.101816423237323761e-02
1.701333373785018921e-02
1.135612092912197113e-02
1.879299432039260864e-02
2.148869633674621582e-02
1.677634194493293762e-02
2.674842998385429382e-02
2.294249460101127625e-02
2.099453471601009369e-02
2.656180225312709808e-02
1.036785077303647995e-02
5.080038215965032578e-03
8.907775394618511200e-03
1.280331704765558243e-02
1.183211710304021835e-02
1.424887590110301971e-02
3.199427947402000427e-02
1.615991443395614624e-02
3.610689193010330200e-02
1.639594323933124542e-02
-1.047068159095942974e-03
1.921771280467510223e-02
3.171389549970626831e-02
2.017595060169696808e-02
4.241095110774040222e-02
-2.181443851441144943e-03
-7.360736373811960220e-03
-3.504648571833968163e-03
-2.322265179827809334e-03
-3.952692262828350067e-03
-3.585052443668246269e-03
5.997184198349714279e-04
-2.664030762389302254e-04
1.965640811249613762e-03
-2.302871271967887878e-02
-1.308077853173017502e-02
-2.543374337255954742e-02
-1.509148720651865005e-02
-3.383921692147850990e-03
-1.309244148433208466e-02
-7.131435908377170563e-03
1.392993843182921410e-03
-8.091110736131668091e-03
-4.178435541689395905e-03
-2.684086328372359276e-03
-4.598283674567937851e-03
-2.866967814043164253e-03
-5.179811851121485233e-04
-2.842620480805635452e-03
-4.982660990208387375e-03
-5.287756677716970444e-03
-4.787707235664129257e-03
2.793134888634085655e-03
2.033092547208070755e-03
5.023974459618330002e-03
-1.049441751092672348e-03
4.639270249754190445e-03
9.566099382936954498e-03
-4.633547723642550409e-05
5.413837730884552002e-03
8.321546949446201324e-03
1.448881067335605621e-02
4.020435269922018051e-03
6.241640541702508926e-03
1.138775702565908432e-02
1.163724693469703197e-03
3.784217173233628273e-03
2.025574818253517151e-02
9.176138788461685181e-03
1.017072238028049469e-02
2.165680052712559700e-03
7.452487945556640625e-03
5.775413475930690765e-03
-3.687219577841460705e-04
3.341098781675100327e-03
2.485301811248064041e-03
-5.631967913359403610e-03
-3.343679709360003471e-03
-5.369057413190603256e-03
-1.477218978106975555e-02
-9.772027842700481415e-03
-2.143294177949428558e-02
-1.035742741078138351e-02
-6.079251877963542938e-03
-1.490086130797863007e-02
-1.047111488878726959e-02
-6.183449644595384598e-03
-1.123505365103483200e-02
-1.958583667874336243e-02
-2.369432151317596436e-02
-2.206495031714439392e-02
-1.467898115515708923e-02
-2.105004899203777313e-02
-1.909089088439941406e-02
-1.508114580065011978e-02
-1.984708197414875031e-02
-2.212593145668506622e-02
-4.342221654951572418e-03
-4.024048801511526108e-03
-3.538966178894042969e-03
-8.369090035557746887e-03
-7.073735818266868591e-03
-3.718634136021137238e-03
-1.344136777333915234e-03
-1.688052085228264332e-03
3.204869426554068923e-05
-1.119472179561853409e-02
-6.765547208487987518e-03
-1.315728388726711273e-02
-1.161964051425457001e-02
-2.320858184248209000e-03
-8.669003844261169434e-03
-1.016104500740766525e-02
-5.011954810470342636e-03
-9.743262082338333130e-03
7.524478714913129807e-03
4.111077170819044113e-03
5.011203233152627945e-03
3.203724743798375130e-03
-1.139119616709649563e-03
5.196391066419892013e-05
9.067909792065620422e-03
2.373326104134321213e-03
5.881760735064744949e-03
1.448321994394063950e-02
7.400725036859512329e-03
1.337382942438125610e-02
9.729263372719287872e-03
2.919930964708328247e-03
1.059633027762174606e-02
1.272299326956272125e-02
5.768497940152883530e-03
1.442712731659412384e-02
-1.408903021365404129e-02
-7.823475636541843414e-03
-1.282999943941831589e-02
-8.998643606901168823e-03
-6.057130172848701477e-03
-7.591400295495986938e-03
-1.186686195433139801e-02
-8.552380837500095367e-03
-6.337032187730073929e-03
-2.332009002566337585e-02
-1.452204771339893341e-02
-2.070646546781063080e-02
-4.232132807374000549e-03
7.605987484566867352e-04
-5.291379988193511963e-03
7.435990846715867519e-04
5.081441253423690796e-03
-1.109238248318433762e-03
-1.621479354798793793e-02
-1.131130848079919815e-02
-1.777864247560501099e-02
-1.170655153691768646e-02
-7.221679203212261200e-03
-1.213483884930610657e-02
-3.747432725504040718e-03
-3.769778879359364510e-03
-8.083527907729148865e-03
-9.935020469129085541e-03
-4.624363034963607788e-03
-9.099334478378295898e-03
-6.318596657365560532e-03
-1.555469701997935772e-03
-7.545897271484136581e-03
-5.649797618389129639e-03
-1.722711720503866673e-03
-8.868411183357238770e-03
9.652790613472461700e-03
8.699291385710239410e-03
1.193898264318704605e-02
2.712568966671824455e-03
1.054744352586567402e-03
7.629328407347202301e-03
6.357705220580101013e-03
3.813236951828002930e-03
1.341391261667013168e-02
-1.896436326205730438e-02
-1.101655699312686920e-02
-1.790895685553550720e-02
-2.220223657786846161e-03
5.540211685001850128e-03
1.992738572880625725e-03
-9.320934186689555645e-04
3.784714965149760246e-03
1.259032404050230980e-03
1.207752525806427002e-02
9.252186864614486694e-03
1.937572471797466278e-02
1.079761143773794174e-02
2.495480934157967567e-03
1.430408656597137451e-02
1.886867173016071320e-02
1.122897304594516754e-02
2.275131642818450928e-02
1.146725658327341080e-02
2.896327525377273560e-03
2.162352204322814941e-03
1.311114337295293808e-02
2.610385185107588768e-03
8.284639334306120872e-04
1.222008932381868362e-02
2.694000490009784698e-03
-8.306667441502213478e-04
-3.823283361271023750e-03
-1.553251757286489010e-03
-5.998194683343172073e-03
-4.699085373431444168e-03
-1.110165263526141644e-03
-5.987677723169326782e-03
-5.696595646440982819e-03
-9.773642523214221001e-04
-6.091862451285123825e-03
-8.771109394729137421e-03
-1.058959774672985077e-02
-1.753623038530349731e-02
-4.746404476463794708e-03
-5.699929781258106232e-03
-1.210641767829656601e-02
-6.627670954912900925e-03
-1.037644222378730774e-02
-1.790936850011348724e-02
2.485724864527583122e-03
-2.311312826350331306e-03
8.121283724904060364e-03
-8.903243578970432281e-03
-1.226303447037935257e-02
-4.574102815240621567e-03
-8.146695792675018311e-03
-1.313171628862619400e-02
-7.078574039041996002e-03
-1.283955993130803108e-03
-1.602352713234722614e-03
-3.999535925686359406e-03
6.767580052837729454e-04
-2.066234359517693520e-03
-4.270183388143777847e-03
2.029554918408393860e-03
-2.664454805199056864e-04
-3.521610051393508911e-03
-8.324088528752326965e-03
1.580374897457659245e-03
-3.161211265251040459e-03
-6.285088602453470230e-03
1.460822299122810364e-03
-1.170500181615352631e-03
-9.268083609640598297e-03
-1.246421015821397305e-03
-4.010333679616451263e-03
-1.082191593013703823e-03
-1.569104008376598358e-02
3.298692172393202782e-03
-1.602112874388694763e-02
-3.565897047519683838e-02
-1.248939521610736847e-02
-3.923287615180015564e-03
-1.881324872374534607e-02
-1.575953443534672260e-03
-6.121871061623096466e-03
4.112191672902554274e-04
3.829539753496646881e-03
-2.382481579843442887e-05
1.870997948572039604e-03
4.037772770971059799e-03
-2.218832727521657944e-03
-2.004915615543723106e-03
-4.475392401218414307e-03
2.272399142384529114e-02
-5.369174759835004807e-04
1.530123129487037659e-02
1.650032773613929749e-02
-9.385028854012489319e-03
8.288367651402950287e-03
4.108004271984100342e-02
1.684226840734481812e-02
3.949304297566413879e-02
-3.329419763758778572e-03
-5.105336662381887436e-03
-8.927989751100540161e-03
-1.739125815220177174e-03
-4.936711397022008896e-03
-8.337834849953651428e-03
4.689087625592947006e-03
1.762555213645100594e-03
1.125896349549293518e-03
-7.838507182896137238e-03
-6.499163806438446045e-03
-5.784538574516773224e-03
-1.349348668009042740e-02
-8.917075581848621368e-03
-7.401708979159593582e-03
-1.618416607379913330e-02
-1.074314862489700317e-02
-1.274390798062086105e-02
-3.165105357766151428e-03
-1.045218203216791153e-02
-9.902365505695343018e-03
-8.026910945773124695e-03
-9.624212048947811127e-03
-1.451319083571434021e-02
-7.281116675585508347e-03
-9.538151323795318604e-03
-9.781979955732822418e-03
1.388440374284982681e-02
1.106254290789365768e-02
9.130462072789669037e-03
4.549177829176187515e-03
-2.099259058013558388e-03
-1.652092672884464264e-03
3.097884822636842728e-03
-4.975802730768918991e-03
-8.527060039341449738e-03
-5.825228523463010788e-03
-6.021824665367603302e-03
-1.061676163226366043e-02
-7.802678737789392471e-04
-8.802084485068917274e-04
-4.903629422187805176e-03
-1.730437856167554855e-03
-1.864498481154441833e-03
-1.819693483412265778e-03
8.930488489568233490e-03
5.279616918414831161e-03
6.584669463336467743e-03
8.387542329728603363e-03
2.584072994068264961e-03
5.695168860256671906e-03
9.781071916222572327e-03
4.536910913884639740e-03
8.232200518250465393e-03
-1.306836958974599838e-02
-1.543121039867401123e-02
-1.353356428444385529e-02
-4.743502009660005569e-03
-8.271675556898117065e-03
-8.780455216765403748e-03
-5.643043201416730881e-03
-8.908265270292758942e-03
-8.401683531701564789e-03
4.640671890228986740e-03
1.242420170456171036e-02
1.588481292128562927e-02
2.936178934760391712e-04
1.622170326299965382e-03
7.142181508243083954e-03
8.218836039304733276e-03
1.044380292296409607e-02
1.297363638877868652e-02
1.184620521962642670e-02
1.056108251214027405e-02
1.485917717218399048e-02
7.947050034999847412e-03
5.932147148996591568e-03
8.360444568097591400e-03
1.635764725506305695e-02
1.071229670196771622e-02
1.426920574158430099e-02
-6.329404655843973160e-03
-1.058049779385328293e-02
9.867745684459805489e-04
-2.027993835508823395e-02
-2.815419435501098633e-02
-1.498007960617542267e-02
-9.068892337381839752e-03
-1.719228178262710571e-02
-6.942189764231443405e-03
-8.947861380875110626e-03
-2.835962222889065742e-03
-1.053580548614263535e-02
-8.953557349741458893e-03
-2.843169728294014931e-03
-1.070022489875555038e-02
-1.237231306731700897e-02
-7.793621625751256943e-03
-1.567343063652515411e-02
4.571475088596343994e-03
1.994419610127806664e-03
1.960665686056017876e-03
9.845457971096038818e-04
-1.929224352352321148e-03
-3.361009526997804642e-03
2.916334662586450577e-03
-1.407754374668002129e-03
-8.094331249594688416e-03
-8.598048239946365356e-03
-1.851086691021919250e-02
-2.588617848232388496e-03
-1.754225604236125946e-02
-2.759689837694168091e-02
-1.091170217841863632e-02
-2.179376780986785889e-02
-2.988162823021411896e-02
-1.284330897033214569e-02
4.067785292863845825e-02
2.961613237857818604e-02
3.853863477706909180e-02
2.077531255781650543e-02
9.421074762940406799e-03
2.400067448616027832e-02
1.935437321662902832e-02
1.099639851599931717e-02
2.389557287096977234e-02
-9.858506731688976288e-03
-4.061476327478885651e-03
-9.491961449384689331e-03
-1.043475139886140823e-02
-4.714392591267824173e-03
-7.781958207488059998e-03
-2.054539695382118225e-02
-1.400068867951631546e-02
-1.802143268287181854e-02
-1.084586046636104584e-02
-1.241296622902154922e-02
-9.742587804794311523e-03
-4.503584932535886765e-03
-5.976511631160974503e-03
-2.686227438971400261e-03
-4.697220865637063980e-03
-5.918269045650959015e-03
2.537610009312629700e-03
-1.215905416756868362e-02
-1.339953206479549408e-02
-1.559304911643266678e-02
-1.706789014860987663e-03
-1.703285844996571541e-03
-2.458263188600540161e-03
-6.206029211170971394e-04
-2.090673660859465599e-03
-1.488723559305071831e-03
-1.586427539587020874e-02
-9.478191845118999481e-03
-1.323158480226993561e-02
-1.225681323558092117e-02
-4.737988580018281937e-03
-1.119335554540157318e-02
-1.423631608486175537e-02
-9.286724030971527100e-03
-1.653947122395038605e-02
-8.392139337956905365e-03
-1.037486270070075989e-02
-2.068574540317058563e-03
-1.053363364189863205e-02
-1.670754700899124146e-02
-7.216885220259428024e-03
-4.370396491140127182e-03
-1.095778495073318481e-02
-4.045351408421993256e-03
-1.142604742199182510e-02
-5.922676064074039459e-03
-1.583630032837390900e-02
-2.337625250220298767e-03
-6.106995861046016216e-04
-9.343688376247882843e-03
-6.905389018356800079e-03
-1.418832456693053246e-03
-7.625252939760684967e-03
1.005034707486629486e-02
7.933412678539752960e-03
7.750714197754859924e-03
5.084090400487184525e-03
3.067409619688987732e-03
4.826397169381380081e-03
5.967194214463233948e-03
5.661087110638618469e-03
9.304863400757312775e-03
7.046627812087535858e-03
-1.300685689784586430e-03
-5.490586045198142529e-04
1.909996964968740940e-03
-4.927551373839378357e-03
-3.727948525920510292e-03
1.405055355280637741e-02
3.513064468279480934e-03
5.663203541189432144e-03
3.525480255484580994e-02
2.754721790552139282e-02
5.916942283511161804e-02
2.153425104916095734e-02
1.431428361684083939e-02
4.539965465664863586e-02
2.855757996439933777e-02
2.152591757476329803e-02
5.905434489250183105e-02
9.923579171299934387e-03
1.570398546755313873e-02
1.370568387210369110e-02
7.607160136103630066e-03
5.040820688009262085e-03
5.318604875355958939e-03
-2.275752602145075798e-03
-1.449272967875003815e-04
1.938666217029094696e-03
-1.864462858065962791e-03
-2.564339898526668549e-03
-9.152311831712722778e-03
-2.697998192161321640e-03
-2.053325762972235680e-03
-7.519727107137441635e-03
-1.161047164350748062e-02
-1.138343382626771927e-02
-1.555341295897960663e-02
-9.854585863649845123e-03
-8.305664174258708954e-03
-1.526816282421350479e-02
-4.031484480947256088e-03
-3.776118857786059380e-03
-9.338455274701118469e-03
-4.007789772003889084e-03
-3.060214454308152199e-03
-6.574199069291353226e-03
8.670452050864696503e-03
5.102361086755990982e-03
4.192135296761989594e-03
9.499376639723777771e-03
6.101963110268115997e-03
1.041601784527301788e-02
1.605860516428947449e-02
1.829417794942855835e-02
2.049405500292778015e-02
-1.066945679485797882e-02
-9.753620252013206482e-03
-1.796802692115306854e-02
-1.405863091349601746e-02
-6.528414320200681686e-03
-1.400560047477483749e-02
-1.805807836353778839e-02
-1.087405439466238022e-02
-1.915415748953819275e-02
-7.218801416456699371e-03
-1.172616262920200825e-03
-6.224949378520250320e-03
-5.875292699784040451e-03
-1.350565347820520401e-03
-6.519073620438575745e-03
-7.416761014610528946e-03
-4.805065691471099854e-03
-9.954636916518211365e-03
-1.276461500674486160e-02
-4.172025714069604874e-03
-1.388417836278676987e-02
-1.185890659689903259e-02
-4.645518492907285690e-03
-1.126556377857923508e-02
-1.077228784561157227e-02
-4.797891713678836823e-03
-1.110037975013256073e-02
-2.974774315953254700e-02
-1.299237459897994995e-02
-1.894226111471652985e-02
-2.447291277348995209e-02
-7.979207672178745270e-03
-9.304460138082504272e-03
-2.412425167858600616e-02
-8.564888499677181244e-03
-5.028405226767063141e-03
-2.255424112081527710e-02
-1.208174135535955429e-02
-2.317523956298828125e-02
-1.120493374764919281e-02
-5.023628938943147659e-03
-1.686779223382472992e-02
-1.513337809592485428e-02
-1.186672411859035492e-02
-2.161827497184276581e-02
3.407539427280426025e-02
1.637752912938594818e-02
1.900169253349304199e-02
2.190748229622840881e-02
4.808710888028144836e-03
7.289313245564699173e-03
3.603225201368331909e-02
1.702875457704067230e-02
2.241605706512928009e-02
3.479848057031631470e-02
1.688213273882865906e-02
2.451754733920097351e-02
2.502923831343650818e-02
7.369346451014280319e-03
1.495745498687028885e-02
2.571796812117099762e-02
1.014815829694271088e-02
1.789724454283714294e-02
8.718047756701707840e-04
2.472411608323454857e-03
3.629279090091586113e-03
-1.023476826958358288e-03
-3.843965940177440643e-03
9.266697816201485693e-06
3.568879328668117523e-04
-6.880863104015588760e-03
-3.277539741247892380e-03
-7.979032816365361214e-04
-1.800116267986595631e-03
-1.082114758901298046e-03
1.373882638290524483e-03
-7.828474044799804688e-04
-1.565657090395689011e-03
1.034001936204731464e-03
-3.150805714540183544e-04
-2.581598469987511635e-03
-1.239088596776127815e-04
8.187622297555208206e-04
3.337984438985586166e-03
-1.196173368953168392e-03
2.001181128434836864e-04
2.659149002283811569e-03
-1.589455496286973357e-04
3.511903574690222740e-03
5.325474776327610016e-03
-1.078644068911671638e-03
6.224422832019627094e-04
-1.730367075651884079e-03
-1.667862641625106335e-03
-1.524467137642204762e-03
-1.114499638788402081e-03
-3.220531623810529709e-03
-2.383857034146785736e-03
-6.479265284724533558e-04
-1.209198497235774994e-02
-1.063834503293037415e-02
-1.054603513330221176e-02
-1.092287804931402206e-02
-7.079503498971462250e-03
-8.036796003580093384e-03
-2.118287049233913422e-02
-1.520136464387178421e-02
-1.807649806141853333e-02
2.428061095997691154e-03
1.865173253463581204e-04
2.500207396224141121e-03
1.804406521841883659e-03
-1.541299279779195786e-03
1.465312787331640720e-03
1.181835029274225235e-02
5.248614121228456497e-03
1.070801634341478348e-02
6.439933087676763535e-03
1.314782886765897274e-03
8.640578947961330414e-03
7.084639277309179306e-03
1.630752696655690670e-03
9.426619857549667358e-03
2.015998587012290955e-02
1.521402504295110703e-02
2.259577624499797821e-02
1.207867451012134552e-02
-9.956900961697101593e-03
8.174847811460494995e-03
6.045857444405555725e-03
-1.207684632390737534e-02
1.941088004969060421e-03
3.242899850010871887e-02
1.610334217548370361e-02
3.261444717645645142e-02
-1.005310844630002975e-02
-7.640685886144638062e-03
-1.366487331688404083e-02
-6.834822241216897964e-03
-1.289711799472570419e-03
-6.435047369450330734e-03
-7.779911160469055176e-03
-2.886482048779726028e-03
-9.632959030568599701e-03
-4.941285587847232819e-03
-3.832031507045030594e-03
9.512191172689199448e-04
-1.982480054721236229e-03
8.105189772322773933e-04
3.047530073672533035e-03
3.152838675305247307e-03
3.024044679477810860e-03
3.150966251268982887e-03
2.135273814201354980e-02
2.255799621343612671e-02
2.438026852905750275e-02
1.745445840060710907e-02
1.542513631284236908e-02
2.035311982035636902e-02
4.583279136568307877e-03
3.170183394104242325e-03
2.862248802557587624e-03
1.504779048264026642e-02
1.249070093035697937e-02
9.911409579217433929e-03
1.965868286788463593e-02
1.694365590810775757e-02
1.541194505989551544e-02
2.753275074064731598e-02
2.839399501681327820e-02
2.883044071495532990e-02
-4.800499882549047470e-03
-4.262383561581373215e-03
-1.331017701886594296e-03
-8.694483549334108829e-04
-2.681676414795219898e-04
2.626822330057621002e-03
-4.625672008842229843e-03
-2.555352635681629181e-03
9.602815262041985989e-04
3.496001660823822021e-02
2.841705828905105591e-02
3.605255112051963806e-02
2.083119004964828491e-02
1.098434161394834518e-02
1.716491021215915680e-02
2.807917259633541107e-02
2.004916034638881683e-02
1.937618106603622437e-02
1.169604342430830002e-02
7.958527654409408569e-03
9.610345587134361267e-03
6.546529009938240051e-03
4.858633968979120255e-03
8.208254352211952209e-03
6.353134755045175552e-03
8.027178235352039337e-03
1.034674048423767090e-02
-1.148245856165885925e-02
-1.057654060423374176e-02
-1.028270088136196136e-02
-4.714653827250003815e-03
-4.175108857452869415e-03
-4.819994792342185974e-03
-7.537975441664457321e-03
-6.209753919392824173e-03
-4.724941216409206390e-03
3.928628750145435333e-03
2.517008222639560699e-03
3.454258432611823082e-03
1.253063674084842205e-03
-2.761998912319540977e-03
-2.663450548425316811e-03
1.078533678082749248e-04
-1.349192461930215359e-03
-2.643376123160123825e-03
6.340770050883293152e-03
4.744488280266523361e-03
1.444109017029404640e-03
7.147572468966245651e-03
7.805799599736928940e-03
3.005362115800380707e-03
2.596881706267595291e-03
4.158637020736932755e-03
-3.357471665367484093e-03
-1.780217699706554413e-02
-1.118073891848325729e-02
-2.421273849904537201e-02
-1.357636507600545883e-02
-2.910594223067164421e-03
-1.215624250471591949e-02
-1.659037172794342041e-02
-3.976060543209314346e-03
-1.032858900725841522e-02
-2.296558395028114319e-02
-1.475921273231506348e-02
-2.046881988644599915e-02
-1.417159382253885269e-02
-6.907971575856208801e-03
-8.803114295005798340e-03
-1.341408677399158478e-02
-5.594042129814624786e-03
-4.043784923851490021e-03
-1.277092937380075455e-02
-1.022588647902011871e-02
-1.533086970448493958e-02
-9.535966441035270691e-03
-4.411288537085056305e-03
-8.389235474169254303e-03
-1.512353494763374329e-02
-1.288743875920772552e-02
-1.761955395340919495e-02
-1.995577709749341011e-03
2.854987105820327997e-04
-3.402199363335967064e-03
-3.751045092940330505e-03
-2.160866977646946907e-03
-3.071923973038792610e-03
-1.046619960106909275e-03
1.602234318852424622e-03
1.128016156144440174e-03
-2.224781177937984467e-02
-1.989525742828845978e-02
-2.594525553286075592e-02
-1.532694231718778610e-02
-8.179803378880023956e-03
-1.310923323035240173e-02
-2.340292744338512421e-02
-1.534328237175941467e-02
-2.073640935122966766e-02
8.091618306934833527e-03
3.058135509490966797e-03
6.111916620284318924e-03
4.431730601936578751e-03
-4.883407964371144772e-04
3.110516350716352463e-03
7.028938736766576767e-03
2.692548092454671860e-03
4.990940913558006287e-03
1.627655327320098877e-02
1.080128923058509827e-02
1.192199811339378357e-02
1.492639165371656418e-02
7.671520113945007324e-03
7.861054502427577972e-03
1.825600303709506989e-02
1.079070474952459335e-02
1.060062553733587265e-02
4.182346165180206299e-03
1.880454481579363346e-03
2.655651886016130447e-03
5.623925942927598953e-03
4.008818417787551880e-03
4.803495015949010849e-03
-3.773164702579379082e-03
-2.687926404178142548e-03
-1.243878155946731567e-03
-1.505245361477136612e-02
-9.273500181734561920e-03
-2.037922851741313934e-02
-9.271313436329364777e-03
-1.481123152188956738e-03
-1.544385030865669250e-02
-2.969864010810852051e-02
-2.093033120036125183e-02
-3.660010173916816711e-02
-7.829527370631694794e-03
-8.927081711590290070e-03
2.045340370386838913e-03
-1.131742633879184723e-02
-1.485260389745235443e-02
-6.950025446712970734e-03
-3.845864208415150642e-03
-8.756999857723712921e-03
6.420718273147940636e-04
6.914364174008369446e-03
-2.503231400623917580e-03
1.480836304835975170e-03
7.728161290287971497e-03
1.087612705305218697e-03
7.142731919884681702e-03
1.879609748721122742e-02
1.569788902997970581e-02
2.121722884476184845e-02
3.257846925407648087e-03
-1.205539301736280322e-04
3.355538006871938705e-03
2.833445323631167412e-03
6.776183145120739937e-04
2.696336247026920319e-03
4.259800480213016272e-04
-7.764411275275051594e-04
6.848610355518758297e-04
2.912330208346247673e-03
-6.870187935419380665e-04
7.838875986635684967e-03
2.530011115595698357e-03
-1.858807285316288471e-03
8.868264034390449524e-03
6.276330910623073578e-03
2.349554561078548431e-03
9.855825453996658325e-03
-1.099333399906754494e-03
1.704293885268270969e-03
-3.324523800984025002e-03
-1.645852578803896904e-03
1.136915874667465687e-03
-4.521769471466541290e-03
-1.040457375347614288e-02
-6.433043163269758224e-03
-1.109129935503005981e-02
9.436935186386108398e-03
1.721480488777160645e-02
2.097304910421371460e-02
1.651321165263652802e-02
1.678058505058288574e-02
2.492186054587364197e-02
1.496986486017704010e-02
1.632861234247684479e-02
2.078067511320114136e-02
-8.511475287377834320e-03
-7.090522907674312592e-03
-6.810505408793687820e-03
-7.499154191464185715e-03
-3.755022771656513214e-03
-5.615415051579475403e-03
-8.970164693892002106e-03
-8.256850764155387878e-03
-1.085651572793722153e-02
1.054393593221902847e-02
1.126282569020986557e-02
1.599987596273422241e-02
2.688452135771512985e-03
3.865631530061364174e-03
8.611126802861690521e-03
7.121855160221457481e-04
1.932906336151063442e-03
5.152963567525148392e-03
1.357652363367378712e-03
2.224578754976391792e-03
5.749662406742572784e-03
-2.232580678537487984e-03
1.792691648006439209e-03
6.703550461679697037e-03
-2.268863143399357796e-03
2.678157528862357140e-03
4.848294425755739212e-03
-4.531960934400558472e-03
-5.847571417689323425e-03
-8.567754179239273071e-03
-2.783196046948432922e-03
-3.741037799045443535e-03
-6.569646298885345459e-03
1.061266986653208733e-03
2.824582625180482864e-04
-1.933019841089844704e-03
3.628008766099810600e-03
-4.552843893179669976e-05
-3.327383426949381828e-03
3.282001474872231483e-03
1.903050229884684086e-03
-9.100433671846985817e-04
-2.064259024336934090e-03
-4.706504289060831070e-03
-5.985229276120662689e-03
5.054486449807882309e-03
4.095660988241434097e-03
1.031740102916955948e-02
1.002721767872571945e-02
7.879655808210372925e-03
1.503730751574039459e-02
5.243524443358182907e-03
4.903115797787904739e-03
1.316014211624860764e-02
-2.685082145035266876e-03
5.185547750443220139e-03
-2.227527555078268051e-03
5.901688709855079651e-03
1.387769356369972229e-02
6.859099026769399643e-03
-7.113059400580823421e-04
5.472403950989246368e-03
1.277244882658123970e-03
-8.499084040522575378e-03
-4.786699544638395309e-03
-4.402026999741792679e-03
-7.524823304265737534e-03
-4.642486106604337692e-03
-4.626610316336154938e-03
-1.146781072020530701e-02
-8.699783124029636383e-03
-9.995133616030216217e-03
-1.373055158182978630e-03
-1.896378933452069759e-03
-1.996223581954836845e-03
7.954552420414984226e-04
-8.223888580687344074e-04
-4.596490180119872093e-04
5.080045666545629501e-03
3.736171871423721313e-03
4.840821493417024612e-03
8.327223360538482666e-03
1.004409324377775192e-02
1.058358931913971901e-03
3.596260212361812592e-03
7.486297283321619034e-03
-1.906957710161805153e-03
2.253275830298662186e-03
8.127870038151741028e-03
-6.631258293054997921e-04
-1.047486811876296997e-02
-5.328824743628501892e-03
-9.032449685037136078e-03
-4.917556885629892349e-03
1.696129678748548031e-03
-3.806134453043341637e-03
-2.080072881653904915e-03
2.513338113203644753e-03
-1.351083279587328434e-03
-3.330964595079421997e-03
-1.873453380540013313e-03
-1.288166502490639687e-03
6.785061850678175688e-05
3.477866062894463539e-03
1.282224664464592934e-03
-4.212779458612203598e-03
-2.168462378904223442e-03
-5.309598520398139954e-03
-4.569835960865020752e-03
-6.880536209791898727e-03
-1.029332447797060013e-02
-1.871791668236255646e-03
-2.169632352888584137e-03
-6.320648360997438431e-03
-4.045725800096988678e-04
-1.888815895654261112e-03
-6.525090895593166351e-03
-4.277943167835474014e-03
-5.400927271693944931e-03
-5.897437222301959991e-03
-1.308901794254779816e-02
-1.078488212078809738e-02
-1.168133411556482315e-02
-7.505791727453470230e-03
-5.747051443904638290e-03
-8.555511943995952606e-03
6.777398288249969482e-03
2.324277767911553383e-03
-1.987456111237406731e-03
6.639581173658370972e-03
2.230511745437979698e-03
6.542896881001070142e-05
1.100416295230388641e-02
5.405962467193603516e-03
3.547283587977290154e-03
-1.484674029052257538e-02
-5.361104384064674377e-03
-1.661563664674758911e-02
-8.014176972210407257e-03
-1.501662889495491982e-03
-1.131678558886051178e-02
-6.636317819356918335e-03
-4.685588181018829346e-03
-9.001487866044044495e-03
3.544005565345287323e-03
3.967415075749158859e-03
2.451262203976511955e-03
7.840591715648770332e-04
4.254271698300726712e-05
-7.961764640640467405e-05
1.494795549660921097e-03
3.048773622140288353e-03
4.663845058530569077e-03
-2.724528079852461815e-03
-4.818712826818227768e-03
-6.034293211996555328e-03
-3.934619948267936707e-03
-5.591629538685083389e-03
-4.478936083614826202e-03
-5.240513943135738373e-03
-6.064030807465314865e-03
-2.938124118372797966e-03
-7.942991331219673157e-03
-5.969429854303598404e-03
-7.044889032840728760e-03
-3.229734022170305252e-03
-1.466174377128481865e-03
-3.056001150980591774e-03
-4.853884223848581314e-03
-2.364473417401313782e-03
-3.736010286957025528e-03
-9.132160805165767670e-03
-6.720741279423236847e-03
-1.254281494766473770e-02
-5.873751360923051834e-03
-4.011417273432016373e-03
-7.515307981520891190e-03
-3.699815832078456879e-03
-2.631231676787137985e-03
-3.719971748068928719e-03
8.832006133161485195e-04
-1.213919953443109989e-03
-2.703135600313544273e-03
2.785417018458247185e-03
9.001190774142742157e-04
-7.418138557113707066e-04
2.143109217286109924e-03
2.870768774300813675e-03
3.779788268730044365e-03
-5.406547803431749344e-03
-4.576603882014751434e-03
-5.778862629085779190e-03
-1.022865762934088707e-03
-1.030313724186271429e-04
-4.420479817781597376e-04
-1.280908589251339436e-03
-3.657490015029907227e-03
-3.315597539767622948e-03
3.937454894185066223e-02
2.332521229982376099e-02
4.974215477705001831e-02
2.175045013427734375e-02
3.541083075106143951e-03
2.657522261142730713e-02
4.771217331290245056e-02
2.686614729464054108e-02
5.126821994781494141e-02
-1.098795235157012939e-02
-1.254842430353164673e-02
-1.350314822047948837e-02
-9.454509243369102478e-03
-5.292546469718217850e-03
-1.043843943625688553e-02
-1.449407171458005905e-02
-1.372119504958391190e-02
-1.723430305719375610e-02
-1.399397267960011959e-03
-2.356168581172823906e-03
-3.803948871791362762e-03
-3.831099718809127808e-03
-6.649205461144447327e-03
-1.066651847213506699e-02
-5.534171592444181442e-03
-7.658130489289760590e-03
-1.070469710975885391e-02
1.853497349657118320e-03
3.951081540435552597e-03
-1.186664099805057049e-03
3.676638705655932426e-03
6.306687835603952408e-03
-2.479897113516926765e-03
-6.069865543395280838e-03
-4.647240974009037018e-03
-1.476730965077877045e-02
1.610144681762903929e-04
7.840047328500077128e-05
1.048629288561642170e-03
2.162678429158404469e-04
2.726919483393430710e-03
3.779802937060594559e-03
3.192597534507513046e-03
4.254220053553581238e-03
2.672859234735369682e-03
1.674354821443557739e-02
3.895985428243875504e-03
-6.263719405978918076e-04
1.399480551481246948e-02
3.433104837313294411e-03
-2.281722379848361015e-03
1.406621653586626053e-02
7.202845066785812378e-03
-1.023906166665256023e-03
7.346030324697494507e-03
1.360044698230922222e-03
7.319292519241571426e-03
5.439123604446649551e-03
-2.831926394719630480e-04
4.227808210998773575e-03
5.359296221286058426e-03
7.538443896919488907e-04
6.087917834520339966e-03
2.028739545494318008e-03
5.340022966265678406e-03
2.260124310851097107e-03
-3.371288767084479332e-05
2.606678986921906471e-03
-1.358909416012465954e-03
-5.233516450971364975e-03
-1.640241593122482300e-03
-6.955359596759080887e-03
-7.542957551777362823e-03
-3.688542637974023819e-03
-1.041613053530454636e-02
-3.873148001730442047e-03
-2.158112125471234322e-03
-8.494971320033073425e-03
-6.573855411261320114e-03
-6.242817267775535583e-03
-1.240567956119775772e-02
3.022573888301849365e-02
2.164267376065254211e-02
3.381815552711486816e-02
1.165841054171323776e-02
1.270759152248501778e-03
8.683141320943832397e-03
9.152968414127826691e-03
4.470185842365026474e-03
1.075497642159461975e-02
-5.656384862959384918e-03
-1.034088665619492531e-03
-5.241746082901954651e-03
-4.389891400933265686e-03
1.116406405344605446e-03
-3.983275033533573151e-03
-1.233113743364810944e-02
-6.304013077169656754e-03
-1.251311507076025009e-02
8.934063836932182312e-03
3.851514076814055443e-03
5.834355484694242477e-03
9.970256127417087555e-03
2.146571641787886620e-03
3.439561929553747177e-03
1.979053765535354614e-02
7.520266342908143997e-03
7.710577454417943954e-03
-2.441752515733242035e-02
-1.652684062719345093e-02
-1.739525794982910156e-02
-1.778575032949447632e-02
-9.158275090157985687e-03
-1.065665390342473984e-02
-2.162724733352661133e-02
-1.175359543412923813e-02
-1.413590181618928909e-02
2.401110017672181129e-03
1.384712103754281998e-02
2.640727534890174866e-02
4.587948322296142578e-03
1.223691273480653763e-02
1.989763975143432617e-02
1.031739450991153717e-02
1.581573300063610077e-02
3.167469799518585205e-02
-2.651974745094776154e-02
-1.206078752875328064e-02
-1.424958277493715286e-02
-1.675339974462985992e-02
-2.818468259647488594e-03
-3.123478265479207039e-03
-2.044203132390975952e-02
-8.292411454021930695e-03
-5.888143088668584824e-03
3.124884516000747681e-02
1.689007319509983063e-02
3.024137392640113831e-02
2.487681247293949127e-02
8.012024685740470886e-03
2.410642616450786591e-02
4.467003792524337769e-02
2.176142670214176178e-02
3.888067230582237244e-02
4.298594780266284943e-03
-3.227997571229934692e-03
-3.936865366995334625e-03
-2.005923306569457054e-03
-8.007218129932880402e-03
-9.569033980369567871e-03
-4.666319116950035095e-03
-1.011117361485958099e-02
-9.188182651996612549e-03
-2.801434695720672607e-02
-1.950319670140743256e-02
-2.693124674260616302e-02
-1.347376313060522079e-02
-5.955105181783437729e-03
-1.338527444750070572e-02
-9.771625511348247528e-03
-4.341229796409606934e-03
-1.073404680937528610e-02
-1.696565747261047363e-02
-1.296273339539766312e-02
-1.444097328931093216e-02
-7.899022661149501801e-03
-9.872737340629100800e-03
-9.389262646436691284e-03
2.355645876377820969e-03
2.900079824030399323e-03
4.791495302924886346e-05
-5.919600371271371841e-03
-6.543601397424936295e-03
-8.299235254526138306e-03
-7.052444852888584137e-03
-7.638140581548213959e-03
-9.207881055772304535e-03
-8.937725215218961239e-04
-4.309001844376325607e-03
-2.392004011198878288e-03
-1.171862613409757614e-02
-8.662087842822074890e-03
-9.649423882365226746e-03
-1.762448251247406006e-02
-7.341581396758556366e-03
-1.233932748436927795e-02
-1.534211542457342148e-02
-4.138359334319829941e-03
-6.806568708270788193e-03
-1.819738373160362244e-02
-7.382433395832777023e-03
-5.438905209302902222e-03
-1.794794760644435883e-02
-7.011664099991321564e-03
-6.265182048082351685e-03
-2.481041848659515381e-02
-1.372553035616874695e-02
-1.950353384017944336e-02
1.662478223443031311e-02
1.050433143973350525e-02
1.308867987245321274e-02
8.882866241037845612e-03
-1.090104415197856724e-04
6.289690732955932617e-03
7.249005138874053955e-03
-2.064647618681192398e-03
5.115925334393978119e-03
-3.431991487741470337e-02
-2.496216073632240295e-02
-3.407508507370948792e-02
-2.423448115587234497e-02
-1.768377050757408142e-02
-2.593775093555450439e-02
-2.575979940593242645e-02
-1.930219493806362152e-02
-2.955395355820655823e-02
1.130762416869401932e-02
8.420484140515327454e-03
1.249248278327286243e-03
1.489934138953685760e-02
1.272477395832538605e-02
1.064779702574014664e-02
2.521609142422676086e-02
1.953748986124992371e-02
1.965494081377983093e-02
1.715660654008388519e-02
1.404408086091279984e-02
2.258617617189884186e-02
1.244733110070228577e-02
3.064243588596582413e-03
9.355080313980579376e-03
1.205473113805055618e-02
-2.379177836701273918e-03
3.535240888595581055e-03
-1.951030641794204712e-02
-1.278260443359613419e-02
-1.957005076110363007e-02
-1.161901839077472687e-02
-7.777576334774494171e-03
-1.357985939830541611e-02
-7.171486038714647293e-03
-4.895930178463459015e-03
-7.128767203539609909e-03
9.885746054351329803e-03
8.840111084282398224e-03
1.042213756591081619e-02
2.743472345173358917e-03
2.664164640009403229e-03
1.047269906848669052e-02
8.245960809290409088e-03
8.323824964463710785e-03
1.666756160557270050e-02
-2.107240073382854462e-02
-1.286583859473466873e-02
-1.804597862064838409e-02
-3.429119242355227470e-03
7.507133763283491135e-03
7.182720117270946503e-03
-5.610550753772258759e-03
5.681368056684732437e-03
1.239828672260046005e-02
4.180853255093097687e-03
4.742076620459556580e-03
1.563766598701477051e-02
3.874896327033638954e-03
-9.173101716442033648e-05
1.270584668964147568e-02
1.353784557431936264e-02
1.080356445163488388e-02
2.682018093764781952e-02
2.507161907851696014e-02
1.605107821524143219e-02
9.807252325117588043e-03
1.726664043962955475e-02
8.765819482505321503e-03
3.731506410986185074e-03
2.024992555379867554e-02
9.295932017266750336e-03
-2.298016479471698403e-04
-1.125667337328195572e-02
-4.258187953382730484e-03
-8.425719104707241058e-03
-7.537731900811195374e-03
-3.383494215086102486e-03
-6.622476037591695786e-03
-5.833243951201438904e-03
-3.499584039673209190e-03
-8.266854099929332733e-03
-6.052430719137191772e-03
-1.018705498427152634e-02
-1.414890028536319733e-02
2.722895878832787275e-04
-1.878263545222580433e-03
-7.239514961838722229e-03
-6.033903453499078751e-03
-7.826178334653377533e-03
-2.079696394503116608e-02
-3.275684267282485962e-02
-1.720599085092544556e-02
-2.112376689910888672e-02
-3.401194512844085693e-02
-1.749514602124691010e-02
-2.393583953380584717e-02
-3.730607777833938599e-02
-2.389018051326274872e-02
-2.756016142666339874e-02
-1.215677987784147263e-02
-2.848848002031445503e-03
-1.805799826979637146e-02
-5.558402743190526962e-03
3.639666829258203506e-04
-1.426419056951999664e-02
-6.067703943699598312e-03
-4.850089608225971460e-04
-1.404889766126871109e-02
-1.347219478338956833e-02
-2.244849922135472298e-03
-5.669211968779563904e-03
-1.252441015094518661e-02
-8.719965117052197456e-04
-4.556014668196439743e-03
-1.872002519667148590e-02
-5.590167827904224396e-03
-1.478950213640928268e-02
3.593068569898605347e-03
-4.105804488062858582e-03
1.115239970386028290e-02
-4.853421822190284729e-03
-1.569912396371364594e-02
2.567901508882641792e-03
1.102059497497975826e-03
1.523806713521480560e-03
1.301473658531904221e-02
1.552309002727270126e-02
1.131289452314376831e-02
6.302840542048215866e-03
9.479018859565258026e-03
5.997492931783199310e-03
2.670997928362339735e-04
7.196014747023582458e-03
3.941957373172044754e-03
-6.889225449413061142e-03
-1.363335736095905304e-02
-1.134551479481160641e-03
-1.203030999749898911e-02
-1.119501981884241104e-02
-1.646808115765452385e-03
-1.344058010727167130e-02
-1.765925623476505280e-02
-9.250272996723651886e-03
-1.827134750783443451e-02
1.926123537123203278e-02
1.157939061522483826e-02
2.048893272876739502e-02
9.612264111638069153e-03
4.717058909591287374e-04
1.068720221519470215e-02
1.836419664323329926e-02
8.622611872851848602e-03
1.953545026481151581e-02
-2.210691198706626892e-02
-6.376100238412618637e-03
-5.520318634808063507e-03
-2.024674788117408752e-02
-6.928162649273872375e-03
-7.741721812635660172e-03
-2.656051702797412872e-02
-1.227266900241374969e-02
-1.550796348601579666e-02
-8.111977018415927887e-03
-2.480269409716129303e-03
-3.916867077350616455e-03
-1.031507365405559540e-02
-6.600774824619293213e-03
-1.004800107330083847e-02
-2.021782286465167999e-02
-1.520430576056241989e-02
-1.876845210790634155e-02
-9.348553605377674103e-03
-1.149559393525123596e-02
-8.655774407088756561e-03
-5.442837253212928772e-03
-9.081722237169742584e-03
-6.417523603886365891e-03
4.705537576228380203e-03
-2.138383686542510986e-03
2.609465969726443291e-03
5.382014904171228409e-03
4.604975692927837372e-03
1.194408908486366272e-02
5.487102083861827850e-03
4.026958253234624863e-03
1.147553045302629471e-02
7.197343744337558746e-03
4.941152874380350113e-03
1.473384629935026169e-02
2.198260277509689331e-02
1.053067855536937714e-02
2.138962782919406891e-02
1.892879791557788849e-02
2.578056883066892624e-03
1.660297811031341553e-02
3.960951417684555054e-02
2.014763280749320984e-02
3.592438250780105591e-02
-5.241370294243097305e-03
-7.606296334415674210e-03
-6.985339336097240448e-03
2.622063038870692253e-04
-5.523674655705690384e-03
-8.252074010670185089e-03
5.601724144071340561e-03
-2.377586439251899719e-03
-6.362167187035083771e-03
-5.744296126067638397e-03
-1.302842050790786743e-02
-1.249337662011384964e-02
-8.618353866040706635e-03
-1.882156729698181152e-02
-1.489242725074291229e-02
-3.956574946641921997e-03
-1.537571754306554794e-02
-1.710633933544158936e-02
-4.359026439487934113e-03
2.432849025353789330e-03
7.436858955770730972e-03
-2.781816991046071053e-03
-7.203271961770951748e-04
5.690766498446464539e-03
2.127272775396704674e-03
1.978828106075525284e-03
8.918197825551033020e-03
3.283255966380238533e-03
-1.191647537052631378e-02
1.029696897603571415e-03
-3.533404087647795677e-03
-1.965476013720035553e-02
-7.392644882202148438e-03
-4.817852284759283066e-03
-1.632518507540225983e-02
-7.500210311263799667e-03
-1.864849962294101715e-02
-1.151705905795097351e-02
-1.612581685185432434e-02
-1.687077991664409637e-02
-1.092496979981660843e-02
-1.626602001488208771e-02
-1.813873648643493652e-02
-1.048977766185998917e-02
-1.804258115589618683e-02
-1.639570109546184540e-02
-1.044619269669055939e-02
-8.208290673792362213e-03
-7.787240203469991684e-03
-8.038217201828956604e-03
-1.015863474458456039e-02
-1.334046199917793274e-02
-1.313317939639091492e-02
-1.653924211859703064e-02
-1.565577276051044464e-02
-2.322709560394287109e-02
-8.102427236735820770e-03
-1.753694564104080200e-02
-2.587535791099071503e-02
-1.219273917376995087e-02
-1.495887897908687592e-02
-1.785221695899963379e-02
-6.685313768684864044e-03
1.333354157395660877e-03
-1.427502254955470562e-03
-6.302415393292903900e-03
2.188901416957378387e-03
7.267106557264924049e-04
-3.069088561460375786e-03
6.980480626225471497e-03
3.624115604907274246e-03
2.734149456955492496e-04
1.701884530484676361e-02
1.788410171866416931e-02
1.861976459622383118e-02
1.290184445679187775e-02
8.217405527830123901e-03
8.256875909864902496e-03
1.576968654990196228e-02
1.070321630686521530e-02
7.060079369693994522e-03
-2.591811865568161011e-02
-2.151270583271980286e-02
-2.878633700311183929e-02
-1.544411294162273407e-02
-1.143092010170221329e-02
-1.417600736021995544e-02
-1.545967441052198410e-02
-1.546853967010974884e-02
-1.715680956840515137e-02
-5.322203971445560455e-03
-4.674851428717374802e-03
-8.737759664654731750e-03
-5.575089715421199799e-03
-1.903287018649280071e-03
-6.669250782579183578e-03
-6.732499692589044571e-03
-6.671287585049867630e-03
-7.692690473049879074e-03
-3.847364708781242371e-02
-2.294451929628849030e-02
-3.342954814434051514e-02
-2.663049660623073578e-02
-1.023610960692167282e-02
-2.091910503804683685e-02
-3.706392273306846619e-02
-2.057402953505516052e-02
-2.747941948473453522e-02
-4.429857712239027023e-03
-3.812016919255256653e-03
3.212616778910160065e-03
-1.129414141178131104e-02
-1.257623359560966492e-02
-9.543207474052906036e-03
-1.807662425562739372e-03
2.323401567991822958e-04
1.065595541149377823e-03
-1.197854988276958466e-02
-3.597278613597154617e-03
-6.889544893056154251e-03
-7.582706399261951447e-03
1.137614715844392776e-03
4.779706359840929508e-04
-1.238729711621999741e-02
-6.006629206240177155e-03
-7.924185134470462799e-03
2.412095479667186737e-02
2.153009735047817230e-02
2.925833314657211304e-02
1.827072910964488983e-02
1.449769735336303711e-02
2.524639107286930084e-02
2.652401663362979889e-02
2.308401837944984436e-02
3.824023529887199402e-02
1.779384166002273560e-02
1.426190137863159180e-02
2.309110574424266815e-02
9.278945624828338623e-03
8.825189433991909027e-04
8.158734999597072601e-03
1.190926227718591690e-02
5.582130048424005508e-03
1.227077282965183258e-02
1.177680678665637970e-02
1.264206040650606155e-02
2.284659631550312042e-02
6.368339993059635162e-03
7.534435484558343887e-03
1.635883562266826630e-02
1.141692418605089188e-02
1.200238522142171860e-02
1.874768547713756561e-02
4.659033566713333130e-02
4.107664152979850769e-02
6.087485328316688538e-02
3.002935461699962616e-02
1.860032416880130768e-02
3.666631132364273071e-02
2.621086128056049347e-02
1.758332550525665283e-02
3.290353342890739441e-02
-1.469843462109565735e-02
-1.732620783150196075e-02
-2.655268274247646332e-02
-8.940086700022220612e-03
-1.096825581043958664e-02
-1.911417394876480103e-02
-1.594079844653606415e-02
-1.339790690690279007e-02
-1.801359467208385468e-02
7.463862188160419464e-03
-2.125425729900598526e-03
9.798340033739805222e-04
9.958302602171897888e-03
8.882271358743309975e-04
5.846841726452112198e-03
1.268982980400323868e-02
6.111992523074150085e-03
1.392385549843311310e-02
1.792349293828010559e-02
1.206287927925586700e-02
1.447280403226613998e-02
1.124964654445648193e-02
2.574589336290955544e-03
1.285138912498950958e-02
1.582481153309345245e-02
1.701309531927108765e-02
2.156201004981994629e-02
3.267871681600809097e-03
-1.210022810846567154e-02
-1.245592534542083740e-02
5.336188245564699173e-03
-1.036437973380088806e-02
-7.184407208114862442e-03
1.376494672149419785e-02
1.454908284358680248e-03
7.550628855824470520e-03
-5.685939919203519821e-03
-3.380155190825462341e-03
-4.190081264823675156e-03
-6.655273493379354477e-03
-4.130803514271974564e-03
-7.146380841732025146e-03
-8.575933054089546204e-03
-4.132792819291353226e-03
-1.006431505084037781e-02
-1.297483313828706741e-02
2.060360384348314255e-05
-9.239125996828079224e-03
-1.548662967979907990e-02
-4.857769235968589783e-03
-1.245026476681232452e-02
-1.960194669663906097e-02
-1.235343981534242630e-02
-2.004303783178329468e-02
-5.104776006191968918e-03
-7.187394425272941589e-03
-1.660347543656826019e-02
-8.488141931593418121e-03
-1.054560672491788864e-02
-1.553575322031974792e-02
-4.280542489141225815e-03
-4.395182244479656219e-03
-6.312653888016939163e-03
-1.160117331892251968e-02
-9.227456524968147278e-03
-9.703297168016433716e-03
-3.532190807163715363e-03
-1.464518118154956028e-05
-4.610043950378894806e-03
-5.611876025795936584e-03
-4.441993311047554016e-03
-9.265522472560405731e-03
2.783773094415664673e-02
1.465579774230718613e-02
2.206325344741344452e-02
2.332150749862194061e-02
6.118001416325569153e-03
1.319432165473699570e-02
3.263797238469123840e-02
1.756190508604049683e-02
2.474657259881496429e-02
-1.917464775033295155e-03
-2.232762926723808050e-04
-4.091203154530376196e-04
3.700799308717250824e-03
-5.028832238167524338e-04
-1.711661461740732193e-04
7.963516749441623688e-03
9.395192610099911690e-04
1.905660144984722137e-03
4.674055962823331356e-04
-4.670238122344017029e-03
-2.996379509568214417e-03
-3.715679282322525978e-03
-1.180852856487035751e-02
-8.780699223279953003e-03
-2.451904118061065674e-03
-1.536075957119464874e-02
-1.069538760930299759e-02
-3.084014868363738060e-03
-3.322968259453773499e-03
-6.322321016341447830e-03
1.444001682102680206e-03
-2.536174375563859940e-03
-3.194572404026985168e-03
-4.145626444369554520e-03
-5.141331348568201065e-03
-5.413937382400035858e-03
-3.413230879232287407e-03
-7.724628318101167679e-03
-1.076190546154975891e-02
6.296388455666601658e-04
1.307676895521581173e-03
-3.291049739345908165e-03
-2.798381494358181953e-03
-9.329539025202393532e-04
-3.094249870628118515e-03
-2.144809812307357788e-02
-1.211247593164443970e-02
-2.376726269721984863e-02
-1.739076152443885803e-02
-4.868766292929649353e-03
-1.732029207050800323e-02
-8.097374811768531799e-03
3.712741890922188759e-03
-6.999813020229339600e-03
-2.333590202033519745e-02
-1.504209171980619431e-02
-1.990751735866069794e-02
-1.468356698751449585e-02
-7.127372082322835922e-03
-1.321542821824550629e-02
-2.417899854481220245e-02
-1.660019159317016602e-02
-2.206264249980449677e-02
3.924361243844032288e-02
2.140260674059391022e-02
3.786768019199371338e-02
1.946396566927433014e-02
8.229048922657966614e-03
2.244864217936992645e-02
2.163293398916721344e-02
1.043649669736623764e-02
2.279996313154697418e-02
9.948614053428173065e-03
4.690049216151237488e-03
1.322487462311983109e-02
3.322202945128083229e-03
3.756322548724710941e-04
9.367300197482109070e-03
8.783331140875816345e-03
6.863752380013465881e-03
1.542827766388654709e-02
-4.126235377043485641e-03
7.829677313566207886e-03
4.242115654051303864e-03
-3.134462749585509300e-03
5.614947527647018433e-03
-3.506596200168132782e-03
-1.373920962214469910e-02
-7.215708494186401367e-03
-1.951291225850582123e-02
-1.557526178658008575e-02
-1.351504679769277573e-02
-1.770426519215106964e-02
-9.993843734264373779e-03
-6.504841614514589310e-03
-1.399685069918632507e-02
-1.000562775880098343e-02
-6.935540586709976196e-03
-1.056760642677545547e-02
-2.348838001489639282e-02
-2.809802442789077759e-02
-2.490361407399177551e-02
-1.897779852151870728e-02
-2.533369883894920349e-02
-2.107235975563526154e-02
-1.655357703566551208e-02
-2.773580700159072876e-02
-2.355652675032615662e-02
9.269253350794315338e-03
1.052717771381139755e-02
9.560488164424896240e-03
8.866511285305023193e-03
9.750420227646827698e-03
1.550214923918247223e-02
8.432457223534584045e-03
6.570159457623958588e-03
1.441913284361362457e-02
-2.450742758810520172e-02
-2.266465872526168823e-02
-3.113306500017642975e-02
-2.158427052199840546e-02
-1.559864636510610580e-02
-2.546432614326477051e-02
-2.613586187362670898e-02
-1.710159517824649811e-02
-2.591478079557418823e-02
3.632257133722305298e-02
2.707588672637939453e-02
2.787282317876815796e-02
2.096282877027988434e-02
9.633769281208515167e-03
1.769938692450523376e-02
3.462879359722137451e-02
2.141344547271728516e-02
3.417535126209259033e-02
2.052385360002517700e-02
1.220705080777406693e-02
1.621595583856105804e-02
1.406995300203561783e-02
6.936463527381420135e-03
1.451490912586450577e-02
2.062135003507137299e-02
1.183175761252641678e-02
2.030287310481071472e-02
3.178439335897564888e-03
6.694503128528594971e-03
1.741860993206501007e-02
4.982030019164085388e-03
8.013370446860790253e-03
1.679337397217750549e-02
5.494110751897096634e-03
6.201196461915969849e-03
2.044847980141639709e-02
-5.222551524639129639e-02
-3.759622946381568909e-02
-4.651786759495735168e-02
-1.583064347505569458e-02
-2.500097034499049187e-03
-1.507838349789381027e-02
-1.940382272005081177e-02
-1.087711844593286514e-02
-2.586829476058483124e-02
-1.866252161562442780e-02
-1.856726966798305511e-02
-2.301524020731449127e-02
-1.839597523212432861e-02
-1.081319246441125870e-02
-1.544550154358148575e-02
-1.193623803555965424e-02
-1.877604401670396328e-03
-4.124242812395095825e-03
-1.088405773043632507e-02
-6.667304784059524536e-03
-8.498213253915309906e-03
-9.082091040909290314e-03
-1.365622971206903458e-03
-4.940233193337917328e-03
-1.336496882140636444e-02
-7.373179309070110321e-03
-1.150192413479089737e-02
-3.108387347310781479e-03
-1.981425099074840546e-03
-2.700671087950468063e-03
-8.007925935089588165e-03
-3.699476597830653191e-03
-6.433146074414253235e-03
-3.979465458542108536e-03
4.823966301046311855e-04
-2.091190108330920339e-04
-8.156654424965381622e-03
-4.786522127687931061e-03
-5.764901638031005859e-03
9.594804141670465469e-04
8.445889689028263092e-03
6.162445992231369019e-03
3.374378429725766182e-03
1.008981652557849884e-02
3.181783482432365417e-03
1.860473188571631908e-03
4.586963448673486710e-03
1.596282469108700752e-03
1.399478758685290813e-03
-8.708110726729501039e-06
2.028350951150059700e-03
-1.539948047138750553e-03
4.953933530487120152e-04
-1.078453613445162773e-03
-3.026810847222805023e-02
-2.291774936020374298e-02
-3.113306313753128052e-02
-1.542372349649667740e-02
-8.396087214350700378e-03
-1.600556820631027222e-02
-2.229257486760616302e-02
-1.569974236190319061e-02
-2.232055179774761200e-02
6.858490407466888428e-03
3.482264699414372444e-03
-9.481934248469769955e-04
2.888234565034508705e-03
1.744987093843519688e-03
-3.383126109838485718e-03
1.792760798707604408e-03
5.619619041681289673e-03
-1.585771096870303154e-03
-9.737418964505195618e-03
-8.324371650815010071e-03
-1.765870861709117889e-02
-2.221978036686778069e-03
-4.173773806542158127e-03
-1.125161349773406982e-02
1.550734275951981544e-03
-4.852137528359889984e-03
-9.701594710350036621e-03
9.544790722429752350e-03
4.241683986037969589e-03
1.813293620944023132e-02
2.565072383731603622e-03
-5.004631020710803568e-05
9.942377917468547821e-03
2.783843316137790680e-03
1.785381027730181813e-05
4.508498590439558029e-03
3.510111942887306213e-03
4.891334683634340763e-04
1.305573619902133942e-02
6.678952835500240326e-03
1.006165286526083946e-03
1.007863041013479233e-02
9.378237649798393250e-03
3.867305349558591843e-04
7.595500443130731583e-03
-9.956629015505313873e-03
-9.098363225348293781e-04
-6.170856300741434097e-03
-4.304885864257812500e-03
2.463673939928412437e-03
-3.784367872867733240e-04
-3.847683547064661980e-03
7.213442586362361908e-04
7.332053792197257280e-05
1.499871257692575455e-03
-1.755933091044425964e-02
3.921282943338155746e-03
-1.407967694103717804e-02
-3.932578116655349731e-02
-1.708199270069599152e-02
-1.284902356564998627e-02
-3.052360750734806061e-02
-1.353765558451414108e-02
-1.427296642214059830e-02
-4.743322264403104782e-03
2.389120170846581459e-03
-1.738304388709366322e-03
2.943675732240080833e-03
9.549315087497234344e-03
-1.140431500971317291e-02
-8.036458864808082581e-03
-4.090338479727506638e-03
5.887671560049057007e-02
6.310960277915000916e-03
4.644266888499259949e-02
4.479117318987846375e-02
-7.657066918909549713e-03
3.719561174511909485e-02
9.071562439203262329e-02
4.415723681449890137e-02
9.055571258068084717e-02
-1.866041868925094604e-02
-1.866945438086986542e-02
-3.005408495664596558e-02
-1.217152923345565796e-02
-9.506483562290668488e-03
-2.265598997473716736e-02
-8.480379357933998108e-03
-2.890201751142740250e-03
-1.709677465260028839e-02
-9.336684015579521656e-04
-2.517800545319914818e-03
-2.610115567222237587e-03
-7.027783431112766266e-03
-6.048868410289287567e-03
-4.442267585545778275e-03
-7.265242747962474823e-03
-3.807449946179986000e-03
-5.189206451177597046e-03
2.060848288238048553e-03
-3.566436469554901123e-03
4.941737279295921326e-03
-2.574570011347532272e-03
-2.731783315539360046e-03
1.825288170948624611e-03
6.127926986664533615e-03
6.115901283919811249e-03
1.484877802431583405e-02
5.416700616478919983e-02
3.824444487690925598e-02
4.172651842236518860e-02
2.052922733128070831e-02
6.526478100568056107e-03
1.070229709148406982e-02
1.009061187505722046e-02
-3.003225196152925491e-03
-9.280407801270484924e-03
1.427275408059358597e-02
7.516336627304553986e-03
6.730150897055864334e-03
9.766182862222194672e-03
4.981387406587600708e-03
7.276176474988460541e-03
1.164579857140779495e-02
8.416744880378246307e-03
1.280909590423107147e-02
2.351268194615840912e-03
5.384057876653969288e-04
-5.318813491612672806e-03
2.853343030437827110e-03
1.741030486300587654e-03
-2.846124116331338882e-03
-2.708778483793139458e-03
-2.373761963099241257e-03
-6.206416524946689606e-03
-2.308982238173484802e-02
-2.350933291018009186e-02
-2.793099917471408844e-02
-5.885172635316848755e-03
-6.917949765920639038e-03
-1.484402734786272049e-02
-1.577913202345371246e-02
-1.473127398639917374e-02
-2.343769930303096771e-02
2.434025146067142487e-02
4.048161581158638000e-02
4.504751414060592651e-02
1.122754625976085663e-02
1.624544151127338409e-02
2.622950263321399689e-02
1.828333549201488495e-02
3.098161704838275909e-02
3.823515400290489197e-02
1.055682264268398285e-02
5.226647015661001205e-03
7.117190398275852203e-03
1.104434579610824585e-02
5.674855783581733704e-03
5.514573771506547928e-03
2.409955114126205444e-02
1.484152954071760178e-02
1.233152858912944794e-02
-1.502759102731943130e-02
-1.719169504940509796e-02
-8.940547704696655273e-03
-3.412498161196708679e-02
-3.879905864596366882e-02
-3.263118490576744080e-02
-1.419829484075307846e-02
-2.472702600061893463e-02
-1.796690933406352997e-02
2.616831101477146149e-03
7.416508626192808151e-03
-6.323805078864097595e-03
-6.963990017538890243e-05
4.171001724898815155e-03
-5.834086798131465912e-03
-7.703662849962711334e-03
-3.687236458063125610e-03
-1.349762268364429474e-02
9.547157213091850281e-03
4.394167102873325348e-03
-3.873633453622460365e-03
3.552911570295691490e-03
7.679308182559907436e-04
-8.008969016373157501e-03
5.516114644706249237e-03
1.161163323558866978e-03
-9.088126942515373230e-03
2.014855854213237762e-03
-1.142594963312149048e-02
2.940722042694687843e-03
-1.043489947915077209e-02
-2.264273352921009064e-02
-9.835262782871723175e-03
-1.435384806245565414e-02
-2.377557381987571716e-02
-1.433262601494789124e-02
2.803659439086914062e-02
2.230628393590450287e-02
3.260913863778114319e-02
1.572614721953868866e-02
8.986034430563449860e-03
2.364674396812915802e-02
1.237154286354780197e-02
9.392373263835906982e-03
1.975130476057529449e-02
-1.467684935778379440e-02
-1.324977539479732513e-02
-2.062463946640491486e-02
-1.373839192092418671e-02
-1.014093123376369476e-02
-1.408051606267690659e-02
-1.917230151593685150e-02
-1.657749712467193604e-02
-2.289578504860401154e-02
-7.415307220071554184e-03
-7.768101990222930908e-03
-8.780834032222628593e-04
4.455091431736946106e-03
2.092635957524180412e-03
4.667207598686218262e-03
-7.307646330446004868e-03
-3.499132813885807991e-03
8.318069158121943474e-04
-8.013596758246421814e-03
-1.067907270044088364e-02
-1.398443896323442459e-02
-1.674638362601399422e-03
-6.128857843577861786e-03
-8.346334099769592285e-03
-4.702174104750156403e-03
-6.172908935695886612e-03
-8.149458095431327820e-03
-2.514788694679737091e-02
-5.136477760970592499e-03
-1.058882288634777069e-02
-8.296641521155834198e-03
6.367171648889780045e-03
-3.772533033043146133e-03
-2.058326825499534607e-02
-6.758721545338630676e-03
-1.860167272388935089e-02
-7.608236279338598251e-03
-1.024304889142513275e-02
8.261933107860386372e-04
-6.298153661191463470e-03
-1.138188224285840988e-02
-2.892912132665514946e-03
-1.037757494486868382e-03
-7.053622044622898102e-03
-8.467182487947866321e-05
-8.810722269117832184e-03
-3.177475417032837868e-03
-1.484529580920934677e-02
-5.067789927124977112e-03
4.148943116888403893e-04
-1.042884681373834610e-02
-1.080584991723299026e-02
-4.941527266055345535e-03
-8.765046484768390656e-03
2.783283032476902008e-02
1.889239437878131866e-02
2.437839098274707794e-02
1.419364660978317261e-02
5.091976840049028397e-03
8.276863954961299896e-03
1.300474908202886581e-02
5.052982363849878311e-03
8.143885992467403412e-03
-2.169581502676010132e-02
-2.019102685153484344e-02
-3.518937900662422180e-02
-1.834853924810886383e-02
-9.977580979466438293e-03
-1.991862989962100983e-02
-2.134961821138858795e-02
-1.562048029154539108e-02
-2.169710583984851837e-02
1.816847175359725952e-02
1.577442698180675507e-02
4.656537622213363647e-02
1.922839204780757427e-03
4.148083273321390152e-03
3.384286165237426758e-02
5.543034058064222336e-03
5.731876473873853683e-03
4.608927294611930847e-02
-3.547758329659700394e-03
-1.659380155615508556e-03
-3.773819771595299244e-04
-2.650069072842597961e-03
-5.756770260632038116e-03
-4.698167555034160614e-03
-1.039766333997249603e-02
-9.327642619609832764e-03
-6.718736141920089722e-03
-6.756900344043970108e-03
-5.557475611567497253e-03
-1.522207260131835938e-02
-1.073814695701003075e-03
2.138526411727070808e-03
-9.605080820620059967e-03
-7.669810205698013306e-03
-5.464337300509214401e-03
-2.005452476441860199e-02
-1.302411127835512161e-02
-5.543414037674665451e-03
-1.358534768223762512e-02
-6.528681609779596329e-03
-4.833909217268228531e-03
-1.244480721652507782e-02
-3.151288488879799843e-03
-3.794108983129262924e-03
-1.508869417011737823e-02
-5.980557296425104141e-03
-5.184818524867296219e-03
-1.179471425712108612e-02
-9.762343950569629669e-03
-1.032366976141929626e-02
-1.316279731690883636e-02
7.397969253361225128e-03
7.411628961563110352e-03
4.378167912364006042e-03
-2.886108413804322481e-04
-1.160669839009642601e-03
1.255559618584811687e-03
-2.177951158955693245e-03
-2.005026442930102348e-03
-2.409888897091150284e-03
1.230428810231387615e-03
-1.319071394391357899e-03
-5.170601070858538151e-04
-1.420999970287084579e-02
-2.483128104358911514e-03
-1.228209491819143295e-02
-1.699681393802165985e-02
-7.096907123923301697e-03
-1.360031869262456894e-02
-1.685693114995956421e-02
-1.040705386549234390e-02
-1.364151667803525925e-02
-2.020801976323127747e-02
-1.111867558211088181e-02
-2.354202233254909515e-02
-1.456911675631999969e-02
-4.406183026731014252e-03
-1.398720871657133102e-02
-1.649591326713562012e-02
-6.271081510931253433e-03
-1.949583180248737335e-02
-1.201503630727529526e-02
-8.130060508847236633e-03
-7.453992031514644623e-03
-1.000227034091949463e-02
-5.838229786604642868e-03
-2.306994982063770294e-03
-8.787541650235652924e-03
-4.468817729502916336e-03
-1.073152758181095123e-03
-3.154381737112998962e-02
-1.747753471136093140e-02
-3.383032605051994324e-02
-1.721550337970256805e-02
-7.258217316120862961e-03
-2.038297802209854126e-02
-1.986354589462280273e-02
-1.596473529934883118e-02
-2.270344458520412445e-02
5.833454430103302002e-02
3.198516741394996643e-02
3.819903358817100525e-02
3.791527077555656433e-02
1.243164762854576111e-02
1.911961659789085388e-02
5.105946585536003113e-02
2.316844835877418518e-02
3.023997135460376740e-02
5.412818118929862976e-02
3.242236003279685974e-02
4.122283682227134705e-02
3.170385211706161499e-02
1.341378781944513321e-02
2.009176090359687805e-02
2.658748626708984375e-02
1.096342690289020538e-02
2.056549489498138428e-02
-1.414748374372720718e-02
-1.374435983598232269e-02
-1.948307454586029053e-02
-5.696208216249942780e-03
-9.609316475689411163e-03
-1.345659513026475906e-02
-7.239229511469602585e-03
-1.742310263216495514e-02
-2.107245661318302155e-02
5.351359490305185318e-03
3.657100256532430649e-03
4.314255900681018829e-03
7.511661387979984283e-03
3.939723130315542221e-03
4.731684923171997070e-03
1.431616209447383881e-02
7.576761767268180847e-03
6.521763745695352554e-03
-4.861868917942047119e-02
-3.513501212000846863e-02
-4.074813798069953918e-02
-3.847286105155944824e-02
-2.638397738337516785e-02
-2.697620168328285217e-02
-3.739190846681594849e-02
-2.872268110513687134e-02
-3.097914531826972961e-02
-1.953880116343498230e-02
-1.419045682996511459e-02
-3.219090029597282410e-02
-7.326167542487382889e-03
-1.247822539880871773e-03
-2.084508165717124939e-02
-9.437524713575839996e-03
-3.907802049070596695e-03
-2.025641500949859619e-02
-1.291806809604167938e-02
-3.064387105405330658e-02
-3.967794775962829590e-02
-1.210776716470718384e-02
-2.493682689964771271e-02
-3.460222482681274414e-02
-1.486754044890403748e-02
-2.777590975165367126e-02
-3.308625146746635437e-02
-3.116941079497337341e-02
-2.344850078225135803e-02
-2.281733229756355286e-02
-2.671141549944877625e-02
-1.485250983387231827e-02
-2.155780978500843048e-02
-2.599092572927474976e-02
-1.816795766353607178e-02
-2.914433181285858154e-02
-9.933968074619770050e-03
-9.623846970498561859e-03
-1.460921112447977066e-02
-1.655013184063136578e-03
-1.612165477126836777e-03
3.376004751771688461e-04
-7.516774814575910568e-03
-2.850566990673542023e-03
1.885262434370815754e-03
-4.785254132002592087e-03
1.355716027319431305e-03
-9.364423342049121857e-03
-2.207515062764286995e-03
7.911750115454196930e-03
-3.977877713623456657e-05
-8.963068015873432159e-03
4.465620964765548706e-03
-7.763094617985188961e-04
3.920764196664094925e-03
1.919509842991828918e-03
-1.597683317959308624e-02
2.702607307583093643e-03
1.712345285341143608e-03
-1.139041315764188766e-02
-8.967847563326358795e-03
-6.619918625801801682e-03
-1.302233710885047913e-02
2.509852405637502670e-03
-6.739442702382802963e-03
-9.885042905807495117e-03
3.208955517038702965e-03
-2.203780226409435272e-03
-4.844652023166418076e-03
-1.175584085285663605e-02
-2.296365052461624146e-02
-2.451090328395366669e-02
-1.067582704126834869e-02
-1.286526117473840714e-02
-1.923727802932262421e-02
-1.775638014078140259e-02
-2.041317522525787354e-02
-2.382996864616870880e-02
-1.202865154482424259e-03
-1.953462604433298111e-03
-6.543490104377269745e-03
7.112149614840745926e-03
1.212224829941987991e-02
2.348424680531024933e-02
2.793148159980773926e-02
2.312270924448966980e-02
4.143347218632698059e-02
4.026070609688758850e-02
3.022419288754463196e-02
4.568637534976005554e-02
-9.981555864214897156e-03
-6.904237903654575348e-03
-9.475880302488803864e-03
2.158671559300273657e-04
-5.198778118938207626e-03
-9.453671984374523163e-03
1.627318188548088074e-02
6.081437692046165466e-03
5.146660376340150833e-03
-2.174158580601215363e-02
-1.755326054990291595e-02
-2.005476132035255432e-02
-1.310179010033607483e-03
2.230581128969788551e-03
-2.591941272839903831e-03
-2.705918392166495323e-03
-5.541326012462377548e-03
-1.035756245255470276e-02
-8.910898119211196899e-03
-5.947838537395000458e-03
-1.990956440567970276e-02
-5.405794829130172729e-03
-2.947582863271236420e-03
-1.585532166063785553e-02
-2.016824670135974884e-02
-1.752158440649509430e-02
-2.765209414064884186e-02
1.793078519403934479e-02
1.020784024149179459e-02
1.951994001865386963e-02
7.643999066203832626e-03
-2.385533880442380905e-03
7.112143561244010925e-03
2.035949937999248505e-02
1.622821390628814697e-02
2.738231979310512543e-02
-1.774281077086925507e-02
-1.392697915434837341e-02
-2.049272134900093079e-02
-1.101542264223098755e-02
-6.527383346110582352e-03
-1.174115017056465149e-02
-8.136150427162647247e-03
-5.042520817369222641e-03
-5.078224465250968933e-03
1.446924544870853424e-02
1.730103045701980591e-02
1.738428510725498199e-02
9.331012144684791565e-03
8.381661958992481232e-03
7.230362389236688614e-03
3.567434847354888916e-03
3.627986647188663483e-03
-2.956029784400016069e-04
-2.083307364955544472e-03
2.492853673174977303e-03
-5.306697858031839132e-05
-1.826886669732630253e-03
3.561797086149454117e-03
4.151208326220512390e-03
-1.576903741806745529e-03
2.763969590887427330e-03
4.389600828289985657e-03
-2.957002632319927216e-02
-1.020970661193132401e-02
-1.652454026043415070e-02
-1.817501522600650787e-02
-6.504129269160330296e-04
-1.344591565430164337e-02
-2.747778594493865967e-02
-1.563209667801856995e-02
-2.375807799398899078e-02
-1.266232458874583244e-03
-6.342458073049783707e-03
-2.012246288359165192e-02
6.790384650230407715e-04
-2.773278858512639999e-03
-1.184600871056318283e-02
6.484390236437320709e-03
-3.542062477208673954e-04
-7.899079471826553345e-03
3.693694947287440300e-03
-1.104151178151369095e-02
-6.642806343734264374e-03
-6.940993946045637131e-03
-1.253744028508663177e-02
-5.516764242202043533e-03
-2.993799513205885887e-03
-4.211172461509704590e-03
5.731555633246898651e-03
1.328255236148834229e-02
1.204168051481246948e-02
6.419904064387083054e-03
1.277088560163974762e-02
9.544143453240394592e-03
6.536918692290782928e-03
8.598415181040763855e-03
7.690111640840768814e-03
3.374224295839667320e-03
1.193169318139553070e-02
1.276732329279184341e-02
3.306133672595024109e-03
2.608765382319688797e-03
6.667327135801315308e-03
-4.413581453263759613e-03
-4.151585977524518967e-03
-1.288922620005905628e-03
-8.581256493926048279e-03
5.991225689649581909e-02
2.907332591712474823e-02
5.196474865078926086e-02
3.665100038051605225e-02
7.017776835709810257e-03
2.933055721223354340e-02
5.175687745213508606e-02
2.261181361973285675e-02
4.217464104294776917e-02
2.126373909413814545e-02
1.680304668843746185e-02
-1.175309953396208584e-04
9.335730224847793579e-03
1.013119984418153763e-02
-1.778010861016809940e-03
2.837149426341056824e-03
5.593786947429180145e-03
1.221189886564388871e-04
1.256359461694955826e-02
1.346921641379594803e-02
6.784554570913314819e-03
5.694490857422351837e-03
5.903112702071666718e-03
1.055120839737355709e-03
-5.391601007431745529e-03
-7.784432731568813324e-03
-1.204671990126371384e-02
-1.189820561558008194e-02
-2.388193830847740173e-02
-2.192830108106136322e-02
-2.818096987903118134e-02
-3.310735523700714111e-02
-2.919580414891242981e-02
-9.775927290320396423e-03
-1.619945839047431946e-02
-1.305726077407598495e-02
-4.041012749075889587e-02
-2.236010506749153137e-02
-2.716061286628246307e-02
-3.532289341092109680e-02
-1.502139680087566376e-02
-2.011083997786045074e-02
-4.088292270898818970e-02
-1.956915296614170074e-02
-1.637532934546470642e-02
-1.027619466185569763e-02
-8.709791116416454315e-03
-7.113000378012657166e-03
-7.968455553054809570e-03
-9.567410685122013092e-03
-6.484965328127145767e-03
9.349291212856769562e-03
1.854057307355105877e-03
3.614257322624325752e-03
-9.312764741480350494e-03
-1.277547888457775116e-02
-1.743318699300289154e-02
-7.827253080904483795e-03
-7.541029714047908783e-03
-1.073412410914897919e-02
-1.063118688762187958e-02
-1.053716521710157394e-02
-1.233310997486114502e-02
-7.494556717574596405e-03
-4.894427955150604248e-03
-9.895615279674530029e-03
-9.930724278092384338e-03
-6.708053871989250183e-03
-1.042200345546007156e-02
-1.578717119991779327e-02
-1.332008559256792068e-02
-1.693695411086082458e-02
9.697307832539081573e-03
-5.494374199770390987e-04
2.389321569353342056e-03
1.262119412422180176e-02
2.744981786236166954e-03
3.712233621627092361e-03
1.379352342337369919e-02
6.471200613304972649e-04
1.787132350727915764e-04
2.035455405712127686e-02
1.727688498795032501e-02
1.789348386228084564e-02
1.791136525571346283e-02
1.199128106236457825e-02
1.581018976867198944e-02
1.899719983339309692e-02
1.403681933879852295e-02
1.380759384483098984e-02
-8.122825995087623596e-03
-9.138679131865501404e-03
-1.303491834551095963e-02
-3.230330767109990120e-03
-4.128031898289918900e-03
-8.753520436584949493e-03
-3.213832154870033264e-03
-3.157933242619037628e-03
-9.743140079081058502e-03
-2.658567577600479126e-02
-1.485712546855211258e-02
-3.247193619608879089e-02
-3.107281774282455444e-02
-1.676323451101779938e-02
-2.699123509228229523e-02
-4.750644043087959290e-02
-2.716524899005889893e-02
-3.538370877504348755e-02
4.048946127295494080e-02
2.599950134754180908e-02
4.276342317461967468e-02
2.575807273387908936e-02
1.180595345795154572e-02
2.841075509786605835e-02
3.219725191593170166e-02
1.933129876852035522e-02
3.640700131654739380e-02
-3.092203289270401001e-03
2.567325253039598465e-03
-7.004538550972938538e-03
3.531054826453328133e-03
1.179515197873115540e-02
6.214704830199480057e-03
7.157152984291315079e-03
1.980835013091564178e-02
1.623968966305255890e-02
5.756729282438755035e-03
5.166238639503717422e-03
-4.286061041057109833e-03
4.949731752276420593e-03
4.138309974223375320e-03
-3.131311386823654175e-03
4.322848748415708542e-03
1.890379586257040501e-03
-2.960300538688898087e-03
2.558932406827807426e-03
6.467933766543865204e-03
1.921387389302253723e-02
-1.060302462428808212e-02
-6.572942715138196945e-03
1.150460354983806610e-02
-2.781448885798454285e-03
-1.017216593027114868e-03
1.150767877697944641e-02
9.612902998924255371e-03
6.781707517802715302e-03
5.864473525434732437e-03
1.531355432234704494e-03
-3.232046728953719139e-03
-3.710865275934338570e-03
3.854635404422879219e-03
-2.484890399500727654e-03
-7.668343372642993927e-03
1.663907803595066071e-02
1.780006848275661469e-02
1.286690868437290192e-02
8.740320801734924316e-03
7.740875706076622009e-03
4.847768228501081467e-03
1.305884495377540588e-02
4.126985557377338409e-03
-4.302513319998979568e-03
-5.358259193599224091e-03
-4.248468205332756042e-03
1.260550040751695633e-02
-1.886691339313983917e-02
-2.167246304452419281e-02
-1.130129862576723099e-02
-1.694654114544391632e-02
-2.442318014800548553e-02
-1.627915166318416595e-02
6.184677779674530029e-02
4.717233404517173767e-02
5.203360691666603088e-02
2.725064195692539215e-02
1.034159772098064423e-02
2.037492021918296814e-02
2.801262214779853821e-02
1.493596751242876053e-02
2.040953189134597778e-02
-2.548729255795478821e-02
-1.647638343274593353e-02
-2.858632616698741913e-02
-1.950699463486671448e-02
-1.479428354650735855e-02
-2.861643210053443909e-02
-3.179857507348060608e-02
-2.369988895952701569e-02
-3.291052207350730896e-02
2.590618096292018890e-02
2.712897397577762604e-02
4.276657477021217346e-02
7.180559914559125900e-03
8.927347138524055481e-03
2.658187597990036011e-02
2.542606741189956665e-02
3.125087544322013855e-02
4.968580603599548340e-02
-1.044416241347789764e-02
-1.179628260433673859e-02
-1.171088591217994690e-02
-6.614361889660358429e-03
-7.401920855045318604e-03
-1.255656476132571697e-03
3.578988369554281235e-03
7.006757427006959915e-03
1.106870733201503754e-02
8.773170411586761475e-02
4.098908975720405579e-02
5.605785548686981201e-02
4.668480157852172852e-02
1.607111888006329536e-03
2.004468627274036407e-02
8.065021038055419922e-02
3.355553373694419861e-02
5.024546757340431213e-02
-1.358915399760007858e-02
-2.225571312010288239e-02
-8.696884848177433014e-03
3.285282524302601814e-03
-1.196070574223995209e-03
6.264594383537769318e-03
7.507148198783397675e-03
5.688369739800691605e-03
1.691668108105659485e-02
-1.073983497917652130e-02
-1.027702447026968002e-02
-1.908631063997745514e-02
-3.334226552397012711e-03
6.045274130883626640e-05
-9.498370811343193054e-03
-6.475519854575395584e-03
-1.392262754961848259e-03
-1.042404305189847946e-02
-4.011369496583938599e-02
-3.005176596343517303e-02
-4.369615390896797180e-02
-1.988349668681621552e-02
-1.235939562320709229e-02
-2.880462631583213806e-02
-2.300081588327884674e-02
-2.044572122395038605e-02
-3.636669740080833435e-02
1.517648808658123016e-02
-4.434802394825965166e-04
1.013995520770549774e-02
7.369218394160270691e-03
-8.379223756492137909e-03
2.143887104466557503e-03
3.865690156817436218e-02
1.807706244289875031e-02
2.469941228628158569e-02
1.735749654471874237e-02
1.237570866942405701e-02
3.314973041415214539e-02
2.843472361564636230e-02
1.462155953049659729e-02
3.486554697155952454e-02
4.396025091409683228e-02
2.675260417163372040e-02
5.375186726450920105e-02
-2.317113801836967468e-03
-1.959533430635929108e-03
-1.471877843141555786e-02
6.144612096250057220e-03
7.855646312236785889e-03
-6.954106967896223068e-03
1.144530624151229858e-02
1.522513385862112045e-02
4.627793561667203903e-03
2.977282926440238953e-02
3.201178833842277527e-02
4.446329921483993530e-02
2.188526093959808350e-02
2.185284346342086792e-02
3.570249676704406738e-02
3.539767116308212280e-02
2.770366892218589783e-02
4.335725679993629456e-02
-1.154459360986948013e-02
-1.045161113142967224e-02
-1.889699883759021759e-02
-3.221274353563785553e-03
1.841498189605772495e-03
-4.948868881911039352e-03
-3.428445197641849518e-03
2.813206054270267487e-03
-6.976419594138860703e-03
1.493506878614425659e-02
9.111617691814899445e-03
2.208003960549831390e-02
3.054086491465568542e-02
2.351184561848640442e-02
3.638868778944015503e-02
1.764231733977794647e-02
1.577486470341682434e-02
1.996649429202079773e-02
-6.068019196391105652e-03
2.111528767272830009e-03
1.404029899276793003e-03
-5.405221600085496902e-03
1.854184898547828197e-03
1.774414908140897751e-03
-1.702228002250194550e-02
-1.454191561788320541e-02
-1.576124131679534912e-02
2.332205325365066528e-02
5.778816528618335724e-03
1.307440362870693207e-02
4.025835171341896057e-02
2.139995805919170380e-02
2.708887495100498199e-02
5.033662542700767517e-02
3.309062495827674866e-02
3.836161270737648010e-02
1.061718165874481201e-02
9.041213430464267731e-03
1.505022286437451839e-03
1.426105666905641556e-02
1.011187396943569183e-02
4.445529077202081680e-03
8.751458488404750824e-03
9.244360029697418213e-03
8.380194194614887238e-03
-3.659772127866744995e-02
-1.270826905965805054e-02
-1.279839500784873962e-02
-2.598167024552822113e-02
-6.596917752176523209e-03
-3.792038653045892715e-03
-4.063977673649787903e-02
-2.222944609820842743e-02
-1.440264657139778137e-02
-1.950741373002529144e-02
-1.227306481450796127e-02
-2.271142415702342987e-02
-8.751736953854560852e-03
-6.184794940054416656e-03
-1.840757578611373901e-02
-9.819578379392623901e-03
-8.261826820671558380e-03
-1.968555338680744171e-02
-2.805153280496597290e-02
-1.730278134346008301e-02
-2.744691446423530579e-02
-2.352562174201011658e-02
-1.450289413332939148e-02
-2.172650955617427826e-02
-1.361228525638580322e-02
-6.448787171393632889e-03
-1.306338235735893250e-02
-1.158443372696638107e-02
-1.398635841906070709e-02
-1.378807704895734787e-02
1.432667952030897141e-03
7.067464175634086132e-04
-5.725660827010869980e-03
9.566115215420722961e-03
4.180371295660734177e-03
-4.772194195538759232e-03
3.228674083948135376e-02
3.605798631906509399e-02
5.865494534373283386e-02
6.558054592460393906e-03
1.038413960486650467e-02
2.804073505103588104e-02
9.650147520005702972e-03
2.432359382510185242e-02
3.862782195210456848e-02
9.394426830112934113e-03
4.994794260710477829e-03
6.950436509214341640e-04
4.060862120240926743e-03
9.235968464054167271e-04
-2.410917542874813080e-03
-4.163005854934453964e-03
-9.825100190937519073e-03
-1.318662706762552261e-02
-6.419207435101270676e-03
-5.301204975694417953e-03
-9.498628787696361542e-03
-6.256018765270709991e-03
-4.737116862088441849e-03
-8.989526890218257904e-03
-9.164061397314071655e-03
-8.603564463555812836e-03
-1.059956382960081100e-02
1.488830428570508957e-03
2.169820712879300117e-03
6.492019747383892536e-04
-7.463787915185093880e-04
-1.174562494270503521e-03
-1.295251538977026939e-03
1.070400932803750038e-03
2.594008343294262886e-03
7.396894507110118866e-04
-2.792528364807367325e-03
-6.519416347146034241e-04
-1.017060969024896622e-02
3.305593971163034439e-03
3.067347686737775803e-03
-4.592488985508680344e-03
-1.856115995906293392e-03
8.729873807169497013e-04
-4.679729696363210678e-03
-6.335217505693435669e-03
-2.787375589832663536e-03
-9.619598276913166046e-03
-7.166038267314434052e-03
-3.228047629818320274e-03
-8.450438268482685089e-03
-7.979676127433776855e-03
-3.264085389673709869e-03
-7.594662252813577652e-03
-3.858369775116443634e-03
-7.883489131927490234e-03
-5.831037182360887527e-03
2.431773609714582562e-04
-3.801575629040598869e-03
-7.293474627658724785e-04
2.744672121480107307e-03
-9.458159911446273327e-04
3.498957259580492973e-03
-1.223226170986890793e-02
-3.340807976201176643e-03
-1.185688376426696777e-02
-8.208207786083221436e-03
-6.487920181825757027e-04
-8.338421583175659180e-03
-1.900309324264526367e-02
-1.240397244691848755e-02
-2.080290950834751129e-02
1.446647103875875473e-02
6.038008723407983780e-03
1.681546680629253387e-02
1.278688758611679077e-02
3.892754903063178062e-03
1.144668925553560257e-02
2.057653106749057770e-02
1.211215835064649582e-02
1.926692947745323181e-02
2.526093274354934692e-02
1.484523899853229523e-02
2.598341926932334900e-02
1.367208920419216156e-02
7.286774343810975552e-04
1.590129174292087555e-02
1.868868060410022736e-02
1.129589695483446121e-02
2.772137708961963654e-02
-4.945250228047370911e-03
3.141744295135140419e-03
-5.540988873690366745e-03
2.495015272870659828e-03
1.026916224509477615e-02
-7.455871673300862312e-05
1.803556922823190689e-03
5.064798984676599503e-03
4.090395756065845490e-03
-9.358708746731281281e-03
-8.560243993997573853e-03
-1.244099531322717667e-02
-1.303744874894618988e-02
-1.138068828731775284e-02
-1.640452258288860321e-02
-1.204224769026041031e-02
-9.680388495326042175e-03
-1.243314053863286972e-02
-1.066774409264326096e-02
-1.721177599392831326e-03
-2.419366966933012009e-03
-9.559047408401966095e-03
-1.811124820960685611e-04
-2.510175690986216068e-04
-1.283270027488470078e-02
-3.150807926431298256e-03
-5.463501904159784317e-03
1.891339570283889771e-02
1.288029644638299942e-02
1.010002661496400833e-02
8.420063182711601257e-03
3.820917103439569473e-03
4.865945782512426376e-03
1.255954522639513016e-02
1.314601395279169083e-02
1.219404395669698715e-02
2.508803736418485641e-03
8.814104949124157429e-04
4.800593014806509018e-03
4.514746833592653275e-03
1.509638386778533459e-04
4.204114899039268494e-03
1.288727950304746628e-02
6.871111690998077393e-03
1.391572877764701843e-02
-5.483081564307212830e-03
-1.092987484298646450e-03
-8.283254690468311310e-03
-2.755237277597188950e-03
1.611997577128931880e-04
-6.933083292096853256e-03
-1.228465512394905090e-02
-8.876954205334186554e-03
-1.508512534201145172e-02
-5.076915258541703224e-04
-1.001093187369406223e-03
1.655258354730904102e-03
3.427427145652472973e-04
-3.290188033133745193e-04
9.886452462524175644e-04
8.454674389213323593e-04
-4.235577071085572243e-04
8.007352007552981377e-04
-9.930815547704696655e-03
-7.901037111878395081e-03
-9.365770034492015839e-03
-8.450686000287532806e-03
-4.796890076249837875e-03
-6.061644759029150009e-03
-1.406030170619487762e-02
-1.070685684680938721e-02
-1.291472930461168289e-02
1.021429151296615601e-02
5.619610194116830826e-03
2.656918950378894806e-03
6.444155704230070114e-03
3.368710167706012726e-03
-1.163037610240280628e-03
2.034659497439861298e-03
2.302198437973856926e-03
-2.876574639230966568e-03
-6.691534072160720825e-03
-6.652566604316234589e-03
-9.715761989355087280e-03
-2.450163243338465691e-03
-2.476890105754137039e-03
-4.643867257982492447e-03
3.879752184730023146e-04
7.996981730684638023e-04
-1.976812025532126427e-03
2.402731962502002716e-02
5.608497187495231628e-03
1.561202481389045715e-02
1.643240451812744141e-02
-1.357505097985267639e-03
9.691871702671051025e-03
2.720539271831512451e-02
1.153959427028894424e-02
2.555681206285953522e-02
3.416250110603868961e-04
4.761361982673406601e-03
5.051790270954370499e-03
4.572394769638776779e-03
4.987528547644615173e-03
4.654804244637489319e-03
8.783789235167205334e-04
-1.301190350204706192e-03
-2.955100731924176216e-03
-5.371042992919683456e-03
-1.674412400461733341e-03
-2.079282421618700027e-03
-2.435659989714622498e-03
2.171409316360950470e-03
3.366964403539896011e-03
-2.556835068389773369e-03
3.674120875075459480e-03
4.372712690383195877e-03
1.411200850270688534e-03
1.428695395588874817e-03
-5.420818924903869629e-03
4.015713930130004883e-03
4.964635241776704788e-03
9.612102294340729713e-04
8.833197643980383873e-04
2.696031879168003798e-04
-3.978927270509302616e-04
-3.368012374266982079e-03
-5.804597749374806881e-04
-5.170359276235103607e-03
1.939716639753896743e-05
3.100724425166845322e-03
-7.623234414495527744e-04
-4.552854807116091251e-04
2.947761910036206245e-03
3.546943480614572763e-05
-9.358394891023635864e-03
-1.565499464049935341e-03
-1.514893118292093277e-02
-7.771798409521579742e-03
1.637794310227036476e-03
-6.882793270051479340e-03
-1.600830256938934326e-02
-6.893020588904619217e-03
-1.068179029971361160e-02
-5.995585117489099503e-03
-1.616974943317472935e-03
-8.494602516293525696e-03
-6.366353016346693039e-03
-7.976273191161453724e-04
-5.354324355721473694e-03
-1.696705073118209839e-02
-9.975629858672618866e-03
-1.188346464186906815e-02
-1.383238285779953003e-02
-2.030101232230663300e-02
-1.771963387727737427e-02
2.185083925724029541e-03
-2.916384488344192505e-03
1.043557305820286274e-03
3.204263048246502876e-03
-3.277963958680629730e-03
1.001159776933491230e-03
7.130872923880815506e-03
-1.879639690741896629e-03
5.932374391704797745e-03
5.818879231810569763e-03
-2.749471226707100868e-03
7.427822798490524292e-03
9.932869113981723785e-03
7.978965528309345245e-03
1.652008481323719025e-02
4.887952003628015518e-03
1.140714972279965878e-03
5.041420459747314453e-03
2.514341380447149277e-03
7.028991240076720715e-04
4.055313766002655029e-03
8.827579440549015999e-04
-1.441754167899489403e-03
2.066197106614708900e-03
-2.078687213361263275e-02
-1.497849635779857635e-02
-1.920272223651409149e-02
-2.372128888964653015e-02
-1.535140816122293472e-02
-2.516052871942520142e-02
-1.652802899479866028e-02
-9.103561751544475555e-03
-2.122635394334793091e-02
1.221911422908306122e-02
1.403111685067415237e-02
1.127519272267818451e-02
1.323363650590181351e-02
1.224996615201234818e-02
8.982124738395214081e-03
1.004732027649879456e-02
9.596624411642551422e-03
9.723538532853126526e-03
-4.107139538973569870e-03
-3.788437170442193747e-04
5.039431154727935791e-03
-4.894696641713380814e-03
-1.886769859993364662e-05
3.768021007999777794e-03
-1.426079776138067245e-03
1.425149035640060902e-03
1.038727117702364922e-03
-3.581656375899910927e-03
-1.150003750808537006e-03
-4.289557226002216339e-03
-5.610249936580657959e-03
-2.008529379963874817e-03
-8.412764407694339752e-03
-1.186227705329656601e-02
-1.044197101145982742e-02
-1.448652520775794983e-02
4.237831756472587585e-02
2.422968856990337372e-02
3.426414355635643005e-02
3.205607831478118896e-02
1.511626690626144409e-02
2.395262941718101501e-02
3.483276069164276123e-02
2.075691521167755127e-02
2.689600922167301178e-02
-1.357618905603885651e-02
-1.091196946799755096e-02
-1.828184723854064941e-02
-1.410663221031427383e-02
-1.150598376989364624e-02
-2.111920341849327087e-02
-2.088188566267490387e-02
-1.651150360703468323e-02
-2.335559763014316559e-02
-6.525912322103977203e-03
-4.191930871456861496e-03
-6.003825459629297256e-03
-5.289894994348287582e-03
-1.726759015582501888e-03
-1.996186329051852226e-03
-9.927147999405860901e-03
-7.319491356611251831e-03
-8.307700976729393005e-03
-5.573709029704332352e-03
-3.620677161961793900e-03
-2.861795481294393539e-03
-6.368515547364950180e-03
-2.973619382828474045e-03
-3.876649774610996246e-03
-1.306774374097585678e-02
-9.878205135464668274e-03
-1.440408919006586075e-02
-7.206037174910306931e-03
-5.537075456231832504e-03
-7.907825522124767303e-03
-2.526771510019898415e-03
3.079049929510802031e-04
-3.472874173894524574e-03
-2.504859818145632744e-03
-2.219287678599357605e-03
-9.505108930170536041e-03
-7.048812229186296463e-03
-5.929976701736450195e-03
-6.036039441823959351e-03
-1.880215853452682495e-02
-1.996950618922710419e-02
-1.556092593818902969e-02
-1.376423053443431854e-02
-2.082699909806251526e-02
-1.548060495406389236e-02
2.403340861201286316e-02
1.106704026460647583e-02
1.582326740026473999e-02
2.606818266212940216e-02
9.770287200808525085e-03
1.741554401814937592e-02
5.453013256192207336e-02
4.173718765377998352e-02
5.005742609500885010e-02
-4.604407586157321930e-03
8.754435111768543720e-04
1.726916409097611904e-03
-5.727197043597698212e-03
-8.155587129294872284e-04
5.112179787829518318e-04
-1.371656078845262527e-02
-8.449865505099296570e-03
-6.487528327852487564e-03
1.430632546544075012e-02
1.246154960244894028e-02
7.599516771733760834e-03
8.606450632214546204e-03
3.494561649858951569e-03
1.879344577901065350e-03
1.520796399563550949e-02
1.046930160373449326e-02
7.589903660118579865e-03
-1.961229136213660240e-03
1.358729205094277859e-03
-3.235139418393373489e-03
7.113452011253684759e-05
4.733140580356121063e-03
3.954771382268518209e-04
-3.822772298008203506e-03
2.266998402774333954e-03
-1.879160874523222446e-03
-6.802486255764961243e-03
-6.775912479497492313e-04
1.005430705845355988e-03
-3.769366769120097160e-03
1.535899587906897068e-03
5.229821894317865372e-03
-5.221467465162277222e-03
-2.009647898375988007e-03
2.512685721740126610e-03
2.878502476960420609e-03
1.397236716002225876e-03
-5.898963660001754761e-03
4.007226787507534027e-03
3.205976914614439011e-03
-7.197436061687767506e-04
-1.986635616049170494e-03
-5.523704923689365387e-03
-1.113105937838554382e-02
5.031646043062210083e-02
5.328321456909179688e-02
5.459149926900863647e-02
3.397476673126220703e-02
2.764303609728813171e-02
3.748431801795959473e-02
2.104031853377819061e-02
1.769056357443332672e-02
2.694734372198581696e-02
9.345369762741029263e-04
3.891470376402139664e-03
9.259888902306556702e-03
-5.965230520814657211e-04
-7.271342910826206207e-04
5.251261754892766476e-04
1.913971733301877975e-03
9.589341352693736553e-04
-4.422248341143131256e-03
4.571829922497272491e-04
-5.538045894354581833e-03
-4.622296430170536041e-03
1.617828733287751675e-03
-6.513418629765510559e-03
-3.417321015149354935e-03
8.326368697453290224e-05
-8.970539085566997528e-03
-4.176590126007795334e-03
7.380395662039518356e-03
4.114502109587192535e-03
6.038198713213205338e-03
6.456183269619941711e-03
2.595026278868317604e-03
5.085350014269351959e-03
1.132476516067981720e-02
6.399616599082946777e-03
7.655913010239601135e-03
3.302891924977302551e-02
2.042626217007637024e-02
3.332589566707611084e-02
1.837799139320850372e-02
6.026190239936113358e-03
1.855023019015789032e-02
2.436473593115806580e-02
9.039981290698051453e-03
2.517534792423248291e-02
-5.968007026240229607e-04
-2.262832094857003540e-05
2.488811267539858818e-03
7.443757494911551476e-04
2.413536421954631805e-03
5.841054022312164307e-03
-1.218621735461056232e-03
-6.334334611892700195e-04
1.909248880110681057e-03
-3.932587802410125732e-03
-3.025582293048501015e-03
-4.337055142968893051e-03
-4.926113877445459366e-03
-4.717276897281408310e-03
-3.919764421880245209e-03
-8.549674414098262787e-03
-8.557577617466449738e-03
-1.033435948193073273e-02
-3.370874095708131790e-03
1.282098586671054363e-03
-1.110272831283509731e-03
-4.839508328586816788e-03
-2.474705455824732780e-03
-3.893168410286307335e-03
-7.173508871346712112e-03
-3.225705586373806000e-03
-6.295312196016311646e-03
2.095204778015613556e-02
2.240850590169429779e-03
2.993716299533843994e-02
1.766178384423255920e-02
-8.673456031829118729e-04
2.542006224393844604e-02
3.582138940691947937e-02
1.985679380595684052e-02
5.085577070713043213e-02
-8.935901336371898651e-03
-1.566747901961207390e-03
-8.903515525162220001e-03
-2.041757339611649513e-03
3.020982258021831512e-03
-2.851855475455522537e-03
-8.997676894068717957e-03
-5.103874951601028442e-03
-7.997870445251464844e-03
6.411588401533663273e-05
5.842783488333225250e-03
4.995522554963827133e-03
-3.162875305861234665e-03
2.080520614981651306e-03
2.474191132932901382e-04
1.747092814184725285e-03
1.474123820662498474e-02
1.168681308627128601e-02
8.181879296898841858e-03
3.482241649180650711e-03
5.591716151684522629e-03
6.708829198032617569e-03
1.602189498953521252e-03
5.854786373674869537e-03
9.895713999867439270e-03
8.635074831545352936e-03
1.037564408034086227e-02
-1.573816128075122833e-02
-9.720823727548122406e-03
-2.000268362462520599e-02
-1.444474142044782639e-02
-8.185019716620445251e-03
-1.697528548538684845e-02
-1.537705585360527039e-02
-1.012466475367546082e-02
-1.348138786852359772e-02
-5.048418417572975159e-03
-7.204500725492835045e-04
-4.690306726843118668e-03
-4.459642339497804642e-03
-1.815505820559337735e-04
-4.639297258108854294e-03
-8.212126791477203369e-03
-4.588638432323932648e-03
-7.753416895866394043e-03
-1.103022787719964981e-02
-1.186743285506963730e-02
-1.339221280068159103e-02
-7.710641250014305115e-03
-6.221938412636518478e-03
-7.903543300926685333e-03
-9.874965995550155640e-03
-9.044583886861801147e-03
-1.113873068243265152e-02
-3.925126977264881134e-03
-1.078323461115360260e-03
-4.861861467361450195e-03
1.953619299456477165e-03
3.906299825757741928e-03
-1.206155400723218918e-03
-7.221044506877660751e-04
2.005568007007241249e-03
-4.720357246696949005e-03
-3.934097010642290115e-03
-5.885717924684286118e-03
-5.229996982961893082e-03
-1.130825025029480457e-03
-3.690691431984305382e-03
-2.062085084617137909e-03
-6.044397130608558655e-03
-5.621429998427629471e-03
-5.661938805133104324e-03
-4.160422831773757935e-03
-6.037667859345674515e-03
-7.328122388571500778e-03
-2.668353728950023651e-03
-4.388906527310609818e-03
-3.621147712692618370e-03
-1.356212887912988663e-03
-1.356308814138174057e-03
8.178212447091937065e-04
-1.416631788015365601e-02
-8.749396540224552155e-03
-1.167236641049385071e-02
-4.506848752498626709e-03
-2.426127204671502113e-03
-3.709194716066122055e-03
-7.644169963896274567e-03
-8.618534542620182037e-03
-7.202086038887500763e-03
-2.393315359950065613e-02
-1.863822899758815765e-02
-2.866082824766635895e-02
-8.109348826110363007e-03
-2.095669507980346680e-03
-1.051281485706567764e-02
-8.706310763955116272e-03
-3.669823054224252701e-03
-9.577677585184574127e-03
4.062318801879882812e-02
2.918731793761253357e-02
4.117909446358680725e-02
2.514461800456047058e-02
1.347634661942720413e-02
2.453051134943962097e-02
3.671721369028091431e-02
2.394867874681949615e-02
3.413357213139533997e-02
2.611644566059112549e-03
1.366056851111352444e-03
3.117927350103855133e-03
-4.856280516833066940e-03
-6.966874934732913971e-03
-3.101070644333958626e-03
-1.291299145668745041e-02
-1.084759831428527832e-02
-8.019958622753620148e-03
1.001129671931266785e-02
9.646339341998100281e-03
1.433029770851135254e-02
7.632720749825239182e-03
7.467583287507295609e-03
1.426143664866685867e-02
7.743762340396642685e-03
2.787930658087134361e-03
1.249481085687875748e-02
5.307580344378948212e-03
6.650460883975028992e-03
2.117735566571354866e-03
1.091555133461952209e-02
7.997847162187099457e-03
9.253596886992454529e-03
1.160181011073291302e-03
-6.361148552969098091e-04
1.579872448928654194e-03
1.280674617737531662e-02
7.210948504507541656e-03
1.025878544896841049e-02
1.470565795898437500e-02
5.444609094411134720e-03
5.955831613391637802e-03
2.400219999253749847e-02
1.497831102460622787e-02
1.327374670654535294e-02
6.991071160882711411e-03
2.749932491497020237e-06
9.853410301730036736e-04
-3.509957809001207352e-03
-9.875955991446971893e-03
-4.485063720494508743e-03
-5.825308617204427719e-03
-1.459752209484577179e-02
-1.233907602727413177e-02
-1.222930569201707840e-02
-7.015459239482879639e-03
-8.281452581286430359e-03
-9.552842937409877777e-03
7.465943926945328712e-04
-2.784503158181905746e-03
-7.833912037312984467e-03
2.111395355314016342e-03
-2.725976984947919846e-03
-1.041237637400627136e-02
-1.086817868053913116e-02
-7.911507040262222290e-03
-1.330803707242012024e-02
-1.519329473376274109e-02
-1.180376112461090088e-02
-9.026488289237022400e-03
-9.838975965976715088e-03
-1.095362845808267593e-02
-5.652488209307193756e-03
-8.208409883081912994e-03
-8.053541183471679688e-03
-5.601775832474231720e-03
-6.460350006818771362e-03
-6.928339600563049316e-03
7.900245836935937405e-04
-1.031353138387203217e-03
-1.559798256494104862e-03
-2.220173133537173271e-03
-2.324352972209453583e-03
-9.132319130003452301e-03
-6.348334252834320068e-03
-3.657060908153653145e-03
-7.412007078528404236e-03
-1.351012755185365677e-02
-1.167778391391038895e-02
-1.601444557309150696e-02
1.315429341048002243e-02
-3.650053869932889938e-03
5.833259318023920059e-03
4.691162612289190292e-03
-5.079925525933504105e-03
2.389307599514722824e-03
-1.452875556424260139e-03
-7.377604488283395767e-03
-1.939516281709074974e-03
1.303773280233144760e-02
9.977978654205799103e-03
1.529562752693891525e-02
3.823316888883709908e-03
-1.111739431507885456e-03
4.764754790812730789e-03
7.288284599781036377e-03
8.556430693715810776e-04
3.085072385147213936e-03
-8.437970653176307678e-03
-1.170836947858333588e-02
-1.882309466600418091e-02
-9.093128144741058350e-03
-6.898617837578058243e-03
-1.189594902098178864e-02
-8.735728450119495392e-03
-1.816360745579004288e-03
-9.356437250971794128e-03
2.439713664352893829e-02
1.404869835823774338e-02
2.216848731040954590e-02
1.221658289432525635e-02
5.358054768294095993e-03
1.187836844474077225e-02
1.922766305506229401e-02
1.056753005832433701e-02
1.727495715022087097e-02
2.569740638136863708e-02
2.004988305270671844e-02
2.407678775489330292e-02
2.174895070493221283e-02
8.158889599144458771e-03
1.381210703402757645e-02
2.049685828387737274e-02
1.871456159278750420e-03
3.325561992824077606e-03
-3.205264732241630554e-02
-2.678065188229084015e-02
-3.607286512851715088e-02
-1.938557811081409454e-02
-1.646884344518184662e-02
-2.578809857368469238e-02
-2.487970143556594849e-02
-2.079433016479015350e-02
-2.517444454133510590e-02
3.192299976944923401e-02
1.769423857331275940e-02
2.543371915817260742e-02
2.081304229795932770e-02
8.014869876205921173e-03
1.944159530103206635e-02
2.968420647084712982e-02
1.518335472792387009e-02
2.852423116564750671e-02
-1.263641007244586945e-02
-1.489822939038276672e-02
-1.886904053390026093e-02
-2.009312622249126434e-03
-1.710672397166490555e-03
-1.238360651768743992e-03
-9.580519690643996000e-05
4.633720032870769501e-03
9.569598361849784851e-03
2.368156984448432922e-02
1.605777814984321594e-02
5.107209458947181702e-02
1.913207769393920898e-02
4.680397454649209976e-03
3.926035761833190918e-02
2.588345855474472046e-02
1.498959120362997055e-02
5.201704427599906921e-02
3.814733773469924927e-02
2.536737918853759766e-02
3.274503722786903381e-02
2.557719126343727112e-02
1.137190125882625580e-02
1.600724644958972931e-02
2.386323921382427216e-02
7.851832546293735504e-03
6.077359430491924286e-03
-1.596678048372268677e-02
-9.255726821720600128e-03
-1.125528477132320404e-02
-1.637517660856246948e-02
-8.380115963518619537e-03
-9.500528685748577118e-03
-1.414993498474359512e-02
-5.794624332338571548e-03
-4.872983321547508240e-03
-1.729008927941322327e-02
-2.418152801692485809e-02
-3.247532621026039124e-02
-1.019105594605207443e-02
-1.173284742981195450e-02
-2.174693346023559570e-02
-1.637003943324089050e-02
-1.933025382459163666e-02
-3.352635726332664490e-02
-4.093453288078308105e-02
-2.775265462696552277e-02
-4.274269938468933105e-02
-3.885061293840408325e-02
-2.449356392025947571e-02
-3.680835664272308350e-02
-4.174966737627983093e-02
-2.977854758501052856e-02
-4.079288616776466370e-02
-2.004143409430980682e-02
-1.303963642567396164e-02
-2.085732668638229370e-02
-1.133441459387540817e-02
-2.924216212704777718e-03
-1.039339136332273483e-02
-1.357732713222503662e-02
-5.619678180664777756e-03
-1.800920628011226654e-02
7.191251032054424286e-03
2.215781947597861290e-03
8.417612873017787933e-03
5.935783497989177704e-03
3.103176713921129704e-04
5.868751555681228638e-03
7.742797490209341049e-03
-5.014413618482649326e-04
1.281956559978425503e-03
-1.790250302292406559e-03
-1.377660315483808517e-02
3.237719647586345673e-03
-1.524573285132646561e-02
-3.314734622836112976e-02
-1.421743724495172501e-02
7.838102988898754120e-03
-6.177746690809726715e-03
1.189800631254911423e-02
4.136603698134422302e-02
2.135772816836833954e-02
2.520352043211460114e-02
2.410235628485679626e-02
3.233238356187939644e-03
7.251742761582136154e-03
3.727331757545471191e-02
1.312705874443054199e-02
9.688048623502254486e-03
-2.149815857410430908e-02
-7.115815300494432449e-03
-2.108755707740783691e-02
-2.047894522547721863e-02
-8.791649714112281799e-03
-2.064855955541133881e-02
-2.963720634579658508e-02
-2.026362903416156769e-02
-2.833144366741180420e-02
4.852846264839172363e-03
9.298834018409252167e-03
7.695946376770734787e-03
6.786567158997058868e-03
7.287312764674425125e-03
3.369361395016312599e-03
1.457132399082183838e-02
1.332938671112060547e-02
1.340956054627895355e-02
-1.816941797733306885e-02
-7.854725234210491180e-03
-5.685816518962383270e-03
-1.869641989469528198e-02
-8.195838890969753265e-03
-9.705042466521263123e-03
-2.721628360450267792e-02
-1.536299195140600204e-02
-1.670286059379577637e-02
-1.271005999296903610e-02
-7.771240081638097763e-03
-1.200103759765625000e-02
-1.347636338323354721e-02
-1.282847020775079727e-02
-2.359397336840629578e-02
-1.662371680140495300e-02
-2.015381492674350739e-02
-2.596629969775676727e-02
-4.932393133640289307e-02
-2.815265581011772156e-02
-4.655405506491661072e-02
-2.304417639970779419e-02
-8.365742862224578857e-03
-2.694556303322315216e-02
-2.181333303451538086e-02
-1.343108247965574265e-02
-2.716410532593727112e-02
-1.374066155403852463e-02
-5.450408905744552612e-03
-1.344932522624731064e-02
-7.385748438537120819e-03
2.813587663695216179e-03
-4.220742266625165939e-03
-6.386563181877136230e-03
3.674342529848217964e-03
-1.639853464439511299e-03
7.106984499841928482e-03
1.507897395640611649e-04
1.586097106337547302e-02
1.324812509119510651e-02
-1.190555514767765999e-03
1.202686224132776260e-02
3.019017726182937622e-02
1.767173968255519867e-02
2.835995331406593323e-02
-1.689585484564304352e-02
-1.548037771135568619e-02
-1.893309690058231354e-02
-1.293359231203794479e-02
-1.009834464639425278e-02
-1.371183153241872787e-02
-1.245986763387918472e-02
-1.185089349746704102e-02
-1.284177880734205246e-02
4.007363691926002502e-03
-7.197489030659198761e-03
-7.161308079957962036e-03
-8.887010626494884491e-03
-1.854038424789905548e-02
-1.512041501700878143e-02
-8.478119852952659130e-04
-1.231613010168075562e-02
-1.451031025499105453e-02
8.441792801022529602e-03
7.488771807402372360e-03
1.601780205965042114e-02
2.156287664547562599e-03
-1.010578474961221218e-03
9.262925945222377777e-03
1.157510560005903244e-02
7.525804918259382248e-03
1.687933318316936493e-02
5.470739211887121201e-03
2.773040478132315911e-06
5.289963912218809128e-03
2.228158526122570038e-03
-2.220172667875885963e-03
4.564717411994934082e-03
1.246256474405527115e-02
1.233171764761209488e-02
1.530017610639333725e-02
-1.723507978022098541e-02
-1.511442940682172775e-02
-1.480555068701505661e-02
-1.712866872549057007e-02
-1.452847197651863098e-02
-1.573404297232627869e-02
-1.722509786486625671e-02
-1.525805331766605377e-02
-1.629621163010597229e-02
-1.113386638462543488e-02
-1.011966541409492493e-02
-3.655550535768270493e-03
-4.593820776790380478e-03
-8.685243315994739532e-03
-4.807505290955305099e-03
-3.695000661537051201e-03
-7.510002236813306808e-03
-1.842927769757807255e-03
-1.323719974607229233e-02
-1.505306735634803772e-02
-2.096754265949130058e-03
-2.432237192988395691e-02
-2.652086690068244934e-02
-1.155883260071277618e-02
-1.917876675724983215e-02
-2.256054244935512543e-02
-8.124981075525283813e-03
1.368741225451231003e-02
5.696184001863002777e-03
6.232574582099914551e-03
1.374531630426645279e-02
3.590786131098866463e-03
9.031141176819801331e-03
1.233479753136634827e-02
1.939708949066698551e-03
5.741747096180915833e-03
1.701251976191997528e-02
1.344293169677257538e-02
3.294761851429939270e-02
1.760182529687881470e-02
8.595888502895832062e-03
2.711344696581363678e-02
3.693179041147232056e-02
2.763871103525161743e-02
4.142070561647415161e-02
-1.499661337584257126e-02
-1.209639292210340500e-02
-6.714040413498878479e-03
-8.380901999771595001e-03
-4.718838259577751160e-03
2.180388546548783779e-04
-8.583415299654006958e-03
-6.937677506357431412e-03
1.238217810168862343e-03
-9.749027900397777557e-03
-1.019324176013469696e-02
-1.065776776522397995e-02
1.119149019359610975e-04
-1.564737904118373990e-04
-4.079231526702642441e-03
-5.050693638622760773e-03
-4.850342404097318649e-03
-5.720278248190879822e-03
-3.957359865307807922e-02
-2.079137787222862244e-02
-2.506201714277267456e-02
-2.718837186694145203e-02
-7.953120395541191101e-03
-1.169077679514884949e-02
-3.340297937393188477e-02
-1.862166635692119598e-02
-2.313512563705444336e-02
-4.658658057451248169e-03
-1.606676913797855377e-02
-7.669091690331697464e-03
-1.491229329258203506e-02
-3.258474916219711304e-02
-2.363684587180614471e-02
-4.744537640362977982e-03
-2.108723670244216919e-02
-1.762989535927772522e-02
3.528212010860443115e-02
2.183882147073745728e-02
4.478724300861358643e-02
1.701097190380096436e-02
1.620773691684007645e-03
2.304335311055183411e-02
3.195204213261604309e-02
1.498250849545001984e-02
2.778800204396247864e-02
7.349092978984117508e-03
1.210433430969715118e-02
4.803460091352462769e-03
-8.277083397842943668e-04
4.880724940448999405e-03
1.809551380574703217e-03
1.392807927913963795e-03
8.551458828151226044e-03
7.275971584022045135e-03
1.520746666938066483e-02
1.139965187758207321e-02
1.508657261729240417e-02
7.930176332592964172e-03
-1.272766850888729095e-03
-2.301172120496630669e-03
6.548584438860416412e-03
5.734311416745185852e-04
-1.618528040125966072e-03
3.307554638013243675e-03
5.059715360403060913e-03
2.816329477354884148e-03
2.124449471011757851e-03
4.185690544545650482e-03
1.797129632905125618e-03
2.066385000944137573e-03
5.464888643473386765e-03
2.432637149468064308e-03
-1.067780610173940659e-02
-1.241154386661946774e-03
-6.477485410869121552e-03
-5.030569154769182205e-03
3.858876647427678108e-03
5.246476270258426666e-03
-1.547138113528490067e-02
-7.469996344298124313e-03
-5.227428395301103592e-03
-1.858263649046421051e-02
-1.430674642324447632e-02
-2.838658913969993591e-02
-1.286188885569572449e-02
-8.093656972050666809e-03
-2.118501067161560059e-02
-2.457585930824279785e-02
-1.900772936642169952e-02
-3.159921988844871521e-02
3.356877248734235764e-03
-2.522652968764305115e-03
-3.201892366632819176e-03
2.685807878151535988e-03
-3.823952050879597664e-03
2.720302436500787735e-03
6.034793332219123840e-03
1.873771427199244499e-03
9.622768498957157135e-03
1.178023032844066620e-02
7.931639440357685089e-03
7.496653124690055847e-03
2.008401090279221535e-03
-1.138554536737501621e-03
1.151586533524096012e-03
-3.827385371550917625e-03
-3.012311179190874100e-03
-1.995385624468326569e-03
-2.913445420563220978e-02
-1.544799841940402985e-02
-2.784634754061698914e-02
-2.170667052268981934e-02
-9.787832386791706085e-03
-2.180523052811622620e-02
-2.836347557604312897e-02
-1.932677067816257477e-02
-3.362604975700378418e-02
-1.671011932194232941e-02
-4.513684194535017014e-03
-1.200721692293882370e-02
-2.007055655121803284e-02
-7.156170438975095749e-03
-1.561470236629247665e-02
-3.089302591979503632e-02
-1.639453321695327759e-02
-2.501010894775390625e-02
5.610038992017507553e-03
-1.036824006587266922e-02
8.629041723906993866e-03
1.163062825798988342e-02
-9.416502900421619415e-03
8.102326653897762299e-03
3.768245875835418701e-02
1.277879439294338226e-02
3.356172516942024231e-02
-1.918470300734043121e-02
-1.047072373330593109e-02
-1.358975842595100403e-02
-1.650624535977840424e-02
-9.326539933681488037e-03
-1.262616179883480072e-02
-1.039095502346754074e-02
-2.796660177409648895e-03
-3.405517200008034706e-03
4.098701477050781250e-02
2.488418668508529663e-02
4.439759254455566406e-02
1.914749108254909515e-02
6.804572883993387222e-03
2.388647012412548065e-02
2.705559320747852325e-02
2.058648318052291870e-02
3.984163329005241394e-02
-8.918272331357002258e-03
-3.628898411989212036e-03
-5.292299669235944748e-03
2.010530559346079826e-03
4.057865589857101440e-03
3.566468600183725357e-03
1.732134143821895123e-03
4.639982245862483978e-03
3.133710939437150955e-03
1.692183129489421844e-02
1.076657138764858246e-02
1.861825585365295410e-02
1.232314296066761017e-02
2.529226476326584816e-03
9.008721448481082916e-03
1.722447760403156281e-02
5.118205677717924118e-03
1.060419529676437378e-02
-3.729840740561485291e-03
-4.911951255053281784e-03
-4.251456353813409805e-03
-4.210127051919698715e-03
-5.617145914584398270e-03
-5.313646979629993439e-03
-5.894903093576431274e-03
-1.222041249275207520e-02
-6.687949877232313156e-03
-8.758177980780601501e-03
-6.443013437092304230e-03
-7.084959186613559723e-03
-1.126419985666871071e-03
2.079609839711338282e-04
-6.543486961163580418e-04
7.749587530270218849e-04
6.787079037167131901e-04
1.809627865441143513e-03
1.329295244067907333e-02
8.251570165157318115e-03
5.468938499689102173e-03
1.259753387421369553e-02
6.204422563314437866e-03
5.803630221635103226e-03
1.700396090745925903e-02
9.641730226576328278e-03
7.887676358222961426e-03
-2.190919779241085052e-02
-1.655480265617370605e-02
-1.419126894325017929e-02
-1.293292455375194550e-02
-8.197910152375698090e-03
-5.707473494112491608e-03
-1.299022696912288666e-02
-9.125735610723495483e-03
-1.320523023605346680e-02
1.016244012862443924e-02
1.140491943806409836e-02
1.696382835507392883e-02
1.346933096647262573e-02
8.372726850211620331e-03
1.365363318473100662e-02
2.010156586766242981e-02
1.722755283117294312e-02
1.902324520051479340e-02
-1.782656274735927582e-02
-8.709951303899288177e-03
-1.588573306798934937e-02
-9.066547267138957977e-03
-5.724271177314221859e-04
-6.503336131572723389e-03
-1.761552505195140839e-02
-9.686862118542194366e-03
-1.631139405071735382e-02
3.554477822035551071e-03
2.892623655498027802e-03
-1.608094549737870693e-03
-1.712276833131909370e-03
-1.347711193375289440e-03
-5.212619900703430176e-03
-4.278234671801328659e-03
-2.840428845956921577e-03
-3.576170187443494797e-03
2.008487284183502197e-02
1.440239138901233673e-02
1.809980347752571106e-02
1.381558924913406372e-02
1.007645670324563980e-02
1.747197471559047699e-02
6.181088741868734360e-03
2.001029206439852715e-03
7.079701405018568039e-03
-5.125402007251977921e-03
-1.870520994998514652e-03
7.534711156040430069e-03
-4.344377666711807251e-03
-5.087378434836864471e-03
5.134674720466136932e-04
7.992165628820657730e-04
-1.477402751334011555e-03
4.021537024527788162e-03
-3.539235331118106842e-03
-2.527125179767608643e-03
1.925291377119719982e-03
4.102963488548994064e-03
2.901045139878988266e-03
5.209007766097784042e-03
7.922111079096794128e-03
1.082518137991428375e-02
9.725508280098438263e-03
4.103293642401695251e-03
-1.689712284132838249e-03
1.754019409418106079e-03
2.653891686350107193e-03
-4.822374787181615829e-03
-3.538168035447597504e-03
6.100869271904230118e-03
-1.972907688468694687e-03
5.179372383281588554e-04
-6.906405091285705566e-03
-2.755325986072421074e-03
-6.233304738998413086e-03
-1.389097142964601517e-02
-8.834494277834892273e-03
-1.481431163847446442e-02
-1.928818039596080780e-02
-1.414437592029571533e-02
-2.134915255010128021e-02
-4.055253695696592331e-03
-2.544189570471644402e-03
-3.563628531992435455e-03
-9.614261798560619354e-03
-3.916364163160324097e-03
-3.572818590328097343e-03
-1.550710294395685196e-02
-8.283681236207485199e-03
-1.006447523832321167e-02
-1.395669672638177872e-02
-1.179004367440938950e-02
-1.708522252738475800e-02
-1.241096202284097672e-02
-7.637199014425277710e-03
-1.089962664991617203e-02
-1.767843216657638550e-02
-1.348866987973451614e-02
-1.236077118664979935e-02
-1.714891754090785980e-02
-1.142526045441627502e-02
-6.122946739196777344e-03
-1.078792940825223923e-02
-1.081089116632938385e-02
-4.875834099948406219e-03
-8.380307815968990326e-03
-8.602255024015903473e-03
-8.632251992821693420e-03
-3.717067011166363955e-04
3.226038999855518341e-03
2.223803428933024406e-03
4.159039352089166641e-03
1.083938777446746826e-02
1.320309843868017197e-02
9.422875009477138519e-03
1.567309163510799408e-02
2.008319273591041565e-02
1.439463929273188114e-03
3.366247983649373055e-03
3.197435056790709496e-03
5.498261190950870514e-03
4.008154384791851044e-03
1.479313010349869728e-03
1.042700558900833130e-02
8.912276476621627808e-03
6.845352705568075180e-03
-5.067152436822652817e-03
-1.170486328192055225e-03
6.128762383013963699e-03
-2.139511983841657639e-03
-2.596820471808314323e-03
5.654177162796258926e-03
4.218576010316610336e-03
3.155967686325311661e-03
1.385600678622722626e-02
5.575368553400039673e-02
3.359118476510047913e-02
6.134078651666641235e-02
2.959933690726757050e-02
5.205495283007621765e-03
3.339216485619544983e-02
3.848610073328018188e-02
1.552285067737102509e-02
3.680652379989624023e-02
2.810795418918132782e-02
1.839413307607173920e-02
1.743324100971221924e-02
1.651789434254169464e-02
4.259324166923761368e-03
5.536466836929321289e-03
1.923594996333122253e-02
3.993951249867677689e-03
7.384425960481166840e-03
8.507236838340759277e-03
6.019006483256816864e-03
1.525109913200139999e-02
9.734789840877056122e-03
2.627115231007337570e-03
1.094851829111576080e-02
1.622532494366168976e-02
1.005466934293508530e-02
1.913958787918090820e-02
2.206901460886001587e-02
1.663746684789657593e-02
1.719743385910987854e-02
1.217301003634929657e-02
8.187683299183845520e-03
1.362296845763921738e-02
8.330157957971096039e-03
-1.748230861267074943e-04
1.850689644925296307e-03
1.889085955917835236e-02
2.273271419107913971e-02
3.092735633254051208e-02
1.014828681945800781e-02
8.049338124692440033e-03
1.525264885276556015e-02
1.884486153721809387e-02
1.403811480849981308e-02
2.095525898039340973e-02
-1.151680853217840195e-02
-6.677390076220035553e-03
-9.163220413029193878e-03
-3.259557299315929413e-03
-9.727597353048622608e-04
-5.061605013906955719e-03
-9.493315592408180237e-03
-1.123669277876615524e-02
-2.200978621840476990e-02
-2.345311082899570465e-02
-1.542264688760042191e-02
-2.101127617061138153e-02
-2.461071871221065521e-02
-1.390036474913358688e-02
-1.924076490104198456e-02
-3.070125915110111237e-02
-2.020027302205562592e-02
-2.476254850625991821e-02
3.178161103278398514e-03
-3.922247327864170074e-03
1.751378551125526428e-02
5.529532674700021744e-03
-5.173085723072290421e-03
1.443721354007720947e-02
3.656265512108802795e-02
2.228010632097721100e-02
3.909685090184211731e-02
1.280935131944715977e-03
-4.870999604463577271e-03
6.826985161751508713e-03
3.863847581669688225e-03
-5.149434320628643036e-03
3.767505520954728127e-03
1.495541259646415710e-02
1.045787334442138672e-02
1.441927440464496613e-02
-1.295531750656664371e-03
-1.026502251625061035e-02
2.632785588502883911e-03
-9.806221351027488708e-03
-2.162326127290725708e-02
-7.553837262094020844e-03
-4.137219861149787903e-03
-1.260587945580482483e-02
-5.566124338656663895e-03
4.634809214621782303e-03
5.120574496686458588e-03
-1.455641468055546284e-04
7.223753258585929871e-03
3.321252297610044479e-03
-1.330464845523238182e-03
2.349311718717217445e-03
-4.157789051532745361e-03
-6.802663207054138184e-03
-1.238287705928087234e-02
-7.736369734629988670e-04
-1.943002804182469845e-03
-8.220658637583255768e-03
-3.373911022208631039e-04
-2.982603618875145912e-03
-1.215565949678421021e-02
-7.420880254358053207e-03
-9.901186451315879822e-03
1.304966770112514496e-02
2.448630053550004959e-03
9.032553993165493011e-03
2.379277255386114120e-03
-4.893240053206682205e-03
-3.694213228300213814e-04
6.791411899030208588e-03
1.083908253349363804e-03
7.767784874886274338e-03
-9.466553106904029846e-03
-2.443129196763038635e-03
3.587589133530855179e-03
-9.639209136366844177e-03
-3.739329986274242401e-03
-2.087478060275316238e-03
-1.457771006971597672e-02
-6.129194516688585281e-03
-5.607561208307743073e-03
-1.212320476770401001e-02
-1.243373099714517593e-02
-1.724995858967304230e-02
-1.322263944894075394e-02
-1.398786343634128571e-02
-2.311302162706851959e-02
-1.974107138812541962e-02
-1.947838626801967621e-02
-2.420373633503913879e-02
-1.810370013117790222e-02
-1.298913080245256424e-02
-1.302189938724040985e-02
-9.379659779369831085e-03
-7.377033121883869171e-03
-7.093058899044990540e-03
-8.727501146495342255e-03
-5.740147549659013748e-03
-7.113623898476362228e-03
-1.655779220163822174e-02
-1.289521064609289169e-02
-1.612478867173194885e-02
-8.302376605570316315e-03
-5.644144024699926376e-03
-8.008033968508243561e-03
-8.778342977166175842e-03
-4.580636043101549149e-03
-7.377701345831155777e-03
5.292386282235383987e-03
4.683622624725103378e-03
8.103907108306884766e-03
9.562128223478794098e-03
1.390797202475368977e-03
2.095695817843079567e-03
1.534869614988565445e-02
8.920176886022090912e-03
1.202766969799995422e-02
-9.404828771948814392e-03
-5.030390340834856033e-03
-8.153259754180908203e-03
-1.022917032241821289e-02
-4.338284954428672791e-03
-4.607826005667448044e-03
-1.415303908288478851e-02
-7.056705188006162643e-03
-7.776043377816677094e-03
-1.289330981671810150e-02
-1.699164323508739471e-02
-1.558276824653148651e-02
-1.167933642864227295e-02
-1.433072797954082489e-02
-1.602625101804733276e-02
-1.105963066220283508e-02
-1.715096086263656616e-02
-1.893645338714122772e-02
3.183853626251220703e-02
2.908386290073394775e-02
3.832947462797164917e-02
1.620448380708694458e-02
9.291337803006172180e-03
2.191048860549926758e-02
1.740653626620769501e-02
1.300542615354061127e-02
2.393556572496891022e-02
-1.318057626485824585e-02
-2.461133152246475220e-02
-1.020781043916940689e-02
-1.808918640017509460e-02
-3.107234090566635132e-02
-2.060946263372898102e-02
-1.055787038058042526e-02
-1.967578753829002380e-02
-1.128552947193384171e-02
-2.935637487098574638e-03
-2.834170591086149216e-03
-1.607073354534804821e-03
-1.818453893065452576e-03
-1.506727538071572781e-03
-3.763725690077990294e-04
-8.016101783141493797e-04
3.674512845464050770e-04
1.995674101635813713e-03
-2.425308339297771454e-02
-1.286113262176513672e-02
-1.612136885523796082e-02
-1.434443704783916473e-02
-6.454865448176860809e-03
-1.017036102712154388e-02
-1.790525205433368683e-02
-1.204035058617591858e-02
-1.645742170512676239e-02
1.343350205570459366e-02
3.498371690511703491e-03
3.331745974719524384e-03
1.090251933783292770e-02
-3.857051720842719078e-03
1.352122519165277481e-03
1.762524433434009552e-02
3.350554266944527626e-03
9.755175560712814331e-03
-5.983920302242040634e-03
-5.903341341763734818e-03
-6.205796729773283005e-03
-6.825759774073958397e-04
3.633936867117881775e-04
1.494418131187558174e-03
2.045807894319295883e-03
3.547680098563432693e-03
4.875298123806715012e-03
1.064738258719444275e-03
4.774432163685560226e-03
1.381984259933233261e-02
-4.123635124415159225e-03
-1.111433142796158791e-03
3.389952704310417175e-03
-6.929939147084951401e-03
-6.190295098349452019e-04
4.635852528735995293e-04
-2.480253390967845917e-02
-2.088353224098682404e-02
-2.418468333780765533e-02
-1.131081767380237579e-02
-1.315245404839515686e-02
-1.701790466904640198e-02
-1.697601564228534698e-02
-1.642190292477607727e-02
-2.349199540913105011e-02
4.733656533062458038e-03
3.194501157850027084e-03
2.253981772810220718e-03
4.371321294456720352e-03
7.843496277928352356e-04
-1.640769369259942323e-05
4.636147525161504745e-03
-7.697415421716868877e-04
-1.562643446959555149e-03
-2.573009394109249115e-02
-1.855507306754589081e-02
-1.528922282159328461e-02
-1.741474494338035583e-02
-9.123976342380046844e-03
-5.152144934982061386e-03
-2.402833662927150726e-02
-1.301415357738733292e-02
-1.025403011590242386e-02
9.419885464012622833e-03
1.726084621623158455e-03
1.361947041004896164e-02
1.826815074309706688e-03
-3.729293122887611389e-03
8.674699813127517700e-03
-1.021367684006690979e-02
-1.237093191593885422e-02
-2.199553186073899269e-03
-1.371840853244066238e-02
-5.223782267421483994e-03
-9.730277583003044128e-03
-1.112730801105499268e-02
-2.985886239912360907e-04
-3.272708738222718239e-03
-1.610656455159187317e-02
-5.243001040071249008e-03
-1.158617809414863586e-02
3.089305944740772247e-03
4.019264597445726395e-03
7.062805350869894028e-03
7.379152521025389433e-05
1.814434072002768517e-03
4.502614028751850128e-03
3.449157578870654106e-03
5.265050102025270462e-03
9.952126070857048035e-03
2.231434173882007599e-02
1.429960876703262329e-02
2.511624805629253387e-02
1.647758297622203827e-02
7.170876488089561462e-03
1.324074715375900269e-02
2.332147397100925446e-02
1.253199670463800430e-02
1.748109236359596252e-02
1.519794459454715252e-03
6.985166575759649277e-03
7.126538548618555069e-03
-4.202606156468391418e-03
-3.992624697275459766e-04
1.511160400696098804e-03
-7.742992602288722992e-03
-1.030491897836327553e-03
-5.204912304179742932e-05
1.399003551341593266e-03
5.240372847765684128e-03
-2.496824366971850395e-03
3.386102849617600441e-03
5.999246146529912949e-03
1.307444297708570957e-03
-1.740156090818345547e-03
1.961858710274100304e-03
-3.415994811803102493e-03
-1.380990911275148392e-02
-1.405416056513786316e-02
-1.387113891541957855e-02
-1.470134593546390533e-02
-1.368011441081762314e-02
-1.353492308408021927e-02
-1.577468402683734894e-02
-1.377142500132322311e-02
-1.125249266624450684e-02
-2.457587979733943939e-02
-1.527670118957757950e-02
-2.688089571893215179e-02
-1.805632188916206360e-02
-8.989741094410419464e-03
-2.082833833992481232e-02
-2.685371786355972290e-02
-1.777390204370021820e-02
-2.842091768980026245e-02
1.859218068420886993e-02
1.988691650331020355e-02
1.482704747468233109e-02
6.766883656382560730e-03
2.627084497362375259e-03
5.612645298242568970e-03
2.121040597558021545e-02
2.620250917971134186e-02
2.668207511305809021e-02
-2.887355629354715347e-03
-8.733474533073604107e-04
-3.723507048562169075e-03
-5.729993805289268494e-03
-3.104795934632420540e-03
-5.904731806367635727e-03
-3.514661686494946480e-03
-2.333158336114138365e-04
-2.449695253744721413e-03
-9.672642685472965240e-03
-4.787801764905452728e-03
-7.987806573510169983e-03
-1.769463531672954559e-02
-1.235396321862936020e-02
-1.265595760196447372e-02
-1.925714686512947083e-02
-1.396452076733112335e-02
-1.431354507803916931e-02
-4.397098906338214874e-03
-4.065392073243856430e-03
8.430528687313199043e-04
-9.663631208240985870e-03
-6.077561061829328537e-03
-5.362616851925849915e-03
-1.196704898029565811e-02
-6.445488892495632172e-03
-4.948719404637813568e-03
-4.499045666307210922e-03
-1.007337588816881180e-02
-5.241333972662687302e-03
-3.037176327779889107e-03
-3.327461658045649529e-03
1.584612648002803326e-03
-4.155390895903110504e-03
-3.974528517574071884e-03
1.446175854653120041e-03
-1.134048495441675186e-02
-7.589447312057018280e-03
-6.587899290025234222e-03
-4.920161794871091843e-03
-4.552986007183790207e-03
-3.849198110401630402e-03
-8.826338686048984528e-03
-9.567416273057460785e-03
-1.037165988236665726e-02
2.805468440055847168e-02
2.082605101168155670e-02
3.282070159912109375e-02
1.751819439232349396e-02
7.433255203068256378e-03
1.900023408234119415e-02
2.503222785890102386e-02
1.517746783792972565e-02
2.428983151912689209e-02
5.728586111217737198e-03
5.590395536273717880e-03
8.648746646940708160e-03
3.800355130806565285e-03
1.678199158050119877e-03
6.626526359468698502e-03
5.091493483632802963e-03
5.058544222265481949e-03
1.133907679468393326e-02
-4.273175727576017380e-03
2.513416344299912453e-03
-7.979529909789562225e-03
1.024692202918231487e-03
6.482836324721574783e-03
2.599295228719711304e-03
-1.429324620403349400e-03
-9.042064775712788105e-04
-3.583169542253017426e-03
-1.290967036038637161e-02
-1.288641802966594696e-02
-1.454745698720216751e-02
-6.916166748851537704e-03
-8.752658963203430176e-03
-9.982064366340637207e-03
-7.972865132614970207e-04
-1.823443220928311348e-03
-2.848738222382962704e-04
-2.392099937424063683e-03
-1.765831024385988712e-03
-1.044664648361504078e-03
-1.203499152325093746e-03
-2.099585020914673805e-03
-1.347023644484579563e-03
-3.345788689330220222e-03
-3.042705357074737549e-03
-1.756997779011726379e-03
1.361499424092471600e-03
1.553327427245676517e-03
-9.576125303283333778e-04
-2.240435453131794930e-03
-1.209536683745682240e-03
-1.449010800570249557e-03
-2.392690861597657204e-03
-1.698137610219419003e-03
-1.060877693817019463e-03
-1.145281270146369934e-02
-1.116862986236810684e-02
-1.767785847187042236e-02
-5.186787340790033340e-03
-2.257909858599305153e-03
-7.513291202485561371e-03
-1.449751853942871094e-02
-1.176639832556247711e-02
-1.965133287012577057e-02
-4.710025154054164886e-03
-1.611037994734942913e-03
-6.364704575389623642e-03
-2.784501761198043823e-03
-1.294177374802529812e-03
-6.744714919477701187e-03
2.919309190474450588e-04
4.592883342411369085e-04
-1.697994652204215527e-03
2.010912634432315826e-03
-4.396448377519845963e-03
3.047954814974218607e-04
4.838414024561643600e-03
-1.193008036352694035e-03
1.592425978742539883e-03
1.340238936245441437e-02
8.179021067917346954e-03
1.104271691292524338e-02
1.735766651108860970e-03
-7.260887883603572845e-03
7.338793016970157623e-03
3.176913014613091946e-04
-7.973755709826946259e-03
5.260129459202289581e-03
1.533132698386907578e-02
5.608248058706521988e-03
2.086725458502769470e-02
8.446409367024898529e-03
2.785859862342476845e-03
7.463625632226467133e-03
6.205086596310138702e-03
2.046855166554450989e-03
4.453178495168685913e-03
8.827995508909225464e-03
5.323234479874372482e-03
7.608159445226192474e-03
1.499830279499292374e-02
9.396783076226711273e-03
2.223139815032482147e-02
9.238354861736297607e-03
3.199683269485831261e-03
1.668632589280605316e-02
1.699837855994701385e-02
1.282585412263870239e-02
2.559674344956874847e-02
1.262302324175834656e-02
1.901151239871978760e-02
1.778970099985599518e-02
1.701925881206989288e-02
2.128013968467712402e-02
2.211704477667808533e-02
5.969505757093429565e-03
7.389291655272245407e-03
8.618254214525222778e-03
7.197688333690166473e-03
1.975433202460408211e-03
-3.664513118565082550e-03
5.801617167890071869e-03
4.987487336620688438e-04
-3.332000924274325371e-03
9.754478931427001953e-03
8.645613677799701691e-03
5.955124273896217346e-03
-1.064549852162599564e-02
-3.575942013412714005e-03
-4.421107936650514603e-03
-7.837931625545024872e-03
-1.455690013244748116e-03
-4.306704795453697443e-04
-1.135015115141868591e-02
-3.064696909859776497e-03
-3.644359996542334557e-03
4.565778002142906189e-02
3.785065934062004089e-02
4.727955907583236694e-02
2.537130564451217651e-02
1.326494943350553513e-02
2.340802177786827087e-02
3.811797499656677246e-02
2.916030026972293854e-02
3.199544548988342285e-02
1.481793541461229324e-02
1.011399272829294205e-02
1.415326446294784546e-02
1.024794299155473709e-02
6.323333363980054855e-03
1.155337039381265640e-02
1.651241257786750793e-02
1.300924923270940781e-02
2.078132517635822296e-02
-1.330982893705368042e-02
-9.556650184094905853e-03
-1.596053317189216614e-02
-5.466468632221221924e-03
-4.059746279381215572e-04
-6.387497764080762863e-03
-1.949084550142288208e-02
-1.209530141204595566e-02
-1.524849515408277512e-02
-2.810498001053929329e-03
-3.077271161600947380e-03
-1.535981078632175922e-03
1.209480804391205311e-03
-1.670866389758884907e-03
-2.376367105171084404e-03
-8.010313031263649464e-04
-1.321448362432420254e-03
-2.619393402710556984e-03
2.104869345203042030e-03
4.499423375818878412e-04
-8.721369667910039425e-04
3.563323058187961578e-03
3.178586252033710480e-03
2.519562840461730957e-04
-3.951014950871467590e-03
-5.399744492024183273e-03
-8.890792727470397949e-03
-3.236178308725357056e-03
-3.781551960855722427e-03
-1.206142921000719070e-02
-2.489065518602728844e-03
-1.683516748016700149e-04
-9.996364824473857880e-03
-8.978540077805519104e-03
-3.313653869554400444e-03
-1.107124146074056625e-02
-1.895129121840000153e-02
-1.480098068714141846e-02
-1.983078382909297943e-02
-1.021299231797456741e-02
-6.073848344385623932e-03
-1.040625199675559998e-02
-6.621758919209241867e-03
-3.095911815762519836e-03
-5.949328187853097916e-03
6.568213459104299545e-03
-4.104829393327236176e-03
8.034591446630656719e-04
2.596285194158554077e-03
-4.060426261276006699e-03
1.691696001216769218e-03
7.114100735634565353e-03
-3.431312215980142355e-04
5.543026607483625412e-03
2.841617446392774582e-03
8.058613166213035583e-03
7.143659982830286026e-03
1.259475131519138813e-03
3.378218680154532194e-04
1.799141522496938705e-03
1.476355129852890968e-03
9.279588120989501476e-04
6.344239227473735809e-04
-2.021764218807220459e-02
-1.502455957233905792e-02
-1.769334264099597931e-02
-1.560173835605382919e-02
-7.455472368746995926e-03
-8.459115400910377502e-03
-2.178297564387321472e-02
-1.270728744566440582e-02
-1.333609875291585922e-02
2.720786258578300476e-03
8.261062903329730034e-04
-3.555802628397941589e-03
3.066580044105648994e-03
1.565884682349860668e-03
7.666239980608224869e-04
5.970429629087448120e-03
2.984184073284268379e-03
1.616354682482779026e-03
9.399639442563056946e-03
9.601529687643051147e-03
7.466585841029882431e-03
1.208819076418876648e-02
1.138658821582794189e-02
9.285259991884231567e-03
1.193371973931789398e-02
1.088160555809736252e-02
9.356198832392692566e-03
-3.940411377698183060e-03
-2.729522297158837318e-03
-5.521600600332021713e-03
1.239282893948256969e-03
3.717067884281277657e-03
1.426396891474723816e-03
-9.158994071185588837e-03
-5.327295511960983276e-03
-3.680685535073280334e-03
-1.564596034586429596e-02
-6.794489454478025436e-03
-1.882573589682579041e-02
-1.284600887447595596e-02
-6.804568110965192318e-04
-1.286489330232143402e-02
-3.673523291945457458e-02
-2.314080111682415009e-02
-3.681571036577224731e-02
-1.622551679611206055e-02
-1.810247451066970825e-02
-1.045530568808317184e-02
-1.364816538989543915e-02
-1.548404898494482040e-02
-9.469859302043914795e-03
-7.410852238535881042e-03
-1.015537139028310776e-02
-4.264102783054113388e-03
1.797720789909362793e-02
1.254566828720271587e-03
1.250567287206649780e-02
1.822703890502452850e-02
3.419157117605209351e-03
1.768512092530727386e-02
3.323075920343399048e-02
2.536486275494098663e-02
3.982418030500411987e-02
6.301713176071643829e-03
1.418833271600306034e-03
5.998197011649608612e-03
3.522596089169383049e-03
-2.193170366808772087e-04
3.125421004369854927e-03
1.499822596088051796e-03
-2.064178697764873505e-03
2.385850297287106514e-03
-1.372229307889938354e-02
-1.170146372169256210e-02
-1.004345342516899109e-02
-1.358288060873746872e-02
-1.220238581299781799e-02
-1.353643927723169327e-02
-6.339889019727706909e-03
-7.347997277975082397e-03
-7.756743114441633224e-03
8.631685748696327209e-03
1.042275317013263702e-02
6.874054670333862305e-03
9.340943768620491028e-03
1.072301343083381653e-02
7.277827244251966476e-03
2.357173245400190353e-03
4.118070006370544434e-03
1.842999598011374474e-03
5.015843082219362259e-03
1.092970930039882660e-02
1.435469277203083038e-02
4.784763790667057037e-03
7.762697525322437286e-03
1.498965732753276825e-02
8.309388533234596252e-03
9.822964668273925781e-03
1.376703660935163498e-02
-1.203191839158535004e-02
-7.458839565515518188e-03
-1.158683560788631439e-02
-8.256084285676479340e-03
-4.019604530185461044e-03
-8.975542150437831879e-03
-1.447488926351070404e-02
-1.218804903328418732e-02
-1.797584630548954010e-02
3.349557146430015564e-02
2.213200367987155914e-02
3.165379166603088379e-02
2.072218991816043854e-02
1.125471573323011398e-02
2.109745331108570099e-02
2.222779765725135803e-02
1.475361548364162445e-02
2.146866172552108765e-02
-1.126124337315559387e-02
-8.901984430849552155e-03
-8.040159940719604492e-03
-9.258161298930644989e-03
-6.230140570551156998e-03
-7.686570752412080765e-03
-1.399860344827175140e-02
-8.802167139947414398e-03
-1.362417731434106827e-02
-1.195050776004791260e-02
-1.088833808898925781e-02
-1.447823550552129745e-02
-7.678375113755464554e-03
-6.395379547029733658e-03
-8.747135289013385773e-03
-9.365829639136791229e-03
-6.666674278676509857e-03
-8.794981054961681366e-03
-4.190593492239713669e-03
-5.961013026535511017e-03
-9.652138687670230865e-03
-5.050476640462875366e-03
-3.987106494605541229e-03
-6.836644839495420456e-03
-1.212560851126909256e-02
-1.369021181017160416e-02
-1.666771247982978821e-02
2.856743754819035530e-03
4.130172077566385269e-03
1.094646379351615906e-02
4.539814312011003494e-03
5.473700817674398422e-03
1.225646864622831345e-02
1.217366312630474567e-03
2.010743599385023117e-03
5.318004172295331955e-03
-5.178020335733890533e-03
2.083738101646304131e-03
-2.764166798442602158e-03
-5.658528301864862442e-03
1.325039891526103020e-03
-3.599377814680337906e-03
-8.453565649688243866e-03
-8.546276949346065521e-03
-7.291510235518217087e-03
1.212770398706197739e-02
3.553156508132815361e-03
1.093953568488359451e-02
1.420411095023155212e-02
3.111173864454030991e-03
1.018338557332754135e-02
3.001039288938045502e-02
1.918866857886314392e-02
2.778800949454307556e-02
-5.902464035898447037e-03
-1.223275321535766125e-03
-3.054695844184607267e-04
-5.917399190366268158e-03
-2.651150804013013840e-03
-7.207158487290143967e-04
-7.212139200419187546e-03
-2.925844397395849228e-03
2.571729419287294149e-04
2.273543551564216614e-02
1.890154369175434113e-02
1.227150671184062958e-02
1.381495222449302673e-02
8.241005241870880127e-03
1.911803265102207661e-03
1.900973729789257050e-02
1.742872968316078186e-02
8.601653389632701874e-03
-1.239241939038038254e-02
-3.739156061783432961e-03
-1.143498905003070831e-02
-1.664308714680373669e-03
5.576048512011766434e-03
-1.717395731247961521e-03
-4.446730017662048340e-03
1.795072457753121853e-03
-3.294344525784254074e-03
-8.325899951159954071e-03
-9.362946148030459881e-04
2.451083855703473091e-03
-2.841222099959850311e-03
4.809892736375331879e-03
7.851284928619861603e-03
-8.598119020462036133e-03
-2.218476030975580215e-03
-1.640027971006929874e-03
-1.140575390309095383e-03
-4.520598798990249634e-03
-1.544578652828931808e-02
3.866286948323249817e-03
1.429762225598096848e-03
-6.478329654783010483e-03
-2.066361019387841225e-03
-7.426291238516569138e-03
-1.547175087034702301e-02
3.416302055120468140e-02
3.384088724851608276e-02
3.825840726494789124e-02
1.689758151769638062e-02
9.393814951181411743e-03
1.884625665843486786e-02
1.050316262990236282e-02
6.152206566184759140e-03
1.265473291277885437e-02
3.928042016923427582e-03
2.938518067821860313e-03
2.201197901740670204e-03
2.282507484778761864e-03
6.695280899293720722e-05
-1.762452302500605583e-03
8.526572957634925842e-03
4.435642622411251068e-03
3.636502879089675844e-05
-7.894318550825119019e-03
-7.565991953015327454e-03
-1.400235109031200409e-02
-3.419956483412533998e-04
-2.846402348950505257e-03
-1.014524698257446289e-02
-5.286145955324172974e-03
-1.262250449508428574e-02
-1.476538274437189102e-02
7.287582382559776306e-03
5.338354036211967468e-03
5.724285729229450226e-03
4.722804296761751175e-03
2.133177127689123154e-03
3.036027774214744568e-03
6.126231513917446136e-03
4.105485510081052780e-03
7.297970354557037354e-03
1.860116980969905853e-02
8.374343626201152802e-03
1.626848243176937103e-02
6.479876115918159485e-03
-7.126137497834861279e-04
9.778999723494052887e-03
9.073004126548767090e-03
5.431412719190120697e-04
1.377394422888755798e-02
-6.960891652852296829e-03
-4.162235185503959656e-03
-4.639892838895320892e-03
-1.412846264429390430e-03
9.670977015048265457e-04
1.367808668874204159e-03
-1.586855971254408360e-03
-3.742977278307080269e-04
-7.395457942038774490e-04
-1.114011183381080627e-02
-6.611900404095649719e-03
-1.350041013211011887e-02
-8.669232949614524841e-03
-5.079312715679407120e-03
-8.768937550485134125e-03
-9.068118408322334290e-03
-5.920470692217350006e-03
-8.451802656054496765e-03
-6.575404666364192963e-03
-3.842976409941911697e-03
-1.108807511627674103e-02
-3.468401730060577393e-03
-1.665077405050396919e-03
-7.867109030485153198e-03
-8.411846123635768890e-03
-5.664830561727285385e-03
-9.496152400970458984e-03
8.772428147494792938e-03
-7.639015093445777893e-04
1.692813448607921600e-02
9.485856629908084869e-03
-2.744436787907034159e-04
1.714298129081726074e-02
2.085531875491142273e-02
8.052973076701164246e-03
2.710386365652084351e-02
1.916594430804252625e-02
1.264453120529651642e-02
2.838234603404998779e-02
1.363190915435552597e-02
3.272914560511708260e-03
1.582156307995319366e-02
2.649979852139949799e-02
1.237636152654886246e-02
2.870795316994190216e-02
-9.235965088009834290e-03
-5.441494751721620560e-03
-6.802548654377460480e-03
-7.141824811697006226e-03
-1.408585580065846443e-03
-1.048233639448881149e-02
-6.112319882959127426e-03
1.325401826761662960e-03
-6.752145942300558090e-03
-1.745070680044591427e-03
-1.369016012176871300e-03
-4.761314950883388519e-03
-5.055403802543878555e-03
-4.624757450073957443e-03
-9.839707985520362854e-03
-7.247783709317445755e-03
-3.834526520222425461e-03
-9.066492319107055664e-03
-1.071426644921302795e-02
-4.319924861192703247e-03
-1.452987920492887497e-02
-9.719911031424999237e-03
-7.866679225116968155e-04
-1.283871196210384369e-02
-2.133744210004806519e-02
-1.158746238797903061e-02
-2.252569049596786499e-02
-2.711144043132662773e-03
-1.347313635051250458e-03
9.410102211404591799e-05
-3.592071821913123131e-03
4.334881959948688745e-04
-9.511989628663286567e-05
-4.826244898140430450e-03
-8.256103319581598043e-05
-2.523860894143581390e-03
1.591744949109852314e-03
-7.869467139244079590e-03
-1.116211526095867157e-02
3.905313555151224136e-03
-3.067211480811238289e-03
-8.285266347229480743e-03
3.543097293004393578e-03
-2.835058141499757767e-03
-1.082457695156335831e-02
5.771620664745569229e-03
1.693541184067726135e-03
3.066161647439002991e-03
5.612464156001806259e-03
1.931221573613584042e-03
2.954748924821615219e-03
2.948005450889468193e-03
2.265789313241839409e-03
1.848351676017045975e-03
-2.726011676713824272e-03
-1.318146008998155594e-03
-5.570715758949518204e-03
-2.239415654912590981e-03
-7.169313612394034863e-04
-7.139435503631830215e-03
-1.218963693827390671e-02
-7.639620918780565262e-03
-1.440820470452308655e-02
-8.267268538475036621e-03
-7.432882674038410187e-03
-9.702902287244796753e-03
-3.821834456175565720e-03
-3.039487404748797417e-03
-6.006428971886634827e-03
-3.984841052442789078e-03
-3.625932382419705391e-03
-5.049581639468669891e-03
1.553598325699567795e-02
1.132362894713878632e-02
1.645898632705211639e-02
7.026210427284240723e-03
-5.222369218245148659e-04
3.492745105177164078e-03
4.693003837019205093e-03
-3.907406935468316078e-04
2.807143144309520721e-03
-2.348912693560123444e-02
-1.654371060431003571e-02
-2.675585448741912842e-02
-1.085892971605062485e-02
-2.627094974741339684e-03
-1.131411734968423843e-02
-1.967213861644268036e-02
-9.323824197053909302e-03
-1.878049410879611969e-02
-1.376781612634658813e-02
-1.221909839659929276e-02
-6.888724863529205322e-03
-1.655442453920841217e-02
-1.700644753873348236e-02
-1.277580391615629196e-02
-2.215941064059734344e-02
-2.039066329598426819e-02
-1.396885700523853302e-02
2.996842376887798309e-02
1.261478383094072342e-02
2.247698232531547546e-02
2.229925617575645447e-02
2.614024328067898750e-03
1.125279441475868225e-02
2.851090952754020691e-02
1.253730151802301407e-02
2.071851305663585663e-02
5.754590500146150589e-03
-1.269300375133752823e-02
-5.226901732385158539e-03
8.671238087117671967e-03
-7.627800572663545609e-03
-6.445919629186391830e-03
8.437802083790302277e-03
-8.923458866775035858e-03
-1.150346640497446060e-02
-7.013732101768255234e-03
-3.740819403901696205e-03
1.329889637418091297e-04
-1.117196865379810333e-02
-3.907380159944295883e-03
-5.898227915167808533e-03
-7.529921829700469971e-03
8.211335516534745693e-04
-1.781824394129216671e-03
-2.563081495463848114e-02
-1.304170209914445877e-02
-4.211048409342765808e-02
-1.804889366030693054e-02
-2.579516964033246040e-03
-1.853602938354015350e-02
-2.503031678497791290e-02
-1.368729677051305771e-02
-3.013154119253158569e-02
-8.722088299691677094e-03
-8.780831471085548401e-03
-1.524066831916570663e-02
-1.169783156365156174e-02
-4.559374880045652390e-03
-8.604950271546840668e-03
-1.350685860961675644e-02
-2.861921209841966629e-03
-3.565561491996049881e-03
2.933985367417335510e-02
2.050187438726425171e-02
2.526843734085559845e-02
1.147536374628543854e-02
3.732637269422411919e-03
1.627358049154281616e-02
7.095529697835445404e-03
4.490156192332506180e-03
1.324533391743898392e-02
1.390573568642139435e-02
3.068591468036174774e-03
-3.524320491123944521e-04
8.044772781431674957e-03
-1.302533783018589020e-03
-7.740181405097246170e-03
-5.835995543748140335e-03
-1.769717037677764893e-02
-2.169091440737247467e-02
-1.200528442859649658e-02
-1.043973211199045181e-02
-1.419414766132831573e-02
-2.410836145281791687e-02
-1.667917519807815552e-02
-2.116500772535800934e-02
-1.324605196714401245e-02
-6.008342839777469635e-03
-1.012696139514446259e-02
1.822244934737682343e-02
1.763619296252727509e-02
2.603373862802982330e-02
3.293609991669654846e-02
2.524488046765327454e-02
3.948689997196197510e-02
3.753930702805519104e-02
2.798235602676868439e-02
4.061203822493553162e-02
-3.353491798043251038e-02
-2.306997403502464294e-02
-3.848475590348243713e-02
-2.106718905270099640e-02
-1.418337412178516388e-02
-2.521411143243312836e-02
-2.048380859196186066e-02
-1.509703043848276138e-02
-1.946983672678470612e-02
-5.498694721609354019e-03
-1.006580609828233719e-02
-3.531784750521183014e-03
1.416649320162832737e-03
-4.790113307535648346e-03
-4.958063946105539799e-04
-1.174831879325211048e-03
-8.526931516826152802e-03
-4.084856249392032623e-03
1.257768366485834122e-02
1.123250368982553482e-02
4.678977129515260458e-04
9.659397415816783905e-03
4.292841535061597824e-03
1.197363890241831541e-04
2.061473671346902847e-03
-8.591517107561230659e-04
1.182511332444846630e-03
1.995294541120529175e-02
2.144023776054382324e-02
1.810260675847530365e-02
1.858788728713989258e-02
1.101513952016830444e-02
1.302033383399248123e-02
2.119360305368900299e-02
1.385406032204627991e-02
2.054517902433872223e-02
-3.817122057080268860e-02
-3.179161623120307922e-02
-3.759653866291046143e-02
-2.597182802855968475e-02
-1.945130154490470886e-02
-2.912074699997901917e-02
-2.654819749295711517e-02
-1.549524161964654922e-02
-1.683802530169487000e-02
3.585513681173324585e-02
2.619006484746932983e-02
2.536067925393581390e-02
2.461568824946880341e-02
1.205996051430702209e-02
1.127307116985321045e-02
1.806417293846607208e-02
8.697832934558391571e-03
5.989658180624246597e-03
-3.767121955752372742e-02
-1.880688592791557312e-02
-3.005269914865493774e-02
-1.433106604963541031e-02
-6.935167475603520870e-04
-1.738379150629043579e-02
-1.727616973221302032e-02
-5.966937635093927383e-03
-1.789769530296325684e-02
8.543713018298149109e-03
7.511037867516279221e-03
1.402312889695167542e-02
3.427141578868031502e-03
-5.081388168036937714e-03
-2.590253250673413277e-03
2.630944130942225456e-03
-4.730898886919021606e-03
-2.878129249438643456e-03
3.498073667287826538e-03
-4.741663287859410048e-04
-1.493519265204668045e-02
5.559369921684265137e-03
3.990797791630029678e-03
-4.361481871455907822e-03
5.024104379117488861e-03
3.681821515783667564e-03
-4.175072070211172104e-03
-2.759353628789540380e-05
-2.819708082824945450e-03
4.766101017594337463e-03
-9.878396056592464447e-03
-1.175829581916332245e-02
-6.971627473831176758e-03
3.992769867181777954e-03
1.763104228302836418e-03
5.646325647830963135e-03
-9.608835913240909576e-03
-1.766459085047245026e-02
-2.374988794326782227e-02
-1.661095069721341133e-03
-5.885818507522344589e-03
-1.154229976236820221e-02
-5.152384284883737564e-03
-7.956751622259616852e-03
-1.543240156024694443e-02
2.408175170421600342e-02
3.177431970834732056e-02
6.124737858772277832e-02
-2.624122193083167076e-03
3.891452681273221970e-03
3.710721433162689209e-02
1.823912747204303741e-02
2.910316735506057739e-02
6.903111934661865234e-02
3.216782212257385254e-02
1.931723207235336304e-02
2.697659283876419067e-02
2.570397034287452698e-02
1.531684864312410355e-02
2.228990383446216583e-02
3.349746391177177429e-02
2.106169611215591431e-02
2.576095424592494965e-02
-1.446010824292898178e-02
-2.905704546719789505e-03
-2.972667105495929718e-02
-1.236527599394321442e-02
2.219481393694877625e-03
-2.730329148471355438e-02
-3.395552188158035278e-02
-1.944593898952007294e-02
-4.770367592573165894e-02
1.803710870444774628e-02
1.306483708322048187e-02
1.451780647039413452e-02
1.523203402757644653e-02
1.310332678258419037e-02
1.860318146646022797e-02
1.802219077944755554e-02
1.780184544622898102e-02
2.295693755149841309e-02
3.204724285751581192e-03
-5.707743577659130096e-03
-1.197234145365655422e-03
-2.561905421316623688e-03
-2.988677006214857101e-03
-2.718628151342272758e-03
5.901705473661422729e-03
-1.833163783885538578e-03
5.862306337803602219e-03
-1.775018498301506042e-02
-7.819044403731822968e-03
-1.172485388815402985e-02
-1.994520612061023712e-02
-1.022967044264078140e-02
-1.344762649387121201e-02
-2.738496847450733185e-02
-1.669272035360336304e-02
-1.377913914620876312e-02
-1.963230036199092865e-02
-7.520333863794803619e-03
-2.181945554912090302e-02
-1.574631221592426300e-02
-6.239109672605991364e-03
-2.013391442596912384e-02
-1.498091593384742737e-02
-9.395219385623931885e-03
-1.789999753236770630e-02
-1.506135705858469009e-02
-1.037432253360748291e-02
-1.804343052208423615e-02
-1.426960900425910950e-02
-5.865399725735187531e-03
-1.310858502984046936e-02
-1.762785762548446655e-02
-1.164094265550374985e-02
-2.173166163265705109e-02
2.975232899188995361e-02
1.062764786183834076e-02
3.008543048053979874e-03
2.907540276646614075e-02
6.681427825242280960e-03
4.543757066130638123e-03
4.616506770253181458e-02
2.947090938687324524e-02
2.543719671666622162e-02
1.361119002103805542e-02
-4.624986555427312851e-03
1.626370358280837536e-03
1.262837648391723633e-02
-1.198003068566322327e-03
6.804129574447870255e-03
1.518902741372585297e-02
6.206457503139972687e-03
1.137220021337270737e-02
6.900988519191741943e-04
-3.182963700965046883e-03
2.518079243600368500e-03
4.153296817094087601e-03
-8.101525600068271160e-04
5.843352060765028000e-03
4.276480060070753098e-03
-1.330171508016064763e-04
9.340775199234485626e-03
-1.766775362193584442e-02
-1.119496021419763565e-02
-2.083036676049232483e-02
-1.158838998526334763e-02
-7.554681971669197083e-03
-1.735140569508075714e-02
-1.703657396137714386e-02
-9.576559066772460938e-03
-1.974228210747241974e-02
-1.441295165568590164e-02
-4.054903052747249603e-03
-1.780407130718231201e-02
-1.081182342022657394e-02
3.035953559447079897e-04
-9.408543817698955536e-03
-2.741452679038047791e-02
-1.583851687610149384e-02
-2.268438786268234253e-02
5.707083269953727722e-03
1.624789903871715069e-03
3.476765705272555351e-03
-1.206190674565732479e-03
-6.291422992944717407e-03
-4.370015580207109451e-03
1.443669549189507961e-03
-2.379352459684014320e-03
-2.336837060283869505e-04
5.389836616814136505e-03
1.191180199384689331e-03
3.631706582382321358e-03
9.085474535822868347e-03
4.603630397468805313e-03
1.175236515700817108e-02
1.470290310680866241e-02
1.375967450439929962e-02
2.047418989241123199e-02
-1.979755237698554993e-02
-1.719531603157520294e-02
-2.690361812710762024e-02
-1.231293193995952606e-02
-7.761929649859666824e-03
-1.726737618446350098e-02
-2.075153030455112457e-02
-1.544435881078243256e-02
-2.668057940900325775e-02
6.285164505243301392e-03
1.749118528096005321e-04
7.753341458737850189e-03
-8.272768929600715637e-03
-1.168677769601345062e-02
-9.194546873914077878e-05
8.458457887172698975e-03
-2.940992999356240034e-04
1.165913790464401245e-02
7.172255776822566986e-03
9.011350339278578758e-04
6.653180462308228016e-04
1.227037631906569004e-03
-5.256515461951494217e-03
-6.153147201985120773e-03
3.479129169136285782e-03
-2.988309133797883987e-03
-4.476169589906930923e-03
6.184514239430427551e-02
3.753054514527320862e-02
4.513616487383842468e-02
3.557156771421432495e-02
1.549577433615922928e-02
2.937516011297702789e-02
6.068828329443931580e-02
3.741956874728202820e-02
5.309785157442092896e-02
-1.345634926110506058e-02
-1.350440084934234619e-02
8.412034250795841217e-03
-2.904783748090267181e-02
-3.050528466701507568e-02
-1.491436362266540527e-02
-2.851854637265205383e-02
-3.813669085502624512e-02
-1.678831316530704498e-02
6.887234747409820557e-03
3.677411004900932312e-03
-2.554925391450524330e-03
-1.605274504981935024e-03
-7.767183240503072739e-03
-1.066576968878507614e-02
-3.803733270615339279e-03
-8.103877305984497070e-03
-1.210957486182451248e-02
-4.201417323201894760e-03
-8.937845937907695770e-03
-2.024028077721595764e-02
3.643442469183355570e-04
-7.265616673976182938e-03
-1.643876172602176666e-02
-5.924954079091548920e-03
-5.441233515739440918e-03
-1.224501710385084152e-02
4.175607487559318542e-02
2.788659557700157166e-02
4.060804843902587891e-02
1.747597754001617432e-02
2.692945534363389015e-03
2.128740958869457245e-02
2.790729887783527374e-02
1.929066516458988190e-02
3.574987128376960754e-02
-1.410321705043315887e-02
-9.928685612976551056e-03
-7.311923429369926453e-03
-5.811378359794616699e-03
-9.934180416166782379e-04
1.342290895991027355e-03
-4.323297180235385895e-03
3.610098268836736679e-03
2.812025602906942368e-03
5.772770941257476807e-02
3.138949349522590637e-02
3.987823426723480225e-02
2.929912135004997253e-02
7.843337021768093109e-03
1.766346767544746399e-02
4.417686909437179565e-02
2.254000306129455566e-02
3.006423078477382660e-02
-3.411591798067092896e-02
-3.609940409660339355e-02
-3.012356720864772797e-02
-9.385926648974418640e-03
-1.239333115518093109e-02
-8.599277585744857788e-03
1.432909816503524780e-02
8.741809055209159851e-03
1.392894797027111053e-02
-1.952694170176982880e-02
-1.077954005450010300e-02
-2.360384538769721985e-02
-1.139649935066699982e-02
4.711508227046579123e-04
-1.716361381113529205e-02
-1.140579208731651306e-02
1.778868259862065315e-03
-1.088467240333557129e-02
-1.902214251458644867e-02
-1.503459922969341278e-02
-2.221871353685855865e-02
-3.555455710738897324e-03
-3.494157455861568451e-03
-1.260740403085947037e-02
-7.191553711891174316e-03
-9.488688781857490540e-03
-1.413584686815738678e-02
9.688537567853927612e-03
1.001098006963729858e-02
1.142438966780900955e-02
2.826749347150325775e-03
3.600867465138435364e-03
8.218912407755851746e-03
3.853610018268227577e-03
3.884364152327179909e-03
1.033350359648466110e-02
2.327461354434490204e-02
1.292932592332363129e-02
1.846681907773017883e-02
3.308910876512527466e-02
1.753668673336505890e-02
1.964317820966243744e-02
3.800029307603836060e-02
1.628326065838336945e-02
2.601934783160686493e-02
1.938831433653831482e-02
1.429140940308570862e-02
1.233902759850025177e-02
1.369531173259019852e-02
7.241955492645502090e-03
6.132661364972591400e-03
2.233174443244934082e-02
1.498936489224433899e-02
1.448755711317062378e-02
1.949561387300491333e-02
1.627295650541782379e-02
2.352210320532321930e-02
1.098400261253118515e-02
7.652621716260910034e-03
1.838076487183570862e-02
1.671290770173072815e-02
8.754566311836242676e-03
2.360621094703674316e-02
1.298933941870927811e-02
1.138586644083261490e-02
9.666745550930500031e-03
6.141915451735258102e-03
5.991989746689796448e-03
4.378508776426315308e-03
8.071327582001686096e-03
9.252053685486316681e-03
6.660253275185823441e-03
-1.443943474441766739e-03
-1.918927649967372417e-03
1.040173042565584183e-02
1.494057662785053253e-02
7.290169131010770798e-03
1.301422156393527985e-02
2.579614520072937012e-03
-4.793484695255756378e-04
5.861989688128232956e-03
-1.398448087275028229e-02
-8.886084833648055792e-05
-5.635535810142755508e-03
-1.501508522778749466e-02
1.273408997803926468e-03
6.881433655507862568e-04
-2.527648583054542542e-02
-1.247800141572952271e-02
-1.809486374258995056e-02
2.757340669631958008e-02
1.447041798382997513e-02
3.280560299754142761e-02
4.295416921377182007e-02
2.504142932593822479e-02
4.347424954175949097e-02
5.173955857753753662e-02
3.528875485062599182e-02
4.720972105860710144e-02
-9.195419959723949432e-03
2.309999894350767136e-03
-1.470314338803291321e-02
-9.453615173697471619e-03
-1.939314301125705242e-03
-1.302197482436895370e-02
-1.877081766724586487e-02
-1.155019272118806839e-02
-1.971535570919513702e-02
-1.722882874310016632e-02
-2.709449501708149910e-03
-3.219095524400472641e-03
-1.579665951430797577e-02
-5.747563671320676804e-03
-3.509972477331757545e-03
-1.862603984773159027e-02
-7.534934207797050476e-03
1.095997635275125504e-03
-2.052887529134750366e-02
-1.357466075569391251e-02
-2.468217536807060242e-02
-1.093089114874601364e-02
-5.986827891319990158e-03
-1.450202241539955139e-02
-1.312389224767684937e-02
-1.055278815329074860e-02
-2.170608006417751312e-02
-3.745068237185478210e-02
-2.080301940441131592e-02
-3.397301584482192993e-02
-2.227211743593215942e-02
-5.942350719124078751e-03
-1.590708829462528229e-02
-2.239500358700752258e-02
-6.017014849931001663e-03
-1.992135122418403625e-02
-2.550831064581871033e-02
-1.647374592721462250e-02
-2.243212983012199402e-02
-1.075295079499483109e-02
3.050818806514143944e-03
-8.295985870063304901e-03
-5.612278822809457779e-03
4.586241673678159714e-03
-1.179735828191041946e-02
8.473033085465431213e-03
1.318872813135385513e-02
2.406999655067920685e-02
-4.133474081754684448e-03
-2.514553023502230644e-03
6.300495937466621399e-03
-2.312368713319301605e-03
3.708418225869536400e-03
8.463431149721145630e-03
3.851163899526000023e-03
2.765396609902381897e-03
-2.323372289538383484e-03
-1.469321432523429394e-03
-3.521331818774342537e-03
-1.057376898825168610e-02
-1.605599187314510345e-02
-1.808724179863929749e-02
-2.618249692022800446e-02
3.895199671387672424e-02
3.061641007661819458e-02
5.106475576758384705e-02
2.121889777481555939e-02
1.030325889587402344e-02
2.790767326951026917e-02
2.811695635318756104e-02
1.919338107109069824e-02
3.263960406184196472e-02
7.810313254594802856e-02
4.068170115351676941e-02
7.238105684518814087e-02
4.463410377502441406e-02
9.143019095063209534e-03
3.894927725195884705e-02
4.709698632359504700e-02
1.780883409082889557e-02
4.701121523976325989e-02
1.726874336600303650e-02
7.857322692871093750e-03
1.590344496071338654e-02
1.313995663076639175e-02
6.726095452904701233e-03
1.380539406090974808e-02
1.149744726717472076e-02
1.500225625932216644e-03
4.642661660909652710e-03
4.916491359472274780e-02
2.567042596638202667e-02
3.618328273296356201e-02
3.140766546130180359e-02
4.626229871064424515e-03
1.933396421372890472e-02
3.093717247247695923e-02
1.301023643463850021e-02
2.530814521014690399e-02
-3.161519393324851990e-02
-1.483191922307014465e-02
-3.578555583953857422e-02
-1.643131114542484283e-02
-5.738517269492149353e-03
-2.499394863843917847e-02
-2.131203003227710724e-02
-1.187652349472045898e-02
-3.341026231646537781e-02
-1.161382347345352173e-02
-5.047037731856107712e-03
-1.213816367089748383e-02
-1.794851012527942657e-02
-5.054693669080734253e-03
-1.252232398837804794e-02
-1.957704685628414154e-02
-1.036570314317941666e-02
-2.138614840805530548e-02
2.817986160516738892e-02
2.565961703658103943e-02
3.644516691565513611e-02
1.650115661323070526e-02
1.270154025405645370e-02
2.096528373658657074e-02
1.744845882058143616e-02
1.460295356810092926e-02
2.286260947585105896e-02
8.008439093828201294e-03
2.698457334190607071e-03
1.866880338639020920e-03
-1.481418265029788017e-03
-9.107456542551517487e-03
-8.199096657335758209e-03
-2.464462770149111748e-03
-8.602640591561794281e-03
-1.245752256363630295e-02
-6.681569386273622513e-03
-5.345433484762907028e-03
-1.430982071906328201e-02
-1.025181263685226440e-02
-7.657267153263092041e-03
-1.639857515692710876e-02
-1.171401701867580414e-02
-3.226559376344084740e-03
-1.094194315373897552e-02
1.555551402270793915e-02
8.118132129311561584e-03
-2.441311255097389221e-03
1.981687732040882111e-02
6.129536312073469162e-03
3.395689651370048523e-03
8.500831201672554016e-03
-6.874520797282457352e-03
-1.035023480653762817e-02
2.006402937695384026e-03
-1.194973476231098175e-02
-7.639948278665542603e-03
3.951539751142263412e-03
-8.404137566685676575e-03
-6.362363696098327637e-03
8.424468338489532471e-03
-6.611675955355167389e-03
-2.291484270244836807e-03
2.187647623941302299e-03
1.290801097638905048e-03
9.251637384295463562e-03
8.192207897081971169e-04
-6.619371124543249607e-04
1.641373615711927414e-03
-1.051172846928238869e-03
-1.415849663317203522e-03
-2.245486713945865631e-03
3.540219366550445557e-02
2.159025333821773529e-02
2.435021474957466125e-02
2.288467809557914734e-02
1.511133462190628052e-02
2.310147881507873535e-02
3.009811788797378540e-02
2.254626154899597168e-02
3.027222678065299988e-02
3.442938625812530518e-02
2.377529069781303406e-02
3.259246051311492920e-02
1.502365060150623322e-02
1.077737100422382355e-02
1.350488699972629547e-02
1.400018576532602310e-03
-2.336542238481342793e-04
1.577396760694682598e-03
-3.534186864271759987e-03
-9.235476143658161163e-03
-7.268448825925588608e-03
1.457030652090907097e-03
-4.279838874936103821e-03
-2.166843740269541740e-03
-9.030022658407688141e-03
-1.341166906058788300e-02
-1.085060369223356247e-02
-4.732173401862382889e-03
-6.935738027095794678e-03
-1.110631972551345825e-02
-7.961153984069824219e-03
-2.489160979166626930e-03
-5.562740378081798553e-03
-1.224527694284915924e-02
-1.083893701434135437e-02
-1.267134584486484528e-02
-1.795329526066780090e-02
-7.112086750566959381e-03
-2.031050994992256165e-02
-8.211383596062660217e-03
5.076688830740749836e-04
-1.179821137338876724e-02
-1.118303276598453522e-02
-6.213800981640815735e-03
-2.128753252327442169e-02
1.906100660562515259e-02
1.315661240369081497e-03
1.088029239326715469e-02
1.300473231822252274e-02
-4.602544009685516357e-03
8.567919954657554626e-03
1.389305759221315384e-02
1.860797987319529057e-03
1.305831037461757660e-02
6.224434822797775269e-03
2.487906953319907188e-03
1.525978185236454010e-02
4.524938762187957764e-03
4.719524877145886421e-04
1.164640393108129501e-02
-8.779178606346249580e-04
-1.353333122096955776e-03
1.306861918419599533e-02
-1.079557347111403942e-03
-5.019172560423612595e-03
8.201586082577705383e-03
-9.084368124604225159e-03
-8.662227541208267212e-03
-3.800288308411836624e-03
-7.005186285823583603e-03
-4.312069620937108994e-03
-5.092591512948274612e-03
-2.274184487760066986e-02
-2.153490297496318817e-02
-1.765333488583564758e-02
-1.154180709272623062e-02
-1.069163158535957336e-02
-8.669761940836906433e-03
-1.232442352920770645e-02
-9.497322142124176025e-03
-8.751707151532173157e-03
-4.294354934245347977e-03
-2.097605727612972260e-03
2.103542909026145935e-02
-1.267438754439353943e-02
-1.154846046119928360e-02
1.191448513418436050e-02
5.449856631457805634e-03
9.164883755147457123e-03
3.728778287768363953e-02
-2.609961107373237610e-02
-1.474153902381658554e-02
-3.210734203457832336e-02
-9.196110069751739502e-03
1.080105139408260584e-04
-2.133138105273246765e-02
-9.281258098781108856e-03
-1.568764710100367665e-04
-1.900481246411800385e-02
-3.319797664880752563e-02
-1.684724166989326477e-02
-3.552293032407760620e-02
-2.382816001772880554e-02
-4.432961344718933105e-03
-3.021676465868949890e-02
-5.019710212945938110e-02
-2.943065203726291656e-02
-5.925759673118591309e-02
3.009266406297683716e-02
1.170246768742799759e-02
2.777058258652687073e-02
2.844575420022010803e-02
1.120466459542512894e-02
2.907556667923927307e-02
4.639578238129615784e-02
2.967546135187149048e-02
4.807643592357635498e-02
2.961041219532489777e-02
2.968632802367210388e-02
3.169035911560058594e-02
3.192717581987380981e-02
2.094327658414840698e-02
3.025646135210990906e-02
3.397087380290031433e-02
2.776255644857883453e-02
3.275749087333679199e-02
2.465568482875823975e-02
7.287090178579092026e-03
1.473054103553295135e-02
9.307297877967357635e-03
-5.523057188838720322e-03
1.886771759018301964e-03
2.019606530666351318e-02
4.467689897865056992e-03
7.491813041269779205e-03
-2.627479657530784607e-02
-9.382154792547225952e-03
-2.865650504827499390e-02
-2.401468157768249512e-02
-1.312452834099531174e-03
-1.957681402564048767e-02
-3.327243402600288391e-02
-1.621567085385322571e-02
-3.572856262326240540e-02
-2.030688710510730743e-02
-2.033438999205827713e-03
-2.087022177875041962e-02
-8.327453397214412689e-03
8.419131860136985779e-03
-1.381522230803966522e-02
-1.320732850581407547e-02
1.685331924818456173e-03
-2.098214812576770782e-02
2.815252169966697693e-02
6.811171304434537888e-03
4.193725995719432831e-03
2.827481925487518311e-02
1.108795870095491409e-02
1.334788557142019272e-02
4.594532400369644165e-02
2.455994859337806702e-02
2.402758784592151642e-02
-4.376939497888088226e-03
-7.407091557979583740e-03
-7.811493705958127975e-03
2.636409131810069084e-03
3.248015185818076134e-03
6.522845011204481125e-03
8.968073874711990356e-03
1.060780510306358337e-02
9.146781638264656067e-03
-4.383173957467079163e-02
-2.345874533057212830e-02
-2.954499050974845886e-02
-2.239393815398216248e-02
-2.643988234922289848e-03
-9.915886446833610535e-03
-2.524753846228122711e-02
-7.390064653009176254e-03
-8.629758842289447784e-03
-1.844776235520839691e-02
-6.632354110479354858e-03
-2.044597826898097992e-02
-1.030348427593708038e-02
-2.308627590537071228e-03
-1.198631990700960159e-02
-1.561483554542064667e-02
-6.228172220289707184e-03
-1.384577341377735138e-02
-1.244993973523378372e-02
-4.935723729431629181e-03
-6.157960277050733566e-03
-4.949945490807294846e-03
6.203240482136607170e-04
-2.017507795244455338e-03
-1.803602091968059540e-03
1.792197930626571178e-03
-4.645341075956821442e-03
-1.688255369663238525e-02
-1.574543118476867676e-02
-2.759858220815658569e-02
-1.703523471951484680e-02
-1.309210155159235001e-02
-2.985686808824539185e-02
-1.766658015549182892e-02
-1.330339722335338593e-02
-2.726033516228199005e-02
1.594670675694942474e-02
1.223062817007303238e-02
2.007069811224937439e-02
5.035071168094873428e-03
-9.872887749224901199e-04
5.639709997922182083e-03
1.931575685739517212e-02
1.315262727439403534e-02
1.814511604607105255e-02
-1.049876771867275238e-02
-1.218883972615003586e-02
-1.870624162256717682e-02
-1.221069600433111191e-02
-9.313275106251239777e-03
-1.629417389631271362e-02
-2.068134769797325134e-02
-1.413545943796634674e-02
-2.591663785278797150e-02
7.219265680760145187e-03
-1.234402006957679987e-04
5.032335757277905941e-04
-2.036984078586101532e-03
-8.486260659992694855e-03
-1.587967737577855587e-03
1.873275637626647949e-02
1.492789853364229202e-02
1.864164695143699646e-02
1.945720170624554157e-03
-2.877390244975686073e-03
3.056939225643873215e-03
-3.039575414732098579e-03
-5.466866772621870041e-03
1.124537084251642227e-03
-5.143604706972837448e-03
-4.750843625515699387e-03
8.787895203568041325e-04
4.119679331779479980e-02
1.758179441094398499e-02
2.871953882277011871e-02
2.524618059396743774e-02
6.258565466850996017e-03
2.258071862161159515e-02
4.775592312216758728e-02
2.954251691699028015e-02
5.430489405989646912e-02
-1.992399990558624268e-02
-1.372972968965768814e-02
-1.967209158465266228e-03
-2.481286786496639252e-02
-2.070955187082290649e-02
-7.898150943219661713e-03
-3.033949062228202820e-02
-2.691699750721454620e-02
-1.408631168305873871e-02
-1.825634576380252838e-02
-1.625861972570419312e-02
-1.342153735458850861e-02
-1.273755729198455811e-02
-1.097114849835634232e-02
-1.095265150070190430e-02
-1.579022593796253204e-02
-1.375821605324745178e-02
-1.462921965867280960e-02
3.460824489593505859e-02
9.899851866066455841e-03
2.918990515172481537e-02
3.470050916075706482e-02
8.831652812659740448e-03
2.914769574999809265e-02
6.678759306669235229e-02
4.502074420452117920e-02
6.363596022129058838e-02
3.166916966438293457e-02
3.028219938278198242e-02
4.514016956090927124e-02
1.628015004098415375e-02
1.063603814691305161e-02
2.283583953976631165e-02
2.201670035719871521e-02
1.948109827935695648e-02
3.105012513697147369e-02
-1.423330884426832199e-02
-1.170999091118574142e-02
-9.326105937361717224e-03
-3.805294167250394821e-03
-2.545731607824563980e-03
-2.170098247006535530e-03
-3.010268788784742355e-03
-1.916062785312533379e-03
-5.897658877074718475e-03
-1.269707456231117249e-02
-7.830198155716061592e-04
-3.635374596342444420e-03
-1.344897784292697906e-02
1.553584588691592216e-03
7.685746531933546066e-04
-1.348843984305858612e-02
9.321175457444041967e-05
-2.092549577355384827e-03
-3.580863401293754578e-02
-5.519945546984672546e-02
-4.499658197164535522e-02
-2.470702119171619415e-02
-4.478945955634117126e-02
-4.060365259647369385e-02
-5.372327752411365509e-03
-2.680755592882633209e-02
-2.024785988032817841e-02
4.712600633502006531e-02
2.799905277788639069e-02
4.805562272667884827e-02
2.193635329604148865e-02
3.768311580643057823e-03
2.013454400002956390e-02
4.626151174306869507e-02
2.838347479701042175e-02
3.701200336217880249e-02
5.100037436932325363e-03
6.573907565325498581e-03
-2.781376009806990623e-03
3.748681396245956421e-03
6.488653831183910370e-03
-4.006950985058210790e-05
-1.697965490166097879e-04
6.171150133013725281e-03
-2.339884405955672264e-03
-9.644412435591220856e-03
3.205982502549886703e-03
-5.465855356305837631e-03
-1.453362498432397842e-02
3.559734206646680832e-03
-5.433349870145320892e-03
-4.190425574779510498e-02
-1.999617367982864380e-02
-3.144521266222000122e-02
-6.526351789943873882e-04
-4.756173118948936462e-03
-3.342053666710853577e-02
6.730063352733850479e-03
3.196070203557610512e-03
-2.294849604368209839e-02
2.739865100011229515e-03
-1.393474638462066650e-03
-2.371816895902156830e-02
-1.629912666976451874e-02
-1.193406898528337479e-02
-2.080005779862403870e-02
-1.710445061326026917e-02
-1.287424284964799881e-02
-9.015767835080623627e-03
-1.107480749487876892e-02
-1.309345569461584091e-02
-1.163111813366413116e-02
-5.824087187647819519e-03
-1.487922156229615211e-03
-1.808090880513191223e-02
-2.379263285547494888e-03
2.573122270405292511e-03
-1.451850496232509613e-02
-1.213053613901138306e-02
-8.451723493635654449e-03
-2.471501566469669342e-02
2.424453012645244598e-02
1.953595690429210663e-02
2.239632606506347656e-02
1.433560717850923538e-02
8.766781538724899292e-03
1.216585282236337662e-02
5.757448263466358185e-03
3.420940833166241646e-03
8.112176321446895599e-03
-2.487079240381717682e-02
-1.954101212322711945e-02
-1.780525036156177521e-02
-2.112274803221225739e-02
-1.407644711434841156e-02
-1.831860840320587158e-02
-3.354892134666442871e-02
-3.316896036267280579e-02
-3.720600530505180359e-02
-3.023898415267467499e-02
1.744364388287067413e-03
-1.989915268495678902e-03
-2.068619430065155029e-02
5.227208137512207031e-03
1.093628598027862608e-04
-3.028181567788124084e-02
-9.450121782720088959e-03
-2.266958728432655334e-02
-2.887892769649624825e-03
4.357308614999055862e-03
7.860088720917701721e-03
-8.596042171120643616e-04
8.873829618096351624e-03
1.214868109673261642e-02
-1.154231838881969452e-02
-1.384418806992471218e-03
-2.955771051347255707e-03
-8.865400450304150581e-04
-1.477957796305418015e-02
-2.233384409919381142e-03
1.164619158953428268e-02
-1.018168684095144272e-02
1.966962823644280434e-03
3.379416465759277344e-02
9.694653563201427460e-03
2.233357913792133331e-02
-3.371128346771001816e-03
-2.035181969404220581e-03
6.498333066701889038e-03
-6.730702007189393044e-04
-3.460869484115391970e-04
-9.473520331084728241e-04
7.485375739634037018e-03
1.037574000656604767e-02
9.827402420341968536e-03
4.946542903780937195e-02
2.730922773480415344e-02
4.904812946915626526e-02
2.040040306746959686e-02
5.683074239641427994e-03
3.132510557770729065e-02
3.448800742626190186e-02
2.428936958312988281e-02
5.280393362045288086e-02
-4.523631930351257324e-02
-2.340371906757354736e-02
-3.240378201007843018e-02
-2.759792096912860870e-02
-4.477876645978540182e-04
-7.842390798032283783e-03
-4.089968279004096985e-02
-1.347737200558185577e-02
-2.523417957127094269e-02
-4.500388633459806442e-03
-2.686775289475917816e-03
2.152228495106101036e-03
-6.229743361473083496e-03
-3.189326729625463486e-03
-8.130813366733491421e-04
-9.404070675373077393e-03
-5.635178647935390472e-03
-4.510414320975542068e-03
-1.329379528760910034e-02
-1.110822241753339767e-02
-1.729222014546394348e-02
-1.320079807192087173e-02
-5.532996729016304016e-03
-1.928896270692348480e-02
-1.985288970172405243e-02
-1.333079393953084946e-02
-2.318814396858215332e-02
1.402234076522290707e-03
1.302619231864809990e-03
1.405150047503411770e-03
1.766844186931848526e-03
1.515644369646906853e-03
-2.341991756111383438e-03
1.141638145782053471e-03
1.831300789490342140e-03
-4.360096994787454605e-03
-6.831336300820112228e-03
-6.655268371105194092e-03
-7.617815397679805756e-03
-4.075838718563318253e-03
-5.361845251172780991e-03
-3.659012494608759880e-03
-1.077274139970541000e-02
-1.029825769364833832e-02
-5.260952282696962357e-03
8.249015547335147858e-03
2.967089880257844925e-03
3.500569611787796021e-03
7.354255765676498413e-03
2.908928552642464638e-03
2.707307692617177963e-03
1.348977908492088318e-02
7.068935781717300415e-03
1.011906005442142487e-02
7.749724667519330978e-03
1.010538637638092041e-02
1.346713211387395859e-02
4.413163289427757263e-03
7.610546890646219254e-03
8.276894688606262207e-03
5.544957704842090607e-03
1.103284396231174469e-02
1.567172072827816010e-02
7.595050614327192307e-03
4.002290312200784683e-03
1.295239105820655823e-02
2.238805172964930534e-03
-1.145994989201426506e-03
7.663410156965255737e-03
7.047632243484258652e-03
3.057869384065270424e-03
1.365513447672128677e-02
-1.141530741006135941e-02
-5.940753035247325897e-03
-6.819673348218202591e-03
-1.335139013826847076e-02
-7.425555028021335602e-03
-3.685224335640668869e-03
-1.316637918353080750e-02
-7.777100428938865662e-03
-6.991035770624876022e-04
-1.632953807711601257e-02
-9.353284724056720734e-03
-2.269460074603557587e-02
-1.148475892841815948e-02
-5.843990016728639603e-03
-1.659029163420200348e-02
-1.838093437254428864e-02
-9.185435250401496887e-03
-2.085639536380767822e-02
6.895830854773521423e-03
1.427985960617661476e-03
8.286102674901485443e-03
2.207566983997821808e-03
-2.972117858007550240e-03
4.349854774773120880e-03
5.478500388562679291e-03
-2.121922327205538750e-03
3.708675503730773926e-03
2.496968489140272141e-03
-2.274984261021018028e-03
-2.770584775134921074e-03
-6.614770973101258278e-04
-5.163962952792644501e-03
-3.971313126385211945e-03
-2.111217705532908440e-03
-5.122167989611625671e-03
-3.740265499800443649e-03
-1.804264378733932972e-03
-5.101559218019247055e-03
-8.832870982587337494e-03
-4.698168020695447922e-03
-4.299183376133441925e-03
-6.898450199514627457e-03
3.825073072221130133e-04
2.356718294322490692e-03
2.779452363029122353e-03
-3.930452279746532440e-03
-4.819657187908887863e-03
-4.568579141050577164e-03
-4.633006174117326736e-03
-1.196492958115413785e-04
-2.158246934413909912e-03
-4.877040628343820572e-03
1.586206955835223198e-03
-3.351431805640459061e-03
-4.829397890716791153e-03
-5.633967230096459389e-04
-7.719391025602817535e-03
-4.087472334504127502e-03
3.005934413522481918e-03
-5.261699552647769451e-04
-3.912467043846845627e-03
4.333293065428733826e-03
-2.612628974020481110e-03
-4.414696246385574341e-03
1.292731176363304257e-04
-1.756306737661361694e-03
-5.446941126137971878e-03
-1.829887391068041325e-03
4.458731564227491617e-04
-7.944718934595584869e-03
-3.553708083927631378e-03
2.244761679321527481e-03
9.470269083976745605e-03
8.559045381844043732e-03
1.464805379509925842e-02
6.241575814783573151e-03
2.286684000864624977e-03
7.800430990755558014e-03
9.870423004031181335e-03
5.307412706315517426e-03
1.430455595254898071e-02
7.290205918252468109e-03
1.064818818122148514e-02
-1.285966951400041580e-03
8.973252959549427032e-03
8.673592470586299896e-03
1.569936750456690788e-03
8.062128908932209015e-03
2.779805334284901619e-03
-2.749311039224267006e-03
-7.839501835405826569e-03
-5.408161319792270660e-03
-8.348899893462657928e-03
-1.046773977577686310e-02
-7.820778526365756989e-03
-7.337021175771951675e-03
-8.753051981329917908e-03
-3.684796625748276711e-03
-1.003472949378192425e-03
1.385145168751478195e-02
5.390989594161510468e-03
6.614604033529758453e-03
9.581998921930789948e-03
8.471518522128462791e-04
4.696582909673452377e-03
1.494947541505098343e-02
6.311339326202869415e-03
8.147677406668663025e-03
-2.788274362683296204e-02
-1.678773388266563416e-02
-2.857033722102642059e-02
-1.646788232028484344e-02
-5.648740567266941071e-03
-1.750016398727893829e-02
-1.796187460422515869e-02
-5.871444474905729294e-03
-1.698658429086208344e-02
9.715927881188690662e-04
7.894949987530708313e-03
9.691032581031322479e-03
-9.485512273386120796e-04
2.086416119709610939e-03
2.668055240064859390e-03
9.658124181441962719e-04
1.690598219283856452e-05
2.456760965287685394e-03
-7.247772067785263062e-03
-3.538746153935790062e-03
-2.105627767741680145e-02
-1.028597634285688400e-02
-3.456326085142791271e-04
-1.681714504957199097e-02
-1.040190458297729492e-02
-4.781087045557796955e-04
-1.870371587574481964e-02
-2.288672886788845062e-02
-1.274331938475370407e-02
-2.275384403765201569e-02
-1.333981472998857498e-02
-4.086290486156940460e-03
-1.349368225783109665e-02
-1.520680729299783707e-02
-7.187313865870237350e-03
-1.368491817265748978e-02
-1.228255569003522396e-03
-5.708857905119657516e-03
-6.314306054264307022e-03
8.121221326291561127e-04
-2.872453536838293076e-03
-5.125708412379026413e-03
-1.467865193262696266e-03
-4.326145630329847336e-03
-4.449434112757444382e-03
1.447066105902194977e-02
1.625060476362705231e-02
3.448944538831710815e-02
6.917094811797142029e-03
7.769950199872255325e-03
2.610768750309944153e-02
1.775562763214111328e-02
2.170174196362495422e-02
4.318981990218162537e-02
-1.074969768524169922e-04
2.468083752319216728e-03
3.340427298098802567e-03
-6.016776897013187408e-04
4.624369554221630096e-03
4.546747077256441116e-03
3.228472312912344933e-03
7.148689124733209610e-03
6.934586446732282639e-03
-8.520065806806087494e-03
-2.796127228066325188e-03
-1.162619981914758682e-02
-5.738053470849990845e-03
-1.232950715348124504e-03
-1.124535687267780304e-02
-1.129411347210407257e-02
-1.002203114330768585e-02
-2.076474577188491821e-02
-4.534731619060039520e-03
-1.502147410064935684e-03
-9.526945650577545166e-04
-5.372080951929092407e-03
-2.938057994470000267e-03
1.406518509611487389e-03
2.057434525340795517e-03
6.720739882439374924e-03
8.944125846028327942e-03
9.036334231495857239e-03
5.890655796974897385e-03
8.536926470696926117e-03
1.051471102982759476e-02
8.084084838628768921e-03
4.301580600440502167e-03
8.646165952086448669e-03
8.243848569691181183e-03
3.212738083675503731e-03
-1.522830966860055923e-02
-6.879013497382402420e-03
-1.056785602122545242e-02
-6.611162330955266953e-03
8.202999015338718891e-05
-7.685261312872171402e-03
-1.671541854739189148e-02
-7.135027088224887848e-03
-1.418216340243816376e-02
1.266721636056900024e-02
-1.213466399349272251e-03
3.094743471592664719e-03
1.176226511597633362e-02
2.650563372299075127e-03
7.389523554593324661e-03
2.079883217811584473e-02
1.393692195415496826e-02
1.601517386734485626e-02
-1.595731079578399658e-02
-1.206541806459426880e-02
-1.682766713201999664e-02
-1.444541476666927338e-02
-8.588437922298908234e-03
-1.245416421443223953e-02
-1.796074397861957550e-02
-1.504500489681959152e-02
-2.090013027191162109e-02
1.910554990172386169e-02
8.290730416774749756e-03
7.297657430171966553e-03
1.793953776359558105e-02
7.360635325312614441e-03
7.379424758255481720e-03
3.468416631221771240e-02
2.276353351771831512e-02
2.300961501896381378e-02
1.151563785970211029e-02
9.160581976175308228e-03
1.152969244867563248e-02
1.087659038603305817e-02
1.145825814455747604e-02
1.456368993967771530e-02
1.455063559114933014e-02
1.508065778762102127e-02
1.865410804748535156e-02
5.232688784599304199e-02
2.648498490452766418e-02
4.880272969603538513e-02
2.542985603213310242e-02
1.304591191001236439e-03
2.392186410725116730e-02
3.091550432145595551e-02
8.192104287445545197e-03
3.139423951506614685e-02
1.607899926602840424e-02
1.006508804857730865e-02
1.888224482536315918e-02
8.313440717756748199e-03
2.795343520119786263e-03
1.000675093382596970e-02
9.952734224498271942e-03
3.651312319561839104e-03
9.408464655280113220e-03
8.522449061274528503e-03
6.482498254626989365e-03
-3.356039989739656448e-03
3.421767381951212883e-03
3.256892319768667221e-03
-2.529081422835588455e-03
-2.116994233801960945e-03
-4.584613197948783636e-04
-4.062381573021411896e-03
-6.886160466820001602e-03
-5.783565342426300049e-03
-8.739533834159374237e-03
-6.240781862288713455e-03
-4.794286098331212997e-03
-1.033319812268018723e-02
-3.316896036267280579e-03
-4.594596568495035172e-03
-1.144093647599220276e-02
5.769837182015180588e-03
4.133298993110656738e-03
8.194253779947757721e-03
3.988299518823623657e-03
2.517304616048932076e-03
6.585130933672189713e-03
8.927155286073684692e-03
6.980234757065773010e-03
1.001828256994485855e-02
-1.647421531379222870e-02
-1.306161750108003616e-02
-2.170112915337085724e-02
-1.053234282881021500e-02
-7.398816756904125214e-03
-1.512142270803451538e-02
-1.418297551572322845e-02
-1.174064818769693375e-02
-1.699913665652275085e-02
-9.031830355525016785e-03
-2.789748273789882660e-02
-1.231648027896881104e-02
-2.040809765458106995e-02
-3.694726899266242981e-02
-2.390643209218978882e-02
-1.055487059056758881e-02
-2.693370170891284943e-02
-1.409406680613756180e-02
1.942271250300109386e-03
1.982219750061631203e-03
-2.394440583884716034e-03
-2.643447834998369217e-03
-1.848746440373361111e-03
-3.557647811248898506e-03
-4.452629946172237396e-03
-4.398849792778491974e-03
-6.248366553336381912e-03
2.297183312475681305e-02
1.095765642821788788e-02
1.033459976315498352e-02
1.352504547685384750e-02
4.483709111809730530e-03
4.794884007424116135e-03
1.632843352854251862e-02
8.305476978421211243e-03
1.340565271675586700e-02
-6.604897323995828629e-03
-1.069338433444499969e-02
3.642305033281445503e-03
-1.365404855459928513e-02
-1.739075221121311188e-02
-4.452623426914215088e-03
-1.323320530354976654e-02
-2.020332589745521545e-02
-6.180990952998399734e-03
-2.335117757320404053e-02
-1.624431274831295013e-02
-2.009150385856628418e-02
-1.535748969763517380e-02
-8.506336249411106110e-03
-1.231568586081266403e-02
-1.276744529604911804e-02
-6.183509714901447296e-03
-8.793278597295284271e-03
1.095063146203756332e-02
6.827807985246181488e-03
-2.083966974169015884e-03
5.892401095479726791e-03
4.352547228336334229e-03
-1.028165221214294434e-03
8.740902878344058990e-03
5.875282920897006989e-03
-3.395143896341323853e-03
7.806369103491306305e-03
3.966562915593385696e-03
1.146267051808536053e-03
5.683388561010360718e-03
3.231805050745606422e-03
2.281604334712028503e-03
1.024430431425571442e-02
2.781192306429147720e-03
5.704191047698259354e-03
-8.266603574156761169e-03
-4.686351865530014038e-03
-8.256496861577033997e-03
-1.011030655354261398e-02
-5.312121473252773285e-03
-9.392917156219482422e-03
-1.243314798921346664e-02
-8.704053238034248352e-03
-1.189798675477504730e-02
-3.972866572439670563e-03
4.739138239528983831e-04
-6.053608376532793045e-03
-2.803073439281433821e-04
5.228084046393632889e-03
-1.595929497852921486e-03
-9.814648889005184174e-03
-6.400772836059331894e-04
-8.508719503879547119e-03
1.428971998393535614e-02
1.542678289115428925e-02
1.912334002554416656e-02
1.107157580554485321e-02
1.082151941955089569e-02
1.709817722439765930e-02
1.801476255059242249e-02
1.867324858903884888e-02
2.310364320874214172e-02
-2.149985358119010925e-02
-8.229518309235572815e-03
-2.087888307869434357e-02
-1.328454446047544479e-02
1.384146511554718018e-03
-1.008237805217504501e-02
-2.062447182834148407e-02
-4.416211508214473724e-03
-1.523758564144372940e-02
1.946786418557167053e-02
7.978007197380065918e-03
2.166143991053104401e-02
1.629569008946418762e-02
7.887709885835647583e-03
1.971249468624591827e-02
1.984307542443275452e-02
1.271876413375139236e-02
2.408163249492645264e-02
-1.208317838609218597e-02
-2.468056511133909225e-03
-8.107692934572696686e-03
-1.186929084360599518e-02
1.430629170499742031e-03
-2.230829413747414947e-04
-2.544261701405048370e-02
-1.076439768075942993e-02
-9.986438788473606110e-03
9.628291241824626923e-03
5.597203038632869720e-03
1.097538881003856659e-02
1.039038226008415222e-02
4.968084394931793213e-03
1.018696092069149017e-02
7.502868771553039551e-03
3.403963288292288780e-03
8.436779491603374481e-03
3.108780272305011749e-02
2.150009758770465851e-02
3.289814293384552002e-02
1.817296631634235382e-02
2.540011890232563019e-03
1.647730916738510132e-02
1.949965208768844604e-02
6.874923594295978546e-03
1.895914226770401001e-02
-1.091708545573055744e-03
-5.368135403841733932e-03
-2.640279941260814667e-03
4.411874979268759489e-04
-3.557745134457945824e-03
-3.296804148703813553e-03
9.370673215016722679e-04
-8.046587463468313217e-04
1.136211911216378212e-03
9.985402226448059082e-03
1.017778739333152771e-02
1.179710682481527328e-02
9.768814779818058014e-03
7.344951853156089783e-03
8.390602655708789825e-03
8.241259492933750153e-03
4.839934874325990677e-03
5.430446937680244446e-03
-7.715606596320867538e-03
-7.652387022972106934e-03
-4.834071267396211624e-03
-1.159299910068511963e-02
-1.353582460433244705e-02
-8.313310332596302032e-03
-8.673297241330146790e-03
-9.017296135425567627e-03
-5.844057886861264706e-04
2.170910872519016266e-02
7.019381038844585419e-03
1.995345763862133026e-02
2.447290718555450439e-02
3.343076910823583603e-03
1.843847520649433136e-02
4.224815219640731812e-02
2.295327000319957733e-02
3.992435336112976074e-02
9.330416098237037659e-03
2.017011400312185287e-03
6.705717649310827255e-03
1.017487794160842896e-02
2.116295043379068375e-03
9.567223489284515381e-03
1.721486821770668030e-02
9.295071475207805634e-03
1.622967608273029327e-02
-1.099372748285531998e-02
-1.069858204573392868e-03
-1.357825845479965210e-02
-1.415072288364171982e-02
-2.178097143769264221e-03
-1.515895035117864609e-02
-2.889876067638397217e-02
-1.377264410257339478e-02
-2.956282533705234528e-02
2.177589759230613708e-02
7.243635132908821106e-03
8.475848473608493805e-03
1.285793446004390717e-02
1.151025760918855667e-03
3.199376165866851807e-03
1.956654153764247894e-02
4.342903383076190948e-03
4.826250951737165451e-03
-2.533853612840175629e-02
-1.389556471258401871e-02
-2.367790788412094116e-02
-1.181634794920682907e-02
-1.209370209835469723e-03
-8.426923304796218872e-03
-1.525541581213474274e-02
-1.038714218884706497e-02
-1.917990855872631073e-02
1.711328141391277313e-02
6.832784041762351990e-03
1.641334407031536102e-02
1.223715580999851227e-02
4.082237370312213898e-03
1.345708593726158142e-02
1.799944974482059479e-02
9.886846877634525299e-03
1.693212799727916718e-02
-3.967254888266324997e-03
-2.019286621361970901e-03
-7.105248980224132538e-03
-4.634372424334287643e-03
-3.961376496590673923e-04
-3.702127607539296150e-03
-9.362067095935344696e-03
-2.833045320585370064e-03
-4.615786951035261154e-03
-1.188047416508197784e-02
-1.058899331837892532e-02
-1.762051694095134735e-02
-8.933892473578453064e-03
-9.070119820535182953e-03
-1.644181087613105774e-02
-8.521368727087974548e-03
-9.385406039655208588e-03
-1.768867298960685730e-02
3.165771719068288803e-03
5.675887223333120346e-03
-2.608563227113336325e-04
-6.740806275047361851e-04
2.800298389047384262e-03
-3.055650275200605392e-03
-7.277376484125852585e-03
-4.728410858660936356e-03
-1.076163910329341888e-02
3.463594708591699600e-03
2.389647765085101128e-03
6.754661444574594498e-03
2.315384102985262871e-03
4.715682007372379303e-03
8.255305700004100800e-03
2.796891145408153534e-03
7.183566223829984665e-03
9.353610686957836151e-03
3.117938293144106865e-03
2.846129238605499268e-03
1.510363887064158916e-03
-9.492715471424162388e-04
7.773164543323218822e-04
-1.998570951400324702e-04
-5.164274014532566071e-03
8.451074827462434769e-04
6.128819222794845700e-05
-1.382612902671098709e-02
-1.507983822375535965e-02
-1.687094010412693024e-02
-1.154520921409130096e-02
-1.114510651677846909e-02
-1.063321623951196671e-02
-1.992418430745601654e-02
-1.878035999834537506e-02
-2.034329622983932495e-02
5.251519754528999329e-02
3.157094866037368774e-02
4.840203747153282166e-02
3.090834803879261017e-02
8.558805100619792938e-03
2.631288953125476837e-02
2.765148133039474487e-02
5.912054330110549927e-03
1.881976798176765442e-02
-1.965900883078575134e-03
-3.440379805397242308e-04
3.452685661613941193e-03
-1.631782273761928082e-03
4.977558855898678303e-04
4.432482091942802072e-05
4.457756411284208298e-03
5.815534386783838272e-03
3.599405288696289062e-03
-9.289936162531375885e-03
3.812761860899627209e-04
-6.069562863558530807e-03
-9.505266323685646057e-03
-1.573740970343351364e-03
-7.360887713730335236e-03
-1.957025751471519470e-02
-1.434489805251359940e-02
-1.951254159212112427e-02
-1.120395585894584656e-02
-3.927373792976140976e-03
-8.274743333458900452e-03
-1.025960035622119904e-02
-2.247021766379475594e-03
-8.348186500370502472e-03
-9.854048490524291992e-03
-4.265298601239919662e-03
-8.216252550482749939e-03
-1.531118247658014297e-02
-1.616573706269264221e-02
-1.360080856829881668e-02
-1.577970385551452637e-02
-1.645512320101261139e-02
-1.490459218621253967e-02
-1.612870767712593079e-02
-1.933990046381950378e-02
-2.118010632693767548e-02
3.470235737040638924e-03
3.591004526242613792e-03
4.271023906767368317e-03
6.348836701363325119e-03
7.095075678080320358e-03
9.922409430146217346e-03
7.526280358433723450e-03
1.007410325109958649e-02
1.276316773146390915e-02
-6.405217573046684265e-03
-8.782597258687019348e-03
-1.813831366598606110e-02
-2.265874063596129417e-03
-7.921707816421985626e-03
-1.366261765360832214e-02
-7.964538410305976868e-03
-1.307905185967683792e-02
-1.654258556663990021e-02
5.767538771033287048e-02
3.159827739000320435e-02
4.670043289661407471e-02
4.320297390222549438e-02
1.470510754734277725e-02
3.108161129057407379e-02
5.793613195419311523e-02
3.047328069806098938e-02
5.159318074584007263e-02
2.775937318801879883e-04
-8.781747892498970032e-04
2.979805227369070053e-03
3.014228306710720062e-03
2.561074215918779373e-03
3.419351531192660332e-03
7.595278322696685791e-03
4.360448569059371948e-03
5.379063542932271957e-03
1.488818041980266571e-02
8.161081001162528992e-03
1.931232772767543793e-02
1.422806922346353531e-02
8.265258744359016418e-03
1.931859739124774933e-02
1.578995957970619202e-02
8.174260146915912628e-03
1.895521581172943115e-02
-3.220325161237269640e-04
-8.851720020174980164e-03
-4.215848093735985458e-05
-4.744776990264654160e-03
-7.220667786896228790e-03
-6.358354818075895309e-03
-8.897585794329643250e-03
-1.006162073463201523e-02
-1.685876026749610901e-02
1.730302534997463226e-02
1.070602331310510635e-02
1.159744244068861008e-02
8.242562413215637207e-03
3.364345058798789978e-03
7.832238450646400452e-03
5.761675070971250534e-03
2.293110126629471779e-03
6.276748143136501312e-03
-2.214167080819606781e-02
-2.076134458184242249e-02
-2.422325685620307922e-02
-1.953955739736557007e-02
-1.100904960185289383e-02
-1.690890081226825714e-02
-2.878329157829284668e-02
-2.157083712518215179e-02
-2.533157542347908020e-02
1.370615139603614807e-02
6.144576705992221832e-03
9.027177467942237854e-03
1.120057795196771622e-02
3.137722611427307129e-03
7.891001179814338684e-03
1.033518277108669281e-02
7.083406671881675720e-03
9.266593493521213531e-03
-1.195083744823932648e-02
-1.194485835731029510e-02
-1.235453132539987564e-02
-2.846760675311088562e-03
-1.135667669586837292e-03
-1.931850711116567254e-04
-3.685692558065056801e-03
1.094423350878059864e-03
6.746336002834141254e-04
7.295847753994166851e-04
9.604684310033917427e-04
4.935226868838071823e-03
-4.851738340221345425e-04
2.121382392942905426e-03
6.238725036382675171e-03
-1.562447007745504379e-02
-1.017179619520902634e-02
-6.458441261202096939e-03
-1.942131668329238892e-02
-1.508449856191873550e-02
-1.360301580280065536e-02
-1.251297257840633392e-02
-8.838807232677936554e-03
-9.097934700548648834e-03
-1.480176113545894623e-02
-9.363803081214427948e-03
-9.136249311268329620e-03
-2.436113776639103889e-03
-2.883062697947025299e-04
-1.947393408045172691e-03
-2.673821058124303818e-03
6.684126565232872963e-04
-5.875833448953926563e-04
-2.690328750759363174e-03
3.810549853369593620e-03
2.899323822930455208e-03
-2.010695450007915497e-02
-2.253417298197746277e-02
-3.438195958733558655e-02
-1.196205336600542068e-02
-1.511523406952619553e-02
-2.399548515677452087e-02
-1.674293540418148041e-02
-1.976041682064533234e-02
-3.130186721682548523e-02
1.468888949602842331e-03
-8.273627609014511108e-03
-5.900637712329626083e-03
-2.802086994051933289e-03
-8.594597689807415009e-03
-9.245917201042175293e-03
-4.427253268659114838e-03
-9.854390285909175873e-03
-1.003262400627136230e-02
-3.086789802182465792e-04
-4.000952932983636856e-03
4.475215449929237366e-03
3.825498512014746666e-03
7.456530584022402763e-04
7.086240686476230621e-03
3.442762419581413269e-03
6.313660996966063976e-04
5.080514121800661087e-03
1.453263126313686371e-02
3.504832740873098373e-03
6.578585132956504822e-03
1.427497435361146927e-02
1.723128720186650753e-03
4.610447678714990616e-03
1.721035502851009369e-02
3.735678503289818764e-03
7.457632571458816528e-03
-1.028855214826762676e-03
-1.868431270122528076e-02
-7.730796467512845993e-03
-9.098355658352375031e-03
-2.658423967659473419e-02
-1.578850485384464264e-02
-3.824936226010322571e-03
-1.408295053988695145e-02
-5.933278240263462067e-03
4.201790783554315567e-03
-3.575713839381933212e-03
5.347789265215396881e-03
4.861354362219572067e-03
-4.236212931573390961e-03
5.228745751082897186e-03
5.253713577985763550e-03
-2.123765880241990089e-03
4.025346133857965469e-03
1.937507465481758118e-02
1.489810645580291748e-03
1.564032584428787231e-02
1.433360669761896133e-02
-6.088627036660909653e-03
9.808612987399101257e-03
3.650301694869995117e-02
1.660999096930027008e-02
3.403639048337936401e-02
-1.744209788739681244e-02
-1.293542329221963882e-02
-2.105706930160522461e-02
-7.609919644892215729e-03
-3.501330502331256866e-03
-1.312720216810703278e-02
-4.552695900201797485e-03
3.866478567942976952e-03
-5.108959972858428955e-03
-8.421147242188453674e-03
-6.749422755092382431e-03
-2.939841244369745255e-03
-1.252408698201179504e-02
-9.088980965316295624e-03
-6.382431369274854660e-03
-1.916904374957084656e-02
-1.588212884962558746e-02
-1.620320789515972137e-02
5.375341512262821198e-03
4.951520822942256927e-04
1.883966615423560143e-03
4.181439056992530823e-03
1.284199417568743229e-03
2.646353794261813164e-03
5.046246107667684555e-03
4.177104216068983078e-03
7.758945226669311523e-03
1.936812070198357105e-03
2.823185408487915993e-03
-2.262318972498178482e-03
-6.509033264592289925e-04
3.639091039076447487e-03
-4.118515644222497940e-03
-6.917156744748353958e-03
-2.985185477882623672e-03
-1.699269935488700867e-02
2.800351830956060439e-05
8.010065648704767227e-04
-3.633007407188415527e-03
3.495829296298325062e-04
4.142991732805967331e-03
1.169757102616131306e-03
1.393159982399083674e-05
7.076575886458158493e-03
4.956970922648906708e-03
-1.071914471685886383e-02
-5.713455844670534134e-03
-8.589274249970912933e-03
-1.166887208819389343e-02
-5.612620152533054352e-03
-7.834018208086490631e-03
-1.760533079504966736e-02
-1.016837917268276215e-02
-1.431408245116472244e-02
-1.626962213777005672e-03
-4.073828924447298050e-03
-3.497492754831910133e-03
-5.855719791725277901e-05
-3.325731959193944931e-03
-6.227224599570035934e-03
-7.986660115420818329e-03
-7.949102669954299927e-03
-1.038411259651184082e-02
2.166053652763366699e-02
3.128555044531822205e-02
3.202986717224121094e-02
7.732291240245103836e-03
1.269448734819889069e-02
1.592321135103702545e-02
1.573607325553894043e-02
2.539814822375774384e-02
2.765932492911815643e-02
1.357281394302845001e-02
5.609833635389804840e-03
4.522211384028196335e-03
9.607114829123020172e-03
1.440990250557661057e-03
9.704788099043071270e-04
1.777286268770694733e-02
9.917308576405048370e-03
6.811745930463075638e-03
-6.246949778869748116e-04
1.545677194371819496e-03
-2.677741926163434982e-03
-1.463726162910461426e-02
-1.079263165593147278e-02
-1.266154926270246506e-02
2.049872186034917831e-03
6.429154891520738602e-03
1.452634925954043865e-03
1.068694144487380981e-02
7.263472769409418106e-03
6.908657960593700409e-03
6.729175336658954620e-03
4.604532849043607712e-03
4.321234300732612610e-03
4.548007622361183167e-03
4.987028078176081181e-04
-1.073133200407028198e-03
-8.904526475816965103e-04
-2.003328874707221985e-03
-3.440406871959567070e-03
-1.899165799841284752e-03
-3.238479141145944595e-03
-3.060084069147706032e-03
3.262575017288327217e-03
-8.788194973021745682e-04
3.805285450653173029e-05
6.728869862854480743e-03
-9.516048594377934933e-04
7.234364282339811325e-03
-4.794995300471782684e-03
-1.197855081409215927e-02
-5.523764993995428085e-03
-6.779168266803026199e-03
-1.131351571530103683e-02
-5.239482503384351730e-03
2.820711210370063782e-02
1.533971913158893585e-02
2.583761513233184814e-02
1.094008050858974457e-02
1.823445083573460579e-03
1.669746451079845428e-02
8.895257487893104553e-03
3.800344886258244514e-03
1.202122308313846588e-02
-5.681681912392377853e-03
-8.780294097959995270e-03
2.793144201859831810e-03
-4.126654006540775299e-03
-6.771513260900974274e-03
6.717997137457132339e-03
5.314446985721588135e-03
3.000619821250438690e-03
1.326366327702999115e-02
1.834236463764682412e-04
9.216196835041046143e-03
2.721711806952953339e-02
7.054558489471673965e-03
1.175246760249137878e-02
2.113861404359340668e-02
3.572331974282860756e-03
1.589837297797203064e-02
2.692036144435405731e-02
-1.400562468916177750e-02
-1.246212981641292572e-02
-1.234398875385522842e-02
-4.905756097286939621e-03
-5.015754140913486481e-03
-3.725463757291436195e-03
-4.958182107657194138e-03
-4.009710159152746201e-03
-3.612499451264739037e-03
-3.861348843201994896e-03
4.642368585336953402e-04
4.243516828864812851e-03
-1.728520379401743412e-03
9.434996172785758972e-04
1.721702283248305321e-03
-4.639475955627858639e-04
-4.362267907708883286e-03
-3.116321051493287086e-03
-1.314881257712841034e-02
-2.325235120952129364e-02
-1.464045327156782150e-02
-9.689040482044219971e-03
-2.169646881520748138e-02
-1.183657627552747726e-02
-4.668704234063625336e-03
-1.694167777895927429e-02
-7.331596221774816513e-03
4.086770117282867432e-02
2.520092576742172241e-02
4.363085329532623291e-02
2.526693418622016907e-02
7.705817464739084244e-03
2.674436010420322418e-02
3.842839971184730530e-02
2.171862311661243439e-02
3.440563753247261047e-02
-4.447879036888480186e-04
2.767089521512389183e-03
-4.707579035311937332e-03
-5.722195375710725784e-03
-3.251352813094854355e-03
-1.385002490133047104e-02
-8.774603717029094696e-03
-7.242111023515462875e-03
-2.256645262241363525e-02
-1.798313669860363007e-02
-1.752147264778614044e-02
-2.638654224574565887e-02
-1.485484559088945389e-02
-1.057240460067987442e-02
-1.814922504127025604e-02
-2.165964059531688690e-02
-1.742313615977764130e-02
-2.475273050367832184e-02
-1.743438537232577801e-03
-9.064484620466828346e-04
-5.715319886803627014e-03
-2.373131923377513885e-03
8.471757173538208008e-04
-3.594496054574847221e-03
-6.263551302254199982e-03
-6.770800100639462471e-04
4.141706973314285278e-03
-3.480371460318565369e-02
-2.696138434112071991e-02
-3.169990703463554382e-02
-2.160969190299510956e-02
-1.467844285070896149e-02
-1.826837845146656036e-02
-2.747181616723537445e-02
-1.585212722420692444e-02
-1.857708394527435303e-02
-8.339452324435114861e-04
4.485291894525289536e-03
-5.735056940466165543e-03
-1.382055925205349922e-04
5.832355003803968430e-03
-4.860249813646078110e-03
-7.336429320275783539e-03
-2.736489055678248405e-03
-1.771600730717182159e-02
-6.953889038413763046e-03
-2.410003216937184334e-03
-4.572796635329723358e-03
-3.893963759765028954e-03
8.080211118794977665e-04
-7.666521123610436916e-04
-2.885949332267045975e-03
-1.720103668048977852e-03
-1.380778965540230274e-03
-9.753347374498844147e-03
-1.208302844315767288e-02
-1.485225278884172440e-02
-1.350937876850366592e-02
-1.344798784703016281e-02
-1.961562223732471466e-02
-1.589682698249816895e-02
-1.774762570858001709e-02
-2.261170558631420135e-02
-1.033394318073987961e-02
5.251374677754938602e-04
2.722641453146934509e-03
-8.520262315869331360e-03
1.239577075466513634e-03
-2.363240811973810196e-03
-9.418722242116928101e-03
-2.117574913427233696e-03
-9.084285236895084381e-03
-1.497927214950323105e-02
-4.813045728951692581e-03
-9.507503360509872437e-03
-1.474922616034746170e-02
-5.048617254942655563e-03
-9.430714882910251617e-03
-1.769255287945270538e-02
-1.136984396725893021e-02
-1.922610215842723846e-02
9.815519675612449646e-03
-1.093164831399917603e-02
9.480719454586505890e-03
2.759939990937709808e-02
1.886956160888075829e-03
2.108210697770118713e-02
5.065762624144554138e-02
2.919746562838554382e-02
4.783394187688827515e-02
-1.962674083188176155e-03
-3.584082005545496941e-04
6.718957796692848206e-03
-1.580594689585268497e-03
-4.376711440272629261e-04
3.126385621726512909e-03
9.876891272142529488e-04
3.793577430769801140e-03
6.715007126331329346e-03
2.608930319547653198e-02
1.676016673445701599e-02
3.371718153357505798e-02
1.059075165539979935e-02
1.529862289316952229e-03
1.705238595604896545e-02
2.368368208408355713e-02
1.640243828296661377e-02
3.775730356574058533e-02
5.052348598837852478e-03
2.808083780109882355e-03
2.723130863159894943e-03
4.803952760994434357e-03
5.969868041574954987e-03
2.803626703098416328e-03
2.072576200589537621e-03
1.811366179026663303e-03
-1.179943210445344448e-03
3.459830954670906067e-02
1.870901696383953094e-02
2.959253825247287750e-02
1.945461891591548920e-02
4.530024714767932892e-03
1.362198404967784882e-02
1.801962219178676605e-02
1.477046986110508442e-03
9.840358048677444458e-03
-6.142995785921812057e-03
-6.675670854747295380e-03
-8.083204738795757294e-03
-1.507863053120672703e-03
-7.730760262347757816e-04
-1.977740321308374405e-03
-5.346687510609626770e-03
-2.629541559144854546e-03
-5.680243950337171555e-03
1.436965307220816612e-03
-3.596382739488035440e-04
4.840123932808637619e-03
4.067352041602134705e-03
2.691062865778803825e-03
5.515275523066520691e-03
1.073634997010231018e-02
7.367855869233608246e-03
9.488443844020366669e-03
3.062615636736154556e-03
3.088874742388725281e-03
9.088605642318725586e-03
3.330723848193883896e-03
1.684648683294653893e-03
4.045439418405294418e-03
3.107720753178000450e-03
-4.426962914294563234e-05
3.877823473885655403e-03
1.249473891220986843e-03
-3.584861988201737404e-04
9.113454143516719341e-04
-3.567413892596960068e-03
-1.131028519012033939e-03
-2.309304196387529373e-03
-1.219806633889675140e-02
-5.868960171937942505e-03
-8.303513750433921814e-03
1.882022945210337639e-03
6.746208760887384415e-03
9.700438939034938812e-03
5.488012102432549000e-04
3.568810643628239632e-03
5.839641671627759933e-03
8.325519156642258167e-04
4.313670564442873001e-03
1.122337952256202698e-02
4.028770141303539276e-03
1.871429034508764744e-03
-1.185550470836460590e-03
1.453488599509000778e-03
-3.548296168446540833e-03
-4.624596913345158100e-04
-1.745076151564717293e-04
-3.839760320261120796e-03
-2.806319156661629677e-03
1.108099333941936493e-02
9.033369831740856171e-03
2.524506300687789917e-02
8.286586031317710876e-03
5.585596431046724319e-03
1.807758398354053497e-02
2.179674617946147919e-02
1.593458838760852814e-02
2.861853316426277161e-02
-1.061180140823125839e-02
-7.187027484178543091e-03
-1.591331511735916138e-02
-1.382545102387666702e-02
-7.815311662852764130e-03
-1.523014437407255173e-02
-2.389169298112392426e-02
-1.850779727101325989e-02
-2.882175147533416748e-02
-1.465030945837497711e-02
-5.966316442936658859e-03
-1.216154731810092926e-02
-7.003402337431907654e-03
1.256392624782165512e-05
-7.227369118481874466e-03
-8.359228260815143585e-03
-1.925964606925845146e-03
-8.322606794536113739e-03
-5.723244976252317429e-03
-6.266646552830934525e-03
-1.205256395041942596e-02
-5.357828922569751740e-03
-5.138790700584650040e-03
-1.000619586557149887e-02
-5.132218822836875916e-03
-4.658672958612442017e-03
-1.216973830014467239e-02
-1.424782210960984230e-03
-2.649951493367552757e-03
-5.123781505972146988e-03
-5.513879004865884781e-04
-1.667445292696356773e-03
-2.786966506391763687e-03
-5.918102106079459190e-04
4.879954503849148750e-04
7.398463203571736813e-04
-2.138339448720216751e-03
-3.903912613168358803e-03
-4.976117517799139023e-03
-2.963025122880935669e-03
-2.926096552982926369e-03
-3.932501189410686493e-03
-6.882924586534500122e-03
-4.799169488251209259e-03
-4.325528629124164581e-03
1.793711073696613312e-02
6.803427822887897491e-03
1.815735734999179840e-02
1.396129839122295380e-02
4.110884852707386017e-03
1.334858499467372894e-02
1.504454016685485840e-02
5.724178627133369446e-03
1.482920907437801361e-02
-4.246424417942762375e-03
-9.926791535690426826e-04
-4.304170142859220505e-03
-4.046627320349216461e-03
-1.871512155048549175e-03
-4.361244384199380875e-03
-5.073628388345241547e-03
-2.702822210267186165e-03
-5.684393458068370819e-03
-6.866784300655126572e-03
-1.134888362139463425e-02
-1.029730308800935745e-02
-2.600685693323612213e-03
-4.048835951834917068e-03
-5.251142662018537521e-03
-1.758575206622481346e-03
-1.615767483599483967e-03
-1.088282745331525803e-02
3.925660625100135803e-02
2.381370216608047485e-02
3.515167161822319031e-02
1.769492775201797485e-02
1.701312838122248650e-03
1.223036739975214005e-02
2.560444921255111694e-02
7.725328672677278519e-03
1.338905189186334610e-02
5.772786214947700500e-02
4.539635032415390015e-02
6.210000067949295044e-02
4.183913394808769226e-02
2.261960878968238831e-02
4.174066334962844849e-02
3.203181922435760498e-02
1.533437334001064301e-02
3.088511154055595398e-02
-2.713151276111602783e-02
-1.975428126752376556e-02
-2.873379364609718323e-02
-2.031659334897994995e-02
-1.550054922699928284e-02
-2.112981863319873810e-02
-2.354882843792438507e-02
-1.989946514368057251e-02
-2.091109193861484528e-02
1.594593562185764313e-02
7.700782269239425659e-03
4.405461717396974564e-03
1.281854324042797089e-02
8.160751312971115112e-03
1.036877837032079697e-02
1.262588612735271454e-02
9.767956100404262543e-03
1.115296687930822372e-02
-1.926152780652046204e-02
-8.782457560300827026e-03
-1.640715263783931732e-02
-1.276519987732172012e-02
-4.534861654974520206e-04
-2.113569760695099831e-03
-1.552027463912963867e-02
-1.838274882175028324e-03
1.817153999581933022e-03
-1.385599956847727299e-03
-1.300171599723398685e-03
4.527525976300239563e-03
-3.673900617286562920e-03
-2.095211530104279518e-03
3.277261042967438698e-03
-1.221803110092878342e-02
-9.410290978848934174e-03
-1.876692287623882294e-03
-5.608506500720977783e-03
-1.836729585193097591e-03
-8.869762532413005829e-04
-6.581653840839862823e-03
-2.631406066939234734e-03
-1.757249119691550732e-03
-7.940523326396942139e-03
-3.507279790937900543e-03
-3.278823569416999817e-03
-6.409118883311748505e-03
-8.939562831073999405e-04
-2.764764707535505295e-03
-6.445499602705240250e-03
1.048902049660682678e-03
1.211918075568974018e-03
-4.336865153163671494e-03
3.099743742495775223e-03
6.036117672920227051e-03
-1.261280756443738937e-02
-1.750435121357440948e-02
-2.679128386080265045e-02
-4.654275253415107727e-03
-7.280925288796424866e-03
-1.695901528000831604e-02
-1.199189759790897369e-02
-1.330264192074537277e-02
-3.102281130850315094e-02
-2.048084884881973267e-02
-1.485808379948139191e-02
-2.437666058540344238e-02
-1.972920075058937073e-02
-1.313058380037546158e-02
-2.248025871813297272e-02
-1.842500083148479462e-02
-1.336491759866476059e-02
-1.929500699043273926e-02
-7.262819912284612656e-03
-9.657832561060786247e-04
-7.516140118241310120e-03
-2.409952692687511444e-03
5.605872720479965210e-03
-1.688011805526912212e-03
-4.105322062969207764e-03
4.555286839604377747e-03
-8.913781493902206421e-03
1.376589387655258179e-02
2.493248553946614265e-03
5.742179229855537415e-03
8.910127915441989899e-03
-1.454028883017599583e-03
-4.690914065577089787e-04
9.420852176845073700e-03
-1.887444523163139820e-03
-3.826118307188153267e-03
1.231077965348958969e-02
1.206897664815187454e-02
1.180375181138515472e-02
1.446097344160079956e-02
1.207042392343282700e-02
1.402780320495367050e-02
1.744810119271278381e-02
2.099525555968284607e-02
2.052568644285202026e-02
1.095204614102840424e-02
7.971344748511910439e-04
-3.837325610220432281e-03
5.692884325981140137e-03
-3.625486511737108231e-03
-8.715385571122169495e-03
7.520622108131647110e-03
-4.128390457481145859e-03
-1.228401623666286469e-02
-1.760081760585308075e-02
-2.334245480597019196e-03
-1.515069697052240372e-02
-1.478798966854810715e-02
-1.571618719026446342e-03
-1.422946527600288391e-02
-2.031287550926208496e-02
-8.762746118009090424e-03
-2.473724260926246643e-02
-4.525793716311454773e-03
1.691992860287427902e-03
5.857021547853946686e-03
-1.449506147764623165e-03
2.329644979909062386e-03
5.855860188603401184e-03
-9.980334434658288956e-04
2.662426559254527092e-03
5.979935172945261002e-03
-2.222213335335254669e-02
-9.695620276033878326e-03
-6.584680639207363129e-03
-1.889159344136714935e-02
-7.800319232046604156e-03
-8.031486533582210541e-03
-3.117095306515693665e-02
-1.805743202567100525e-02
-1.923619583249092102e-02
9.212639415636658669e-04
8.585594594478607178e-03
6.975577678531408310e-03
2.340757520869374275e-03
6.296701263636350632e-03
2.901804633438587189e-03
-3.141275374218821526e-04
7.614918285980820656e-04
-2.241526730358600616e-03
-1.595578901469707489e-02
-1.661857217550277710e-02
-1.992414891719818115e-02
-5.971604958176612854e-03
-5.560489837080240250e-03
-6.581396795809268951e-03
-4.239303234498947859e-04
8.312011486850678921e-04
1.530450535938143730e-03
1.070382911711931229e-02
6.782401818782091141e-03
1.506965793669223785e-02
7.152502890676259995e-03
6.509145721793174744e-03
1.461037900298833847e-02
1.024013292044401169e-02
7.546492386609315872e-03
1.656046882271766663e-02
-3.909865394234657288e-03
-2.158040879294276237e-03
3.418726380914449692e-03
-2.365933498367667198e-03
-2.738421550020575523e-03
1.110224286094307899e-03
2.425526967272162437e-03
1.807358581572771072e-03
4.871241748332977295e-03
1.683409512042999268e-02
1.174350455403327942e-02
1.624984294176101685e-02
9.812258183956146240e-03
4.566795192658901215e-03
6.368765607476234436e-03
1.575700007379055023e-02
7.452955469489097595e-03
9.686073288321495056e-03
7.757652201689779758e-04
-1.733416342176496983e-03
-3.935399465262889862e-03
-7.321427576243877411e-03
-6.379841826856136322e-03
-9.840320795774459839e-03
-8.096916717477142811e-04
-2.299745799973607063e-03
-9.525401517748832703e-03
-5.245339125394821167e-03
-2.991788554936647415e-03
-3.568344516679644585e-03
-7.647919002920389175e-03
-5.450475495308637619e-03
-9.166421368718147278e-03
1.787656219676136971e-04
2.925248118117451668e-03
-8.202113676816225052e-04
5.820377264171838760e-03
4.874926060438156128e-03
4.137192387133836746e-03
2.430346095934510231e-03
4.252777434885501862e-03
7.002647966146469116e-03
-4.678642377257347107e-03
7.151008467189967632e-04
-1.266119361389428377e-04
9.214669698849320412e-04
6.753906491212546825e-04
8.287398959510028362e-04
-5.993496743030846119e-04
-5.517891258932650089e-04
-7.788205402903258801e-04
-2.194181084632873535e-03
-1.239247270859777927e-03
-2.620462793856859207e-03
-1.880217529833316803e-02
-8.068052120506763458e-03
-7.520605809986591339e-03
-9.724179282784461975e-03
-5.401893984526395798e-03
-1.276358379982411861e-03
-1.426554005593061447e-02
-1.088031474500894547e-02
-6.546835415065288544e-03
-5.855170544236898422e-03
-6.739682983607053757e-03
-4.738950170576572418e-03
-6.799879949539899826e-03
-6.967592984437942505e-03
-3.771017072722315788e-03
-4.670050926506519318e-03
-2.805624622851610184e-03
2.261329442262649536e-03
3.654248779639601707e-03
-4.155619069933891296e-03
-6.658984348177909851e-03
6.909143179655075073e-03
-1.503440318629145622e-03
-4.170638043433427811e-03
9.790533222258090973e-03
1.872943365015089512e-03
-3.276057541370391846e-03
1.943152956664562225e-02
1.530341245234012604e-02
3.227436169981956482e-02
2.190832607448101044e-02
1.508369855582714081e-02
2.750092558562755585e-02
4.818803444504737854e-02
3.726775571703910828e-02
4.944061115384101868e-02
-6.886576302349567413e-03
4.299595020711421967e-03
1.630350388586521149e-02
-5.004292819648981094e-03
2.545376308262348175e-03
9.030262939631938934e-03
6.297644227743148804e-03
1.335724536329507828e-02
2.014353126287460327e-02
-9.869427420198917389e-03
-6.372021976858377457e-03
-7.841594517230987549e-03
-6.667891517281532288e-03
-3.994197119027376175e-03
-6.431851070374250412e-03
-5.089759826660156250e-03
-3.886203281581401825e-03
-6.657445337623357773e-03
-6.599962711334228516e-03
-5.930826067924499512e-03
-5.031751934438943863e-03
-4.506083205342292786e-03
-3.700563916936516762e-03
-1.798923476599156857e-03
-8.186031132936477661e-03
-5.805461667478084564e-03
-5.538755212910473347e-04
-6.759678479284048080e-03
-1.530416589230298996e-02
-1.079284958541393280e-02
-8.309431374073028564e-03
-1.984356157481670380e-02
-1.548757776618003845e-02
-2.868268871679902077e-03
-1.256512012332677841e-02
-9.990892373025417328e-03
4.067304357886314392e-02
2.009297721087932587e-02
5.091403052210807800e-02
1.855391263961791992e-02
-1.231442438438534737e-03
2.584617771208286285e-02
3.340015187859535217e-02
1.262924633920192719e-02
2.997231483459472656e-02
-1.268675317987799644e-03
2.762959338724613190e-03
4.173260647803544998e-03
-5.854593473486602306e-04
1.991756027564406395e-03
3.352268366143107414e-03
-1.792141847545281053e-04
3.580826567485928535e-03
2.271620323881506920e-03
-9.202449582517147064e-03
-6.602326873689889908e-03
-8.688849397003650665e-03
-9.630939923226833344e-03
-5.775988101959228516e-03
-9.182757697999477386e-03
-1.464908942580223083e-02
-8.058904670178890228e-03
-1.173660717904567719e-02
-2.095919661223888397e-02
-1.228546258062124252e-02
-2.777969464659690857e-02
-1.062842272222042084e-02
-1.259216223843395710e-03
-1.988147199153900146e-02
-1.055668387562036514e-02
-2.654887503013014793e-03
-2.108414098620414734e-02
-1.128242909908294678e-02
-1.026908215135335922e-02
-9.555683936923742294e-04
-6.549493875354528427e-03
-4.593953490257263184e-03
4.851927049458026886e-03
-8.854686282575130463e-03
-4.448841325938701630e-03
3.766898531466722488e-03
-1.223580213263630867e-03
1.666484895395115018e-04
-2.466556848958134651e-03
2.645384985953569412e-03
2.172654261812567711e-03
-1.191995572298765182e-03
1.189592876471579075e-03
5.074946093373000622e-04
-6.102843210101127625e-03
6.016200408339500427e-03
5.382279050536453724e-04
8.441112935543060303e-03
9.680150076746940613e-03
6.160646677017211914e-03
1.320833340287208557e-02
1.105896756052970886e-02
6.734351161867380142e-03
1.275186985731124878e-02
-3.041516290977597237e-03
-7.352667395025491714e-03
-6.032288540154695511e-03
-1.054929848760366440e-02
-1.207618322223424911e-02
-1.095657795667648315e-02
-1.229747291654348373e-02
-1.730926334857940674e-02
-1.628031022846698761e-02
4.968667402863502502e-03
-1.229452900588512421e-03
6.211107596755027771e-03
1.196837238967418671e-02
8.974749362096190453e-04
8.974228054285049438e-03
2.279567159712314606e-02
1.142364926636219025e-02
1.927757263183593750e-02
-4.286205396056175232e-03
-1.831736182793974876e-03
-5.024456884711980820e-03
-6.170020438730716705e-03
-1.463379594497382641e-03
-5.239150486886501312e-03
-7.144107948988676071e-03
-3.296576673164963722e-03
-9.113095700740814209e-03
1.091978512704372406e-02
-4.736213013529777527e-03
1.327459607273340225e-02
2.219305559992790222e-02
2.279276028275489807e-03
1.319463271647691727e-02
4.421483352780342102e-02
2.074882760643959045e-02
3.260939940810203552e-02
2.301207929849624634e-02
1.495661959052085876e-02
1.344843022525310516e-02
1.304550468921661377e-02
6.709674373269081116e-03
4.426134750247001648e-03
1.603573188185691833e-02
8.623057976365089417e-03
6.654867902398109436e-03
3.003670461475849152e-02
2.282367460429668427e-02
4.042576998472213745e-02
1.653749495744705200e-02
9.364094585180282593e-03
2.504460513591766357e-02
2.383559942245483398e-02
2.073008194565773010e-02
4.098755493760108948e-02
-7.278509903699159622e-03
-6.059738341718912125e-03
-5.381085444241762161e-03
-9.714370389701798558e-05
-1.310600666329264641e-03
8.323550573550164700e-04
-2.477617934346199036e-03
-2.422498539090156555e-03
1.594030763953924179e-04
1.822286751121282578e-03
2.607785165309906006e-03
3.362322924658656120e-03
9.443018934689462185e-04
-1.747778500430285931e-03
1.138190971687436104e-03
2.296711085364222527e-03
6.719427183270454407e-04
6.940134917385876179e-04
-1.079072151333093643e-02
-1.069300901144742966e-02
-8.697426877915859222e-03
-5.733779631555080414e-03
-7.113388273864984512e-03
-5.252063274383544922e-03
-4.271885845810174942e-03
-7.620802614837884903e-03
-5.060027353465557098e-03
-2.103531733155250549e-03
3.496526915114372969e-04
1.431011944077908993e-03
-2.587769413366913795e-04
2.585204550996422768e-03
2.376644872128963470e-03
9.659027564339339733e-04
3.938953857868909836e-03
6.506932899355888367e-03
1.045198366045951843e-02
8.457574062049388885e-03
1.014417037367820740e-02
6.138888187706470490e-03
5.978132598102092743e-03
8.629578165709972382e-03
5.754170008003711700e-03
7.599775679409503937e-03
9.905808605253696442e-03
-4.937231540679931641e-03
-2.938972786068916321e-03
-3.711674595251679420e-03
-5.264633800834417343e-03
-3.197712125256657600e-03
-1.643759896978735924e-03
-6.200733594596385956e-03
-3.805262502282857895e-03
9.703701653052121401e-05
-1.019067503511905670e-02
-9.581644088029861450e-03
-1.229292526841163635e-02
-7.528302725404500961e-03
-5.399827845394611359e-03
-6.621280685067176819e-03
-1.789526641368865967e-02
-1.496017631143331528e-02
-1.580364629626274109e-02
-6.120137404650449753e-04
9.421012364327907562e-04
5.000024684704840183e-04
2.625369466841220856e-03
1.324057811871170998e-03
1.974620623514056206e-03
1.013854332268238068e-02
5.037369206547737122e-03
1.017714012414216995e-02
1.301851402968168259e-02
3.980091307312250137e-03
8.523977361619472504e-03
1.148101035505533218e-02
2.158513292670249939e-03
5.357709713280200958e-03
2.426179498434066772e-02
1.791202463209629059e-02
1.932019181549549103e-02
2.884434908628463745e-02
5.444450303912162781e-03
2.779258042573928833e-02
1.918283291161060333e-02
-4.990242421627044678e-03
1.701057516038417816e-02
5.485685542225837708e-02
3.280507773160934448e-02
5.969446152448654175e-02
-1.495032850652933121e-02
-1.028928812593221664e-02
-9.822399355471134186e-03
-8.490961045026779175e-03
-2.654121257364749908e-03
-4.320054315030574799e-03
-8.825109340250492096e-03
-3.834806848317384720e-03
-8.291590027511119843e-03
-1.218141894787549973e-02
-4.460823256522417068e-03
-3.167921386193484068e-04
-5.264513660222291946e-03
1.283083809539675713e-03
2.815818646922707558e-03
-2.144027035683393478e-03
8.534750086255371571e-04
1.219821060658432543e-04
3.290758281946182251e-02
3.505347296595573425e-02
4.185112193226814270e-02
3.060390055179595947e-02
2.870024926960468292e-02
3.702379763126373291e-02
1.253087352961301804e-02
7.327823899686336517e-03
1.123199425637722015e-02
1.636925898492336273e-02
1.502103824168443680e-02
1.347004622220993042e-02
1.960375905036926270e-02
1.460841391235589981e-02
1.573530770838260651e-02
2.599258720874786377e-02
2.536775171756744385e-02
2.645036019384860992e-02
-4.914299584925174713e-03
-4.011442884802818298e-03
9.141282062046229839e-04
-2.588236529845744371e-04
-1.957723579835146666e-04
4.702810198068618774e-03
-5.304493010044097900e-03
-3.385330317541956902e-03
4.616554651875048876e-04
3.818764910101890564e-02
3.255490586161613464e-02
3.845956549048423767e-02
2.133789099752902985e-02
1.098213531076908112e-02
1.583984866738319397e-02
2.767894417047500610e-02
1.800492592155933380e-02
1.709876768290996552e-02
1.002061180770397186e-02
9.872297756373882294e-03
1.083982829004526138e-02
3.553111106157302856e-03
2.823594259098172188e-03
8.666391484439373016e-03
6.437313277274370193e-03
7.771888282150030136e-03
1.380730327218770981e-02
-1.308589149266481400e-02
-1.253824122250080109e-02
-1.406914182007312775e-02
-7.868967950344085693e-03
-5.809043999761343002e-03
-5.391843616962432861e-03
-1.700381748378276825e-02
-1.063802558928728104e-02
-5.374789237976074219e-03
3.447179915383458138e-03
3.200049279257655144e-03
4.072415176779031754e-03
2.801759401336312294e-03
1.195129007101058960e-03
1.189126865938305855e-03
-1.501927035860717297e-04
-4.582226974889636040e-04
-8.689616224728524685e-04
7.377049885690212250e-03
6.632078904658555984e-03
8.385675959289073944e-03
8.837478235363960266e-03
6.532516796141862869e-03
5.908820312470197678e-03
8.095932193100452423e-03
3.939312882721424103e-03
9.672010783106088638e-04
-1.489593554288148880e-02
-1.104625500738620758e-02
-1.815747097134590149e-02
-1.002277620136737823e-02
-4.952739924192428589e-03
-9.187736548483371735e-03
-7.742720656096935272e-03
-4.415003641042858362e-04
-3.727625822648406029e-03
-1.932353526353836060e-02
-1.568999141454696655e-02
-1.832800917327404022e-02
-9.731075726449489594e-03
-8.557105436921119690e-03
-8.091885596513748169e-03
-6.987497210502624512e-03
-5.826594773679971695e-03
-3.629679093137383461e-03
-1.332101877778768539e-02
-7.305073086172342300e-03
-1.012381352484226227e-02
-1.034093927592039108e-02
-3.470281837508082390e-03
-4.520524758845567703e-03
-1.853748038411140442e-02
-1.414560060948133469e-02
-1.815045252442359924e-02
9.568683803081512451e-03
7.810262497514486313e-03
5.933594889938831329e-03
2.694607945159077644e-03
2.046441892161965370e-03
4.385890206322073936e-04
7.970227859914302826e-03
6.930559873580932617e-03
4.594573285430669785e-03
-2.803055383265018463e-02
-2.575825341045856476e-02
-2.837932296097278595e-02
-1.869657821953296661e-02
-1.293666381388902664e-02
-1.520237606018781662e-02
-2.666446752846240997e-02
-1.814366132020950317e-02
-2.029348351061344147e-02
5.350019782781600952e-03
4.458310722839087248e-04
1.721589243970811367e-03
3.180461935698986053e-03
-6.412061047740280628e-04
1.691172597929835320e-03
5.933371838182210922e-03
2.435819915262982249e-04
1.195335295051336288e-03
1.171874441206455231e-02
8.794639259576797485e-03
8.700156584382057190e-03
1.212340034544467926e-02
8.069295436143875122e-03
8.020255714654922485e-03
1.279820408672094345e-02
8.378215134143829346e-03
9.386099874973297119e-03
3.567774256225675344e-04
-4.727220162749290466e-03
5.010922439396381378e-03
4.520826973021030426e-03
-9.468182688578963280e-04
7.394956424832344055e-03
1.400541397742927074e-03
-2.744963858276605606e-03
6.402920465916395187e-03
-2.516173012554645538e-02
-1.787033304572105408e-02
-2.287510409951210022e-02
-1.908818259835243225e-02
-9.014546871185302734e-03
-1.988513767719268799e-02
-3.379327058792114258e-02
-2.405132353305816650e-02
-3.919279947876930237e-02
-7.606432773172855377e-03
-9.415319189429283142e-03
-1.993672631215304136e-04
-1.347578130662441254e-02
-1.702904514968395233e-02
-1.082592643797397614e-02
-4.571556113660335541e-03
-7.485132198780775070e-03
-7.517791818827390671e-04
1.446094084531068802e-02
2.997527131810784340e-03
5.869681481271982193e-03
1.183841936290264130e-02
2.833806211128830910e-03
7.332579698413610458e-03
2.415228448808193207e-02
1.852368190884590149e-02
2.257451415061950684e-02
5.350233404897153378e-04
1.552250701934099197e-03
3.757661208510398865e-03
9.718256478663533926e-05
7.150291930884122849e-04
1.465619192458689213e-03
-3.956703934818506241e-03
-2.786407014355063438e-03
-3.120283363386988640e-03
6.423918996006250381e-03
-7.100313814589753747e-05
1.209977176040410995e-02
6.201618351042270660e-03
-3.308177983853965998e-04
1.098719704896211624e-02
1.070603169500827789e-02
3.174977609887719154e-03
1.428396441042423248e-02
-4.180783405900001526e-03
2.918384270742535591e-03
9.609285625629127026e-04
-3.183597931638360023e-03
2.987499115988612175e-03
-2.044446766376495361e-03
-1.113740634173154831e-02
-4.148288164287805557e-03
-1.006400864571332932e-02
7.287418935447931290e-03
1.672539114952087402e-02
1.707147620618343353e-02
1.103270798921585083e-02
1.221329439431428909e-02
1.605664007365703583e-02
8.086430840194225311e-03
9.211207740008831024e-03
8.952775970101356506e-03
-1.807820983231067657e-02
-1.227308250963687897e-02
-1.519487425684928894e-02
-8.254317566752433777e-03
-2.664481988176703453e-03
-7.300224155187606812e-03
-1.025893259793519974e-02
-9.271821007132530212e-03
-1.218313351273536682e-02
4.799881018698215485e-03
6.985614076256752014e-03
1.085604168474674225e-02
-2.386805135756731033e-03
2.478611713740974665e-04
2.951784525066614151e-03
-4.825789481401443481e-03
-7.743584137642756104e-05
1.323798904195427895e-03
5.976983811706304550e-03
4.967712331563234329e-03
1.112467981874942780e-02
6.785211618989706039e-03
8.439837023615837097e-03
1.478521246463060379e-02
9.947779588401317596e-03
1.128593645989894867e-02
1.223891694098711014e-02
-9.417292661964893341e-03
-8.502908051013946533e-03
-1.139471307396888733e-02
-4.210939630866050720e-03
-3.527160035446286201e-03
-6.779663264751434326e-03
6.353574572131037712e-04
2.665526000782847404e-03
-1.316807756666094065e-04
-4.360359162092208862e-04
-9.763914160430431366e-03
-1.388351060450077057e-02
2.177672227844595909e-03
-1.301983371376991272e-03
-2.959375735372304916e-03
-2.900870749726891518e-03
-7.923008874058723450e-03
-1.026353240013122559e-02
2.111780643463134766e-02
1.908938959240913391e-02
2.723901532590389252e-02
1.725289784371852875e-02
1.461197156459093094e-02
2.480225823819637299e-02
1.543923467397689819e-02
1.280767843127250671e-02
2.366133779287338257e-02
-2.230802347185090184e-04
8.129013702273368835e-03
1.233653514645993710e-03
8.520527742803096771e-03
1.642308942973613739e-02
9.675613604485988617e-03
-8.151449146680533886e-04
8.112505078315734863e-03
1.771054929122328758e-03
-1.035800576210021973e-02
-7.329542189836502075e-03
-6.168349180370569229e-03
-1.142767257988452911e-02
-6.664359476417303085e-03
-7.076499518007040024e-03
-1.835501380264759064e-02
-1.311577204614877701e-02
-1.672196015715599060e-02
-4.916627891361713409e-03
-6.193675566464662552e-03
-6.061093416064977646e-03
9.691299783298745751e-05
-1.437412342056632042e-03
-1.358253532089293003e-03
-1.390202553011476994e-03
1.352949417196214199e-03
4.439526703208684921e-03
9.283346123993396759e-03
9.614870883524417877e-03
-8.171496447175741196e-04
8.206234313547611237e-03
1.080396492034196854e-02
2.630680566653609276e-03
6.441353820264339447e-03
1.276347227394580841e-02
3.968540113419294357e-03
-1.430225186049938202e-02
-8.406228385865688324e-03
-1.412520837038755417e-02
-3.705829149112105370e-03
2.667104126885533333e-03
-3.219146048650145531e-03
-9.745553834363818169e-04
2.592567587271332741e-03
-1.416205777786672115e-03
2.481611212715506554e-03
2.469416940584778786e-03
4.506209399551153183e-03
3.856489434838294983e-03
6.530602462589740753e-03
5.448098760098218918e-03
-4.985283594578504562e-03
-3.937543369829654694e-03
-6.252836436033248901e-03
-7.956611923873424530e-03
-1.112742722034454346e-02
-1.996450498700141907e-02
-4.894681740552186966e-03
-6.700091995298862457e-03
-1.239606086164712906e-02
-8.661984466016292572e-03
-1.198188215494155884e-02
-1.803704351186752319e-02
-9.183037094771862030e-03
-8.798900060355663300e-03
-9.820600971579551697e-03
-1.441044360399246216e-02
-1.212321408092975616e-02
-1.351067144423723221e-02
-7.835180498659610748e-03
-6.496865767985582352e-03
-9.819426573812961578e-03
-8.076061931205913424e-05
-2.078131306916475296e-03
-1.097318436950445175e-02
8.158719865605235100e-04
1.538661657832562923e-03
-2.467035083100199699e-03
5.084652919322252274e-03
3.416393650695681572e-03
-1.690170902293175459e-04
-1.267259381711483002e-02
-5.410693120211362839e-03
-1.503323949873447418e-02
-6.365680601447820663e-03
-1.911771949380636215e-03
-9.837456978857517242e-03
-7.700371555984020233e-03
-4.351368173956871033e-03
-1.002278644591569901e-02
1.682057743892073631e-03
6.298111286014318466e-03
1.388778910040855408e-03
-3.629169892519712448e-03
-2.099891571560874581e-04
-6.413242663256824017e-04
-3.046724246814846992e-03
-1.952421444002538919e-04
2.066131448373198509e-03
-3.503307001665234566e-03
-4.872209858149290085e-03
-6.096432916820049286e-03
-5.343431606888771057e-03
-4.089735448360443115e-03
-3.421321278437972069e-03
-6.319601088762283325e-03
-5.207373760640621185e-03
-1.821524580009281635e-03
-8.135350421071052551e-03
-5.662202835083007812e-03
-8.012701757252216339e-03
-4.975390154868364334e-03
-1.311008934862911701e-03
-3.328420920297503471e-03
-2.991082379594445229e-03
8.984726155176758766e-04
-2.223675983259454370e-04
-7.960855029523372650e-03
-5.282835103571414948e-03
-1.132639590650796890e-02
-6.483842153102159500e-03
-5.276130046695470810e-03
-6.355915684252977371e-03
-4.300678148865699768e-03
-3.645825665444135666e-03
-4.135894123464822769e-03
3.006091807037591934e-03
-8.771767024882137775e-04
-1.837235759012401104e-03
4.578070715069770813e-03
1.882899552583694458e-03
2.995900809764862061e-03
3.241200931370258331e-03
1.825684797950088978e-03
5.952936597168445587e-03
-1.410861592739820480e-02
-8.975439704954624176e-03
-1.506150513887405396e-02
-6.812474224716424942e-03
-1.149995485320687294e-03
-6.374842952936887741e-03
-9.009218774735927582e-03
-9.381150826811790466e-03
-1.309410668909549713e-02
3.366875275969505310e-02
1.863937079906463623e-02
4.351658001542091370e-02
1.608507335186004639e-02
-1.698896754533052444e-03
1.966176182031631470e-02
4.030107334256172180e-02
1.792673021554946899e-02
4.407690837979316711e-02
-9.293430484831333160e-03
-1.244835928082466125e-02
-1.392255257815122604e-02
-4.884125664830207825e-03
-2.460094401612877846e-03
-1.085406355559825897e-02
-1.360808499157428741e-02
-1.220486219972372055e-02
-1.924466155469417572e-02
-7.110532373189926147e-03
-5.433203652501106262e-03
-9.200421161949634552e-03
-8.619196712970733643e-03
-7.485832553356885910e-03
-1.520407851785421371e-02
-1.248010061681270599e-02
-1.042743306607007980e-02
-1.817374676465988159e-02
-1.449966919608414173e-03
3.293941495940089226e-03
-2.875689882785081863e-03
-9.443275048397481441e-04
6.475027650594711304e-03
-4.637927282601594925e-03
-2.002088353037834167e-02
-1.281666848808526993e-02
-2.520893514156341553e-02
1.434724195860326290e-03
-4.571010940708220005e-04
2.874725498259067535e-03
1.295624766498804092e-03
2.050982322543859482e-03
3.380597801879048347e-03
4.910678602755069733e-03
4.805818665772676468e-03
5.153706297278404236e-03
1.572835259139537811e-02
-1.169123686850070953e-03
-7.293928880244493484e-03
1.472742110490798950e-02
-1.294787307415390387e-05
-4.073475021868944168e-03
1.467183604836463928e-02
7.845233194530010223e-03
2.250567078590393066e-03
9.004578925669193268e-03
6.789696053601801395e-04
1.001663785427808762e-02
4.763610661029815674e-03
-1.174540841020643711e-03
7.803663611412048340e-03
2.607900416478514671e-03
-1.917365239933133125e-03
7.145526353269815445e-03
5.065877456218004227e-03
6.716909352689981461e-03
5.002676043659448624e-03
1.437610248103737831e-03
3.308513201773166656e-03
-1.177504309453070164e-03
-1.101551824831403792e-04
1.171723473817110062e-03
-5.070927552878856659e-03
-8.501037955284118652e-03
-5.249308422207832336e-03
-1.454235892742872238e-02
-5.783198401331901550e-03
-3.831305541098117828e-03
-1.146774273365736008e-02
-6.556213367730379105e-03
-8.005077019333839417e-03
-1.641633920371532440e-02
3.282057866454124451e-02
2.305237203836441040e-02
3.130672499537467957e-02
1.554634887725114822e-02
3.107079770416021347e-03
9.397388435900211334e-03
1.314002182334661484e-02
5.769094452261924744e-03
1.192042976617813110e-02
-6.029591895639896393e-03
5.578079726547002792e-04
-4.119771998375654221e-03
-7.420262787491083145e-03
1.675530453212559223e-03
-4.141782876104116440e-03
-1.807132922112941742e-02
-8.482001721858978271e-03
-1.351781189441680908e-02
5.552528426051139832e-02
3.929271921515464783e-02
5.819165334105491638e-02
3.295133262872695923e-02
1.440800074487924576e-02
3.286936879158020020e-02
4.452988877892494202e-02
2.724450826644897461e-02
4.255074262619018555e-02
4.115366935729980469e-02
2.148305438458919525e-02
4.021939635276794434e-02
2.053426951169967651e-02
1.540100900456309319e-03
2.178220450878143311e-02
2.323493175208568573e-02
4.394248127937316895e-03
2.491198852658271790e-02
2.662407606840133667e-02
2.060826681554317474e-02
2.962888404726982117e-02
1.767414249479770660e-02
1.431735605001449585e-02
2.413939870893955231e-02
2.467978186905384064e-02
1.384674943983554840e-02
2.138458006083965302e-02
1.716761477291584015e-02
1.111865043640136719e-02
1.606114022433757782e-02
1.316139195114374161e-02
7.514473982155323029e-03
1.458677928894758224e-02
8.879673667252063751e-03
8.504905737936496735e-03
1.459469646215438843e-02
-1.059429999440908432e-02
-7.162119261920452118e-03
-2.326604910194873810e-02
-5.993857630528509617e-04
1.650258433073759079e-03
-1.247649360448122025e-02
-2.797117922455072403e-03
-4.861387424170970917e-03
-2.578604780137538910e-02
3.874708199873566628e-03
-1.267326995730400085e-03
-3.193102893419563770e-04
-4.987878724932670593e-03
-6.749773398041725159e-03
-8.300688117742538452e-03
1.339101698249578476e-03
-7.378886453807353973e-03
-8.999147452414035797e-03
1.920677348971366882e-02
1.275485567748546600e-02
1.897651329636573792e-02
1.185423787683248520e-02
5.934621207416057587e-03
1.200875081121921539e-02
1.343973726034164429e-02
1.000015716999769211e-02
1.262946985661983490e-02
-2.076886827126145363e-03
-4.710171837359666824e-03
-6.626541726291179657e-03
-4.736403003334999084e-03
-1.199688669294118881e-02
-1.072177942842245102e-02
4.089369438588619232e-03
-2.326321788132190704e-03
-7.033170666545629501e-03
-9.969083592295646667e-03
-7.175040896981954575e-03
-1.770203746855258942e-02
-1.377491746097803116e-02
-8.639161475002765656e-03
-2.285212650895118713e-02
-1.313516404479742050e-02
-8.491670712828636169e-03
-1.962541416287422180e-02
3.001468023285269737e-03
2.721021417528390884e-03
-5.252371542155742645e-03
-9.339965181425213814e-04
4.986358340829610825e-03
-9.554587304592132568e-04
-3.005404956638813019e-03
-4.174537607468664646e-04
-1.048775110393762589e-02
-2.386493608355522156e-02
-2.130164764821529388e-02
-2.509049698710441589e-02
-1.997136138379573822e-02
-1.526767481118440628e-02
-1.912973262369632721e-02
-2.952567674219608307e-02
-2.030769363045692444e-02
-2.454442903399467468e-02
1.618511788547039032e-02
8.675890974700450897e-03
2.104501612484455109e-02
8.116518147289752960e-03
3.973579441662877798e-05
9.498335421085357666e-03
1.056302804499864578e-02
-3.299794043414294720e-04
9.637949988245964050e-03
8.262158371508121490e-03
3.374834777787327766e-03
-4.292835481464862823e-03
8.744427759665995836e-05
1.388566335663199425e-03
-4.466971382498741150e-03
5.890736356377601624e-03
6.746369414031505585e-03
2.877829363569617271e-03
7.273093797266483307e-03
1.539565436542034149e-02
1.616041921079158783e-02
1.123097166419029236e-02
1.476011984050273895e-02
8.751596324145793915e-03
1.053315214812755585e-02
1.300314906984567642e-02
7.265323307365179062e-03
-2.032141573727130890e-02
-2.085733972489833832e-02
-2.426786720752716064e-02
-9.340612217783927917e-03
-1.061328686773777008e-02
-1.757348515093326569e-02
-1.096225250512361526e-02
-1.528705004602670670e-02
-2.064341120421886444e-02
-1.880324562080204487e-03
-9.187742834910750389e-04
-1.298132725059986115e-02
-3.831097623333334923e-03
2.213312400272116065e-04
-1.274484302848577499e-02
-2.336880890652537346e-03
-1.765304128639400005e-03
-8.287318050861358643e-03
-1.213259994983673096e-02
-6.213982123881578445e-04
-9.686710312962532043e-03
-9.542546235024929047e-03
1.675380743108689785e-03
-4.412387032061815262e-03
-6.257656030356884003e-03
-3.355895634740591049e-03
-8.464164100587368011e-03
3.797864075750112534e-03
-2.277067163959145546e-03
-4.074561293236911297e-04
9.956369176506996155e-03
1.126734307035803795e-03
8.093209005892276764e-03
9.857427328824996948e-03
5.702285561710596085e-03
1.599505729973316193e-02
2.209181711077690125e-02
1.292647980153560638e-02
3.785718977451324463e-02
1.828067190945148468e-02
5.477160215377807617e-03
2.889181673526763916e-02
2.992040291428565979e-02
2.067066729068756104e-02
4.473034664988517761e-02
3.427856042981147766e-02
1.987493969500064850e-02
2.658939175307750702e-02
1.606117561459541321e-02
1.779804239049553871e-03
7.444137707352638245e-03
2.447900362312793732e-02
9.444277733564376831e-03
6.576286163181066513e-03
-2.308519184589385986e-02
-2.083275094628334045e-02
-2.346531860530376434e-02
-1.602252572774887085e-02
-1.027288287878036499e-02
-1.243942044675350189e-02
-1.908213272690773010e-02
-1.256703305989503860e-02
-1.685365289449691772e-02
-2.506434917449951172e-03
5.559182027354836464e-04
2.367028966546058655e-02
-1.218088157474994659e-02
-8.300654590129852295e-03
1.663861423730850220e-02
5.270165856927633286e-03
1.043774560093879700e-02
3.424391523003578186e-02
-3.591161593794822693e-02
-1.500449422746896744e-02
-2.994097955524921417e-02
-2.773133851587772369e-02
-9.768400341272354126e-03
-2.628151513636112213e-02
-3.070876561105251312e-02
-1.391821634024381638e-02
-2.898252382874488831e-02
-3.235473483800888062e-02
-1.632632128894329071e-02
-4.344286397099494934e-02
-2.509085461497306824e-02
-6.830458529293537140e-03
-3.607338294386863708e-02
-4.598309099674224854e-02
-2.722083777189254761e-02
-5.852430686354637146e-02
5.040638148784637451e-03
5.023991689085960388e-03
1.338259130716323853e-02
7.950963452458381653e-03
8.198260329663753510e-03
1.638413034379482269e-02
1.630235090851783752e-02
1.727453805506229401e-02
2.672085165977478027e-02
2.043669857084751129e-02
1.260660216212272644e-02
2.645182609558105469e-02
1.713469438254833221e-02
8.929945761337876320e-05
2.060843631625175476e-02
2.649425156414508820e-02
1.557169295847415924e-02
3.379347175359725952e-02
3.642501682043075562e-02
1.961029134690761566e-02
2.888787351548671722e-02
1.715622656047344208e-02
1.455102581530809402e-03
8.876315318048000336e-03
2.159132249653339386e-02
4.345241934061050415e-03
6.605780217796564102e-03
-2.549273334443569183e-02
-7.132360246032476425e-03
-2.869296260178089142e-02
-2.603340893983840942e-02
-4.021290224045515060e-03
-2.156869135797023773e-02
-3.676720336079597473e-02
-1.709301397204399109e-02
-3.182675689458847046e-02
-2.526228781789541245e-03
4.524568095803260803e-03
-3.545186016708612442e-03
1.251416280865669250e-03
7.036224473267793655e-03
-3.459392755758017302e-04
7.287228945642709732e-04
4.397628828883171082e-03
-3.454300807788968086e-03
1.597314886748790741e-02
5.673378240317106247e-03
4.976102616637945175e-03
1.851215213537216187e-02
5.465861875563859940e-03
8.910742588341236115e-03
3.130026161670684814e-02
1.707679219543933868e-02
1.735311932861804962e-02
-1.259532757103443146e-02
-1.559165120124816895e-02
-2.197084203362464905e-02
-8.442391641438007355e-03
-7.203571964055299759e-03
-1.243526674807071686e-02
-6.422149017453193665e-03
-6.365194451063871384e-03
-1.220807991921901703e-02
-4.001011326909065247e-02
-2.328870631754398346e-02
-3.476212173700332642e-02
-1.904292777180671692e-02
-6.334593985229730606e-03
-1.737838797271251678e-02
-1.910209469497203827e-02
-8.636532351374626160e-03
-1.199598796665668488e-02
-2.378079108893871307e-02
-1.313786022365093231e-02
-2.657006494700908661e-02
-1.483436301350593567e-02
-3.412414807826280594e-03
-1.571101136505603790e-02
-1.807038486003875732e-02
-5.494763609021902084e-03
-1.342531200498342514e-02
1.498886942863464355e-02
4.228227771818637848e-03
1.112046651542186737e-02
2.059058286249637604e-02
3.736200975254178047e-03
1.368437055498361588e-02
3.555656597018241882e-02
1.979483291506767273e-02
3.183653205633163452e-02
-3.122488781809806824e-02
-2.797463536262512207e-02
-3.859991952776908875e-02
-2.112993411719799042e-02
-1.959600672125816345e-02
-3.182819858193397522e-02
-2.150380052626132965e-02
-1.832398213446140289e-02
-2.860967442393302917e-02
7.044758647680282593e-03
-1.000531134195625782e-03
6.302952766418457031e-03
-4.471106920391321182e-03
-1.312441751360893250e-02
-6.004480645060539246e-03
5.979241337627172470e-03
-5.609828047454357147e-03
-1.159216160885989666e-03
-1.052429806441068649e-02
-8.568388409912586212e-03
-7.092406973242759705e-03
-1.109341066330671310e-02
-8.743043057620525360e-03
-5.966449622064828873e-03
-1.451579201966524124e-02
-1.392947789281606674e-02
-1.170778460800647736e-02
5.198796279728412628e-03
-6.163457874208688736e-03
3.425462869927287102e-03
-2.639097394421696663e-03
-1.501026935875415802e-02
2.316193422302603722e-03
1.336272060871124268e-02
4.385551437735557556e-03
1.811196096241474152e-02
-1.433850545436143875e-02
-1.104802265763282776e-02
-1.292765978723764420e-02
-1.819282770156860352e-02
-1.313333865255117416e-02
-1.382540445774793625e-02
-2.178268879652023315e-02
-1.549522019922733307e-02
-1.506200153380632401e-02
4.391752183437347412e-02
1.631530560553073883e-02
2.927836589515209198e-02
2.437953278422355652e-02
5.114493425935506821e-03
1.988660357892513275e-02
4.499446600675582886e-02
2.767059765756130219e-02
4.654229432344436646e-02
-2.930022589862346649e-02
-2.497355453670024872e-02
-8.543059229850769043e-03
-3.564526513218879700e-02
-3.524634614586830139e-02
-2.101903967559337616e-02
-4.046621173620223999e-02
-3.783005848526954651e-02
-2.242547087371349335e-02
-7.835154421627521515e-03
-7.843467406928539276e-03
-1.003066357225179672e-02
-4.638455808162689209e-03
-6.245655938982963562e-03
-7.010532077401876450e-03
-7.453276310116052628e-03
-8.657108992338180542e-03
-8.782002143561840057e-03
2.683293260633945465e-02
1.714720763266086578e-02
2.498048171401023865e-02
2.551858685910701752e-02
9.988242760300636292e-03
1.774308644235134125e-02
3.976022452116012573e-02
2.656556479632854462e-02
3.756228461861610413e-02
5.115758161991834641e-03
-2.119500422850251198e-03
-2.185785910114645958e-03
1.593655557371675968e-03
-4.539921414107084274e-03
-4.143112804740667343e-03
4.903463646769523621e-03
-4.322655498981475830e-03
-5.163553636521100998e-03
-1.554017234593629837e-02
-1.217900030314922333e-02
-1.286053750663995743e-02
-1.770947827026247978e-03
4.216529428958892822e-03
1.350487233139574528e-03
-5.005126353353261948e-03
-5.075971712358295918e-04
-4.575564526021480560e-03
-3.969654068350791931e-02
-1.803605630993843079e-02
-3.223980963230133057e-02
-3.092365711927413940e-02
-6.480451673269271851e-03
-2.084702625870704651e-02
-4.060910269618034363e-02
-1.433047186583280563e-02
-2.879290468990802765e-02
-3.496600314974784851e-02
-4.525804892182350159e-02
-3.686146438121795654e-02
-3.118211403489112854e-02
-4.094747081398963928e-02
-3.259095922112464905e-02
-1.597351860255002975e-03
-1.728774420917034149e-02
-1.050006411969661713e-02
3.487987909466028214e-03
3.734481753781437874e-03
5.870371125638484955e-03
1.400660490617156029e-03
1.013549393974244595e-03
1.363619579933583736e-03
8.497610688209533691e-03
4.410613328218460083e-03
5.175837315618991852e-03
1.767058111727237701e-02
1.595448143780231476e-02
1.586715504527091980e-02
1.267637405544519424e-02
1.094794552773237228e-02
1.148641388863325119e-02
2.062185108661651611e-02
2.080260403454303741e-02
2.242562547326087952e-02
1.584374904632568359e-02
2.357690967619419098e-02
2.338985912501811981e-02
4.168877203483134508e-04
7.330928929150104523e-03
7.849551737308502197e-03
-1.178412139415740967e-02
-4.286275943741202354e-04
-2.584136324003338814e-03
2.202631160616874695e-02
1.694180257618427277e-02
1.231654081493616104e-02
2.155036106705665588e-02
1.092160027474164963e-02
1.287271827459335327e-02
2.237728238105773926e-02
1.012361142784357071e-02
1.164739858359098434e-02
2.737942337989807129e-02
2.192557975649833679e-02
2.540138177573680878e-02
1.683822460472583771e-02
8.954278193414211273e-03
1.516996789723634720e-02
1.440246496349573135e-02
1.811631023883819580e-03
1.047059800475835800e-02
-2.142902091145515442e-02
-1.768114976584911346e-02
-3.639960289001464844e-02
-1.477143540978431702e-02
-1.022931095212697983e-02
-2.953719347715377808e-02
-2.579932846128940582e-02
-1.918109506368637085e-02
-3.916304931044578552e-02
2.560386992990970612e-02
1.193417515605688095e-02
1.617675088346004486e-02
1.106078643351793289e-02
-6.954188575036823750e-04
4.864633083343505859e-03
1.298405975103378296e-02
3.596119815483689308e-03
1.267056819051504135e-02
2.541485009714961052e-04
2.504932694137096405e-03
7.377884816378355026e-03
-5.509738111868500710e-04
-3.277753246948122978e-03
1.837320276536047459e-03
-1.038197334855794907e-02
-8.508676663041114807e-03
-5.683307070285081863e-03
-3.069308400154113770e-02
-1.381127629429101944e-02
-2.732453122735023499e-02
-2.455394342541694641e-02
-2.464617369696497917e-03
-1.457770168781280518e-02
-3.537258505821228027e-02
-1.445754710584878922e-02
-3.122676163911819458e-02
-8.915877901017665863e-03
2.426225459203124046e-03
4.580277018249034882e-03
-6.822128314524888992e-03
2.328120637685060501e-03
4.994690418243408203e-03
-1.205090899020433426e-02
-4.332596901804208755e-03
-5.752340424805879593e-03
-1.609947718679904938e-02
-1.262338552623987198e-02
-1.232027821242809296e-02
-1.402956061065196991e-02
-1.453959662467241287e-02
-1.589664258062839508e-02
-7.332122419029474258e-03
-1.280356012284755707e-02
-1.233315467834472656e-02
-2.629519812762737274e-02
-1.161173265427350998e-02
-1.772594079375267029e-02
-1.842328161001205444e-02
-9.259516373276710510e-03
-1.680470630526542664e-02
-1.038879156112670898e-02
-1.323102274909615517e-03
-4.255149513483047485e-03
1.961252093315124512e-02
8.383609354496002197e-03
1.511289924383163452e-02
8.190323598682880402e-03
7.763323956169188023e-04
1.017600297927856445e-02
1.102221664041280746e-02
5.494327284395694733e-03
1.481764577329158783e-02
-1.974114961922168732e-02
-9.890172630548477173e-03
-1.945335790514945984e-02
-4.629063885658979416e-03
3.855418181046843529e-03
-2.411965280771255493e-03
-4.072500858455896378e-03
5.740473046898841858e-03
-2.453521825373172760e-03
-2.663463586941361427e-03
-1.669473131187260151e-03
-8.771823486313223839e-04
1.700448687188327312e-03
8.510244515491649508e-05
-9.064975311048328876e-04
1.859280397184193134e-03
4.903532317257486284e-05
-1.177939353510737419e-03
-7.473303005099296570e-03
-1.109106745570898056e-02
-1.382798515260219574e-02
-5.920531693845987320e-03
-1.208919379860162735e-02
-1.854452118277549744e-02
-1.221512816846370697e-02
-1.960472203791141510e-02
-2.080053463578224182e-02
-4.443133249878883362e-03
-1.933375955559313297e-03
-7.420531939715147018e-03
-4.349354712758213282e-04
-1.863581361249089241e-03
-7.026855833828449249e-03
-7.947348058223724365e-03
-9.335877373814582825e-03
-1.488369051367044449e-02
-9.448990225791931152e-03
-9.742215275764465332e-03
-6.428687833249568939e-03
-1.065369602292776108e-02
-1.053622551262378693e-02
-8.810277096927165985e-03
1.649141195230185986e-03
-3.820997895672917366e-03
-3.638294059783220291e-03
-2.855397760868072510e-02
-2.380242943763732910e-02
-3.489648178219795227e-02
-1.951151899993419647e-02
-1.228775549679994583e-02
-1.886981539428234100e-02
-2.265591546893119812e-02
-1.238500233739614487e-02
-2.180151455104351044e-02
5.799718201160430908e-03
-1.679978216998279095e-03
6.103589665144681931e-03
7.815710268914699554e-03
-3.711306257173418999e-03
-2.095856470987200737e-03
1.105603948235511780e-02
1.205718610435724258e-03
6.017815787345170975e-03
-4.701137542724609375e-02
-2.111863717436790466e-02
-3.417716175317764282e-02
-2.791307307779788971e-02
2.093911898555234075e-04
-9.787579067051410675e-03
-3.704658895730972290e-02
-1.445829495787620544e-02
-2.360837161540985107e-02
1.343468390405178070e-02
1.312454347498714924e-03
-6.443751044571399689e-03
1.598258130252361298e-02
4.000607412308454514e-03
2.982589649036526680e-03
1.725325174629688263e-02
6.903856992721557617e-03
3.359362715855240822e-03
1.369656808674335480e-02
2.525719581171870232e-03
1.093587605282664299e-03
8.229956962168216705e-03
-6.924134213477373123e-04
4.014025442302227020e-03
1.209040265530347824e-02
5.173790268599987030e-03
1.094870548695325851e-02
-1.190757937729358673e-02
-9.815561585128307343e-03
-2.197365835309028625e-02
-9.074933826923370361e-03
-5.588529165834188461e-03
-1.218634936958551407e-02
-1.495607383549213409e-02
-8.125067688524723053e-03
-1.559488195925951004e-02
-1.321909204125404358e-02
-1.651510223746299744e-02
-2.309565618634223938e-02
-1.378236222080886364e-03
-6.276678759604692459e-03
-1.124761253595352173e-02
-5.373836494982242584e-03
-1.050390768796205521e-02
-1.623808592557907104e-02
-2.315319702029228210e-02
-2.431772276759147644e-02
-2.696109376847743988e-02
-2.691967971622943878e-02
-2.611308731138706207e-02
-3.163529932498931885e-02
-1.084534358233213425e-02
-1.183496695011854172e-02
-1.423021685332059860e-02
5.962872412055730820e-03
1.115399692207574844e-02
1.461441162973642349e-02
8.212636224925518036e-03
1.149071659892797470e-02
2.523695304989814758e-02
1.871982216835021973e-02
1.557904388755559921e-02
2.929007075726985931e-02
-3.542492538690567017e-02
-2.208606153726577759e-02
-2.644772268831729889e-02
-3.316792845726013184e-02
-1.978491060435771942e-02
-2.730608731508255005e-02
-3.151504322886466980e-02
-2.243587374687194824e-02
-3.162339702248573303e-02
-7.742544636130332947e-03
-5.641567986458539963e-03
-1.578149385750293732e-03
4.824722185730934143e-03
-7.187107112258672714e-04
3.189965384081006050e-03
1.003074226900935173e-03
-6.873529870063066483e-03
-3.044594079256057739e-03
-3.852168843150138855e-02
-2.999662421643733978e-02
-5.230865254998207092e-02
-2.753363177180290222e-02
-1.979515329003334045e-02
-3.851014748215675354e-02
-3.787614032626152039e-02
-2.670692466199398041e-02
-4.762826114892959595e-02
2.606287226080894470e-02
2.021963708102703094e-02
2.965947985649108887e-02
1.474002376198768616e-02
8.193493820726871490e-03
2.104662172496318817e-02
4.075013473629951477e-02
3.764943778514862061e-02
4.967102780938148499e-02
-1.381882280111312866e-02
-1.416322309523820877e-02
-1.485290005803108215e-02
-6.191818509250879288e-03
-1.097414735704660416e-02
-1.298340130597352982e-02
2.080605365335941315e-03
-8.960350416600704193e-03
-9.387852624058723450e-03
-5.533744581043720245e-03
3.821033053100109100e-03
-2.008216921240091324e-03
-2.239840803667902946e-03
-7.754074758850038052e-04
-4.187007900327444077e-03
4.922624211758375168e-03
2.443665871396660805e-03
-2.747926395386457443e-03
3.098918870091438293e-02
2.104340866208076477e-02
3.621913865208625793e-02
1.765028014779090881e-02
6.560729350894689560e-03
2.675572410225868225e-02
2.667959779500961304e-02
1.322710979729890823e-02
3.200552612543106079e-02
-2.699058130383491516e-02
-1.280605606734752655e-02
-2.340865693986415863e-02
-5.469790659844875336e-03
3.729232121258974075e-03
-2.313542412593960762e-03
-8.217439986765384674e-03
-3.849396889563649893e-04
-1.574031426571309566e-03
2.094567939639091492e-02
1.162128057330846786e-02
2.731386572122573853e-02
2.517937310039997101e-02
7.565225474536418915e-03
2.320891059935092926e-02
4.403456300497055054e-02
2.514102868735790253e-02
4.304379597306251526e-02
6.676574796438217163e-02
3.489972651004791260e-02
4.455322399735450745e-02
4.172698035836219788e-02
1.320776063948869705e-02
2.529930323362350464e-02
5.342350155115127563e-02
2.492610737681388855e-02
3.674511611461639404e-02
-4.409732762724161148e-03
-1.685235882177948952e-03
-6.181203760206699371e-03
-6.753392983227968216e-03
-5.828999914228916168e-03
-8.963781408965587616e-03
-4.497216083109378815e-03
-5.985316354781389236e-03
-1.203926373273134232e-02
-4.745435726363211870e-04
-5.857308395206928253e-03
-1.061074528843164444e-02
-2.756072208285331726e-03
-4.303031601011753082e-03
-7.897045463323593140e-03
-1.424204465001821518e-02
-1.371366437524557114e-02
-2.417665906250476837e-02
-4.957200028002262115e-03
-9.988891892135143280e-03
-6.240499671548604965e-03
-1.924699172377586365e-02
-2.411376126110553741e-02
-1.711167767643928528e-02
-1.187820732593536377e-02
-1.798524893820285797e-02
-1.108403224498033524e-02
-1.939046487677842379e-04
1.530267065390944481e-03
-2.416251040995121002e-02
-2.533609047532081604e-03
2.236575965071097016e-04
-1.822194643318653107e-02
-3.813822288066148758e-03
-3.672895218187477440e-06
-1.377696264535188675e-02
2.953411545604467392e-03
9.680476970970630646e-03
5.794517230242490768e-03
-5.536459852010011673e-03
-7.853853749111294746e-04
1.935314212460070848e-04
-1.282607112079858780e-02
-9.987124241888523102e-03
-1.490608882158994675e-02
-6.962163373827934265e-03
-8.759835734963417053e-03
-3.088617464527487755e-03
-2.937700413167476654e-02
-3.507723286747932434e-02
-1.903796195983886719e-02
-6.857817526906728745e-03
-9.047847241163253784e-03
5.101928021758794785e-03
-9.495734120719134808e-04
6.870188517495989799e-04
-4.270931240171194077e-03
-9.731080383062362671e-03
-7.395172957330942154e-03
-1.022962480783462524e-02
-8.445949293673038483e-03
-6.543839350342750549e-03
-1.228210888803005219e-02
-3.177328035235404968e-02
-4.963711369782686234e-03
-2.607895992696285248e-02
-2.980456128716468811e-02
-5.932338070124387741e-03
-2.789234183728694916e-02
-3.871901705861091614e-02
-2.032071538269519806e-02
-3.857105597853660583e-02
1.810471154749393463e-02
1.010125223547220230e-02
2.028367295861244202e-02
1.109145209193229675e-02
7.935600588098168373e-04
1.222569309175014496e-02
1.938235573470592499e-02
8.232174441218376160e-03
2.167190797626972198e-02
-2.765523456037044525e-02
-1.106019131839275360e-02
-1.169332116842269897e-02
-2.216772548854351044e-02
-8.497088216245174408e-03
-1.333095040172338486e-02
-3.208573907613754272e-02
-1.542127225548028946e-02
-2.424792572855949402e-02
-9.818908758461475372e-03
-1.793668419122695923e-02
-1.712781749665737152e-02
-9.241564199328422546e-03
-2.064637839794158936e-02
-3.000799566507339478e-02
-1.872844435274600983e-02
-2.846370637416839600e-02
-3.829257935285568237e-02
-3.456333279609680176e-02
-2.153036557137966156e-02
-3.288132697343826294e-02
-8.757038041949272156e-03
-4.394974559545516968e-03
-1.268893759697675705e-02
-7.173994090408086777e-03
-5.472512915730476379e-03
-1.083306036889553070e-02
-2.892425283789634705e-02
-2.240997739136219025e-02
-2.830756455659866333e-02
-1.644087396562099457e-02
-9.747067466378211975e-03
-1.621001958847045898e-02
-1.531173195689916611e-02
-7.695579901337623596e-03
-9.988507255911827087e-03
-2.549987984821200371e-03
-2.777493093162775040e-03
2.320523140951991081e-03
-3.446869086474180222e-04
-6.011466495692729950e-03
-2.371041409787721932e-05
1.018706336617469788e-02
-2.909072209149599075e-03
9.088330902159214020e-03
1.506893988698720932e-02
6.945346947759389877e-03
1.980911754071712494e-02
7.590650580823421478e-03
-2.504344563931226730e-03
7.216885220259428024e-03
1.856489665806293488e-02
6.998227909207344055e-03
1.779471337795257568e-02
-1.745153777301311493e-02
-2.680928818881511688e-02
-2.727193944156169891e-02
-1.406699512153863907e-02
-2.452591061592102051e-02
-2.227205783128738403e-02
-3.869010135531425476e-03
-1.460412796586751938e-02
-1.560172811150550842e-02
3.315047826617956161e-03
1.124704070389270782e-02
1.368519850075244904e-02
1.522443722933530807e-03
2.615935634821653366e-03
9.197494015097618103e-03
1.076901331543922424e-02
4.769396968185901642e-03
1.566525734961032867e-02
8.178382180631160736e-03
-7.353080902248620987e-03
1.434270106256008148e-02
2.015302190557122231e-03
-9.612745605409145355e-03
9.765643626451492310e-03
-2.747916383668780327e-03
-7.763721048831939697e-03
7.567725609987974167e-03
-1.774492114782333374e-02
-1.315024308860301971e-02
-1.707697287201881409e-02
-2.236973308026790619e-02
-1.923090033233165741e-02
-2.342900820076465607e-02
-2.273805066943168640e-02
-1.861892826855182648e-02
-2.354399114847183228e-02
-6.207021884620189667e-03
-1.366646611131727695e-03
6.427704356610774994e-03
-4.579382482916116714e-03
-4.046460613608360291e-03
1.194471959024667740e-03
-6.697192322462797165e-03
-4.988302942365407944e-03
-5.999777931720018387e-03
-2.500943280756473541e-02
-2.763496525585651398e-02
-2.555406186729669571e-03
-3.433741256594657898e-02
-4.496916010975837708e-02
-2.307760529220104218e-02
-2.960198372602462769e-02
-4.120771214365959167e-02
-2.116977050900459290e-02
4.427890107035636902e-02
2.916395105421543121e-02
3.507428616285324097e-02
2.069873549044132233e-02
4.932608921080827713e-03
1.688516698777675629e-02
2.620830386877059937e-02
1.360668521374464035e-02
2.539690583944320679e-02
-3.847228363156318665e-03
3.162565873935818672e-03
3.710108576342463493e-03
-7.177138701081275940e-03
-1.997381448745727539e-03
-4.087034147232770920e-03
-1.880108751356601715e-02
-1.129990536719560623e-02
-1.423428766429424286e-02
-5.362962838262319565e-03
-1.200785674154758453e-02
-1.535266358405351639e-02
-8.284356445074081421e-03
-9.396230801939964294e-03
-7.211890071630477905e-03
2.968651708215475082e-03
1.041028066538274288e-03
3.043431788682937622e-03
-1.362818945199251175e-02
-1.391524448990821838e-02
-1.476870104670524597e-02
-3.772986121475696564e-03
2.534098457545042038e-04
1.270630978979170322e-03
3.132610116153955460e-03
6.944331340491771698e-03
1.079379301518201828e-02
2.178792469203472137e-02
5.369693972170352936e-03
8.866643533110618591e-03
4.417144693434238434e-03
-1.171457301825284958e-02
-9.430211037397384644e-03
1.549979113042354584e-02
-1.777847646735608578e-03
2.908363705500960350e-03
-1.134067680686712265e-02
-1.558750495314598083e-02
-1.954659586772322655e-03
-7.063165772706270218e-03
-1.357810385525226593e-02
-1.784082618542015553e-03
-8.145909756422042847e-03
-1.196137722581624985e-02
-3.213118063285946846e-03
-1.749454252421855927e-02
-7.156561128795146942e-03
-1.962089724838733673e-02
-8.867422118782997131e-03
3.194181714206933975e-03
-7.223412394523620605e-03
-1.571089774370193481e-02
-3.867119550704956055e-03
-1.364903803914785385e-02
-2.105929888784885406e-02
-8.093331940472126007e-03
-1.463648863136768341e-02
-7.445577997714281082e-03
9.751591715030372143e-04
-4.008887335658073425e-03
-4.713651724159717560e-03
-7.856180309318006039e-04
5.404124385677278042e-04
5.914859473705291748e-02
3.509037941694259644e-02
5.675681680440902710e-02
3.868272900581359863e-02
7.030202075839042664e-03
2.730873785912990570e-02
7.096531987190246582e-02
3.895499929785728455e-02
5.515960603952407837e-02
3.535432741045951843e-02
2.709634229540824890e-02
5.144609883427619934e-02
3.440660238265991211e-02
2.201612666249275208e-02
4.289351403713226318e-02
4.658324271440505981e-02
3.069952130317687988e-02
5.188265442848205566e-02
3.262359276413917542e-02
3.568944707512855530e-02
4.505937173962593079e-02
2.655819989740848541e-02
2.227715402841567993e-02
2.601196058094501495e-02
2.285971865057945251e-02
2.234713360667228699e-02
2.600585483014583588e-02
8.439465425908565521e-03
6.534283980727195740e-03
4.586601629853248596e-03
3.900371491909027100e-03
-7.963434909470379353e-04
4.908528644591569901e-03
4.572687204927206039e-03
-1.970276003703474998e-03
7.646775804460048676e-03
-9.980454109609127045e-03
-1.492236275225877762e-02
-3.020859695971012115e-02
5.313294241204857826e-05
-3.100957255810499191e-03
-1.128947548568248749e-02
-1.137771178036928177e-03
2.712625719141215086e-04
-2.318139886483550072e-03
5.134514719247817993e-02
3.605337813496589661e-02
5.049757659435272217e-02
5.468266457319259644e-02
3.391851857304573059e-02
5.668714642524719238e-02
4.662675410509109497e-02
4.461212828755378723e-02
5.631213262677192688e-02
-2.301738969981670380e-02
-1.330866198986768723e-02
-2.783177606761455536e-02
-2.460572496056556702e-02
-9.246340021491050720e-03
-2.017468400299549103e-02
-4.021866992115974426e-02
-2.549267001450061798e-02
-3.729852288961410522e-02
1.140727009624242783e-02
3.035516943782567978e-03
9.495939128100872040e-03
1.559445541352033615e-02
6.780990399420261383e-03
1.138320378959178925e-02
2.134948968887329102e-02
1.343125104904174805e-02
1.535796187818050385e-02
-5.257690325379371643e-03
5.545077845454216003e-03
-6.283770781010389328e-03
-8.602275513112545013e-03
1.068760611815378070e-04
-8.978861384093761444e-03
-7.731046061962842941e-03
-6.078714504837989807e-03
-6.207891274243593216e-03
-5.876528099179267883e-02
-2.679435536265373230e-02
-4.054344817996025085e-02
-4.501165822148323059e-02
-1.946344412863254547e-02
-2.313128672540187836e-02
-5.113111808896064758e-02
-2.557743526995182037e-02
-2.212770096957683563e-02
-1.658145338296890259e-02
-1.080087292939424515e-02
-2.024712599813938141e-02
-7.804315071552991867e-03
-5.255293566733598709e-03
-1.577427610754966736e-02
-9.380588307976722717e-03
-8.374310098588466644e-03
-1.864384114742279053e-02
-6.528119556605815887e-03
-4.135479684919118881e-03
-1.106829941272735596e-02
-5.788575857877731323e-03
-8.222610689699649811e-03
-1.144449319690465927e-02
3.241092665120959282e-03
1.924064359627664089e-03
3.073271596804261208e-03
-1.077160891145467758e-02
-8.004124276340007782e-03
-1.091594528406858444e-02
4.290751647204160690e-03
7.412828854285180569e-04
7.327905041165649891e-04
1.313704531639814377e-02
4.913252778351306915e-03
3.668140154331922531e-03
3.003297373652458191e-02
3.121242113411426544e-02
5.206576362252235413e-02
1.125411689281463623e-02
6.009205244481563568e-03
2.677321992814540863e-02
1.215454097837209702e-02
9.555816650390625000e-03
2.846677601337432861e-02
-3.561220364645123482e-03
-6.733147893100976944e-03
-1.241806801408529282e-02
-2.787664998322725296e-03
-7.034545298665761948e-03
-9.640953503549098969e-03
-9.866522625088691711e-03
-1.425994560122489929e-02
-1.721783168613910675e-02
-3.364615887403488159e-02
-2.412594109773635864e-02
-3.045987896621227264e-02
-2.026256546378135681e-02
-9.433837607502937317e-03
-1.561835035681724548e-02
-2.386368811130523682e-02
-1.422817166894674301e-02
-1.700047776103019714e-02
-2.210877090692520142e-02
-1.312430854886770248e-02
-2.154075913131237030e-02
-1.080543827265501022e-02
-5.391556303948163986e-03
-1.416846737265586853e-02
-1.601624488830566406e-02
-3.876302856951951981e-03
-1.452920492738485336e-02
-9.847392328083515167e-03
-8.126553148031234741e-03
-7.007129490375518799e-03
-5.843367893248796463e-03
-7.361126132309436798e-03
-9.249715134501457214e-03
-6.933407392352819443e-03
-2.689418615773320198e-03
6.091803079470992088e-04
-2.621419355273246765e-02
-1.972426474094390869e-02
-2.589159086346626282e-02
-2.350204996764659882e-02
-1.520901173353195190e-02
-1.961842738091945648e-02
-2.239607088267803192e-02
-1.628674194216728210e-02
-2.251399308443069458e-02
1.672244514338672161e-03
3.316417103633284569e-03
1.686584763228893280e-02
3.637261688709259033e-04
2.005878603085875511e-03
2.068857103586196899e-02
7.288729306310415268e-03
6.054527126252651215e-03
3.070905804634094238e-02
-1.565781049430370331e-02
-8.689874783158302307e-03
-2.154018357396125793e-02
-8.594075217843055725e-03
-3.156965831294655800e-03
-1.264105178415775299e-02
-1.785002276301383972e-02
-9.290701709687709808e-03
-1.885860972106456757e-02
-1.296367961913347244e-02
-9.822638705372810364e-03
-1.777423918247222900e-02
-6.039423868060112000e-03
-1.646215328946709633e-03
-9.470079094171524048e-03
-1.208455115556716919e-02
-7.878441363573074341e-03
-1.488746609538793564e-02
-2.612149110063910484e-03
-3.313632216304540634e-03
-7.441912777721881866e-03
1.970740966498851776e-03
-1.127669122070074081e-03
-4.936899524182081223e-03
-7.501103100366890430e-04
-6.907598581165075302e-03
-9.398971684277057648e-03
-3.195049474015831947e-03
-5.824480671435594559e-03
-9.180705994367599487e-03
-8.314414881169795990e-03
-8.091250434517860413e-03
-9.249508380889892578e-03
2.637884579598903656e-03
2.969387685880064964e-03
5.245746113359928131e-03
2.486039651557803154e-03
4.750746302306652069e-03
1.181996334344148636e-02
5.937943700700998306e-03
7.561386562883853912e-03
1.594785414636135101e-02
1.276619173586368561e-02
1.172315049916505814e-02
1.912856660783290863e-02
-8.602991700172424316e-03
-2.329529961571097374e-03
-2.856737934052944183e-03
-2.671992173418402672e-03
9.310839232057332993e-04
-2.945727668702602386e-03
-1.086371950805187225e-03
2.349983667954802513e-03
-5.440042586997151375e-04
-1.524240989238023758e-02
-1.275828108191490173e-02
-1.532383635640144348e-02
-4.273216705769300461e-03
-3.530428512021899223e-03
-5.457506980746984482e-03
-7.657930720597505569e-03
-8.780697360634803772e-03
-8.467656560242176056e-03
-2.174800448119640350e-02
-1.309262402355670929e-02
-2.307364158332347870e-02
-8.420915342867374420e-03
-6.235056091099977493e-03
-1.773056574165821075e-02
-1.350337080657482147e-02
-1.275281049311161041e-02
-2.521804347634315491e-02
3.407799825072288513e-02
2.369621954858303070e-02
2.706242352724075317e-02
1.949851028621196747e-02
4.812098108232021332e-03
1.353980787098407745e-02
3.232220560312271118e-02
1.936439983546733856e-02
2.750813402235507965e-02
1.743667200207710266e-02
1.602021791040897369e-02
2.604834176599979401e-02
1.094377227127552032e-02
5.866488441824913025e-03
1.709793321788311005e-02
5.978513974696397781e-03
2.987614367157220840e-03
1.391128357499837875e-02
2.354494296014308929e-03
5.520805716514587402e-03
6.547021679580211639e-03
-2.319555060239508748e-04
-8.908550953492522240e-04
3.324253484606742859e-03
5.989937926642596722e-04
-9.137551533058285713e-04
-2.411469540675170720e-05
-8.366992697119712830e-03
-8.465521968901157379e-04
-9.689236991107463837e-03
-1.315099769271910191e-03
3.332709195092320442e-03
-1.372435013763606548e-03
-5.530757829546928406e-03
1.651095342822372913e-03
-1.550483168102800846e-03
-2.572916820645332336e-02
-6.803061813116073608e-03
-1.394758373498916626e-02
-1.926976256072521210e-02
-2.295044949278235435e-03
-8.735115639865398407e-03
-2.848315425217151642e-02
-1.422591973096132278e-02
-1.513382140547037125e-02
-7.998023182153701782e-03
-7.973861880600452423e-03
-2.606046572327613831e-02
-6.556336767971515656e-03
-1.683264621533453465e-03
-1.885469257831573486e-02
-8.240102790296077728e-03
-5.119573790580034256e-03
-1.878680661320686340e-02
-5.987992975860834122e-03
-5.238439422100782394e-03
-1.339627150446176529e-02
-8.696448057889938354e-03
-3.128163283690810204e-03
-4.942733794450759888e-03
-8.436579257249832153e-03
-8.649789378978312016e-04
1.673764432780444622e-03
7.687405217438936234e-03
7.051719818264245987e-03
4.308345261961221695e-03
7.922057993710041046e-03
8.292132057249546051e-03
5.342944990843534470e-03
6.122868508100509644e-03
7.544572465121746063e-03
6.499081384390592575e-03
7.372953463345766068e-03
6.223127711564302444e-03
6.720399833284318447e-04
4.478328861296176910e-03
5.401119124144315720e-03
-1.170118222944438457e-03
-1.458794809877872467e-03
9.376650268677622080e-06
-8.893081918358802795e-03
1.448878645896911621e-02
7.299072109162807465e-03
1.531174499541521072e-02
5.542513448745012283e-03
-6.877165869809687138e-04
7.076469250023365021e-03
1.454738248139619827e-02
5.855286959558725357e-03
1.465876121073961258e-02
1.337860710918903351e-02
1.035532634705305099e-02
-8.451127214357256889e-04
9.527148678898811340e-03
1.040982361882925034e-02
2.727018436416983604e-04
6.898246239870786667e-03
8.283151313662528992e-03
1.780575548764318228e-04
-1.529406290501356125e-04
9.669844293966889381e-04
-8.017720654606819153e-03
-7.243639323860406876e-03
-5.939274560660123825e-03
-1.114904601126909256e-02
-1.173452194780111313e-02
-1.122447289526462555e-02
-2.080730162560939789e-02
-8.366098045371472836e-04
1.753535936586558819e-03
-4.265865776687860489e-03
1.843164791353046894e-03
8.910178206861019135e-03
-1.353986328467726707e-03
4.320487845689058304e-03
1.104654837399721146e-02
1.402583671733736992e-03
-2.773905545473098755e-02
-1.564425230026245117e-02
-2.646729908883571625e-02
-1.788149960339069366e-02
-7.719752844423055649e-03
-1.511694025248289108e-02
-2.735043317079544067e-02
-1.442269980907440186e-02
-1.577614992856979370e-02
-1.685464382171630859e-02
-3.068915568292140961e-03
-1.125490013509988785e-02
-8.433133363723754883e-03
-2.556182444095611572e-04
-9.146712720394134521e-03
-6.500836461782455444e-03
-2.071130322292447090e-03
-1.190794911235570908e-02
-3.262656508013606071e-03
-5.439164582639932632e-03
1.272031920962035656e-03
-5.193981342017650604e-03
-6.606999784708023071e-03
-7.351382519118487835e-04
-2.579103456810116768e-03
-4.778349306434392929e-03
-1.374675775878131390e-03
-1.002743840217590332e-02
-3.715697210282087326e-03
-5.912735126912593842e-03
-9.080948308110237122e-03
-6.091544870287179947e-03
-9.603693149983882904e-03
-1.589206047356128693e-02
-9.708394296467304230e-03
-1.562263257801532745e-02
7.940334267914295197e-03
8.571173064410686493e-03
1.073449105024337769e-02
7.597009185701608658e-03
3.369488753378391266e-03
7.443009410053491592e-03
9.158971719443798065e-03
6.551438011229038239e-03
5.431962665170431137e-03
3.173940256237983704e-02
1.759286224842071533e-02
3.144516795873641968e-02
1.847637258470058441e-02
5.293165333569049835e-03
1.914410106837749481e-02
3.000762872397899628e-02
1.738628931343555450e-02
2.698051184415817261e-02
1.756948232650756836e-02
1.081707887351512909e-02
2.456402406096458435e-02
1.024494599550962448e-02
4.703491460531949997e-03
1.643484458327293396e-02
1.235561817884445190e-02
6.034489721059799194e-03
1.569217815995216370e-02
-1.082608755677938461e-02
-5.198676604777574539e-03
-1.376795768737792969e-02
-1.489531341940164566e-02
-6.986056454479694366e-03
-1.126058213412761688e-02
-2.125947177410125732e-02
-1.271191611886024475e-02
-1.524540688842535019e-02
4.510303586721420288e-02
3.379591554403305054e-02
4.676797613501548767e-02
2.954268269240856171e-02
1.841039396822452545e-02
3.091627731919288635e-02
3.888403251767158508e-02
2.656690031290054321e-02
3.809223324060440063e-02
-6.750786677002906799e-03
-4.509640857577323914e-03
-9.976001456379890442e-03
-4.911351483315229416e-03
-2.708769752644002438e-04
-3.297587856650352478e-03
8.817191119305789471e-04
4.572682082653045654e-03
-6.224965909495949745e-04
-9.079133160412311554e-03
-3.188316011801362038e-03
-1.519567240029573441e-02
-8.620933629572391510e-03
-4.192019812762737274e-03
-1.113474462181329727e-02
-5.432600621134042740e-03
-1.572956563904881477e-03
-8.698673918843269348e-03
6.467029452323913574e-04
-3.651960520073771477e-03
3.720638342201709747e-03
-6.174487993121147156e-03
-7.797369733452796936e-03
-2.523049945011734962e-03
-8.721095509827136993e-03
-1.318938471376895905e-02
-1.045292243361473083e-02
3.485022578388452530e-03
1.781021361239254475e-03
-1.731020747683942318e-04
-4.621255211532115936e-04
-3.111836267635226250e-03
-3.728337585926055908e-03
-6.016761180944740772e-04
-4.414767026901245117e-03
-5.470374133437871933e-03
-9.131756611168384552e-03
1.448007649742066860e-03
1.889300998300313950e-03
-5.882574710994958878e-03
-1.773127703927457333e-03
1.448148745112121105e-03
-1.217620633542537689e-02
-8.372953161597251892e-03
-9.793793782591819763e-03
-1.897811307571828365e-03
-4.936396609991788864e-03
5.000946577638387680e-03
-8.933910168707370758e-03
-1.338544953614473343e-02
-6.007207091897726059e-03
-5.099792964756488800e-03
-1.014956831932067871e-02
-4.416388925164937973e-03
1.028068363666534424e-02
8.996040560305118561e-03
6.834275089204311371e-03
4.696857184171676636e-03
7.064586970955133438e-04
-1.709889911580830812e-04
1.004478987306356430e-02
8.231940679252147675e-03
5.231389310210943222e-03
-1.289888401515781879e-03
3.332802094519138336e-03
-1.090541016310453415e-02
-9.840968996286392212e-04
5.226371809840202332e-03
-5.820609629154205322e-03
2.287582494318485260e-03
4.053599666804075241e-03
-6.109411828219890594e-03
3.591203596442937851e-03
8.138886652886867523e-03
1.363607589155435562e-02
-2.233757171779870987e-03
2.070614369586110115e-03
9.145650081336498260e-03
1.463997364044189453e-02
1.577838324010372162e-02
2.601458691060543060e-02
-6.259784568101167679e-03
-3.802459454163908958e-03
-5.836833268404006958e-03
-8.926379494369029999e-03
-4.641545470803976059e-03
-5.956231616437435150e-03
-4.738438408821821213e-03
-2.470857696607708931e-03
-3.906749654561281204e-03
4.146719723939895630e-02
2.164888568222522736e-02
2.672968804836273193e-02
2.299507148563861847e-02
4.126060754060745239e-03
1.132870651781558990e-02
3.361051157116889954e-02
1.806997321546077728e-02
2.280287630856037140e-02
-4.069131799042224884e-03
-5.993061233311891556e-03
-3.497689613141119480e-04
4.594043828547000885e-03
3.009974025189876556e-03
9.247493930160999298e-03
7.950723171234130859e-03
4.801590926945209503e-03
1.343438308686017990e-02
-1.440785825252532959e-02
-1.178934518247842789e-02
-1.247469522058963776e-02
-6.957004312425851822e-03
-3.637999296188354492e-03
-4.781845025718212128e-03
-6.760014221072196960e-03
-2.105161314830183983e-03
-5.284030456095933914e-03
-1.141288131475448608e-02
-9.065045043826103210e-03
-5.757510662078857422e-03
-4.741905257105827332e-03
-1.292041852138936520e-03
-3.544508072081953287e-04
-6.876764236949384212e-04
-3.495992394164204597e-03
-1.172469230368733406e-03
1.693779369816184044e-03
6.671255687251687050e-04
6.354880053550004959e-03
1.633489388041198254e-03
-2.687754807993769646e-03
2.485507633537054062e-03
1.000327710062265396e-02
6.605834234505891800e-03
1.367919240146875381e-02
-4.473249427974224091e-03
-8.945703302742913365e-05
-8.207774953916668892e-04
7.743492722511291504e-03
6.053900811821222305e-03
4.537450149655342102e-03
8.512884378433227539e-03
6.665422115474939346e-03
8.329174481332302094e-03
2.219123579561710358e-02
1.457600388675928116e-02
2.433108538389205933e-02
1.197251304984092712e-02
4.394037183374166489e-03
1.245498191565275192e-02
1.811562851071357727e-02
1.558662299066781998e-02
2.304039150476455688e-02
2.087340876460075378e-02
1.830738410353660583e-02
2.810260653495788574e-02
1.759235933423042297e-02
1.091130077838897705e-02
2.163317799568176270e-02
2.679175138473510742e-02
2.094650827348232269e-02
3.323481231927871704e-02
-2.066375222057104111e-03
-2.083555096760392189e-03
-7.397189037874341011e-04
7.507721893489360809e-03
8.333859033882617950e-03
8.700286038219928741e-03
7.761176209896802902e-03
5.030486732721328735e-03
7.299316115677356720e-03
1.298046112060546875e-02
8.153746835887432098e-03
1.693327166140079498e-02
1.271083112806081772e-02
5.981705151498317719e-03
1.716080680489540100e-02
9.447119198739528656e-03
3.516399301588535309e-03
1.335796341300010681e-02
2.534694224596023560e-02
8.501977659761905670e-03
2.363176830112934113e-02
3.127491846680641174e-02
6.322220433503389359e-03
2.427906356751918793e-02
4.571067169308662415e-02
2.202406153082847595e-02
4.414792731404304504e-02
1.830775290727615356e-02
7.999924942851066589e-03
1.217222120612859726e-02
2.133507281541824341e-02
9.816828183829784393e-03
1.354146748781204224e-02
3.006047196686267853e-02
2.086810022592544556e-02
2.640109136700630188e-02
-2.662363462150096893e-03
6.840760353952646255e-03
-1.780206919647753239e-03
4.052057338412851095e-04
7.850654423236846924e-03
-1.732865785015746951e-04
-4.148865118622779846e-03
-4.555821069516241550e-04
-9.971558116376399994e-03
1.469211746007204056e-02
5.487169604748487473e-03
4.745767451822757721e-03
5.569060333073139191e-03
-1.495064352639019489e-03
1.114821177907288074e-03
5.734473932534456253e-03
-5.336437374353408813e-03
-4.506492521613836288e-03
-1.472606975585222244e-02
-1.017546933144330978e-02
-1.621376536786556244e-02
-5.538881756365299225e-03
-2.134499140083789825e-03
-1.033506356179714203e-02
-8.590246550738811493e-03
-6.527050398290157318e-03
-1.369028072804212570e-02
-2.594702877104282379e-03
-3.072757506743073463e-03
6.480108713731169701e-04
-1.015854184515774250e-03
-4.704777151346206665e-03
-1.027567079290747643e-03
6.095303222537040710e-03
3.806386841461062431e-03
7.712578400969505310e-03
-2.210363000631332397e-02
-1.591236516833305359e-02
-2.190328761935234070e-02
-9.601064026355743408e-03
-3.771368414163589478e-03
-1.075905188918113708e-02
-5.540125537663698196e-03
-2.453580964356660843e-03
-1.086817961186170578e-02
4.534703679382801056e-03
7.815577089786529541e-03
1.579103432595729828e-02
3.767594753298908472e-04
1.051012659445405006e-03
6.549451965838670731e-03
4.913858603686094284e-03
7.140071596950292587e-03
1.068349648267030716e-02
1.696560764685273170e-03
2.027679001912474632e-03
-9.942529723048210144e-04
1.360796857625246048e-03
1.777583529474213719e-04
-1.734604709781706333e-03
-9.607053361833095551e-03
-8.714614436030387878e-03
-7.893937639892101288e-03
-3.645902266725897789e-03
-3.692880272865295410e-03
-1.333664450794458389e-02
-3.358339192345738411e-03
-5.686376243829727173e-04
-6.822897121310234070e-03
-8.102108724415302277e-03
-3.133274614810943604e-03
-7.916971109807491302e-03
-1.975277811288833618e-02
-1.188887376338243484e-02
-1.457625348120927811e-02
-1.380150765180587769e-02
-4.678868688642978668e-03
-1.086124964058399200e-02
-1.376869436353445053e-02
-3.358693327754735947e-03
-8.567875251173973083e-03
-6.575781852006912231e-03
-9.802718646824359894e-03
-1.473297271877527237e-02
-1.398381427861750126e-03
-2.782885218039155006e-03
-4.971310030668973923e-03
-1.539633143693208694e-03
9.356155642308294773e-04
-3.218196565285325050e-03
4.435043316334486008e-03
5.499403458088636398e-03
6.396772805601358414e-03
1.511729788035154343e-03
2.359358826652169228e-03
1.586643746122717857e-03
-1.285154139623045921e-03
2.305061789229512215e-04
-1.184506574645638466e-03
-3.502190113067626953e-03
-3.529570298269391060e-03
-2.724355785176157951e-03
-7.333999499678611755e-03
-4.931571893393993378e-03
-3.870731219649314880e-03
-1.221178099513053894e-02
-8.642074652016162872e-03
-6.551694124937057495e-03
1.429995172657072544e-03
7.238147780299186707e-03
1.788071589544415474e-03
2.516946988180279732e-03
5.788757931441068649e-03
-1.378781325911404565e-05
-8.588558994233608246e-03
-3.768452443182468414e-03
-1.131483539938926697e-02
1.174381747841835022e-02
6.159997545182704926e-03
2.038839273154735565e-02
5.138232372701168060e-03
-1.503240666352212429e-03
7.679286412894725800e-03
1.276025362312793732e-02
2.306717447936534882e-03
1.167410705238580704e-02
-3.519077552482485771e-03
-4.966431297361850739e-03
-1.750384573824703693e-03
-1.599965384230017662e-03
-5.227446090430021286e-03
-3.387577889952808619e-04
8.082489948719739914e-04
1.779247941158246249e-05
3.964970353990793228e-03
1.417368184775114059e-02
1.137229986488819122e-02
1.163445319980382919e-02
1.424058061093091965e-02
1.045240648090839386e-02
1.168822031468153000e-02
1.141151506453752518e-02
6.063732784241437912e-03
8.750820532441139221e-03
-9.391778148710727692e-03
-1.040386967360973358e-02
-1.464264001697301865e-02
-8.053938858211040497e-03
-1.068078074604272842e-02
-1.472512073814868927e-02
-1.550301071256399155e-02
-1.627870276570320129e-02
-1.972834393382072449e-02
1.413160841912031174e-02
1.182878017425537109e-02
1.155221741646528244e-02
1.089984644204378128e-02
8.995301090180873871e-03
9.672912769019603729e-03
1.437047775834798813e-02
1.385494414716959000e-02
1.631105132400989532e-02
-5.120459944009780884e-03
-5.232461728155612946e-03
-9.759296663105487823e-03
-4.949083086103200912e-03
-3.198370104655623436e-03
-4.749307408928871155e-03
-4.297801759093999863e-03
-2.515578176826238632e-03
-9.328094311058521271e-04
8.401985280215740204e-03
7.762594148516654968e-03
2.158965729176998138e-02
8.309052325785160065e-03
4.105291329324245453e-03
1.786978729069232941e-02
1.532806456089019775e-02
7.467587012797594070e-03
2.265409752726554871e-02
-1.348419208079576492e-02
-9.650868363678455353e-03
-1.541860774159431458e-02
-3.851278452202677727e-03
9.178520413115620613e-04
-1.888995175249874592e-03
-5.292908288538455963e-03
9.186645038425922394e-04
-2.021629596129059792e-03
-6.549284793436527252e-03
-4.595754668116569519e-03
-5.696669220924377441e-03
-6.993982824496924877e-04
3.323248121887445450e-03
4.075333941727876663e-03
-1.540853409096598625e-03
3.684588009491562843e-03
4.135002847760915756e-03
-1.820173463784158230e-03
3.538307501003146172e-04
6.094028241932392120e-03
1.335810055024921894e-03
2.852989593520760536e-03
1.201185397803783417e-02
2.713871188461780548e-03
3.729885676875710487e-03
1.047918666154146194e-02
3.042005375027656555e-02
2.030437439680099487e-02
3.104014508426189423e-02
1.752610690891742706e-02
1.248099608346819878e-03
1.100853364914655685e-02
1.784821972250938416e-02
5.012825597077608109e-03
1.057965308427810669e-02
2.137499116361141205e-02
1.725977100431919098e-02
1.672933436930179596e-02
1.265431754291057587e-02
3.859768621623516083e-03
1.784689840860664845e-03
1.337181776762008667e-02
3.323917742818593979e-03
-2.276754705235362053e-03
9.447512216866016388e-03
2.943383762612938881e-03
3.048486309126019478e-03
2.887415699660778046e-03
-6.928070215508341789e-04
-1.602682750672101974e-03
-3.312874760013073683e-04
-1.084599876776337624e-03
-4.064350388944149017e-03
-1.484016887843608856e-02
-1.133562717586755753e-02
-1.121430192142724991e-02
-1.161247584968805313e-02
-7.404056377708911896e-03
-6.109185982495546341e-03
-1.302282232791185379e-02
-8.100993931293487549e-03
-9.503817185759544373e-03
2.443842962384223938e-02
2.248599752783775330e-02
2.811998873949050903e-02
1.361203100532293320e-02
9.751186706125736237e-03
1.671709865331649780e-02
1.790521107614040375e-02
1.345541048794984818e-02
2.074082754552364349e-02
-1.213643793016672134e-02
-8.037430234253406525e-03
-1.409657113254070282e-02
-8.257522131316363811e-04
-1.466081012040376663e-03
-8.862138725817203522e-03
-4.936276003718376160e-03
-7.076257374137639999e-03
-1.460044737905263901e-02
1.743090571835637093e-03
2.223764313384890556e-03
5.151624325662851334e-03
7.717099506407976151e-04
1.995125319808721542e-03
4.139900673180818558e-03
-2.890216885134577751e-03
-7.802715408615767956e-04
1.515245297923684120e-03
1.542981155216693878e-02
4.794411826878786087e-03
2.872889675199985504e-02
1.304384693503379822e-02
-2.572750207036733627e-03
1.973891258239746094e-02
3.625662997364997864e-02
1.775209791958332062e-02
3.922786936163902283e-02
-5.834607407450675964e-03
-4.874179139733314514e-03
-3.048601094633340836e-03
-1.555304392240941525e-03
-4.673849325627088547e-03
-1.241771620698273182e-03
7.103737443685531616e-03
5.381160415709018707e-03
8.854724466800689697e-03
-5.048835184425115585e-03
-1.267555728554725647e-02
-1.202240772545337677e-02
-1.161457132548093796e-02
-1.885020546615123749e-02
-1.819321326911449432e-02
-1.381791196763515472e-02
-1.853751204907894135e-02
-2.061304450035095215e-02
-8.847440592944622040e-03
-6.523422896862030029e-03
-5.640262737870216370e-03
3.752417687792330980e-04
4.020748601760715246e-04
4.854800063185393810e-04
-9.918043389916419983e-03
-7.049157284200191498e-03
-5.235632415860891342e-03
1.911548897624015808e-02
3.773922799155116081e-03
1.908170059323310852e-02
1.754311472177505493e-02
1.772788702510297298e-03
1.680841855704784393e-02
3.000510483980178833e-02
1.758416369557380676e-02
3.171120584011077881e-02
-2.210674621164798737e-02
-2.136388234794139862e-02
-2.216201648116111755e-02
-1.831076107919216156e-02
-1.389384921640157700e-02
-2.005105279386043549e-02
-1.347969379276037216e-02
-8.594062179327011108e-03
-1.312028523534536362e-02
1.430403906852006912e-03
-8.598307431384455413e-06
7.652502506971359253e-03
2.167833037674427032e-03
1.775423646904528141e-03
4.480563569813966751e-03
3.795859403908252716e-03
2.789936959743499756e-03
5.094701424241065979e-03
-3.029454965144395828e-03
-1.915155677124857903e-03
1.395161845721304417e-03
-7.550668437033891678e-03
-5.961074493825435638e-03
-2.991361776366829872e-03
-1.690337201580405235e-03
-3.998217871412634850e-04
3.790694987401366234e-03
1.895273104310035706e-02
1.578513346612453461e-02
1.885099150240421295e-02
8.106763474643230438e-03
3.043846692889928818e-03
7.206347305327653885e-03
5.064389668405056000e-03
5.476803053170442581e-04
8.928675670176744461e-04
2.043926902115345001e-02
1.160839386284351349e-02
1.431369688361883163e-02
1.062129531055688858e-02
4.834489896893501282e-03
7.895234040915966034e-03
1.374137680977582932e-02
7.221011444926261902e-03
7.802392821758985519e-03
-1.061119046062231064e-02
-8.754480630159378052e-03
-1.342411525547504425e-02
-8.813033811748027802e-03
-4.383676685392856598e-03
-1.436868775635957718e-02
-1.845799759030342102e-02
-9.963143616914749146e-03
-2.227890864014625549e-02
-1.112785283476114273e-02
-8.605350740253925323e-03
-1.341648772358894348e-02
-6.463885772973299026e-03
-3.057656809687614441e-03
-8.268911391496658325e-03
-1.376600004732608795e-02
-9.941615164279937744e-03
-1.364271808415651321e-02
3.173382487148046494e-03
7.389916572719812393e-03
9.771789424121379852e-03
2.261475659906864166e-03
2.660274039953947067e-03
6.576608400791883469e-03
4.938099533319473267e-03
7.967406883835792542e-03
1.269103866070508957e-02
2.654886059463024139e-02
1.780143193900585175e-02
1.942080631852149963e-02
1.654438301920890808e-02
8.131564594805240631e-03
9.524202905595302582e-03
2.040871791541576385e-02
1.084603555500507355e-02
1.230947580188512802e-02
-8.714311756193637848e-03
-1.316075958311557770e-02
-6.416832096874713898e-03
-1.888501457870006561e-02
-2.528837323188781738e-02
-1.930466294288635254e-02
-9.464057162404060364e-03
-1.785426586866378784e-02
-1.294282823801040649e-02
1.660529151558876038e-02
1.103473361581563950e-02
1.171397883445024490e-02
1.607380807399749756e-02
9.639854542911052704e-03
1.170335523784160614e-02
2.352901175618171692e-02
1.555348560214042664e-02
1.978540979325771332e-02
-1.338829193264245987e-02
-9.883227758109569550e-03
-1.284623239189386368e-02
-1.062936428934335709e-02
-3.983882721513509750e-03
-8.066053502261638641e-03
-1.760759949684143066e-02
-1.082799676805734634e-02
-1.421868335455656052e-02
1.313793659210205078e-02
2.569673815742135048e-03
7.025833241641521454e-03
1.149337645620107651e-02
-8.891742909327149391e-04
3.943892195820808411e-03
1.227630395442247391e-02
5.604524165391921997e-03
8.916535414755344391e-03
4.461367614567279816e-03
3.225455293431878090e-03
5.334717221558094025e-03
3.503524698317050934e-03
1.737490762025117874e-03
6.520797498524188995e-03
3.913559019565582275e-03
4.130829591304063797e-03
8.745525963604450226e-03
-8.866108022630214691e-03
-7.413657847791910172e-03
-5.687243770807981491e-03
-8.182494901120662689e-03
-4.780875518918037415e-03
-4.498590715229511261e-03
-1.068724039942026138e-02
-8.857961744070053101e-03
-9.596826508641242981e-03
-8.861183188855648041e-03
-5.301405675709247589e-03
-6.494897883385419846e-03
-1.212508766911923885e-03
-1.240214216522872448e-03
-3.588270395994186401e-03
-5.818837322294712067e-03
-2.775446511805057526e-03
-6.817578803747892380e-03
8.225100114941596985e-03
6.090741604566574097e-03
7.825030945241451263e-03
4.036752507090568542e-03
-1.635694759897887707e-03
6.684295833110809326e-03
1.839175354689359665e-03
-2.537454012781381607e-03
2.403020625934004784e-03
-5.385670345276594162e-03
6.870183860883116722e-04
5.314067006111145020e-03
-3.589713014662265778e-03
1.099467510357499123e-03
2.569453325122594833e-03
-5.128180608153343201e-03
-1.354290288873016834e-03
-4.098684992641210556e-03
3.602981567382812500e-03
-3.008964995387941599e-04
5.819899030029773712e-03
2.054315060377120972e-03
-2.320885192602872849e-03
5.052368622273206711e-03
-4.300656728446483612e-03
-1.267767138779163361e-02
-2.814898733049631119e-03
-9.523162618279457092e-03
-5.930205807089805603e-03
-6.634299177676439285e-03
-4.614296369254589081e-03
-1.442450680769979954e-03
-4.491138737648725510e-03
-9.653094224631786346e-03
-2.981456229463219643e-03
-4.728767555207014084e-03
5.247218534350395203e-03
3.419834654778242111e-03
1.118899788707494736e-02
-2.725662670854944736e-05
-2.612191485241055489e-03
3.950384911149740219e-03
8.438272052444517612e-04
-2.028202172368764877e-03
4.824665375053882599e-03
-5.448723677545785904e-03
-7.374272216111421585e-03
-8.413920179009437561e-03
-3.667863551527261734e-03
-1.817415351979434490e-03
-2.359036123380064964e-03
-3.409666940569877625e-03
-1.603030832484364510e-03
-1.541556441225111485e-03
1.441407715901732445e-03
1.777935656718909740e-03
8.311068639159202576e-03
-2.724409336224198341e-03
-1.615054788999259472e-03
6.134359631687402725e-03
-3.546427004039287567e-03
-2.794874832034111023e-03
7.179087493568658829e-03
-7.006546482443809509e-03
-8.577968925237655640e-03
-9.972186759114265442e-03
-9.587394073605537415e-03
-1.162951160222291946e-02
-1.195822749286890030e-02
-9.631245397031307220e-03
-8.072707802057266235e-03
-1.050383877009153366e-02
4.663567990064620972e-03
2.992460504174232483e-03
7.743725553154945374e-03
2.830209268722683191e-04
-1.921879360452294350e-03
2.896843478083610535e-03
7.168760057538747787e-03
2.922988496720790863e-03
6.390789523720741272e-03
-2.294354513287544250e-02
-1.077643036842346191e-02
-1.791020855307579041e-02
-1.336358673870563507e-02
-4.420348443090915680e-03
-1.220683474093675613e-02
-1.737026497721672058e-02
-1.037151645869016647e-02
-1.733754575252532959e-02
3.219437086954712868e-03
-7.246362656587734818e-05
-1.564389676786959171e-03
-5.069206468760967255e-03
-6.502441596239805222e-03
-5.190778989344835281e-03
9.032034315168857574e-03
1.046659518033266068e-02
1.284695230424404144e-02
6.437967531383037567e-03
7.747393101453781128e-03
1.213938090950250626e-02
6.014588754624128342e-03
4.551971331238746643e-03
8.318211883306503296e-03
1.481906790286302567e-02
1.415259856730699539e-02
1.673956587910652161e-02
-1.078777853399515152e-02
-2.318458398804068565e-03
-8.559853769838809967e-03
-1.537087839096784592e-02
-8.319993503391742706e-03
-1.340440288186073303e-02
-2.173412404954433441e-02
-1.475837733596563339e-02
-1.919463090598583221e-02
-6.866622250527143478e-03
-6.400450598448514938e-03
-6.704001221805810928e-03
-3.637950867414474487e-03
-2.749722218140959740e-03
-4.367116838693618774e-03
-8.003405295312404633e-03
-2.777624409645795822e-03
-4.886183887720108032e-03
3.705903887748718262e-03
-5.595016758888959885e-03
5.571030196733772755e-04
2.688835840672254562e-03
-4.224883392453193665e-03
2.136695198714733124e-03
2.736304886639118195e-03
-5.622799508273601532e-03
-2.706949599087238312e-03
-1.859566941857337952e-02
-9.830512106418609619e-03
-1.288963295519351959e-02
-9.941192343831062317e-03
-3.073662053793668747e-03
-6.204925011843442917e-03
-1.441518589854240417e-02
-9.996528737246990204e-03
-1.172187924385070801e-02
3.326123952865600586e-02
2.154622226953506470e-02
3.270754590630531311e-02
2.102393656969070435e-02
9.092757478356361389e-03
1.868667267262935638e-02
2.900553867220878601e-02
1.745486631989479065e-02
2.631795965135097504e-02
1.189992483705282211e-02
4.926653113216161728e-03
5.628190003335475922e-03
3.742000088095664978e-03
6.182997822179459035e-06
9.482823079451918602e-04
-3.856126277241855860e-04
-4.909806302748620510e-04
3.553519723936915398e-03
-7.723177783191204071e-03
-3.903487231582403183e-03
-9.081128053367137909e-03
9.033042588271200657e-04
2.682243706658482552e-03
2.458005037624388933e-04
3.188358095940202475e-04
-1.476967241615056992e-03
-4.500505048781633377e-03
-1.991534419357776642e-02
-1.115499343723058701e-02
-1.499136351048946381e-02
-8.420969359576702118e-03
-3.316622693091630936e-03
-8.487031795084476471e-03
-7.882106117904186249e-03
-3.795752301812171936e-03
-1.156456395983695984e-02
1.074511930346488953e-02
9.348046034574508667e-03
1.156059373170137405e-02
4.900649189949035645e-03
3.238707780838012695e-03
6.292599719017744064e-03
2.086010994389653206e-03
2.365993335843086243e-03
7.266159169375896454e-03
1.469558291137218475e-02
4.953691735863685608e-03
2.140793763101100922e-02
1.032936759293079376e-02
1.443191198632121086e-03
1.418596133589744568e-02
1.672640815377235413e-02
4.230742808431386948e-03
1.721605658531188965e-02
1.801650226116180420e-02
1.391576230525970459e-02
1.774527877569198608e-02
1.780144125223159790e-02
8.033593185245990753e-03
1.075065415352582932e-02
3.101899102330207825e-02
1.970414072275161743e-02
2.199380099773406982e-02
4.401379264891147614e-03
1.451680553145706654e-03
2.531531266868114471e-03
6.274557206779718399e-03
2.242566784843802452e-03
2.182680647820234299e-03
-9.143701754510402679e-04
-3.347911173477768898e-03
-2.954563824459910393e-03
-2.073260210454463959e-02
-6.638568826019763947e-03
-2.174979820847511292e-02
-1.931509375572204590e-02
-6.238542497158050537e-03
-2.095444686710834503e-02
-3.221117705106735229e-02
-2.042889036238193512e-02
-3.222941607236862183e-02
2.726556267589330673e-03
4.177023656666278839e-03
2.835092367604374886e-03
4.489906132221221924e-03
6.221375428140163422e-03
4.491037223488092422e-03
1.833855290897190571e-03
4.650362767279148102e-03
3.674870822578668594e-03
3.224263712763786316e-02
2.509093098342418671e-02
5.307206138968467712e-02
1.378279924392700195e-02
4.992578644305467606e-03
3.155438974499702454e-02
2.184108644723892212e-02
1.078729610890150070e-02
3.590065240859985352e-02
-4.572875797748565674e-03
-6.151881534606218338e-03
-3.529673442244529724e-03
-3.843130543828010559e-03
-4.018653649836778641e-03
-5.491050425916910172e-03
-1.170970033854246140e-03
-3.085481585003435612e-04
-5.571226589381694794e-03
4.588262178003787994e-03
1.784437219612300396e-03
9.956611320376396179e-03
5.594535730779170990e-03
1.948688062839210033e-03
1.063158269971609116e-03
6.191123276948928833e-03
1.480623177485540509e-04
-1.316846464760601521e-03
-4.596936050802469254e-03
-8.551118662580847740e-04
4.691966809332370758e-03
4.263013135641813278e-03
1.107792952097952366e-03
1.851001143222674727e-04
-1.945847296155989170e-03
-7.529729977250099182e-03
-1.197203062474727631e-02
-1.265773549675941467e-02
-1.090277079492807388e-02
-1.413168571889400482e-02
-7.405269891023635864e-03
-3.089431906118988991e-03
-7.756979204714298248e-03
-6.854099687188863754e-03
-5.977597553282976151e-03
-1.354234106838703156e-02
-2.334816753864288330e-02
-1.751852408051490784e-02
-2.279951609671115875e-02
-1.928352192044258118e-02
-9.601658210158348083e-03
-1.357304956763982773e-02
-2.813615463674068451e-02
-1.944546028971672058e-02
-2.145566791296005249e-02
2.017372846603393555e-02
1.583851315081119537e-02
3.180889040231704712e-02
1.348295621573925018e-02
9.673553518950939178e-03
2.352106012403964996e-02
1.776623167097568512e-02
1.129118446260690689e-02
2.829178422689437866e-02
1.756408065557479858e-02
1.552969776093959808e-02
1.677112095057964325e-02
7.477637380361557007e-03
7.816036231815814972e-03
1.287335250526666641e-02
6.609499687328934669e-04
6.720385979861021042e-03
1.630205474793910980e-02
-1.241866499185562134e-02
-8.077223785221576691e-03
-1.505389623343944550e-02
-7.209584582597017288e-03
2.253941493108868599e-03
-3.233845112845301628e-03
-1.128210127353668213e-02
-3.395727253518998623e-04
-2.473557367920875549e-03
2.428562194108963013e-02
1.131845358759164810e-02
2.750424668192863464e-02
1.922040805220603943e-02
6.319915410131216049e-03
2.159378305077552795e-02
3.233083337545394897e-02
1.935189031064510345e-02
3.462182730436325073e-02
1.087265834212303162e-02
1.482799270888790488e-04
2.023501880466938019e-02
2.424018224701285362e-03
-7.521388586610555649e-03
5.444052629172801971e-03
9.923174045979976654e-03
-4.705587867647409439e-03
4.263266455382108688e-03
8.083796501159667969e-02
5.176676809787750244e-02
6.428895890712738037e-02
4.181531071662902832e-02
8.738495409488677979e-03
2.009863033890724182e-02
4.479361698031425476e-02
1.320856250822544098e-02
1.564537361264228821e-02
1.475053722970187664e-03
3.606289159506559372e-03
-1.585199497640132904e-03
-9.237109916284680367e-04
3.884282894432544708e-03
-5.023478996008634567e-03
-8.108179084956645966e-03
-3.488047048449516296e-03
-1.089226920157670975e-02
-1.104367617517709732e-02
-8.247422054409980774e-03
-1.777284895069897175e-03
-1.167883910238742828e-02
-9.654088877141475677e-03
-2.765820361673831940e-03
-8.269542828202247620e-03
-5.289839580655097961e-03
-2.527330303564667702e-03
2.079189568758010864e-02
1.432875171303749084e-02
3.050236031413078308e-02
1.382106170058250427e-02
3.935489803552627563e-03
1.669582538306713104e-02
1.962640881538391113e-02
1.150967646390199661e-02
2.316634729504585266e-02
-1.719974097795784473e-04
7.289426866918802261e-03
2.078671194612979889e-02
-1.253975904546678066e-03
2.336076227948069572e-03
1.585774496197700500e-02
5.879083182662725449e-03
9.657984599471092224e-03
2.759416587650775909e-02
-1.413574162870645523e-02
-7.327684666961431503e-03
-1.506872009485960007e-02
-7.791704032570123672e-03
-1.880957395769655704e-03
-8.239557966589927673e-03
-7.651637308299541473e-03
-5.298933247104287148e-04
-8.356027305126190186e-03
-1.941528404131531715e-03
-6.222898140549659729e-03
1.535811927169561386e-02
6.417500553652644157e-04
-9.157532826066017151e-03
4.545448813587427139e-03
2.148041129112243652e-02
8.416557684540748596e-03
1.991727203130722046e-02
1.924946904182434082e-02
4.597221035510301590e-03
2.605860866606235504e-02
2.286381460726261139e-02
5.939610768109560013e-03
2.615958638489246368e-02
5.419538170099258423e-02
4.084360599517822266e-02
6.371376663446426392e-02
1.098143216222524643e-02
5.284884944558143616e-03
4.004226066172122955e-03
1.468072412535548210e-03
-2.848814474418759346e-03
-6.813730113208293915e-03
8.243446238338947296e-03
3.006938379257917404e-03
-3.123542992398142815e-03
-3.946043550968170166e-03
4.988139844499528408e-04
-7.283338811248540878e-03
-3.190397284924983978e-03
-9.994675638154149055e-04
-6.469637621194124222e-03
-1.693192869424819946e-02
-1.549636200070381165e-02
-1.858486421406269073e-02
-8.710580877959728241e-03
-3.591520013287663460e-03
-1.260789390653371811e-02
-6.652708631008863449e-03
3.908862825483083725e-03
-7.727300748229026794e-03
-1.921229623258113861e-02
-1.098215486854314804e-02
-1.859120093286037445e-02
-8.636903017759323120e-03
-8.860794827342033386e-03
-1.201787032186985016e-02
-1.065690070390701294e-02
-6.713656242936849594e-03
-1.099859084933996201e-02
-9.305551648139953613e-03
-6.519206333905458450e-03
-1.193773653358221054e-02
2.337517589330673218e-02
9.517528116703033447e-03
1.428701262921094894e-02
2.687758393585681915e-02
1.303885038942098618e-02
1.772708259522914886e-02
5.254371091723442078e-02
3.385728225111961365e-02
3.816115111112594604e-02
-3.029276151210069656e-03
-8.972872979938983917e-03
-8.861869573593139648e-03
-4.302842076867818832e-03
-7.493599317967891693e-03
-4.996123723685741425e-03
-6.651402451097965240e-03
-6.643297150731086731e-03
-5.025362595915794373e-03
-5.658710375428199768e-03
-4.084246698766946793e-03
-5.474713165313005447e-03
-2.118448494002223015e-03
5.738513427786529064e-04
-7.756039267405867577e-04
-2.697684336453676224e-03
1.592846587300300598e-03
3.986172960139811039e-04
-9.693485684692859650e-03
-9.390356019139289856e-03
-1.853873208165168762e-02
-6.893050856888294220e-03
-7.309400942176580429e-03
-1.749032177031040192e-02
-8.946374058723449707e-03
-8.976218290627002716e-03
-1.920754089951515198e-02
-7.312394212931394577e-03
-1.130708144046366215e-03
-9.960542432963848114e-03
-4.668818786740303040e-03
1.798110199160873890e-03
-9.476867504417896271e-03
-8.657821454107761383e-03
-5.187503993511199951e-03
-1.327963173389434814e-02
-1.636731438338756561e-02
-7.475362624973058701e-03
-1.438519544899463654e-02
-1.604548282921314240e-02
-3.074736334383487701e-03
-1.093761622905731201e-02
-1.843697950243949890e-02
-6.535088643431663513e-03
-1.518253143876791000e-02
-4.929884802550077438e-03
-5.258575547486543655e-03
2.345761051401495934e-03
1.629676786251366138e-03
-2.658709185197949409e-03
3.643247997388243675e-03
1.091099809855222702e-02
3.721171990036964417e-03
1.337089296430349350e-02
1.436830032616853714e-02
5.209570750594139099e-03
5.457874387502670288e-03
7.136606145650148392e-03
1.458354759961366653e-03
1.702796202152967453e-03
3.224715124815702438e-03
-2.193179214373230934e-03
-9.597618918633088470e-05
-6.503146607428789139e-03
-1.900295354425907135e-02
-1.506647001951932907e-02
-9.132733568549156189e-03
-1.750806905329227448e-02
-1.491312775760889053e-02
9.906475897878408432e-04
-5.183172412216663361e-03
-1.892337575554847717e-03
8.808545768260955811e-03
5.655745510011911392e-03
8.100059814751148224e-03
8.411772549152374268e-03
5.371401086449623108e-03
8.230060338973999023e-03
1.959977438673377037e-03
5.025438731536269188e-04
5.787664093077182770e-03
1.509847934357821941e-03
-2.795299282297492027e-03
-1.518055913038551807e-03
1.219324767589569092e-04
1.914876629598438740e-03
3.332507098093628883e-03
7.774473051540553570e-04
3.391301492229104042e-03
1.277174055576324463e-02
5.633178632706403732e-03
-1.033890061080455780e-03
-1.784201129339635372e-03
3.627988044172525406e-03
-4.526135453488677740e-04
2.117435680702328682e-03
-9.728436707518994808e-04
-2.233663341030478477e-03
1.014756853692233562e-03
-2.438155375421047211e-02
-1.697770319879055023e-02
-1.759225688874721527e-02
-1.615036092698574066e-02
-1.126385107636451721e-02
-1.323254127055406570e-02
-1.960353739559650421e-02
-1.423139311373233795e-02
-1.420182734727859497e-02
7.973660714924335480e-03
-7.849073153920471668e-04
4.660428967326879501e-03
3.629478393122553825e-03
-3.938908688724040985e-03
3.405262716114521027e-03
9.329992346465587616e-03
6.431337445974349976e-03
1.151145342737436295e-02
5.836969241499900818e-03
5.284676793962717056e-03
5.583652295172214508e-03
-1.056865556165575981e-03
-1.496548764407634735e-03
-9.745460120029747486e-04
-1.418821921106427908e-04
-1.451045507565140724e-03
-2.396428957581520081e-03
-6.219657137989997864e-03
-6.349211558699607849e-03
-7.240041624754667282e-03
-3.222769126296043396e-03
-3.964141942560672760e-03
-6.566610652953386307e-03
-5.527437198907136917e-03
-6.453462410718202591e-03
-1.196988578885793686e-02
-1.568407635204493999e-03
-1.156059908680617809e-03
4.031689371913671494e-03
-1.720123807899653912e-03
1.284342957660555840e-03
8.050923235714435577e-03
-6.706530228257179260e-03
-5.306872189976274967e-04
6.547214463353157043e-03
3.455781191587448120e-02
3.099532984197139740e-02
3.161250054836273193e-02
1.424447633326053619e-02
1.429279427975416183e-02
1.931516267359256744e-02
1.091706287115812302e-02
9.052222594618797302e-03
1.082194223999977112e-02
-9.867348708212375641e-03
-5.702276248484849930e-03
-7.898853160440921783e-03
-1.069715153425931931e-02
-4.448969382792711258e-03
-8.039672859013080597e-03
-1.328018959611654282e-02
-5.153612233698368073e-03
-9.381465613842010498e-03
-7.923522964119911194e-03
-2.435488393530249596e-03
-3.002062207087874413e-03
-5.382074508816003799e-03
3.444058820605278015e-04
-4.080375656485557556e-04
-1.042982283979654312e-02
-1.222542021423578262e-03
-3.976720850914716721e-03
2.746831160038709641e-03
5.553613882511854172e-03
6.635802332311868668e-03
2.265375340357422829e-03
8.277920074760913849e-03
8.278819732367992401e-03
-4.776655230671167374e-03
1.156516300397925079e-04
-4.458394250832498074e-04
1.971037127077579498e-03
2.280948683619499207e-03
-9.484413079917430878e-03
2.187353791669011116e-03
1.350358477793633938e-03
-1.066659763455390930e-02
-2.442096592858433723e-03
-5.441794637590646744e-03
-2.154242433607578278e-02
-1.672988641075789928e-03
-5.065384320914745331e-03
-1.049074809998273849e-02
-6.369624286890029907e-03
-5.374036729335784912e-03
-9.359763935208320618e-03
-8.488394669257104397e-04
-5.103564821183681488e-03
-1.079455018043518066e-02
-1.269019395112991333e-02
-6.287720520049333572e-03
-1.172118633985519409e-02
-1.176961511373519897e-02
-8.007123135030269623e-03
-1.451153401285409927e-02
-1.029700040817260742e-02
-7.998235523700714111e-03
-1.474020536988973618e-02
-8.348404429852962494e-03
-1.686077797785401344e-03
-9.930366650223731995e-03
-9.216900914907455444e-03
-1.912426319904625416e-03
-1.138508040457963943e-02
-1.778574101626873016e-02
-1.173491496592760086e-02
-1.940551213920116425e-02
1.184847787953913212e-03
7.917883340269327164e-04
1.278514391742646694e-04
-5.729509517550468445e-03
-9.867828339338302612e-03
-7.314743008464574814e-03
4.152668989263474941e-04
-6.735731149092316628e-04
5.863570142537355423e-03
-5.498940590769052505e-03
4.506108351051807404e-03
5.851342808455228806e-03
5.398237844929099083e-04
6.169819738715887070e-03
5.265918094664812088e-03
2.808486577123403549e-03
6.708608940243721008e-03
9.101802483201026917e-03
-2.119416836649179459e-03
4.822654649615287781e-03
8.906382136046886444e-03
-2.611759584397077560e-03
1.363858697004616261e-03
5.142288282513618469e-03
-8.531377650797367096e-03
-6.443194113671779633e-03
-3.032183041796088219e-03
-1.518668257631361485e-03
-9.269757196307182312e-03
-7.154335733503103256e-03
-9.310583700425922871e-04
-7.060999516397714615e-03
-5.202818661928176880e-03
-4.972602706402540207e-03
-8.052251301705837250e-03
-3.840259043499827385e-03
1.328672748059034348e-02
8.321910863742232323e-04
1.106092426925897598e-02
1.010692678391933441e-02
2.014850033447146416e-03
1.137809082865715027e-02
1.341847330331802368e-02
3.759821411222219467e-03
1.153854094445705414e-02
-7.947647012770175934e-03
-8.568319492042064667e-03
-3.790508257225155830e-03
-8.589625358581542969e-03
-6.400629412382841110e-03
-3.304780926555395126e-03
-1.228660345077514648e-02
-1.158628426492214203e-02
-9.583396837115287781e-03
6.307919975370168686e-03
8.784539997577667236e-03
1.462786085903644562e-02
2.347230445593595505e-03
6.315445993095636368e-03
1.009319722652435303e-02
2.460241550579667091e-03
1.621878240257501602e-03
3.847823711112141609e-03
-1.060416735708713531e-02
-4.117909818887710571e-03
-2.319315448403358459e-03
-1.339457463473081589e-02
-4.470576532185077667e-03
-4.477016627788543701e-03
-1.473636645823717117e-02
-7.061359006911516190e-03
-9.105830453336238861e-03
-1.016836799681186676e-02
-2.864699810743331909e-03
-1.240204647183418274e-02
-1.270061766263097525e-04
7.612588815391063690e-03
-2.074396004900336266e-03
-1.249094028025865555e-03
3.124168608337640762e-03
-6.362227257341146469e-03
-8.926897309720516205e-03
-3.903644625097513199e-03
-1.096769049763679504e-02
-5.350672174245119095e-03
-1.770646078512072563e-03
-9.727963246405124664e-03
-8.506680838763713837e-03
-6.224085576832294464e-03
-1.437393296509981155e-02
1.467341184616088867e-02
1.056536752730607986e-02
1.562998071312904358e-02
3.246306907385587692e-03
7.201948901638388634e-04
8.047721348702907562e-03
2.292716177180409431e-03
2.296917838975787163e-03
7.614724803715944290e-03
4.065783694386482239e-02
1.677523553371429443e-02
3.796944767236709595e-02
2.721500024199485779e-02
2.065208740532398224e-03
2.415490336716175079e-02
3.370898589491844177e-02
8.154655806720256805e-03
3.127152472734451294e-02
1.981337182223796844e-02
1.341109257191419601e-02
1.846511289477348328e-02
1.784249208867549896e-02
1.054035872220993042e-02
1.253747940063476562e-02
2.623229660093784332e-02
1.608148217201232910e-02
1.620366983115673065e-02
2.033414691686630249e-02
1.206216495484113693e-02
2.062229253351688385e-02
1.396487839519977570e-02
6.637168582528829575e-03
1.262157969176769257e-02
1.707572862505912781e-02
1.194940321147441864e-02
1.829343289136886597e-02
-3.212418407201766968e-02
-1.784356124699115753e-02
-4.291542991995811462e-02
-2.326885610818862915e-02
-8.781475014984607697e-03
-2.877404727041721344e-02
-3.327513113617897034e-02
-2.120398543775081635e-02
-3.981374949216842651e-02
-1.014540344476699829e-02
-1.001475751399993896e-02
-1.478973869234323502e-02
-6.365768611431121826e-03
-3.778426442295312881e-03
-1.047604903578758240e-02
-1.112906262278556824e-03
3.059066366404294968e-03
-2.476936439052224159e-03
3.263112157583236694e-02
2.377668581902980804e-02
4.619008302688598633e-02
1.270718965679407120e-02
1.190705806948244572e-03
2.568159066140651703e-02
1.860641501843929291e-02
5.497673992067575455e-03
3.070120327174663544e-02
1.125975046306848526e-02
3.641494782641530037e-03
6.640092004090547562e-03
1.998506020754575729e-03
-3.408024320378899574e-03
-1.625773264095187187e-03
4.337544378358870745e-04
-3.307312959805130959e-03
-2.086915308609604836e-03
-7.857864722609519958e-03
-7.218979299068450928e-03
-1.142064668238162994e-02
-8.719543926417827606e-03
-5.922353360801935196e-03
-1.317198853939771652e-02
-9.288687258958816528e-03
-5.585058592259883881e-03
-1.494844444096088409e-02
6.565590854734182358e-03
2.667129738256335258e-03
9.434025734663009644e-03
9.843615815043449402e-03
8.123888634145259857e-03
1.156833115965127945e-02
7.324417587369680405e-03
6.701472681015729904e-03
3.483482636511325836e-03
-2.632742188870906830e-02
-1.703224517405033112e-02
-2.905998937785625458e-02
-1.627655699849128723e-02
-7.170031312853097916e-03
-1.573008671402931213e-02
-1.989478804171085358e-02
-1.246359851211309433e-02
-2.199869789183139801e-02
-1.756365876644849777e-03
-2.853467362001538277e-03
-2.027060603722929955e-03
-5.448976065963506699e-03
-4.785846918821334839e-03
3.181463034707121551e-05
-1.309983432292938232e-02
-9.530680254101753235e-03
-4.705327562987804413e-03
4.076927900314331055e-02
3.097071312367916107e-02
3.780462220311164856e-02
2.077429741621017456e-02
1.610787399113178253e-02
2.866248786449432373e-02
2.395483665168285370e-02
1.999488100409507751e-02
3.874080628156661987e-02
4.846676718443632126e-03
1.110490132123231888e-02
1.943808398209512234e-03
8.986992761492729187e-03
1.330592948943376541e-02
6.396851968020200729e-03
-4.078191239386796951e-03
1.266998820938169956e-03
-2.900058869272470474e-03
-3.430362790822982788e-02
-2.809801511466503143e-02
-3.765197470784187317e-02
-2.945843152701854706e-02
-1.525902282446622849e-02
-2.698687836527824402e-02
-3.040631487965583801e-02
-1.171976886689662933e-02
-1.784549467265605927e-02
3.313964232802391052e-02
1.595622859895229340e-02
2.431015297770500183e-02
2.396520785987377167e-02
6.935276091098785400e-03
1.372558623552322388e-02
2.906778268516063690e-02
1.393592450767755508e-02
2.049614675343036652e-02
-4.078248888254165649e-02
-2.898831106722354889e-02
-3.656455129384994507e-02
-2.827607467770576477e-02
-1.457567512989044189e-02
-2.584413997828960419e-02
-2.201568521559238434e-02
-1.328610721975564957e-02
-2.393685095012187958e-02
5.522147938609123230e-02
3.262912109494209290e-02
4.605823382735252380e-02
2.753657475113868713e-02
1.470848568715155125e-03
1.357989199459552765e-02
3.400750458240509033e-02
9.725390002131462097e-03
1.730547659099102020e-02
5.509272217750549316e-03
7.503082975745201111e-03
-4.128240980207920074e-03
1.338302972726523876e-03
7.797097321599721909e-03
-4.734834656119346619e-03
-1.897525653475895524e-04
6.342954933643341064e-03
-6.541896611452102661e-03
-1.185540109872817993e-02
-7.907126098871231079e-03
-8.864228613674640656e-03
-1.005213055759668350e-02
-5.314658861607313156e-03
-7.345727644860744476e-03
-5.522503983229398727e-03
-2.966921078041195869e-03
-4.101929720491170883e-03
-5.681803449988365173e-03
-1.513262651860713959e-02
-9.438853710889816284e-03
-2.107237698510289192e-03
-9.142594411969184875e-03
-7.738467305898666382e-03
-1.884970581158995628e-03
-7.985356263816356659e-03
-8.036890998482704163e-03
1.235429476946592331e-02
2.308248355984687805e-02
5.796572566032409668e-02
-3.940098918974399567e-03
2.213863423094153404e-03
4.164427146315574646e-02
2.155509591102600098e-02
3.005915321409702301e-02
7.962116599082946777e-02
-3.274703631177544594e-03
2.929423237219452858e-03
-2.909392118453979492e-03
4.496349021792411804e-03
9.960594587028026581e-03
1.966514158993959427e-03
2.877931110560894012e-03
1.021116692572832108e-02
2.305742353200912476e-03
-2.336933277547359467e-02
-1.613345183432102203e-02
-2.342130616307258606e-02
-1.937728561460971832e-02
-1.414524856954813004e-02
-2.260669320821762085e-02
-2.844930253922939301e-02
-2.617018856108188629e-02
-3.605584800243377686e-02
7.259001024067401886e-03
2.493135165423154831e-03
1.744365133345127106e-02
1.075958739966154099e-02
4.710131790488958359e-03
2.418223395943641663e-02
2.655182220041751862e-02
2.896782383322715759e-02
4.905556514859199524e-02
1.702050864696502686e-02
1.063022669404745102e-02
2.201777882874011993e-02
1.185700297355651855e-02
5.890680477023124695e-03
1.002427563071250916e-02
1.134896837174892426e-02
2.935293130576610565e-03
7.624749559909105301e-03
-8.866166463121771812e-04
3.764476394280791283e-03
8.638329454697668552e-04
-4.132531583309173584e-03
1.030376181006431580e-03
-1.806871150620281696e-03
-1.093478780239820480e-02
-7.151858881115913391e-03
-8.437599055469036102e-03
1.480988285038620234e-04
-7.565909530967473984e-03
-1.315559539943933487e-02
-1.843358855694532394e-03
-3.640556940808892250e-03
-7.598813157528638840e-03
-5.192487500607967377e-03
-2.108390210196375847e-03
-3.496741177514195442e-03
-1.692960597574710846e-02
-7.971421815454959869e-03
-2.147157117724418640e-02
-1.281214598566293716e-02
-3.328036516904830933e-03
-1.650939136743545532e-02
-2.210785448551177979e-02
-1.123202219605445862e-02
-2.813923545181751251e-02
4.677326232194900513e-02
1.708445511758327484e-02
1.839424110949039459e-02
4.888704419136047363e-02
1.746330596506595612e-02
2.294478006660938263e-02
8.464904129505157471e-02
5.373768508434295654e-02
5.583612993359565735e-02
3.066088072955608368e-03
-4.745595157146453857e-03
3.617639420554041862e-03
9.553316049277782440e-03
-6.861359579488635063e-04
1.219053473323583603e-02
8.842542767524719238e-03
7.892974652349948883e-03
1.553867664188146591e-02
8.768395520746707916e-03
7.364523480646312237e-04
1.092570647597312927e-02
4.746317281387746334e-04
-5.184775218367576599e-03
7.446130272001028061e-03
-3.797180252149701118e-03
-6.675851065665483475e-03
7.663628552109003067e-03
-6.059702951461076736e-03
-5.906403530389070511e-03
-1.383840572088956833e-02
-8.626415394246578217e-03
-7.209155242890119553e-03
-1.749271340668201447e-02
-8.137466385960578918e-03
-8.128233253955841064e-03
-1.619949191808700562e-02
3.226914210245013237e-03
4.810811020433902740e-03
-4.905791021883487701e-03
7.491020951420068741e-03
6.696620956063270569e-03
1.020400886773131788e-04
-7.191898184828460217e-04
-7.470868877135217190e-04
-4.681882914155721664e-03
-2.568185329437255859e-02
-1.724765636026859283e-02
-2.916769497096538544e-02
-2.067835815250873566e-02
-1.096919737756252289e-02
-2.186849713325500488e-02
-2.309002913534641266e-02
-1.330521330237388611e-02
-2.422355860471725464e-02
2.926579909399151802e-03
2.189093502238392830e-03
7.554446812719106674e-03
6.179711315780878067e-03
4.309185780584812164e-03
1.035257056355476379e-02
1.102286018431186676e-02
9.597945027053356171e-03
1.348211895674467087e-02
-2.528982982039451599e-02
-2.540141902863979340e-02
-3.344686701893806458e-02
-1.250742468982934952e-02
-7.815211080014705658e-03
-1.631934940814971924e-02
-2.046878263354301453e-02
-1.881080307066440582e-02
-2.194238081574440002e-02
-1.022799778729677200e-02
-3.694031760096549988e-02
-2.464148774743080139e-02
-1.933879591524600983e-02
-3.567707166075706482e-02
-2.626968361437320709e-02
-1.322145690210163593e-04
-1.303413230925798416e-02
-2.400274155661463737e-03
-1.112020108848810196e-03
-1.007715007290244102e-03
-5.133086815476417542e-03
-1.862961915321648121e-03
-1.791053102351725101e-03
-2.349587623029947281e-03
-4.727840423583984375e-03
-6.894527003169059753e-03
-7.198861334472894669e-03
4.042225703597068787e-02
1.554018724709749222e-02
1.912712864577770233e-02
2.510583214461803436e-02
8.732804097235202789e-03
1.536786276847124100e-02
3.889458626508712769e-02
2.409961633384227753e-02
3.864629566669464111e-02
-1.198815368115901947e-02
-9.248028509318828583e-03
7.503223605453968048e-04
-1.563963666558265686e-02
-1.600808836519718170e-02
-6.653541233390569687e-03
-2.076805941760540009e-02
-2.359348535537719727e-02
-1.034908834844827652e-02
-3.298905864357948303e-02
-2.140469290316104889e-02
-2.190412394702434540e-02
-2.630993165075778961e-02
-1.426723040640354156e-02
-1.745930872857570648e-02
-2.924809046089649200e-02
-1.654214039444923401e-02
-1.704463176429271698e-02
7.549951784312725067e-03
-1.532689202576875687e-04
-5.201118066906929016e-03
4.048293922096490860e-03
-3.049471648409962654e-03
-4.337964579463005066e-03
6.421909667551517487e-03
4.668162669986486435e-03
-1.622975541977211833e-04
2.025114558637142181e-02
8.576828055083751678e-03
6.889242678880691528e-03
1.234627608209848404e-02
5.000431556254625320e-03
7.636605296283960342e-03
6.932649295777082443e-03
-8.745013037696480751e-04
2.709466032683849335e-03
-6.319048348814249039e-03
-3.000935306772589684e-03
-7.023721933364868164e-03
-1.275243586860597134e-03
2.211027778685092926e-03
-2.646115375682711601e-03
-5.791075527667999268e-03
-1.583961653523147106e-03
-5.281573161482810974e-03
-4.537263885140419006e-03
8.697683224454522133e-04
-1.857294817455112934e-03
-1.738620456308126450e-03
7.532310672104358673e-03
2.339089056476950645e-03
-1.134326588362455368e-02
-3.950263999286107719e-05
-4.313941579312086105e-03
2.931662090122699738e-02
3.034104779362678528e-02
2.698799781501293182e-02
1.808425597846508026e-02
2.316099219024181366e-02
2.295054309070110321e-02
2.260749600827693939e-02
3.069103695452213287e-02
2.507795020937919617e-02
-1.999800652265548706e-02
-1.064120326191186905e-02
-2.756186574697494507e-02
-1.590400561690330505e-02
-3.165242727845907211e-03
-2.119696699082851410e-02
-1.855189539492130280e-02
-4.224451258778572083e-03
-1.597990840673446655e-02
9.042469784617424011e-03
3.076133551076054573e-03
3.361259354278445244e-03
1.010107900947332382e-02
7.161244750022888184e-03
7.551659364253282547e-03
7.252035662531852722e-03
8.731584995985031128e-03
1.004617940634489059e-02
-8.529169484972953796e-03
4.507066216319799423e-03
-3.730199998244643211e-03
-5.871748551726341248e-03
9.484779089689254761e-03
4.428424872457981110e-03
-2.772794663906097412e-02
-1.105302106589078903e-02
-1.401319634169340134e-02
1.905887946486473083e-02
1.219271123409271240e-02
8.121762424707412720e-03
1.775206066668033600e-02
7.576405536383390427e-03
3.471798729151487350e-03
1.228434406220912933e-02
2.865368500351905823e-03
-2.698204247280955315e-03
2.331258356571197510e-02
1.061800401657819748e-02
8.737607859075069427e-03
1.225816924124956131e-02
1.558998483233153820e-04
1.524515682831406593e-03
1.704607345163822174e-02
4.817440640181303024e-03
2.756394213065505028e-03
-5.880076438188552856e-03
-1.034515257924795151e-02
-1.129434071481227875e-02
-6.603339686989784241e-03
-7.694132160395383835e-03
-1.040570065379142761e-02
-1.017499435693025589e-02
-8.966784924268722534e-03
-1.392182521522045135e-02
1.779233850538730621e-02
1.962965913116931915e-02
1.793069019913673401e-02
8.291564881801605225e-03
1.016176398843526840e-02
7.885022088885307312e-03
1.940981950610876083e-03
3.282062709331512451e-03
2.152425702661275864e-03
-1.862706616520881653e-02
-1.029041036963462830e-02
-1.194983348250389099e-02
-1.298620644956827164e-02
-8.816638961434364319e-03
-1.207192242145538330e-02
-1.226068474352359772e-02
-1.072434242814779282e-02
-7.783073931932449341e-03
-9.531091898679733276e-03
7.058682967908680439e-04
1.075923559255897999e-03
-5.031221080571413040e-03
2.502715680748224258e-03
9.380078408867120743e-04
-6.296148989349603653e-03
-3.801000071689486504e-03
-6.614007521420717239e-03
1.082777325063943863e-02
8.675659075379371643e-03
1.897680386900901794e-02
1.224818918853998184e-02
6.223869044333696365e-03
1.967571489512920380e-02
1.636631228029727936e-02
9.084476158022880554e-03
1.709616929292678833e-02
-1.531069818884134293e-02
-8.533562533557415009e-03
-2.084761485457420349e-02
-1.838268339633941650e-02
-8.291617967188358307e-03
-2.005491591989994049e-02
-2.934817411005496979e-02
-1.904998905956745148e-02
-3.446779400110244751e-02
3.961314912885427475e-03
-2.679541648831218481e-04
1.196127268485724926e-03
5.394670646637678146e-03
3.144749207422137260e-03
5.887344479560852051e-03
1.115433219820261002e-02
9.658308699727058411e-03
1.031651068478822708e-02
-1.678888872265815735e-02
-1.302258297801017761e-02
-2.230202779173851013e-02
-1.038720365613698959e-02
-5.346148274838924408e-03
-9.739271365106105804e-03
-1.478237006813287735e-02
-1.131354831159114838e-02
-2.130083367228507996e-02
-2.075489144772291183e-03
-2.072363131446763873e-04
-3.225456923246383667e-03
-4.268452525138854980e-03
4.940904211252927780e-03
2.349452348425984383e-03
-6.968627218157052994e-03
8.620523731224238873e-04
-3.324382239952683449e-03
-1.568761840462684631e-02
-6.703025195747613907e-03
-1.099106948822736740e-02
-1.342098321765661240e-02
-1.594834960997104645e-03
-5.210177041590213776e-03
-1.961409859359264374e-02
-7.366940844804048538e-03
-1.222541742026805878e-02
-1.229822076857089996e-02
-5.487278569489717484e-03
-1.359149627387523651e-02
-7.442434318363666534e-03
-3.715653903782367706e-03
-1.542679406702518463e-02
-1.190249342471361160e-02
-9.369678795337677002e-03
-2.035656571388244629e-02
5.391166079789400101e-03
6.217916496098041534e-03
-2.906545123551040888e-04
-2.129624132066965103e-03
-8.265448268502950668e-04
-6.357019767165184021e-03
-6.392925977706909180e-03
-6.525109056383371353e-03
-1.294376049190759659e-02
-2.215132489800453186e-02
-1.540559064596891403e-02
-2.596741914749145508e-02
-9.503988549113273621e-03
-3.141144756227731705e-03
-1.310422178357839584e-02
-1.388417091220617294e-02
-1.509040221571922302e-02
-1.863066479563713074e-02
-2.260242588818073273e-02
-1.517009176313877106e-02
-1.711799390614032745e-02
-1.705563627183437347e-02
-7.724242750555276871e-03
-1.308479160070419312e-02
-2.383867278695106506e-02
-8.775437250733375549e-03
-1.696069911122322083e-02
-9.263735264539718628e-03
1.269627921283245087e-02
2.165852114558219910e-02
-1.073654368519783020e-02
6.000106688588857651e-03
1.232347823679447174e-02
-1.416649017482995987e-02
1.156723219901323318e-02
3.348192200064659119e-02
-2.573008090257644653e-02
-2.164051495492458344e-02
-2.453753724694252014e-02
-2.102483436465263367e-02
-1.669129170477390289e-02
-1.638417132198810577e-02
-1.246648374944925308e-02
-9.705256670713424683e-03
-1.178661826997995377e-02
1.671916805207729340e-02
1.523976493626832962e-02
5.323115736246109009e-02
3.720511915162205696e-03
-2.468911407049745321e-04
4.398760572075843811e-02
2.678710781037807465e-02
1.860429160296916962e-02
6.869107484817504883e-02
-1.942646689713001251e-02
-1.321749109774827957e-02
-3.314884006977081299e-02
-1.257588807493448257e-02
-8.311697281897068024e-03
-2.704419009387493134e-02
-2.655579708516597748e-02
-1.968607865273952484e-02
-3.772779181599617004e-02
-3.430363908410072327e-02
-2.310649864375591278e-02
-3.102979250252246857e-02
-1.402575615793466568e-02
-4.598028492182493210e-03
-1.531340926885604858e-02
-1.330214180052280426e-02
-7.161865010857582092e-03
-2.043723687529563904e-02
-5.164581816643476486e-03
4.419517063070088625e-04
-8.956417441368103027e-03
2.300749300047755241e-03
3.165011992678046227e-03
-3.082658164203166962e-03
1.432866882532835007e-02
1.455146912485361099e-02
8.526181802153587341e-03
1.090491656213998795e-02
-8.146985783241689205e-04
3.661295049823820591e-04
5.672786384820938110e-03
-9.959517046809196472e-04
4.007008392363786697e-03
1.258466672152280807e-02
9.002771228551864624e-03
1.426683552563190460e-02
-1.329499110579490662e-02
-7.325802464038133621e-03
-7.776157464832067490e-03
-1.368636637926101685e-02
-5.178548395633697510e-03
-1.133377384394407272e-02
-1.281077414751052856e-02
-3.344572847709059715e-03
-5.272367503494024277e-03
2.952189417555928230e-03
7.899689488112926483e-03
1.118726283311843872e-02
5.114080850034952164e-03
1.207729335874319077e-02
1.019270438700914383e-02
2.504954347386956215e-03
8.958034217357635498e-03
6.426070816814899445e-03
-5.374540109187364578e-03
-3.666319651529192924e-03
-1.216981653124094009e-02
-3.581750206649303436e-03
-1.432562596164643764e-03
-5.442553665488958359e-03
-1.196561008691787720e-02
-8.438725955784320831e-03
-5.256582982838153839e-03
-3.423203527927398682e-02
-2.209613472223281860e-02
-2.847678400576114655e-02
-1.439202949404716492e-02
-1.104679424315690994e-02
-2.554399706423282623e-02
-1.554441545158624649e-02
-1.567094214260578156e-02
-3.106517530977725983e-02
3.790802881121635437e-02
2.401268295943737030e-02
1.522685587406158447e-02
2.440434321761131287e-02
6.593379657715559006e-03
7.546021137386560440e-03
3.065179660916328430e-02
1.281014829874038696e-02
5.684602074325084686e-03
5.731516331434249878e-02
4.726308211684226990e-02
7.343339920043945312e-02
3.399065881967544556e-02
1.909460499882698059e-02
4.509466886520385742e-02
1.709955558180809021e-02
7.695221342146396637e-03
3.197922557592391968e-02
-1.084403321146965027e-02
-4.903518594801425934e-03
-6.901155225932598114e-03
-1.032280363142490387e-02
-6.249473430216312408e-03
-1.873028930276632309e-03
-4.351606126874685287e-03
-1.933736726641654968e-03
9.548197704134508967e-05
-1.221029739826917648e-02
-2.174237277358770370e-03
-1.470666751265525818e-02
-7.072556763887405396e-03
2.133819274604320526e-03
-6.038214080035686493e-03
-1.302760280668735504e-02
-1.178673468530178070e-03
-7.971954531967639923e-03
-3.362478688359260559e-02
-1.028439961373806000e-02
-1.799706369638442993e-02
-2.663787640631198883e-02
-1.508681452833116055e-03
-5.190387833863496780e-03
-3.054867312312126160e-02
-7.980419322848320007e-03
-7.130736950784921646e-03
-2.244666218757629395e-02
-1.267524529248476028e-02
-3.686977177858352661e-02
-2.368987724184989929e-02
-8.494585752487182617e-03
-2.970627695322036743e-02
-3.401045128703117371e-02
-1.787761412560939789e-02
-3.657522425055503845e-02
-3.036404959857463837e-02
-1.308352220803499222e-02
-3.393762186169624329e-02
-1.532581634819507599e-02
2.430599415674805641e-03
-1.431251130998134613e-02
-2.485462650656700134e-02
-2.292535733431577682e-03
-1.507844403386116028e-02
6.594115402549505234e-03
7.706389762461185455e-03
7.136160507798194885e-03
7.248078472912311554e-03
8.686648681759834290e-03
5.710014142096042633e-03
8.913595229387283325e-03
1.114281453192234039e-02
1.145013794302940369e-02
2.089960034936666489e-03
2.694448688998818398e-03
-5.100398324429988861e-03
1.257916539907455444e-02
1.178664155304431915e-02
-7.774688419885933399e-04
6.575312581844627857e-04
2.490950515493750572e-03
-1.155016198754310608e-02
-1.379784848541021347e-02
-1.061238348484039307e-03
-5.719412118196487427e-03
-1.499189808964729309e-02
-4.565803334116935730e-03
-6.391124334186315536e-03
-9.288703091442584991e-03
-8.815390756353735924e-04
-1.219799625687301159e-03
9.162551723420619965e-03
1.069166697561740875e-02
4.084966145455837250e-03
1.169875171035528183e-02
1.015106588602066040e-02
1.620374503545463085e-03
1.918451860547065735e-02
1.674065925180912018e-02
6.620386149734258652e-03
-1.189156435430049896e-02
-6.535948254168033600e-03
-2.166535519063472748e-02
-1.688019745051860809e-02
-1.137398742139339447e-02
-2.146678604185581207e-02
-2.827310375869274139e-02
-1.974779367446899414e-02
-3.206897526979446411e-02
1.626521907746791840e-02
3.029229119420051575e-02
2.378105185925960541e-02
2.849509380757808685e-02
4.067308455705642700e-02
3.480823710560798645e-02
2.432487532496452332e-02
4.306374862790107727e-02
3.186784684658050537e-02
-2.359360456466674805e-02
-1.570769399404525757e-02
-2.973514981567859650e-02
-6.552478298544883728e-03
-6.861527217552065849e-04
-1.535318139940500259e-02
-2.466466836631298065e-02
-1.523832604289054871e-02
-3.021751716732978821e-02
-1.310826744884252548e-02
1.488403417170047760e-03
-5.276741459965705872e-03
-1.243313017766922712e-04
1.009821612387895584e-02
3.860276483464986086e-04
-3.018779447302222252e-03
3.338829614222049713e-03
-9.211002849042415619e-03
3.456097329035401344e-03
1.582993776537477970e-03
1.697424799203872681e-02
-6.104668602347373962e-03
-7.067942991852760315e-03
1.001864485442638397e-02
-2.313647884875535965e-03
-5.412031430751085281e-03
6.067822221666574478e-03
-2.352162636816501617e-02
-6.010908633470535278e-03
-5.945811048150062561e-03
-2.018435858190059662e-02
-4.009685944765806198e-03
-7.672184612601995468e-03
-3.182846680283546448e-02
-1.422889437526464462e-02
-1.648118905723094940e-02
1.185712963342666626e-02
2.499486133456230164e-02
2.715025842189788818e-02
5.244031082838773727e-03
1.475255191326141357e-02
2.076485008001327515e-02
7.818057201802730560e-03
1.916322484612464905e-02
2.060027606785297394e-02
6.064398959279060364e-02
2.884657680988311768e-02
5.655210092663764954e-02
3.025227226316928864e-02
5.382487084716558456e-03
2.749007940292358398e-02
5.012270435690879822e-02
2.830736339092254639e-02
4.574833810329437256e-02
4.839979484677314758e-02
3.295285627245903015e-02
6.507536023855209351e-02
3.079874999821186066e-02
1.579815521836280823e-02
4.649468511343002319e-02
3.593988716602325439e-02
2.023450471460819244e-02
4.531947150826454163e-02
1.370909251272678375e-02
9.871400892734527588e-03
6.394015159457921982e-03
2.224524738267064095e-03
-1.192617419292218983e-04
-3.061104798689484596e-04
8.602419868111610413e-03
5.458950996398925781e-03
7.113083731383085251e-03
2.575139515101909637e-02
1.827103272080421448e-02
2.573906630277633667e-02
1.831385679543018341e-02
8.989465422928333282e-03
1.402718946337699890e-02
2.478307113051414490e-02
1.330913044512271881e-02
1.777416095137596130e-02
-6.473745685070753098e-03
-7.709924597293138504e-03
-1.245331484824419022e-02
-6.832058541476726532e-03
-3.313630819320678711e-03
-8.463063277304172516e-03
-7.342651020735502243e-03
-3.519104560837149620e-03
-1.516198832541704178e-02
-2.535591460764408112e-02
-1.212998665869235992e-02
-2.251797728240489960e-02
-2.241175808012485504e-02
-1.206880249083042145e-02
-1.858448982238769531e-02
-1.851276308298110962e-02
-1.214151922613382339e-02
-1.525149308145046234e-02
-1.122937072068452835e-02
-1.541567128151655197e-02
-1.773397251963615417e-02
-8.655626326799392700e-03
-1.429350487887859344e-02
-1.361435465514659882e-02
-2.867550030350685120e-02
-3.392993286252021790e-02
-3.302737325429916382e-02
4.463768098503351212e-03
4.826128482818603516e-03
-9.111333056353032589e-04
2.781099407002329826e-03
3.722045337781310081e-03
-1.277665258385241032e-03
-3.979992587119340897e-03
-2.240132307633757591e-03
-6.784966215491294861e-03
-2.947830595076084137e-02
-1.425978261977434158e-02
-2.102778106927871704e-02
-1.651959680020809174e-02
-2.231270773336291313e-03
-1.148269232362508774e-02
-2.921634726226329803e-02
-1.685426197946071625e-02
-2.845647931098937988e-02
-3.699847729876637459e-03
-5.244760774075984955e-03
-2.463623182848095894e-03
-6.631567375734448433e-04
-4.823730327188968658e-03
-4.130307119339704514e-03
6.060535553842782974e-03
1.797751523554325104e-03
1.701849745586514473e-03
-2.217969298362731934e-02
-1.311519555747509003e-02
-2.765386365354061127e-02
-5.095605738461017609e-03
2.060499042272567749e-03
-1.541551947593688965e-02
-1.594723318703472614e-03
6.634213495999574661e-03
-1.010089833289384842e-02
2.569396980106830597e-02
2.306685596704483032e-02
1.044332701712846756e-02
1.821342483162879944e-02
1.674840040504932404e-02
7.427267730236053467e-03
3.538992628455162048e-02
2.363768778741359711e-02
7.425529882311820984e-03
-1.830196194350719452e-02
-5.678553599864244461e-03
-3.240628866478800774e-03
-4.614551551640033722e-03
1.222343649715185165e-03
-2.876145299524068832e-04
3.149475436657667160e-03
6.741731893271207809e-03
6.573596503585577011e-03
-5.846019834280014038e-03
-3.306454047560691833e-03
-7.685774937272071838e-03
-1.745710149407386780e-02
-1.121252309530973434e-02
-1.754064299166202545e-02
-1.861733198165893555e-02
-1.282193139195442200e-02
-2.051418274641036987e-02
-3.387556876987218857e-03
-2.292797900736331940e-03
-7.596110459417104721e-03
-1.117554958909749985e-03
3.949509002268314362e-03
-5.000214441679418087e-04
-8.620373904705047607e-03
1.516749267466366291e-03
-2.106284489855170250e-03
6.934471894055604935e-03
8.442413993179798126e-03
1.163316145539283752e-02
5.504929460585117340e-03
1.857936382293701172e-03
8.891673758625984192e-03
1.246977318078279495e-02
1.142742391675710678e-02
1.905198022723197937e-02
-9.881907142698764801e-03
-8.302595466375350952e-03
1.374875428155064583e-04
-9.905872866511344910e-03
-4.568825475871562958e-03
1.143414876423776150e-03
-1.152302045375108719e-02
-7.671919185668230057e-03
-4.152914974838495255e-03
1.892119646072387695e-02
1.188338082283735275e-02
3.057893738150596619e-02
1.584534533321857452e-02
9.341028518974781036e-03
2.508500032126903534e-02
2.538185566663742065e-02
1.746246032416820526e-02
3.298268094658851624e-02
-1.820617914199829102e-02
-9.360487572848796844e-03
-6.153651513159275055e-03
-1.586479321122169495e-02
-6.142153404653072357e-03
-5.169790238142013550e-03
-2.084440737962722778e-02
-9.202523157000541687e-03
-8.792710490524768829e-03
-2.134037576615810394e-02
-8.817048743367195129e-03
-2.120696753263473511e-02
-6.052560172975063324e-03
3.714254125952720642e-03
-1.074036583304405212e-02
-1.781110838055610657e-02
-4.910392221063375473e-03
-1.903090626001358032e-02
4.022932425141334534e-02
2.691366523504257202e-02
5.955981835722923279e-02
1.959395222365856171e-02
4.743614699691534042e-03
3.288265690207481384e-02
2.613695524632930756e-02
1.781390048563480377e-02
3.819369524717330933e-02
-4.041964653879404068e-03
-4.985768347978591919e-03
-1.187639776617288589e-03
5.503314081579446793e-03
1.231370843015611172e-03
1.982222078368067741e-03
1.129835937172174454e-02
8.657791651785373688e-03
1.319518778473138809e-02
5.151949357241392136e-03
9.975864086300134659e-04
1.751250959932804108e-02
1.405873522162437439e-02
1.045842375606298447e-02
2.123421058058738708e-02
1.771767996251583099e-02
8.815347217023372650e-03
2.235259860754013062e-02
7.586347870528697968e-03
2.396670868620276451e-03
8.649498224258422852e-03
-9.334499016404151917e-03
-1.309863477945327759e-02
5.673605846823193133e-05
1.005958183668553829e-03
-8.704690262675285339e-03
2.630782779306173325e-03
6.077827513217926025e-02
1.488160248845815659e-02
4.599051177501678467e-02
6.732632964849472046e-02
6.364518310874700546e-03
4.340556263923645020e-02
1.105705276131629944e-01
5.476034060120582581e-02
9.816549718379974365e-02
8.324903436005115509e-03
2.478313108440488577e-04
-2.553167287260293961e-03
2.694209571927785873e-03
-3.658832516521215439e-03
-4.271359648555517197e-03
1.885777339339256287e-02
1.253712736070156097e-02
1.584791205823421478e-02
-5.785281304270029068e-03
5.560332909226417542e-03
-6.039527244865894318e-03
-2.547479467466473579e-03
6.007745862007141113e-03
-6.267754361033439636e-03
-1.408286951482295990e-02
-8.801052346825599670e-03
-2.341127768158912659e-02
6.625059247016906738e-02
2.522064372897148132e-02
2.484864927828311920e-02
3.776073828339576721e-02
7.886592298746109009e-03
8.761133998632431030e-03
4.491874948143959045e-02
7.570385932922363281e-03
-2.737787435762584209e-04
-1.603387296199798584e-02
-7.270024158060550690e-03
-1.189950108528137207e-02
-4.404757171869277954e-03
4.939081147313117981e-03
-2.959975972771644592e-03
-1.006333716213703156e-02
-3.341439180076122284e-03
-9.308241307735443115e-03
2.976598404347896576e-02
1.451071631163358688e-02
3.155188262462615967e-02
2.328279614448547363e-02
4.479494411498308182e-03
1.720331422984600067e-02
2.659471705555915833e-02
1.077470928430557251e-02
2.629766240715980530e-02
-2.275241166353225708e-02
-1.265797950327396393e-02
-2.266717702150344849e-02
-1.837797462940216064e-02
-1.101407315582036972e-02
-1.873426511883735657e-02
-2.407393790781497955e-02
-1.539667695760726929e-02
-2.020078152418136597e-02
-1.485304720699787140e-02
-1.711455918848514557e-02
-1.866390369832515717e-02
-8.865607902407646179e-03
-1.277679670602083206e-02
-1.427529565989971161e-02
-3.109746379777789116e-03
-9.257297962903976440e-03
-1.236978825181722641e-02
2.541598398238420486e-03
4.229688551276922226e-03
4.030211828649044037e-03
2.662502229213714600e-03
4.722377285361289978e-03
7.438214030116796494e-03
-6.863696034997701645e-03
-1.732091419398784637e-03
3.433999372646212578e-03
2.161149401217699051e-03
4.656923556467518210e-05
2.337980316951870918e-03
7.728045457042753696e-04
-1.704232068732380867e-03
2.353555290028452873e-03
-3.467150963842868805e-03
-4.764241632074117661e-03
3.102039045188575983e-04
2.860464714467525482e-02
1.536495331674814224e-02
3.002493083477020264e-02
1.629741303622722626e-02
8.006559801287949085e-04
1.378416642546653748e-02
2.070110850036144257e-02
8.109166286885738373e-03
2.053827419877052307e-02
1.280526630580425262e-02
1.482504699379205704e-02
1.837508566677570343e-02
1.009021978825330734e-02
1.272487826645374298e-02
1.553559303283691406e-02
8.656904101371765137e-03
1.187603082507848740e-02
1.809964515268802643e-02
1.368804834783077240e-02
3.626847639679908752e-03
1.171560585498809814e-02
5.433929152786731720e-03
-2.421721583232283592e-03
6.189084611833095551e-03
1.274322625249624252e-02
8.019739761948585510e-03
1.406640931963920593e-02
-1.391647383570671082e-02
-8.728972636163234711e-03
-8.997228927910327911e-03
-1.156466454267501831e-02
-5.265485029667615891e-03
-5.689622834324836731e-03
-1.064395438879728317e-02
-5.720522254705429077e-03
-3.002087119966745377e-03
-1.081295870244503021e-02
-7.080404087901115417e-03
-1.729627139866352081e-02
-9.076207876205444336e-03
-4.170609638094902039e-03
-1.304219942539930344e-02
-1.116948854178190231e-02
-5.529862362891435623e-03
-1.586426608264446259e-02
8.757078088819980621e-03
6.809825077652931213e-03
1.293699536472558975e-02
6.701245438307523727e-03
2.097154036164283752e-03
1.035848539322614670e-02
9.481431916356086731e-03
3.036677837371826172e-03
9.809290058910846710e-03
6.862932350486516953e-03
4.093957133591175079e-03
3.078628098592162132e-03
1.929831923916935921e-04
-2.911271294578909874e-03
-2.411677734926342964e-03
1.189585425890982151e-03
-7.831655093468725681e-04
2.052253403235226870e-04
1.034869463182985783e-03
2.869566960725933313e-04
-4.644075874239206314e-03
-4.465706180781126022e-03
-2.021612599492073059e-03
-5.408129654824733734e-03
-5.156805273145437241e-03
-3.973121056333184242e-04
-1.860899152234196663e-03
3.389731049537658691e-03
2.563571091741323471e-03
2.572349621914327145e-04
3.897433634847402573e-04
3.204775042831897736e-03
-5.956545282970182598e-05
2.543728798627853394e-03
4.635781515389680862e-03
-1.174846664071083069e-03
-1.349722687155008316e-02
-1.047768257558345795e-02
-1.279167458415031433e-02
-6.651833187788724899e-03
-5.139129702001810074e-03
-7.084578741341829300e-03
-8.757325820624828339e-03
-6.296520587056875229e-03
-9.866440668702125549e-03
2.907511778175830841e-03
2.239034743979573250e-03
4.679812118411064148e-03
1.192446914501488209e-03
-8.929322939366102219e-04
-2.240556641481816769e-04
-1.569339656271040440e-04
-1.368946977891027927e-03
1.573539921082556248e-03
1.146846916526556015e-02
8.458282798528671265e-03
8.869597688317298889e-03
6.657585967332124710e-03
2.884699963033199310e-03
6.683286279439926147e-03
1.025155559182167053e-02
4.559029825031757355e-03
1.307152677327394485e-02
1.140220463275909424e-02
1.545016001909971237e-02
3.423906164243817329e-03
1.249485276639461517e-02
1.245298050343990326e-02
4.205581266433000565e-03
3.222215687856078148e-03
2.504328731447458267e-03
-5.525193177163600922e-03
-8.038356900215148926e-03
-7.600659970194101334e-03
-6.068674847483634949e-03
-8.004331961274147034e-03
-8.781185373663902283e-03
-6.822549272328615189e-03
-1.071624457836151123e-02
-7.405064534395933151e-03
-4.877525381743907928e-03
1.024795975536108017e-02
5.507892929017543793e-03
4.416471347212791443e-03
5.836327560245990753e-03
1.933994470164179802e-03
4.264765884727239609e-03
5.101198330521583557e-03
2.929654903709888458e-03
5.799045786261558533e-03
-2.861963957548141479e-02
-1.345671713352203369e-02
-2.767492085695266724e-02
-1.741816848516464233e-02
-5.964002572000026703e-03
-2.058904618024826050e-02
-1.901560090482234955e-02
-7.022912614047527313e-03
-2.079058066010475159e-02
4.610055591911077499e-03
3.742619417607784271e-03
9.025466628372669220e-03
-2.640775055624544621e-04
-4.875386133790016174e-03
3.432003140915185213e-04
3.543387632817029953e-03
-2.540003333706408739e-04
6.689689587801694870e-03
-7.426002994179725647e-03
-3.986593801528215408e-03
-1.930117048323154449e-02
-5.255871452391147614e-03
2.260802779346704483e-03
-1.295967027544975281e-02
-1.089932303875684738e-02
-1.333193387836217880e-03
-1.574014127254486084e-02
-1.688464917242527008e-02
-6.291219498962163925e-03
-1.484165154397487640e-02
-1.109876576811075211e-02
-2.733128145337104797e-03
-1.043990440666675568e-02
-9.829946793615818024e-03
-6.953253177925944328e-04
-9.223109111189842224e-03
-9.768369607627391815e-03
-1.150221377611160278e-02
-1.084850169718265533e-02
-4.576689563691616058e-03
-2.498157555237412453e-03
-3.324175719171762466e-03
-6.902839057147502899e-03
-4.639769904315471649e-03
-4.511090461164712906e-03
1.113262306898832321e-02
1.405109651386737823e-02
3.326622024178504944e-02
2.232247963547706604e-03
3.943136427551507950e-03
2.437395788729190826e-02
1.559594832360744476e-02
2.160917036235332489e-02
4.441893473267555237e-02
-7.638977840542793274e-03
-2.187242644140496850e-04
-3.948831465095281601e-03
-1.809260807931423187e-03
5.536798853427171707e-03
-4.602584522217512131e-05
8.086065063253045082e-04
7.878052070736885071e-03
2.029588678851723671e-03
-1.792708039283752441e-02
-3.943443298339843750e-03
-2.157303690910339355e-02
-1.212813332676887512e-02
-1.212325296364724636e-03
-1.900077424943447113e-02
-2.218146063387393951e-02
-1.478358358144760132e-02
-2.964562736451625824e-02
-6.861076108179986477e-04
-4.242390859872102737e-04
2.465928846504539251e-04
2.503684023395180702e-03
1.579786650836467743e-03
6.410862319171428680e-03
7.090657949447631836e-03
9.825540706515312195e-03
1.426368486136198044e-02
2.602325193583965302e-02
3.335405141115188599e-02
2.982798777520656586e-02
2.885781228542327881e-02
3.206145763397216797e-02
3.001304902136325836e-02
2.294255979359149933e-02
2.779616415500640869e-02
2.587123028934001923e-02
-5.048815160989761353e-03
-3.402055241167545319e-03
-7.877858355641365051e-03
-6.708763539791107178e-03
-2.827303949743509293e-03
-7.528039161115884781e-03
-1.045308914035558701e-02
-5.232872907072305679e-03
-1.032528188079595566e-02
-4.326916765421628952e-03
-4.220631439238786697e-03
-8.054259233176708221e-03
-1.071893959306180477e-03
-4.633193893823772669e-04
-3.137052757665514946e-03
-3.353124251589179039e-03
5.266671068966388702e-04
-5.006546620279550552e-03
-1.311504747718572617e-02
-4.132731817662715912e-03
-1.007411442697048187e-02
-9.098589420318603516e-03
-1.710451469989493489e-04
-5.863802041858434677e-03
-1.253054011613130569e-02
-6.774362642318010330e-03
-1.396288815885782242e-02
1.991672441363334656e-02
8.021642453968524933e-03
6.612325087189674377e-03
2.101247571408748627e-02
8.268468081951141357e-03
9.673783555626869202e-03
3.588235750794410706e-02
2.342906035482883453e-02
2.286609075963497162e-02
7.229384966194629669e-03
4.739765543490648270e-03
1.042198110371828079e-02
5.945514421910047531e-03
8.415498770773410797e-03
1.843095757067203522e-02
1.364978961646556854e-02
1.828617975115776062e-02
2.489013038575649261e-02
2.012546360492706299e-02
7.992887869477272034e-03
2.037385292351245880e-02
9.487817995250225067e-03
-2.198196714743971825e-03
1.003428269177675247e-02
1.448005530983209610e-02
3.038320224732160568e-03
1.695836894214153290e-02
1.141718681901693344e-02
8.377739228308200836e-03
1.662065461277961731e-02
6.407961715012788773e-03
2.900530351325869560e-03
1.124936249107122421e-02
3.710435703396797180e-03
8.210652740672230721e-04
6.678535602986812592e-03
5.978366825729608536e-03
4.253475461155176163e-03
-3.589914180338382721e-03
2.605089684948325157e-03
3.973792307078838348e-03
-1.746403169818222523e-03
3.259675577282905579e-03
2.973968628793954849e-03
-1.459538936614990234e-03
-3.700177185237407684e-03
-3.143907524645328522e-03
-8.253532461822032928e-03
-1.935299835167825222e-03
-3.874548478052020073e-03
-7.904833182692527771e-03
-2.248024102300405502e-03
-3.516006050631403923e-03
-1.019953005015850067e-02
5.826289299875497818e-03
5.519869271665811539e-03
9.491985663771629333e-03
3.915128298103809357e-03
2.454982604831457138e-03
4.973215050995349884e-03
5.917808040976524353e-03
6.127519533038139343e-03
7.907003164291381836e-03
-1.930711418390274048e-02
-1.688222214579582214e-02
-2.209576033055782318e-02
-1.102358475327491760e-02
-7.791890762746334076e-03
-1.533322408795356750e-02
-1.923579163849353790e-02
-1.093309279531240463e-02
-1.995472609996795654e-02
-4.338019061833620071e-03
-1.410407014191150665e-02
-1.085138041526079178e-02
-1.011054124683141708e-02
-1.809917017817497253e-02
-1.389445271342992783e-02
-8.831553161144256592e-03
-1.932913064956665039e-02
-1.313036307692527771e-02
5.546702886931598186e-04
-5.322652286849915981e-04
-2.436904178466647863e-04
-1.282063894905149937e-03
-1.282406155951321125e-03
-5.665540811605751514e-04
-2.093434566631913185e-03
-2.854977967217564583e-03
-1.378550077788531780e-03
2.484312094748020172e-02
1.160745974630117416e-02
1.563777215778827667e-02
1.617926545441150665e-02
6.788309197872877121e-03
1.121309306472539902e-02
2.272401936352252960e-02
1.560606434941291809e-02
2.267144061625003815e-02
-1.045993715524673462e-02
-9.496858343482017517e-03
4.609210009220987558e-04
-1.324483007192611694e-02
-1.345250010490417480e-02
-8.216198533773422241e-03
-1.073227729648351669e-02
-1.277971081435680389e-02
-8.829347789287567139e-03
-2.562561631202697754e-02
-1.530933659523725510e-02
-2.411152794957160950e-02
-1.702202484011650085e-02
-7.647942285984754562e-03
-1.771609112620353699e-02
-1.653971150517463684e-02
-8.822441101074218750e-03
-1.713400334119796753e-02
1.841033995151519775e-02
9.354026056826114655e-03
4.104812629520893097e-03
1.477855537086725235e-02
6.697970442473888397e-03
2.950505120679736137e-03
2.196031995117664337e-02
1.518577057868242264e-02
8.444333449006080627e-03
9.538683108985424042e-03
8.509015664458274841e-03
1.144719310104846954e-02
8.094065822660923004e-03
4.057622514665126801e-03
7.849724963307380676e-03
1.099124457687139511e-02
4.264657385647296906e-03
5.797284189611673355e-03
-5.751448683440685272e-03
-2.184854354709386826e-03
-1.905291457660496235e-03
-6.256262306123971939e-03
-4.470162093639373779e-03
-6.059000268578529358e-03
-9.038398042321205139e-03
-6.675398442894220352e-03
-1.134078484028577805e-02
-6.275236140936613083e-03
1.096157939173281193e-03
-5.362368188798427582e-03
-3.447236493229866028e-03
3.376129316166043282e-03
-2.852958394214510918e-03
-8.659279905259609222e-03
2.218770794570446014e-03
-3.956330008804798126e-03
-2.130293659865856171e-02
-3.068006411194801331e-02
-2.396334894001483917e-02
-5.942106246948242188e-03
-1.295124087482690811e-02
-1.014496292918920517e-02
1.098960265517234802e-02
3.287857398390769958e-03
4.816297441720962524e-03
-1.225474942475557327e-02
-6.286008749157190323e-03
-8.936483412981033325e-03
-9.613649919629096985e-03
-3.872660920023918152e-03
-5.121012218296527863e-03
-4.539570305496454239e-03
-1.374520827084779739e-03
-2.568602794781327248e-03
1.867162622511386871e-02
1.062939036637544632e-02
1.970096863806247711e-02
1.645310968160629272e-02
9.750227443873882294e-03
1.594516448676586151e-02
1.900140941143035889e-02
1.525621861219406128e-02
2.155925147235393524e-02
-1.097965799272060394e-02
2.539298031479120255e-03
-3.687463700771331787e-03
-1.120622921735048294e-02
3.604409983381628990e-03
6.080709863454103470e-05
-2.773041650652885437e-02
-1.092993002384901047e-02
-1.352544408291578293e-02
1.835500122979283333e-03
-1.498213852755725384e-03
-6.766622420400381088e-03
7.920961827039718628e-03
3.177688922733068466e-03
-4.055844154208898544e-03
2.466620644554495811e-03
-1.938654691912233829e-03
-8.838854730129241943e-03
2.828746661543846130e-02
1.968603581190109253e-02
2.459882013499736786e-02
1.489160116761922836e-02
4.216435365378856659e-03
1.489875372499227524e-02
1.624851301312446594e-02
4.958073142915964127e-03
1.455124653875827789e-02
-1.984142232686281204e-03
-4.525879397988319397e-03
-4.758542403578758240e-03
2.779803471639752388e-03
1.191731134895235300e-04
-2.193981548771262169e-03
7.127019925974309444e-04
-9.866616892395541072e-05
-1.697303028777241707e-03
2.039522118866443634e-02
1.377448160201311111e-02
2.176966145634651184e-02
1.444830093532800674e-02
7.882543839514255524e-03
9.053545072674751282e-03
1.490693073719739914e-02
6.579931359738111496e-03
9.423315525054931641e-03
-1.209672819823026657e-02
-1.077796611934900284e-02
-5.469855852425098419e-03
-1.641174778342247009e-02
-1.157856825739145279e-02
-1.000280771404504776e-02
-1.638003624975681305e-02
-1.403819210827350616e-02
-1.188278570771217346e-02
1.503842789679765701e-02
6.630541291087865829e-03
1.623899862170219421e-02
1.749251596629619598e-02
3.406400792300701141e-03
1.448338478803634644e-02
3.053252585232257843e-02
1.521357614547014236e-02
2.996134571731090546e-02
7.351819425821304321e-03
4.990058019757270813e-03
8.995217271149158478e-03
8.513307198882102966e-03
5.771250929683446884e-03
1.163673028349876404e-02
1.204483304172754288e-02
9.182525798678398132e-03
1.485006883740425110e-02
-1.615225896239280701e-02
-5.384078249335289001e-03
-1.572179608047008514e-02
-1.214750669896602631e-02
-4.764263052493333817e-03
-1.530623342841863632e-02
-1.895570755004882812e-02
-1.418646611273288727e-02
-2.689836174249649048e-02
2.189771831035614014e-02
9.152485989034175873e-03
1.157623622566461563e-02
1.433175429701805115e-02
2.783064031973481178e-03
2.458250615745782852e-03
2.303450368344783783e-02
9.768093004822731018e-03
4.562861751765012741e-03
-8.283243514597415924e-03
-6.832230370491743088e-03
-1.350617781281471252e-02
-4.612619057297706604e-03
-1.455486286431550980e-03
-5.018066614866256714e-03
-6.320933811366558075e-03
-5.793135613203048706e-03
-8.390155620872974396e-03
-4.354160279035568237e-03
-6.186729297041893005e-03
-6.748717714799568057e-05
1.119005377404391766e-03
-9.152143029496073723e-04
1.693309284746646881e-03
-2.840071450918912888e-03
-3.195175668224692345e-03
-3.422752022743225098e-03
-1.351904775947332382e-02
-6.634429562836885452e-03
-1.155418809503316879e-02
-9.907399304211139679e-03
-2.705557271838188171e-03
-7.845100946724414825e-03
-1.557121053338050842e-02
-9.265385568141937256e-03
-1.236910093575716019e-02
-1.452268194407224655e-02
-1.543309260159730911e-02
-2.076476998627185822e-02
-1.113297510892152786e-02
-1.066209096461534500e-02
-1.996989175677299500e-02
-1.198646984994411469e-02
-1.395588554441928864e-02
-2.039508521556854248e-02
1.568010193295776844e-03
3.581357654184103012e-03
1.678671455010771751e-03
3.813563089352101088e-04
2.266984432935714722e-03
-9.865654865279793739e-04
-4.317852202802896500e-03
-3.612377680838108063e-03
-7.443308364599943161e-03
-2.381020784378051758e-02
-1.856935955584049225e-02
-2.155099622905254364e-02
-1.801765896379947662e-02
-1.460442598909139633e-02
-1.587569154798984528e-02
-1.766446977853775024e-02
-1.548762619495391846e-02
-1.709786616265773773e-02
-4.411344416439533234e-03
-4.591848235577344894e-03
-1.134122721850872040e-02
-5.067289341241121292e-03
-3.119644476100802422e-03
-9.702159091830253601e-03
-6.139860488474369049e-03
-2.273196820169687271e-03
-7.714955601841211319e-03
-4.390938207507133484e-03
-1.508908905088901520e-02
-2.361220121383666992e-02
-1.007675076834857464e-03
-1.124965958297252655e-02
-1.891090348362922668e-02
-4.561574198305606842e-03
-1.319190301001071930e-02
-1.671748235821723938e-02
-2.062838338315486908e-02
-1.452808734029531479e-02
-2.113454230129718781e-02
-1.990702562034130096e-02
-8.552126586437225342e-03
-1.689494773745536804e-02
-2.442268282175064087e-02
-1.289718691259622574e-02
-1.987287774682044983e-02
-9.223227389156818390e-03
-8.255384862422943115e-03
-1.228783838450908661e-02
-5.085577256977558136e-03
-3.022427204996347427e-03
-2.721904020290821791e-04
-1.029189303517341614e-02
-6.027781404554843903e-03
-3.464280162006616592e-03
-1.032071188092231750e-02
-6.861719768494367599e-03
-1.341325137764215469e-02
-6.376214791089296341e-03
-1.763808191753923893e-03
-6.778814829885959625e-03
-1.364290062338113785e-02
-5.618427880108356476e-03
-9.523962624371051788e-03
1.580207422375679016e-02
1.033910457044839859e-02
1.061053201556205750e-02
1.031546760350465775e-02
4.010529723018407822e-03
5.050411913543939590e-03
8.803627453744411469e-03
5.430751014500856400e-03
6.437679287046194077e-03
1.847263053059577942e-02
7.301140576601028442e-03
1.018271502107381821e-02
1.309526525437831879e-02
1.212859875522553921e-03
6.010007578879594803e-03
7.843119092285633087e-03
-3.490504343062639236e-03
1.757373102009296417e-03
-5.431807599961757660e-03
-2.290549455210566521e-03
-9.652578271925449371e-03
-7.604301441460847855e-03
-6.885879207402467728e-03
-1.329392101615667343e-02
-1.805225969292223454e-03
4.112799651920795441e-04
-3.471247851848602295e-03
2.046156674623489380e-03
5.085668526589870453e-03
1.038938388228416443e-02
1.228383649140596390e-02
7.229001261293888092e-03
1.840235665440559387e-02
1.925772242248058319e-02
1.018611993640661240e-02
2.144366875290870667e-02
-1.579356193542480469e-02
-6.351410411298274994e-03
-1.128362026065587997e-02
-9.733907878398895264e-03
-3.668272867798805237e-03
-9.648480452597141266e-03
-7.510197348892688751e-03
-2.377378288656473160e-03
-5.031130742281675339e-03
-1.116949017159640789e-03
-6.898844731040298939e-04
-3.008075291290879250e-03
2.620107494294643402e-03
9.924428304657340050e-04
5.789371789433062077e-04
4.293314646929502487e-03
8.643962210044264793e-04
8.354263263754546642e-04
-3.486796049401164055e-03
-4.110124893486499786e-03
-9.324535727500915527e-03
-5.478619132190942764e-04
-2.296332269906997681e-03
-9.780823253095149994e-03
-2.483719261363148689e-03
-2.401531906798481941e-03
-9.098237380385398865e-03
1.263811532407999039e-02
9.549323469400405884e-03
1.598099991679191589e-02
3.934648819267749786e-03
3.631799481809139252e-04
5.293866619467735291e-03
9.432699531316757202e-03
8.704230189323425293e-03
1.317618694156408310e-02
-7.964700460433959961e-03
-8.012508973479270935e-03
-8.737478405237197876e-03
-3.827923675999045372e-03
-4.338720813393592834e-03
-4.143394064158201218e-03
-5.513064097613096237e-03
-6.208661012351512909e-03
-4.726815037429332733e-03
1.608910970389842987e-03
1.996759092435240746e-03
-3.440975560806691647e-04
4.886902170255780220e-04
5.527190514840185642e-04
-3.302763681858778000e-03
-4.167277365922927856e-03
-5.053919274359941483e-03
-9.195651859045028687e-03
9.475388564169406891e-03
8.883440867066383362e-03
5.774796009063720703e-03
1.099191512912511826e-02
7.130569312721490860e-03
4.991815891116857529e-03
8.139347657561302185e-03
6.102691870182752609e-03
6.095502059906721115e-03
-1.616026647388935089e-02
-6.680391263216733932e-03
-1.066207047551870346e-02
-1.143214572221040726e-02
-4.492743872106075287e-03
-1.117850746959447861e-02
-1.401304174214601517e-02
-8.948234841227531433e-03
-1.332113333046436310e-02
1.533737499266862869e-02
-4.585369606502354145e-04
5.747148534283041954e-04
1.469812542200088501e-02
-7.188423769548535347e-04
3.666716220322996378e-04
2.247851155698299408e-02
9.546262212097644806e-03
1.157703250646591187e-02
9.394373744726181030e-03
3.247042652219533920e-03
9.307550266385078430e-03
1.461217761971056461e-03
-2.905193017795681953e-03
5.930694285780191422e-03
5.282425787299871445e-03
-7.966185803525149822e-04
8.315787650644779205e-03
3.037346992641687393e-03
3.230592934414744377e-03
1.984879141673445702e-03
3.085113829001784325e-03
3.447581781074404716e-03
3.224984509870409966e-03
3.965993877500295639e-03
4.909968934953212738e-03
4.595511592924594879e-03
9.082621894776821136e-03
9.160480462014675140e-03
9.092820109799504280e-04
1.921264571137726307e-03
4.160507582128047943e-03
-2.524734474718570709e-03
-4.542602226138114929e-03
-1.930861617438495159e-03
-3.976933192461729050e-03
2.324433252215385437e-02
1.206970680505037308e-02
1.860627718269824982e-02
1.541275996714830399e-02
5.952452309429645538e-03
1.052162703126668930e-02
2.002213336527347565e-02
1.110195834189653397e-02
1.868093945086002350e-02
4.474319983273744583e-03
4.913860466331243515e-03
-1.154602225869894028e-02
9.228771086782217026e-04
6.340832449495792389e-03
-4.823579452931880951e-03
-8.917979896068572998e-03
8.734738803468644619e-04
-6.287313532084226608e-03
6.494950503110885620e-03
7.211890071630477905e-03
2.429945161566138268e-04
7.860844489187002182e-04
3.352094674482941628e-03
-1.919083297252655029e-03
-1.184603385627269745e-02
-1.157926395535469055e-02
-1.483085472136735916e-02
-1.498990226536989212e-02
-1.921432092785835266e-02
-1.866271905601024628e-02
-1.634489186108112335e-02
-1.630463264882564545e-02
-1.307171117514371872e-02
-6.076647900044918060e-03
-9.734762832522392273e-03
-6.026891060173511505e-03
-1.055958215147256851e-02
-1.387837901711463928e-02
-1.233196072280406952e-02
-1.222599390894174576e-02
-1.277125440537929535e-02
-8.463172242045402527e-03
-8.884332142770290375e-03
-4.732261877506971359e-03
1.498415018431842327e-03
-1.402423437684774399e-02
-3.435036633163690567e-03
-1.169987674802541733e-02
-1.127555873245000839e-02
-1.023769611492753029e-03
-8.204133249819278717e-03
-1.145773008465766907e-02
-8.776843547821044922e-03
-1.552054937928915024e-02
-1.555477827787399292e-02
-1.459679286926984787e-02
-1.684141531586647034e-02
-1.493919920176267624e-02
-1.136447209864854813e-02
-1.638114824891090393e-02
-9.567992761731147766e-03
-7.967280223965644836e-03
-1.272358186542987823e-02
3.476303769275546074e-03
6.216470617800951004e-03
2.664948115125298500e-03
9.175324812531471252e-04
3.266419749706983566e-03
1.932442071847617626e-03
-4.299853928387165070e-03
-2.034028060734272003e-03
-4.000258166342973709e-03
-3.780972838285379112e-05
-4.115782212466001511e-03
1.300847507081925869e-04
5.553382798098027706e-04
-3.790464950725436211e-03
-5.018324125558137894e-03
2.922023879364132881e-03
-4.904874600470066071e-03
-7.422600872814655304e-03
-7.787439506500959396e-03
-3.636483568698167801e-03
-4.934221971780061722e-03
-1.785904285497963428e-03
6.449382053688168526e-04
-2.300746971741318703e-03
-2.479035174474120140e-03
-4.515713371802121401e-04
-4.476953297853469849e-03
1.733480021357536316e-02
8.026994764804840088e-03
1.079350896179676056e-02
1.431633252650499344e-02
4.474913701415061951e-03
6.628126837313175201e-03
1.521128509193658829e-02
7.419352885335683823e-03
7.706617005169391632e-03
-2.489603310823440552e-02
-1.458974368870258331e-02
-2.654291130602359772e-02
-2.633689902722835541e-02
-1.594029553234577179e-02
-2.489467523992061615e-02
-3.564598783850669861e-02
-2.648718282580375671e-02
-3.367746993899345398e-02
1.845144480466842651e-02
1.259997300803661346e-02
1.948083750903606415e-02
8.073217235505580902e-03
3.099409863352775574e-03
1.198147516697645187e-02
1.144361775368452072e-02
7.267682813107967377e-03
1.719873026013374329e-02
-1.150166429579257965e-02
-7.871561683714389801e-03
-1.170106418430805206e-02
-3.534212475642561913e-03
-2.125466242432594299e-03
-2.461226889863610268e-03
-7.394176442176103592e-03
-5.383527372032403946e-03
-6.550114601850509644e-03
-2.816443331539630890e-03
2.362079831073060632e-04
-3.667330835014581680e-03
-9.647156111896038055e-04
2.744914032518863678e-03
-3.282130695879459381e-03
-2.945432905107736588e-03
-2.680657431483268738e-03
-8.266116492450237274e-03
5.434756531030870974e-06
-1.401452580466866493e-03
6.826596334576606750e-03
-1.083754654973745346e-02
-1.201952807605266571e-02
-3.153564757667481899e-04
-8.839532732963562012e-03
-1.035813242197036743e-02
7.763509638607501984e-04
1.828146725893020630e-02
8.134436793625354767e-03
1.367318816483020782e-02
1.575817167758941650e-02
4.244307521730661392e-03
1.138577796518802643e-02
3.209226578474044800e-02
2.249547280371189117e-02
2.631603740155696869e-02
3.109949873760342598e-03
6.683917250484228134e-03
8.545412681996822357e-03
3.512381517793983221e-04
2.769897459074854851e-03
7.090685423463582993e-03
-2.210749662481248379e-04
-6.242558010853827000e-04
2.259840723127126694e-03
4.143964033573865891e-03
4.756888374686241150e-03
9.306563064455986023e-03
-5.998880602419376373e-03
-7.311746478080749512e-03
-4.917117301374673843e-03
1.585350109962746501e-04
-5.017417017370462418e-03
-2.685696352273225784e-03
1.996972039341926575e-02
1.707910746335983276e-02
1.669108308851718903e-02
1.063959859311580658e-02
6.985183339565992355e-03
7.523970212787389755e-03
7.316272240132093430e-03
6.830316036939620972e-03
5.859001539647579193e-03
-1.331957429647445679e-02
-5.572149064391851425e-03
-8.215020410716533661e-03
-1.050254609435796738e-02
-3.175536170601844788e-03
-4.333422053605318069e-03
-1.424061041325330734e-02
-8.801996707916259766e-03
-8.359570987522602081e-03
1.372511405497789383e-02
1.220093294978141785e-02
1.479394361376762390e-02
4.299547523260116577e-03
3.385294694453477859e-03
7.779347244650125504e-03
9.655643254518508911e-03
9.605447761714458466e-03
1.570258475840091705e-02
2.420822530984878540e-02
2.551457099616527557e-02
2.715846896171569824e-02
1.767983101308345795e-02
1.346399541944265366e-02
2.289936505258083344e-02
1.299923006445169449e-02
1.061472762376070023e-02
2.091495878994464874e-02
5.337432399392127991e-02
2.717629261314868927e-02
4.250510409474372864e-02
2.870461344718933105e-02
-2.484465076122432947e-04
1.286291517317295074e-02
4.826906695961952209e-02
1.921738497912883759e-02
2.564183808863162994e-02
-7.180987857282161713e-03
-1.559592410922050476e-02
-9.965816512703895569e-03
-2.264174836454913020e-04
-6.665940396487712860e-03
-5.332279950380325317e-03
3.296827198937535286e-03
-9.445128962397575378e-04
1.406468334607779980e-03
-1.788061927072703838e-04
-4.389874171465635300e-03
-4.735345020890235901e-03
2.185910707339644432e-03
9.165980736725032330e-05
-2.068810863420367241e-03
5.966206546872854233e-03
4.043852444738149643e-03
1.442989101633429527e-03
-1.104444544762372971e-02
-9.614850394427776337e-03
-7.597830146551132202e-03
-6.298933643847703934e-03
-4.431419074535369873e-03
-3.502775449305772781e-03
-3.476234851405024529e-03
-5.368048790842294693e-03
-2.590128453448414803e-03
1.583016850054264069e-02
6.088870111852884293e-03
1.590512879192829132e-02
1.160053815692663193e-02
5.346407415345311165e-04
1.085594389587640762e-02
2.429607324302196503e-02
1.260204520076513290e-02
2.179045975208282471e-02
3.775502787902951241e-03
4.358260892331600189e-03
2.880107611417770386e-03
9.230014868080615997e-03
5.784320645034313202e-03
3.032923908904194832e-03
1.389018818736076355e-02
6.061800289899110794e-03
8.144158869981765747e-03
-9.158449247479438782e-04
5.357947084121406078e-04
-6.977849639952182770e-03
3.445985566941089928e-05
4.897302947938442230e-03
-3.591126296669244766e-03
3.605417907238006592e-03
9.632835164666175842e-03
1.905018929392099380e-03
3.755788132548332214e-02
2.765554189682006836e-02
5.142226442694664001e-02
2.679375559091567993e-02
1.356803439557552338e-02
3.863389790058135986e-02
4.746829718351364136e-02
3.289550542831420898e-02
5.879294872283935547e-02
-7.819023914635181427e-03
-7.363401353359222412e-03
-1.324292458593845367e-02
-1.873408036772161722e-04
8.491055341437458992e-04
-2.571132266893982887e-03
-2.717258175835013390e-03
2.465605968609452248e-03
8.103852451313287020e-05
1.170923467725515366e-02
8.332303725183010101e-03
1.912863925099372864e-02
2.049522101879119873e-02
1.282412000000476837e-02
2.311163954436779022e-02
1.640489324927330017e-02
1.534246467053890228e-02
1.903834380209445953e-02
-1.052389154210686684e-03
3.070825769100338221e-04
-1.398164196871221066e-03
-6.639676867052912712e-04
1.799870980903506279e-03
4.062950611114501953e-03
-9.139770641922950745e-03
-3.392335725948214531e-03
-3.977749031037092209e-03
6.758914794772863388e-03
-2.178532537072896957e-03
-2.677517943084239960e-03
1.681333221495151520e-02
7.296848576515913010e-03
7.323413155972957611e-03
1.706038042902946472e-02
1.224265154451131821e-02
1.220581401139497757e-02
2.928707981482148170e-03
4.897282458841800690e-03
1.072648912668228149e-03
4.619202576577663422e-03
4.904273897409439087e-03
1.099379966035485268e-03
2.493329579010605812e-03
2.419656841084361076e-03
1.791472896002233028e-03
-2.457162551581859589e-02
-1.270682830363512039e-02
-1.685209758579730988e-02
-1.592789776623249054e-02
-7.259620353579521179e-03
-1.053997129201889038e-02
-2.558960765600204468e-02
-1.888528279960155487e-02
-1.608481258153915405e-02
-7.650730665773153305e-03
-3.680571913719177246e-03
-7.997345179319381714e-03
-2.720710821449756622e-03
4.580332315526902676e-04
-4.616283345967531204e-03
-6.268374156206846237e-03
-3.695372957736253738e-03
-8.287859149277210236e-03
-2.831422165036201477e-02
-1.729941740632057190e-02
-2.650647237896919250e-02
-2.129643224179744720e-02
-9.644075296819210052e-03
-1.602803356945514679e-02
-2.176060527563095093e-02
-1.159360632300376892e-02
-1.382274180650711060e-02
-1.722051575779914856e-02
-1.324587874114513397e-02
-1.422910299152135849e-02
-6.051668897271156311e-03
6.349348695948719978e-04
-2.422084799036383629e-03
4.037925391457974911e-04
5.071927793323993683e-03
1.238082768395543098e-04
1.345605496317148209e-02
1.827063970267772675e-02
3.218203037977218628e-02
2.779344795271754265e-03
5.350377410650253296e-03
1.754874736070632935e-02
4.799409303814172745e-03
1.072363927960395813e-02
2.329528518021106720e-02
-1.417049113661050797e-02
-1.291242707520723343e-02
-2.022098377346992493e-02
-5.136520136147737503e-03
-1.499674282968044281e-03
-9.326243773102760315e-03
-1.467000413686037064e-02
-9.716709144413471222e-03
-1.625663228332996368e-02
6.645133718848228455e-03
4.246359691023826599e-03
1.861809287220239639e-03
3.586696460843086243e-03
1.608483376912772655e-03
2.506442135199904442e-03
1.856868970207870007e-03
1.505454856669530272e-04
5.731065175496041775e-04
1.138375024311244488e-03
2.477816073223948479e-03
1.956075575435534120e-04
-2.893389901146292686e-03
-2.293512225151062012e-03
-1.819602795876562595e-03
-1.874048495665192604e-03
-2.928490051999688148e-03
-2.158885123208165169e-03
-1.154976617544889450e-02
-1.197511702775955200e-02
-1.828214339911937714e-02
-3.050320781767368317e-03
5.951704224571585655e-04
-3.681941423565149307e-03
-1.079048588871955872e-02
-9.119617752730846405e-03
-1.530656125396490097e-02
-3.874413203448057175e-03
-2.721357450354844332e-04
-6.847147829830646515e-03
-1.531070680357515812e-03
-7.654780638404190540e-04
-7.786219473928213120e-03
-6.561434129253029823e-04
8.581016445532441139e-04
-1.354323001578450203e-03
6.685276981443166733e-03
-3.849307540804147720e-04
4.763689823448657990e-03
8.682122454047203064e-03
1.624352764338254929e-03
5.914559587836265564e-03
2.251478470861911774e-02
1.281985361129045486e-02
1.716718636453151703e-02
2.727121813222765923e-03
-6.918850820511579514e-03
2.574027515947818756e-03
-7.982848910614848137e-05
-9.743605740368366241e-03
9.890554938465356827e-04
3.702522721141576767e-03
-2.891499083489179611e-03
1.003871858119964600e-02
1.070879772305488586e-02
1.870488165877759457e-03
1.221084874123334885e-02
8.459778502583503723e-03
1.438379287719726562e-03
9.034224785864353180e-03
1.479791477322578430e-02
1.040039304643869400e-02
1.991776190698146820e-02
1.047184970229864120e-02
2.179345814511179924e-03
1.437663566321134567e-02
3.219800302758812904e-03
-6.302682682871818542e-03
5.802134983241558075e-03
1.441186759620904922e-02
7.408681791275739670e-03
1.795310340821743011e-02
1.334604620933532715e-02
1.804688200354576111e-02
1.139497198164463043e-02
1.721646450459957123e-02
2.136590331792831421e-02
1.853401772677898407e-02
9.599889628589153290e-03
8.433488197624683380e-03
8.880177512764930725e-03
1.808617846108973026e-03
-4.102696198970079422e-03
-1.019437517970800400e-02
-2.359487814828753471e-03
-1.905370620079338551e-03
-8.592959493398666382e-03
-1.174688106402754784e-03
6.472343229688704014e-04
-6.196454167366027832e-03
-8.891179226338863373e-03
-4.092505667358636856e-03
-3.484504297375679016e-03
-8.647819049656391144e-03
-7.617545779794454575e-04
-3.151518758386373520e-04
-1.356306299567222595e-02
-3.485923400148749352e-03
-3.421750152483582497e-03
4.850170016288757324e-02
4.034314677119255066e-02
5.085159838199615479e-02
2.562671527266502380e-02
1.172815263271331787e-02
2.434766478836536407e-02
4.021019861102104187e-02
2.872217446565628052e-02
3.450742736458778381e-02
1.448351331055164337e-02
7.760102860629558563e-03
8.570504374802112579e-03
1.046658121049404144e-02
5.956382490694522858e-03
8.060484193265438080e-03
1.913382299244403839e-02
1.324492413550615311e-02
2.055366523563861847e-02
-1.323718111962080002e-02
-9.634871967136859894e-03
-1.744253747165203094e-02
-5.558844190090894699e-03
-1.194542623125016689e-03
-6.302445195615291595e-03
-1.736034825444221497e-02
-1.280688121914863586e-02
-1.411779224872589111e-02
-7.592535257572308183e-05
9.354247595183551311e-04
4.696012940257787704e-03
3.872166154906153679e-03
1.435776241123676300e-03
4.266844596713781357e-03
4.691261798143386841e-03
-9.769310709089040756e-04
-6.668724818155169487e-04
-5.504167173057794571e-03
-4.188787192106246948e-03
-9.238232858479022980e-03
-7.657303940504789352e-04
-8.027945295907557011e-04
-6.876833271235227585e-03
-8.808059617877006531e-03
-8.312307298183441162e-03
-1.137693785130977631e-02
7.029152940958738327e-03
4.625671543180942535e-03
4.249609773978590965e-04
7.075602188706398010e-03
5.728099495172500610e-03
-1.135238795541226864e-03
6.366879679262638092e-04
2.282201545313000679e-03
-1.854571979492902756e-03
-2.054865472018718719e-02
-1.512108277529478073e-02
-2.301956526935100555e-02
-9.024486877024173737e-03
-6.219364237040281296e-03
-1.311699207872152328e-02
-7.243874482810497284e-03
-4.315791651606559753e-03
-8.672762662172317505e-03
2.274534478783607483e-02
6.956450175493955612e-03
2.293326146900653839e-02
1.118182856589555740e-02
-2.582942601293325424e-03
1.579779572784900665e-02
2.050832659006118774e-02
9.363439865410327911e-03
2.868106029927730560e-02
9.949744679033756256e-03
1.376851275563240051e-02
1.462115906178951263e-02
7.231405470520257950e-03
8.139464072883129120e-03
1.053417194634675980e-02
5.012264475226402283e-03
4.212851170450448990e-03
3.426647279411554337e-03
-2.064801938831806183e-02
-1.317058783024549484e-02
-1.298791822046041489e-02
-1.239818707108497620e-02
-5.648006219416856766e-03
-4.158811178058385849e-03
-2.005452848970890045e-02
-1.085957977920770645e-02
-8.353832177817821503e-03
-2.122793113812804222e-03
-1.862028846517205238e-03
-1.191497594118118286e-02
1.141649554483592510e-03
8.387667476199567318e-04
-4.034516867250204086e-03
2.552383579313755035e-03
-2.618065103888511658e-03
-4.526712931692600250e-03
-2.906555077061057091e-03
3.473953809589147568e-03
-1.675498322583734989e-03
7.076043402776122093e-04
4.775458946824073792e-03
-1.031286548823118210e-03
-1.664388546487316489e-04
4.874834325164556503e-03
-1.280321157537400723e-03
-6.162687204778194427e-03
-3.064924385398626328e-03
-1.197473052889108658e-02
-2.307758200913667679e-03
1.611833926290273666e-03
-4.424849990755319595e-03
-1.287483517080545425e-02
-5.926374346017837524e-03
-9.657434187829494476e-03
-1.608461327850818634e-02
-8.635589852929115295e-03
-2.011629566550254822e-02
-1.481635309755802155e-02
-5.356181412935256958e-03
-1.503265462815761566e-02
-3.396167606115341187e-02
-2.534862980246543884e-02
-3.173305094242095947e-02
-1.630186289548873901e-02
-2.443017065525054932e-02
-1.371057238429784775e-02
-1.112273801118135452e-02
-1.580723933875560760e-02
-5.819292273372411728e-03
-4.906105808913707733e-03
-1.053369138389825821e-02
-4.226458258926868439e-04
2.665944211184978485e-02
7.277037948369979858e-03
1.563316956162452698e-02
2.513409964740276337e-02
5.343665834516286850e-03
1.804742030799388885e-02
4.006318375468254089e-02
2.684959024190902710e-02
3.842594847083091736e-02
2.992379479110240936e-03
-6.369972252286970615e-04
2.232288941740989685e-03
-1.416931860148906708e-03
-3.006062936037778854e-03
8.184861508198082447e-05
-2.474677516147494316e-03
-5.311999004334211349e-03
-1.614621607586741447e-03
-2.211436070501804352e-02
-1.362970564514398575e-02
-1.674554124474525452e-02
-1.498698350042104721e-02
-8.443950675427913666e-03
-1.861244812607765198e-02
-6.329035852104425430e-03
-2.969352295622229576e-03
-6.200697738677263260e-03
6.033810786902904510e-03
1.053586229681968689e-02
8.000601083040237427e-03
6.648567039519548416e-03
9.394402615725994110e-03
8.229569531977176666e-03
-1.729705720208585262e-03
1.762988511472940445e-03
1.045375247485935688e-03
2.330262912437319756e-03
5.486455745995044708e-03
1.296811271458864212e-02
8.202679455280303955e-04
3.173236967995762825e-03
1.008342206478118896e-02
1.359642628813162446e-04
4.517379682511091232e-03
6.585625000298023224e-03
-1.815449073910713196e-02
-1.191409491002559662e-02
-1.769372448325157166e-02
-1.191678643226623535e-02
-5.487858783453702927e-03
-1.426611468195915222e-02
-1.663556881248950958e-02
-1.435826439410448074e-02
-2.345372550189495087e-02
4.485414177179336548e-02
3.020850941538810730e-02
4.001580178737640381e-02
2.902836352586746216e-02
1.567119918763637543e-02
2.549196407198905945e-02
2.993189357221126556e-02
1.816463656723499298e-02
2.651958726346492767e-02
-8.609992451965808868e-03
-6.441237404942512512e-03
-6.296121515333652496e-03
-7.373077794909477234e-03
-6.049173884093761444e-03
-8.111513219773769379e-03
-1.034032367169857025e-02
-7.008102256804704666e-03
-9.757936000823974609e-03
-1.880211010575294495e-02
-1.605150289833545685e-02
-1.867637969553470612e-02
-1.406272035092115402e-02
-8.141642436385154724e-03
-1.218976918607950211e-02
-1.500783767551183701e-02
-8.615442551672458649e-03
-1.408208627253770828e-02
-1.436294987797737122e-03
-5.262302700430154800e-03
-4.611754789948463440e-03
-6.496904417872428894e-03
-7.335416506975889206e-03
-6.420630961656570435e-03
-1.194100547581911087e-02
-1.438781805336475372e-02
-1.430488098412752151e-02
5.726510658860206604e-03
6.253133527934551239e-03
1.246247068047523499e-02
6.415817886590957642e-03
5.575842689722776413e-03
1.064880285412073135e-02
6.536760367453098297e-03
1.942223985679447651e-03
5.986768752336502075e-03
-6.729933433234691620e-03
-1.130595337599515915e-03
-2.431775908917188644e-03
-1.078732218593358994e-02
-8.950396440923213959e-03
-9.753718972206115723e-03
-8.145992644131183624e-03
-1.128959283232688904e-02
-8.285940624773502350e-03
1.069429703056812286e-02
7.309951470233500004e-04
9.429783560335636139e-03
1.259109377861022949e-02
7.852383423596620560e-04
9.257800877094268799e-03
2.961161360144615173e-02
2.085134014487266541e-02
2.910552918910980225e-02
-1.070432178676128387e-02
-5.038575734943151474e-03
-3.470276948064565659e-03
-7.192159071564674377e-03
-5.600817967206239700e-03
-4.701897501945495605e-03
-1.059776823967695236e-02
-7.107892539352178574e-03
-1.321210525929927826e-03
1.426637824624776840e-02
1.335322204977273941e-02
8.776782080531120300e-03
3.805966582149267197e-03
2.172395121306180954e-03
-1.526959938928484917e-03
1.032124366611242294e-02
8.911562152206897736e-03
7.150602061301469803e-03
-4.287206567823886871e-03
-8.884948911145329475e-04
-5.497152451425790787e-03
3.834051312878727913e-03
6.985497660934925079e-03
3.165017347782850266e-03
3.085374366492033005e-03
5.114968866109848022e-03
2.885041292756795883e-03
-4.095187410712242126e-03
1.733922981657087803e-03
8.764945901930332184e-03
2.618534723296761513e-03
6.023362278938293457e-03
1.339202001690864563e-02
1.786497305147349834e-03
3.004276193678379059e-03
4.195096436887979507e-03
-4.148003179579973221e-03
-8.043400011956691742e-03
-1.802703924477100372e-02
-1.665917108766734600e-03
-1.584024052135646343e-03
-7.477665320038795471e-03
-9.682243689894676208e-03
-1.153782196342945099e-02
-1.696396246552467346e-02
3.196519613265991211e-02
3.481357917189598083e-02
3.513817861676216125e-02
1.752067171037197113e-02
1.081297453492879868e-02
1.989564113318920135e-02
9.025450795888900757e-03
4.001630935817956924e-03
1.411927212029695511e-02
-7.396918721497058868e-03
-2.813840750604867935e-03
-3.195950062945485115e-03
-1.932826475240290165e-03
-3.013957059010863304e-03
-6.224509328603744507e-03
-3.293467452749609947e-03
-3.368353005498647690e-03
-1.172664482146501541e-02
-8.108152076601982117e-03
-8.463072590529918671e-03
-1.094795949757099152e-02
-4.942180123180150986e-03
-9.989299811422824860e-03
-1.488771941512823105e-02
-5.074968095868825912e-03
-1.322442293167114258e-02
-1.499733794480562210e-02
1.244322862476110458e-02
1.335937995463609695e-02
1.641955040395259857e-02
5.638939328491687775e-03
4.418967291712760925e-03
9.578235447406768799e-03
1.104722544550895691e-02
8.687267079949378967e-03
1.349475421011447906e-02
2.496803365647792816e-02
1.467063743621110916e-02
2.526041492819786072e-02
1.052056811749935150e-02
1.662645256146788597e-03
1.474536675959825516e-02
1.381201855838298798e-02
4.767337348312139511e-03
2.006981521844863892e-02
-2.377859782427549362e-03
1.659523579291999340e-03
5.755511811003088951e-04
8.383888052776455879e-05
3.289752872660756111e-03
1.546687213703989983e-03
-2.424264792352914810e-03
6.929706432856619358e-04
-6.551295518875122070e-05
-7.666526362299919128e-03
-2.771633910015225410e-03
-7.521631196141242981e-03
-8.249536156654357910e-03
-4.146226681768894196e-03
-6.720003671944141388e-03
-8.756729774177074432e-03
-5.738391540944576263e-03
-8.396141231060028076e-03
-5.841078236699104309e-03
-1.667175325565040112e-03
-4.728937055915594101e-03
-3.987128846347332001e-03
-3.145049093291163445e-03
-6.456325296312570572e-03
-8.695434778928756714e-03
-9.372618980705738068e-03
-9.982379153370857239e-03
7.570951711386442184e-03
-2.759661292657256126e-03
1.178023405373096466e-02
9.452080354094505310e-03
-2.679029479622840881e-03
1.189089473336935043e-02
1.909157633781433105e-02
4.776199348270893097e-03
2.240481041371822357e-02
1.751291006803512573e-02
1.027529779821634293e-02
2.225057594478130341e-02
1.163298636674880981e-02
2.535305451601743698e-03
1.441937312483787537e-02
2.487877570092678070e-02
1.226305775344371796e-02
2.783002704381942749e-02
-1.788527937605977058e-03
-9.335880749858915806e-04
-1.121459063142538071e-03
-7.114994339644908905e-03
-5.756894126534461975e-03
-1.070532761514186859e-02
-3.449937095865607262e-03
4.266693722456693649e-03
7.527066045440733433e-04
-6.623540073633193970e-03
-4.746295977383852005e-03
-1.314682047814130783e-02
-8.762533776462078094e-03
-8.917065337300300598e-03
-1.564951241016387939e-02
-1.071286015212535858e-02
-7.208618335425853729e-03
-1.428764406591653824e-02
-1.434332784265279770e-02
-1.653640996664762497e-03
-1.842278242111206055e-02
-1.462106034159660339e-02
-1.490794820711016655e-03
-1.842997595667839050e-02
-3.242903202772140503e-02
-1.408646814525127411e-02
-2.968159131705760956e-02
-3.911764826625585556e-03
-3.381095128133893013e-03
-1.645329175516963005e-03
-3.729221643880009651e-03
-2.918842015787959099e-03
-3.295138478279113770e-03
1.131818164139986038e-03
-2.942856517620384693e-04
1.256881048902869225e-03
-8.537780493497848511e-03
-1.436199061572551727e-02
-2.184678055346012115e-02
-7.210843730717897415e-03
-1.078223716467618942e-02
-1.422487106174230576e-02
-1.966370269656181335e-03
-6.640845909714698792e-03
-1.099955290555953979e-02
1.004141382873058319e-02
3.575271461158990860e-03
4.569666460156440735e-03
9.060229174792766571e-03
5.813183728605508804e-03
7.537983823567628860e-03
8.119760081171989441e-03
5.638789851218461990e-03
6.823919713497161865e-03
-7.006166037172079086e-03
-8.868518285453319550e-03
-9.392933920025825500e-03
-3.231071867048740387e-03
-4.762971308082342148e-03
-7.959268055856227875e-03
-4.662647843360900879e-03
-5.875937640666961670e-03
-1.152572128921747208e-02
-4.701614379882812500e-03
-8.236933499574661255e-03
-1.307031605392694473e-02
1.605966011993587017e-03
-3.010937245562672615e-03
-8.111458271741867065e-03
-2.492346102371811867e-03
-3.302079392597079277e-03
-6.682153791189193726e-03
1.100039109587669373e-02
5.636099725961685181e-03
8.854730054736137390e-03
4.716274794191122055e-03
-2.725738566368818283e-03
7.445812225341796875e-04
8.866296266205608845e-04
-5.444373469799757004e-03
-6.618918851017951965e-04
-3.062489256262779236e-02
-1.438763737678527832e-02
-2.767923288047313690e-02
-1.442619878798723221e-02
9.170222911052405834e-04
-1.223040744662284851e-02
-2.362195774912834167e-02
-8.683837018907070160e-03
-2.246573753654956818e-02
-2.041771821677684784e-02
-1.203880365937948227e-02
-1.022137515246868134e-02
-1.631644554436206818e-02
-9.946477599442005157e-03
-9.181311354041099548e-03
-1.649408787488937378e-02
-9.942175820469856262e-03
-1.135869883000850677e-02
-2.403095131739974022e-03
-3.979441244155168533e-03
-7.651049178093671799e-03
-9.217193000949919224e-04
-1.082222079276107252e-04
-5.300143267959356308e-03
-3.549141343683004379e-03
-2.976205898448824883e-03
-4.497007466852664948e-03
-2.131009532604366541e-04
-1.288440730422735214e-02
-1.447823457419872284e-02
-2.086330438032746315e-03
-1.139672286808490753e-02
-1.326939184218645096e-02
-1.687067677266895771e-03
-1.223828643560409546e-02
-1.657351478934288025e-02
-1.362588722258806229e-02
-1.176670473068952560e-02
-1.860294118523597717e-02
-1.200950797647237778e-02
-7.743903435766696930e-03
-1.454386953264474869e-02
-1.428256835788488388e-02
-9.186731651425361633e-03
-1.733827590942382812e-02
-9.648248553276062012e-03
-5.201836582273244858e-03
-1.108934544026851654e-02
-4.408765584230422974e-03
1.283882535062730312e-03
-3.319766139611601830e-03
-9.119346737861633301e-03
-1.181186409667134285e-03
-9.486709721386432648e-03
-3.249054541811347008e-03
-2.269399818032979965e-03
-8.696129545569419861e-03
-4.314023535698652267e-03
1.261075725778937340e-03
-3.023412777110934258e-03
-4.988356959074735641e-03
1.252775429747998714e-03
-3.723557572811841965e-03
5.892678629606962204e-03
4.743429832160472870e-03
-1.497752848081290722e-03
4.340290557593107224e-03
4.599815234541893005e-03
-1.510469708591699600e-03
-2.675041556358337402e-03
5.225959466770291328e-05
-4.207409452646970749e-03
5.340469069778919220e-03
1.719963038340210915e-03
-5.713406950235366821e-03
4.081040620803833008e-03
3.828427987173199654e-03
-4.557546228170394897e-03
-8.551387116312980652e-03
-1.063916552811861038e-02
-1.909628883004188538e-02
-9.726868011057376862e-03
-1.473182998597621918e-02
-1.611418090760707855e-02
-1.232475321739912033e-02
-1.561521552503108978e-02
-1.516219321638345718e-02
-2.031837822869420052e-03
-8.174729300662875175e-04
-5.888978485018014908e-03
1.468973606824874878e-02
1.284577231854200363e-02
2.195749990642070770e-02
2.722951769828796387e-02
1.733737252652645111e-02
3.174956515431404114e-02
3.108325786888599396e-02
2.163789421319961548e-02
3.454826772212982178e-02
-5.773808807134628296e-03
-4.905056208372116089e-03
-6.199735682457685471e-03
-1.834677648730576038e-03
-3.126424737274646759e-03
-5.597580689936876297e-03
1.169914030469954014e-03
1.963602844625711441e-03
2.177168382331728935e-03
-1.850371435284614563e-02
-1.371416915208101273e-02
-1.392680406570434570e-02
-4.260906018316745758e-03
-7.254377705976366997e-04
-3.357382956892251968e-03
-8.769072592258453369e-03
-4.823501221835613251e-03
-7.377429399639368057e-03
-3.959418274462223053e-03
-4.576654639095067978e-03
-1.066990196704864502e-02
-7.556505152024328709e-04
-2.633933210745453835e-03
-9.530316106975078583e-03
-6.989720743149518967e-03
-4.641346167773008347e-03
-1.649484038352966309e-02
3.801886364817619324e-02
2.613405324518680573e-02
3.919357433915138245e-02
1.412216201424598694e-02
2.089111832901835442e-03
1.606866717338562012e-02
2.828130498528480530e-02
1.852652244269847870e-02
3.169048577547073364e-02
3.708776552230119705e-03
7.222684798762202263e-04
1.375187071971595287e-03
7.130161393433809280e-04
-2.072666073217988014e-03
-1.182380365207791328e-03
-6.598795298486948013e-04
-3.281152108684182167e-03
-1.431989599950611591e-03
5.249855108559131622e-03
4.013945348560810089e-03
4.298215731978416443e-03
3.979993634857237339e-04
-1.025188365019857883e-03
-2.065215026959776878e-03
-1.886232988908886909e-03
-5.045764148235321045e-03
-6.477552931755781174e-03
2.104708692058920860e-03
3.147750860080122948e-03
1.337036490440368652e-03
8.620617911219596863e-03
6.350205745548009872e-03
6.753183435648679733e-03
5.625098943710327148e-03
3.013390116393566132e-03
5.445228423923254013e-03
-1.341116148978471756e-02
-6.386748515069484711e-03
-8.489442989230155945e-03
-1.085639651864767075e-02
-6.459212396293878555e-03
-1.006338000297546387e-02
-1.309235766530036926e-02
-1.058590505272150040e-02
-1.315406244248151779e-02
3.632427658885717392e-03
-9.818241233006119728e-05
-6.035026162862777710e-03
7.342650555074214935e-03
4.443388897925615311e-03
-1.553582376800477505e-03
5.983722396194934845e-03
1.959406537935137749e-03
-2.172673819586634636e-03
5.990118719637393951e-03
-2.555188024416565895e-03
3.209372516721487045e-03
-3.691980382427573204e-03
-8.173169568181037903e-03
5.448191077448427677e-04
1.551614026539027691e-03
-1.591218402609229088e-03
6.675884127616882324e-03
3.755071666091680527e-03
2.978253643959760666e-03
1.353370957076549530e-03
3.297495190054178238e-03
2.046666806563735008e-03
2.562476787716150284e-03
3.378372639417648315e-03
2.490654820576310158e-03
2.465238794684410095e-03
3.161221684422343969e-04
-6.937052239663898945e-05
-2.936224220320582390e-03
-2.901988336816430092e-03
-2.207017503678798676e-03
-7.103534415364265442e-03
-8.011425845324993134e-03
-5.630513187497854233e-03
-9.710733778774738312e-03
1.875009387731552124e-02
4.602802917361259460e-03
9.806346148252487183e-03
7.991604506969451904e-03
-3.760673571377992630e-03
1.606896403245627880e-03
1.462583802640438080e-02
3.181540174409747124e-03
1.114162057638168335e-02
6.561054848134517670e-03
5.268736276775598526e-03
-5.414717830717563629e-03
2.233085921034216881e-03
4.992442671209573746e-03
-4.265265539288520813e-03
-2.333140000700950623e-03
1.094686216674745083e-03
-8.006528951227664948e-03
1.817775703966617584e-02
1.217351295053958893e-02
1.212095655500888824e-02
1.137804239988327026e-02
5.349806044250726700e-03
4.605855792760848999e-03
1.193203777074813843e-02
2.700726734474301338e-03
1.094129518605768681e-03
-4.051441792398691177e-03
1.419774373061954975e-03
-6.874850019812583923e-03
-8.885680697858333588e-03
5.966253811493515968e-04
-6.726900115609169006e-03
2.719276817515492439e-03
9.055953472852706909e-03
-3.367619938217103481e-04
-1.320501696318387985e-02
-9.373864158987998962e-03
-1.449047215282917023e-02
-1.817600801587104797e-02
-9.512756019830703735e-03
-1.203280035406351089e-02
-1.928727887570858002e-02
-1.274386513978242874e-02
-1.246222946792840958e-02
-2.155791595578193665e-02
-5.951253231614828110e-03
-1.865096762776374817e-02
-1.539781037718057632e-02
1.315898844040930271e-03
-1.426399219781160355e-02
-2.451382577419281006e-02
-1.046061050146818161e-02
-2.321279235184192657e-02
-2.820274094119668007e-03
-1.834688242524862289e-03
-9.352008346468210220e-04
-8.048804011195898056e-04
1.048451231326907873e-04
-8.561659487895667553e-04
-3.718930296599864960e-03
-3.428939497098326683e-03
-2.883092034608125687e-03
-6.686654407531023026e-03
-5.645044147968292236e-03
-8.412663824856281281e-03
-5.271951667964458466e-03
-4.400196019560098648e-03
-5.649800412356853485e-03
-1.277648378163576126e-02
-1.016552653163671494e-02
-9.767056442797183990e-03
4.225870594382286072e-03
-2.428400097414851189e-03
-3.610824700444936752e-03
9.041514247655868530e-03
-2.431166823953390121e-03
-5.432384554296731949e-03
4.617788363248109818e-03
-5.145730450749397278e-03
-7.223400752991437912e-03
-1.517306920140981674e-02
-8.667537942528724670e-03
-1.182047091424465179e-02
-1.425179769285023212e-03
2.368569141253829002e-03
-2.461188472807407379e-03
1.569975051097571850e-03
3.402723930776119232e-03
-1.631565159186720848e-03
-1.065636985003948212e-02
-9.215769357979297638e-03
-1.189893297851085663e-02
-4.945041611790657043e-03
-3.303072880953550339e-03
-7.563763298094272614e-03
-6.250716745853424072e-03
-2.368559362366795540e-03
-7.423951756209135056e-03
-1.923630014061927795e-02
-8.957105688750743866e-03
-1.463949307799339294e-02
-1.987109333276748657e-02
-8.485790342092514038e-03
-1.288598030805587769e-02
-2.744558267295360565e-02
-1.873686909675598145e-02
-2.031933516263961792e-02
3.018945269286632538e-02
2.190542966127395630e-02
3.172902017831802368e-02
1.319489162415266037e-02
6.488993763923645020e-03
1.622374542057514191e-02
1.955104619264602661e-02
1.259564049541950226e-02
2.406824566423892975e-02
-5.750343669205904007e-03
-1.110060606151819229e-02
-1.134982891380786896e-02
3.791926137637346983e-04
-3.273108275607228279e-03
-3.385946853086352348e-03
6.721367593854665756e-03
1.522497739642858505e-03
2.270504133775830269e-03
-1.236861338838934898e-03
-8.277434972114861012e-04
-7.155200932174921036e-03
6.512977415695786476e-04
-1.869227853603661060e-04
-5.710320547223091125e-03
-9.040924487635493279e-04
2.742758952081203461e-04
-4.849844146519899368e-03
6.754020694643259048e-03
9.334279224276542664e-03
1.280560158193111420e-02
4.653094802051782608e-03
1.020768284797668457e-02
1.464516110718250275e-02
2.284183166921138763e-03
8.828505873680114746e-03
8.141213096678256989e-03
5.812761839479207993e-03
2.790461527183651924e-03
3.418438136577606201e-03
2.156397094950079918e-03
-6.867260090075433254e-04
1.713533420115709305e-04
2.474782755598425865e-03
-1.377320033498108387e-03
-1.040563147398643196e-04
4.301519598811864853e-03
7.053528446704149246e-03
7.898876443505287170e-03
2.800795249640941620e-03
3.939650021493434906e-03
7.765324786305427551e-03
6.511884275823831558e-03
3.491780487820506096e-03
8.693617768585681915e-03
-9.186746552586555481e-03
-6.437535397708415985e-03
4.358820617198944092e-03
-1.491314545273780823e-02
-1.389358378946781158e-02
-9.176569292321801186e-04
-1.332479808479547501e-02
-1.681671477854251862e-02
-6.868721917271614075e-03
2.833006158471107483e-02
1.756661757826805115e-02
1.925871893763542175e-02
1.244471222162246704e-02
1.181852887384593487e-03
4.331492818892002106e-03
1.249817013740539551e-02
2.743740798905491829e-03
5.282202269881963730e-03
-8.582352660596370697e-03
-6.136468145996332169e-03
-4.706723615527153015e-03
-6.458892021328210831e-03
-6.892829667776823044e-03
-5.364955868571996689e-03
-4.078949801623821259e-03
-2.463992219418287277e-03
1.428102143108844757e-03
1.722211763262748718e-02
1.959909126162528992e-02
3.353248536586761475e-02
4.318193532526493073e-03
6.161601282656192780e-03
2.095406316220760345e-02
1.825403794646263123e-02
2.514035999774932861e-02
3.706789761781692505e-02
-9.923623874783515930e-03
-7.223750464618206024e-03
-6.481644697487354279e-03
-1.535812742076814175e-03
-1.397522166371345520e-03
-1.121942535974085331e-03
3.609846811741590500e-03
5.146638490259647369e-03
4.227014258503913879e-03
5.173137038946151733e-02
2.331553772091865540e-02
3.442465141415596008e-02
2.637324854731559753e-02
1.862195204012095928e-04
1.526580378413200378e-02
4.773654416203498840e-02
1.961591280996799469e-02
3.390070050954818726e-02
-1.089484896510839462e-02
-2.049030177295207977e-02
-1.291638985276222229e-02
-1.737266313284635544e-03
-8.021176792681217194e-03
-4.381864331662654877e-03
-1.431568962289020419e-04
-3.141665132716298103e-03
-8.357818587683141232e-04
1.097452361136674881e-02
2.780417446047067642e-03
9.236845187842845917e-03
8.417475968599319458e-03
1.457615173421800137e-03
5.283425096422433853e-03
1.221317052841186523e-02
5.960283800959587097e-03
7.489209063351154327e-03
-3.032907284796237946e-02
-1.778065599501132965e-02
-2.849522233009338379e-02
-1.457853894680738449e-02
-4.874520003795623779e-03
-1.588238403201103210e-02
-1.761740446090698242e-02
-8.394435048103332520e-03
-2.210318483412265778e-02
1.294994261115789413e-02
2.253723097965121269e-03
8.113937452435493469e-03
7.861020974814891815e-03
-2.851002383977174759e-03
2.053636126220226288e-03
1.970164664089679718e-02
8.312425576150417328e-03
1.292792707681655884e-02
2.848061965778470039e-03
1.194782671518623829e-03
-2.572330879047513008e-03
1.242381706833839417e-02
5.765472073107957840e-03
2.684620674699544907e-03
1.294659264385700226e-02
8.401459082961082458e-03
6.649535614997148514e-03
-1.060702651739120483e-02
-9.227195754647254944e-03
-1.196651067584753036e-02
-4.154810681939125061e-03
-9.773751953616738319e-04
-6.671826355159282684e-03
9.083878831006586552e-04
4.980228841304779053e-03
6.665709661319851875e-04
1.325187925249338150e-02
1.688615605235099792e-02
2.264822460711002350e-02
8.285661228001117706e-03
8.477341383695602417e-03
1.658691279590129852e-02
1.517704688012599945e-02
1.190925948321819305e-02
1.989324390888214111e-02
2.860491222236305475e-04
-9.357644594274461269e-04
-5.907005164772272110e-03
1.036509871482849121e-03
4.672906827181577682e-03
2.324574394151568413e-03
-3.435372840613126755e-03
5.020730197429656982e-03
5.631041130982339382e-04
9.612665511667728424e-03
3.517429577186703682e-03
1.277107559144496918e-02
1.962698809802532196e-02
1.083496399223804474e-02
1.952614262700080872e-02
4.985818173736333847e-03
-3.671954385936260223e-03
5.967731121927499771e-03
-9.117608889937400818e-03
9.344409336335957050e-04
-1.406344017595984042e-05
-7.485059555619955063e-03
5.214876495301723480e-03
5.087955854833126068e-03
-1.797140017151832581e-02
-7.424277719110250473e-03
-1.055959425866603851e-02
1.185711193829774857e-02
1.536470372229814529e-03
9.458689019083976746e-03
2.310447208583354950e-02
1.178188715130090714e-02
1.615754514932632446e-02
2.669038623571395874e-02
1.725181005895137787e-02
1.928908564150333405e-02
1.423123758286237717e-02
7.084932178258895874e-03
1.098797563463449478e-02
1.952488347887992859e-02
9.021389298141002655e-03
1.263161562383174896e-02
2.947513759136199951e-02
1.785812713205814362e-02
2.483458630740642548e-02
-1.723218336701393127e-02
-3.836951917037367821e-03
-2.975604729726910591e-03
-1.516443025320768356e-02
-3.692413447424769402e-03
-2.181257819756865501e-03
-2.236926369369029999e-02
-1.050173211842775345e-02
-5.444503854960203171e-03
9.638465940952301025e-03
7.029203232377767563e-03
9.302990511059761047e-03
5.317513830959796906e-03
2.608834533020853996e-03
4.247963894158601761e-03
9.042077697813510895e-03
8.610606193542480469e-03
1.214442215859889984e-02
-2.883117645978927612e-02
-1.455447077751159668e-02
-2.258046716451644897e-02
-1.944034174084663391e-02
-5.271594971418380737e-03
-1.171244867146015167e-02
-2.207531034946441650e-02
-7.556291297078132629e-03
-1.270194724202156067e-02
-1.318744849413633347e-02
-6.219784729182720184e-03
-9.327184408903121948e-03
-5.619932897388935089e-03
2.137924078851938248e-03
-1.297662500292062759e-03
-1.906248071463778615e-04
3.855423303321003914e-03
-3.069267375394701958e-03
1.752750575542449951e-02
2.100543491542339325e-02
3.616388142108917236e-02
5.436837207525968552e-03
6.433504167944192886e-03
1.678334549069404602e-02
6.467194296419620514e-03
1.363069564104080200e-02
2.155569009482860565e-02
5.783617030829191208e-03
3.456206759437918663e-03
1.281562959775328636e-03
2.212056657299399376e-03
2.057165838778018951e-03
8.156335388775914907e-05
-1.138582010753452778e-03
-1.026525278575718403e-03
-2.226364100351929665e-03
3.773598931729793549e-03
5.026523955166339874e-03
5.638896487653255463e-03
3.351988503709435463e-03
3.501794766634702682e-03
5.405964795500040054e-03
5.182755645364522934e-03
2.929909154772758484e-03
3.351258579641580582e-03
-1.358856167644262314e-02
-9.970571845769882202e-03
-7.031597662717103958e-03
-1.122924592345952988e-02
-4.695467185229063034e-03
-2.095706528052687645e-03
-1.357879862189292908e-02
-8.269270882010459900e-03
-7.816628552973270416e-03
8.837934583425521851e-03
1.213977299630641937e-02
1.541113387793302536e-02
6.243191193789243698e-03
6.676846649497747421e-03
1.100009121000766754e-02
1.382054015994071960e-02
1.330244075506925583e-02
1.860299892723560333e-02
-7.765885442495346069e-03
-3.870868356898427010e-03
-4.025613889098167419e-03
-1.084581366740167141e-03
-5.397768691182136536e-04
-2.212373510701581836e-04
-6.825851276516914368e-03
-5.846017040312290192e-03
-7.012953050434589386e-03
1.901893410831689835e-03
5.501700099557638168e-03
9.791028685867786407e-03
-1.379191642627120018e-03
1.144181587733328342e-03
3.751533804461359978e-03
1.942260074429214001e-03
1.874075038358569145e-03
4.039979074150323868e-03
8.182557299733161926e-03
6.022274494171142578e-03
4.874513950198888779e-03
5.233559291809797287e-03
3.298754338175058365e-03
3.683060174807906151e-03
-3.650613594800233841e-03
-4.849156830459833145e-03
-5.613800138235092163e-03
-4.413965623825788498e-03
-3.966942895203828812e-04
9.110058657824993134e-03
-5.154740065336227417e-03
-3.963296301662921906e-03
3.926370292901992798e-03
2.043838612735271454e-03
2.850940472853835672e-05
6.205212324857711792e-03
-1.183007005602121353e-02
-8.979334495961666107e-03
-6.804089061915874481e-03
-6.274546030908823013e-03
-4.828615114092826843e-03
-4.150309599936008453e-03
-1.139231026172637939e-03
9.272707975469529629e-04
-1.435430487617850304e-03
7.035318296402692795e-03
4.269737750291824341e-03
6.461745593696832657e-03
7.400291040539741516e-03
6.765066063962876797e-04
4.660502076148986816e-03
8.359435945749282837e-03
3.107962198555469513e-03
6.394290365278720856e-03
-4.585621412843465805e-03
-2.750153187662363052e-03
-1.385655486956238747e-03
-5.995470564812421799e-03
-4.838643595576286316e-03
-4.424339160323143005e-03
-1.144721731543540955e-02
-8.264307864010334015e-03
-1.152770128101110458e-02
6.404910236597061157e-03
2.647351240739226341e-03
5.088198464363813400e-03
3.818861208856105804e-03
2.298930427059531212e-03
2.931695664301514626e-03
9.344739373773336411e-04
2.331963041797280312e-03
1.512471353635191917e-03
-1.399846188724040985e-02
-9.905037470161914825e-03
-1.771789416670799255e-02
-1.253470219671726227e-02
-7.552238646894693375e-03
-1.209429185837507248e-02
-1.759765669703483582e-02
-1.111951284110546112e-02
-1.335407420992851257e-02
-7.384652737528085709e-03
-6.413085386157035828e-03
-9.217081242240965366e-04
-4.365948028862476349e-03
-4.161258228123188019e-03
9.891087393043562770e-05
-1.614326261915266514e-03
-2.241341629996895790e-03
-7.172986515797674656e-04
2.197189629077911377e-02
1.362653542309999466e-02
1.612861268222332001e-02
1.449301745742559433e-02
7.335882633924484253e-03
1.393272262066602707e-02
1.902173645794391632e-02
1.367427408695220947e-02
1.991002261638641357e-02
2.568084001541137695e-02
2.153498306870460510e-02
2.528917975723743439e-02
2.118794806301593781e-02
1.533172093331813812e-02
2.190750837326049805e-02
1.628404110670089722e-02
1.163630280643701553e-02
1.720170117914676666e-02
-7.594853173941373825e-03
-4.807439632713794708e-03
1.308075588895007968e-04
-5.250122863799333572e-03
-5.457119550555944443e-03
9.347494342364370823e-04
-1.203303458169102669e-03
-4.055432218592613935e-04
6.549358833581209183e-03
3.111298754811286926e-02
1.726632937788963318e-02
3.385491296648979187e-02
1.761735044419765472e-02
4.995188210159540176e-03
1.935932226479053497e-02
2.237886562943458557e-02
8.804054930806159973e-03
2.028745412826538086e-02
2.059549279510974884e-02
1.292410399764776230e-02
1.580751501023769379e-02
9.453811682760715485e-03
1.312207314185798168e-03
5.768244154751300812e-03
8.847417309880256653e-03
5.494844517670571804e-04
5.221568513661623001e-03
-1.887366088340058923e-04
8.283094502985477448e-04
3.229084890335798264e-03
-2.676132367923855782e-03
-1.944166258908808231e-03
-9.730302263051271439e-04
-6.147156469523906708e-03
-5.620083305984735489e-03
-3.225385677069425583e-03
-2.184461336582899094e-03
1.875133253633975983e-03
3.283113008365035057e-03
-1.244390732608735561e-03
2.644248539581894875e-03
4.780910909175872803e-03
-2.888804068788886070e-03
-9.593269205652177334e-04
-7.149836746975779533e-04
9.098925627768039703e-03
1.099004037678241730e-02
1.858334615826606750e-02
4.103234969079494476e-03
3.574651665985584259e-03
1.007931958884000778e-02
7.129682227969169617e-03
6.727163679897785187e-03
1.363614480942487717e-02
-1.098379027098417282e-02
-9.625297039747238159e-03
-1.378878951072692871e-02
-4.423521924763917923e-03
-2.671051304787397385e-03
-9.449987672269344330e-03
-1.201435364782810211e-02
-1.086213439702987671e-02
-1.919284276664257050e-02
-1.394555158913135529e-02
-9.999530389904975891e-03
-1.692327298223972321e-02
-1.553074829280376434e-02
-8.411924354732036591e-03
-1.499886810779571533e-02
-1.806630939245223999e-02
-1.024323049932718277e-02
-1.461552269756793976e-02
3.546977648511528969e-03
-9.210117859765887260e-04
1.464573852717876434e-02
6.397476885467767715e-03
-1.332712476141750813e-03
1.188870240002870560e-02
2.331453934311866760e-02
1.530898641794919968e-02
2.341756038367748260e-02
7.783783134073019028e-03
-6.093450356274843216e-04
6.840306334197521210e-03
1.003845222294330597e-02
-2.302445238456130028e-03
4.459694959223270416e-03
2.047680877149105072e-02
1.002743095159530640e-02
1.698401942849159241e-02
4.205842968076467514e-03
-3.313162364065647125e-03
1.231557223945856094e-03
6.496082060039043427e-04
-3.464097157120704651e-03
-3.255671123042702675e-03
1.569251995533704758e-03
3.815623465925455093e-03
1.561442913953214884e-04
2.615233650431036949e-03
8.183710742741823196e-04
-6.108097732067108154e-03
2.983977785333991051e-03
-1.270802924409508705e-03
-7.400535047054290771e-03
-9.889435023069381714e-04
-6.833283230662345886e-03
-1.208159234374761581e-02
-1.317754667252302170e-02
-1.486959634348750114e-03
-7.609005551785230637e-03
-9.076615795493125916e-03
2.345932880416512489e-04
-7.331765256822109222e-03
-1.352835912257432938e-02
-6.756528746336698532e-03
-1.648246496915817261e-02
1.042822492308914661e-03
-2.311207354068756104e-03
2.922887913882732391e-03
-2.567533170804381371e-03
-3.191985189914703369e-03
4.640536644728854299e-05
-7.260752026923000813e-04
-1.667643431574106216e-03
4.335976205766201019e-03
-1.001993659883737564e-02
-4.517441615462303162e-03
2.012664452195167542e-03
-8.994618430733680725e-03
-2.588334027677774429e-03
2.503996365703642368e-04
-8.993624709546566010e-03
-3.180429106578230858e-03
-2.522861817851662636e-03
-4.409063141793012619e-03
-3.077783621847629547e-04
-5.142270121723413467e-03
-7.056665606796741486e-03
-5.474715493619441986e-03
-8.107543922960758209e-03
-1.036685612052679062e-02
-8.729706518352031708e-03
-1.095494814217090607e-02
-9.673178195953369141e-03
-1.004872005432844162e-02
-1.034471765160560608e-02
-4.602567292749881744e-03
-3.873916575685143471e-03
-3.290137741714715958e-03
-6.865981267765164375e-04
3.405312018003314734e-04
2.301585627719759941e-03
2.341191517189145088e-03
1.829545130021870136e-03
2.249151468276977539e-03
1.636406406760215759e-03
3.169920062646269798e-03
1.603207900188863277e-03
1.166086993180215359e-03
2.191197825595736504e-03
1.214629039168357849e-03
-1.601496711373329163e-03
-1.755850156769156456e-03
1.788376132026314735e-03
3.503474727040156722e-05
-8.973684452939778566e-05
1.254336209967732430e-03
5.705086048692464828e-03
5.262861959636211395e-03
3.994337748736143112e-03
-3.615055698901414871e-03
-1.157414881163276732e-04
-4.473601933568716049e-03
-3.577402792870998383e-03
-9.916047565639019012e-04
-4.246164578944444656e-03
-2.507459837943315506e-03
-2.904142893385142088e-04
-4.068986047059297562e-03
-4.054218064993619919e-03
-7.749482523649930954e-03
-7.653318811208009720e-03
-4.502456635236740112e-03
-8.108827285468578339e-03
-1.007654424756765366e-02
-1.555642811581492424e-03
-6.652078591287136078e-03
-8.060806430876255035e-03
1.641000807285308838e-02
1.411644276231527328e-02
1.690423116087913513e-02
6.598526611924171448e-03
3.816946875303983688e-03
7.162745576351881027e-03
9.462449699640274048e-03
6.239164154976606369e-03
9.259435348212718964e-03
-4.228373523801565170e-03
-1.082882937043905258e-02
-4.289813805371522903e-03
-8.093876764178276062e-03
-1.079920586198568344e-02
-6.876569706946611404e-03
-1.390092424117028713e-03
-1.019238843582570553e-03
1.022992273647105321e-05
1.155528356321156025e-03
1.750446623191237450e-03
2.665049862116575241e-03
1.912685926072299480e-03
2.018637722358107567e-03
8.192200912162661552e-04
2.479219983797520399e-04
-1.569952582940459251e-04
5.200742089073173702e-05
-2.237471751868724823e-02
-1.358925737440586090e-02
-1.123698148876428604e-02
-1.335216034203767776e-02
-6.832361686974763870e-03
-7.234976626932621002e-03
-1.894937269389629364e-02
-1.280886214226484299e-02
-1.234434172511100769e-02
6.496322806924581528e-03
-6.170893320813775063e-04
-2.731263637542724609e-03
3.582155797630548477e-03
-2.761114388704299927e-03
-7.904605590738356113e-04
7.089581806212663651e-03
1.603323384188115597e-03
4.706341307610273361e-03
-8.368286304175853729e-03
-1.009558513760566711e-02
-1.304513961076736450e-02
-3.818047931417822838e-03
-5.243593826889991760e-03
-5.888666957616806030e-03
-1.573560875840485096e-03
-2.040325431153178215e-03
-8.869151934050023556e-04
1.115346699953079224e-02
8.230459876358509064e-03
1.851732283830642700e-02
9.252822026610374451e-03
5.604323931038379669e-03
1.377892307937145233e-02
2.339959889650344849e-02
1.892651990056037903e-02
2.512319572269916534e-02
-1.238376740366220474e-02
-5.017001647502183914e-03
-4.141880199313163757e-03
-7.216928992420434952e-03
-2.686459571123123169e-03
-4.382363054901361465e-03
-4.913692828267812729e-03
-1.336405635811388493e-03
-3.934839740395545959e-03
-6.167480256408452988e-03
-6.869078613817691803e-03
-6.769308820366859436e-03
-5.435181315988302231e-03
-4.082577768713235855e-03
-6.047703325748443604e-03
-6.141258869320154190e-03
-5.510376300662755966e-03
-7.715078070759773254e-03
-1.357418857514858246e-02
-6.108600180596113205e-03
-4.770788829773664474e-03
-9.623043239116668701e-03
-2.807891229167580605e-03
4.877785249846056104e-05
-1.402306556701660156e-02
-8.597822859883308411e-03
-4.275641869753599167e-03
8.507627993822097778e-03
7.021822966635227203e-03
1.167444046586751938e-02
-9.259372600354254246e-04
-3.742624074220657349e-03
2.500068163499236107e-03
-3.425756702199578285e-03
-5.186462309211492538e-03
1.548626692965626717e-03
9.986844845116138458e-03
6.025326903909444809e-03
1.767199300229549408e-02
1.461890526115894318e-03
-8.045091526582837105e-04
9.383647702634334564e-03
4.902610555291175842e-03
2.373933326452970505e-03
7.860117591917514801e-03
1.504922285676002502e-03
3.197168465703725815e-03
4.912135191261768341e-03
-1.757156569510698318e-03
4.492778389248996973e-04
3.562918631359934807e-03
-2.370724920183420181e-03
8.057032246142625809e-04
2.252458594739437103e-03
7.587422151118516922e-03
5.758157465606927872e-03
7.484322879463434219e-03
5.762893706560134888e-03
1.740995561704039574e-03
1.562909572385251522e-03
3.271075896918773651e-03
7.092301966622471809e-04
1.493281219154596329e-03
-8.228102698922157288e-03
-3.675257088616490364e-03
-1.377743761986494064e-02
-8.980679325759410858e-03
-3.480843035504221916e-03
-1.199865341186523438e-02
-7.365318946540355682e-03
-1.539028598926961422e-03
-1.288050040602684021e-02
-3.342918585985898972e-03
-3.719279542565345764e-03
6.772695342078804970e-04
-3.330724546685814857e-03
-3.305715974420309067e-03
-6.943474290892481804e-04
-4.988810047507286072e-03
-3.814150579273700714e-03
-3.940733615309000015e-03
-4.893919918686151505e-03
-4.145789425820112228e-03
-7.422490045428276062e-03
-7.884009741246700287e-03
-5.840013734996318817e-03
-7.534475065767765045e-03
-7.391761988401412964e-03
-5.176521372050046921e-03
-8.857286535203456879e-03
-1.246579643338918686e-02
-8.583636023104190826e-03
-1.340771652758121490e-02
-7.929572835564613342e-03
-4.015887156128883362e-03
-9.300771169364452362e-03
-1.249432191252708435e-02
-9.346358478069305420e-03
-1.084702368825674057e-02
5.757024046033620834e-03
3.384192939847707748e-03
2.025201916694641113e-03
-3.004695987328886986e-03
-6.084127817302942276e-03
-4.665095359086990356e-03
4.183335229754447937e-03
4.568538570310920477e-04
2.572256838902831078e-03
4.244241863489151001e-03
1.219690893776714802e-03
5.703861825168132782e-03
8.018150925636291504e-03
2.793213352560997009e-03
6.461718119680881500e-03
1.718277297914028168e-02
1.230309065431356430e-02
1.735244318842887878e-02
-9.567385539412498474e-03
-2.036349382251501083e-03
-3.664484014734625816e-03
-1.196469552814960480e-02
-4.732490982860326767e-03
-8.715583942830562592e-03
-1.532145589590072632e-02
-8.268981240689754486e-03
-1.145950239151716232e-02
4.954888485372066498e-03
-3.626236692070960999e-03
6.021479144692420959e-03
6.736746523529291153e-03
-3.278918564319610596e-03
4.800170194357633591e-03
1.191830169409513474e-02
3.773162374272942543e-03
1.252060662955045700e-02
2.028553746640682220e-02
7.664807606488466263e-03
1.058223377913236618e-02
1.197844557464122772e-02
2.915116026997566223e-03
6.096293218433856964e-03
1.536179054528474808e-02
4.514227621257305145e-03
6.780298892408609390e-03
3.425974864512681961e-03
4.212237894535064697e-03
1.217117160558700562e-02
1.361152040772140026e-03
2.374459523707628250e-03
8.867087773978710175e-03
2.325787441805005074e-03
3.587613115087151527e-03
1.116596162319183350e-02
1.556951738893985748e-02
1.112350448966026306e-02
1.893210597336292267e-02
1.142802089452743530e-02
4.283702000975608826e-03
1.326179970055818558e-02
1.293185818940401077e-02
8.426373824477195740e-03
1.569558866322040558e-02
-7.728348136879503727e-04
-2.083162544295191765e-04
-1.474553486332297325e-03
-3.400886664167046547e-03
-5.629681050777435303e-03
-4.885250702500343323e-03
-3.539531491696834564e-03
-4.713640548288822174e-03
-3.683639923110604286e-03
-7.968575693666934967e-03
-4.530295729637145996e-03
-1.005228422582149506e-02
6.796412635594606400e-04
3.580971853807568550e-03
2.682204823940992355e-03
-8.797302143648266792e-04
2.073514770017936826e-04
-1.841729739680886269e-03
-9.434367530047893524e-03
-4.209115635603666306e-03
-6.359239574521780014e-03
-2.752520376816391945e-03
-1.583596691489219666e-03
-4.570811521261930466e-03
-2.379381330683827400e-03
-7.636955124326050282e-04
-2.755541820079088211e-03
-9.153173305094242096e-03
-9.916098788380622864e-03
-1.337624341249465942e-02
-4.086180590093135834e-03
-5.459803156554698944e-03
-5.013457499444484711e-03
-3.159841289743781090e-03
-4.182090982794761658e-03
-5.868429318070411682e-03
6.086010485887527466e-03
6.034449674189090729e-03
6.320003885775804520e-04
5.092748906463384628e-03
2.381514757871627808e-03
-7.629157626070082188e-04
3.998391330242156982e-03
2.747599501162767410e-03
-9.917131392285227776e-04
3.764698747545480728e-03
2.330094343051314354e-03
-8.319604210555553436e-03
3.284560283645987511e-03
2.665639622136950493e-03
-6.908199284225702286e-03
-6.827910430729389191e-03
-4.140836652368307114e-03
-1.563069038093090057e-02
-1.656527817249298096e-02
-7.243625819683074951e-03
-1.730100810527801514e-02
-1.682955399155616760e-02
-9.997316636145114899e-03
-1.745286583900451660e-02
-1.484887301921844482e-02
-6.615787744522094727e-03
-1.492674369364976883e-02
-1.090805139392614365e-02
-1.070150453597307205e-02
-1.318668480962514877e-02
-6.054542027413845062e-03
-6.062528118491172791e-03
-9.393130429089069366e-03
-1.445922255516052246e-02
-1.041329931467771530e-02
-1.076258812099695206e-02
-1.363563537597656250e-02
4.902936052531003952e-03
-5.752519937232136726e-04
-3.727370407432317734e-03
1.009319536387920380e-02
4.900446161627769470e-03
-2.368007972836494446e-02
-9.852334856986999512e-03
-1.277120318263769150e-02
8.286041556857526302e-04
-1.613693428225815296e-03
-8.573556318879127502e-03
1.486339722760021687e-03
-2.334646182134747505e-03
-8.185758255422115326e-03
-2.145035890862345695e-03
-3.356369910761713982e-03
-9.075493551790714264e-03
7.307218760251998901e-02
5.080629885196685791e-02
7.977049052715301514e-02
4.673751816153526306e-02
2.219639904797077179e-02
5.769678950309753418e-02
6.277521699666976929e-02
5.179972946643829346e-02
8.860953897237777710e-02
-3.230212256312370300e-02
-1.904618553817272186e-02
-3.006906621158123016e-02
-2.468434907495975494e-02
-1.523524802178144455e-02
-2.999752946197986603e-02
-2.054485864937305450e-02
-1.063596177846193314e-02
-1.632948964834213257e-02
-9.893833659589290619e-03
-7.360922638326883316e-03
-1.364913210272789001e-02
-2.194979414343833923e-02
-1.297372300177812576e-02
-1.752477511763572693e-02
-2.071964927017688751e-02
-1.419466082006692886e-02
-1.651184447109699249e-02
-1.323186792433261871e-02
-4.805082455277442932e-03
-4.627739079296588898e-03
-1.239614561200141907e-02
-4.841407295316457748e-03
-4.786169156432151794e-03
-1.451402436941862106e-02
-6.505947094410657883e-03
-1.262286026030778885e-02
7.308275904506444931e-03
3.173722187057137489e-03
-3.468969138339161873e-03
2.753803273662924767e-03
-1.558932824991643429e-03
-3.756161313503980637e-03
1.962419599294662476e-03
1.915007946081459522e-03
2.265687508042901754e-04
7.618874777108430862e-03
1.147243194282054901e-02
6.166389677673578262e-03
3.285982646048069000e-03
3.565262071788311005e-03
2.015958540141582489e-03
7.763527799397706985e-03
6.317277904599905014e-03
5.888795480132102966e-03
-1.854892820119857788e-02
-7.911087013781070709e-03
-1.865404099225997925e-02
-1.245105639100074768e-02
-4.052537493407726288e-03
-1.509687583893537521e-02
-2.819878607988357544e-02
-2.079526893794536591e-02
-3.404068201780319214e-02
-1.108395372284576297e-04
-3.993659745901823044e-03
-5.141077563166618347e-03
-2.623351756483316422e-04
-4.842738620936870575e-03
-6.693189963698387146e-03
5.182742141187191010e-03
3.492730320431292057e-04
-2.487855730578303337e-03
-6.782277487218379974e-03
-7.904442958533763885e-03
-8.881079964339733124e-03
-5.754964426159858704e-03
-7.356769870966672897e-03
-7.184932474046945572e-03
-1.951101049780845642e-02
-1.690387725830078125e-02
-1.862741634249687195e-02
7.510462310165166855e-04
-1.674188883043825626e-03
-5.673822481185197830e-03
8.138858247548341751e-04
-9.320586104877293110e-04
-6.195496767759323120e-03
-2.658068668097257614e-03
8.352778968401253223e-04
-6.305543240159749985e-03
-6.447175052016973495e-03
-3.252834314480423927e-03
-6.768242456018924713e-03
-4.024192225188016891e-03
-2.304869703948497772e-03
-5.084247794002294540e-03
-5.337557289749383926e-03
-1.315068802796304226e-03
-1.689748372882604599e-03
1.159546989947557449e-02
-7.086499594151973724e-03
7.301727775484323502e-03
1.083829440176486969e-02
-2.847155788913369179e-03
7.743774913251399994e-03
1.836425997316837311e-02
6.794190965592861176e-03
2.116267941892147064e-02
6.434441893361508846e-04
5.146697163581848145e-03
1.054577901959419250e-02
2.581980777904391289e-03
3.406948642805218697e-03
7.858376018702983856e-03
-3.710065502673387527e-03
-4.249277058988809586e-03
-1.758425845764577389e-03
3.855115501210093498e-03
4.682231228798627853e-03
4.628107883036136627e-03
8.873304352164268494e-03
6.631566677242517471e-03
6.396322511136531830e-03
9.834653697907924652e-03
7.273644674569368362e-03
3.801798215135931969e-03
8.233843371272087097e-03
7.458737120032310486e-03
4.918183665722608566e-03
9.718592278659343719e-03
1.109817624092102051e-02
1.032315939664840698e-02
3.068716032430529594e-03
4.314268007874488831e-03
3.472503041848540306e-03
-9.726430289447307587e-03
-2.900230232626199722e-03
-1.050874963402748108e-02
-2.442450262606143951e-03
6.515575572848320007e-03
1.574521593283861876e-04
-7.018208969384431839e-03
5.105958320200443268e-03
3.153654688503593206e-04
-1.932789012789726257e-02
-1.365370000712573528e-03
-2.014701254665851593e-02
-1.420908980071544647e-02
3.285475540906190872e-03
-6.977862678468227386e-03
-2.933613769710063934e-02
-8.677551522850990295e-03
-1.322417240589857101e-02
8.343642577528953552e-03
1.000018510967493057e-02
1.000381540507078171e-02
-7.816646248102188110e-04
5.680556874722242355e-03
4.988337401300668716e-03
-1.470664143562316895e-02
-4.412061069160699844e-03
-6.529430393129587173e-03
-1.640954241156578064e-02
-2.309699356555938721e-02
-2.206191234290599823e-02
-1.206207089126110077e-02
-2.352521009743213654e-02
-1.461378205567598343e-02
-9.075950831174850464e-03
-1.886133290827274323e-02
-1.002386771142482758e-02
1.579383201897144318e-02
5.240411031991243362e-03
1.695169322192668915e-02
1.194143947213888168e-02
2.115824725478887558e-03
2.128150314092636108e-02
2.199660427868366241e-02
1.965888775885105133e-02
3.992830216884613037e-02
3.802988911047577858e-03
2.181072719395160675e-03
8.856955915689468384e-03
2.410620218142867088e-03
3.062388626858592033e-03
9.152275510132312775e-03
-1.042070944095030427e-04
1.438999897800385952e-04
3.344244323670864105e-03
1.234881021082401276e-02
1.193442754447460175e-02
1.034998521208763123e-02
1.148265670053660870e-03
-1.984715054277330637e-04
-4.447875835467129946e-04
-6.326332688331604004e-03
-1.731246360577642918e-03
-1.161220949143171310e-02
8.871613070368766785e-03
4.189770668745040894e-03
5.753299687057733536e-03
1.283046882599592209e-02
8.119912818074226379e-03
9.902944788336753845e-03
1.103910338133573532e-02
7.875169627368450165e-03
1.289136987179517746e-02
-1.108622737228870392e-02
-9.673818945884704590e-03
-1.027842424809932709e-02
-3.728250740095973015e-03
9.237017948180437088e-04
9.651534492149949074e-04
-5.998623557388782501e-03
-7.992248050868511200e-03
-1.108922716230154037e-02
-7.200629450380802155e-03
1.691637327894568443e-03
-2.277981489896774292e-03
-1.391243305988609791e-03
2.062540734186768532e-03
2.352066105231642723e-03
-1.088039949536323547e-02
-4.902427550405263901e-03
-5.919092334806919098e-03
-6.949930451810359955e-03
-1.107236649841070175e-02
-7.856305688619613647e-03
-1.961538568139076233e-03
-3.289050422608852386e-03
-1.330345985479652882e-03
5.233333911746740341e-03
6.743808276951313019e-03
6.936653517186641693e-03
-9.641748853027820587e-03
-7.136523257941007614e-03
-1.317948009818792343e-02
-7.452391553670167923e-03
-6.593038793653249741e-03
-1.385870389640331268e-02
-5.470949690788984299e-03
-4.604335874319076538e-03
-9.442968294024467468e-03
-4.728922154754400253e-03
-1.668171957135200500e-03
3.270472632721066475e-03
-6.041364278644323349e-03
-1.661718357354402542e-03
4.762545693665742874e-03
-9.491157718002796173e-03
-5.308551713824272156e-03
7.599558739457279444e-05
-2.115646749734878540e-02
-1.682372950017452240e-02
-1.354013942182064056e-02
-2.030522003769874573e-02
-1.482034288346767426e-02
-1.491130609065294266e-02
-3.390559926629066467e-02
-2.908065728843212128e-02
-2.993028610944747925e-02
-1.466144993901252747e-02
-4.639287944883108139e-03
-6.363393273204565048e-03
-1.015058625489473343e-02
-1.027867896482348442e-03
-9.218217805027961731e-03
-1.966539956629276276e-02
-9.001747705042362213e-03
-2.091916650533676147e-02
-1.791860908269882202e-02
-2.638840116560459137e-02
-1.554907765239477158e-02
-2.617891691625118256e-02
-4.108168557286262512e-02
-3.004023991525173187e-02
-1.452574413269758224e-02
-3.435323014855384827e-02
-2.143620327115058899e-02
1.788592711091041565e-02
4.622867330908775330e-03
9.998520836234092712e-03
2.008487656712532043e-02
4.211488179862499237e-03
1.174267195165157318e-02
4.414473846554756165e-02
3.184949979186058044e-02
4.255252331495285034e-02
6.418717093765735626e-03
7.707791402935981750e-03
8.488920517265796661e-03
6.176762282848358154e-03
5.032757762819528580e-03
9.476500563323497772e-03
-1.140616741031408310e-02
-7.619076408445835114e-03
-6.541470997035503387e-03
3.138335794210433960e-02
2.680010721087455750e-02
1.739212870597839355e-02
2.120626159012317657e-02
6.342331413179636002e-03
2.530347090214490891e-03
4.374038428068161011e-02
3.234695643186569214e-02
2.430906333029270172e-02
-1.786676794290542603e-02
-7.872278802096843719e-03
-1.668513007462024689e-02
-1.147935166954994202e-02
-5.288667976856231689e-03
-1.148767862468957901e-02
-1.483709085732698441e-02
-6.778164766728878021e-03
-1.375847682356834412e-02
-1.215734891593456268e-02
-4.156756680458784103e-03
1.441595377400517464e-03
-9.260560385882854462e-03
-2.370615955442190170e-03
1.763266511261463165e-03
-2.013525925576686859e-02
-1.075715012848377228e-02
-7.826089859008789062e-03
6.333810277283191681e-03
3.443342167884111404e-03
-1.060476712882518768e-02
1.058489177376031876e-02
6.016250699758529663e-03
-4.912403877824544907e-03
-3.353621345013380051e-03
-1.256870385259389877e-02
-2.371815592050552368e-02
6.526669859886169434e-02
6.885939091444015503e-02
7.177115976810455322e-02
5.723263323307037354e-02
4.647182300686836243e-02
5.860330536961555481e-02
4.452371224761009216e-02
4.004196450114250183e-02
4.754777252674102783e-02
1.687976531684398651e-03
9.653081651777029037e-04
9.295515716075897217e-03
-1.067975768819451332e-03
-3.610846353694796562e-03
4.428944550454616547e-03
2.317725215107202530e-03
1.404346083290874958e-03
-7.051343563944101334e-04
-6.436789408326148987e-03
-2.176214382052421570e-02
-1.577701047062873840e-02
-1.377128181047737598e-03
-1.986914873123168945e-02
-1.109839882701635361e-02
4.892386496067047119e-03
-1.490904204547405243e-02
-3.854165785014629364e-03
6.698107812553644180e-03
2.183970529586076736e-03
2.761485520750284195e-03
1.033724378794431686e-02
2.323793014511466026e-03
5.247835069894790649e-03
1.169789303094148636e-02
3.392638405784964561e-03
4.171038977801799774e-03
3.014061972498893738e-02
1.339100487530231476e-02
2.425655908882617950e-02
2.142389863729476929e-02
4.813102073967456818e-03
1.487985812127590179e-02
2.482338994741439819e-02
5.971885751932859421e-03
1.623830944299697876e-02
-2.772713080048561096e-03
8.223202312365174294e-04
1.377420965582132339e-03
3.343297634273767471e-03
7.275480311363935471e-03
8.939702995121479034e-03
8.922737470129504800e-05
4.818473476916551590e-03
5.033523309975862503e-03
-1.629281975328922272e-02
-1.034450717270374298e-02
-1.085700001567602158e-02
-1.621181890368461609e-02
-9.951292537152767181e-03
-9.020552039146423340e-03
-2.106317691504955292e-02
-1.515478827059268951e-02
-2.352691814303398132e-02
-1.832416653633117676e-02
-1.068541593849658966e-02
-2.298218756914138794e-02
-9.891153313219547272e-03
-3.168567782267928123e-03
-1.382229570299386978e-02
-1.839283108711242676e-02
-1.014954783022403717e-02
-1.876862719655036926e-02
2.350347489118576050e-02
2.688922220841050148e-03
3.146872296929359436e-02
1.728109642863273621e-02
-3.177219536155462265e-03
2.604481205344200134e-02
3.121314197778701782e-02
1.496974937617778778e-02
5.437761917710304260e-02
-2.648816443979740143e-02
-6.809804122895002365e-03
-2.326611988246440887e-02
-1.694826781749725342e-02
-1.645406242460012436e-03
-1.785499788820743561e-02
-3.329998254776000977e-02
-1.784534938633441925e-02
-3.619176894426345825e-02
-4.865003284066915512e-03
3.014008281752467155e-03
1.396919833496212959e-03
-4.257164429873228073e-03
2.255114959552884102e-03
-3.081476315855979919e-03
-8.684928528964519501e-03
6.662353873252868652e-03
-2.574599348008632660e-03
5.574224051088094711e-03
4.071932286024093628e-03
3.912001848220825195e-03
-1.232153736054897308e-03
1.772988005541265011e-03
2.976161660626530647e-03
-8.936556987464427948e-03
-4.590668715536594391e-03
-9.129266254603862762e-04
-5.101468879729509354e-03
-1.417648419737815857e-02
-8.852601982653141022e-03
-8.375936187803745270e-03
-1.432972960174083710e-02
-9.006155654788017273e-03
1.245852187275886536e-02
6.997121497988700867e-03
1.754742115736007690e-02
2.740373602136969566e-04
2.441429765895009041e-03
1.924400217831134796e-03
-5.767992231994867325e-03
1.740671694278717041e-03
-7.848450914025306702e-04
-1.091573666781187057e-02
-2.852577483281493187e-03
-5.006393883377313614e-03
-1.143807917833328247e-02
-3.759124549105763435e-03
-1.690193195827305317e-03
-2.379951067268848419e-03
4.677088465541601181e-03
5.478611215949058533e-03
-1.113137044012546539e-02
-1.983682624995708466e-03
-3.720478620380163193e-03
-4.547412507236003876e-03
2.996101393364369869e-04
-3.254074137657880783e-03
-1.285889884456992149e-03
2.393460599705576897e-03
-1.191059011034667492e-03
-3.789548063650727272e-03
1.976309577003121376e-03
-8.990399539470672607e-03
-1.474354229867458344e-02
-1.241367589682340622e-02
-1.766979135572910309e-02
-1.032665651291608810e-02
-5.420972593128681183e-03
-9.261203929781913757e-03
-2.575235255062580109e-02
-1.653652638196945190e-02
-2.007467672228813171e-02
1.788132637739181519e-02
1.254498027265071869e-02
2.994455583393573761e-02
1.759531162679195404e-02
1.310133654624223709e-02
2.976342104375362396e-02
2.378010191023349762e-02
2.376990765333175659e-02
4.038351401686668396e-02
-2.160853892564773560e-02
-1.122638024389743805e-02
-1.568159088492393494e-02
-7.798932492733001709e-03
2.068238798528909683e-03
-2.550025004893541336e-03
-1.760216802358627319e-02
-6.244927644729614258e-03
-9.269051253795623779e-03
9.222780354321002960e-03
-7.895476184785366058e-03
-4.167009319644421339e-04
9.511573240160942078e-03
-5.264399107545614243e-03
6.636179052293300629e-03
3.830759972333908081e-02
2.718270756304264069e-02
4.424713551998138428e-02
-3.037435002624988556e-03
-4.181358381174504757e-04
-9.289874695241451263e-03
1.906522898934781551e-03
2.940552774816751480e-03
-2.987652318552136421e-03
1.635844935663044453e-03
1.609827158972620964e-03
-5.851852241903543472e-03
-2.213736809790134430e-02
-1.541233249008655548e-02
-1.448713894933462143e-02
-1.308752968907356262e-02
-1.366481883451342583e-03
-2.045263769105076790e-03
-1.525212451815605164e-02
-7.563872262835502625e-03
-8.989112451672554016e-03
-1.207305584102869034e-03
-2.970347413793206215e-03
-2.672901377081871033e-03
1.391174853779375553e-03
-2.141893142834305763e-03
-2.361885271966457367e-03
9.948498569428920746e-03
4.563618451356887817e-03
2.964153420180082321e-03
-1.138830557465553284e-02
-7.033796980977058411e-03
-1.474241632968187332e-02
-7.921847514808177948e-03
-4.678437486290931702e-03
-1.181658077985048294e-02
-1.349607668817043304e-02
-1.225040107965469360e-02
-1.632773689925670624e-02
-8.542289957404136658e-03
-1.513170893304049969e-03
-3.376007080078125000e-03
-1.117196492850780487e-02
-3.144697053357958794e-03
-4.969345871359109879e-03
-1.970927603542804718e-02
-9.107566438615322113e-03
-1.145391538739204407e-02
1.843654550611972809e-02
1.281373202800750732e-02
1.721855439245700836e-02
1.616468653082847595e-02
1.050135679543018341e-02
1.539886184036731720e-02
1.822733879089355469e-02
1.415185723453760147e-02
1.724524050951004028e-02
-6.176890805363655090e-03
-1.746943802572786808e-03
1.569908112287521362e-03
-7.641160394996404648e-03
-4.414456896483898163e-03
-5.557851865887641907e-03
-1.018318999558687210e-02
-8.430757559835910797e-03
-1.146145630627870560e-02
-3.784663975238800049e-03
8.446794818155467510e-04
7.898989133536815643e-03
1.274626003578305244e-03
6.531725171953439713e-03
9.646460413932800293e-03
3.812025068327784538e-03
9.998909197747707367e-03
1.112670358270406723e-02
1.040364149957895279e-02
1.133038080297410488e-03
1.175311580300331116e-02
6.442834623157978058e-03
-4.747503437101840973e-03
2.462712815031409264e-03
-1.200045691803097725e-03
-8.493725210428237915e-03
-5.334930028766393661e-03
-4.832053091377019882e-03
-1.931051956489682198e-03
-1.998777734115719795e-03
-1.571596134454011917e-03
-1.963366958079859614e-04
-3.565019462257623672e-03
9.590885383659042418e-06
-1.688151503913104534e-03
-7.386999204754829407e-03
5.751010961830615997e-03
6.284926086664199829e-03
2.242173766717314720e-03
4.365917760878801346e-03
6.137160118669271469e-03
1.607185462489724159e-03
3.215490607544779778e-03
4.720804281532764435e-03
8.604495087638497353e-04
-3.049819543957710266e-02
-2.353159151971340179e-02
-3.481064364314079285e-02
-2.008673176169395447e-02
-1.012500002980232239e-02
-1.936216838657855988e-02
-2.829980105161666870e-02
-1.894383132457733154e-02
-2.391384728252887726e-02
7.488812552765011787e-04
2.322756918147206306e-03
9.685609489679336548e-03
2.761685289442539215e-03
2.281196182593703270e-03
1.017218548804521561e-02
6.697254138998687267e-04
-1.890750951133668423e-03
1.222990802489221096e-03
3.362165880389511585e-04
-4.030600248370319605e-04
2.380284713581204414e-03
5.123425507918000221e-04
7.389264064840972424e-04
7.521562743932008743e-03
5.163270980119705200e-03
7.396002765744924545e-03
1.564257591962814331e-02
5.999419372528791428e-03
7.506155874580144882e-03
6.040656939148902893e-03
9.336424991488456726e-03
1.354916580021381378e-02
1.203528977930545807e-02
9.467036463320255280e-03
1.467262953519821167e-02
1.367787644267082214e-02
1.062153745442628860e-02
1.073566731065511703e-02
2.494485676288604736e-02
8.457298390567302704e-03
5.940802395343780518e-03
1.940686441957950592e-02
1.312868203967809677e-02
1.172724179923534393e-02
2.663993090391159058e-02
3.453110530972480774e-02
1.946417242288589478e-02
4.235735163092613220e-02
1.570428535342216492e-02
-4.636311787180602551e-04
1.651630178093910217e-02
1.746456138789653778e-02
1.164236222393810749e-03
1.355937402695417404e-02
3.711668029427528381e-02
2.619213424623012543e-02
2.889610454440116882e-02
1.683839783072471619e-02
7.033742731437087059e-04
4.442620556801557541e-03
1.588940061628818512e-02
-1.737611601129174232e-03
-1.423514564521610737e-03
-1.014519762247800827e-02
-2.479375805705785751e-03
-7.820474915206432343e-03
-6.453082431107759476e-03
1.013357075862586498e-03
-4.641971550881862640e-03
-1.514832396060228348e-02
-8.416764438152313232e-03
-1.539091952145099640e-02
-5.831397138535976410e-03
-5.485752131789922714e-03
-2.539024688303470612e-03
-1.029221620410680771e-02
-6.281413603574037552e-03
-1.364909345284104347e-03
-7.691360544413328171e-03
-4.533600062131881714e-03
2.688121458049863577e-04
3.025037236511707306e-02
2.803849056363105774e-02
3.909724578261375427e-02
1.494785677641630173e-02
8.333350531756877899e-03
1.614745892584323883e-02
1.926465891301631927e-02
1.330388989299535751e-02
2.244979143142700195e-02
-4.673301707953214645e-03
-3.260969242546707392e-04
-1.036212081089615822e-03
-8.224922203226014972e-05
1.947853248566389084e-03
-1.192256109789013863e-03
-6.073154509067535400e-03
-8.157847449183464050e-03
-1.339009683579206467e-02
-3.230729838833212852e-03
-5.993940401822328568e-03
-5.853910464793443680e-03
-8.476022048853337765e-04
-3.539186436682939529e-03
-3.086962504312396049e-03
-5.204743705689907074e-03
-5.020085722208023071e-03
-3.909877035766839981e-03
2.626036293804645538e-02
9.408759884536266327e-03
5.151207745075225830e-02
1.718348264694213867e-02
-6.412534508854150772e-03
3.179566934704780579e-02
5.876943841576576233e-02
3.297200426459312439e-02
6.908767670392990112e-02
9.752033278346061707e-03
-2.778395777568221092e-03
9.892188943922519684e-03
7.042168639600276947e-03
-7.597442716360092163e-03
6.646013353019952774e-04
1.989647001028060913e-02
9.208739735186100006e-03
1.676222681999206543e-02
-4.885495945927686989e-05
-2.863221568986773491e-03
-2.443860284984111786e-03
-1.644895412027835846e-02
-1.634098403155803680e-02
-1.860206760466098785e-02
-1.412577740848064423e-02
-1.841069199144840240e-02
-2.072617597877979279e-02
-1.091190427541732788e-02
-4.274813458323478699e-03
-1.124140899628400803e-02
-5.181175656616687775e-03
1.426104572601616383e-03
-5.544082261621952057e-03
-1.270071044564247131e-02
-7.284408435225486755e-03
-9.684316813945770264e-03
-5.992188584059476852e-03
1.127259689383208752e-03
1.117541920393705368e-03
-4.330142401158809662e-04
5.921645089983940125e-03
3.878487274050712585e-03
-3.339974209666252136e-03
-1.145496353274211287e-04
-4.861316643655300140e-03
1.532368268817663193e-02
7.920427247881889343e-03
1.672305352985858917e-02
6.802638061344623566e-03
-4.899032064713537693e-04
1.188023108989000320e-02
5.738804582506418228e-03
-1.089821802452206612e-03
1.065438147634267807e-02
-4.802974406629800797e-03
-5.131395068019628525e-03
1.385836396366357803e-03
-4.448006395250558853e-03
-1.467713736928999424e-03
2.950318856164813042e-03
-5.722705740481615067e-03
-3.221023362129926682e-03
-2.948994515463709831e-03
-3.633745247498154640e-03
-2.280289074406027794e-03
-8.496903814375400543e-03
-2.595260972157120705e-03
-4.399265628308057785e-03
-1.141650043427944183e-02
-2.362353261560201645e-03
-6.300146691501140594e-03
-9.772547520697116852e-03
-1.712105702608823776e-03
1.496865181252360344e-03
9.299020748585462570e-04
8.401498780585825443e-04
3.579569747671484947e-03
5.088699981570243835e-03
5.732612218707799911e-03
8.245429955422878265e-03
1.112906448543071747e-02
-1.662267744541168213e-02
-9.160563349723815918e-03
-1.421306468546390533e-02
-1.472729630768299103e-02
-6.443743128329515457e-03
-1.078285183757543564e-02
-1.314559113234281540e-02
-5.572028923779726028e-03
-1.095554977655410767e-02
-6.892570760101079941e-03
-4.482278600335121155e-03
-6.003843620419502258e-03
-4.462929908186197281e-03
6.404549349099397659e-04
-5.140559747815132141e-03
-5.727827548980712891e-03
-2.197468187659978867e-03
-6.883224938064813614e-03
2.096633688779547811e-04
3.492550691589713097e-03
6.823298055678606033e-03
-2.178876893594861031e-03
7.844417705200612545e-04
4.285838920623064041e-03
-3.921362105756998062e-03
9.052646928466856480e-04
3.396402811631560326e-03
-1.289549004286527634e-02
-1.187040749937295914e-02
-1.326953992247581482e-02
-7.429858203977346420e-03
-5.862636025995016098e-03
-8.748128078877925873e-03
-7.268967106938362122e-03
-5.317525472491979599e-03
-6.717026233673095703e-03
3.053570352494716644e-02
2.390761114656925201e-02
2.688582800328731537e-02
1.561422180384397507e-02
1.019494142383337021e-02
1.435405761003494263e-02
1.424205116927623749e-02
1.079609896987676620e-02
1.762348972260951996e-02
-1.103087700903415680e-02
-1.462646387517452240e-02
-8.719897828996181488e-03
-8.260145783424377441e-03
-7.981534115970134735e-03
-7.143756374716758728e-03
-5.220485385507345200e-03
-6.787192076444625854e-03
-7.933427579700946808e-03
2.771567087620496750e-03
3.630661871284246445e-03
1.814562245272099972e-03
4.787492216564714909e-04
2.954296069219708443e-03
9.104399941861629486e-04
-3.583171637728810310e-03
-2.364724641665816307e-03
-2.144053578376770020e-03
-2.394153177738189697e-02
-1.437993161380290985e-02
-1.888277381658554077e-02
-1.518341898918151855e-02
-7.002911064773797989e-03
-1.355298422276973724e-02
-2.406990714371204376e-02
-1.473925076425075531e-02
-2.221852913498878479e-02
2.266518957912921906e-02
9.934778325259685516e-03
3.823996987193822861e-03
2.336390502750873566e-02
1.171992346644401550e-02
8.949561044573783875e-03
3.135988488793373108e-02
1.909920945763587952e-02
1.919584535062313080e-02
-8.708852343261241913e-03
-5.809057038277387619e-03
-8.753620088100433350e-03
-2.719817915931344032e-03
-2.531316597014665604e-03
-6.807577330619096756e-03
-1.197516918182373047e-03
-1.173141063190996647e-03
-4.369536414742469788e-03
-3.382741939276456833e-03
-5.173664074391126633e-03
-1.666961819864809513e-03
-7.301897276192903519e-03
-5.702771712094545364e-03
-6.310340017080307007e-03
-1.027499604970216751e-02
-3.864731639623641968e-03
-3.236881457269191742e-03
-7.046662271022796631e-03
-1.465580658987164497e-03
-5.755339283496141434e-03
-5.364266224205493927e-03
-2.164879115298390388e-03
-9.434641338884830475e-03
-6.984653417021036148e-03
-3.812574781477451324e-03
-1.379042305052280426e-02
-1.019676774740219116e-02
-1.035813800990581512e-02
-1.195698697119951248e-02
-5.080101545900106430e-03
-5.132709629833698273e-03
-7.864143699407577515e-03
5.505987428477965295e-05
-1.454322249628603458e-03
-6.171053741127252579e-03
7.959552109241485596e-03
1.835654722526669502e-03
1.206415798515081406e-02
4.598791711032390594e-03
2.657918957993388176e-03
1.364713814109563828e-02
4.637519363313913345e-03
5.363154690712690353e-03
1.575280912220478058e-02
8.956335484981536865e-03
2.157974522560834885e-03
9.386087767779827118e-03
7.985566742718219757e-03
4.616551101207733154e-03
1.250270754098892212e-02
-1.354114152491092682e-03
-2.894079312682151794e-03
3.430953482165932655e-03
-1.147055067121982574e-02
-8.070070296525955200e-03
-6.659986451268196106e-03
-1.023486442863941193e-02
-3.199713770300149918e-03
-5.671419203281402588e-03
-1.579790003597736359e-02
-7.000645622611045837e-03
-1.090604532510042191e-02
-1.895409636199474335e-02
-1.042583864182233810e-02
-1.008092146366834641e-02
-1.171453390270471573e-02
-4.982695914804935455e-03
-7.425264455378055573e-03
-1.473489869385957718e-02
-5.373242776840925217e-03
-1.254405546933412552e-02
2.702082507312297821e-03
-1.104077207855880260e-03
4.437688039615750313e-04
7.187070790678262711e-03
1.580032054334878922e-03
1.701810280792415142e-03
1.302871666848659515e-02
6.586235947906970978e-03
7.427747361361980438e-03
-1.326963026076555252e-02
-7.334734313189983368e-03
-1.176086254417896271e-02
-1.167506910860538483e-02
-5.344976205378770828e-03
-9.948972612619400024e-03
-1.484017260372638702e-02
-9.705354459583759308e-03
-1.592072471976280212e-02
-1.539145875722169876e-02
-1.528971828520298004e-02
-1.888983696699142456e-02
-9.066116996109485626e-03
-9.214949794113636017e-03
-1.244393642991781235e-02
-4.500644281506538391e-03
-4.349867347627878189e-03
-1.265662629157304764e-02
-7.457635365426540375e-03
7.446498057106509805e-05
-7.241306826472282410e-03
-9.452254511415958405e-03
-3.514371346682310104e-03
-1.040038000792264938e-02
-1.138696912676095963e-02
-5.343571305274963379e-03
-1.638523675501346588e-02
-3.312250971794128418e-02
-1.719374395906925201e-02
-2.408870868384838104e-02
-2.326848916709423065e-02
-9.538656100630760193e-03
-2.025387249886989594e-02
-3.159974515438079834e-02
-1.952967047691345215e-02
-3.034614399075508118e-02
7.042790763080120087e-03
5.396671593189239502e-03
1.581123797222971916e-03
-1.377440290525555611e-03
-3.047816921025514603e-03
-3.748405259102582932e-03
4.294192884117364883e-03
3.515073331072926521e-03
1.634148997254669666e-03
5.031197797507047653e-03
9.355592541396617889e-03
1.613323949277400970e-02
7.101992610841989517e-03
7.602960336953401566e-03
1.061916351318359375e-02
8.471157401800155640e-03
7.920918054878711700e-03
9.338376112282276154e-03
7.345680147409439087e-03
4.804870113730430603e-03
9.576507844030857086e-03
1.875881222076714039e-03
-8.968855254352092743e-04
1.012548105791211128e-03
-5.180798470973968506e-04
-2.676485106348991394e-03
3.847140760626643896e-05
8.812463842332363129e-03
-3.704636183101683855e-04
1.015582494437694550e-02
6.006227806210517883e-03
-8.019927918212488294e-05
8.167592808604240417e-03
1.978119602426886559e-03
-9.205159149132668972e-04
6.237910594791173935e-03
2.492911741137504578e-02
1.043976284563541412e-02
2.020620554685592651e-02
1.831749267876148224e-02
7.980625145137310028e-03
1.726408302783966064e-02
1.596977375447750092e-02
6.136452779173851013e-03
1.300288271158933640e-02
-1.074146479368209839e-02
-2.980391960591077805e-03
9.942561155185103416e-04
-9.867895394563674927e-03
-3.848430234938859940e-03
-1.321713090874254704e-03
-1.196934841573238373e-02
-6.490781437605619431e-03
-4.629034083336591721e-03
1.754441112279891968e-02
1.708351820707321167e-02
2.912040054798126221e-02
8.577354252338409424e-03
5.283636506646871567e-03
1.800138503313064575e-02
1.242545526474714279e-02
6.763242185115814209e-03
1.778890937566757202e-02
1.361232483759522438e-03
4.820782225579023361e-03
6.835879758000373840e-03
-1.357768545858561993e-03
2.454565139487385750e-03
5.466667003929615021e-03
-1.703239046037197113e-03
1.915065571665763855e-03
5.729657597839832306e-03
-1.228807028383016586e-03
4.837946500629186630e-03
2.540299901738762856e-03
5.459195934236049652e-03
1.156570482999086380e-02
1.033732295036315918e-02
9.226349182426929474e-03
1.543987821787595749e-02
1.166267506778240204e-02
2.536763437092304230e-03
-4.931753501296043396e-04
8.751813322305679321e-03
1.343528507277369499e-03
-3.250991925597190857e-03
2.903450280427932739e-03
1.034006103873252869e-02
6.434811279177665710e-03
1.358878426253795624e-02
-1.425927784293889999e-02
-1.128508988767862320e-02
-1.583435386419296265e-02
-8.706931956112384796e-03
-5.303211510181427002e-03
-1.059962343424558640e-02
-1.109471172094345093e-02
-7.344535086303949356e-03
-8.683732710778713226e-03
-2.088381163775920868e-02
-1.410453114658594131e-02
-2.278707921504974365e-02
-1.168971881270408630e-02
-1.396358711645007133e-03
-1.221449021250009537e-02
-8.874011225998401642e-03
5.961901624687016010e-04
-9.737480431795120239e-03
-7.924096658825874329e-03
-1.087526418268680573e-02
-1.715127937495708466e-02
-8.683646097779273987e-03
-1.129449345171451569e-02
-1.430724933743476868e-02
-1.119328290224075317e-02
-1.013642270117998123e-02
-1.388132385909557343e-02
6.179016549140214920e-03
3.704292001202702522e-03
7.395084947347640991e-03
-1.540359109640121460e-03
5.798459169454872608e-04
2.955228323116898537e-03
-1.052315928973257542e-03
7.493720622733235359e-04
1.414868282154202461e-03
2.012516197282820940e-04
-3.761267580557614565e-04
6.230549886822700500e-03
-2.572540892288088799e-03
-2.070861170068383217e-03
5.451020319014787674e-03
-1.809698878787457943e-03
-1.168939925264567137e-04
7.390929386019706726e-03
-1.332012470811605453e-03
5.321712233126163483e-03
-4.837892483919858932e-04
2.649291418492794037e-03
7.800326682627201080e-03
1.606958452612161636e-03
-4.826948978006839752e-03
9.799052495509386063e-04
-6.084417924284934998e-03
-3.825155319646000862e-03
-4.935217555612325668e-03
-6.860294379293918610e-03
-4.709953907877206802e-03
-5.972926970571279526e-03
-9.083076380193233490e-03
-5.392135586589574814e-03
-5.563604179769754410e-03
-7.300843950361013412e-03
-1.365567930042743683e-02
-1.550003234297037125e-02
-1.575338095426559448e-02
-6.332425866276025772e-03
-9.265519678592681885e-03
-1.066973991692066193e-02
-9.854595176875591278e-03
-1.591436937451362610e-02
-1.690047606825828552e-02
8.254618383944034576e-03
4.482739605009555817e-03
4.020607564598321915e-03
1.861004391685128212e-03
8.004973060451447964e-04
3.966763615608215332e-03
7.917493581771850586e-03
5.061308853328227997e-03
8.658150210976600647e-03
-8.685532025992870331e-03
-8.937218226492404938e-03
-8.990880101919174194e-03
-1.614514854736626148e-03
-3.842856502160429955e-03
-4.749662242829799652e-03
-4.197725094854831696e-03
-6.914995145052671432e-03
-5.082876887172460556e-03
1.291944924741983414e-02
1.249540224671363831e-02
1.125167403370141983e-02
9.048928506672382355e-03
5.344197154045104980e-03
4.880627151578664780e-03
1.701960712671279907e-02
1.147458236664533615e-02
1.600543782114982605e-02
-5.873207934200763702e-03
-7.877364754676818848e-03
-5.764577072113752365e-03
-1.050603576004505157e-03
-8.872995967976748943e-04
4.129370208829641342e-04
1.143075292930006981e-03
-3.645409306045621634e-04
6.300772074609994888e-04
-2.196809509769082069e-03
1.628412166610360146e-03
5.944726057350635529e-03
1.089502125978469849e-03
-3.667788405437022448e-04
4.551443737000226974e-03
1.264251914108172059e-04
-1.029232167638838291e-03
5.472165066748857498e-03
-1.587299816310405731e-02
-1.189236994832754135e-02
-1.035629492253065109e-02
-6.136261392384767532e-03
-1.286342623643577099e-03
-4.947606939822435379e-04
1.097709638997912407e-03
2.882472937926650047e-03
5.513468058779835701e-04
-8.275024592876434326e-03
-8.219322189688682556e-03
-1.329353451728820801e-02
-6.730432622134685516e-03
-4.956538323312997818e-03
-3.858265466988086700e-03
-2.648855792358517647e-03
-7.663826690986752510e-04
-1.195726435980759561e-04
1.976401312276721001e-03
1.511406735517084599e-03
3.260275814682245255e-03
-4.638145037461072206e-04
2.020259620621800423e-03
5.164016038179397583e-03
8.333438308909535408e-04
4.703992046415805817e-03
4.662701860070228577e-03
1.077768020331859589e-02
8.381109684705734253e-03
1.506021153181791306e-02
3.902321681380271912e-03
1.479543134337291121e-04
5.291742272675037384e-03
5.931914318352937698e-03
4.030533134937286377e-03
7.782937027513980865e-03
-1.997840590775012970e-03
4.300190135836601257e-03
1.403542584739625454e-03
1.270000706426799297e-03
7.766928058117628098e-03
4.410895053297281265e-03
-1.046975259669125080e-03
1.669902703724801540e-04
-1.977440202608704567e-03
-1.129646669141948223e-03
-1.755754114128649235e-03
-7.749349810183048248e-03
-1.834503607824444771e-03
-1.662343856878578663e-03
-5.843772552907466888e-03
-4.026079084724187851e-03
-1.744904322549700737e-03
-7.057260721921920776e-03
-9.854238480329513550e-03
-1.125934626907110214e-02
-1.502048037946224213e-02
-8.325246162712574005e-03
-6.806802004575729370e-03
-7.140517700463533401e-03
-1.048832014203071594e-02
-6.655719131231307983e-03
-4.041362088173627853e-03
1.738958060741424561e-02
1.751644164323806763e-02
1.505229063332080841e-02
9.442941285669803619e-03
8.604232221841812134e-03
6.982937920838594437e-03
1.147444266825914383e-02
1.372770126909017563e-02
1.197494752705097198e-02
-6.451904773712158203e-03
-3.266870742663741112e-03
-8.773615583777427673e-03
-2.928803907707333565e-03
-1.836208044551312923e-03
-7.699123583734035492e-03
-2.770221093669533730e-03
-6.553019862622022629e-03
-1.334972307085990906e-02
1.551982853561639786e-02
8.995442651212215424e-03
1.946635171771049500e-02
7.257688324898481369e-03
1.206954941153526306e-03
1.146678533405065536e-02
8.172743953764438629e-03
2.951464150100946426e-03
1.090702135115861893e-02
1.524074003100395203e-02
7.010511588305234909e-03
1.786486804485321045e-02
1.145596615970134735e-02
3.057626541703939438e-03
1.316274330019950867e-02
2.083199098706245422e-02
1.365131791681051254e-02
2.441984787583351135e-02
-1.298966002650558949e-03
2.056770259514451027e-03
9.501321073912549764e-06
-8.757385512581095099e-05
2.358515746891498566e-03
-5.986632913845824078e-06
2.746361540630459785e-03
4.132350906729698181e-03
3.526862943544983864e-03
-1.146945636719465256e-03
-7.952568121254444122e-03
-6.493499968200922012e-03
-8.699470199644565582e-03
-1.653483696281909943e-02
-1.437841635197401047e-02
-6.929503753781318665e-03
-1.561596617102622986e-02
-1.298065204173326492e-02
-1.794266700744628906e-02
-8.944899775087833405e-03
-1.036117225885391235e-02
-8.294343017041683197e-03
-1.714566024020314217e-03
-3.528234083205461502e-03
-1.543432287871837616e-02
-8.881385438144207001e-03
-7.729588542133569717e-03
2.213219925761222839e-02
1.850629108957946301e-03
1.932865940034389496e-02
1.980736106634140015e-02
-3.094369778409600258e-03
1.526035368442535400e-02
4.137497767806053162e-02
1.995982974767684937e-02
3.896278142929077148e-02
-1.067329570651054382e-02
-1.486646663397550583e-02
-1.625002920627593994e-02
-1.141720730811357498e-02
-9.442351758480072021e-03
-1.299444958567619324e-02
-6.193843204528093338e-03
-4.344412591308355331e-03
-8.135343901813030243e-03
-2.384240971878170967e-03
-2.425888087600469589e-03
-1.581970951519906521e-03
-6.077520083636045456e-03
-4.861067514866590500e-03
-5.775555968284606934e-03
-6.547367665916681290e-03
-5.959431175142526627e-03
-7.479886990040540695e-03
3.209017217159271240e-03
6.184914964251220226e-04
2.277206629514694214e-03
-3.203050000593066216e-03
-2.729424275457859039e-03
-3.390786238014698029e-03
2.013650955632328987e-03
9.688866557553410530e-04
2.557497471570968628e-03
3.196987137198448181e-02
2.309982292354106903e-02
2.533319592475891113e-02
1.607922837138175964e-02
5.034472327679395676e-03
1.036474574357271194e-02
1.205681916326284409e-02
4.048155620694160461e-03
5.057197529822587967e-03
6.309601012617349625e-03
3.134746337309479713e-03
4.994875751435756683e-03
3.984356299042701721e-03
1.153339748270809650e-03
2.502887742593884468e-03
5.748284980654716492e-03
3.848579013720154762e-03
4.556029103696346283e-03
-9.347642771899700165e-03
-5.656761117279529572e-03
-1.324100513011217117e-02
-8.850116282701492310e-03
-3.384001087397336960e-03
-8.582237176597118378e-03
-1.598089747130870819e-02
-1.040470600128173828e-02
-1.428067218512296677e-02
-1.751897973008453846e-03
-4.059155005961656570e-03
-2.593159908428788185e-03
2.556359395384788513e-03
3.656394255813211203e-05
2.837565261870622635e-04
6.950551760382950306e-04
-4.563909315038472414e-04
-5.015479982830584049e-04
4.983185324817895889e-03
1.243859063833951950e-02
1.074558217078447342e-02
4.876022227108478546e-03
8.970723487436771393e-03
1.147577818483114243e-02
8.126368746161460876e-03
1.322420593351125717e-02
1.609287969768047333e-02
1.566511206328868866e-02
1.231827586889266968e-02
1.111813448369503021e-02
1.117492839694023132e-02
6.680672522634267807e-03
5.965375341475009918e-03
1.330930087715387344e-02
7.989313453435897827e-03
8.991709910333156586e-03
-7.976475171744823456e-03
-1.174515951424837112e-02
-1.961156725883483887e-03
-1.613490097224712372e-02
-2.544639073312282562e-02
-1.516194455325603485e-02
-5.616693757474422455e-03
-1.594100333750247955e-02
-7.820281200110912323e-03
7.347927428781986237e-03
6.840545218437910080e-03
3.636561086750589311e-05
3.617516485974192619e-03
3.284157719463109970e-03
-2.498531714081764221e-03
1.606527250260114670e-03
2.339022321393713355e-04
-5.278726574033498764e-03
-2.130811568349599838e-03
1.068365760147571564e-03
-3.405370051041245461e-03
-4.122834652662277222e-03
-1.590618863701820374e-03
-6.469081621617078781e-03
-7.335136178880929947e-03
-6.961356848478317261e-03
-1.304728724062442780e-02
4.114028532058000565e-03
-1.417712890543043613e-03
5.114444997161626816e-03
-4.893596749752759933e-03
-1.078709866851568222e-02
-5.312351975589990616e-03
-5.421499256044626236e-03
-9.251364506781101227e-03
-6.837212946265935898e-03
2.497217617928981781e-02
2.002840302884578705e-02
2.406857721507549286e-02
1.072742510586977005e-02
5.237493198364973068e-03
1.353000756353139877e-02
1.033641491085290909e-02
7.395822554826736450e-03
1.424633525311946869e-02
-1.318235881626605988e-02
-9.528756141662597656e-03
-1.109876576811075211e-02
-1.201759744435548782e-02
-7.229549344629049301e-03
-9.086236357688903809e-03
-1.527426578104496002e-02
-1.044359616935253143e-02
-1.442801579833030701e-02
-1.378815039061009884e-03
-1.463313470594584942e-03
6.896010017953813076e-04
4.331084899604320526e-03
2.449917839840054512e-03
3.806275548413395882e-03
2.866247436031699181e-03
4.065141081809997559e-03
6.491023581475019455e-03
-5.880184937268495560e-03
-6.800199393182992935e-03
-5.220027174800634384e-03
-3.704194677993655205e-03
-6.968394387513399124e-03
-2.372041344642639160e-03
-1.151997246779501438e-03
-1.164173125289380550e-03
-1.590601168572902679e-04
7.160210981965065002e-03
7.074309978634119034e-03
8.142089471220970154e-03
5.043828394263982773e-03
3.720648121088743210e-03
2.883983775973320007e-03
5.002613645046949387e-03
3.617573762312531471e-03
2.078649355098605156e-03
-2.934539923444390297e-03
-2.891070209443569183e-03
4.315393045544624329e-03
-2.546167001128196716e-03
-5.179817322641611099e-03
3.018131712451577187e-03
-3.893850662279874086e-04
-4.822365473955869675e-03
3.569531021639704704e-03
-1.185674872249364853e-02
-7.886298932135105133e-03
-1.254798099398612976e-02
-4.777676425874233246e-03
-5.351787549443542957e-04
-6.782558746635913849e-03
-8.291982114315032959e-03
-2.303053159266710281e-03
-6.377778947353363037e-03
-3.286561230197548866e-03
-3.159191925078630447e-03
-6.084316992200911045e-04
-3.659851849079132080e-03
-3.180551342666149139e-03
-3.239182755351066589e-03
-3.606047714129090309e-03
-5.594207439571619034e-03
-6.627592723816633224e-03
-5.208809860050678253e-03
-8.960358798503875732e-03
-1.125138159841299057e-02
-5.090369377285242081e-03
-7.299350108951330185e-03
-8.493416942656040192e-03
4.118300974369049072e-03
6.501264288090169430e-04
-3.825591193162836134e-05
7.226743735373020172e-03
4.952452611178159714e-03
2.273011393845081329e-02
3.551385132595896721e-03
3.371923463419079781e-03
1.879107207059860229e-02
7.081924937665462494e-03
6.234467495232820511e-03
2.675687521696090698e-02
-2.952014096081256866e-03
-2.669765846803784370e-03
-3.514624200761318207e-03
-3.952919971197843552e-03
-4.048526287078857422e-03
-5.145480856299400330e-03
-3.808669047430157661e-03
-5.153061356395483017e-04
-2.293288162036333233e-05
1.009255461394786835e-02
9.902128949761390686e-03
9.308449923992156982e-03
7.419640198349952698e-03
6.962010636925697327e-03
6.872316822409629822e-03
7.039409130811691284e-03
5.848575849086046219e-03
4.341043066233396530e-03
-1.745225116610527039e-02
-1.044150907546281815e-02
-1.486146729439496994e-02
-9.748136624693870544e-03
-4.427487496286630630e-03
-1.035376172512769699e-02
-1.030201464891433716e-02
-6.868403870612382889e-03
-1.479970104992389679e-02
3.560984041541814804e-03
1.884924829937517643e-03
-3.126335213892161846e-04
1.691772922640666366e-04
-1.534975017420947552e-03
1.909791375510394573e-03
7.712090387940406799e-03
1.013100799173116684e-02
9.568616747856140137e-03
5.483632907271385193e-03
2.414152026176452637e-03
8.160850033164024353e-03
5.425323732197284698e-03
2.658442826941609383e-03
7.188157644122838974e-03
8.745228871703147888e-03
5.145889706909656525e-03
7.693330757319927216e-03
-3.844877937808632851e-04
1.968804746866226196e-03
1.616403344087302685e-03
-1.309393439441919327e-03
6.677521741949021816e-04
-1.351344399154186249e-04
-3.040566807612776756e-04
-9.128794772550463676e-04
-1.100729918107390404e-03
-5.191504489630460739e-03
-3.627105383202433586e-03
-7.308233994990587234e-03
-3.662948729470372200e-03
-2.069965703412890434e-03
-6.041744258254766464e-03
-5.930969025939702988e-03
-2.177448011934757233e-03
-7.290078327059745789e-03
-5.035557784140110016e-03
-2.541945315897464752e-03
3.845486498903483152e-04
-4.779684357345104218e-03
-3.741759574040770531e-03
6.105705397203564644e-04
-5.889615509659051895e-03
-5.466585513204336166e-03
-2.989452332258224487e-03
-1.771169342100620270e-02
-9.589899331331253052e-03
-1.735816523432731628e-02
-9.705387055873870850e-03
-4.968949127942323685e-03
-1.153931301087141037e-02
-1.240914408117532730e-02
-1.064366195350885391e-02
-1.551040727645158768e-02
3.174915537238121033e-02
2.015495859086513519e-02
2.678670547902584076e-02
1.805548183619976044e-02
5.245035514235496521e-03
1.187268458306789398e-02
2.855703793466091156e-02
1.479005627334117889e-02
2.250118926167488098e-02
1.619901321828365326e-02
6.720760371536016464e-03
1.037672720849514008e-02
9.001276455819606781e-03
3.050082363188266754e-03
5.036589689552783966e-03
8.321857079863548279e-03
3.961171954870223999e-03
4.437198396772146225e-03
3.188289003446698189e-03
1.078813802450895309e-03
2.059909747913479805e-03
3.370655700564384460e-03
1.842901343479752541e-03
5.623653996735811234e-03
4.821254871785640717e-03
1.650777296163141727e-03
3.247929271310567856e-03
-2.750554820522665977e-03
-1.194648211821913719e-03
-1.736696867737919092e-05
-9.974523709388449788e-05
-4.811908293049782515e-04
-2.992656081914901733e-03
4.374625568743795156e-04
-1.842267578467726707e-03
-4.712000954896211624e-03
1.606679579708725214e-04
1.938808825798332691e-03
5.390243139117956161e-03
1.991053111851215363e-03
3.400205401703715324e-03
6.659344770014286041e-03
3.294881433248519897e-03
5.449004936963319778e-03
8.621688932180404663e-03
3.003372112289071083e-03
1.859236974269151688e-03
5.531023271032609046e-05
-3.353845386300235987e-04
-1.329605234786868095e-03
-5.347377154976129532e-04
-2.404009923338890076e-03
-2.273430582135915756e-03
5.887320148758590221e-04
-1.608770154416561127e-02
-1.271876972168684006e-02
-1.596058905124664307e-02
-1.547419466078281403e-02
-8.414717391133308411e-03
-1.057659368962049484e-02
-2.422638423740863800e-02
-1.981487683951854706e-02
-2.545864321291446686e-02
5.955528467893600464e-03
2.401412930339574814e-03
2.936696866527199745e-03
5.551432259380817413e-03
5.033134366385638714e-04
1.294665155000984669e-03
1.546425092965364456e-02
8.243069984018802643e-03
1.336002163589000702e-02
3.946857526898384094e-03
-4.404646169859915972e-04
5.233494099229574203e-03
7.031081710010766983e-03
2.836749190464615822e-03
7.282144390046596527e-03
1.829257421195507050e-02
1.406381838023662567e-02
1.905708014965057373e-02
1.610981486737728119e-02
-6.831351667642593384e-03
1.179566513746976852e-02
7.354389876127243042e-03
-1.270972192287445068e-02
5.143303424119949341e-03
3.720301017165184021e-02
1.902375929057598114e-02
4.281106963753700256e-02
-3.499547485262155533e-03
-4.443472251296043396e-03
-7.629475556313991547e-03
-2.469715429469943047e-03
-1.452560652978718281e-03
-3.580579534173011780e-03
-4.317526239901781082e-03
-1.976081868633627892e-03
-5.354231689125299454e-03
-1.862549455836415291e-03
-2.847564173862338066e-04
8.115749806165695190e-03
-2.464828779920935631e-03
1.759058330208063126e-03
6.475407630205154419e-03
9.827624307945370674e-04
2.928583882749080658e-03
7.886012084782123566e-03
3.051988035440444946e-02
3.242261335253715515e-02
3.544345870614051819e-02
2.735194377601146698e-02
2.692984975874423981e-02
3.200980275869369507e-02
6.542508956044912338e-03
5.323135759681463242e-03
6.525433622300624847e-03
1.777634955942630768e-02
1.245819311589002609e-02
1.426162943243980408e-02
2.599044702947139740e-02
1.770845800638198853e-02
1.873277872800827026e-02
3.420370817184448242e-02
3.085287846624851227e-02
3.224253654479980469e-02
-5.453818012028932571e-03
-4.576014820486307144e-03
-1.730748452246189117e-03
-3.606407262850552797e-04
1.493689487688243389e-03
4.725619219243526459e-03
-4.717406351119279861e-03
-1.795374439097940922e-03
4.274992679711431265e-04
4.617587476968765259e-02
3.741425275802612305e-02
5.014506354928016663e-02
2.743415348231792450e-02
1.362437382340431213e-02
2.409207820892333984e-02
3.878768160939216614e-02
2.640363946557044983e-02
2.527953498065471649e-02
1.760591752827167511e-02
1.259890757501125336e-02
1.796299032866954803e-02
1.169334072619676590e-02
8.708134293556213379e-03
1.483119744807481766e-02
1.575423963367938995e-02
1.532342005521059036e-02
1.841743104159832001e-02
-1.394066307693719864e-02
-1.266215275973081589e-02
-1.387568376958370209e-02
-6.489644292742013931e-03
-4.224629607051610947e-03
-6.965943146497011185e-03
-1.529969274997711182e-02
-1.147055253386497498e-02
-9.244049899280071259e-03
2.632310148328542709e-03
2.267735311761498451e-03
3.278387943282723427e-03
1.888491562567651272e-03
-1.854493515565991402e-03
-3.208589740097522736e-03
1.529555767774581909e-03
-5.833268514834344387e-04
-3.039104631170630455e-03
6.911824923008680344e-03
4.318849649280309677e-03
6.186942337080836296e-04
9.828894399106502533e-03
7.867294363677501678e-03
3.023750847205519676e-03
1.831724075600504875e-03
-4.493962478591129184e-05
-5.384776275604963303e-03
-1.819855906069278717e-02
-1.290368195623159409e-02
-2.818794921040534973e-02
-1.405240222811698914e-02
-4.141884390264749527e-03
-1.716795004904270172e-02
-1.863773912191390991e-02
-6.490424275398254395e-03
-1.502281147986650467e-02
-2.703792601823806763e-02
-1.829305477440357208e-02
-2.412292733788490295e-02
-1.484319381415843964e-02
-8.086552843451499939e-03
-1.095907203853130341e-02
-1.252287905663251877e-02
-5.589126143604516983e-03
-5.627165082842111588e-03
-1.204277668148279190e-02
-1.279538590461015701e-02
-1.432959921658039093e-02
-9.187318384647369385e-03
-6.741847842931747437e-03
-6.877761334180831909e-03
-1.645048148930072784e-02
-1.461465936154127121e-02
-1.690770499408245087e-02
5.781993968412280083e-04
3.030597465112805367e-03
5.062879063189029694e-04
-3.170122858136892319e-03
-2.181914169341325760e-03
-2.563320565968751907e-03
9.327944280812516809e-05
2.052910858765244484e-03
1.814078539609909058e-03
-2.948236465454101562e-02
-2.776273339986801147e-02
-3.185398876667022705e-02
-1.982698589563369751e-02
-1.513666007667779922e-02
-1.960774697363376617e-02
-3.178238868713378906e-02
-2.509977668523788452e-02
-3.032007254660129547e-02
7.833638228476047516e-03
2.298735547810792923e-03
4.361759871244430542e-03
4.302411340177059174e-03
-1.117326784878969193e-03
2.901056781411170959e-03
8.320226334035396576e-03
2.873391378670930862e-03
6.791667547076940536e-03
1.714310236275196075e-02
1.037894003093242645e-02
1.104546897113323212e-02
1.886060088872909546e-02
1.127678249031305313e-02
1.206507161259651184e-02
2.029762417078018188e-02
1.205987855792045593e-02
1.181838754564523697e-02
3.967878874391317368e-03
8.673415868543088436e-04
4.209959879517555237e-03
6.736463401466608047e-03
4.078596364706754684e-03
7.942800410091876984e-03
-4.999385681003332138e-03
-4.984700586646795273e-03
2.671071561053395271e-04
-1.851046085357666016e-02
-1.275879051536321640e-02
-2.658281289041042328e-02
-1.211326289921998978e-02
-3.255450865253806114e-03
-2.123033255338668823e-02
-3.706054762005805969e-02
-2.845199406147003174e-02
-4.656196385622024536e-02
-1.256692223250865936e-02
-1.422862987965345383e-02
-5.390627309679985046e-03
-1.676939614117145538e-02
-1.871892996132373810e-02
-1.522771082818508148e-02
-6.988903973251581192e-03
-9.181977249681949615e-03
-2.111239824444055557e-03
1.370633766055107117e-02
-6.917562132002785802e-05
6.353254429996013641e-03
1.471985597163438797e-02
3.076858120039105415e-03
1.310199405997991562e-02
3.172645717859268188e-02
2.481246180832386017e-02
3.444975987076759338e-02
2.128102816641330719e-03
-6.164211663417518139e-04
3.497891360893845558e-03
1.754678087309002876e-03
-3.002953890245407820e-04
1.932356623001396656e-03
-1.320114824920892715e-03
-2.777610439807176590e-03
-2.880775602534413338e-03
-1.034359796904027462e-03
-3.950981888920068741e-03
3.396754153072834015e-03
-9.813673095777630806e-04
-3.007118357345461845e-03
5.186589434742927551e-03
4.910164512693881989e-03
1.070406869985163212e-03
7.999392226338386536e-03
3.282940946519374847e-03
5.013341549783945084e-03
-9.176935418508946896e-04
2.563811140134930611e-03
4.998937249183654785e-03
-2.239153487607836723e-03
-7.604165468364953995e-03
-4.045519512146711349e-03
-9.360458701848983765e-03
1.122702378779649734e-02
1.858460344374179840e-02
2.258009836077690125e-02
1.552788168191909790e-02
1.468835584819316864e-02
2.447260543704032898e-02
1.455961540341377258e-02
1.718143001198768616e-02
2.202482149004936218e-02
-1.559662446379661560e-02
-1.147646363824605942e-02
-1.427418086677789688e-02
-1.010521221905946732e-02
-3.567099571228027344e-03
-8.952395990490913391e-03
-1.272290386259555817e-02
-1.039459835737943649e-02
-1.733898743987083435e-02
1.546113379299640656e-02
1.503183692693710327e-02
2.017468400299549103e-02
4.262355156242847443e-03
5.223171785473823547e-03
9.935869835317134857e-03
4.268519114702939987e-03
5.008655600249767303e-03
7.031415589153766632e-03
-2.837023697793483734e-03
-1.078387722373008728e-03
4.431889858096837997e-03
-3.445137524977326393e-03
1.534067792817950249e-03
5.283666774630546570e-03
-6.386903114616870880e-03
1.963771879673004150e-03
1.039218157529830933e-03
-7.568160071969032288e-03
-7.413059473037719727e-03
-1.154192443937063217e-02
-5.497868638485670090e-03
-4.796385765075683594e-03
-7.842089980840682983e-03
-2.775381319224834442e-03
-9.987642988562583923e-04
-4.028768744319677353e-03
2.345643239095807076e-03
-2.465683501213788986e-03
-4.766909405589103699e-03
3.249588655307888985e-03
2.225755015388131142e-03
-4.503252566792070866e-04
-3.470287658274173737e-03
-5.987471900880336761e-03
-7.571917027235031128e-03
8.778076618909835815e-03
9.492035023868083954e-03
1.643613725900650024e-02
1.174865942448377609e-02
1.156985480338335037e-02
2.165484242141246796e-02
7.295717950910329819e-03
7.936155423521995544e-03
1.722473464906215668e-02
5.934187793172895908e-04
1.207436062395572662e-02
2.661694306880235672e-03
1.085346378386020660e-02
2.337420545518398285e-02
1.382421702146530151e-02
-3.253068774938583374e-03
7.568502798676490784e-03
4.910778370685875416e-04
-5.149923264980316162e-03
-5.094112362712621689e-03
-2.413365524262189865e-03
-5.065923556685447693e-03
-4.928214475512504578e-03
-1.840091776102781296e-03
-6.265341304242610931e-03
-7.383170071989297867e-03
-6.193265784531831741e-03
-3.127581905573606491e-03
-1.677999622188508511e-03
-4.888000548817217350e-04
-9.884807514026761055e-04
-6.219547940418124199e-04
5.994903040118515491e-04
5.047811195254325867e-03
5.942952819168567657e-03
8.373154327273368835e-03
1.584044657647609711e-02
1.509378477931022644e-02
5.557928234338760376e-03
9.674171917140483856e-03
1.260527689009904861e-02
2.924127969890832901e-03
9.990629740059375763e-03
1.475504133850336075e-02
4.816346336156129837e-03
-1.337043009698390961e-02
-6.008976604789495468e-03
-1.112472545355558395e-02
-5.216095596551895142e-03
2.788347424939274788e-03
-3.607497317716479301e-03
-4.095279145985841751e-03
1.842696103267371655e-03
-1.759240753017365932e-03
-5.301157012581825256e-03
-2.654484007507562637e-03
4.536334890872240067e-04
3.482369356788694859e-04
4.120045807212591171e-03
4.198267124593257904e-03
-6.695344578474760056e-03
-2.440541749820113182e-03
-4.573403391987085342e-03
-7.677119574509561062e-04
-4.835646599531173706e-03
-1.102670282125473022e-02
-4.446506864042021334e-05
-1.587632345035672188e-03
-6.525288335978984833e-03
-1.292739994823932648e-03
-3.716666717082262039e-03
-9.266132488846778870e-03
6.892199744470417500e-04
-1.318527502007782459e-03
4.593084158841520548e-04
-7.977479137480258942e-03
-7.540092803537845612e-03
-8.047137409448623657e-03
-5.329856183379888535e-03
-5.148591008037328720e-03
-7.131393998861312866e-03
1.050915755331516266e-02
4.307628609240055084e-03
9.314257767982780933e-04
8.211216889321804047e-03
1.761233434081077576e-03
7.638623355887830257e-04
1.670502871274948120e-02
8.970196358859539032e-03
7.258407771587371826e-03
-1.676768623292446136e-02
-8.048896677792072296e-03
-2.127519808709621429e-02
-5.477894097566604614e-03
1.837761141359806061e-03
-1.180196832865476608e-02
-8.984406478703022003e-03
-6.892514880746603012e-03
-1.335221994668245316e-02
8.199070580303668976e-03
7.390895392745733261e-03
6.392872892320156097e-03
3.158334642648696899e-03
1.751657342538237572e-03
2.435290254652500153e-03
6.003902759402990341e-03
7.158091291785240173e-03
1.101179327815771103e-02
-2.573083620518445969e-03
-4.479508846998214722e-03
-5.178890191018581390e-03
-5.750587675720453262e-03
-7.459392771124839783e-03
-5.801213439553976059e-03
-5.615743342787027359e-03
-8.277677930891513824e-03
-4.187176004052162170e-03
-7.031750399619340897e-03
-5.678182467818260193e-03
-9.767994284629821777e-03
-2.482018200680613518e-03
-9.087953949347138405e-04
-4.857308696955442429e-03
-4.741983022540807724e-03
-1.623176503926515579e-03
-4.147299099713563919e-03
-1.308556087315082550e-02
-9.391551837325096130e-03
-2.011408656835556030e-02
-7.659850176423788071e-03
-6.020781118422746658e-03
-1.152604632079601288e-02
-3.109094221144914627e-03
-2.470163628458976746e-03
-7.119926624000072479e-03
-5.681520327925682068e-03
-7.739605847746133804e-03
-1.346409041434526443e-02
-2.148927655071020126e-03
-1.501554157584905624e-03
-7.113803643733263016e-03
-2.871761796995997429e-03
-2.929481444880366325e-03
-3.961122594773769379e-03
-4.761305637657642365e-03
-2.986402716487646103e-03
9.559543104842305183e-04
-7.308337953872978687e-04
-4.602424451150000095e-04
3.742174012586474419e-03
4.322824068367481232e-03
-1.752024749293923378e-03
-2.081940474454313517e-04
4.232059419155120850e-02
2.564917132258415222e-02
5.670501664280891418e-02
2.509984560310840607e-02
6.086638197302818298e-03
3.170264139771461487e-02
5.244144424796104431e-02
2.827429398894309998e-02
5.757991224527359009e-02
-1.475036237388849258e-02
-1.628358848392963409e-02
-1.946126297116279602e-02
-1.076829712837934494e-02
-3.829693654552102089e-03
-1.424378715455532074e-02
-1.528091728687286377e-02
-1.347348932176828384e-02
-2.218224853277206421e-02
-4.529123660176992416e-03
-1.228251727297902107e-03
-4.500192124396562576e-03
-8.637584745883941650e-03
-6.794134154915809631e-03
-1.307114399969577789e-02
-1.186680514365434647e-02
-9.435676038265228271e-03
-1.807280071079730988e-02
-1.556581002660095692e-03
1.694220118224620819e-03
-5.679834634065628052e-03
9.253607713617384434e-04
6.500646937638521194e-03
-6.857693661004304886e-03
-1.359332725405693054e-02
-8.938098326325416565e-03
-2.497915551066398621e-02
2.282812725752592087e-03
-1.361572416499257088e-03
3.086645388975739479e-03
3.770944196730852127e-03
2.350613707676529884e-03
7.069470826536417007e-03
9.247854351997375488e-03
7.490037009119987488e-03
9.843306615948677063e-03
1.611339487135410309e-02
3.982690395787358284e-04
-4.952786955982446671e-03
1.502474397420883179e-02
2.770218299701809883e-03
-2.169678919017314911e-03
1.405012980103492737e-02
4.013193305581808090e-03
-2.912935335189104080e-03
1.322980038821697235e-02
4.072271753102540970e-03
1.352971885353326797e-02
9.207070805132389069e-03
4.351076786406338215e-04
9.361670352518558502e-03
9.577480144798755646e-03
3.897940972819924355e-03
1.188477873802185059e-02
-5.050829611718654633e-03
2.538715489208698273e-03
-1.704093883745372295e-03
-3.072148421779274940e-03
3.175192978233098984e-03
-4.324357490986585617e-03
-1.045761629939079285e-02
-3.991018980741500854e-03
-1.404299959540367126e-02
-1.063517946749925613e-02
-6.122023798525333405e-03
-1.540625747293233871e-02
-4.532405640929937363e-03
-1.557795912958681583e-03
-1.097238995134830475e-02
-6.551331374794244766e-03
-6.534986197948455811e-03
-1.546434778720140457e-02
3.539583086967468262e-02
2.469757385551929474e-02
3.674666583538055420e-02
1.503213867545127869e-02
2.462953561916947365e-03
9.735394269227981567e-03
1.116576511412858963e-02
3.597729373723268509e-03
1.181735843420028687e-02
-8.706853725016117096e-03
-3.324009710922837257e-03
-8.859332650899887085e-03
-7.651909720152616501e-03
1.703025540336966515e-03
-4.616539925336837769e-03
-1.919926144182682037e-02
-9.739298373460769653e-03
-1.723503693938255310e-02
-1.083035301417112350e-02
-5.786663852632045746e-03
-4.165083635598421097e-03
-1.066336221992969513e-02
-4.695324227213859558e-03
-2.894366392865777016e-03
-9.917231276631355286e-03
-5.649899132549762726e-03
-3.926130943000316620e-03
3.125998424366116524e-03
9.876457042992115021e-04
-2.484642900526523590e-03
1.899503869935870171e-03
1.565432874485850334e-03
-3.533269977197051048e-03
-1.820954727008938789e-03
-1.421111752279102802e-03
-3.903423203155398369e-03
-3.998949658125638962e-03
-1.032974291592836380e-02
-1.262722164392471313e-02
-4.013483412563800812e-03
-7.977160625159740448e-03
-1.087283063679933548e-02
-6.037179846316576004e-03
-1.215105503797531128e-02
-1.368899922817945480e-02
-1.398888067342340946e-03
-2.397258998826146126e-03
-1.297078444622457027e-03
-2.198318718001246452e-03
-3.986262716352939606e-03
-4.830346442759037018e-03
-5.428450182080268860e-03
-6.620828527957201004e-03
-8.320104330778121948e-03
-8.302591741085052490e-03
-5.061537958681583405e-03
-8.719736710190773010e-03
-4.085979890078306198e-03
1.215983182191848755e-03
-1.213582116179168224e-03
-5.114655941724777222e-03
-1.792958209989592433e-05
-2.413068199530243874e-03
-3.993152175098657608e-03
-7.841690239729359746e-05
-4.856778774410486221e-03
-4.179232288151979446e-03
7.034637383185327053e-04
-2.579711377620697021e-03
-6.662681698799133301e-03
-1.429327297955751419e-03
-3.967400174587965012e-03
3.393187362235039473e-04
2.902115229517221451e-03
-3.697997424751520157e-03
-1.172787393443286419e-03
2.061720471829175949e-03
-3.660772694274783134e-03
-5.709013435989618301e-03
-9.724780102260410786e-04
-5.102832335978746414e-03
-5.570137873291969299e-04
-2.572980010882019997e-03
-2.663246821612119675e-03
-3.684877417981624603e-03
-6.077392958104610443e-03
-6.514106411486864090e-03
-8.635761216282844543e-03
-1.414643693715333939e-02
-1.515713986009359360e-02
-5.915679968893527985e-03
-5.762663669884204865e-03
-8.549368940293788910e-03
-6.746613420546054840e-03
-4.461442120373249054e-03
-6.631842814385890961e-03
-1.038431073538959026e-03
1.240078592672944069e-03
-4.418925673235207796e-04
6.932748481631278992e-03
5.814419128000736237e-03
9.081653319299221039e-03
1.478799805045127869e-02
9.412587620317935944e-03
1.594608835875988007e-02
1.519740000367164612e-02
8.272130042314529419e-03
1.518808677792549133e-02
7.323550991714000702e-03
1.723774708807468414e-03
4.807524383068084717e-03
6.744252052158117294e-03
-3.748372546397149563e-04
2.569901989772915840e-03
1.190052181482315063e-02
5.370904225856065750e-03
1.021201536059379578e-02
-1.036494411528110504e-02
-8.649539202451705933e-03
-8.947500959038734436e-03
-3.092235419899225235e-03
-2.266254741698503494e-03
-3.448775270953774452e-03
-3.485823515802621841e-03
-4.224041942507028580e-03
-6.605209317058324814e-03
3.101214533671736717e-03
6.486062775366008282e-04
-2.484855940565466881e-03
2.665028208866715431e-03
5.802346859127283096e-04
-2.735502086579799652e-03
-2.357404213398694992e-03
-3.245279425755143166e-03
-9.066202677786350250e-03
1.980919204652309418e-02
1.278102584183216095e-02
1.989917084574699402e-02
5.883949343115091324e-03
-3.183848748449236155e-04
7.690236438065767288e-03
1.105591934174299240e-02
6.234652362763881683e-03
1.321902032941579819e-02
8.178471587598323822e-03
5.096624605357646942e-03
6.024569738656282425e-03
2.568702911958098412e-03
4.090318689122796059e-04
6.531769176945090294e-04
1.109048607759177685e-03
-4.663722065743058920e-04
1.582191209308803082e-03
-3.422518726438283920e-03
-2.450742525979876518e-03
-4.212765954434871674e-03
-3.212976036593317986e-03
-2.707429928705096245e-03
-5.743149667978286743e-03
-8.468276821076869965e-03
-7.673553191125392914e-03
-9.292334318161010742e-03
4.303989000618457794e-03
3.649830818176269531e-03
1.865477534011006355e-03
7.181201130151748657e-03
5.180694628506898880e-03
4.343765787780284882e-03
4.150516819208860397e-03
4.625171888619661331e-03
4.746952094137668610e-03
-1.117805484682321548e-02
-7.214528508484363556e-03
-7.781568448990583420e-03
-8.856533095240592957e-03
-5.536034703254699707e-03
-8.572482503950595856e-03
-1.240350119769573212e-02
-8.327594026923179626e-03
-1.089553534984588623e-02
1.234348048456013203e-03
-1.736652571707963943e-03
-1.794656622223556042e-03
2.423196565359830856e-03
4.816531436517834663e-04
4.941461957059800625e-04
1.597632188349962234e-03
-5.673241685144603252e-04
-1.268271938897669315e-03
-1.123613095842301846e-03
-4.406261257827281952e-03
-1.548836298752576113e-04
-2.728498540818691254e-03
-3.919793758541345596e-03
1.107181422412395477e-03
1.563584781251847744e-03
2.305782254552468657e-04
7.043266668915748596e-03
1.438902108930051327e-03
2.002867404371500015e-03
-7.000069017522037029e-04
1.683389302343130112e-03
1.769498689100146294e-03
5.172768724150955677e-04
-2.013276098296046257e-04
2.245035022497177124e-03
1.676052110269665718e-03
-9.275097982026636600e-04
-3.336370689794421196e-03
-8.647954091429710388e-03
-1.901636831462383270e-03
-2.383115701377391815e-03
-9.443336166441440582e-03
-7.987541146576404572e-03
-6.736550480127334595e-03
-1.335019711405038834e-02
1.350820343941450119e-02
2.664294792339205742e-03
7.803474087268114090e-03
8.310947567224502563e-03
-2.227037912234663963e-03
8.168955682776868343e-04
1.057470589876174927e-02
1.734959078021347523e-03
6.471262313425540924e-03
1.794273033738136292e-03
2.454146277159452438e-03
-4.102876409888267517e-03
-7.961796945892274380e-04
2.893797587603330612e-03
-2.024112036451697350e-03
-5.491295829415321350e-03
-3.563713107723742723e-04
-4.992129281163215637e-03
1.618681475520133972e-02
8.830957114696502686e-03
7.960175164043903351e-03
1.219025813043117523e-02
4.879848565906286240e-03
4.270324949175119400e-03
9.622884914278984070e-03
1.372381462715566158e-03
3.231960872653871775e-04
-4.088909365236759186e-03
-9.251439012587070465e-03
-6.472734734416007996e-03
-8.638837374746799469e-03
-1.045617181807756424e-02
-7.587663363665342331e-03
2.147239574696868658e-04
-3.590251086279749870e-03
-5.559245473705232143e-04
-5.733850412070751190e-03
-7.466395385563373566e-03
-6.766910199075937271e-03
-7.368620019406080246e-03
-7.540985010564327240e-03
-5.759332794696092606e-03
-9.365223348140716553e-03
-6.587837822735309601e-03
-3.174634417518973351e-03
-1.149268727749586105e-02
-6.096080411225557327e-03
-1.064371783286333084e-02
-8.648482151329517365e-03
-4.574059508740901947e-03
-9.614208713173866272e-03
-9.553075768053531647e-03
-7.173788268119096756e-03
-1.102322526276111603e-02
-1.912233186885714531e-03
-1.246230676770210266e-03
-5.457912571728229523e-03
3.695261839311569929e-04
5.477630766108632088e-04
-2.468430204316973686e-03
-2.305620117112994194e-03
-9.452961967326700687e-05
-2.400234574452042580e-03
-6.296128500252962112e-03
-3.479115664958953857e-03
-5.166873335838317871e-03
-6.206128746271133423e-03
-4.438782110810279846e-03
-5.496554542332887650e-03
-1.097159832715988159e-02
-9.916789829730987549e-03
-1.018312945961952209e-02
1.417029299773275852e-03
-3.732151351869106293e-03
-1.103205722756683826e-03
3.586644539609551430e-03
-4.790121456608176231e-04
-7.256480748765170574e-04
2.883060136809945107e-03
-1.731207594275474548e-03
-2.154516754671931267e-03
-1.173479482531547546e-02
-8.399154059588909149e-03
-1.036571897566318512e-02
-4.193256143480539322e-03
-4.899239283986389637e-04
-3.694844432175159454e-03
-2.187585923820734024e-03
1.100219204090535641e-03
-2.518916036933660507e-03
-7.498686201870441437e-03
-5.685565527528524399e-03
-7.964653894305229187e-03
-3.286786610260605812e-03
-1.976703759282827377e-03
-5.022446624934673309e-03
-2.814610488712787628e-03
3.409678868138144026e-07
-3.013650188222527504e-03
-1.663167774677276611e-02
-7.841144688427448273e-03
-1.379892602562904358e-02
-1.510753296315670013e-02
-6.412582471966743469e-03
-1.108919177204370499e-02
-1.930501498281955719e-02
-1.006069686263799667e-02
-1.588460057973861694e-02
2.015233412384986877e-02
1.429933402687311172e-02
2.121614478528499603e-02
8.223481476306915283e-03
3.636898472905158997e-03
1.093323808163404465e-02
1.130212191492319107e-02
7.741727866232395172e-03
1.558048091828823090e-02
1.388105680234730244e-03
2.460676245391368866e-03
1.477346086176112294e-04
1.831642934121191502e-03
2.443420467898249626e-03
1.247121253982186317e-03
3.863775171339511871e-03
7.026033941656351089e-03
4.841187968850135803e-03
3.266776446253061295e-03
1.485808170400559902e-03
-2.526640892028808594e-03
1.711167278699576855e-03
2.337197074666619301e-04
-3.884088480845093727e-03
1.623067888431251049e-03
1.067119999788701534e-03
-1.450653653591871262e-03
3.301536431536078453e-03
3.859768621623516083e-03
6.139912642538547516e-03
-4.479501396417617798e-03
-3.753447672352194786e-04
4.478149116039276123e-03
1.143188215792179108e-03
3.692819271236658096e-03
6.111097987741231918e-03
6.222836673259735107e-03
2.718338044360280037e-03
5.323467310518026352e-03
4.346096888184547424e-03
2.485990116838365793e-04
2.030340954661369324e-03
4.966857843101024628e-03
9.097041329368948936e-04
1.098543638363480568e-03
1.812300761230289936e-03
4.055894911289215088e-03
4.535250365734100342e-03
1.200549537315964699e-03
1.694833976216614246e-03
3.721058135852217674e-03
2.593517769128084183e-03
7.211772026494145393e-04
1.361897913739085197e-03
-1.098145497962832451e-03
-8.469848544336855412e-04
5.139274522662162781e-03
-8.422804996371269226e-03
-9.628194384276866913e-03
-7.336870767176151276e-03
-4.392310976982116699e-03
-8.779368363320827484e-03
-7.372250314801931381e-03
1.908721961081027985e-02
1.328175142407417297e-02
1.404859963804483414e-02
1.033371221274137497e-02
3.157028229907155037e-03
6.174546200782060623e-03
8.493372239172458649e-03
3.685997799038887024e-03
5.940380506217479706e-03
-5.187757313251495361e-03
-5.243892781436443329e-03
-2.743891440331935883e-03
-2.574067097157239914e-03
-3.742395900189876556e-03
-1.250419300049543381e-04
-5.343633238226175308e-04
6.418527918867766857e-04
4.480467177927494049e-03
1.463211886584758759e-02
1.717926561832427979e-02
2.840999700129032135e-02
4.855908919125795364e-03
6.639606319367885590e-03
1.755256950855255127e-02
1.353098731487989426e-02
1.847888529300689697e-02
2.779014594852924347e-02
-5.366332363337278366e-03
-4.138902761042118073e-03
-4.350721370428800583e-03
-1.781968050636351109e-03
-1.305323792621493340e-03
8.824748219922184944e-04
2.579932333901524544e-03
3.997781779617071152e-03
4.397948738187551498e-03
3.486423939466476440e-02
1.731826551258563995e-02
2.649166435003280640e-02
1.789844967424869537e-02
8.761252393014729023e-04
1.190347131341695786e-02
3.327552974224090576e-02
1.332918088883161545e-02
2.380493655800819397e-02
-6.761791650205850601e-03
-1.346016488969326019e-02
-8.079919032752513885e-03
-2.674557734280824661e-03
-7.802725303918123245e-03
-5.565654020756483078e-03
4.114771854801801965e-06
-3.596579423174262047e-03
-6.302815745584666729e-04
1.728859543800354004e-02
9.013681672513484955e-03
1.855292730033397675e-02
1.179807819426059723e-02
3.038434311747550964e-03
9.961748495697975159e-03
1.827300712466239929e-02
1.046771276742219925e-02
1.466282922774553299e-02
-1.819841377437114716e-02
-1.274638343602418900e-02
-1.916468143463134766e-02
-1.111536193639039993e-02
-5.791916046291589737e-03
-1.385057531297206879e-02
-1.267643459141254425e-02
-8.433613926172256470e-03
-1.782688312232494354e-02
4.838063381612300873e-03
-3.998726897407323122e-04
-1.156700818683020771e-05
1.472174539230763912e-03
-3.611275926232337952e-03
-2.472462365403771400e-03
9.428674355149269104e-03
2.834300743415951729e-03
4.391144961118698120e-03
-1.868921448476612568e-03
-3.002385376021265984e-03
-7.369312457740306854e-03
3.650662489235401154e-03
3.025254700332880020e-03
-3.550933673977851868e-03
4.274934064596891403e-03
2.789187477901577950e-03
7.487234543077647686e-04
-1.328147202730178833e-02
-1.174070592969655991e-02
-1.782808080315589905e-02
-8.007400669157505035e-03
-2.704456215724349022e-03
-8.437413722276687622e-03
-3.031343221664428711e-03
2.150104846805334091e-03
-3.500986844301223755e-03
1.061373669654130936e-02
1.424293592572212219e-02
1.843821257352828979e-02
8.163890801370143890e-03
8.995083160698413849e-03
1.253191847354173660e-02
1.095274277031421661e-02
8.595037274062633514e-03
1.333951111882925034e-02
-2.140244934707880020e-03
-1.901970827020704746e-03
-5.397624336183071136e-03
-1.423791400156915188e-03
8.145510801114141941e-04
-1.724532921798527241e-04
-1.314235851168632507e-03
5.838187644258141518e-04
-1.012344378978013992e-03
3.220539074391126633e-03
-5.953384097665548325e-04
3.503960557281970978e-03
8.699449710547924042e-03
5.131415091454982758e-03
6.474580150097608566e-03
-1.360617461614310741e-03
-2.802716335281729698e-03
-3.176512196660041809e-03
-6.610109936445951462e-03
1.391410245560109615e-03
3.653327894426183775e-06
-5.215188488364219666e-03
2.103963866829872131e-03
3.909590886905789375e-04
-1.027915067970752716e-02
-4.749559331685304642e-03
-8.299279026687145233e-03
5.331362131983041763e-03
1.082970760762691498e-03
5.233338568359613419e-03
1.081455592066049576e-02
5.510431714355945587e-03
8.898733183741569519e-03
1.236518193036317825e-02
8.283483795821666718e-03
1.056542340666055679e-02
1.256534457206726074e-02
2.371035050600767136e-03
8.393607102334499359e-03
1.848105899989604950e-02
6.009623408317565918e-03
1.309562940150499344e-02
3.011712804436683655e-02
1.820267364382743835e-02
2.560892514884471893e-02
-8.101492188870906830e-03
-7.897721370682120323e-04
7.910819840617477894e-04
-8.401207625865936279e-03
-1.394355669617652893e-03
-1.697668340057134628e-04
-1.197205204516649246e-02
-5.519173108041286469e-03
-1.786602661013603210e-03
1.430049911141395569e-02
1.042809337377548218e-02
1.616602391004562378e-02
6.334538571536540985e-03
2.515797270461916924e-03
8.152236230671405792e-03
1.265934575349092484e-02
9.656284935772418976e-03
1.639192178845405579e-02
-2.135049365460872650e-02
-1.111557520925998688e-02
-1.705688051879405975e-02
-1.411028299480676651e-02
-4.120369907468557358e-03
-8.456741459667682648e-03
-1.609667763113975525e-02
-7.501384709030389786e-03
-1.074416190385818481e-02
-2.333906246349215508e-03
-2.706015249714255333e-03
-1.497995923273265362e-03
-2.911381598096340895e-04
-6.718798540532588959e-04
-9.512664983049035072e-04
4.128939937800168991e-03
2.043175743892788887e-03
3.777584352064877748e-04
6.452922709286212921e-03
1.071784179657697678e-02
1.791750080883502960e-02
2.042998792603611946e-03
5.470550153404474258e-03
1.076968107372522354e-02
3.304952289909124374e-03
8.886948227882385254e-03
1.373151503503322601e-02
4.864401184022426605e-03
2.767479745671153069e-03
3.417703555896878242e-03
2.504007890820503235e-03
1.537217409349977970e-03
1.599517650902271271e-03
2.393461996689438820e-03
1.137754064984619617e-03
2.489607781171798706e-03
5.911482498049736023e-03
6.756563205271959305e-03
4.049609997309744358e-04
4.236496984958648682e-03
4.795398097485303879e-03
1.887696795165538788e-03
3.121670801192522049e-03
1.480789156630635262e-03
-2.358136000111699104e-03
-3.167349100112915039e-02
-1.853424496948719025e-02
-1.639491692185401917e-02
-1.938734389841556549e-02
-4.289307631552219391e-03
-7.302666781470179558e-04
-2.000123076140880585e-02
-1.208135113120079041e-02
-9.173547849059104919e-03
-3.497949568554759026e-03
-5.054528359323740005e-03
3.441330627538263798e-04
1.930614933371543884e-03
-2.654343843460083008e-03
2.754252171143889427e-03
1.519746892154216766e-02
9.468491189181804657e-03
1.153325662016868591e-02
-1.366737112402915955e-02
-4.730008542537689209e-03
-1.299750525504350662e-02
-3.092603292316198349e-03
1.197405625134706497e-03
-5.058292765170335770e-03
-1.096890587359666824e-02
-9.409751743078231812e-03
-1.072969008237123489e-02
-5.202434491366147995e-03
-1.139444182626903057e-03
-2.378434874117374420e-03
-1.140575017780065536e-02
-4.419712815433740616e-03
-8.695874363183975220e-03
-1.768971607089042664e-02
-7.285579573363065720e-03
-1.171455159783363342e-02
3.660053387284278870e-02
1.733008958399295807e-02
3.541611880064010620e-02
2.574451453983783722e-02
4.638141952455043793e-03
2.446578256785869598e-02
4.428144544363021851e-02
2.468421123921871185e-02
4.647045955061912537e-02
-3.959687426686286926e-03
-1.733824610710144043e-04
1.859197020530700684e-02
-6.088871974498033524e-03
-3.706645686179399490e-03
7.395176216959953308e-03
-3.201673505827784538e-03
-6.232521031051874161e-03
3.865911392495036125e-03
-2.131323143839836121e-02
-8.698370307683944702e-03
-5.190968047827482224e-03
-5.680258385837078094e-03
2.874446799978613853e-03
-3.912304819095879793e-04
-4.819478839635848999e-03
4.027959425002336502e-03
-2.811766928061842918e-03
4.683314636349678040e-02
3.366170078516006470e-02
5.530841276049613953e-02
4.549195244908332825e-02
2.721302025020122528e-02
4.780409485101699829e-02
3.082453832030296326e-02
1.424042042344808578e-02
2.603590115904808044e-02
9.440195863135159016e-04
4.507971461862325668e-03
8.071276359260082245e-03
4.120910074561834335e-03
5.386040546000003815e-03
5.422836169600486755e-03
6.276344414800405502e-03
5.914235953241586685e-03
-1.242648577317595482e-03
1.084106392227113247e-03
9.614378213882446289e-04
4.088991845492273569e-04
3.195333061739802361e-03
3.818827914074063301e-03
4.023603163659572601e-03
-3.065515542402863503e-03
-2.412843023194000125e-04
-3.234231844544410706e-03
-1.448322180658578873e-02
-1.566284522414207458e-02
-2.256862260401248932e-02
-1.530558709055185318e-02
-1.214755885303020477e-02
-1.656979322433471680e-02
-2.023212611675262451e-02
-1.189492084085941315e-02
-1.383555773645639420e-02
9.367943857796490192e-04
4.024301189929246902e-03
2.075294032692909241e-02
3.556821728125214577e-03
4.191058222204446793e-03
1.913239993155002594e-02
4.989041015505790710e-03
3.954711370170116425e-03
1.865450292825698853e-02
6.666570901870727539e-03
1.356215216219425201e-04
2.327448455616831779e-03
3.881352720782160759e-03
2.876490354537963867e-03
1.467937603592872620e-02
7.014192175120115280e-03
1.051418948918581009e-02
2.652362361550331116e-02
6.311564240604639053e-03
9.888879023492336273e-03
7.904570549726486206e-03
1.195944100618362427e-02
1.530291233211755753e-02
1.443956699222326279e-02
9.899963624775409698e-03
1.577305421233177185e-02
1.416448038071393967e-02
2.218537405133247375e-02
1.758978329598903656e-02
3.681217506527900696e-02
1.922918856143951416e-02
1.218163128942251205e-02
2.918766252696514130e-02
3.010100498795509338e-02
2.340740896761417389e-02
3.903852403163909912e-02
4.671397805213928223e-02
2.237643487751483917e-02
5.359754711389541626e-02
2.025341242551803589e-02
-5.074326880276203156e-03
2.182677760720252991e-02
2.652433887124061584e-02
2.498541725799441338e-03
2.131968922913074493e-02
4.644476994872093201e-02
2.831734716892242432e-02
3.405100852251052856e-02
2.073466219007968903e-02
-1.950432197190821171e-03
3.843854879960417747e-03
2.416225150227546692e-02
1.071847975254058838e-03
-4.863923459197394550e-05
-1.038877479732036591e-02
3.084968557232059538e-05
-9.361230768263339996e-03
-1.124082598835229874e-02
-1.008937833830714226e-04
-1.015255320817232132e-02
-2.399273030459880829e-02
-1.389613281935453415e-02
-2.174203842878341675e-02
-2.684221253730356693e-04
-8.128299377858638763e-04
3.704077797010540962e-03
-3.609181148931384087e-03
2.999646821990609169e-04
5.443831905722618103e-03
-4.451479297131299973e-03
-2.128920983523130417e-03
2.733843168243765831e-03
1.668759435415267944e-02
1.394550874829292297e-02
2.917177788913249969e-02
-1.449475530534982681e-03
-5.074650980532169342e-03
6.830073427408933640e-03
5.680213216692209244e-03
-6.782896234653890133e-04
1.050698477774858475e-02
-9.253516793251037598e-03
-5.478134378790855408e-03
-8.781333453953266144e-03
8.835225598886609077e-04
-7.683545700274407864e-04
-4.806722514331340790e-03
-7.876294665038585663e-03
-1.079971715807914734e-02
-1.555133424699306488e-02
1.752489828504621983e-03
-1.777309342287480831e-03
-6.761469412595033646e-03
1.334207714535295963e-03
8.113916264846920967e-04
-2.327328082174062729e-03
-2.812899881973862648e-03
-3.608773695304989815e-03
-5.366913508623838425e-03
3.331671282649040222e-02
8.459612727165222168e-03
6.349366158246994019e-02
2.957604266703128815e-02
-9.881689911708235741e-04
4.590730741620063782e-02
7.893172651529312134e-02
4.393028840422630310e-02
8.733558654785156250e-02
-8.468072861433029175e-03
-1.892059296369552612e-02
-8.207952603697776794e-03
-1.457439851947128773e-03
-1.735038496553897858e-02
-1.169452350586652756e-02
1.413262821733951569e-02
1.153482589870691299e-03
7.297391071915626526e-03
-2.858881140127778053e-03
-7.464187685400247574e-03
-5.246554501354694366e-03
-1.844619028270244598e-02
-1.962426118552684784e-02
-2.415287494659423828e-02
-1.635705307126045227e-02
-1.675830967724323273e-02
-2.524989284574985504e-02
-3.539901226758956909e-03
-1.905258861370384693e-03
-8.914009667932987213e-03
-2.310594718437641859e-04
1.129520125687122345e-03
-4.671199712902307510e-03
-5.554803181439638138e-03
-5.010557826608419418e-03
-9.702354669570922852e-03
-5.014369264245033264e-03
3.534293966367840767e-03
2.914194716140627861e-03
3.822817816399037838e-04
4.767775535583496094e-03
1.104371272958815098e-03
-9.025492705404758453e-03
-4.337784368544816971e-03
-6.415823474526405334e-03
4.801128059625625610e-03
-5.751368589699268341e-03
8.541019633412361145e-03
-1.562147634103894234e-03
-1.026852242648601532e-02
3.357092384248971939e-03
4.633619915693998337e-03
-5.282434169203042984e-03
9.181562811136245728e-03
-5.272529553622007370e-03
-2.047548303380608559e-03
5.897060502320528030e-03
-4.503777250647544861e-03
-2.186046680435538292e-03
1.967839431017637253e-03
-3.325926372781395912e-03
-3.133235732093453407e-03
-1.156822312623262405e-03
1.727168564684689045e-03
9.050397202372550964e-03
4.852762795053422451e-04
-4.867353010922670364e-03
-1.120647881180047989e-03
-1.132619474083185196e-02
-6.912888493388891220e-03
-5.695519037544727325e-03
-1.360788848251104355e-02
-1.561079081147909164e-02
-1.094104070216417313e-02
-1.543107256293296814e-02
-5.754431709647178650e-03
-2.106503350660204887e-03
-6.021069828420877457e-03
-6.396085955202579498e-03
-2.636467805132269859e-03
-4.711638670414686203e-03
-4.506654106080532074e-03
-8.619180152891203761e-05
-4.785912577062845230e-03
-9.225072339177131653e-03
-2.692811656743288040e-03
-6.949532777070999146e-03
-6.192635744810104370e-03
-1.868003630079329014e-03
-8.874755352735519409e-03
-9.497061371803283691e-03
-4.791616462171077728e-03
-4.365929868072271347e-03
-3.375708824023604393e-03
1.446863054297864437e-03
-2.504366915673017502e-03
-8.077790960669517517e-03
-2.233196282759308815e-03
-8.139600045979022980e-03
-1.087361294776201248e-02
-4.593951452989131212e-04
-8.470511995255947113e-03
-1.089130155742168427e-02
-6.553141283802688122e-04
-5.410871002823114395e-03
-1.384433172643184662e-02
-2.847822383046150208e-03
-5.387580953538417816e-03
-1.325596962124109268e-02
-1.819401048123836517e-02
-1.974751055240631104e-02
-7.726602489128708839e-04
-7.377145229838788509e-04
-7.806490175426006317e-03
-7.534403819590806961e-03
-6.722616963088512421e-03
-1.204886753112077713e-02
5.626057460904121399e-02
4.629099369049072266e-02
5.890438705682754517e-02
3.620563447475433350e-02
2.271027304232120514e-02
3.810590133070945740e-02
3.799013793468475342e-02
2.540931850671768188e-02
4.426144436001777649e-02
-9.484662674367427826e-03
-8.479112759232521057e-03
-5.700909066945314407e-03
-2.584937261417508125e-03
2.094852272421121597e-03
2.139043994247913361e-03
-1.283235149458050728e-03
2.589420415461063385e-03
1.015855348668992519e-03
2.246497897431254387e-03
3.049747552722692490e-03
4.803504329174757004e-03
6.779840914532542229e-04
1.714817481115460396e-03
3.014074172824621201e-03
-5.750479642301797867e-03
-5.251340102404356003e-03
-6.110409274697303772e-03
-3.606825694441795349e-02
-2.338578365743160248e-02
-2.576942555606365204e-02
-2.243939228355884552e-02
-1.083248574286699295e-02
-1.551756262779235840e-02
-2.951736189424991608e-02
-1.768377237021923065e-02
-2.372696436941623688e-02
3.003135696053504944e-02
1.346208620816469193e-02
2.155868336558341980e-03
3.067705035209655762e-02
2.250365540385246277e-02
1.861646026372909546e-02
2.899457328021526337e-02
2.369208261370658875e-02
2.364825643599033356e-02
-2.073256485164165497e-02
-1.564389467239379883e-02
-1.602217741310596466e-02
-5.284383427351713181e-03
2.980253775604069233e-04
-2.230496844276785851e-03
-6.532612722367048264e-03
-3.922523173969238997e-04
1.369731180602684617e-04
-2.739484189078211784e-03
-2.414376707747578621e-03
5.977455992251634598e-03
-5.529925227165222168e-03
-2.711924025788903236e-03
2.786594210192561150e-03
-8.783978410065174103e-03
-3.468888346105813980e-03
4.225852317176759243e-04
-1.833635754883289337e-02
-1.241754926741123199e-02
-2.222228609025478363e-02
-1.430496014654636383e-02
-9.902354329824447632e-03
-1.792862638831138611e-02
-1.917837560176849365e-02
-1.398802082985639572e-02
-2.439464628696441650e-02
-1.750920526683330536e-02
-2.253515459597110748e-02
-1.874585822224617004e-02
-1.269062329083681107e-02
-1.219101250171661377e-02
-1.570246741175651550e-02
-7.953237742185592651e-03
-7.700856309384107590e-03
-1.466355845332145691e-02
-5.020585842430591583e-03
-4.022140987217426300e-03
1.075949840014800429e-04
-2.627531997859477997e-03
2.183940086979418993e-04
6.347702350467443466e-03
-4.934299271553754807e-03
-6.273798644542694092e-04
7.982331328094005585e-03
1.182136498391628265e-02
1.743031479418277740e-02
1.307739969342947006e-02
2.931457012891769409e-03
8.840530179440975189e-03
1.127399690449237823e-02
-1.529878564178943634e-02
-8.037026040256023407e-03
-4.198328126221895218e-03
-1.149112638086080551e-02
-4.389530979096889496e-03
-4.425973631441593170e-03
-1.471230853348970413e-02
-5.765915382653474808e-03
-5.970957688987255096e-03
-1.616351492702960968e-02
-5.870525259524583817e-03
-8.144003339111804962e-03
-1.998572982847690582e-02
-1.072165276855230331e-02
-1.064822915941476822e-02
-2.075301110744476318e-02
-1.045368239283561707e-02
-9.033190086483955383e-03
-2.310032024979591370e-02
-1.090486999601125717e-02
-1.286698691546916962e-02
8.253446780145168304e-03
2.914173761382699013e-03
8.032081648707389832e-03
8.343650959432125092e-03
5.114169791340827942e-03
7.628931663930416107e-03
1.158835366368293762e-02
1.019533630460500717e-02
1.333628688007593155e-02
-1.426562666893005371e-02
-7.376759778708219528e-03
-1.939028315246105194e-02
-1.789276301860809326e-02
-1.200480759143829346e-02
-1.782038994133472443e-02
-1.875879243016242981e-02
-1.076446007937192917e-02
-1.929554715752601624e-02
-1.329994015395641327e-02
-1.381544768810272217e-02
-1.963165774941444397e-02
-9.428162127733230591e-03
-9.267091751098632812e-03
-1.029006484895944595e-02
-8.584764786064624786e-03
-6.558072753250598907e-03
-1.220001839101314545e-02
-1.233000401407480240e-02
-5.120581947267055511e-03
-1.357935834676027298e-02
-1.253658719360828400e-02
-5.051541142165660858e-03
-1.416272763162851334e-02
-1.628974452614784241e-02
-7.590235676616430283e-03
-2.301108650863170624e-02
-2.127565816044807434e-02
-1.511301472783088684e-02
-9.033225476741790771e-03
-1.358465198427438736e-02
-1.075763534754514694e-02
-8.955554105341434479e-03
-1.252514962106943130e-02
-1.393978949636220932e-02
-9.995892643928527832e-03
9.694652631878852844e-03
2.337899059057235718e-03
-2.708881162106990814e-03
-2.084654755890369415e-03
-5.471449345350265503e-03
-1.129375025629997253e-02
7.704162504523992538e-03
3.881599986925721169e-03
-9.380859555676579475e-04
2.801467664539813995e-03
9.171985089778900146e-03
1.179491542279720306e-02
4.719787277281284332e-03
5.920746829360723495e-03
2.725919708609580994e-03
8.019348606467247009e-03
1.022063568234443665e-02
5.325343925505876541e-03
-6.123002152889966965e-03
6.990910507738590240e-03
-2.769441111013293266e-03
-1.174914091825485229e-02
1.136940554715692997e-03
-8.179112337529659271e-03
-2.775040641427040100e-02
-1.407253649085760117e-02
-2.482672594487667084e-02
7.535228040069341660e-03
-3.295312635600566864e-03
1.116373669356107712e-02
7.204915862530469894e-03
-3.319528419524431229e-03
9.897657670080661774e-03
5.986699368804693222e-03
6.472236709669232368e-04
1.310757920145988464e-02
3.268859162926673889e-02
4.373194184154272079e-03
1.283828727900981903e-02
2.649244666099548340e-02
6.863434333354234695e-03
1.369840744882822037e-02
2.796828001737594604e-02
9.732495062053203583e-03
1.371025945991277695e-02
-6.013337522745132446e-03
-3.423937596380710602e-03
3.969073761254549026e-03
-6.017968989908695221e-03
-4.039111547172069550e-03
5.443334113806486130e-03
-1.073846034705638885e-02
-8.060125634074211121e-03
1.466974965296685696e-03
3.685358166694641113e-02
3.305232152342796326e-02
5.042153224349021912e-02
2.148974128067493439e-02
1.375419553369283676e-02
3.039724007248878479e-02
2.817337214946746826e-02
1.780079677700996399e-02
3.270693495869636536e-02
-1.071543805301189423e-02
-4.791147075593471527e-03
-1.313584763556718826e-02
-1.139490585774183273e-02
-9.167361073195934296e-03
-1.661076024174690247e-02
-1.395558938384056091e-02
-1.196834538131952286e-02
-1.551592722535133362e-02
1.163529790937900543e-02
1.221745274960994720e-02
8.609352633357048035e-03
1.495342422276735306e-02
1.295877341181039810e-02
1.368534751236438751e-02
1.682217791676521301e-02
1.443190220743417740e-02
1.412302721291780472e-02
-1.934153772890567780e-02
-7.847176864743232727e-03
-1.358338538557291031e-02
-1.350956782698631287e-02
-3.571206936612725258e-03
-9.321714751422405243e-03
-1.908576115965843201e-02
-1.015794370323419571e-02
-1.723469421267509460e-02
-1.199368946254253387e-02
-1.266259886324405670e-02
-1.267394330352544785e-02
-8.347950875759124756e-03
-5.604420322924852371e-03
-4.939065780490636826e-03
-1.222926937043666840e-02
-9.411450475454330444e-03
-5.103144794702529907e-03
-1.024246495217084885e-02
-1.072391588240861893e-02
-2.327047474682331085e-02
-4.803311545401811600e-03
6.055323756299912930e-04
-9.806500747799873352e-03
7.021262310445308685e-03
1.355525385588407516e-02
3.351283026859164238e-03
-1.464444678276777267e-02
-1.436274219304323196e-02
-2.076632156968116760e-02
-9.704571217298507690e-03
-4.943420179188251495e-03
-1.260582823306322098e-02
-1.858174800872802734e-02
-1.439964212477207184e-02
-2.225414291024208069e-02
3.923795372247695923e-02
2.142436616122722626e-02
4.533443972468376160e-02
2.054533734917640686e-02
1.043750345706939697e-02
2.894169092178344727e-02
2.366047911345958710e-02
1.370375417172908783e-02
3.035206720232963562e-02
-1.828787266276776791e-03
-3.651504870504140854e-03
-3.619216149672865868e-03
-5.612321197986602783e-03
-4.327245987951755524e-03
2.148266794392839074e-04
-2.924194326624274254e-03
-1.040622941218316555e-03
5.594393238425254822e-03
-6.660786923021078110e-03
4.942223429679870605e-03
-7.092626299709081650e-03
-6.578119006007909775e-03
5.052922759205102921e-03
-8.217704482376575470e-03
-1.861894316971302032e-02
-8.441027253866195679e-03
-2.114765904843807220e-02
-2.572793047875165939e-03
-4.614186007529497147e-03
-1.159233972430229187e-02
-4.518984351307153702e-03
-5.286379251629114151e-03
-1.206071581691503525e-02
-5.348369479179382324e-03
-5.104192066937685013e-03
-9.281873703002929688e-03
-2.043953165411949158e-02
-2.637804672122001648e-02
-2.217266522347927094e-02
-1.626468449831008911e-02
-2.401600033044815063e-02
-1.954740844666957855e-02
-1.616088859736919403e-02
-2.969258278608322144e-02
-2.623449452221393585e-02
3.702351124957203865e-03
3.919959068298339844e-03
2.444041892886161804e-04
1.558025483973324299e-03
1.742483000271022320e-03
7.209608796983957291e-03
2.164772013202309608e-03
4.042441025376319885e-03
1.025769300758838654e-02
-1.725376211106777191e-02
-1.605703681707382202e-02
-2.229061350226402283e-02
-1.169069390743970871e-02
-9.465044364333152771e-03
-1.645077578723430634e-02
-1.529041025787591934e-02
-9.374124929308891296e-03
-1.553939934819936752e-02
2.313796989619731903e-02
1.495427079498767853e-02
1.125829108059406281e-02
1.248589996248483658e-02
7.523646345362067223e-04
4.744251724332571030e-03
2.785483561456203461e-02
1.386285852640867233e-02
2.379474230110645294e-02
1.749166660010814667e-02
9.182490408420562744e-03
1.462996285408735275e-02
1.429887767881155014e-02
7.928958162665367126e-03
1.335306931287050247e-02
1.756415516138076782e-02
1.034992188215255737e-02
1.710451580584049225e-02
1.275340002030134201e-02
1.262342743575572968e-02
2.359183132648468018e-02
7.715117651969194412e-03
7.522194180637598038e-03
1.908885687589645386e-02
6.502244621515274048e-03
4.640100989490747452e-03
2.111801132559776306e-02
-4.642367735505104065e-02
-2.926145307719707489e-02
-3.898110985755920410e-02
-1.081076543778181076e-02
2.560061169788241386e-03
-9.533807635307312012e-03
-1.570629514753818512e-02
-6.216366775333881378e-03
-1.886289380490779877e-02
-3.024180606007575989e-02
-2.714862860739231110e-02
-3.612243011593818665e-02
-2.860511466860771179e-02
-1.921703480184078217e-02
-2.449704520404338837e-02
-2.038084156811237335e-02
-7.739719934761524200e-03
-9.383142925798892975e-03
6.374347140081226826e-04
4.489353857934474945e-03
3.585102735087275505e-03
-3.115126164630055428e-04
4.901953972876071930e-03
6.823085132054984570e-04
-6.441982463002204895e-03
4.632340569514781237e-04
-6.270928308367729187e-03
-2.190291881561279297e-02
-7.957539521157741547e-03
-1.453203894197940826e-02
-1.686692610383033752e-02
-3.039704635739326477e-03
-1.053806301206350327e-02
-1.245728228241205215e-02
1.844596117734909058e-03
-3.704565111547708511e-03
-6.174706388264894485e-03
-3.948942292481660843e-03
-3.753444645553827286e-03
5.085109733045101166e-03
8.423982188105583191e-03
7.781770080327987671e-03
5.576011259108781815e-03
1.121970266103744507e-02
6.359299644827842712e-03
-1.943671959452331066e-03
1.142140710726380348e-03
-1.157203502953052521e-02
-1.114695216529071331e-03
4.942356608808040619e-04
-6.420189049094915390e-03
-6.158361211419105530e-03
-1.252865651622414589e-03
-8.507881313562393188e-03
-3.152090311050415039e-02
-2.916974388062953949e-02
-3.833779692649841309e-02
-1.605561748147010803e-02
-1.250906381756067276e-02
-1.942128874361515045e-02
-1.821665838360786438e-02
-1.097469776868820190e-02
-1.647533290088176727e-02
1.399970613420009613e-03
-2.398318378254771233e-03
-9.085984900593757629e-03
1.306852675043046474e-03
1.784933032467961311e-03
-8.465155027806758881e-03
-1.023035219986923039e-04
1.971298828721046448e-03
-9.233067743480205536e-03
6.066858302801847458e-03
7.836923934519290924e-03
9.531341493129730225e-03
1.522081787697970867e-03
4.979341174475848675e-04
6.756944581866264343e-03
1.286636479198932648e-02
1.064436230808496475e-02
1.588830165565013885e-02
2.346756495535373688e-02
1.554862037301063538e-02
3.553217276930809021e-02
1.212382595986127853e-02
6.331090349704027176e-03
2.172176353633403778e-02
1.240498665720224380e-02
4.821593873202800751e-03
1.681370474398136139e-02
6.117625889601185918e-05
-1.278337003896012902e-04
1.859500654973089695e-03
3.084336174651980400e-03
7.109325961209833622e-04
1.737658982165157795e-03
-9.987008525058627129e-04
-5.919781513512134552e-03
-7.072545588016510010e-03
-7.201562635600566864e-03
7.243260624818503857e-04
-5.479475948959589005e-03
-4.039350897073745728e-03
4.817600827664136887e-03
3.673053113743662834e-03
-5.632225074805319309e-04
7.092708256095647812e-03
6.098449230194091797e-03
4.223856143653392792e-03
-1.670867390930652618e-02
1.500255079008638859e-03
-1.126065198332071304e-02
-3.845214471220970154e-02
-1.634361594915390015e-02
-1.031029131263494492e-02
-3.228058293461799622e-02
-1.167194917798042297e-02
-2.206213027238845825e-02
-7.282259874045848846e-03
-2.507544355466961861e-03
-9.755421429872512817e-03
2.451468724757432938e-03
3.126948140561580658e-03
-2.246530167758464813e-02
-1.139874942600727081e-02
-1.084253285080194473e-02
6.544032692909240723e-02
9.582292288541793823e-03
4.445710033178329468e-02
4.948768764734268188e-02
-6.730573251843452454e-03
3.633692115545272827e-02
9.806646406650543213e-02
4.766416549682617188e-02
9.494603425264358521e-02
-2.403966151177883148e-02
-2.190040238201618195e-02
-3.486527130007743835e-02
-1.702482998371124268e-02
-1.253287680447101593e-02
-2.518918178975582123e-02
-1.459589134901762009e-02
-9.201694279909133911e-03
-2.324683032929897308e-02
4.611758980900049210e-03
-5.612829409074038267e-05
-2.990189241245388985e-03
6.178238436405081302e-07
-2.517250832170248032e-03
-3.331977874040603638e-03
8.152307942509651184e-03
6.410615053027868271e-03
3.767214948311448097e-03
1.190075278282165527e-02
1.335977227427065372e-03
8.902056142687797546e-03
5.739236716181039810e-03
1.807882683351635933e-03
1.057098805904388428e-02
1.216898951679468155e-02
1.004364620894193649e-02
2.261681668460369110e-02
6.454756855964660645e-02
4.011141881346702576e-02
5.197324231266975403e-02
2.834236249327659607e-02
7.221713662147521973e-03
1.919278502464294434e-02
1.433115079998970032e-02
-5.922152195125818253e-03
-2.152030123397707939e-03
8.884177543222904205e-03
2.890328411012887955e-03
2.768912585452198982e-03
3.490030299872159958e-03
2.134841633960604668e-03
2.498275367543101311e-03
3.986376337707042694e-03
3.774017794057726860e-03
5.550165195018053055e-03
2.060443628579378128e-03
-4.051242431160062551e-04
-1.160685718059539795e-02
1.690062461420893669e-03
2.759036608040332794e-03
-6.732438225299119949e-03
-1.205926947295665741e-02
-6.912034936249256134e-03
-1.197960320860147476e-02
-2.565912529826164246e-02
-2.639362588524818420e-02
-2.981457859277725220e-02
-9.763945825397968292e-03
-1.272144168615341187e-02
-1.858955062925815582e-02
-1.578970253467559814e-02
-1.841397024691104889e-02
-2.505658008158206940e-02
2.891141735017299652e-02
4.917320236563682556e-02
4.963571205735206604e-02
1.705037988722324371e-02
2.673625946044921875e-02
3.202698379755020142e-02
2.076803334057331085e-02
3.956266492605209351e-02
4.289384931325912476e-02
2.715627895668148994e-03
-4.146358463913202286e-03
-6.623149383813142776e-03
7.356800138950347900e-03
3.157974919304251671e-03
-1.364297233521938324e-03
1.390398573130369186e-02
5.155395716428756714e-03
2.888604067265987396e-03
-1.415237691253423691e-02
-2.281080558896064758e-02
-1.011940743774175644e-02
-3.616633638739585876e-02
-4.373810812830924988e-02
-3.305969014763832092e-02
-1.085029728710651398e-02
-2.339662052690982819e-02
-1.115144230425357819e-02
5.101117771118879318e-03
8.544850163161754608e-03
-3.051739186048507690e-03
8.583447197452187538e-04
4.407228436321020126e-03
-4.252973478287458420e-03
-7.238270249217748642e-03
-3.350683487951755524e-03
-1.307513751089572906e-02
3.581828624010086060e-02
2.097444050014019012e-02
1.567686162889003754e-02
2.209278754889965057e-02
8.070507086813449860e-03
2.985713537782430649e-03
3.016788326203823090e-02
1.500763278454542160e-02
9.910786524415016174e-03
-3.416526829823851585e-03
-1.413779892027378082e-02
8.053451776504516602e-03
-1.980076730251312256e-02
-2.773231640458106995e-02
-1.040960568934679031e-02
-2.074151672422885895e-02
-3.163416311144828796e-02
-1.577741466462612152e-02
2.878642641007900238e-02
2.020397409796714783e-02
3.193153813481330872e-02
7.271705195307731628e-03
1.903566415421664715e-03
1.683289371430873871e-02
1.944188494235277176e-03
2.081232145428657532e-03
1.307469978928565979e-02
-1.082291826605796814e-02
-1.418862305581569672e-02
-2.628279104828834534e-02
-1.282408367842435837e-02
-9.751552715897560120e-03
-1.711863093078136444e-02
-2.389846369624137878e-02
-1.816858164966106415e-02
-2.710409648716449738e-02
3.536466974765062332e-03
-7.537842611782252789e-04
1.059796288609504700e-02
9.666600264608860016e-03
2.906253095716238022e-03
1.102300919592380524e-02
-1.522803911939263344e-03
-1.527269341750070453e-04
1.053799502551555634e-02
-1.586192846298217773e-02
-1.579710468649864197e-02
-1.825400628149509430e-02
-8.961995132267475128e-03
-5.862447898834943771e-03
-1.147322822362184525e-02
-8.298877626657485962e-03
-4.722110461443662643e-03
-9.900243021547794342e-03
-1.182722486555576324e-02
-1.566018792800605297e-03
-9.205354377627372742e-03
-3.770590992644429207e-03
4.486849531531333923e-03
-6.710540503263473511e-03
-1.336738374084234238e-02
-6.383599247783422470e-03
-1.831403560936450958e-02
-6.370421499013900757e-03
-1.301408372819423676e-02
-2.112971269525587559e-04
-5.171965807676315308e-03
-1.203321013599634171e-02
9.972999105229973793e-04
6.143670994788408279e-03
-2.260662848129868507e-03
1.002385653555393219e-02
-1.743469759821891785e-02
-7.067624945193529129e-03
-2.450839057564735413e-02
-8.442914113402366638e-03
1.168257673271000385e-03
-1.596677489578723907e-02
-1.453717704862356186e-02
-3.427807474508881569e-03
-1.278474088758230209e-02
2.198853343725204468e-02
1.304102595895528793e-02
1.652593165636062622e-02
1.420429442077875137e-02
4.547701682895421982e-03
5.882529541850090027e-03
9.763839654624462128e-03
1.411757431924343109e-03
6.467889528721570969e-03
-2.218266576528549194e-02
-2.455470152199268341e-02
-3.889291360974311829e-02
-2.079785056412220001e-02
-1.412439532577991486e-02
-2.631548605859279633e-02
-2.349235489964485168e-02
-1.709046587347984314e-02
-2.485224604606628418e-02
3.375624865293502808e-02
2.370175905525684357e-02
6.402940303087234497e-02
1.605862937867641449e-02
8.542255498468875885e-03
4.838744550943374634e-02
2.124851383268833160e-02
1.311379205435514450e-02
6.112463399767875671e-02
6.831293459981679916e-03
5.306174978613853455e-03
2.062183804810047150e-03
4.898180719465017319e-03
-2.567943185567855835e-03
-5.193030461668968201e-03
-2.173707354813814163e-03
-3.974374383687973022e-03
-4.018425941467285156e-03
1.861445722170174122e-03
8.041063556447625160e-04
-7.212027907371520996e-03
3.757044440135359764e-03
3.934529144316911697e-03
-5.473280791193246841e-03
-4.018116276711225510e-03
-3.957472741603851318e-03
-1.546192634850740433e-02
-6.905529648065567017e-03
1.106514944694936275e-03
-6.884089671075344086e-03
-2.646778943017125130e-03
1.599708193680271506e-04
-8.548905141651630402e-03
2.152432716684415936e-04
1.680688350461423397e-03
-1.300352904945611954e-02
-1.638155058026313782e-02
-1.225538458675146103e-02
-1.506506185978651047e-02
-1.147563941776752472e-02
-1.103415060788393021e-02
-1.508628949522972107e-02
-2.453401917591691017e-03
-8.883040864020586014e-04
-4.165036603808403015e-03
-1.393933664076030254e-03
-9.599879849702119827e-04
1.506358268670737743e-03
-3.719047643244266510e-03
-2.152137923985719681e-03
-2.255337079986929893e-03
-3.486480331048369408e-03
-5.974139552563428879e-03
-4.059133119881153107e-03
-1.737381215207278728e-03
1.663227914832532406e-03
-5.591761437244713306e-04
-8.407675195485353470e-04
5.527998437173664570e-04
4.004688526038080454e-04
2.417467767372727394e-03
3.757718077395111322e-04
-9.705385309644043446e-04
-2.392187155783176422e-02
-9.914116002619266510e-03
-2.613413892686367035e-02
-1.648566499352455139e-02
-5.579750984907150269e-03
-1.943614147603511810e-02
-2.078418619930744171e-02
-8.880501613020896912e-03
-2.283358201384544373e-02
-1.297375094145536423e-02
-7.781695574522018433e-03
-8.358167484402656555e-03
-1.385362911969423294e-02
-6.635551806539297104e-03
-3.881181590259075165e-03
-9.984475560486316681e-03
-2.395603805780410767e-03
2.442730590701103210e-03
-4.072229564189910889e-02
-2.130769006907939911e-02
-4.158606007695198059e-02
-2.129629440605640411e-02
-7.022491656243801117e-03
-2.191055752336978912e-02
-2.503748424351215363e-02
-1.803540065884590149e-02
-2.814145013689994812e-02
4.343415424227714539e-02
1.989860832691192627e-02
2.393092401325702667e-02
2.788549661636352539e-02
5.647909827530384064e-03
8.638968691229820251e-03
3.621102124452590942e-02
1.255999598652124405e-02
1.945159770548343658e-02
4.756265878677368164e-02
2.563486993312835693e-02
3.120344690978527069e-02
2.900456823408603668e-02
1.182238571345806122e-02
1.467581838369369507e-02
2.613158896565437317e-02
9.901987388730049133e-03
1.285256072878837585e-02
-9.137256070971488953e-03
-1.140521652996540070e-02
-1.831695064902305603e-02
-4.714536946266889572e-03
-9.340137243270874023e-03
-1.255929842591285706e-02
-7.940244860947132111e-03
-1.762922108173370361e-02
-2.140925079584121704e-02
7.475604303181171417e-03
5.397777073085308075e-03
5.551955197006464005e-03
6.102726329118013382e-03
3.086149226874113083e-03
4.480846400838345289e-04
1.054413337260484695e-02
5.124749615788459778e-03
-4.242482536938041449e-04
1.399495755322277546e-03
3.554331604391336441e-03
-1.909644925035536289e-03
-5.336998729035258293e-04
7.601179531775414944e-04
-1.216731907334178686e-04
3.637358313426375389e-04
-1.635192456888034940e-04
-8.166315965354442596e-04
3.254584735259413719e-04
-1.625112490728497505e-03
6.478622090071439743e-03
-2.019191626459360123e-03
-2.561588073149323463e-03
1.787359709851443768e-03
2.348654437810182571e-03
-9.103664197027683258e-04
2.287492621690034866e-03
1.641944609582424164e-02
1.891509257256984711e-02
2.656625211238861084e-02
1.709302514791488647e-02
1.367688551545143127e-02
1.973828487098217010e-02
3.107882849872112274e-02
2.725594677031040192e-02
3.608562424778938293e-02
-7.551671005785465240e-03
-2.959066303446888924e-03
-5.585244391113519669e-03
-4.610480740666389465e-03
-9.184480295516550541e-04
-3.134079743176698685e-03
-6.604383699595928192e-03
-2.873634221032261848e-03
-3.313166555017232895e-03
-1.360870432108640671e-02
-4.701428581029176712e-03
-9.503131732344627380e-03
-1.373768318444490433e-02
-4.645430017262697220e-03
-6.651250645518302917e-03
-1.926946081221103668e-02
-1.303977426141500473e-02
-1.258530654013156891e-02
-2.749119652435183525e-03
-6.144708604551851749e-04
-8.181164041161537170e-03
8.405085536651313305e-04
6.531458930112421513e-04
-6.938774604350328445e-03
-1.709866686724126339e-03
-9.513697586953639984e-04
-1.118294335901737213e-02
1.709479838609695435e-02
1.326937228441238403e-02
3.200279176235198975e-02
8.114290423691272736e-03
9.590417030267417431e-04
1.804543472826480865e-02
1.397810876369476318e-02
3.059256821870803833e-03
2.104728482663631439e-02
-7.346668280661106110e-03
-5.948190111666917801e-03
-8.496507070958614349e-03
-2.325960667803883553e-03
-2.514876192435622215e-03
-5.315216723829507828e-03
1.170883886516094208e-03
7.904022932052612305e-04
-1.671164762228727341e-03
6.832914892584085464e-03
-1.618136535398662090e-03
5.187183152884244919e-03
8.243728429079055786e-03
-2.613832708448171616e-03
7.141390233300626278e-04
8.969566784799098969e-03
1.014571389532648027e-04
3.466296475380659103e-03
-7.673793938010931015e-03
-9.353351779282093048e-03
-1.093780971132218838e-03
-5.497505888342857361e-03
-4.982825834304094315e-03
-1.941139809787273407e-03
-6.129416637122631073e-03
-3.798438934609293938e-03
-6.231911480426788330e-03
-1.344847027212381363e-02
-4.620080813765525818e-03
-1.468377746641635895e-02
-1.029950287193059921e-02
7.356688729487359524e-04
-5.973485298454761505e-03
-1.236584410071372986e-02
-5.343581433407962322e-04
-1.338016893714666367e-02
-1.561733055859804153e-02
-1.166532002389431000e-02
-1.845296286046504974e-02
-1.652364432811737061e-02
-8.631781674921512604e-03
-1.057010516524314880e-02
-2.383148297667503357e-02
-1.592713594436645508e-02
-1.520777586847543716e-02
6.313496269285678864e-04
1.632146071642637253e-03
1.141940336674451828e-02
7.342981407418847084e-04
3.930112579837441444e-04
9.376779198646545410e-03
5.889076739549636841e-03
2.542543457821011543e-03
9.550981223583221436e-03
1.713754236698150635e-02
1.419517491012811661e-02
1.413858681917190552e-02
1.349068060517311096e-02
1.148003805428743362e-02
1.536407135426998138e-02
1.565345004200935364e-02
1.398182380944490433e-02
1.998252607882022858e-02
-3.568497952073812485e-03
-1.618088106624782085e-03
-6.694098701700568199e-04
-1.295477501116693020e-03
3.475947538390755653e-03
3.778971033170819283e-03
-3.961531445384025574e-03
2.435742644593119621e-03
3.826277796179056168e-03
2.164199575781822205e-02
1.090892497450113297e-02
2.310774289071559906e-02
1.593450270593166351e-02
5.422045011073350906e-03
1.977241039276123047e-02
3.081364557147026062e-02
1.825859583914279938e-02
3.275100514292716980e-02
5.499333143234252930e-03
-7.736228290013968945e-04
1.122308988124132156e-02
8.599795546615496278e-05
-4.900643136352300644e-03
1.352145802229642868e-03
1.697822823189198971e-03
-3.726490074768662453e-03
1.068619530997239053e-04
4.666502401232719421e-02
3.222273662686347961e-02
4.041128978133201599e-02
1.984565891325473785e-02
3.088019089773297310e-03
9.708987548947334290e-03
2.241283096373081207e-02
4.429753404110670090e-03
5.224713589996099472e-03
-2.668488072231411934e-03
7.851323607610538602e-05
-1.228552963584661484e-02
-7.338535971939563751e-03
-2.773157320916652679e-04
-1.152585074305534363e-02
-6.893656216561794281e-03
-3.022081451490521431e-03
-1.237803231924772263e-02
-1.335905026644468307e-02
-6.539970636367797852e-03
-1.126084197312593460e-02
-1.164443604648113251e-02
-5.166246090084314346e-03
-7.839281111955642700e-03
-1.117016933858394623e-02
-4.524187184870243073e-03
-9.672465734183788300e-03
1.699506677687168121e-02
1.140820328146219254e-02
2.198046818375587463e-02
1.051749382168054581e-02
3.866572398692369461e-03
1.132741570472717285e-02
1.576619595289230347e-02
9.140565991401672363e-03
1.545692142099142075e-02
4.074085969477891922e-03
9.371131658554077148e-03
2.173678763210773468e-02
3.897394286468625069e-03
6.716172676533460617e-03
1.541898865252733231e-02
6.475349422544240952e-03
1.129741501063108444e-02
2.398721687495708466e-02
-1.550144609063863754e-02
-5.031917709857225418e-03
-1.358340866863727570e-02
-1.288342755287885666e-02
-7.446152267220895737e-06
-7.501616608351469040e-03
-1.204076688736677170e-02
-1.578725059516727924e-03
-6.746007129549980164e-03
2.669946523383259773e-03
-7.597224321216344833e-04
1.209373772144317627e-02
4.567488562315702438e-03
-4.139986820518970490e-03
3.537011565640568733e-03
2.043992839753627777e-02
8.444851264357566833e-03
1.631097495555877686e-02
1.819256693124771118e-03
-3.087792545557022095e-03
5.725230090320110321e-03
3.681641537696123123e-03
-4.500173497945070267e-03
6.537460722029209137e-03
2.122434042394161224e-02
1.692678220570087433e-02
2.798150852322578430e-02
8.387501351535320282e-03
9.198316372931003571e-03
9.551344439387321472e-03
8.056098595261573792e-03
7.019374985247850418e-03
3.352391999214887619e-03
1.187650021165609360e-02
1.417419593781232834e-02
6.267983466386795044e-03
-9.275037795305252075e-03
-2.210580045357346535e-03
-1.169206853955984116e-02
-2.690640510991215706e-03
1.856292481534183025e-03
-8.853289298713207245e-03
-1.364335324615240097e-02
-1.091774832457304001e-02
-2.316107787191867828e-02
-9.784127585589885712e-03
-1.075949403457343578e-03
-1.058382354676723480e-02
-6.246558390557765961e-03
5.350071936845779419e-03
-6.142844911664724350e-03
-1.387382671236991882e-02
-2.176769310608506203e-03
-1.187176723033189774e-02
-4.613834898918867111e-03
-1.134055852890014648e-02
-8.559255860745906830e-03
-8.141758851706981659e-03
-8.325501345098018646e-03
-8.396980352699756622e-03
-7.454680278897285461e-03
-7.278680801391601562e-03
-8.664843626320362091e-03
1.256540045142173767e-02
5.195385310798883438e-03
8.888625539839267731e-03
1.502370648086071014e-02
7.643012795597314835e-03
1.201505772769451141e-02
3.238371014595031738e-02
2.319811470806598663e-02
2.656048722565174103e-02
1.932787359692156315e-03
7.118401117622852325e-04
-9.925256017595529556e-04
2.328428439795970917e-03
-2.593860728666186333e-03
-1.087328069843351841e-03
-2.880574436858296394e-03
-3.567014820873737335e-03
-1.225612941198050976e-03
1.969332806766033173e-02
4.739958792924880981e-03
1.669701561331748962e-02
8.863628841936588287e-03
-3.225702093914151192e-03
1.073818560689687729e-02
1.475603505969047546e-02
2.734770067036151886e-03
1.757603324949741364e-02
6.530577782541513443e-03
1.857771305367350578e-03
5.291842389851808548e-03
3.616166301071643829e-03
-1.339033013209700584e-03
-1.368984929285943508e-03
3.439377993345260620e-03
-1.938938861712813377e-03
-2.412458881735801697e-03
1.186260487884283066e-03
2.443375531584024429e-03
-4.615987651050090790e-03
3.833098744507879019e-04
2.011138712987303734e-03
-4.984748084098100662e-03
1.856092353591520805e-06
-1.052190666086971760e-03
-4.113313741981983185e-03
-6.306805182248353958e-03
-2.168423961848020554e-03
-1.184810977429151535e-02
-6.123491562902927399e-03
-2.573582110926508904e-03
-1.087259408086538315e-02
-4.473427310585975647e-03
-2.548963238950818777e-04
-1.047223154455423355e-02
-4.740895703434944153e-03
-9.480521082878112793e-03
-4.029178991913795471e-03
-1.374179846607148647e-03
-6.656909827142953873e-03
-5.689015146344900131e-03
1.093247788958251476e-03
-3.714762628078460693e-03
-8.793644956313073635e-04
4.053844138979911804e-03
4.224700853228569031e-03
1.393135153193725273e-05
2.352271694689989090e-03
2.655637916177511215e-03
-2.703934151213616133e-04
-2.365901367738842964e-03
-2.902025124058127403e-03
-1.966312294825911522e-03
-1.078345254063606262e-02
-2.876188233494758606e-02
-1.461608614772558212e-02
-1.848542690277099609e-02
-3.034435957670211792e-02
-2.255987562239170074e-02
-1.221175119280815125e-02
-2.158366516232490540e-02
-1.396455708891153336e-02
3.963137045502662659e-03
4.353646654635667801e-03
2.396988915279507637e-03
2.758257091045379639e-03
2.113599795848131180e-03
2.339259488508105278e-03
-2.016062149778008461e-03
-1.635610940866172314e-03
-6.535181455546990037e-05
-1.384729752317070961e-03
-6.097233272157609463e-04
1.186543493531644344e-03
-3.038303926587104797e-03
5.323111545294523239e-04
4.668138863053172827e-04
-5.487803369760513306e-03
-4.382375045679509640e-04
2.830324228852987289e-03
-1.057725748978555202e-03
-4.944351501762866974e-03
1.167247537523508072e-03
1.841070828959345818e-03
-4.817034117877483368e-03
4.396823234856128693e-03
-1.977418083697557449e-03
-1.132159028202295303e-02
1.271255430765450001e-03
-2.443190105259418488e-02
-1.947107166051864624e-02
-2.175754494965076447e-02
-1.614327356219291687e-02
-1.001245807856321335e-02
-1.471873000264167786e-02
-1.294029224663972855e-02
-8.689234964549541473e-03
-7.872124202549457550e-03
1.361533533781766891e-02
6.521779578179121017e-03
6.079588551074266434e-03
7.631981745362281799e-03
2.521607792004942894e-03
2.675668103620409966e-03
1.102746929973363876e-02
8.652184158563613892e-03
8.087052032351493835e-03
-1.880449126474559307e-03
-4.379850812256336212e-03
-1.192295178771018982e-02
-2.701027551665902138e-04
-2.400745637714862823e-03
-1.282609347254037857e-02
2.535248349886387587e-04
-2.469451399520039558e-03
-9.882084093987941742e-03
-5.982586182653903961e-03
-7.588505279272794724e-03
-6.865500938147306442e-03
-6.578312255442142487e-03
-5.872610490769147873e-03
-1.029678061604499817e-02
-9.642200544476509094e-03
-6.644652225077152252e-03
-1.277764700353145599e-02
-1.167651824653148651e-02
-4.788822494447231293e-03
-4.141600802540779114e-03
-8.644786663353443146e-03
4.544073890428990126e-04
-4.537807001270266483e-07
-1.513775717467069626e-02
-1.638416899368166924e-03
-1.436966471374034882e-03
3.097340837121009827e-02
3.388375043869018555e-02
3.449280187487602234e-02
1.757610961794853210e-02
2.036949247121810913e-02
2.635739743709564209e-02
1.741953939199447632e-02
2.159076184034347534e-02
2.374741062521934509e-02
-2.324057370424270630e-02
-9.474476799368858337e-03
-2.413992211222648621e-02
-1.632443256676197052e-02
-3.801414859481155872e-04
-1.309018675237894058e-02
-2.319579012691974640e-02
-6.052614189684391022e-03
-1.896663941442966461e-02
4.491325467824935913e-03
2.649750560522079468e-03
1.237327046692371368e-02
4.266761243343353271e-03
3.852906171232461929e-03
1.345436088740825653e-02
6.655864883214235306e-03
6.621388718485832214e-03
1.798795908689498901e-02
3.495888318866491318e-03
7.125979289412498474e-03
9.448833763599395752e-03
1.658761524595320225e-03
6.851740181446075439e-03
9.383502416312694550e-03
-4.420366138219833374e-03
-6.432144436985254288e-04
4.593320656567811966e-03
-1.043573720380663872e-03
1.065694727003574371e-03
-4.984546918421983719e-03
-1.125051407143473625e-03
-1.278084469959139824e-03
-4.549499135464429855e-03
-6.371228490024805069e-03
-6.140837911516427994e-03
-1.246312540024518967e-02
2.651095949113368988e-02
1.353648398071527481e-02
2.690715715289115906e-02
1.050591934472322464e-02
-2.766838762909173965e-03
1.036319881677627563e-02
1.817806251347064972e-02
5.029015708714723587e-03
1.194725185632705688e-02
-7.455596234649419785e-03
-8.213980123400688171e-03
-9.633394889533519745e-03
-7.834859192371368408e-03
-9.095064364373683929e-03
-1.026902440935373306e-02
-4.507014527916908264e-03
-3.775311633944511414e-03
-6.986931432038545609e-03
-3.432495286688208580e-03
6.942410836927592754e-04
-5.416383501142263412e-03
-2.829595701768994331e-03
1.797388889826834202e-03
-4.693850409239530563e-03
-9.207003749907016754e-03
-5.657911300659179688e-03
-1.018725708127021790e-02
5.016949493438005447e-03
3.766222624108195305e-03
3.796673845499753952e-03
-6.203145254403352737e-03
-1.115686446428298950e-02
-4.302279092371463776e-03
7.666240446269512177e-03
7.877766620367765427e-04
1.277067698538303375e-02
1.627111434936523438e-02
6.629432551562786102e-03
1.516505423933267593e-02
2.036823518574237823e-02
6.147951353341341019e-03
1.433263905346393585e-02
4.000042006373405457e-02
2.493157051503658295e-02
3.350438922643661499e-02
-2.001276297960430384e-04
3.429876407608389854e-03
4.915024153888225555e-03
-2.160592237487435341e-03
2.173116517951712012e-04
3.143014153465628624e-03
-4.062979016453027725e-03
-2.020934829488396645e-03
2.572359051555395126e-03
-1.404360495507717133e-02
-3.006639890372753143e-03
-9.209690615534782410e-03
-1.296767964959144592e-02
-2.521072048693895340e-03
-1.251679286360740662e-02
-2.074945159256458282e-02
-1.249052211642265320e-02
-2.060779370367527008e-02
2.503785304725170135e-02
6.795210763812065125e-03
1.350565906614065170e-02
1.533362362533807755e-02
2.712185960263013840e-03
9.017144329845905304e-03
2.133038826286792755e-02
7.621189113706350327e-03
1.284439861774444580e-02
-1.945120468735694885e-02
-1.166679710149765015e-02
-1.890603452920913696e-02
-6.635566242039203644e-03
-1.818218501284718513e-03
-7.227208930999040604e-03
-1.404408086091279984e-02
-1.252124831080436707e-02
-2.053897269070148468e-02
2.726983465254306793e-02
1.801218651235103607e-02
3.182207420468330383e-02
1.608933880925178528e-02
7.279891986399888992e-03
2.069779857993125916e-02
2.447477169334888458e-02
1.381407398730516434e-02
2.590791136026382446e-02
-1.259068213403224945e-02
-4.460282623767852783e-03
-1.292479876428842545e-02
-1.373351737856864929e-02
-7.273935712873935699e-03
-1.129969768226146698e-02
-1.685163751244544983e-02
-9.033590555191040039e-03
-1.155887916684150696e-02
-1.126936357468366623e-02
-6.752173881977796555e-03
-1.984333619475364685e-02
-5.320205818861722946e-03
2.199160400778055191e-03
-1.007142942398786545e-02
-2.141727309208363295e-04
-1.580278156325221062e-03
-1.167928054928779602e-02
-7.557872217148542404e-03
-1.475493889302015305e-03
-8.527601137757301331e-03
-3.553104586899280548e-03
7.707022014074027538e-04
-9.348420426249504089e-03
-9.372852742671966553e-03
-7.510384079068899155e-03
-1.646482758224010468e-02
8.515519089996814728e-03
6.522984243929386139e-03
-1.276820665225386620e-03
4.852455109357833862e-03
4.245591815561056137e-03
1.469768234528601170e-03
2.198822796344757080e-03
2.807262353599071503e-03
-4.990539746358990669e-04
-5.805735476315021515e-03
-4.718046169728040695e-03
-1.735932659357786179e-03
-4.170323256403207779e-03
-3.613255918025970459e-03
-1.920902053825557232e-03
-3.678856650367379189e-03
-5.272829905152320862e-03
-4.593344405293464661e-03
-2.703790087252855301e-04
-1.491947681643068790e-03
7.915868191048502922e-04
7.278380915522575378e-03
2.568992553278803825e-03
1.471981056965887547e-03
2.119318768382072449e-02
1.148275192826986313e-02
7.793921977281570435e-03
-9.926953352987766266e-03
-5.217786412686109543e-03
-1.092231646180152893e-02
-4.844465292990207672e-03
-1.233176328241825104e-03
-8.694939315319061279e-03
-1.235056109726428986e-02
-9.715076535940170288e-03
-1.477615069597959518e-02
-1.315827202051877975e-02
-4.280388355255126953e-03
-1.175904460251331329e-02
-1.425028312951326370e-02
-4.049934446811676025e-03
-1.429323852062225342e-02
-2.899250760674476624e-02
-1.346226036548614502e-02
-2.501966059207916260e-02
8.855496533215045929e-03
4.201499745249748230e-03
1.133521832525730133e-02
7.288577035069465637e-03
2.099095290759578347e-04
8.237298578023910522e-03
1.626772806048393250e-02
1.196196954697370529e-02
1.983222551643848419e-02
2.603796869516372681e-02
2.328164316713809967e-02
4.536983370780944824e-02
9.635683149099349976e-03
4.345234017819166183e-03
2.441627345979213715e-02
1.515629421919584274e-02
6.250179372727870941e-03
2.748965285718441010e-02
-1.086216233670711517e-02
-6.956780795007944107e-03
-4.083630163222551346e-03
-1.569839892908930779e-03
2.202532719820737839e-03
3.477848949842154980e-04
-7.240581326186656952e-03
-1.423604786396026611e-03
-4.421873949468135834e-03
2.915520220994949341e-02
2.370360121130943298e-02
3.689801692962646484e-02
3.274640813469886780e-02
2.239570394158363342e-02
3.140836954116821289e-02
2.063120529055595398e-02
1.104934513568878174e-02
1.502464432269334793e-02
-2.053801668807864189e-03
7.959699723869562149e-04
7.776317652314901352e-03
5.659393500536680222e-03
6.168893538415431976e-03
3.343852469697594643e-03
1.758197671733796597e-03
-7.598527736263349652e-05
-5.997933447360992432e-03
-4.297150764614343643e-03
-2.394421608187258244e-04
-1.019359286874532700e-02
1.303391414694488049e-03
6.115890108048915863e-03
-2.370929578319191933e-03
-4.109026398509740829e-03
7.482119253836572170e-04
-8.665219880640506744e-03
-1.993603818118572235e-02
-2.002413757145404816e-02
-2.757869660854339600e-02
-2.075198106467723846e-02
-1.361820939928293228e-02
-1.743350178003311157e-02
-2.863140404224395752e-02
-1.912789978086948395e-02
-1.911917887628078461e-02
2.203978225588798523e-02
1.940566487610340118e-02
3.817658126354217529e-02
1.586188562214374542e-02
1.352572441101074219e-02
3.227884694933891296e-02
2.112372592091560364e-02
1.636934280395507812e-02
3.513842821121215820e-02
4.264396149665117264e-03
5.186787340790033340e-03
7.339755538851022720e-03
8.274030988104641438e-04
4.259200766682624817e-03
1.180749479681253433e-02
4.490915685892105103e-03
1.054938323795795441e-02
2.088310755789279938e-02
-8.610843680799007416e-03
-2.809675643220543861e-03
-8.592651225626468658e-03
-2.107345266267657280e-03
9.065480902791023254e-03
6.484077312052249908e-03
-5.822624079883098602e-03
8.667426183819770813e-03
3.553694346919655800e-03
3.584342822432518005e-02
2.300668321549892426e-02
4.258079454302787781e-02
3.012316673994064331e-02
1.695685088634490967e-02
3.647546842694282532e-02
4.274703562259674072e-02
3.150354698300361633e-02
4.875423759222030640e-02
2.012283913791179657e-02
7.564646191895008087e-03
2.653541788458824158e-02
4.381473176181316376e-03
-8.448562584817409515e-03
4.191239830106496811e-03
7.625454571098089218e-03
-6.203433964401483536e-03
2.242841757833957672e-03
6.713079661130905151e-02
4.305824637413024902e-02
5.008398741483688354e-02
3.236559033393859863e-02
2.286520786583423615e-03
5.420501343905925751e-03
3.500822931528091431e-02
6.364568602293729782e-03
3.873918612953275442e-04
1.668535172939300537e-03
2.248213393613696098e-03
-6.347144022583961487e-03
-2.816742751747369766e-03
2.037051133811473846e-03
-7.746970746666193008e-03
-9.223938919603824615e-03
-4.386839456856250763e-03
-1.867757737636566162e-02
-1.256089098751544952e-02
-3.366146702319383621e-03
-3.429665695875883102e-03
-1.010249648243188858e-02
-2.601227723062038422e-03
7.931959698908030987e-04
-1.016080658882856369e-02
-4.484137520194053650e-03
9.395894594490528107e-04
2.367093786597251892e-02
1.566942408680915833e-02
3.020592592656612396e-02
1.064475905150175095e-02
1.292560249567031860e-03
1.424451079219579697e-02
1.780198328197002411e-02
9.495181962847709656e-03
1.995605416595935822e-02
2.649739908520132303e-04
6.517929024994373322e-03
1.051187235862016678e-02
-1.942718081409111619e-04
4.022330977022647858e-03
8.605998009443283081e-03
4.757463932037353516e-03
6.957277655601501465e-03
1.498892623931169510e-02
-1.443519140593707561e-03
-9.481183369643986225e-04
-2.720232820138335228e-03
4.883392248302698135e-03
5.960014183074235916e-03
3.713305341079831123e-03
-2.824203693307936192e-04
2.382610691711306572e-03
8.372956071980297565e-04
1.889658160507678986e-02
2.317298203706741333e-03
4.008627682924270630e-02
1.490691117942333221e-02
-7.131297606974840164e-03
2.506089769303798676e-02
5.182219296693801880e-02
2.695198729634284973e-02
5.573912709951400757e-02
-6.395300850272178650e-03
-1.366927661001682281e-02
-3.256780328229069710e-04
1.364144030958414078e-03
-9.319933131337165833e-03
1.507727080024778843e-03
2.371211349964141846e-02
1.489522960036993027e-02
2.756427414715290070e-02
5.773642624262720346e-05
-5.363962147384881973e-03
-5.234112031757831573e-03
-1.130641251802444458e-02
-1.113847456872463226e-02
-1.872556656599044800e-02
-8.705654181540012360e-03
-6.115703843533992767e-03
-1.732739619910717010e-02
-7.265784777700901031e-03
-3.184739500284194946e-03
-1.100858580321073532e-02
-3.803199215326458216e-04
3.880458418279886246e-03
-5.619262810796499252e-03
-1.190503872931003571e-02
-6.439399439841508865e-03
-1.110445242375135422e-02
1.839423021010588855e-05
6.944077322259545326e-04
-3.492378164082765579e-03
1.592919230461120605e-03
3.632617183029651642e-03
-9.134241845458745956e-04
-8.487273007631301880e-03
-3.934107720851898193e-03
-6.246075499802827835e-03
-1.247737929224967957e-02
-1.390327326953411102e-02
-8.641646243631839752e-03
-1.433466468006372452e-02
-1.023933012038469315e-02
-5.305315367877483368e-03
-7.069931365549564362e-03
-8.450092747807502747e-03
-5.629472900182008743e-03
1.336547918617725372e-02
6.646730937063694000e-03
1.439502649009227753e-02
1.654779538512229919e-02
9.276865981519222260e-03
1.479461975395679474e-02
3.204436972737312317e-02
2.322732284665107727e-02
2.816196344792842865e-02
2.700833138078451157e-03
1.791140181012451649e-03
-1.404723880114033818e-04
-1.827180734835565090e-03
-5.602804943919181824e-03
-7.410749793052673340e-03
-3.444549220148473978e-04
-4.119951743632555008e-03
-5.802721716463565826e-03
-2.913265954703092575e-03
-2.079866360872983932e-03
-2.919058781117200851e-03
-2.416749252006411552e-03
7.943019154481589794e-04
-1.274428912438452244e-03
-3.101992420852184296e-03
7.474199810530990362e-05
-3.456287377048283815e-04
5.014824680984020233e-03
6.359962280839681625e-04
-3.169469302520155907e-03
-1.285266946069896221e-03
-5.593531299382448196e-03
-1.049361564218997955e-02
-4.033331642858684063e-04
-5.134479608386754990e-03
-1.131699979305267334e-02
-1.041051372885704041e-02
-3.092145314440131187e-03
-1.064177695661783218e-02
-8.465496823191642761e-03
1.643398893065750599e-03
-1.050447672605514526e-02
-1.717354543507099152e-02
-5.195740144699811935e-03
-1.854655146598815918e-02
-1.372604817152023315e-02
-5.894686095416545868e-03
-1.329766772687435150e-02
-1.344844326376914978e-02
-2.812433755025267601e-03
-7.567997090518474579e-03
-1.643889024853706360e-02
-6.843368988484144211e-03
-1.007917895913124084e-02
-1.272270269691944122e-02
-1.142028160393238068e-02
-9.537874720990657806e-03
3.413447178900241852e-03
2.054706215858459473e-03
3.501827595755457878e-03
5.521550192497670650e-04
-1.846128259785473347e-03
7.288451888598501682e-04
3.161987289786338806e-02
2.338248118758201599e-02
2.728803083300590515e-02
2.322893030941486359e-02
1.405252143740653992e-02
2.019253373146057129e-02
2.180278487503528595e-02
1.247038040310144424e-02
1.754182204604148865e-02
-3.339745802804827690e-03
-8.333656005561351776e-03
-8.683058433234691620e-03
-2.220053691416978836e-03
-3.399919252842664719e-03
-8.282643742859363556e-03
-5.359856295399367809e-04
-2.913730451837182045e-03
-4.513982217758893967e-03
9.969768114387989044e-03
6.035137455910444260e-03
9.386113844811916351e-03
9.947738610208034515e-03
5.936064757406711578e-03
1.070846896618604660e-02
1.041090954095125198e-02
4.717796109616756439e-03
1.069357432425022125e-02
-1.801957935094833374e-02
-1.449785847216844559e-02
-1.333996001631021500e-02
-1.461091917008161545e-02
-7.997579872608184814e-03
-6.611409597098827362e-03
-1.974365487694740295e-02
-8.934012614190578461e-03
-5.248414818197488785e-03
2.003495208919048309e-02
7.708050776273012161e-03
2.708810847252607346e-03
2.265522442758083344e-02
1.607398688793182373e-02
1.607325673103332520e-02
1.820904202759265900e-02
1.614828035235404968e-02
1.940199173986911774e-02
-1.981646753847599030e-02
-1.354741211980581284e-02
-1.562425680458545685e-02
-8.331387303769588470e-03
-2.775764092803001404e-03
-6.010223645716905594e-03
-1.062886137515306473e-02
-3.944503143429756165e-03
-7.139171008020639420e-03
1.434634556062519550e-03
-2.166324062272906303e-03
2.664527622982859612e-03
-5.877871808479540050e-05
-7.739940774627029896e-04
9.006262989714741707e-04
-5.307227373123168945e-03
3.454319084994494915e-05
-9.835312375798821449e-04
-5.505820154212415218e-04
1.468360191211104393e-03
-8.730097673833370209e-03
-2.768748672679066658e-03
-1.972522120922803879e-03
-8.996930904686450958e-03
-5.868824198842048645e-03
-7.722888607531785965e-03
-1.490055769681930542e-02
-2.959881676360964775e-03
-9.885750710964202881e-03
-7.493187207728624344e-03
-1.424636924639344215e-03
-4.691277164965867996e-03
-4.572312347590923309e-03
-5.617140792310237885e-03
-7.114248350262641907e-03
-9.551575407385826111e-03
2.313227159902453423e-03
1.904870987345930189e-05
9.434772655367851257e-03
1.191715011373162270e-03
1.901463605463504791e-03
1.036493107676506042e-02
-2.092980546876788139e-03
1.848430838435888290e-03
1.075844839215278625e-02
3.082970902323722839e-02
3.043875098228454590e-02
3.209837526082992554e-02
1.612289622426033020e-02
1.853617839515209198e-02
2.454616501927375793e-02
-4.227178636938333511e-03
-1.113937236368656158e-03
3.522096434608101845e-03
-1.657933183014392853e-02
-9.522182866930961609e-03
-1.489936187863349915e-02
-1.387637760490179062e-02
-4.270851146429777145e-03
-1.126809231936931610e-02
-1.836111210286617279e-02
-6.097726989537477493e-03
-1.380072720348834991e-02
-1.338159199804067612e-02
-6.629520095884799957e-03
-1.583878532983362675e-03
-1.235954929143190384e-02
-7.577861659228801727e-03
-4.831002559512853622e-03
-1.408570446074008942e-02
-8.685877546668052673e-03
-8.123237639665603638e-03
1.593689084984362125e-03
2.994396025314927101e-03
5.199977196753025055e-03
5.302817095071077347e-03
7.892380468547344208e-03
9.249791502952575684e-03
3.012480912730097771e-03
5.379568319767713547e-03
7.094656117260456085e-03
-3.275967435911297798e-03
-1.518780714832246304e-03
-1.152477040886878967e-02
-5.524283740669488907e-03
-4.350115545094013214e-03
-1.195269916206598282e-02
-1.249863766133785248e-02
-1.114689931273460388e-02
-2.160012163221836090e-02
-8.493813686072826385e-03
-9.097231552004814148e-03
-1.344210654497146606e-02
-6.548333447426557541e-03
-5.991408135741949081e-03
-9.669016115367412567e-03
-2.940080128610134125e-03
-3.563293488696217537e-03
-9.483966045081615448e-03
-9.277782402932643890e-03
-4.829383455216884613e-03
-2.985716797411441803e-03
-1.119611784815788269e-02
-8.364169858396053314e-03
-8.127636276185512543e-03
-9.394294582307338715e-03
-6.538545247167348862e-03
-7.643585558980703354e-03
-1.698176562786102295e-02
-1.214540470391511917e-02
-1.069556549191474915e-02
-9.624972939491271973e-03
-7.524454500526189804e-03
-1.026420760899782181e-02
-1.323101297020912170e-02
-1.321287173777818680e-02
-1.622434705495834351e-02
5.370510276407003403e-03
2.070012968033552170e-03
-2.833801088854670525e-03
-3.788775065913796425e-03
-5.161108449101448059e-03
-7.086062803864479065e-03
4.116711206734180450e-03
5.111698992550373077e-03
5.548395682126283646e-03
1.033264794386923313e-03
7.363905198872089386e-03
1.173524744808673859e-02
5.075413268059492111e-03
6.038356572389602661e-03
7.048846688121557236e-03
1.011220365762710571e-02
1.038998458534479141e-02
1.051137875765562057e-02
-3.799184458330273628e-03
7.144062314182519913e-03
4.160464741289615631e-03
-5.251325666904449463e-03
2.900804160162806511e-03
-1.476511679356917739e-04
-2.089132182300090790e-02
-1.434639748185873032e-02
-1.898810453712940216e-02
-4.534014500677585602e-03
-6.778099574148654938e-03
-5.578584969043731689e-03
-2.002010820433497429e-03
-3.448412986472249031e-03
-5.058676470071077347e-03
-1.217397302389144897e-02
-5.496036726981401443e-03
-7.717309985309839249e-03
2.290984056890010834e-02
8.506388403475284576e-04
8.620233274996280670e-03
2.130946516990661621e-02
5.171320866793394089e-03
1.387219503521919250e-02
2.332073636353015900e-02
5.253411363810300827e-03
1.067047100514173508e-02
-1.668646000325679779e-02
-8.186600171029567719e-03
-8.264714851975440979e-03
-9.890003129839897156e-03
-2.672096714377403259e-03
-4.511364270001649857e-03
-1.648069918155670166e-02
-1.340517960488796234e-02
-1.466160546988248825e-02
1.466921344399452209e-02
1.594415120780467987e-02
2.707111090421676636e-02
6.558136548846960068e-03
4.710208158940076828e-03
1.621508970856666565e-02
1.236262358725070953e-02
9.317212738096714020e-03
1.821018382906913757e-02
-1.272696536034345627e-02
-2.276006853207945824e-03
-8.385219611227512360e-03
-1.423900295048952103e-02
-4.357673227787017822e-03
-1.036804635077714920e-02
-1.736943423748016357e-02
-8.046931587159633636e-03
-1.138416398316621780e-02
-2.247118623927235603e-03
7.108408026397228241e-04
-5.846162326633930206e-03
6.577718537300825119e-03
5.191337782889604568e-03
2.398607175564393401e-04
8.690625429153442383e-03
7.734324783086776733e-03
2.624683780595660210e-03
-2.111767977476119995e-02
-7.620451506227254868e-03
-1.449266355484724045e-02
-1.042196620255708694e-02
-8.554023806937038898e-04
-8.625857532024383545e-03
-1.898033171892166138e-02
-1.133084949105978012e-02
-2.163766138255596161e-02
