-3.177834302186965942e-02
-5.908976867794990540e-02
4.812615737318992615e-02
-1.912175677716732025e-03
-5.896446108818054199e-02
2.835535444319248199e-02
-1.312428899109363556e-02
1.844592951238155365e-02
-3.071421012282371521e-02
7.483821362257003784e-02
-8.085465058684349060e-03
-3.313289955258369446e-02
3.079962171614170074e-02
-1.022643875330686569e-02
-3.398982807993888855e-02
-3.855594433844089508e-03
-8.997563272714614868e-02
-3.141744434833526611e-02
4.775108024477958679e-02
-2.601961791515350342e-02
-1.156164053827524185e-02
-4.615308716893196106e-02
-3.163065016269683838e-02
1.430173777043819427e-02
-2.319817245006561279e-02
3.641106933355331421e-02
6.552347540855407715e-02
5.538192018866539001e-02
-8.060712367296218872e-03
-2.842767862603068352e-03
5.824801698327064514e-02
-2.032147720456123352e-02
-1.475850865244865417e-02
2.159000933170318604e-02
-7.037754170596599579e-03
1.152637414634227753e-02
-2.719595469534397125e-02
-4.065249115228652954e-02
1.269130688160657883e-02
-7.018034905195236206e-02
5.548868700861930847e-02
2.059614099562168121e-02
-2.505320310592651367e-02
4.608359560370445251e-02
1.092913467437028885e-02
-3.044871985912322998e-02
4.859584569931030273e-02
-3.798121586441993713e-02
-4.936062917113304138e-02
4.575149714946746826e-02
2.374597080051898956e-02
-3.668551146984100342e-02
-8.206102997064590454e-02
-2.113812230527400970e-02
-8.350138366222381592e-02
8.473685011267662048e-03
-6.975480914115905762e-02
5.060674622654914856e-03
8.574558049440383911e-02
-6.060978770256042480e-02
-4.932026937603950500e-02
-1.235392503440380096e-02
-6.855704355984926224e-03
2.475436404347419739e-02
-3.234886005520820618e-02
3.348512575030326843e-02
3.108978457748889923e-02
-8.290558308362960815e-02
-1.903625577688217163e-02
5.781038850545883179e-02
-1.462589018046855927e-03
2.292738296091556549e-03
-7.806400954723358154e-02
2.122177742421627045e-02
-3.780436143279075623e-02
-7.256744801998138428e-02
9.620938450098037720e-02
-4.619095847010612488e-02
-3.953509032726287842e-02
1.621496980078518391e-03
-4.979487042874097824e-03
-2.654975093901157379e-02
-3.840977326035499573e-02
-1.904192380607128143e-02
-3.012952953577041626e-02
9.194622188806533813e-02
3.523134812712669373e-02
-7.159199565649032593e-02
6.241078488528728485e-03
-2.414871752262115479e-02
9.974044747650623322e-03
-2.228606306016445160e-02
-8.356810361146926880e-02
1.752938842400908470e-03
7.175197452306747437e-02
3.469727933406829834e-02
1.270896755158901215e-02
1.236997451633214951e-02
-5.890848487615585327e-02
-2.744971215724945068e-02
1.694214530289173126e-02
1.280995085835456848e-02
1.488741487264633179e-02
7.037668675184249878e-02
-1.687460392713546753e-02
-1.677748374640941620e-02
-5.980453267693519592e-02
-7.774445414543151855e-02
-5.344560369849205017e-02
-4.383880179375410080e-03
9.467195719480514526e-02
-4.285842552781105042e-02
-5.049305781722068787e-02
6.930771470069885254e-02
-2.261809073388576508e-02
-1.665821857750415802e-02
-1.289906818419694901e-02
1.072857342660427094e-02
-1.959433592855930328e-02
7.942390441894531250e-02
-1.737048034556210041e-03
2.830469422042369843e-02
9.683721698820590973e-03
-6.684114784002304077e-02
2.122254297137260437e-02
-6.545852124691009521e-02
-9.158954769372940063e-02
-1.162082143127918243e-02
-1.966101862490177155e-02
-1.015326902270317078e-01
1.439908444881439209e-01
1.552549004554748535e-01
-1.526399105787277222e-01
6.052772048860788345e-03
-9.441407397389411926e-03
3.145434195175766945e-03
-3.140250965952873230e-02
2.522808872163295746e-02
3.449823707342147827e-02
-6.346872448921203613e-02
-2.654801681637763977e-02
2.632419113069772720e-03
-6.554204225540161133e-02
-8.525988087058067322e-03
5.498490110039710999e-02
-5.512508004903793335e-02
-4.036612808704376221e-02
5.448945797979831696e-03
-2.604635059833526611e-02
1.076438557356595993e-02
-6.482997536659240723e-02
-1.038830378092825413e-03
5.880260095000267029e-02
-4.015804454684257507e-02
-3.619042411446571350e-02
2.257252112030982971e-02
-3.080111742019653320e-02
-1.339986175298690796e-02
1.255140304565429688e-01
-8.384314924478530884e-02
-6.794894486665725708e-02
5.609957128763198853e-02
-7.766807824373245239e-02
2.075476199388504028e-02
-1.690046302974224091e-02
2.134925127029418945e-02
1.618707478046417236e-01
-3.387225046753883362e-02
-4.777633398771286011e-02
4.709777235984802246e-02
-1.348012983798980713e-01
3.221601620316505432e-02
-3.972470387816429138e-02
-5.778317525982856750e-02
2.271276712417602539e-02
-5.494488775730133057e-02
-4.489015415310859680e-02
3.740454092621803284e-02
-6.994741503149271011e-03
-2.677489258348941803e-02
-2.776212058961391449e-02
2.131290733814239502e-02
-3.063567914068698883e-02
-3.961460292339324951e-02
-2.831213735044002533e-02
-4.835029318928718567e-02
-2.104995027184486389e-02
-2.992140501737594604e-02
-3.545672819018363953e-02
-2.297853492200374603e-02
5.959410965442657471e-02
6.555508822202682495e-02
-1.508964598178863525e-02
-2.444458566606044769e-02
-3.320148587226867676e-02
-4.763277992606163025e-02
-4.020526260137557983e-02
-2.043654955923557281e-02
4.284961149096488953e-02
-1.279783528298139572e-02
4.762780293822288513e-02
-3.211035951972007751e-02
-5.279203504323959351e-02
-8.888807147741317749e-03
5.309920758008956909e-02
1.076595019549131393e-02
-5.322093144059181213e-03
8.118587546050548553e-03
6.696967780590057373e-02
6.489783525466918945e-02
-1.678381487727165222e-02
-1.883105002343654633e-02
1.031497586518526077e-02
-9.237863123416900635e-03
2.171678468585014343e-02
3.173934295773506165e-02
-2.662917412817478180e-02
2.904993295669555664e-02
-6.602303683757781982e-02
1.816818863153457642e-02
1.409673225134611130e-02
-5.296882241964340210e-03
-1.683279406279325485e-04
-2.875799313187599182e-02
5.284158885478973389e-02
2.666641771793365479e-02
1.897502876818180084e-02
2.649771608412265778e-02
6.257610768079757690e-02
-1.878953911364078522e-02
-4.278815910220146179e-02
5.100102722644805908e-02
-4.717653989791870117e-02
-5.150256305932998657e-02
-2.152865286916494370e-03
-2.298980019986629486e-02
3.092617727816104889e-02
-5.023001506924629211e-02
-6.797601282596588135e-02
7.287929765880107880e-03
-4.200797155499458313e-02
-2.293593995273113251e-02
-2.706213854253292084e-02
3.302136808633804321e-02
4.104617238044738770e-02
-3.816780447959899902e-02
6.602088361978530884e-02
1.204803492873907089e-02
-4.108929634094238281e-02
2.655410207808017731e-02
-5.922315642237663269e-02
-9.530646353960037231e-02
-5.550895631313323975e-02
1.288554281927645206e-03
-8.115440607070922852e-02
-3.165190666913986206e-02
-1.466295798309147358e-03
-5.176018178462982178e-02
-7.113582640886306763e-02
-6.037862598896026611e-02
-1.072686631232500076e-02
-7.031822111457586288e-03
-1.498880330473184586e-02
-1.315088593401014805e-03
3.124943701550364494e-03
-2.558152750134468079e-02
6.553163286298513412e-03
1.915905065834522247e-02
6.354950834065675735e-03
4.482846707105636597e-02
-6.558685004711151123e-02
1.216479577124118805e-02
4.717714618891477585e-03
-1.865131035447120667e-02
-1.395694538950920105e-02
9.671176970005035400e-02
1.567705417983233929e-03
4.957473836839199066e-03
7.696386426687240601e-02
7.028657943010330200e-02
-2.960708178579807281e-02
2.881377469748258591e-03
-3.054538974538445473e-03
-9.769878536462783813e-02
-2.980600669980049133e-02
-1.302711479365825653e-02
3.757382184267044067e-02
6.664424389600753784e-02
4.081021621823310852e-02
-9.379724971950054169e-03
8.328351378440856934e-02
2.666280604898929596e-02
3.063982166349887848e-02
-2.026027627289295197e-02
-1.392117049545049667e-02
-1.546248514205217361e-02
-3.309264406561851501e-02
-6.249127537012100220e-02
-5.282687023282051086e-02
-9.900756180286407471e-03
4.172652587294578552e-02
2.409435546724125743e-04
-2.725966507568955421e-03
2.038619481027126312e-02
6.745894253253936768e-02
1.968213357031345367e-02
1.821473473682999611e-03
8.206098340451717377e-03
2.777777239680290222e-02
-3.943062853068113327e-03
1.504107494838535786e-03
-1.499868929386138916e-03
1.040248293429613113e-02
-1.806590519845485687e-02
-5.660382658243179321e-02
-1.354303956031799316e-01
-1.152118742465972900e-01
-5.102065205574035645e-02
1.151862274855375290e-02
-4.507206007838249207e-02
-5.397565662860870361e-02
1.256277263164520264e-01
8.633764833211898804e-02
-3.668694943189620972e-02
-8.254224807024002075e-02
-6.533943116664886475e-02
-6.088509038090705872e-02
2.968765050172805786e-02
2.572262845933437347e-02
-4.404167085886001587e-02
3.544851392507553101e-02
7.636845856904983521e-02
-1.579870842397212982e-02
-7.201312482357025146e-02
3.579139709472656250e-02
1.110470741987228394e-01
-6.532314419746398926e-02
-3.391048312187194824e-02
5.745406821370124817e-02
1.911993720568716526e-03
-2.793439850211143494e-02
-4.410640150308609009e-02
4.253079742193222046e-02
-3.758147731423377991e-02
-5.004578735679388046e-03
-8.196045528165996075e-04
3.872212953865528107e-03
6.873105466365814209e-02
-3.403140604496002197e-02
1.687166467308998108e-02
5.766022950410842896e-02
-3.039507195353507996e-02
-2.213735319674015045e-02
3.383028879761695862e-02
-3.134053945541381836e-02
1.817845180630683899e-02
-3.632947569712996483e-03
-1.904696412384510040e-02
-2.105784043669700623e-02
-4.422942548990249634e-02
3.916585817933082581e-02
-1.538189779967069626e-02
-5.594354867935180664e-02
2.941297180950641632e-02
-1.115717645734548569e-02
2.012553252279758453e-02
-1.391769386827945709e-02
-2.003460749983787537e-02
1.938028261065483093e-02
-2.300192043185234070e-02
2.178801782429218292e-02
2.958085201680660248e-02
-1.936371065676212311e-02
1.797018758952617645e-02
-2.889584377408027649e-02
-5.355475842952728271e-02
-2.382706478238105774e-02
-1.972435275092720985e-03
2.932264842092990875e-02
5.626607686281204224e-02
1.278080940246582031e-01
-4.350977391004562378e-02
-3.485567495226860046e-02
5.549632012844085693e-02
-8.797097951173782349e-02
-1.080117896199226379e-01
-7.148429751396179199e-02
4.150818660855293274e-02
1.210866197943687439e-01
9.964998811483383179e-03
-7.161390781402587891e-02
-1.012223865836858749e-02
2.549725584685802460e-02
-8.662164211273193359e-02
-2.741868980228900909e-02
5.487423762679100037e-02
-5.147478356957435608e-02
2.017575874924659729e-02
1.826362498104572296e-02
-3.517049551010131836e-02
-4.873413965106010437e-02
-5.945218354463577271e-02
2.756067365407943726e-02
-2.283116057515144348e-02
-3.872564807534217834e-02
-2.912625297904014587e-02
-1.928231306374073029e-02
2.470295317471027374e-02
-5.174109339714050293e-02
5.241345986723899841e-02
-2.761936932802200317e-02
-1.246813312172889709e-02
-1.789757795631885529e-02
-8.296049386262893677e-02
-3.090157173573970795e-02
3.130926936864852905e-02
8.962640166282653809e-02
-1.364639028906822205e-02
1.584544405341148376e-02
5.200808122754096985e-02
-4.723010584712028503e-02
-4.561170190572738647e-02
-3.202674910426139832e-02
-2.894878014922142029e-02
-5.768803507089614868e-02
-6.303209066390991211e-02
-5.856018047779798508e-03
-2.376142889261245728e-02
2.021637046709656715e-03
7.222039997577667236e-02
6.944379955530166626e-02
5.184027925133705139e-02
-5.684138089418411255e-02
-1.395872235298156738e-02
-9.625429287552833557e-03
1.646575517952442169e-02
4.484889283776283264e-02
2.426480688154697418e-02
3.695502504706382751e-02
-2.332878066226840019e-03
1.627411693334579468e-02
-9.957393631339073181e-03
1.622335612773895264e-02
-3.304342925548553467e-02
-8.869985118508338928e-03
-3.184806928038597107e-02
-7.150359451770782471e-02
3.813129663467407227e-02
4.070284962654113770e-02
-6.763538718223571777e-02
4.556025564670562744e-02
3.221516311168670654e-02
-3.945410251617431641e-03
-8.149974048137664795e-02
9.496754407882690430e-02
1.069975271821022034e-02
-1.109130010008811951e-01
4.176525771617889404e-02
1.480250805616378784e-02
1.496167201548814774e-02
3.207831177860498428e-04
1.719818636775016785e-02
8.121877326630055904e-04
-1.819021441042423248e-02
-4.252986982464790344e-03
5.933792144060134888e-02
-7.473523262888193130e-03
-5.116169154644012451e-02
-9.761129319667816162e-02
-7.561731338500976562e-02
-3.611067682504653931e-02
-2.270018216222524643e-03
-1.477262377738952637e-02
-1.422983873635530472e-02
-7.768704090267419815e-03
3.141258656978607178e-02
4.476436879485845566e-03
7.405026350170373917e-03
4.533627256751060486e-02
4.968381300568580627e-02
1.843758113682270050e-02
6.909819319844245911e-03
-3.294891864061355591e-02
4.869311675429344177e-02
4.986546467989683151e-03
-2.009130083024501801e-02
-3.306525573134422302e-02
-2.584654651582241058e-02
8.752974867820739746e-02
-1.946325972676277161e-02
-2.812872640788555145e-02
6.859723478555679321e-02
-1.149748936295509338e-01
-5.828041955828666687e-02
-6.722623109817504883e-02
3.880599886178970337e-02
1.823857019189745188e-04
-1.977854408323764801e-02
-6.700106430798768997e-03
-2.566337399184703827e-02
-1.004341542720794678e-01
2.582031488418579102e-02
-2.606324851512908936e-02
-5.883586779236793518e-02
4.878931492567062378e-02
1.297582127153873444e-02
-3.683055192232131958e-02
-5.489317700266838074e-02
-4.053825885057449341e-02
-2.288468368351459503e-02
-2.123346924781799316e-02
9.783290326595306396e-03
1.428647432476282120e-02
3.727868571877479553e-02
1.683066040277481079e-02
-5.064692348241806030e-02
-6.487359106540679932e-02
-2.903502993285655975e-02
-5.508350208401679993e-03
-5.032478272914886475e-02
4.990879911929368973e-03
5.120249092578887939e-02
-4.446263611316680908e-02
2.286333963274955750e-02
-1.143598370254039764e-02
-4.358175396919250488e-02
-2.236121892929077148e-02
1.757222786545753479e-02
3.784298896789550781e-02
-7.549338042736053467e-03
-2.530395053327083588e-03
1.036287471652030945e-02
6.849296856671571732e-03
1.840168144553899765e-03
-1.065209507942199707e-02
-2.150691859424114227e-02
-1.575334742665290833e-02
7.427555974572896957e-03
-1.324628572911024094e-02
9.922403842210769653e-04
5.827712640166282654e-02
3.078753501176834106e-02
-6.035783514380455017e-02
-1.100575458258390427e-02
1.181159913539886475e-02
-2.752496162429451942e-03
1.963277719914913177e-02
-5.065471399575471878e-03
5.514431744813919067e-02
1.908314786851406097e-02
-4.524577781558036804e-02
-5.014426261186599731e-02
1.832978241145610809e-02
-2.090374007821083069e-02
-3.719846904277801514e-02
4.490347206592559814e-02
5.972797796130180359e-02
-1.459053158760070801e-02
-1.984751969575881958e-02
4.491104744374752045e-03
7.224621949717402458e-04
-9.787015616893768311e-02
3.744794055819511414e-03
2.436159923672676086e-02
-1.575385779142379761e-02
-2.411876246333122253e-02
1.218299847096204758e-02
1.190708577632904053e-02
-1.289964839816093445e-02
-1.257354672998189926e-02
5.082770809531211853e-02
1.250280346721410751e-02
1.255694078281521797e-03
2.116801217198371887e-02
-1.895493082702159882e-02
-5.757716670632362366e-02
-1.848165318369865417e-02
4.443569853901863098e-02
1.760512404143810272e-02
-5.058763548731803894e-02
1.224341467022895813e-01
-3.346816450357437134e-02
-6.213647499680519104e-02
6.116662174463272095e-02
-1.991077512502670288e-02
-1.482359226793050766e-02
1.167327724397182465e-02
-1.106388284824788570e-03
2.188634872436523438e-02
5.096568260341882706e-03
-3.088628314435482025e-02
2.719731256365776062e-02
-1.511448621749877930e-02
-4.539015516638755798e-02
6.247525289654731750e-02
5.489176884293556213e-02
-1.156875025480985641e-02
5.436820164322853088e-02
3.583114221692085266e-02
-1.220456231385469437e-02
8.360394090414047241e-02
-5.974234547466039658e-03
-1.837952435016632080e-02
9.481833316385746002e-03
-2.299877814948558807e-02
3.576760366559028625e-02
8.845962584018707275e-03
-2.525162883102893829e-02
1.883719488978385925e-02
7.289561629295349121e-02
7.101956289261579514e-03
8.853125385940074921e-03
-4.836568608880043030e-02
-4.589848592877388000e-02
-4.350746050477027893e-02
-8.286039344966411591e-03
1.829302497208118439e-02
-1.489031780511140823e-02
6.826347112655639648e-02
-2.653006813488900661e-04
-8.252741396427154541e-02
-1.171474065631628036e-02
-2.568342722952365875e-02
4.617855418473482132e-03
7.056660950183868408e-02
-4.330388456583023071e-02
-4.549201950430870056e-02
4.107395559549331665e-02
-3.462646156549453735e-02
1.377469301223754883e-02
-9.955742210149765015e-02
9.546817280352115631e-03
6.522861775010824203e-03
-5.553587153553962708e-02
2.513154596090316772e-02
-9.837960824370384216e-03
-2.419291809201240540e-02
3.533309325575828552e-02
-5.557769164443016052e-02
-1.078027021139860153e-02
7.188948988914489746e-02
-3.808893635869026184e-02
2.936970849987119436e-04
9.981891512870788574e-02
-6.246084719896316528e-02
2.907148003578186035e-02
4.817231744527816772e-02
-7.975362986326217651e-02
5.778877809643745422e-02
-1.184937078505754471e-02
5.591107532382011414e-02
3.486452996730804443e-02
-5.341031774878501892e-02
2.621037187054753304e-03
-1.119015179574489594e-02
-7.988700270652770996e-02
1.549120899289846420e-02
-1.267306227236986160e-02
-5.143989995121955872e-02
-4.005619511008262634e-02
-6.107448786497116089e-02
-4.016287252306938171e-02
-3.147733956575393677e-02
3.938323631882667542e-02
4.916265979409217834e-02
-8.167059719562530518e-02
-1.731098257005214691e-02
-1.332763768732547760e-02
-1.339984941296279430e-03
-1.579621434211730957e-02
3.393895924091339111e-02
-1.120048481971025467e-02
3.186272084712982178e-02
-4.888880066573619843e-03
-2.642153576016426086e-02
-6.459193769842386246e-03
-9.377299249172210693e-02
1.566966995596885681e-02
1.184617821127176285e-02
-8.445101976394653320e-02
3.046212345361709595e-02
4.910816997289657593e-02
-6.843948364257812500e-02
3.982220962643623352e-02
-2.729423902928829193e-02
-1.087172050029039383e-02
-2.701688371598720551e-02
-4.506048560142517090e-02
4.594393447041511536e-02
6.856827437877655029e-02
-1.768368482589721680e-02
2.958779968321323395e-02
2.845841832458972931e-02
6.335819140076637268e-03
3.923422470688819885e-02
-2.589272707700729370e-02
-1.844558306038379669e-02
7.942810654640197754e-02
-9.808620065450668335e-02
-6.114353239536285400e-02
3.601793199777603149e-02
-3.691012039780616760e-02
2.661772258579730988e-02
1.875738613307476044e-02
-3.996865823864936829e-02
-1.170220132917165756e-02
-8.286562748253345490e-03
-7.481411844491958618e-02
2.956481836736202240e-02
-3.152688220143318176e-02
-6.604789197444915771e-02
-9.751735627651214600e-02
-6.505472213029861450e-02
8.138824254274368286e-02
-9.228418022394180298e-02
-1.163823157548904419e-02
9.103274345397949219e-02
-8.440072089433670044e-02
8.941846899688243866e-03
1.995009183883666992e-02
5.392874777317047119e-02
-5.717971362173557281e-03
-2.862598630599677563e-04
5.331138893961906433e-02
-2.587113156914710999e-02
-3.644936904311180115e-02
-4.971148911863565445e-03
-2.627306245267391205e-02
-2.822354622185230255e-02
1.679982244968414307e-02
1.474077440798282623e-02
-3.166150301694869995e-02
-1.340338401496410370e-02
-4.324892535805702209e-02
-2.755399607121944427e-02
-2.829257771372795105e-02
1.677673310041427612e-02
-2.760754339396953583e-02
-2.996207587420940399e-02
-2.896307967603206635e-02
-1.653625071048736572e-02
-8.724304288625717163e-02
-3.263715654611587524e-02
1.276518497616052628e-02
-1.173238549381494522e-02
3.295780718326568604e-02
2.732273004949092865e-02
5.568121001124382019e-02
-7.574427872896194458e-02
-6.045688409358263016e-03
6.660661846399307251e-02
-7.018169015645980835e-02
-3.227476403117179871e-02
1.352317258715629578e-02
-5.782457068562507629e-02
1.019391696900129318e-02
3.317701816558837891e-02
-3.285612445324659348e-03
-4.650432616472244263e-02
6.256336811929941177e-03
-5.683524999767541885e-03
-2.250594273209571838e-02
3.057466819882392883e-03
-8.522020070813596249e-04
5.682847462594509125e-03
4.952953383326530457e-02
2.276815287768840790e-02
-7.716282457113265991e-02
8.183899521827697754e-02
-1.395787764340639114e-02
-7.419107854366302490e-02
2.261835895478725433e-02
-2.793742343783378601e-02
-3.739640861749649048e-02
-2.887305431067943573e-02
8.858140558004379272e-03
5.950872600078582764e-02
-3.592004999518394470e-02
2.330118790268898010e-02
4.896255210041999817e-02
-3.868113458156585693e-02
-3.535069525241851807e-02
-4.420206416398286819e-03
5.264926701784133911e-02
6.893250974826514721e-04
-5.351882800459861755e-02
4.671451449394226074e-02
-1.757037825882434845e-02
-1.544494926929473877e-02
-1.482322579249739647e-03
1.371842692606151104e-03
6.294285506010055542e-02
2.095297444611787796e-03
-5.191488191485404968e-02
1.558371912688016891e-02
1.733858138322830200e-02
-8.345834165811538696e-02
-4.720896016806364059e-03
-8.208968676626682281e-03
-6.851057708263397217e-02
-1.299199555069208145e-02
-6.050185114145278931e-02
-3.489026054739952087e-02
-2.478297241032123566e-02
-2.485709451138973236e-02
4.123228043317794800e-02
3.559140115976333618e-02
-5.972443148493766785e-02
2.674475125968456268e-02
-3.673163056373596191e-02
2.004075329750776291e-03
-2.008602209389209747e-02
1.598297432065010071e-02
-1.957648620009422302e-02
-3.241816768422722816e-03
3.764397278428077698e-02
-1.962987153092399240e-04
-3.096278011798858643e-02
3.957598004490137100e-03
-1.460030488669872284e-02
3.375309985131025314e-03
5.275613442063331604e-02
-7.333985064178705215e-03
2.108127251267433167e-02
6.461711227893829346e-02
-6.740129739046096802e-02
4.638469836208969355e-04
-1.033985707908868790e-02
-3.309336304664611816e-02
-3.789620846509933472e-02
-1.689811982214450836e-02
-2.315963432192802429e-02
1.130959833972156048e-03
2.345081046223640442e-02
-6.190759688615798950e-02
4.256863892078399658e-02
1.737246476113796234e-02
-3.219731384888291359e-03
4.025341197848320007e-02
-5.832654889672994614e-03
-5.033863708376884460e-02
2.335684001445770264e-02
9.775421582162380219e-03
-7.986700162291526794e-03
3.604466840624809265e-02
-2.456669136881828308e-02
-5.031253397464752197e-02
-6.039506755769252777e-03
1.443529501557350159e-02
-4.630184918642044067e-02
8.272073417901992798e-02
5.180750042200088501e-02
-7.558076828718185425e-02
6.325823068618774414e-02
7.331588119268417358e-02
1.005439758300781250e-01
-5.384137853980064392e-03
-4.284729063510894775e-02
6.022743880748748779e-02
-2.906950376927852631e-02
-6.974903494119644165e-02
2.893375232815742493e-02
-4.914091154932975769e-02
-8.757796138525009155e-03
-6.255771964788436890e-02
-8.798476308584213257e-02
6.077428534626960754e-02
-5.519137531518936157e-02
-9.375802427530288696e-02
1.167255043983459473e-01
5.731415748596191406e-02
2.799389138817787170e-02
-6.997080892324447632e-02
-7.345744222402572632e-02
-2.815818041563034058e-02
-3.583300486207008362e-02
-3.598834574222564697e-02
3.427195549011230469e-02
1.763662439770996571e-04
-6.420111656188964844e-02
4.407238215208053589e-03
1.168735697865486145e-01
-1.476347539573907852e-02
1.194864325225353241e-02
6.153235211968421936e-02
-2.380573935806751251e-02
-4.478995129466056824e-02
1.957197859883308411e-02
-2.453714609146118164e-02
-3.638262301683425903e-02
-3.378681838512420654e-02
1.366114895790815353e-02
-1.997331902384757996e-02
-3.351088985800743103e-02
7.102632895112037659e-03
8.002395741641521454e-03
-4.582564905285835266e-02
-8.394937030971050262e-03
-1.301661878824234009e-02
1.499022264033555984e-02
-2.125980891287326813e-02
-2.181789278984069824e-02
4.547121748328208923e-02
-1.455447543412446976e-02
-4.079446941614151001e-02
-2.333416230976581573e-02
1.425519958138465881e-02
-8.093157783150672913e-03
9.147801436483860016e-03
3.572960617020726204e-03
-5.977399274706840515e-02
-3.157933056354522705e-02
2.785133570432662964e-02
3.723311051726341248e-02
2.794314362108707428e-02
-3.284404799342155457e-02
-3.033999912440776825e-02
3.931153938174247742e-02
3.243365138769149780e-02
2.731280773878097534e-02
-3.794934973120689392e-02
-1.625554636120796204e-02
-2.244299091398715973e-02
4.368899017572402954e-02
-7.692971732467412949e-03
-1.207131054252386093e-02
9.862267971038818359e-02
-4.449112713336944580e-02
9.022289514541625977e-02
-5.075978860259056091e-02
-4.777659103274345398e-02
6.211202964186668396e-02
1.420032829046249390e-01
1.221998780965805054e-02
-6.385567784309387207e-02
1.639374764636158943e-03
-5.180262774229049683e-02
-2.543458901345729828e-02
2.024167217314243317e-02
7.654963992536067963e-04
-3.289911895990371704e-02
-2.336927130818367004e-02
2.060482511296868324e-03
-1.193056162446737289e-02
-4.257053136825561523e-02
-3.207512199878692627e-02
-6.067334115505218506e-02
-1.232932973653078079e-02
1.175065804272890091e-02
2.111156098544597626e-02
5.297011882066726685e-02
-3.789308830164372921e-04
1.498974580317735672e-02
-2.351820282638072968e-02
-4.145122598856687546e-03
-5.233775451779365540e-02
-3.647555038332939148e-02
-1.311705168336629868e-02
2.043496444821357727e-02
5.755973234772682190e-02
4.560666158795356750e-02
8.207577466964721680e-02
6.289668381214141846e-02
-2.540514059364795685e-02
-1.028906740248203278e-02
1.145531143993139267e-02
8.458455651998519897e-02
2.712926641106605530e-02
-7.964499294757843018e-02
5.326338112354278564e-02
1.504147425293922424e-02
-6.319753080606460571e-02
-5.393386632204055786e-02
4.764650948345661163e-03
2.274340949952602386e-02
2.127306722104549408e-02
-7.175342645496129990e-03
-8.705172687768936157e-03
1.382195018231868744e-02
-5.418229848146438599e-02
-5.282608047127723694e-02
-6.363776326179504395e-02
3.777439892292022705e-02
1.452726870775222778e-02
-8.498471230268478394e-02
-5.154544115066528320e-02
1.903742402791976929e-01
4.968601837754249573e-02
-5.030868109315633774e-03
2.218500245362520218e-03
-1.103343255817890167e-02
-3.468415141105651855e-02
-5.064726993441581726e-02
-2.928658947348594666e-02
-1.932940818369388580e-02
-1.505165081471204758e-02
-6.111210677772760391e-03
-2.550446987152099609e-02
1.117820590734481812e-01
-3.593822196125984192e-02
3.294399380683898926e-02
-4.048635065555572510e-02
-3.095372952520847321e-02
3.777053952217102051e-02
-2.602079324424266815e-02
1.729228720068931580e-02
-8.123154751956462860e-03
-4.067579656839370728e-02
-3.190965577960014343e-02
-5.337936803698539734e-02
6.923614535480737686e-03
2.103247493505477905e-02
-8.247015997767448425e-03
-4.351217672228813171e-02
-2.192623727023601532e-02
-2.558853290975093842e-02
9.043863974511623383e-03
5.245256796479225159e-02
1.844203285872936249e-02
5.849460139870643616e-02
1.769642159342765808e-02
-2.206883393228054047e-02
-1.356985513120889664e-02
2.346462802961468697e-03
-3.944779280573129654e-03
4.641942307353019714e-02
-4.105441272258758545e-02
-7.865741848945617676e-03
8.898296207189559937e-02
-8.343685418367385864e-03
-9.102139621973037720e-02
8.575205504894256592e-02
5.800637602806091309e-02
1.114449556916952133e-02
-3.889731317758560181e-02
5.221027135848999023e-02
-6.379026453942060471e-03
-3.839737176895141602e-02
3.195370733737945557e-02
3.597230836749076843e-02
-7.408805936574935913e-02
-2.064711414277553558e-02
1.743193482980132103e-03
-4.212751239538192749e-02
3.509497269988059998e-02
2.155609056353569031e-02
-3.537596389651298523e-02
4.450746998190879822e-02
6.774078123271465302e-03
-7.099029421806335449e-02
2.563952468335628510e-02
2.812710776925086975e-02
-8.511894382536411285e-03
-1.637929119169712067e-03
4.943292960524559021e-02
-3.963270783424377441e-02
2.220874885097146034e-03
2.520110271871089935e-02
2.166234143078327179e-02
5.930089391767978668e-03
-3.088597580790519714e-02
4.344830289483070374e-03
-6.024730950593948364e-02
1.015203259885311127e-02
2.806131541728973389e-02
-1.258919388055801392e-02
-3.915254492312669754e-03
-5.111754685640335083e-02
2.779308939352631569e-03
1.409778464585542679e-02
-6.265071034431457520e-02
5.114860832691192627e-03
4.746810067445039749e-03
-3.826792165637016296e-02
2.430861815810203552e-02
3.020932339131832123e-02
1.502475817687809467e-03
4.170194268226623535e-03
-3.566434839740395546e-03
-1.640541478991508484e-02
-1.768672280013561249e-02
-1.081249043345451355e-01
-6.535863876342773438e-02
1.113381534814834595e-01
-5.325854197144508362e-02
-1.104046925902366638e-01
3.216057270765304565e-02
-3.755541890859603882e-02
2.545744366943836212e-02
-7.212674617767333984e-02
-3.625919669866561890e-02
1.765561103820800781e-02
-5.557951703667640686e-02
-8.281058073043823242e-02
3.270037705078721046e-03
-1.527301222085952759e-02
-4.482390731573104858e-02
-2.535850740969181061e-02
-8.702009916305541992e-02
-1.127026602625846863e-01
3.116039559245109558e-02
-7.131403684616088867e-02
-7.207567244768142700e-02
-4.407115653157234192e-02
3.214798495173454285e-02
-3.454338014125823975e-02
-5.385494977235794067e-02
-4.490605369210243225e-02
3.139408677816390991e-02
3.714191913604736328e-02
-3.509109467267990112e-02
2.482129447162151337e-02
9.621669538319110870e-03
-5.206594243645668030e-02
2.260203659534454346e-02
3.388202190399169922e-02
-4.661981761455535889e-02
1.987319439649581909e-02
-1.854518428444862366e-02
-3.673814982175827026e-02
4.044811706990003586e-03
1.968478597700595856e-02
-2.635139413177967072e-02
-7.199372164905071259e-03
4.116711765527725220e-02
-1.949863135814666748e-02
-3.782889991998672485e-02
-3.757065162062644958e-02
-9.147437289357185364e-03
-1.543661020696163177e-02
-4.343145340681076050e-02
-5.282351747155189514e-03
2.477292902767658234e-02
-2.846955135464668274e-02
3.534395247697830200e-02
3.509651869535446167e-03
3.692510351538658142e-02
2.775617130100727081e-02
1.747122593224048615e-02
5.427353456616401672e-02
-1.598261483013629913e-02
-1.378059969283640385e-03
-1.303889602422714233e-02
-2.759229764342308044e-02
1.062510441988706589e-02
2.254095301032066345e-02
-5.906416475772857666e-02
-5.183681380003690720e-03
1.869717985391616821e-02
-1.130440458655357361e-02
1.491346023976802826e-02
8.385466784238815308e-02
6.858295947313308716e-02
-2.427703584544360638e-04
8.513005077838897705e-02
8.049685508012771606e-03
-4.363647103309631348e-02
-1.359748933464288712e-02
2.913246676325798035e-02
-7.539701648056507111e-03
-2.815417014062404633e-02
-9.899302572011947632e-02
-1.185214668512344360e-01
-1.269944161176681519e-01
6.418668478727340698e-02
4.770697280764579773e-02
3.917035833001136780e-02
1.576656550168991089e-01
1.075946241617202759e-01
1.110364347696304321e-01
1.258570142090320587e-02
-9.231995791196823120e-03
-4.136468470096588135e-02
5.943460389971733093e-03
1.055361051112413406e-02
-4.792635515332221985e-02
2.662812359631061554e-02
-2.128163166344165802e-02
-7.370749115943908691e-02
1.454301737248897552e-02
1.775250397622585297e-02
-1.116348430514335632e-03
9.792835451662540436e-03
-7.171313744038343430e-03
4.278591275215148926e-02
1.920881681144237518e-02
-1.319463178515434265e-02
1.224481686949729919e-02
-3.290912136435508728e-02
-6.568114738911390305e-03
1.187127083539962769e-02
-5.087878555059432983e-02
-6.705975532531738281e-02
-7.220135629177093506e-02
-1.397426519542932510e-02
-4.119182005524635315e-02
-6.213749200105667114e-02
-1.081514917314052582e-02
1.958034932613372803e-02
1.666441821726039052e-04
4.594303201884031296e-03
3.318135440349578857e-02
2.075768448412418365e-02
-4.781920090317726135e-02
-1.780635491013526917e-02
-4.196055233478546143e-02
2.795919030904769897e-02
8.733819238841533661e-03
-4.737494885921478271e-02
3.532249480485916138e-02
1.135801803320646286e-02
6.203204859048128128e-03
-2.766912057995796204e-02
-1.902598142623901367e-02
5.038218945264816284e-02
2.262397110462188721e-02
2.257146639749407768e-03
3.730038180947303772e-02
1.209725718945264816e-02
-2.849712409079074860e-02
1.251321192830801010e-02
-6.340047717094421387e-02
-2.395664155483245850e-02
3.633076325058937073e-02
6.084652617573738098e-02
2.282630465924739838e-02
-3.875677287578582764e-02
-1.324345450848340988e-02
-8.274017274379730225e-02
-2.651154436171054840e-02
-1.726787164807319641e-02
-7.922369055449962616e-03
1.471835188567638397e-02
-3.149839118123054504e-02
3.562001045793294907e-03
-1.642406545579433441e-02
8.260521292686462402e-02
6.781747937202453613e-02
-4.328707698732614517e-03
1.565442606806755066e-02
-4.968878999352455139e-02
-2.427245490252971649e-02
1.007739920169115067e-02
-6.171795353293418884e-02
-1.745896786451339722e-02
-2.430286630988121033e-02
-4.905256256461143494e-02
2.075192332267761230e-02
-2.870735339820384979e-02
-3.086614236235618591e-02
2.487014606595039368e-02
-4.648033063858747482e-03
5.575489252805709839e-02
-3.672970086336135864e-02
3.848961368203163147e-02
2.259207516908645630e-02
-4.385489970445632935e-02
9.386418014764785767e-02
-2.837215736508369446e-02
-6.701253354549407959e-02
3.466149419546127319e-02
4.113165661692619324e-02
-1.874291803687810898e-03
2.677683345973491669e-02
2.231281250715255737e-02
6.292623002082109451e-04
2.129230275750160217e-02
-2.186678722500801086e-02
5.464197695255279541e-02
-1.897723786532878876e-02
-3.078513965010643005e-02
3.956078737974166870e-02
1.820185966789722443e-02
1.409127004444599152e-02
4.389183968305587769e-02
-1.353310979902744293e-02
-1.406567916274070740e-02
-9.133981913328170776e-02
6.634611636400222778e-03
-3.918508067727088928e-03
-3.743963316082954407e-02
-9.124346822500228882e-02
-5.684804916381835938e-02
-5.581400543451309204e-02
-2.311688475310802460e-02
8.253196254372596741e-03
-2.218741178512573242e-02
-2.714648656547069550e-02
-2.940907329320907593e-02
2.782323583960533142e-02
1.752917468547821045e-02
1.722074672579765320e-02
1.221229229122400284e-02
8.807255327701568604e-02
5.149460956454277039e-02
3.423150628805160522e-02
-2.691420540213584900e-02
-1.868547126650810242e-02
1.255005504935979843e-02
5.579205974936485291e-02
1.226347014307975769e-01
4.531884565949440002e-02
-8.072766475379467010e-03
-3.503440320491790771e-02
-9.669489413499832153e-02
3.855310380458831787e-02
1.444001588970422745e-02
-6.079668924212455750e-02
5.283340578898787498e-04
-9.336038492619991302e-03
-3.975359722971916199e-02
3.218360245227813721e-02
2.120367251336574554e-03
-4.383393377065658569e-02
3.004892170429229736e-02
-1.687769964337348938e-02
8.362498134374618530e-03
7.243587076663970947e-02
5.913463607430458069e-02
-9.184632450342178345e-03
2.739240229129791260e-02
-2.669082768261432648e-02
-3.690376505255699158e-02
-9.586489759385585785e-03
-5.687702819705009460e-02
1.374518498778343201e-02
-7.126137148588895798e-03
1.168136578053236008e-02
4.605110734701156616e-03
1.347749866545200348e-02
5.687890201807022095e-02
-3.315820172429084778e-02
-2.548838499933481216e-03
-1.018395181745290756e-02
-1.675574667751789093e-02
-3.392338752746582031e-02
-2.344880066812038422e-02
-6.565511692315340042e-03
-8.204778656363487244e-03
-1.043514232151210308e-03
2.448226441629230976e-04
3.079162677749991417e-03
1.043097898364067078e-01
1.001883223652839661e-01
3.635298833250999451e-02
-2.419051714241504669e-02
1.337669417262077332e-02
3.041587583720684052e-02
6.294737104326486588e-03
-1.144807878881692886e-02
-3.552189841866493225e-02
-1.273302920162677765e-02
-5.114401876926422119e-02
-7.839621393941342831e-04
4.912078753113746643e-02
1.497347839176654816e-02
-2.945917658507823944e-02
2.043826319277286530e-02
3.985051531344652176e-03
5.142853409051895142e-02
-4.090579692274332047e-03
7.149510830640792847e-02
-5.918699502944946289e-02
-5.098908022046089172e-02
-3.002947382628917694e-02
-1.032679248601198196e-02
5.383098497986793518e-03
-2.502132765948772430e-02
-2.363650500774383545e-02
-1.095462217926979065e-02
-2.170820161700248718e-02
2.861576899886131287e-02
1.801094040274620056e-02
4.404644668102264404e-02
-4.539915546774864197e-02
-2.439567819237709045e-02
-1.301341038197278976e-02
-1.267429254949092865e-02
4.818564280867576599e-03
-5.972749367356300354e-02
-2.199892140924930573e-02
-6.612406671047210693e-02
-7.478296756744384766e-02
-1.318899169564247131e-02
-5.630489811301231384e-02
6.741646211594343185e-03
1.031295047141611576e-03
-3.013952262699604034e-02
-3.133161738514900208e-02
-2.234087325632572174e-02
6.364842876791954041e-03
-2.473217621445655823e-02
3.951061889529228210e-02
2.031538449227809906e-02
1.588213257491588593e-02
2.729319408535957336e-02
1.211112085729837418e-02
-4.416261799633502960e-03
-4.524085670709609985e-02
-1.305688172578811646e-02
-1.683775149285793304e-02
1.586811244487762451e-02
5.720601603388786316e-02
9.319528937339782715e-03
2.891454286873340607e-02
-2.380495518445968628e-02
3.968987148255109787e-04
4.532576352357864380e-02
8.119706809520721436e-02
5.532544106245040894e-02
-5.783708766102790833e-02
3.326151147484779358e-02
1.945267431437969208e-02
2.906094305217266083e-02
1.790467277169227600e-02
-5.074154958128929138e-02
-2.599547058343887329e-02
4.657749552279710770e-03
-1.690675690770149231e-02
-3.789914026856422424e-02
1.467263046652078629e-02
-2.374008484184741974e-02
-7.254988700151443481e-02
-2.063519507646560669e-02
5.225675925612449646e-02
-5.829330533742904663e-02
2.811789512634277344e-02
1.000431030988693237e-01
-3.121508285403251648e-02
6.568771600723266602e-02
1.649269647896289825e-02
3.721823543310165405e-02
-2.306194044649600983e-02
-3.111210837960243225e-02
-2.141781337559223175e-02
6.599424034357070923e-02
3.158689662814140320e-02
-2.160017564892768860e-02
3.066430985927581787e-02
-9.640320204198360443e-03
-1.670418865978717804e-02
5.046423524618148804e-03
2.682610414922237396e-02
-6.264939293032512069e-05
6.609778106212615967e-02
1.674661040306091309e-02
3.488537331577390432e-04
1.840891689062118530e-02
-6.322483718395233154e-02
9.459679014980792999e-03
2.997613511979579926e-02
-1.190097071230411530e-02
1.316458053679525619e-07
3.467945381999015808e-02
-2.414915151894092560e-02
1.683285087347030640e-02
3.663219884037971497e-02
-2.204384095966815948e-02
1.097425585612654686e-03
2.819857001304626465e-02
2.184549346566200256e-02
6.896429229527711868e-03
6.746948696672916412e-03
-4.340752784628421068e-04
-4.208946600556373596e-03
-1.766945235431194305e-02
-2.083843573927879333e-02
1.870382227934896946e-03
6.041137967258691788e-03
-4.021610692143440247e-02
4.160265624523162842e-02
-1.078047789633274078e-02
-1.648715138435363770e-02
3.243310749530792236e-02
-1.390746980905532837e-02
-8.236912079155445099e-03
-1.586940325796604156e-02
-1.093535334803164005e-03
-3.087973035871982574e-02
-4.529790207743644714e-02
3.696988523006439209e-02
1.572447642683982849e-02
-1.783157512545585632e-02
4.870054125785827637e-02
5.630096793174743652e-02
-2.008464187383651733e-03
7.095785439014434814e-02
-6.367268506437540054e-03
-6.389424949884414673e-02
2.904096432030200958e-02
-2.049789763987064362e-02
-2.293533831834793091e-02
1.754399389028549194e-02
-2.428440563380718231e-02
-1.755620166659355164e-02
-3.606826066970825195e-02
-2.692013606429100037e-02
8.902298659086227417e-02
5.393849313259124756e-02
-4.828341305255889893e-02
5.235216021537780762e-02
3.019729442894458771e-02
-6.497687101364135742e-02
3.193936869502067566e-02
9.856213629245758057e-02
2.045377530157566071e-02
4.301784560084342957e-02
5.697950348258018494e-02
-2.805103175342082977e-02
4.579202213790267706e-04
-2.743365615606307983e-02
-4.852934926748275757e-02
-2.687996998429298401e-02
-1.436452753841876984e-02
2.413715608417987823e-02
5.731321871280670166e-02
3.225131658837199211e-03
-5.440830066800117493e-02
4.057097062468528748e-02
-3.483209758996963501e-02
-2.755792625248432159e-02
-5.566934868693351746e-02
-5.649742856621742249e-02
-9.991932660341262817e-03
-7.658284157514572144e-02
2.803201973438262939e-02
-9.861017577350139618e-03
-2.625478804111480713e-02
1.554256118834018707e-02
-3.814275190234184265e-02
-5.143196135759353638e-02
1.420230604708194733e-02
-4.699939489364624023e-02
-2.447374537587165833e-02
5.129230767488479614e-02
-7.328970357775688171e-03
1.106861326843500137e-02
5.626933183521032333e-03
-4.354545474052429199e-02
5.034501664340496063e-04
-3.135344386100769043e-02
-4.313408955931663513e-02
-3.456737846136093140e-02
-9.670165367424488068e-03
-3.474169597029685974e-02
-1.957240141928195953e-02
5.090755596756935120e-02
5.114394798874855042e-02
-1.016233954578638077e-02
-3.357754647731781006e-02
-6.223547086119651794e-02
-4.651436954736709595e-02
8.124443143606185913e-02
2.173412218689918518e-02
-3.024260327219963074e-02
1.287421137094497681e-01
3.245751932263374329e-02
1.177677791565656662e-02
7.589807361364364624e-02
-1.852393522858619690e-02
-4.301162902265787125e-03
2.223268151283264160e-02
-3.217602893710136414e-02
8.375623263418674469e-03
-4.636268317699432373e-02
-7.118193060159683228e-02
1.323571521788835526e-02
1.975930109620094299e-02
-5.421914905309677124e-02
1.861419714987277985e-02
5.604268237948417664e-02
-4.952562227845191956e-02
9.364598430693149567e-03
-7.605616934597492218e-03
-2.844251506030559540e-02
9.032235480844974518e-03
-3.476988151669502258e-02
3.971026092767715454e-02
2.882053144276142120e-02
-2.294825576245784760e-02
1.034043133258819580e-01
6.720672361552715302e-03
-4.832193721085786819e-03
4.349166527390480042e-02
7.405565585941076279e-03
-5.365739017724990845e-02
-8.448624610900878906e-02
9.896648116409778595e-03
-3.417748957872390747e-02
1.762630045413970947e-02
-3.758752346038818359e-02
-5.342179164290428162e-02
4.073400422930717468e-02
-6.008427217602729797e-02
-7.240073382854461670e-02
-8.185341954231262207e-02
-1.066497154533863068e-02
3.855323884636163712e-03
-4.156304150819778442e-02
1.797726005315780640e-02
4.347863420844078064e-02
5.133947730064392090e-02
9.479522705078125000e-03
-1.961570978164672852e-02
6.024410016834735870e-03
-1.164319273084402084e-02
-5.284572835080325603e-04
1.402166392654180527e-02
-2.338754385709762573e-02
2.153812348842620850e-02
-3.902352601289749146e-02
8.438399434089660645e-02
2.643090113997459412e-02
-1.557949278503656387e-02
-2.376754535362124443e-03
-5.577827617526054382e-02
-6.808796431869268417e-03
-5.618241801857948303e-02
-4.665144905447959900e-02
4.456545040011405945e-02
8.461752906441688538e-03
-1.572674885392189026e-02
-1.568242162466049194e-02
6.334749050438404083e-03
-3.100407868623733521e-02
3.440215950831770897e-03
-1.084982696920633316e-02
-2.341211400926113129e-02
3.275243937969207764e-02
-5.438506975769996643e-02
5.033521354198455811e-02
-6.220166571438312531e-03
-6.712471134960651398e-03
6.894323229789733887e-02
2.866274444386363029e-03
-3.757485374808311462e-02
-5.043236911296844482e-02
-8.948038332164287567e-03
1.573686115443706512e-02
1.536102732643485069e-03
2.603644877672195435e-02
3.240313613787293434e-03
-9.448043070733547211e-03
2.843561954796314240e-02
2.666023373603820801e-02
1.977907679975032806e-02
-4.321363940834999084e-02
4.234937950968742371e-02
3.949882835149765015e-02
-3.481036424636840820e-02
2.388366870582103729e-02
-2.362804859876632690e-02
-8.080135285854339600e-02
2.232556790113449097e-02
-4.686974361538887024e-02
-2.591393189504742622e-03
-9.985227137804031372e-03
-2.272479236125946045e-02
-6.351611763238906860e-02
5.353878438472747803e-02
2.582709118723869324e-02
-8.956726640462875366e-02
2.759955264627933502e-02
5.435347929596900940e-02
5.662130191922187805e-02
-4.936818033456802368e-02
-4.793660715222358704e-02
-3.717227652668952942e-02
-2.619578875601291656e-02
2.709562703967094421e-02
4.924934729933738708e-02
2.208934165537357330e-03
3.929771482944488525e-02
5.310706794261932373e-03
-1.488763373345136642e-02
1.372209656983613968e-02
2.284974232316017151e-02
-1.458005513995885849e-02
4.641394689679145813e-02
7.416124641895294189e-02
-4.860035330057144165e-02
2.311778953298926353e-03
-2.061185054481029510e-02
-9.343958459794521332e-03
-4.614822566509246826e-02
-3.534465283155441284e-02
-7.135906722396612167e-03
-4.127759113907814026e-02
-3.987647593021392822e-02
-2.442808821797370911e-02
3.822186216711997986e-02
-2.712308987975120544e-02
-2.754564024507999420e-02
-1.219953596591949463e-01
-4.529742524027824402e-02
6.460142903961241245e-04
-5.990759283304214478e-02
3.745012357831001282e-02
1.666793250478804111e-03
-1.186613552272319794e-02
5.639292299747467041e-02
-2.961998619139194489e-02
-7.396516948938369751e-02
-7.298747450113296509e-02
-1.563295722007751465e-02
-2.737263217568397522e-02
-6.289266515523195267e-03
-7.812918163836002350e-03
5.914869159460067749e-02
1.932268775999546051e-02
-2.616856060922145844e-02
-2.937124483287334442e-02
-4.638165608048439026e-02
-2.407786250114440918e-02
-5.372714623808860779e-02
1.625845022499561310e-02
3.862887248396873474e-02
-3.853901103138923645e-02
1.069614384323358536e-02
6.614225916564464569e-03
1.127083599567413330e-02
-2.082805521786212921e-02
6.259516626596450806e-02
-4.116854816675186157e-02
-2.662985958158969879e-02
2.905216813087463379e-02
-4.703939706087112427e-02
-2.838057279586791992e-02
4.464252665638923645e-02
3.510474786162376404e-02
1.473342534154653549e-02
4.110845923423767090e-02
-6.937052309513092041e-02
-5.543883144855499268e-02
2.876949682831764221e-02
1.520401332527399063e-02
-8.541900664567947388e-02
3.619874268770217896e-02
2.623078785836696625e-02
-9.124138206243515015e-02
3.519480815157294273e-03
-7.775813806802034378e-03
-3.426637034863233566e-03
1.720882207155227661e-02
1.736639253795146942e-02
-2.540887799113988876e-03
3.115367330610752106e-02
-1.393734570592641830e-02
-5.052833259105682373e-02
2.845982275903224945e-02
-2.703661331906914711e-03
-3.005596064031124115e-02
-4.892000183463096619e-02
-1.810618862509727478e-02
-5.743261054158210754e-02
-3.718314692378044128e-02
-1.512664183974266052e-02
-6.228259950876235962e-02
-7.931475341320037842e-02
-7.451682467944920063e-04
5.582202970981597900e-02
-8.327177911996841431e-02
-2.498663030564785004e-02
9.205472469329833984e-02
-4.217102378606796265e-02
-2.095338422805070877e-04
-9.217164665460586548e-02
-9.146848320960998535e-02
-9.224884212017059326e-02
1.166367158293724060e-01
6.691334303468465805e-03
9.348969906568527222e-03
9.943743795156478882e-02
-4.676141217350959778e-02
8.694566786289215088e-02
3.808303922414779663e-02
-1.022451445460319519e-01
2.625101432204246521e-02
5.187353864312171936e-02
-2.341398037970066071e-02
-2.745855972170829773e-02
7.040651142597198486e-02
-2.983417361974716187e-02
-4.656511545181274414e-02
-6.114364415407180786e-02
-2.899897843599319458e-02
9.378398209810256958e-02
-4.615584388375282288e-02
7.905775308609008789e-02
4.731892049312591553e-02
-6.615449488162994385e-02
3.700136765837669373e-02
-1.305836532264947891e-02
1.275878492742776871e-02
4.328308254480361938e-02
-2.763777971267700195e-02
4.434008523821830750e-02
-7.422164781019091606e-04
-2.900116844102740288e-03
-7.892446219921112061e-02
-5.518305674195289612e-02
2.899905852973461151e-02
1.900354027748107910e-02
-6.720324605703353882e-02
1.058202013373374939e-01
8.985140919685363770e-02
-1.432372815907001495e-02
-5.354485288262367249e-02
-2.507740072906017303e-02
-1.905822381377220154e-02
-4.698799178004264832e-02
-1.043447703123092651e-01
-1.088781002908945084e-02
-4.197703301906585693e-02
3.140714392066001892e-02
-4.135940223932266235e-02
-8.097417652606964111e-02
1.502058148616924882e-04
2.686816267669200897e-02
-2.273144200444221497e-02
-3.306592628359794617e-02
-2.673263102769851685e-02
-2.581665851175785065e-02
7.840439677238464355e-02
-6.008306518197059631e-02
-6.831016391515731812e-03
2.105162292718887329e-02
-2.995484101120382547e-04
-3.283154219388961792e-03
-4.862262681126594543e-02
3.339210897684097290e-02
6.885569542646408081e-02
-1.353959925472736359e-02
2.310575172305107117e-02
-8.997943252325057983e-02
-8.052200078964233398e-02
8.233725093305110931e-03
-9.389216080307960510e-03
3.668899089097976685e-02
8.020261302590370178e-03
-2.820814028382301331e-02
-6.969771534204483032e-02
6.178832263685762882e-04
-7.317967712879180908e-03
-4.065356031060218811e-02
1.340909162536263466e-03
-4.019777104258537292e-02
6.849001627415418625e-03
-7.057630456984043121e-03
-5.812956392765045166e-02
-1.631199032999575138e-03
-2.340436354279518127e-02
8.689149469137191772e-02
3.653722256422042847e-02
-5.566501617431640625e-02
-4.762281477451324463e-02
-6.399633735418319702e-02
-1.883647590875625610e-02
-5.990025773644447327e-02
2.197105288505554199e-01
-6.420063972473144531e-02
-3.521488606929779053e-02
9.518651664257049561e-02
-3.888681763783097267e-03
5.193014629185199738e-03
-2.985067293047904968e-02
-1.066192239522933960e-02
1.311558950692415237e-02
-5.925195757299661636e-03
-1.923864148557186127e-02
1.494426466524600983e-02
-1.124096848070621490e-02
-4.898634925484657288e-02
-2.475761994719505310e-02
1.078717503696680069e-02
-2.688356616999953985e-04
3.871357068419456482e-02
-4.216531233396381140e-04
6.327222567051649094e-03
3.837681934237480164e-02
-2.353806048631668091e-02
-3.396745771169662476e-02
-8.892047405242919922e-02
-2.349187619984149933e-02
1.426724623888731003e-02
-2.612376585602760315e-02
7.683035731315612793e-02
5.529884248971939087e-03
-6.610031425952911377e-02
3.246762230992317200e-02
-5.677369888871908188e-03
3.543036431074142456e-02
-1.734071038663387299e-02
2.591349929571151733e-02
2.384794875979423523e-02
3.471714910119771957e-03
3.921209275722503662e-02
-5.932601168751716614e-03
-2.200449816882610321e-02
-4.616929218173027039e-02
-4.195457324385643005e-03
1.605882868170738220e-02
-2.050995128229260445e-03
-1.124694105237722397e-02
7.219997234642505646e-03
-4.508891329169273376e-02
1.404996775090694427e-02
3.701955825090408325e-02
-8.328573778271675110e-03
-5.997857544571161270e-03
1.421898510307073593e-02
-2.741362527012825012e-02
-2.600349299609661102e-02
6.558266468346118927e-03
-2.307982742786407471e-02
7.292851223610341549e-04
2.478650026023387909e-02
6.503712938865646720e-05
9.245191700756549835e-03
4.491534829139709473e-02
4.503311589360237122e-03
-2.663285471498966217e-02
-1.419653836637735367e-02
-3.234672840335406363e-05
2.227322012186050415e-02
-8.114070631563663483e-03
6.597594916820526123e-02
2.738847211003303528e-02
6.309095025062561035e-02
4.027268290519714355e-02
-7.455846667289733887e-02
-1.119428426027297974e-01
6.758940964937210083e-02
2.342544868588447571e-02
-1.891795732080936432e-02
3.797047212719917297e-02
3.730922937393188477e-02
1.335008628666400909e-02
5.700525827705860138e-03
2.456214837729930878e-02
-4.411882720887660980e-03
2.040220238268375397e-02
-1.669766195118427277e-02
-4.312742128968238831e-02
-2.111129835247993469e-02
-3.141938522458076477e-02
-8.486598730087280273e-02
2.716313116252422333e-02
3.430370613932609558e-02
-4.606530815362930298e-02
2.692747302353382111e-02
-4.731274396181106567e-02
-2.017941325902938843e-02
-2.393197268247604370e-02
3.872062778100371361e-03
3.109946288168430328e-02
5.613749474287033081e-02
3.554498078301548958e-03
-3.500361228361725807e-03
6.597664207220077515e-02
-4.263756424188613892e-02
-4.283913224935531616e-02
3.076640889048576355e-02
-2.708609588444232941e-02
-5.366887897253036499e-02
1.645638048648834229e-02
-1.493002753704786301e-02
-9.324634447693824768e-03
-3.684990108013153076e-02
-1.470375712960958481e-02
-3.943914547562599182e-02
-6.788865663111209869e-03
-2.972729876637458801e-02
-7.476149592548608780e-03
-6.311764474958181381e-03
7.199081033468246460e-02
4.511519894003868103e-02
-8.645580708980560303e-02
2.802951447665691376e-02
3.140112012624740601e-02
-6.343217194080352783e-02
-3.406673297286033630e-02
8.513134717941284180e-02
4.889788478612899780e-02
5.264753475785255432e-02
-2.910614712163805962e-03
3.750388324260711670e-02
-2.809675410389900208e-02
-3.977577015757560730e-02
-5.160972103476524353e-02
-2.968228422105312347e-02
-5.302453413605690002e-03
-9.984153322875499725e-03
-2.054125443100929260e-02
-1.270080450922250748e-02
3.631107136607170105e-02
3.050283296033740044e-03
2.352214045822620392e-02
2.135693654417991638e-02
-2.349940687417984009e-02
-2.573357895016670227e-02
-2.737819775938987732e-02
4.746887367218732834e-03
-4.098401963710784912e-02
6.699425168335437775e-03
6.903561204671859741e-02
-2.457147836685180664e-02
1.327616348862648010e-02
-2.353483438491821289e-02
1.071520075201988220e-01
6.351302377879619598e-03
-3.160811960697174072e-02
1.899594441056251526e-02
3.186369314789772034e-02
3.185873478651046753e-02
5.245172604918479919e-02
-6.064080819487571716e-02
-4.956903681159019470e-02
-2.892703190445899963e-02
-2.720590308308601379e-02
9.584500640630722046e-02
-1.608216576278209686e-02
-2.849940955638885498e-02
4.504273086786270142e-02
1.016997098922729492e-01
-3.233371535316109657e-03
1.130804866552352905e-01
2.202655188739299774e-02
-1.944625377655029297e-02
3.288815170526504517e-02
2.755598165094852448e-02
-5.457484722137451172e-02
-1.443311478942632675e-02
-2.591953426599502563e-02
1.280485186725854874e-03
8.952356874942779541e-03
-1.810385100543498993e-02
1.195102278143167496e-02
-2.841296046972274780e-02
-5.789541080594062805e-02
2.683880552649497986e-02
-1.135501731187105179e-02
-4.041716828942298889e-02
5.925104022026062012e-02
2.748583629727363586e-02
1.559843774884939194e-02
2.645032294094562531e-02
-7.005582004785537720e-02
-4.888737108558416367e-03
-5.071151535958051682e-03
-8.569405972957611084e-02
-9.875044226646423340e-03
-2.615791745483875275e-03
6.350333336740732193e-03
2.150769531726837158e-02
-5.165369063615798950e-02
-2.778413891792297363e-02
-1.573367230594158173e-02
-4.499163851141929626e-02
-1.281688455492258072e-02
-2.499196678400039673e-02
1.565199717879295349e-02
1.227984856814146042e-02
1.524043921381235123e-02
7.626893930137157440e-03
5.998703092336654663e-02
-1.022877544164657593e-02
-5.344950594007968903e-03
-1.754950149916112423e-03
-8.251086622476577759e-02
1.800800859928131104e-02
-9.462328627705574036e-03
-4.473229497671127319e-02
-1.338780764490365982e-02
1.774222962558269501e-02
4.461898654699325562e-02
-3.834542632102966309e-02
2.736747264862060547e-02
9.340720623731613159e-02
-3.976512700319290161e-02
-1.495696976780891418e-02
7.061721384525299072e-02
-5.297315120697021484e-02
-1.018513552844524384e-02
7.157567888498306274e-03
3.949516452848911285e-03
3.434826061129570007e-02
5.306799709796905518e-02
-3.888815641403198242e-03
-3.760508075356483459e-02
-1.058779060840606689e-01
1.694459002465009689e-03
8.401465415954589844e-02
-8.203814923763275146e-02
-7.863324135541915894e-02
2.571945451200008392e-02
-6.087960675358772278e-02
8.392914198338985443e-03
-1.069332822225987911e-03
-2.315870253369212151e-03
-5.270448327064514160e-02
-3.428396582603454590e-02
7.684812415391206741e-03
-5.350174754858016968e-02
1.025584619492292404e-02
-1.144835623563267291e-04
9.393088519573211670e-03
-2.638508449308574200e-04
-1.932478137314319611e-02
-7.786209695041179657e-03
-8.427791297435760498e-03
1.623938977718353271e-02
-2.031535096466541290e-02
-2.836091257631778717e-02
-1.044707931578159332e-02
1.364861428737640381e-01
1.314946450293064117e-02
-1.929459348320960999e-02
4.394381120800971985e-02
-3.198089823126792908e-02
-7.565388828516006470e-02
1.186404842883348465e-02
4.982401430606842041e-02
-6.882349401712417603e-02
1.132831629365682602e-02
1.120953075587749481e-02
9.738797321915626526e-03
1.735267601907253265e-02
-7.448447495698928833e-02
2.065747044980525970e-02
-2.544327452778816223e-02
-6.867626309394836426e-02
-8.732223883271217346e-03
-1.070708222687244415e-02
-4.594904556870460510e-02
-5.988836288452148438e-03
-2.658158540725708008e-02
6.594633450731635094e-04
2.311319485306739807e-02
-2.995468117296695709e-02
-2.893363498151302338e-02
-4.783799871802330017e-03
-7.733576744794845581e-02
-5.083483457565307617e-02
-4.350896179676055908e-02
-4.746113717555999756e-02
-1.968221925199031830e-02
-1.032348070293664932e-02
-4.904139321297407150e-03
-1.181452069431543350e-02
4.369555972516536713e-03
-4.389620944857597351e-02
-4.651487246155738831e-02
-5.165270715951919556e-02
-2.648987621068954468e-02
-7.479602098464965820e-02
-5.652271676808595657e-03
-2.576990053057670593e-02
-1.930953748524188995e-02
-1.510392501950263977e-02
1.225207350216805935e-03
1.209761481732130051e-02
-2.042321301996707916e-02
2.280560322105884552e-03
4.670298844575881958e-02
-2.539626695215702057e-02
-2.117421291768550873e-02
8.010571449995040894e-02
-3.724127018358558416e-04
-2.870859764516353607e-02
-5.137249827384948730e-04
-4.037082195281982422e-02
7.479643821716308594e-02
2.493669278919696808e-02
-6.735618412494659424e-02
1.371722221374511719e-01
8.270075544714927673e-03
-8.508035540580749512e-02
-3.760740906000137329e-02
-5.558555200695991516e-02
4.060797765851020813e-02
-6.342210620641708374e-02
-2.827146276831626892e-02
5.065676197409629822e-02
-1.774410344660282135e-02
-1.287915185093879700e-02
3.037706576287746429e-02
-3.857186064124107361e-02
-3.985390812158584595e-02
2.041010186076164246e-02
-8.214414119720458984e-03
-2.511665970087051392e-02
1.659668236970901489e-02
2.706356160342693329e-02
6.159786507487297058e-02
7.646161317825317383e-02
-2.931486442685127258e-02
-3.980237990617752075e-03
-1.440043281763792038e-02
2.597946906462311745e-03
-2.465567179024219513e-02
-2.757506817579269409e-02
-2.285076305270195007e-02
-2.939021587371826172e-02
-2.241148613393306732e-02
-4.817181825637817383e-02
7.610713690519332886e-02
7.253152318298816681e-03
-1.535125821828842163e-02
1.770885437726974487e-01
-5.398145411163568497e-03
-6.046679615974426270e-02
7.838809490203857422e-02
-2.795031107962131500e-02
3.867839649319648743e-02
6.393364164978265762e-03
2.730755880475044250e-02
7.952578365802764893e-03
-2.515360713005065918e-03
3.808631002902984619e-02
-4.184934869408607483e-02
-2.254614047706127167e-02
-9.154114872217178345e-03
-4.639712721109390259e-02
-6.671207491308450699e-03
-3.292744234204292297e-02
-2.510136179625988007e-02
-3.578694770112633705e-03
-2.422728203237056732e-02
4.574155062437057495e-02
2.086936123669147491e-02
-2.259498694911599159e-03
2.383493632078170776e-02
-3.921860083937644958e-02
-5.836082622408866882e-02
4.186169803142547607e-02
8.473594672977924347e-03
-7.659880071878433228e-02
4.338940978050231934e-02
-1.738820970058441162e-02
-6.258527189493179321e-02
-3.570564836263656616e-02
1.805942878127098083e-02
-1.945760846138000488e-02
-4.722028225660324097e-02
-2.716980408877134323e-03
-3.222136059775948524e-03
-4.552153870463371277e-02
-2.182118035852909088e-02
-5.874796770513057709e-03
-4.486158117651939392e-02
-1.110457442700862885e-02
2.148703671991825104e-02
-3.750395774841308594e-02
-3.126838803291320801e-02
7.987721823155879974e-03
-7.320952415466308594e-02
-2.621520683169364929e-02
6.736627966165542603e-02
-3.610064461827278137e-02
-4.414108395576477051e-02
-6.698763370513916016e-02
6.149706616997718811e-02
-1.315048523247241974e-02
-1.417728792876005173e-02
7.915025204420089722e-02
-4.335770383477210999e-03
-4.206416383385658264e-02
-1.446802355349063873e-02
-1.699990965425968170e-02
-2.015350852161645889e-03
4.175193142145872116e-03
-1.572201959788799286e-02
-9.327913285233080387e-04
-9.940225630998611450e-03
2.794477157294750214e-02
-1.756745204329490662e-02
-6.798975914716720581e-02
-4.542465880513191223e-02
-4.913567379117012024e-02
-1.708719879388809204e-02
-2.417694218456745148e-02
-1.527563668787479401e-02
8.029606938362121582e-02
5.603628815151751041e-04
-1.258826814591884613e-03
2.861961536109447479e-02
-1.937562040984630585e-02
1.510801911354064941e-02
-1.712735928595066071e-02
-4.221243038773536682e-02
-3.749391064047813416e-02
2.700642682611942291e-02
1.647214591503143311e-02
1.054446562193334103e-03
1.458730269223451614e-02
-7.149113807827234268e-03
-6.352800410240888596e-03
-1.598884165287017822e-02
-8.231785893440246582e-02
-3.785201162099838257e-02
2.947428147308528423e-04
-6.258893758058547974e-02
5.353437736630439758e-02
2.099014259874820709e-02
3.519010916352272034e-02
5.977026652544736862e-03
3.901107981801033020e-02
3.101393207907676697e-02
2.372788265347480774e-02
3.482623398303985596e-02
4.074981808662414551e-02
3.496180847287178040e-02
2.259608358144760132e-02
3.860112652182579041e-02
-1.188988611102104187e-02
-8.972278237342834473e-02
-7.070837914943695068e-02
-6.501442939043045044e-02
-4.543812572956085205e-02
-6.864384561777114868e-02
-1.017343178391456604e-01
-7.967147044837474823e-03
-1.227775216102600098e-02
-2.972799167037010193e-02
-2.138064056634902954e-02
1.390737015753984451e-02
-3.337245061993598938e-02
3.567094728350639343e-02
6.246889010071754456e-02
7.831799797713756561e-03
1.164824515581130981e-01
1.311975419521331787e-01
4.019503295421600342e-02
1.829432696104049683e-02
-1.983325928449630737e-02
-3.877232968807220459e-02
-4.987519700080156326e-03
-2.441348694264888763e-02
1.561326091177761555e-03
-1.576074864715337753e-03
2.041411213576793671e-02
-4.034436121582984924e-02
4.512623418122529984e-03
-2.370701916515827179e-02
-3.284075483679771423e-02
-4.082185402512550354e-02
-8.766498416662216187e-02
-5.913249403238296509e-02
-6.480258703231811523e-02
-5.859304964542388916e-02
-4.361605644226074219e-02
3.169921040534973145e-02
3.840090334415435791e-02
3.255622461438179016e-02
-5.868509411811828613e-03
-1.000709924846887589e-02
-2.252830564975738525e-02
-9.902090823743492365e-05
3.765909746289253235e-02
3.198529407382011414e-02
-2.296469174325466156e-03
1.169932633638381958e-02
-3.042928408831357956e-03
3.424374759197235107e-02
2.162690460681915283e-02
-7.375625893473625183e-03
-5.863592028617858887e-02
-1.372788753360509872e-02
4.850369319319725037e-02
-9.732893668115139008e-03
-4.225232824683189392e-02
-2.004025969654321671e-03
2.909098938107490540e-02
-3.365319455042481422e-03
-4.336698725819587708e-02
1.718943379819393158e-02
-1.660936325788497925e-02
-5.796229466795921326e-02
-7.056339178234338760e-03
-7.681601215153932571e-03
-5.008512735366821289e-02
-8.919981773942708969e-04
2.463641576468944550e-02
-1.833198592066764832e-02
1.307953335344791412e-02
-2.305615879595279694e-02
2.201105654239654541e-02
-2.209361642599105835e-02
4.254486877471208572e-03
-4.799460002686828375e-04
7.376293651759624481e-03
6.393329799175262451e-02
2.847298979759216309e-03
-5.870549008250236511e-02
-1.514597050845623016e-02
-2.922185510396957397e-02
-3.417298197746276855e-02
9.313167072832584381e-03
-5.579193122684955597e-03
1.040267571806907654e-02
5.063009262084960938e-02
2.465911209583282471e-02
7.907626777887344360e-02
1.168938446789979935e-02
-3.686732798814773560e-02
3.894380060955882072e-03
-4.174621403217315674e-02
-3.167474269866943359e-02
-2.838597446680068970e-02
-4.194932803511619568e-02
1.174434926360845566e-02
-1.199241168797016144e-02
-5.850484967231750488e-02
-1.864923164248466492e-02
3.150850534439086914e-02
3.276848793029785156e-02
4.061555489897727966e-02
4.736096039414405823e-02
4.896267503499984741e-02
2.946137264370918274e-02
-8.886982500553131104e-02
-6.668779999017715454e-02
-1.562672667205333710e-02
-1.056762319058179855e-02
-1.193505432456731796e-02
-1.335521787405014038e-02
2.353655174374580383e-03
5.639048758894205093e-04
1.192596089094877243e-02
2.924053743481636047e-02
1.176177486777305603e-01
8.350326120853424072e-02
4.504465684294700623e-02
4.973930120468139648e-02
1.878327317535877228e-02
-6.174143776297569275e-02
-6.037200242280960083e-02
-5.562362074851989746e-02
7.384989410638809204e-03
-1.244036387652158737e-02
9.956952184438705444e-03
1.342736650258302689e-03
-2.282283268868923187e-02
-1.654675975441932678e-02
4.514991864562034607e-02
9.709487669169902802e-03
1.702543161809444427e-02
-7.373025268316268921e-02
-1.693284325301647186e-02
4.419860243797302246e-02
-7.242489606142044067e-02
-3.554762527346611023e-02
3.658151999115943909e-02
-1.377196423709392548e-02
3.399360179901123047e-02
4.149276390671730042e-02
1.190717145800590515e-02
2.488652430474758148e-02
4.445951431989669800e-02
-1.175258494913578033e-02
2.284316532313823700e-02
-2.507395809516310692e-03
-4.143228754401206970e-02
-2.908177301287651062e-02
-6.930743902921676636e-02
6.189077347517013550e-02
6.290323287248611450e-02
7.815694808959960938e-02
-3.810192225500941277e-03
-1.547976396977901459e-02
-4.636001307517290115e-03
-6.500874180346727371e-03
-1.396434381604194641e-04
-1.236132998019456863e-02
1.572743058204650879e-02
2.323616296052932739e-02
-1.204165350645780563e-02
-1.444452791474759579e-03
-1.170033792732283473e-04
2.832116745412349701e-02
-2.130149863660335541e-02
-4.760653898119926453e-02
-9.073264896869659424e-03
-2.578650414943695068e-02
-2.675279974937438965e-02
-1.606835238635540009e-02
2.267555706202983856e-02
1.876019686460494995e-02
3.098150342702865601e-02
3.182252496480941772e-02
4.327724687755107880e-03
3.414921835064888000e-02
-1.300149038434028625e-02
6.518514361232519150e-03
4.431574046611785889e-02
4.527005553245544434e-02
5.365017056465148926e-02
4.976394027471542358e-02
-1.921627670526504517e-02
-2.208369784057140350e-02
9.733247570693492889e-03
-6.863122433423995972e-02
-9.694758057594299316e-02
-9.902495145797729492e-02
-1.722803898155689240e-02
1.083176117390394211e-02
8.771086111664772034e-03
1.801704987883567810e-02
3.141153370961546898e-03
1.049594487994909286e-02
-3.394490922801196575e-04
-1.330485567450523376e-03
5.858673714101314545e-03
-2.301427163183689117e-02
3.715327009558677673e-02
2.933828160166740417e-02
-5.218037217855453491e-02
-2.381091564893722534e-02
-4.337517917156219482e-02
9.789153933525085449e-02
-9.273380972445011139e-03
-5.445914342999458313e-02
1.605822145938873291e-02
-3.406726196408271790e-02
-4.982949793338775635e-02
-5.307280458509922028e-03
9.367472492158412933e-03
4.555253777652978897e-03
2.430828101933002472e-02
-3.917300701141357422e-02
3.183089941740036011e-02
5.877585709095001221e-02
4.896350950002670288e-02
5.013888701796531677e-02
2.168431691825389862e-02
5.243801325559616089e-02
-2.607247605919837952e-02
5.596102401614189148e-02
4.782382398843765259e-02
3.452277928590774536e-02
-1.421010866761207581e-02
9.312366135418415070e-03
2.331920899450778961e-02
-4.337209463119506836e-02
-3.326490893959999084e-02
1.931736804544925690e-02
4.182964935898780823e-02
1.037307176738977432e-02
-1.522505469620227814e-02
1.716773398220539093e-02
-1.384720951318740845e-02
-3.744470700621604919e-02
-9.393359534442424774e-03
-1.720404438674449921e-02
2.280729636549949646e-02
3.337661176919937134e-02
2.471796236932277679e-02
-9.488819167017936707e-03
1.065799221396446228e-02
-2.228578552603721619e-02
-5.227274447679519653e-02
-4.311551526188850403e-02
-5.645165592432022095e-02
-6.618790328502655029e-02
-2.947117201983928680e-03
2.914292179048061371e-02
3.466713428497314453e-02
3.013816848397254944e-02
4.164580255746841431e-02
3.670275956392288208e-02
-2.312976308166980743e-02
2.041444182395935059e-02
2.037785761058330536e-02
-3.983110561966896057e-02
4.546232521533966064e-02
6.167142465710639954e-02
5.322546698153018951e-03
2.089289017021656036e-02
-1.692833192646503448e-02
-1.781665347516536713e-02
-1.690297387540340424e-03
-4.474440217018127441e-02
4.033863171935081482e-02
6.554488837718963623e-02
6.713828444480895996e-02
3.396301297470927238e-03
-1.982794143259525299e-02
-1.460290513932704926e-02
-1.654545217752456665e-02
-7.268942147493362427e-02
-7.516784220933914185e-02
-2.947185561060905457e-02
-6.427206844091415405e-02
3.262022510170936584e-02
-4.647096619009971619e-03
4.584142938256263733e-03
9.837149083614349365e-02
-4.053292796015739441e-02
1.393227372318506241e-03
-9.699927642941474915e-03
-2.215228416025638580e-02
1.710088737308979034e-02
2.877630060538649559e-03
-1.761799305677413940e-02
3.488057479262351990e-02
7.182031869888305664e-02
4.958968609571456909e-03
1.314147841185331345e-02
1.908107660710811615e-02
5.171118676662445068e-02
2.367295883595943451e-02
-6.320549640804529190e-03
5.308388173580169678e-02
-1.639544777572154999e-02
-6.404966861009597778e-02
-2.946097776293754578e-02
-4.998175054788589478e-02
-6.173864006996154785e-02
3.283010423183441162e-02
-3.122483007609844208e-02
-1.777585223317146301e-02
1.500572357326745987e-02
1.369206421077251434e-02
4.014422371983528137e-02
2.921110577881336212e-02
1.159273739904165268e-02
-2.086257748305797577e-02
5.411092936992645264e-02
-1.562752202153205872e-02
-3.812509030103683472e-02
6.601805798709392548e-03
-2.157835848629474640e-02
-2.304996922612190247e-02
-2.702594362199306488e-02
-6.417022552341222763e-03
3.074810840189456940e-02
-1.340461708605289459e-02
-5.942755378782749176e-03
-1.514349319040775299e-02
-3.732310980558395386e-02
-3.047895617783069611e-03
-5.038697645068168640e-02
1.900561340153217316e-02
3.628662601113319397e-02
-3.911765664815902710e-02
-7.211115956306457520e-02
1.638980582356452942e-02
9.819958359003067017e-03
-5.344829708337783813e-02
2.294114383403211832e-04
-2.913263067603111267e-02
2.554588764905929565e-02
2.115009585395455360e-03
7.419473957270383835e-03
-2.532660029828548431e-02
-5.843453481793403625e-02
-7.851039059460163116e-03
-3.466729773208498955e-03
-9.592759609222412109e-02
-4.413519054651260376e-02
1.830749772489070892e-02
4.308099392801523209e-03
2.686298266053199768e-02
-8.685849606990814209e-02
2.916895784437656403e-03
4.008065536618232727e-02
8.348695700988173485e-04
6.507083028554916382e-02
-2.444130554795265198e-02
3.742679953575134277e-02
9.286130778491497040e-03
-1.608930341899394989e-02
-5.244956817477941513e-03
-2.578823827207088470e-02
1.204597298055887222e-02
-4.713300243020057678e-02
6.240245327353477478e-02
8.619941771030426025e-02
-2.602775394916534424e-02
3.575391694903373718e-02
-1.444502547383308411e-02
-1.135758310556411743e-02
-1.958923786878585815e-02
1.315749064087867737e-02
-5.017242208123207092e-02
-2.513995580375194550e-02
-4.551940131932497025e-03
-5.148153379559516907e-02
3.133355453610420227e-02
2.026181854307651520e-02
1.414068322628736496e-02
-2.790335379540920258e-02
-7.139983028173446655e-02
-1.478194072842597961e-02
2.734714187681674957e-03
-2.879254706203937531e-02
-1.584605872631072998e-02
-5.480142775923013687e-03
1.396196987479925156e-02
9.323322027921676636e-02
2.068918012082576752e-02
-2.408672869205474854e-02
2.537536993622779846e-02
3.056321293115615845e-02
-3.037112066522240639e-03
1.908553019165992737e-02
-2.191181853413581848e-02
-8.115477859973907471e-02
1.786540634930133820e-02
-8.764863014221191406e-03
7.881326600909233093e-03
8.725421503186225891e-03
-3.121183067560195923e-02
-1.208810973912477493e-02
-2.476314548403024673e-03
-3.819916769862174988e-02
-3.499400988221168518e-02
-3.412512131035327911e-03
-2.528144791722297668e-02
-1.569220237433910370e-02
5.897438153624534607e-02
4.731468111276626587e-02
-2.196332626044750214e-02
-1.847181469202041626e-02
-5.471597239375114441e-02
-2.475705184042453766e-02
2.970946766436100006e-02
-2.495983429253101349e-02
-6.622831523418426514e-02
-3.824321180582046509e-02
-2.148775383830070496e-02
5.005302652716636658e-02
-4.113011062145233154e-02
4.854431748390197754e-02
2.404537051916122437e-02
2.609688602387905121e-02
-1.696550846099853516e-02
-4.775756970047950745e-02
-1.376309245824813843e-02
1.193229760974645615e-02
-2.136579342186450958e-02
-3.166933357715606689e-02
-1.802511885762214661e-02
-1.910152472555637360e-02
-3.981363773345947266e-02
-2.119684405624866486e-02
-3.993457555770874023e-02
3.591752052307128906e-02
4.972101002931594849e-02
8.378705941140651703e-03
5.312393605709075928e-02
-1.334115117788314819e-02
8.907902240753173828e-02
-6.811776664108037949e-03
-4.054224863648414612e-02
-2.889749221503734589e-02
4.265755787491798401e-02
-2.853695116937160492e-02
-6.336045917123556137e-03
2.837679162621498108e-02
-2.152086701244115829e-03
2.967480942606925964e-02
6.197037547826766968e-02
3.133637830615043640e-02
5.368915200233459473e-02
1.537348888814449310e-02
-1.774587109684944153e-02
-2.493368647992610931e-02
-1.218862552195787430e-02
-1.050057762768119574e-04
5.185618996620178223e-02
-2.926685265265405178e-04
-2.342695184051990509e-02
-2.361529134213924408e-02
-2.188442088663578033e-02
-4.418425261974334717e-02
-1.947040297091007233e-02
1.596536487340927124e-02
-1.607545465230941772e-02
-2.337851189076900482e-02
-4.778029397130012512e-02
-2.241669595241546631e-02
6.847692653536796570e-03
-9.391921572387218475e-03
7.394274324178695679e-02
-1.852752640843391418e-02
2.612443640828132629e-02
5.524102132767438889e-03
-9.964806027710437775e-03
4.375919327139854431e-02
-2.689909189939498901e-03
-4.298320040106773376e-02
-4.489605128765106201e-02
-9.454442188143730164e-03
7.441902998834848404e-03
6.497314665466547012e-03
6.351523846387863159e-02
-2.895485050976276398e-02
-3.147270157933235168e-02
9.045825898647308350e-02
1.506430748850107193e-02
3.178980574011802673e-02
-1.537908613681793213e-02
-7.752719521522521973e-02
-3.848914057016372681e-02
-1.917076110839843750e-02
6.541333161294460297e-03
-9.381115436553955078e-02
9.596851468086242676e-02
2.162024192512035370e-02
5.093487352132797241e-02
1.109663695096969604e-01
-5.059586092829704285e-02
-1.065560337156057358e-02
-1.361637860536575317e-01
-6.296995282173156738e-02
-5.483160540461540222e-02
-7.595546543598175049e-02
-2.116231247782707214e-02
-8.538635075092315674e-02
-3.402871545404195786e-03
1.546340156346559525e-02
1.732129720039665699e-03
2.858615852892398834e-02
-2.008102089166641235e-02
4.660589993000030518e-02
-8.843903429806232452e-03
1.186534389853477478e-02
-1.030378323048353195e-02
-1.615111343562602997e-02
4.462505131959915161e-02
-2.100724726915359497e-02
1.170138735324144363e-02
1.988437771797180176e-02
-1.796718128025531769e-02
-2.294196933507919312e-02
-6.523499637842178345e-02
-5.054781958460807800e-02
-3.355150297284126282e-02
-3.065014444291591644e-02
-1.194801647216081619e-02
4.053124040365219116e-02
2.114224806427955627e-02
-1.923477277159690857e-02
-5.016514286398887634e-02
-6.811735033988952637e-02
-5.719106178730726242e-03
-5.967419967055320740e-02
-1.006653904914855957e-02
-1.990118436515331268e-02
3.503940626978874207e-02
4.929281771183013916e-02
-4.787131678313016891e-03
6.723304279148578644e-03
-3.433597832918167114e-02
1.043725199997425079e-02
8.227832615375518799e-03
-8.087842725217342377e-03
5.368217080831527710e-02
8.394787460565567017e-02
-2.917829202488064766e-03
-2.471222169697284698e-02
-4.767693951725959778e-02
-2.175343036651611328e-02
-5.382994934916496277e-02
2.218327485024929047e-02
1.856721378862857819e-02
-3.041251795366406441e-03
-2.686392329633235931e-02
-3.121409006416797638e-02
1.035662274807691574e-02
-2.807477675378322601e-02
-3.030361607670783997e-02
7.900304347276687622e-02
-3.362961113452911377e-02
-9.563741832971572876e-02
-1.481499057263135910e-02
-8.357398211956024170e-02
-1.097672954201698303e-01
1.470276620239019394e-02
2.161285141482949257e-03
6.592318881303071976e-03
3.058434836566448212e-02
3.862861543893814087e-02
1.705089025199413300e-02
-3.174708038568496704e-02
-1.340952701866626740e-02
-4.756235703825950623e-02
-2.624465897679328918e-02
8.705877698957920074e-03
-5.490536242723464966e-02
-3.664211370050907135e-03
2.303607761859893799e-02
-2.230529859662055969e-02
-2.491714619100093842e-02
-1.205424312502145767e-02
5.496091325767338276e-04
1.018517166376113892e-01
4.681006073951721191e-02
-3.041953593492507935e-02
5.260390788316726685e-02
1.426967512816190720e-02
-3.474336117506027222e-02
3.147362032905220985e-03
-4.533106833696365356e-02
-1.747207716107368469e-02
6.431078910827636719e-02
8.219652622938156128e-02
-1.614555250853300095e-03
4.839612543582916260e-02
6.626296043395996094e-02
-4.807695746421813965e-02
-1.051838230341672897e-02
-2.097790502011775970e-02
-4.756588861346244812e-02
-6.727460026741027832e-02
-4.692761972546577454e-02
1.914345100522041321e-02
1.300578098744153976e-02
2.118396945297718048e-02
-8.275108411908149719e-03
2.266770228743553162e-03
2.894152887165546417e-02
-5.756098404526710510e-02
9.456176310777664185e-02
1.313058938831090927e-02
-1.296985149383544922e-02
-3.512480854988098145e-02
-1.003979146480560303e-01
-2.473910897970199585e-02
4.982875194400548935e-03
-9.697244316339492798e-02
-2.531168609857559204e-02
-4.650538414716720581e-02
-1.938083022832870483e-02
-1.643438078463077545e-02
-3.806942701339721680e-02
-6.007957085967063904e-02
-5.119779706001281738e-02
-2.223306149244308472e-02
-5.623181164264678955e-02
-8.410395681858062744e-02
-3.332601487636566162e-02
1.315616071224212646e-02
-2.180318161845207214e-02
-2.463757991790771484e-02
-9.831968694925308228e-03
-6.022175028920173645e-02
-5.979838967323303223e-02
-4.244330897927284241e-02
-5.863148346543312073e-02
6.948300451040267944e-02
-1.177010685205459595e-02
-6.492465734481811523e-02
7.429813593626022339e-02
-1.395578403025865555e-02
-5.778295174241065979e-02
-2.594314701855182648e-02
-5.824812129139900208e-02
-6.895876675844192505e-02
-5.038962513208389282e-02
-7.814121991395950317e-02
-5.848146229982376099e-02
1.097906730137765408e-03
1.331572886556386948e-02
8.760123513638973236e-03
4.949736595153808594e-02
1.003511548042297363e-01
-5.206929519772529602e-03
-4.301320388913154602e-02
1.635419391095638275e-02
3.896749764680862427e-02
1.916194707155227661e-02
2.402425184845924377e-02
-2.057933621108531952e-02
-1.254116091877222061e-02
-1.021720375865697861e-02
-7.262888550758361816e-02
8.921137196011841297e-04
1.815310306847095490e-02
2.235820516943931580e-02
-7.581793237477540970e-03
-3.529951348900794983e-02
4.489643126726150513e-02
3.245512023568153381e-02
-6.618826091289520264e-02
-2.229829551652073860e-03
5.807507038116455078e-02
-1.708490774035453796e-03
4.452111199498176575e-02
1.417148392647504807e-02
-5.195980519056320190e-02
3.739260882139205933e-02
-6.912346184253692627e-02
-5.850496515631675720e-02
1.002007201313972473e-01
7.219554856419563293e-03
-1.159812090918421745e-03
-5.824055522680282593e-02
-1.355821848846971989e-03
2.807884290814399719e-02
-2.000589109957218170e-02
-6.042729690670967102e-02
-2.029836643487215042e-03
-1.459907740354537964e-02
5.128508433699607849e-03
2.907996252179145813e-02
1.355109387077391148e-03
3.365386510267853737e-04
-3.898984938859939575e-02
-1.852454151958227158e-03
2.713123708963394165e-02
3.116830252110958099e-02
-2.635993529111146927e-03
-3.351541981101036072e-02
-5.555595457553863525e-02
-3.912001103162765503e-02
-4.717246815562248230e-02
-4.276145994663238525e-02
-5.490732192993164062e-02
-6.110649555921554565e-02
-8.432123810052871704e-03
1.841974630951881409e-02
-1.843688078224658966e-02
-5.945625901222229004e-02
-8.719633519649505615e-02
-3.893267363309860229e-02
-3.329416736960411072e-03
7.040430605411529541e-02
-4.905008897185325623e-02
-2.955717034637928009e-02
2.639647200703620911e-02
-3.324648365378379822e-02
1.092685107141733170e-02
6.912740878760814667e-03
-4.386901110410690308e-02
-3.086009528487920761e-03
8.378828316926956177e-02
1.946118101477622986e-02
5.154332146048545837e-02
5.780803039669990540e-02
-1.609866740182042122e-03
-1.780684664845466614e-02
-3.697814536280930042e-04
-3.210319904610514641e-03
4.580892156809568405e-03
4.762092605233192444e-02
9.013807773590087891e-02
4.116452112793922424e-02
6.586775183677673340e-02
2.185890637338161469e-02
6.456474307924509048e-03
-1.915659010410308838e-02
-5.073472112417221069e-02
-5.903089046478271484e-02
-2.338857762515544891e-02
1.472692843526601791e-02
-3.571907430887222290e-02
1.580515317618846893e-02
-3.786268085241317749e-02
-4.082524776458740234e-02
-3.469512611627578735e-02
-4.362039640545845032e-02
-4.344801232218742371e-02
-1.998342387378215790e-02
8.494638837873935699e-03
8.235180750489234924e-03
-1.770627568475902081e-04
5.227284040302038193e-03
-3.527112677693367004e-02
9.304976090788841248e-03
-1.504899095743894577e-02
-3.307693451642990112e-02
6.468081846833229065e-03
-2.192743495106697083e-02
-2.206636406481266022e-02
-5.641150288283824921e-03
-3.801411483436822891e-03
4.257449135184288025e-02
-5.236408114433288574e-02
-1.684292964637279510e-02
4.261775314807891846e-02
-3.759279102087020874e-02
-7.305064797401428223e-02
-3.333321213722229004e-02
2.490581199526786804e-02
5.136800929903984070e-02
1.475714799016714096e-02
-6.113048177212476730e-03
-7.009150832891464233e-02
-8.673121780157089233e-02
-2.485962817445397377e-03
-5.165584012866020203e-02
-5.479301139712333679e-02
-4.637816175818443298e-02
-6.245335564017295837e-02
-1.600603014230728149e-02
9.113200940191745758e-03
-4.079550877213478088e-02
-6.856194138526916504e-02
-1.113427802920341492e-02
8.859710767865180969e-03
-9.534738212823867798e-02
-4.389897733926773071e-02
-1.847952604293823242e-02
-3.351425752043724060e-02
-8.261068724095821381e-04
3.855978697538375854e-02
6.024493277072906494e-02
3.374916315078735352e-02
5.864479113370180130e-03
-4.960868507623672485e-03
2.560637891292572021e-02
4.013201966881752014e-02
-5.113448575139045715e-02
4.354738444089889526e-02
9.876219555735588074e-04
-1.063382774591445923e-01
-1.076517719775438309e-02
-2.865712391212582588e-03
-4.520198702812194824e-02
5.058045499026775360e-03
-4.618698358535766602e-02
4.611126333475112915e-02
2.561566978693008423e-02
-5.533782020211219788e-02
3.864089027047157288e-02
4.545316565781831741e-03
1.606876216828823090e-02
1.198244933038949966e-02
-5.229636281728744507e-02
7.522778958082199097e-02
1.336059905588626862e-02
-6.032589823007583618e-02
1.061224378645420074e-02
1.326981373131275177e-02
-2.739690802991390228e-02
-8.119747787714004517e-02
-4.019259661436080933e-02
-7.056479156017303467e-02
-7.401467859745025635e-02
2.897490048781037331e-03
6.822043564170598984e-03
-3.589170798659324646e-02
5.619917437434196472e-02
1.337724272161722183e-02
-6.415402889251708984e-02
-7.489487528800964355e-02
-3.686244040727615356e-02
-3.493808209896087646e-02
1.743094809353351593e-02
4.462627694010734558e-02
5.702352523803710938e-02
-2.507515996694564819e-02
7.323703728616237640e-03
3.522680699825286865e-02
-3.681940725073218346e-03
-1.070422958582639694e-02
3.687152639031410217e-02
3.686725161969661713e-03
-3.418112546205520630e-02
-6.175250187516212463e-02
-4.982264339923858643e-02
-6.491646170616149902e-02
-1.674056425690650940e-02
-1.652031578123569489e-02
-3.467830270528793335e-02
2.182587236166000366e-02
-1.015793066471815109e-02
-5.451640579849481583e-03
3.745156805962324142e-03
-2.842017635703086853e-02
-7.949526421725749969e-03
2.630218630656599998e-03
-4.582968354225158691e-02
-4.874783009290695190e-02
-1.949530281126499176e-02
-1.546313706785440445e-02
3.738995268940925598e-02
-6.674896180629730225e-02
-4.408262297511100769e-02
-9.921790100634098053e-03
-5.405293032526969910e-02
-7.027728855609893799e-02
-6.243006512522697449e-02
-8.504202216863632202e-02
-6.476898491382598877e-02
-4.309984296560287476e-02
-1.689064898528158665e-03
2.652842784300446510e-03
-2.193016186356544495e-02
6.614995747804641724e-02
7.400427013635635376e-02
-2.498983219265937805e-02
2.686594426631927490e-02
3.174034878611564636e-02
-4.767477139830589294e-02
-5.143258720636367798e-03
-1.634226366877555847e-02
-5.258386954665184021e-02
2.063713781535625458e-02
1.969170197844505310e-02
2.297113183885812759e-03
-4.823338612914085388e-02
-6.771853566169738770e-02
-4.857382923364639282e-02
-3.253486379981040955e-02
-3.990545496344566345e-02
3.668165579438209534e-02
-2.511184848845005035e-02
-3.465696051716804504e-02
5.728329718112945557e-02
6.736236810684204102e-02
8.101307600736618042e-02
8.207385987043380737e-02
-9.972530417144298553e-03
-2.728712745010852814e-02
-5.722238495945930481e-02
-1.413910649716854095e-02
-3.973975032567977905e-02
-3.705592453479766846e-02
-3.862198442220687866e-02
-1.801334880292415619e-02
2.993811666965484619e-02
-5.374259874224662781e-02
-4.781553894281387329e-02
3.713332489132881165e-02
-1.535491179674863815e-02
-7.193916290998458862e-02
9.163255803287029266e-03
9.174655191600322723e-03
-2.923895604908466339e-03
1.598212867975234985e-02
-6.515333801507949829e-02
-5.320970714092254639e-02
3.629673644900321960e-02
-2.460652403533458710e-02
-1.037469413131475449e-02
1.876462483778595924e-03
9.744776785373687744e-02
-1.409905217587947845e-02
-5.712749809026718140e-02
7.989220321178436279e-03
-6.686928123235702515e-02
-5.917870253324508667e-02
-2.250573830679059029e-03
-5.342927202582359314e-02
-4.680467396974563599e-02
2.401523292064666748e-02
-2.285695821046829224e-02
-2.662195451557636261e-02
1.364867091178894043e-01
9.660512953996658325e-02
2.752194181084632874e-02
2.611975371837615967e-02
3.130519017577171326e-02
3.442500159144401550e-02
-4.722261428833007812e-02
1.579342037439346313e-02
-5.770443473011255264e-03
2.420142665505409241e-02
1.070707589387893677e-01
4.407583549618721008e-02
-1.792129687964916229e-02
2.879401482641696930e-02
-3.029934829100966454e-03
-3.426202014088630676e-02
1.866241544485092163e-02
1.180064585059881210e-02
2.004984207451343536e-02
9.115169756114482880e-03
-4.298987239599227905e-02
4.285418614745140076e-02
1.658748718909919262e-03
-9.127829223871231079e-03
2.708357386291027069e-02
4.218166694045066833e-03
1.000570133328437805e-01
-3.119117580354213715e-02
-5.841855704784393311e-02
1.145533472299575806e-02
-3.343569114804267883e-02
-8.399882912635803223e-02
-3.259201720356941223e-02
-1.429763156920671463e-02
-1.492935791611671448e-02
8.272984996438026428e-03
2.513955906033515930e-02
-5.641926452517509460e-02
2.268255874514579773e-02
4.767299443483352661e-02
2.940527535974979401e-02
8.903667330741882324e-03
3.584925085306167603e-02
3.992565721273422241e-02
5.329684913158416748e-02
-5.311342328786849976e-02
-2.972251549363136292e-02
1.266278419643640518e-02
-3.816863521933555603e-02
-4.424490779638290405e-02
-2.523917332291603088e-02
-3.272013738751411438e-02
-3.813149034976959229e-02
1.034388085827231407e-03
2.488942071795463562e-02
-4.836245626211166382e-02
-8.442902006208896637e-03
4.515810310840606689e-02
-1.766208186745643616e-02
2.957631088793277740e-02
-6.780963391065597534e-02
-1.021481230854988098e-01
1.849503256380558014e-03
-4.739509150385856628e-02
-1.072883829474449158e-01
-3.442195802927017212e-02
3.241416811943054199e-02
2.182428166270256042e-02
-7.067597936838865280e-03
4.190644249320030212e-02
-1.184264197945594788e-02
-9.353238157927989960e-03
-2.863942272961139679e-02
-3.656855598092079163e-02
-1.569681800901889801e-02
-4.446712881326675415e-02
1.470401603728532791e-02
-4.485007002949714661e-02
-7.613418251276016235e-02
7.710061967372894287e-02
7.736496627330780029e-02
-1.079456955194473267e-01
-4.157344251871109009e-02
3.316615941002964973e-03
-7.556919939815998077e-03
-4.941023513674736023e-02
-9.741895832121372223e-03
-1.138183008879423141e-02
-3.665114054456353188e-03
1.815773919224739075e-02
-6.150392815470695496e-02
-3.400464355945587158e-02
-4.709309432655572891e-03
-7.325754314661026001e-02
-5.969347059726715088e-02
-3.346403688192367554e-02
4.888246767222881317e-03
-1.031934935599565506e-02
-2.494554780423641205e-02
-4.293016716837882996e-02
-4.473565518856048584e-02
-3.318510204553604126e-02
-2.803730033338069916e-02
-1.379304938018321991e-02
-1.004250533878803253e-02
3.613728284835815430e-02
4.683752078562974930e-03
6.741690449416637421e-03
-2.679665759205818176e-02
-4.464909434318542480e-02
-1.139473915100097656e-02
3.212315216660499573e-02
-1.745497062802314758e-02
-1.589949429035186768e-02
-3.891099244356155396e-02
6.637097336351871490e-03
4.860810935497283936e-03
2.294279634952545166e-02
2.708662115037441254e-02
-1.687898486852645874e-02
3.417452098801732063e-03
-2.638380974531173706e-03
1.709630712866783142e-02
2.136188559234142303e-02
-2.982427179813385010e-02
-3.576194494962692261e-02
-4.581125825643539429e-02
-4.249541833996772766e-02
-3.064770810306072235e-02
4.242942109704017639e-02
3.845198825001716614e-02
-2.674595825374126434e-02
5.845759063959121704e-02
-4.078869894146919250e-02
5.205766856670379639e-02
-4.238634929060935974e-02
-5.144254490733146667e-02
1.629479229450225830e-02
-1.962986076250672340e-03
-5.221779458224773407e-03
1.463215053081512451e-02
1.289883628487586975e-03
-2.415173500776290894e-02
-3.300899267196655273e-02
1.356983464211225510e-02
-4.734059050679206848e-02
1.982264593243598938e-02
2.135043404996395111e-02
3.322076052427291870e-03
8.469884842634201050e-02
-2.032988704741001129e-02
-1.808683504350483418e-03
5.417680740356445312e-02
1.250149309635162354e-02
-3.819802775979042053e-02
-4.785867780447006226e-02
1.391232945024967194e-02
-1.936269551515579224e-02
-2.341975457966327667e-02
-5.728959292173385620e-02
-2.923182956874370575e-02
1.203450001776218414e-02
-5.627140775322914124e-02
-4.869093373417854309e-02
4.313610494136810303e-02
6.947305519133806229e-03
-7.219998165965080261e-03
4.121690616011619568e-02
-5.320209264755249023e-02
-1.405679155141115189e-02
5.233708396553993225e-02
1.535539608448743820e-02
-5.677645653486251831e-02
-2.810023725032806396e-03
2.410871349275112152e-02
-5.546696856617927551e-02
-3.348280908539891243e-03
-2.589051425457000732e-02
-8.180322125554084778e-03
-5.015404149889945984e-02
6.438443809747695923e-02
7.454646378755569458e-02
-1.885083317756652832e-02
5.592657998204231262e-02
4.151590541005134583e-02
-2.445715665817260742e-02
9.216481447219848633e-02
-1.091570314019918442e-02
-3.174706548452377319e-02
2.669082023203372955e-03
-8.227386511862277985e-03
3.872549906373023987e-02
-6.829786300659179688e-02
5.322057008743286133e-02
1.188674718141555786e-01
4.860545694828033447e-02
5.632827058434486389e-02
3.498806431889533997e-02
-7.430179417133331299e-02
-6.324736773967742920e-02
-2.639734558761119843e-02
-3.509486326947808266e-03
2.148893475532531738e-02
-6.090036034584045410e-02
3.755936399102210999e-02
-1.620261743664741516e-02
6.513919215649366379e-03
-5.208322312682867050e-03
-3.395029157400131226e-02
-2.019813284277915955e-02
-1.159995514899492264e-02
1.093770004808902740e-02
5.220641940832138062e-02
-1.063631940633058548e-02
-3.526528179645538330e-02
2.823124080896377563e-02
1.362037565559148788e-02
-1.776699721813201904e-02
2.096891589462757111e-02
-8.430669084191322327e-03
-6.738296151161193848e-02
-3.688760474324226379e-02
-6.779367686249315739e-04
-7.037610746920108795e-03
1.180903334170579910e-02
4.704450443387031555e-02
2.389622852206230164e-02
-5.555804818868637085e-03
2.861591987311840057e-02
-2.441242540953680873e-04
-1.235278043895959854e-02
-6.860192120075225830e-02
-8.135111629962921143e-02
-4.031505435705184937e-03
-1.089762896299362183e-02
-7.851070724427700043e-03
5.604534968733787537e-02
2.745706960558891296e-02
2.756696939468383789e-02
7.832708954811096191e-02
-1.686461851932108402e-03
-3.088498488068580627e-02
-7.240260392427444458e-02
-1.028198096901178360e-02
1.535497722215950489e-04
-2.422331459820270538e-02
-4.011901095509529114e-02
-3.808431560173630714e-03
-5.461088381707668304e-03
9.640812873840332031e-03
2.701201103627681732e-02
3.220617398619651794e-02
-2.642896492034196854e-03
-7.463868241757154465e-03
5.971577949821949005e-03
1.513362023979425430e-02
1.256519276648759842e-02
6.800221651792526245e-02
-3.646960109472274780e-02
-7.772850245237350464e-02
4.282125085592269897e-02
-6.530432403087615967e-02
-1.254402548074722290e-01
1.362824067473411560e-02
-6.283293664455413818e-02
-6.646319478750228882e-02
7.563685625791549683e-02
-9.834500961005687714e-03
-1.680578105151653290e-02
2.346022054553031921e-02
-1.219634152948856354e-02
-3.141611441969871521e-02
-6.065713614225387573e-02
6.912489887326955795e-03
-3.385919379070401192e-03
-4.654436931014060974e-02
-7.558327168226242065e-03
-5.631583742797374725e-03
-1.289480831474065781e-02
-1.411893754266202450e-03
-9.361725300550460815e-03
3.770035877823829651e-02
-2.946445345878601074e-02
-3.697601705789566040e-02
3.607114776968955994e-02
1.595891453325748444e-02
7.316463626921176910e-03
-1.073828618973493576e-02
3.682409226894378662e-02
2.410993725061416626e-02
2.642450109124183655e-02
-5.178751423954963684e-02
-3.003994189202785492e-02
1.552531961351633072e-02
3.580670058727264404e-02
2.883588522672653198e-02
1.337703596800565720e-02
1.538455858826637268e-02
-1.492744125425815582e-02
-4.060821980237960815e-02
1.602026820182800293e-02
-1.966848038136959076e-02
-5.261095939204096794e-04
-3.075103648006916046e-02
-2.711731567978858948e-02
-4.161432385444641113e-02
2.548995660617947578e-03
-9.266567416489124298e-03
-3.664691746234893799e-02
-3.658250346779823303e-02
-3.157906606793403625e-02
1.380777801387012005e-03
-9.029769338667392731e-03
2.235326170921325684e-02
5.530386418104171753e-02
2.896114066243171692e-02
4.290180653333663940e-02
3.921345621347427368e-02
-5.415883380919694901e-03
-5.442169681191444397e-02
-3.862802311778068542e-02
-4.567354917526245117e-02
-6.060212105512619019e-02
-1.685474626719951630e-02
-6.435377895832061768e-02
-6.822281330823898315e-02
-9.649138897657394409e-02
-3.275024518370628357e-02
-4.458299651741981506e-02
-3.731787949800491333e-02
1.716600614599883556e-03
-2.866709791123867035e-02
-2.519039809703826904e-02
-1.979104429483413696e-02
-2.833956107497215271e-02
-3.848015889525413513e-02
-3.641472756862640381e-02
-4.483303055167198181e-02
-7.481324672698974609e-02
-4.830183088779449463e-02
-8.054280281066894531e-02
-4.410480335354804993e-02
-5.142774432897567749e-02
-5.999146029353141785e-02
-5.578057840466499329e-02
3.688975423574447632e-02
8.151560090482234955e-03
-2.572095394134521484e-02
1.037397887557744980e-02
-8.661561645567417145e-03
-5.351983010768890381e-02
2.145651355385780334e-02
-1.510445307940244675e-02
-3.468194603919982910e-02
5.484588816761970520e-02
9.085485711693763733e-03
-2.228922583162784576e-02
-4.154032096266746521e-02
-2.236614562571048737e-02
-1.320200506597757339e-02
-9.895385242998600006e-03
-1.166878733783960342e-02
-1.607096521183848381e-03
-4.264787305146455765e-03
-2.059044130146503448e-02
2.832318656146526337e-03
2.359932474792003632e-02
-7.349579036235809326e-02
1.339120045304298401e-02
-5.482125096023082733e-03
-8.054054528474807739e-02
-5.349514260888099670e-02
-4.258576408028602600e-02
-6.958643347024917603e-02
-2.920715697109699249e-02
-4.842488840222358704e-02
-1.117065921425819397e-02
-1.077607460319995880e-02
-6.547424197196960449e-02
-3.319146344438195229e-03
-3.455053642392158508e-02
4.411368072032928467e-02
2.425100654363632202e-02
-7.958965748548507690e-02
-4.794741049408912659e-03
-1.086404299712739885e-04
-1.727335713803768158e-02
1.502924226224422455e-02
2.669355832040309906e-02
-9.792760945856571198e-03
-2.080135978758335114e-02
-4.782378301024436951e-02
-4.106588661670684814e-02
1.206146273761987686e-02
-2.370533999055624008e-03
8.231109939515590668e-03
3.166537359356880188e-02
1.528936251997947693e-02
3.491718322038650513e-02
4.604772105813026428e-02
5.869562551379203796e-02
4.661078751087188721e-02
-6.733579188585281372e-02
-2.888519875705242157e-02
-3.253851830959320068e-02
1.212883368134498596e-02
6.399797648191452026e-02
1.231277640908956528e-02
-3.760962933301925659e-02
-2.206974290311336517e-02
-3.339275345206260681e-02
1.811377704143524170e-02
1.269855350255966187e-02
6.472376640886068344e-03
-5.773125961422920227e-02
-5.536275729537010193e-02
1.996219530701637268e-02
-3.331176564097404480e-02
2.153624314814805984e-03
6.087426096200942993e-02
-9.236071258783340454e-02
-3.443768993020057678e-02
-7.017915695905685425e-02
-8.920776098966598511e-02
-5.497967451810836792e-02
-1.286580134183168411e-02
-1.541155576705932617e-02
1.690639182925224304e-02
7.027929276227951050e-02
-1.534099970012903214e-02
-7.638189941644668579e-02
-8.210822194814682007e-02
1.590769551694393158e-02
-1.862509176135063171e-02
-2.364664338529109955e-02
2.846015430986881256e-02
-1.235812233062461019e-04
2.466477267444133759e-02
6.256990134716033936e-03
-1.787447556853294373e-02
-4.802296310663223267e-02
-3.072289004921913147e-02
-4.243299365043640137e-02
-3.989690169692039490e-02
-1.538385450839996338e-02
-1.115312986075878143e-02
-2.955301292240619659e-02
-5.484332144260406494e-02
-2.757262997329235077e-02
3.923171758651733398e-02
-2.026484161615371704e-02
2.742183022201061249e-02
6.520676612854003906e-02
-2.173211425542831421e-02
-2.584778144955635071e-02
-1.138703897595405579e-02
-6.781477015465497971e-03
-8.288131095468997955e-03
3.564077615737915039e-02
-2.019455470144748688e-02
-3.126553818583488464e-02
3.621165826916694641e-02
-2.425232902169227600e-02
-9.113595820963382721e-03
9.477329999208450317e-02
-5.162135232239961624e-03
-2.821731753647327423e-02
4.439154639840126038e-02
-4.254551231861114502e-02
-6.410960853099822998e-02
4.743729531764984131e-02
-3.834208846092224121e-02
-2.132197655737400055e-02
2.922341786324977875e-02
-5.951946601271629333e-02
-2.608670666813850403e-02
-9.336820803582668304e-03
-5.946912989020347595e-02
-4.376590996980667114e-02
-4.109899327158927917e-02
-4.267365857958793640e-02
-6.827518343925476074e-02
-7.381432224065065384e-03
-1.576155237853527069e-02
-1.597982086241245270e-02
5.124687775969505310e-02
-3.493140265345573425e-02
-5.864002183079719543e-02
-2.617884427309036255e-03
-1.966119371354579926e-02
7.147238939069211483e-04
-6.499277427792549133e-03
2.406856510788202286e-03
1.812372915446758270e-02
2.122412435710430145e-02
-3.925805166363716125e-02
9.002355858683586121e-03
3.587539121508598328e-02
-1.031805668026208878e-02
-2.200701273977756500e-02
-5.654732882976531982e-02
-5.949751660227775574e-02
-5.152212828397750854e-02
-9.857353754341602325e-03
4.516066610813140869e-02
1.593296602368354797e-02
-3.401199355721473694e-02
3.215254843235015869e-02
5.250395089387893677e-02
1.206873357295989990e-02
-5.311554670333862305e-02
-1.773080416023731232e-02
8.368024602532386780e-03
-2.060788124799728394e-02
-4.687274247407913208e-02
-8.747565560042858124e-03
8.674018830060958862e-02
1.961882784962654114e-02
1.500549167394638062e-02
-4.030227288603782654e-02
-3.827990591526031494e-02
-4.325248301029205322e-02
6.632854789495468140e-02
1.037900149822235107e-01
2.170244697481393814e-03
5.060015991330146790e-02
1.317693293094635010e-01
-5.728073418140411377e-03
1.102481037378311157e-04
-3.014347329735755920e-02
-2.206840924918651581e-02
4.133345559239387512e-02
4.732656106352806091e-02
1.449024863541126251e-02
4.354043677449226379e-02
9.920447319746017456e-02
-3.248283639550209045e-02
-7.734384387731552124e-03
-6.753194145858287811e-03
-8.324300497770309448e-02
6.141902878880500793e-02
4.344959557056427002e-02
-4.286963492631912231e-02
6.496613845229148865e-03
1.703204028308391571e-02
-3.586180508136749268e-02
-4.348670318722724915e-02
1.253831386566162109e-02
3.309915959835052490e-02
-6.994731724262237549e-02
-6.739377509802579880e-03
-1.279075630009174347e-02
-4.842708259820938110e-02
1.814929582178592682e-02
2.311059273779392242e-02
-8.393922448158264160e-02
3.316114423796534538e-03
4.714798182249069214e-02
-5.019205808639526367e-02
6.477827578783035278e-02
4.855988547205924988e-02
-1.819649524986743927e-02
-4.344047047197818756e-03
-6.706447899341583252e-02
-3.341310471296310425e-02
-3.051888942718505859e-02
1.200369466096162796e-02
2.081070560961961746e-03
-3.066830523312091827e-02
3.142854943871498108e-02
-1.953084766864776611e-02
-4.338334128260612488e-02
1.812978275120258331e-02
-1.313041802495718002e-02
-5.003091692924499512e-02
-1.481939107179641724e-02
6.159384921193122864e-02
1.291246525943279266e-02
4.886354506015777588e-02
2.568820491433143616e-02
1.959184557199478149e-02
1.934890635311603546e-02
-7.069779932498931885e-02
-7.796129584312438965e-02
-2.995858434587717056e-03
4.605196882039308548e-03
2.468235976994037628e-02
6.148736551403999329e-02
7.461418956518173218e-02
8.083947002887725830e-02
9.255607426166534424e-02
-3.662757948040962219e-02
-6.041072774678468704e-03
9.533030912280082703e-03
4.606035351753234863e-02
-1.802330650389194489e-02
-5.471003055572509766e-02
6.211273837834596634e-03
-2.733699418604373932e-02
-3.422385454177856445e-02
-3.817828744649887085e-02
-1.947915926575660706e-02
-8.291059732437133789e-02
8.642590045928955078e-02
7.953081279993057251e-02
3.163529187440872192e-02
-1.383169926702976227e-02
1.306616328656673431e-02
4.806908220052719116e-02
-5.488328263163566589e-02
-2.669743075966835022e-02
-3.623815253376960754e-02
-5.139083787798881531e-02
3.972892463207244873e-02
6.039668619632720947e-02
1.529245870187878609e-03
-5.503642931580543518e-02
-7.324862480163574219e-02
-2.321586245670914650e-03
-3.841415420174598694e-02
2.039033360779285431e-02
-4.244766384363174438e-02
-5.916813388466835022e-02
-6.339729577302932739e-02
-1.284228079020977020e-02
-5.454841069877147675e-03
-4.565164819359779358e-02
-4.918676335364580154e-03
1.872682385146617889e-02
-3.401809930801391602e-02
1.397075317800045013e-02
1.045597996562719345e-02
-3.151387348771095276e-02
3.533433191478252411e-03
3.987351804971694946e-02
-1.175987627357244492e-02
3.209938853979110718e-02
-2.055294997990131378e-02
3.179628867655992508e-03
2.453643642365932465e-02
-6.074037402868270874e-03
-1.002523861825466156e-02
-5.399441719055175781e-02
-2.437260374426841736e-02
-1.285123825073242188e-02
2.897987607866525650e-03
-3.256186097860336304e-02
1.538871321827173233e-02
-7.205652445554733276e-02
-8.481423556804656982e-02
-4.393871501088142395e-02
-4.421699792146682739e-02
-4.825568944215774536e-02
-2.060182020068168640e-02
-7.842309772968292236e-02
-3.945959359407424927e-02
-2.930120751261711121e-02
-6.097356602549552917e-02
-3.558509796857833862e-02
-2.598324604332447052e-02
6.573578342795372009e-03
-6.934504024684429169e-03
-1.005973294377326965e-01
3.730693832039833069e-02
1.762793399393558502e-03
6.386188790202140808e-03
3.507327986881136894e-03
-1.453305035829544067e-02
-1.875285804271697998e-02
-9.440910071134567261e-03
-1.757956668734550476e-02
-7.010655850172042847e-02
3.072786331176757812e-02
1.129349227994680405e-02
-4.274617880582809448e-03
-3.553226217627525330e-02
-1.259063743054866791e-02
-4.936300218105316162e-03
-5.858412757515907288e-02
-2.351008169353008270e-02
5.580941215157508850e-03
4.045924171805381775e-02
4.323360323905944824e-02
-2.811152301728725433e-02
-1.649542100494727492e-04
1.528835855424404144e-02
-3.980302065610885620e-02
-4.442517645657062531e-03
5.355426110327243805e-03
-4.115983471274375916e-02
-3.762499615550041199e-02
-1.049351785331964493e-02
-1.059750211425125599e-03
3.679836168885231018e-02
4.740875586867332458e-02
5.970518663525581360e-02
1.889796182513237000e-02
2.496702596545219421e-02
8.411306142807006836e-02
1.256348639726638794e-01
5.404898151755332947e-02
-4.527025669813156128e-02
3.351030126214027405e-02
-9.209989802911877632e-04
-1.921053044497966766e-02
9.576024487614631653e-03
-2.260058373212814331e-02
-5.276547744870185852e-02
1.250678673386573792e-02
-9.613413363695144653e-02
-1.233887374401092529e-01
1.548470091074705124e-02
-3.268383070826530457e-02
-7.796411961317062378e-02
-1.307222340255975723e-02
-7.684343028813600540e-03
4.173010215163230896e-02
-2.853095345199108124e-02
-1.614225283265113831e-02
-2.877325564622879028e-02
-4.924112930893898010e-02
-2.481714449822902679e-02
3.579315915703773499e-02
-4.496537148952484131e-02
-1.499858312308788300e-02
7.607015222311019897e-02
5.078322812914848328e-02
7.775841280817985535e-03
-1.114834682084619999e-03
1.865063980221748352e-02
-2.242039889097213745e-02
-3.158041089773178101e-02
5.289414525032043457e-02
1.559216249734163284e-02
-7.834948599338531494e-02
-8.365856483578681946e-04
6.378458812832832336e-03
-8.493092842400074005e-03
8.527357131242752075e-03
1.518033258616924286e-02
-3.701475681737065315e-03
1.206789817661046982e-02
-1.644979976117610931e-02
-4.376031458377838135e-02
-4.883254319429397583e-02
-3.710252046585083008e-02
-2.691706083714962006e-02
-3.878236562013626099e-02
-1.003635581582784653e-02
2.388131432235240936e-02
-5.025746673345565796e-02
1.460761297494173050e-03
4.080492258071899414e-02
6.867545656859874725e-03
2.480241097509860992e-02
4.620376974344253540e-02
-6.383729632943868637e-04
4.066416621208190918e-02
4.012709483504295349e-02
-6.360889971256256104e-02
-4.794190078973770142e-02
-4.791886731982231140e-02
3.152261674404144287e-02
-4.764388874173164368e-02
-1.082477718591690063e-02
-6.064115092158317566e-02
-8.525200933218002319e-02
2.872432023286819458e-02
-2.276603318750858307e-02
-3.422819077968597412e-02
-1.924261637032032013e-02
6.959617137908935547e-02
7.381468266248703003e-02
3.476471081376075745e-02
-1.094175409525632858e-02
-4.088686313480138779e-03
-2.861392125487327576e-02
-2.782582491636276245e-02
-2.050454728305339813e-03
-2.116083167493343353e-02
3.383685275912284851e-02
3.670563921332359314e-03
-2.460817433893680573e-02
-2.643481642007827759e-02
-3.785453364253044128e-02
-2.896227128803730011e-02
7.368481718003749847e-03
3.323303535580635071e-02
2.451887726783752441e-02
-7.185322791337966919e-02
-7.220534235239028931e-02
3.387001156806945801e-02
2.104394510388374329e-02
2.903431653976440430e-02
4.334430024027824402e-02
2.987043559551239014e-02
4.648989439010620117e-02
5.419485270977020264e-03
-2.670130133628845215e-02
4.145313054323196411e-02
-9.955062530934810638e-03
-4.670305550098419189e-02
6.800371687859296799e-03
-2.705869078636169434e-02
8.061165921390056610e-03
1.850616373121738434e-02
-1.696256361901760101e-02
-4.534419625997543335e-03
-5.560253188014030457e-02
9.999831207096576691e-03
3.662784397602081299e-02
1.688398979604244232e-02
6.882938742637634277e-02
1.323513686656951904e-02
-6.095652468502521515e-03
-5.393190681934356689e-02
-2.114496193826198578e-02
-4.901491478085517883e-02
-1.303710695356130600e-02
5.664956197142601013e-02
-1.834494061768054962e-02
6.503748893737792969e-02
4.055569414049386978e-03
-4.405631124973297119e-02
-1.090017985552549362e-02
-3.295803070068359375e-02
-4.931295756250619888e-03
-3.019270952790975571e-03
2.556756511330604553e-02
3.018430061638355255e-02
-4.034846276044845581e-02
-1.659958437085151672e-02
-8.324471302330493927e-03
3.519318625330924988e-02
-1.511802524328231812e-02
6.949175614863634109e-03
4.811542853713035583e-02
-1.108969189226627350e-02
2.308017201721668243e-02
3.851606324315071106e-02
8.513951674103736877e-03
1.952492631971836090e-02
-3.220267593860626221e-02
-2.919290214776992798e-02
-1.112006139010190964e-02
-2.407170459628105164e-02
-4.494936391711235046e-02
-5.923589691519737244e-02
-3.036665730178356171e-02
4.342002049088478088e-02
5.921202152967453003e-02
1.313308440148830414e-02
-5.285529885441064835e-03
2.197153866291046143e-02
4.494811594486236572e-02
2.146060205996036530e-02
-6.813215557485818863e-03
-1.569424930494278669e-04
-2.618250437080860138e-02
-4.836311563849449158e-02
-1.078412532806396484e-01
-3.047827817499637604e-02
1.043821312487125397e-02
-1.662797667086124420e-02
2.136875502765178680e-02
4.273230582475662231e-02
1.405433472245931625e-02
-4.136169701814651489e-02
-5.234340578317642212e-02
-6.321236491203308105e-02
1.295446231961250305e-02
6.691966205835342407e-02
1.691029965877532959e-02
1.409820187836885452e-02
-2.393179200589656830e-02
-1.890241727232933044e-02
-3.602332994341850281e-02
-2.481157518923282623e-02
-1.258161012083292007e-02
6.333174533210694790e-04
-9.644620120525360107e-02
-7.810987532138824463e-02
2.260907739400863647e-02
-2.075323276221752167e-02
8.949206210672855377e-03
-6.784457218600437045e-05
-3.083319403231143951e-02
1.505342964082956314e-02
-3.842958481982350349e-03
1.938405260443687439e-02
1.856139861047267914e-02
1.903779804706573486e-02
-2.685287734493613243e-03
-5.839301273226737976e-02
1.806793361902236938e-02
2.469247952103614807e-02
3.002698300406336784e-03
-7.150942925363779068e-03
2.391476556658744812e-02
8.129019988700747490e-04
-3.890291973948478699e-02
-6.028630584478378296e-02
-6.028843671083450317e-02
-5.173289682716131210e-03
3.338521718978881836e-02
7.742672692984342575e-03
9.536293148994445801e-02
6.537599116563796997e-02
1.982958056032657623e-02
1.796352677047252655e-02
-2.873818203806877136e-02
-9.631962515413761139e-03
8.799912780523300171e-02
6.118972972035408020e-02
2.127853780984878540e-02
-6.564673781394958496e-02
-1.827511340379714966e-01
-3.366490080952644348e-02
-3.109788335859775543e-02
2.616662718355655670e-02
5.157050490379333496e-02
3.301409631967544556e-02
8.680902421474456787e-02
-2.744065364822745323e-03
-6.425538659095764160e-02
-2.059621922671794891e-02
2.783748134970664978e-02
-2.177523262798786163e-02
1.220556646585464478e-01
4.072425141930580139e-02
-1.177617441862821579e-02
3.053440339863300323e-02
-3.216064721345901489e-02
-4.187523573637008667e-02
8.574010431766510010e-02
2.104234322905540466e-02
1.844510622322559357e-02
-3.289590403437614441e-02
-1.930180378258228302e-02
-6.429281085729598999e-02
-2.841192670166492462e-02
-1.051681302487850189e-02
-2.626735717058181763e-02
-5.676187202334403992e-02
-4.584239795804023743e-02
-3.082127310335636139e-02
-3.927305340766906738e-02
-1.752556301653385162e-02
2.570506185293197632e-03
6.877151131629943848e-02
7.902774214744567871e-02
2.112487889826297760e-02
-3.818152763415127993e-04
1.391077786684036255e-02
-2.575688622891902924e-02
-1.364940032362937927e-02
8.951187133789062500e-03
1.308016572147607803e-02
-6.807145837228745222e-05
2.980498224496841431e-02
1.713053509593009949e-02
-5.896789953112602234e-02
-6.214917451143264771e-02
1.211201772093772888e-02
1.750969327986240387e-02
6.073295325040817261e-02
2.536779269576072693e-02
4.820641875267028809e-02
1.908781006932258606e-02
1.486669015139341354e-02
-4.325758200138807297e-03
3.730784635990858078e-03
2.281614579260349274e-02
-8.387953042984008789e-03
1.190047361887991428e-03
-5.625161342322826385e-03
1.900455914437770844e-02
2.937210723757743835e-03
-8.012291789054870605e-02
-4.686841368675231934e-02
-2.474217489361763000e-02
-3.616870567202568054e-02
4.629879817366600037e-02
-3.810004331171512604e-03
-6.865812838077545166e-02
-1.771557610481977463e-03
-1.414728257805109024e-02
5.952298641204833984e-02
2.208645828068256378e-02
-5.675279721617698669e-02
-6.621707230806350708e-02
-4.312897846102714539e-02
-1.242095697671175003e-02
-3.426225855946540833e-02
-1.794435456395149231e-02
-1.084103994071483612e-02
-1.232434436678886414e-02
8.070466667413711548e-02
9.658487886190414429e-02
2.251824736595153809e-02
-3.171341121196746826e-02
-4.103951528668403625e-02
-4.590310156345367432e-02
-1.324584037065505981e-01
-7.535512745380401611e-02
3.078769892454147339e-02
1.843435503542423248e-02
8.207567781209945679e-02
-1.595185021869838238e-03
7.929567247629165649e-02
7.782010827213525772e-03
-3.100363537669181824e-02
3.698971495032310486e-02
-2.015776187181472778e-02
2.229193039238452911e-02
-8.028204739093780518e-02
-1.073914021253585815e-01
-5.824353173375129700e-02
-3.716124221682548523e-02
1.145307440310716629e-02
-2.450482174754142761e-02
2.770465053617954254e-02
1.171768978238105774e-01
-5.193539708852767944e-02
-7.118383795022964478e-02
3.055308479815721512e-03
-3.463808819651603699e-02
3.446856886148452759e-02
1.041528768837451935e-03
-7.180734071880578995e-03
4.053188115358352661e-02
-1.345799677073955536e-02
-5.242961645126342773e-02
-1.455549802631139755e-02
6.401026155799627304e-03
2.102173399180173874e-03
1.156688705086708069e-01
-3.197894245386123657e-02
-3.560524433851242065e-02
5.807204172015190125e-02
4.016865044832229614e-03
4.910651221871376038e-02
5.201765149831771851e-02
4.999923054128885269e-03
4.633857309818267822e-02
-2.954504638910293579e-02
-1.385941356420516968e-02
-1.478392723947763443e-02
-2.524999156594276428e-02
-3.830027766525745392e-03
-7.537372410297393799e-02
5.233366414904594421e-02
1.206903830170631409e-01
-4.454457666724920273e-03
9.617608971893787384e-03
-4.923591017723083496e-02
1.366379018872976303e-02
1.865750551223754883e-02
-4.417590424418449402e-02
-2.368389628827571869e-02
7.234538346529006958e-02
-3.885163366794586182e-02
-6.405852735042572021e-02
-2.125589922070503235e-02
-1.400258764624595642e-02
-8.457268029451370239e-02
-5.364960804581642151e-02
4.838232323527336121e-02
1.130044460296630859e-01
-6.088358908891677856e-02
-5.564284324645996094e-02
7.032464444637298584e-02
1.539378613233566284e-01
-5.676483735442161560e-02
-2.816478349268436432e-02
1.412840094417333603e-02
4.276404529809951782e-02
-2.093651564791798592e-03
-1.985175348818302155e-02
-7.188960164785385132e-02
7.059806585311889648e-02
2.433824352920055389e-02
-3.259471058845520020e-02
8.847080171108245850e-03
4.654388502240180969e-02
3.980439156293869019e-02
-1.159768551588058472e-02
1.840325421653687954e-03
-2.677416987717151642e-02
1.374974264763295650e-03
3.708803281188011169e-02
9.150906465947628021e-03
-8.919748663902282715e-02
-5.823747068643569946e-02
-4.771514236927032471e-02
-4.280873388051986694e-02
3.332892805337905884e-02
-8.996551856398582458e-03
-4.361581057310104370e-03
2.602394670248031616e-02
7.337990403175354004e-02
2.960891835391521454e-02
4.086751863360404968e-02
8.798320591449737549e-02
-1.060949359089136124e-02
-4.865007102489471436e-02
-9.596727788448333740e-03
5.055292695760726929e-02
-7.012826856225728989e-03
-2.588116377592086792e-02
-8.992129936814308167e-03
-1.554778683930635452e-02
-5.816740915179252625e-02
6.579051725566387177e-03
2.070960821583867073e-03
-3.295911848545074463e-02
-2.070467546582221985e-02
2.034879289567470551e-03
-4.050191491842269897e-02
-3.393330425024032593e-02
-1.060855761170387268e-02
-2.674307674169540405e-02
-2.181589044630527496e-02
-2.655087225139141083e-02
2.557076327502727509e-02
3.821963071823120117e-02
1.134464167989790440e-03
-5.809812340885400772e-03
9.074840694665908813e-02
-7.415486965328454971e-03
-1.816258579492568970e-02
-1.055406965315341949e-02
6.617178767919540405e-02
-2.778680995106697083e-03
-7.319203764200210571e-02
-9.388326667249202728e-03
3.408424556255340576e-02
-4.164521396160125732e-02
-7.325868308544158936e-02
-2.530563436448574066e-02
-1.511165965348482132e-02
-2.352038584649562836e-02
-6.177773699164390564e-02
-2.749524824321269989e-02
7.515706121921539307e-03
-6.774519383907318115e-02
-1.402318011969327927e-02
1.989310793578624725e-02
-4.999458789825439453e-02
1.010324526578187943e-02
-5.332802981138229370e-02
1.698721945285797119e-02
6.941422075033187866e-02
-2.011809498071670532e-02
-5.004015564918518066e-02
-1.390403788536787033e-02
9.144140407443046570e-03
-1.572451554238796234e-02
-7.326046470552682877e-03
-2.746645361185073853e-03
3.909592982381582260e-03
-1.662553101778030396e-02
-2.989387512207031250e-02
-3.749417513608932495e-02
2.627124451100826263e-02
6.500765681266784668e-03
-4.613713920116424561e-02
4.486753791570663452e-02
4.500927403569221497e-02
1.515118498355150223e-02
-2.150004915893077850e-02
5.523350834846496582e-02
2.156660147011280060e-02
-4.227219149470329285e-02
2.087835036218166351e-02
2.576937340199947357e-02
-3.813948482275009155e-02
1.618301495909690857e-02
-1.500531472265720367e-02
5.738061293959617615e-02
6.961769890040159225e-03
-3.157322108745574951e-02
-2.579510025680065155e-02
1.544954534620046616e-02
-4.800574854016304016e-03
9.680948220193386078e-03
-2.490388974547386169e-02
-2.411847189068794250e-02
-1.277846377342939377e-02
4.383292794227600098e-02
2.650183439254760742e-02
-6.289125978946685791e-02
-4.503757134079933167e-02
-1.802824996411800385e-02
1.209662389010190964e-02
2.358095347881317139e-02
-3.430745378136634827e-02
-1.016162056475877762e-02
3.957181051373481750e-02
2.158788032829761505e-02
-3.062103351112455130e-04
5.711398553103208542e-03
2.211513556540012360e-02
-2.435326389968395233e-02
-3.186093643307685852e-02
-7.900177687406539917e-02
1.814907975494861603e-02
-4.335048422217369080e-02
-3.118289448320865631e-02
3.893818706274032593e-02
8.795403875410556793e-03
-6.809167098253965378e-04
-1.163189066573977470e-03
-1.297280844300985336e-02
-6.184947490692138672e-02
8.640768937766551971e-03
6.205586344003677368e-02
1.647527888417243958e-02
-2.562449127435684204e-02
7.994566112756729126e-03
-2.263335045427083969e-03
7.948037236928939819e-03
-4.388093075249344110e-04
-3.391795605421066284e-02
1.998828910291194916e-02
-2.582566253840923309e-02
-1.728283241391181946e-02
6.915549188852310181e-02
5.159271415323019028e-03
-1.596440002322196960e-02
-4.718448594212532043e-02
-3.054122999310493469e-02
-2.689439430832862854e-02
9.418999403715133667e-02
5.369944870471954346e-02
-1.176592893898487091e-02
-1.415475830435752869e-02
4.057914018630981445e-02
-6.814147345721721649e-03
-1.601880416274070740e-02
4.589790850877761841e-02
4.736840724945068359e-02
-7.002313435077667236e-02
-1.893309503793716431e-02
8.894348889589309692e-02
-3.158235177397727966e-02
-4.874460771679878235e-02
-3.920821473002433777e-02
-5.620838701725006104e-02
-1.439674198627471924e-02
3.264608979225158691e-02
-8.501163870096206665e-02
-2.654804848134517670e-02
6.480757147073745728e-02
-5.568029358983039856e-02
3.875731956213712692e-03
7.240196317434310913e-02
7.311511784791946411e-02
2.383767999708652496e-02
-1.598877832293510437e-02
-1.058915440808050334e-04
4.933430626988410950e-02
-1.791403070092201233e-02
-2.627442963421344757e-02
1.080592907965183258e-02
1.050033234059810638e-02
-7.322774268686771393e-03
-1.184928137809038162e-02
-3.946201130747795105e-02
1.190485339611768723e-02
3.008393011987209320e-02
1.993045397102832794e-02
-2.526855329051613808e-03
3.871085122227668762e-02
1.420698501169681549e-02
1.006537210196256638e-02
4.742796719074249268e-02
-2.474315091967582703e-02
-4.420294240117073059e-02
2.214443497359752655e-02
5.322237685322761536e-02
-9.249859489500522614e-03
-9.053539484739303589e-03
-3.812322625890374184e-03
-2.688178792595863342e-02
9.567077271640300751e-03
1.356010045856237411e-02
-9.762328863143920898e-02
-4.899311065673828125e-02
6.936573982238769531e-02
-8.093165606260299683e-02
-5.275454372167587280e-02
5.336099117994308472e-02
-7.385452091693878174e-02
-7.766317576169967651e-02
1.516769453883171082e-02
5.612632259726524353e-02
-7.352937012910842896e-02
-5.881246551871299744e-02
1.475196238607168198e-02
-4.031254723668098450e-02
-6.244653463363647461e-02
5.829164758324623108e-02
-7.067612838000059128e-03
-1.062568835914134979e-02
7.427280396223068237e-02
9.652855247259140015e-02
-1.210365258157253265e-02
-2.027931250631809235e-02
5.457699298858642578e-03
-4.100450500845909119e-02
-1.004500966519117355e-02
-3.838154301047325134e-02
-2.159920148551464081e-02
-8.307459647767245770e-04
-3.615327179431915283e-02
-2.406272850930690765e-02
-2.413420379161834717e-02
-4.255336709320545197e-03
-1.918916590511798859e-02
-6.704039871692657471e-02
-2.426171908155083656e-03
1.727185398340225220e-02
2.925885654985904694e-02
-3.062560409307479858e-02
-2.474384196102619171e-02
5.701756849884986877e-02
3.401504084467887878e-02
1.419996470212936401e-02
2.127548493444919586e-02
-1.252289302647113800e-02
-7.347667217254638672e-02
1.826790161430835724e-03
-2.421503327786922455e-02
-9.336833655834197998e-02
1.218107435852289200e-02
-3.490019217133522034e-02
-7.713825255632400513e-02
-3.623967617750167847e-02
-6.753522902727127075e-02
2.370643429458141327e-02
6.511159241199493408e-03
-5.213399231433868408e-02
-3.583414852619171143e-02
6.938376277685165405e-02
3.754551336169242859e-02
-3.953479602932929993e-02
-8.700315654277801514e-02
1.383696123957633972e-02
-9.254357218742370605e-02
-1.144374310970306396e-01
3.578210482373833656e-03
6.963002961128950119e-03
-5.234389379620552063e-02
-3.819631040096282959e-02
-4.517123103141784668e-02
-1.588738150894641876e-02
1.124526094645261765e-02
5.195557698607444763e-02
7.349628955125808716e-02
4.736519418656826019e-03
8.165040053427219391e-03
-3.696731058880686760e-03
2.524016425013542175e-03
-3.861394152045249939e-02
-5.573430284857749939e-02
-1.647635945118963718e-03
-2.537584118545055389e-02
-2.291072532534599304e-02
-1.301787048578262329e-02
-2.059995941817760468e-02
-3.366935625672340393e-02
-2.992933243513107300e-02
6.354744546115398407e-03
-4.558538272976875305e-02
-2.301852218806743622e-02
3.280523791909217834e-02
-2.674203924834728241e-02
-4.978010058403015137e-02
-1.739575713872909546e-02
2.664905786514282227e-02
6.541720032691955566e-02
1.560262124985456467e-02
-3.118825261481106281e-04
-2.147325873374938965e-02
-1.039929804392158985e-03
2.485133707523345947e-02
3.021754324436187744e-02
4.231018945574760437e-03
1.958043867489323020e-04
-1.292205997742712498e-03
1.289178710430860519e-02
-1.345044281333684921e-02
4.123953729867935181e-02
1.590691134333610535e-02
4.915321618318557739e-02
7.548238337039947510e-02
-4.198747500777244568e-02
-1.336670760065317154e-02
-5.796353146433830261e-02
-1.331637240946292877e-02
-6.521050631999969482e-02
3.574547916650772095e-02
3.761508688330650330e-02
-6.140701100230216980e-02
-8.235704898834228516e-02
2.597910165786743164e-02
4.289783071726560593e-03
7.061047106981277466e-02
7.246047258377075195e-02
3.843277320265769958e-02
4.301543347537517548e-03
-9.126816689968109131e-02
5.028077214956283569e-02
-3.687848336994647980e-03
-4.405048489570617676e-02
-6.751640234142541885e-03
-7.091284729540348053e-03
5.661276727914810181e-02
5.949833244085311890e-02
4.077832773327827454e-02
4.095421731472015381e-02
5.487282574176788330e-02
-3.607390099205076694e-04
-2.267386950552463531e-02
-5.383833125233650208e-02
-9.502428770065307617e-02
-6.194583326578140259e-02
-3.627704456448554993e-02
-2.539145201444625854e-02
-2.976184943690896034e-03
-3.823718801140785217e-02
-2.552252449095249176e-02
3.199789673089981079e-02
-2.381400018930435181e-02
-2.252944931387901306e-02
3.671821206808090210e-02
-3.367146477103233337e-02
7.280526310205459595e-02
2.228846587240695953e-02
-2.158009447157382965e-02
-2.230980060994625092e-02
-2.551565133035182953e-02
-1.377215795218944550e-02
-4.901787638664245605e-02
-2.050730586051940918e-02
-3.304407000541687012e-02
3.205316141247749329e-02
2.924421988427639008e-02
-2.476058341562747955e-02
-2.910728333517909050e-03
4.303394258022308350e-02
3.188656643033027649e-02
-4.613288119435310364e-02
1.290472690016031265e-02
-2.101939544081687927e-02
-1.237582298927009106e-03
6.550831254571676254e-03
-3.356127440929412842e-02
-4.316766187548637390e-02
-6.738749146461486816e-02
-5.930706858634948730e-02
-5.762097239494323730e-02
-2.322076261043548584e-02
4.081074614077806473e-03
1.094517391175031662e-02
-5.538985505700111389e-02
-9.902840480208396912e-03
-2.302234247326850891e-02
1.169905159622430801e-02
3.920608386397361755e-02
2.743179723620414734e-02
3.971312660723924637e-03
-1.022430211305618286e-01
-3.589738160371780396e-02
1.243881415575742722e-02
2.657985128462314606e-02
7.616405189037322998e-02
7.081093639135360718e-02
4.371286835521459579e-03
-2.647430822253227234e-02
-5.062793940305709839e-02
-2.871252410113811493e-02
-5.427280440926551819e-02
-3.175125643610954285e-02
1.148559059947729111e-02
-4.004192538559436798e-03
-2.311832644045352936e-02
-2.605914371088147163e-03
-3.700075671076774597e-02
-3.335392475128173828e-02
5.639246106147766113e-02
6.180619448423385620e-02
3.821329399943351746e-02
2.588747441768646240e-02
4.184624180197715759e-02
4.963784478604793549e-03
-3.753883764147758484e-02
-7.689423859119415283e-02
-4.972466081380844116e-02
-3.128804266452789307e-02
-3.198224306106567383e-02
-2.929786592721939087e-02
-2.918555028736591339e-02
-1.775615103542804718e-02
-2.387081459164619446e-02
-1.301700598560273647e-03
5.855461210012435913e-02
1.038050930947065353e-02
-4.635934159159660339e-02
-2.618117816746234894e-02
-2.815809659659862518e-02
-6.432987749576568604e-02
-4.173341393470764160e-02
-5.451132729649543762e-02
6.032826844602823257e-03
5.563570186495780945e-02
7.002075761556625366e-02
-4.725705832242965698e-02
-3.224980086088180542e-02
1.776715798769146204e-04
8.560211956501007080e-02
2.822971716523170471e-02
-2.575127594172954559e-02
-9.320092387497425079e-03
-4.557968676090240479e-02
-7.891305536031723022e-02
-1.447760127484798431e-02
-6.781668961048126221e-02
-2.299004606902599335e-02
9.360219351947307587e-03
1.608171500265598297e-03
-2.312888577580451965e-02
9.078295528888702393e-02
6.762930750846862793e-02
-8.081485284492373466e-04
1.642457954585552216e-02
-2.327571809291839600e-02
7.842174731194972992e-03
2.109512500464916229e-02
-2.029668167233467102e-02
-5.487263947725296021e-02
2.268684096634387970e-02
-2.658287063241004944e-02
-6.502614915370941162e-02
-1.831202022731304169e-02
-2.594902180135250092e-03
-5.030227079987525940e-02
-9.810484945774078369e-03
-2.837211638689041138e-02
-4.528650641441345215e-02
3.215368837118148804e-02
1.960187591612339020e-02
-7.569869514554738998e-03
4.278943873941898346e-03
1.441537030041217804e-02
-3.401044756174087524e-03
-4.718464612960815430e-02
-9.545048698782920837e-03
2.574792876839637756e-02
-4.211153835058212280e-02
-5.196085944771766663e-02
2.857355214655399323e-02
1.100535597652196884e-02
-4.506667703390121460e-02
5.271502584218978882e-02
1.259545981884002686e-02
-7.324290461838245392e-03
-8.866398781538009644e-02
-1.639558188617229462e-02
4.636935144662857056e-02
-5.864902213215827942e-02
3.590986877679824829e-02
2.887381939217448235e-03
-6.390239298343658447e-02
-3.269822522997856140e-02
-4.218937456607818604e-02
-6.340853124856948853e-02
-2.831319719552993774e-02
9.955233335494995117e-02
8.366557955741882324e-02
-1.132483687251806259e-02
5.670040100812911987e-02
-1.480843406170606613e-02
-4.869784787297248840e-02
4.126677755266427994e-03
2.672858722507953644e-02
-1.583936251699924469e-02
-4.220243915915489197e-02
2.759294351562857628e-03
2.034544944763183594e-02
4.939671233296394348e-02
7.332725822925567627e-02
6.318674888461828232e-03
5.322518944740295410e-02
1.664249412715435028e-02
-7.535878568887710571e-02
-5.162822455167770386e-02
-9.626761078834533691e-02
2.913366258144378662e-02
4.931021854281425476e-02
3.423139918595552444e-03
-2.476399578154087067e-02
-3.689262270927429199e-02
-2.153044566512107849e-02
-4.593504592776298523e-02
-3.111150488257408142e-02
5.245572887361049652e-03
-1.304930821061134338e-02
-5.843098624609410763e-04
-1.181237585842609406e-02
-5.660999566316604614e-02
-1.386838871985673904e-02
1.962198875844478607e-02
-7.066040486097335815e-02
-8.998882025480270386e-03
-8.630606345832347870e-03
3.516359999775886536e-02
1.385892648249864578e-02
-2.894192375242710114e-02
-1.012463029474020004e-02
-1.907099410891532898e-02
-8.448435366153717041e-02
-1.492802612483501434e-02
1.432962156832218170e-02
1.539932098239660263e-02
-5.626703426241874695e-02
-4.892874509096145630e-02
-6.487867981195449829e-02
-3.354117274284362793e-02
1.891170814633369446e-02
5.233814567327499390e-02
-3.078929893672466278e-02
4.186388105154037476e-02
8.352537453174591064e-02
-3.879989963024854660e-04
-8.793510496616363525e-02
5.174029245972633362e-02
-9.689725935459136963e-03
-2.283432707190513611e-02
4.620985314249992371e-02
-2.505115419626235962e-02
8.417517691850662231e-02
1.319497730582952499e-02
3.459422662854194641e-02
7.499258965253829956e-02
3.537216037511825562e-02
-3.018277138471603394e-02
-1.726987212896347046e-02
4.718842729926109314e-02
-5.445910617709159851e-02
-4.974351450800895691e-02
-1.628330163657665253e-02
2.513799816370010376e-02
-4.643408581614494324e-02
3.859219700098037720e-02
1.835812628269195557e-02
-5.630627856589853764e-04
-5.982641130685806274e-03
-7.758306805044412613e-03
-1.986228488385677338e-02
-1.417343225330114365e-02
5.672724451869726181e-03
-4.882696957793086767e-04
-3.647014126181602478e-02
-2.677884511649608612e-02
-3.112941980361938477e-02
-7.541593164205551147e-03
5.208721756935119629e-02
-1.717900484800338745e-02
-2.399383671581745148e-02
-3.539167344570159912e-02
-4.952414706349372864e-02
1.316957082599401474e-02
-2.465417783241719007e-04
-6.643421947956085205e-02
-7.950773835182189941e-02
3.722932562232017517e-02
4.083802050445228815e-04
4.299168940633535385e-03
-2.562532573938369751e-02
2.870519179850816727e-03
1.918625459074974060e-02
-6.067228969186544418e-03
2.159966342151165009e-02
-2.520900592207908630e-02
-6.857363507151603699e-03
-4.850976914167404175e-02
-4.466877877712249756e-02
-7.450012862682342529e-02
-1.305539608001708984e-01
-1.215057745575904846e-01
3.490400686860084534e-02
2.081509307026863098e-02
5.936085805296897888e-02
-1.272370293736457825e-02
1.484599709510803223e-02
8.315419778227806091e-03
9.562147408723831177e-02
9.405053406953811646e-02
-3.422575443983078003e-02
-9.409307502210140228e-03
7.854250073432922363e-02
1.696523092687129974e-02
-9.527050703763961792e-02
-4.045172408223152161e-02
3.704750444740056992e-03
-3.730735182762145996e-02
9.536592289805412292e-03
-2.162435278296470642e-02
-1.095185428857803345e-02
4.590594395995140076e-02
4.645148664712905884e-02
3.195623308420181274e-02
7.191619835793972015e-03
-3.192842379212379456e-02
-7.990984013304114342e-04
6.743144989013671875e-02
3.611621260643005371e-02
-6.510579492896795273e-03
-2.677805314306169748e-04
-2.361140400171279907e-02
-6.882625818252563477e-02
-4.617037251591682434e-02
-1.885168999433517456e-02
-3.794692084193229675e-02
-1.466359477490186691e-02
-1.975416671484708786e-03
5.964212492108345032e-02
8.919500559568405151e-02
1.271053552627563477e-01
3.263553977012634277e-02
1.168060023337602615e-02
9.238631278276443481e-02
1.800193265080451965e-02
2.176740951836109161e-02
-3.083859011530876160e-02
1.406599301844835281e-02
4.392574727535247803e-02
5.574677884578704834e-02
1.250280253589153290e-02
1.492087077349424362e-02
4.055400192737579346e-02
-4.090727493166923523e-02
-1.271528657525777817e-02
2.360171824693679810e-02
3.801541635766625404e-03
2.596504054963588715e-02
-2.011552453041076660e-02
-1.123264990746974945e-02
9.092783555388450623e-03
-4.993472248315811157e-02
-4.794530104845762253e-03
-2.559808082878589630e-02
2.374322526156902313e-02
2.519504865631461143e-03
-6.965123862028121948e-02
1.122208312153816223e-02
-4.901963751763105392e-03
-1.210117805749177933e-02
1.881578750908374786e-02
-2.432027272880077362e-02
2.768758684396743774e-02
-2.839811332523822784e-02
-5.344558134675025940e-02
2.615962736308574677e-02
4.756060615181922913e-02
-4.385863244533538818e-02
-5.125087499618530273e-02
-4.633459448814392090e-02
2.951658889651298523e-02
2.388652414083480835e-02
5.643505975604057312e-02
-7.509496062994003296e-02
-1.514517981559038162e-02
-1.025312300771474838e-02
-5.216939098318107426e-05
6.069242022931575775e-03
3.411938250064849854e-02
-1.199262961745262146e-02
-3.343444317579269409e-02
-2.595167234539985657e-02
5.326693877577781677e-02
1.749932207167148590e-02
8.705469779670238495e-03
2.855815738439559937e-02
4.622795432806015015e-02
-3.472182154655456543e-02
2.691416069865226746e-03
-3.618527948856353760e-02
4.702556878328323364e-02
-1.347830332815647125e-02
1.744595123454928398e-03
1.392315793782472610e-02
-3.532951697707176208e-02
2.718978747725486755e-02
1.280261017382144928e-02
1.762126944959163666e-02
2.312728576362133026e-02
1.041092798113822937e-01
9.792776405811309814e-02
7.336413860321044922e-02
2.638946287333965302e-03
7.404784113168716431e-02
-6.704084109514951706e-03
-2.747235633432865143e-02
1.016007922589778900e-02
1.290069054812192917e-02
3.780826181173324585e-02
-4.568366706371307373e-02
1.626071520149707794e-03
-1.711773686110973358e-02
4.063412547111511230e-02
6.821918301284313202e-03
5.310998857021331787e-02
-1.810694672167301178e-02
-4.792263731360435486e-03
4.355418309569358826e-02
1.383079215884208679e-03
-1.435774657875299454e-02
2.081274054944515228e-02
-1.325466204434633255e-02
2.805717848241329193e-02
2.212254889309406281e-02
-2.417613193392753601e-02
-2.924810908734798431e-02
-2.007819712162017822e-02
-2.198393829166889191e-02
7.771333213895559311e-03
2.649076655507087708e-02
-1.984286122024059296e-02
1.576490513980388641e-02
2.109274826943874359e-02
-9.109009988605976105e-04
-4.160148650407791138e-02
6.570793222635984421e-03
1.649408787488937378e-02
5.929121375083923340e-02
3.112496435642242432e-02
-5.394526571035385132e-02
-3.033261746168136597e-02
-4.412759840488433838e-02
-5.187286809086799622e-02
-4.792146757245063782e-02
-5.518838763236999512e-02
-2.281886711716651917e-02
-5.988407414406538010e-03
1.792776398360729218e-02
9.146750904619693756e-03
7.791088521480560303e-02
2.920545451343059540e-02
7.242282852530479431e-03
-1.349900010973215103e-02
-5.855961516499519348e-02
-2.035636082291603088e-02
-3.137579187750816345e-02
-5.349658057093620300e-02
-4.685528110712766647e-03
-1.892389357089996338e-02
-1.868205703794956207e-02
-4.125682637095451355e-02
1.894472911953926086e-02
6.940390449017286301e-03
7.432439923286437988e-02
7.304833084344863892e-02
-3.744652867317199707e-02
-1.904777251183986664e-02
-2.595826238393783569e-02
-3.493185713887214661e-02
8.305123075842857361e-03
4.262771829962730408e-02
7.257101591676473618e-03
2.025795914232730865e-02
-2.275766059756278992e-02
2.437064424157142639e-02
-3.153963014483451843e-02
-1.038292050361633301e-01
-1.533645112067461014e-02
3.999882563948631287e-02
-5.761885084211826324e-03
1.151401083916425705e-03
-1.134669408202171326e-03
-8.723259717226028442e-02
-1.105768606066703796e-02
-1.797465980052947998e-02
-3.252648981288075447e-03
-2.104177884757518768e-02
-3.963328525424003601e-02
-3.911726176738739014e-02
2.215443644672632217e-03
-4.297446459531784058e-02
-5.963427573442459106e-02
-3.799618035554885864e-02
-7.589938119053840637e-03
2.710314095020294189e-02
-1.730920933187007904e-02
-2.294739335775375366e-02
2.650148421525955200e-02
-7.920078933238983154e-02
-3.895780071616172791e-02
-3.892215713858604431e-02
-8.751016855239868164e-02
-4.770233109593391418e-02
-3.699840605258941650e-02
-5.465718358755111694e-02
2.250788174569606781e-02
1.870920509099960327e-02
7.099718600511550903e-02
-3.145150467753410339e-02
-1.502237562090158463e-02
-3.337971866130828857e-02
2.589116571471095085e-03
2.275285223731771111e-04
7.912240922451019287e-03
3.491225838661193848e-02
7.289412431418895721e-03
-3.464374318718910217e-02
-3.840551897883415222e-02
-7.432366162538528442e-02
6.305470317602157593e-02
-4.767079371958971024e-03
-3.697044774889945984e-02
3.382889926433563232e-02
2.839331887662410736e-02
-2.195168472826480865e-02
-1.395015604794025421e-02
3.970495611429214478e-02
8.084547519683837891e-02
2.110731974244117737e-02
2.955297566950321198e-02
4.439986869692802429e-02
-1.628098660148680210e-03
5.477012135088443756e-03
2.050702087581157684e-02
4.751773923635482788e-02
-3.007332794368267059e-02
3.726964071393013000e-02
4.246005415916442871e-02
1.793614402413368225e-02
2.417275449261069298e-03
1.913022063672542572e-02
-5.307149514555931091e-02
-7.951456308364868164e-02
-9.476748853921890259e-02
4.093551263213157654e-02
-1.717866212129592896e-02
-7.051973044872283936e-02
7.099585235118865967e-02
3.047998063266277313e-02
3.795722266659140587e-03
2.792329527437686920e-02
-2.986667305231094360e-02
-3.952508047223091125e-02
4.941822960972785950e-03
-1.848070323467254639e-02
-5.004586651921272278e-02
-5.023921281099319458e-02
-2.521765418350696564e-02
-1.611826824955642223e-03
-3.767083957791328430e-02
-5.340458825230598450e-02
-3.069293126463890076e-02
3.085554763674736023e-02
3.677444765344262123e-03
-5.179686471819877625e-02
3.827679529786109924e-02
4.851509630680084229e-02
-2.707148902118206024e-02
-4.686515405774116516e-02
4.170048609375953674e-02
3.669125586748123169e-02
-4.939700290560722351e-02
-8.864672854542732239e-03
2.595015242695808411e-02
-1.382753811776638031e-02
-1.341866794973611832e-02
1.590282656252384186e-02
-1.350091397762298584e-02
-4.208413884043693542e-02
-6.550385057926177979e-02
5.986264348030090332e-02
4.832483455538749695e-02
4.537691548466682434e-02
3.514590789563953876e-04
1.777702011168003082e-02
4.839241504669189453e-02
8.277003653347492218e-03
1.565502583980560303e-02
1.589482836425304413e-02
-4.226321354508399963e-02
-3.570974618196487427e-02
-3.036127984523773193e-02
-1.785907521843910217e-02
-3.761374205350875854e-02
-1.703212410211563110e-02
8.402828872203826904e-02
-2.340549975633621216e-02
-4.704494401812553406e-02
9.098738431930541992e-02
6.793009489774703979e-02
-4.699014872312545776e-02
-7.858385331928730011e-03
1.467571314424276352e-02
-3.644229471683502197e-02
-6.291716545820236206e-02
1.730085536837577820e-02
-2.994797378778457642e-02
-5.381244793534278870e-02
-1.610161736607551575e-02
-3.500657621771097183e-03
-4.440753534436225891e-02
-5.825350061058998108e-02
1.741413958370685577e-02
-1.224187109619379044e-02
-1.962089538574218750e-02
1.127596944570541382e-02
-2.146436460316181183e-02
-2.085112594068050385e-02
1.980516687035560608e-02
-1.949748210608959198e-02
-2.027107961475849152e-02
3.823214024305343628e-02
-5.197478085756301880e-02
-6.367005407810211182e-02
-6.044362671673297882e-03
5.758027546107769012e-04
-2.196849323809146881e-02
-3.784329397603869438e-03
2.015190944075584412e-02
1.095404010266065598e-02
-1.357072871178388596e-02
-3.142674639821052551e-02
9.011223912239074707e-02
3.316426277160644531e-02
-8.087450265884399414e-02
-2.627968322485685349e-03
2.117614075541496277e-02
-4.653720557689666748e-02
-4.789079725742340088e-02
-9.790863841772079468e-03
-8.374374359846115112e-03
-6.869979668408632278e-03
4.520586505532264709e-02
-1.174223516136407852e-02
5.281308549456298351e-04
-6.003003218211233616e-04
8.652533404529094696e-03
4.648942127823829651e-02
-1.022311579436063766e-02
3.063807636499404907e-02
-1.987490803003311157e-02
-5.746933445334434509e-02
-1.222528237849473953e-02
8.602610975503921509e-02
4.225283861160278320e-02
-5.774079635739326477e-02
-9.397407993674278259e-03
4.596550017595291138e-02
-8.942512795329093933e-04
4.929809644818305969e-02
2.945028059184551239e-02
-1.140876859426498413e-02
6.151448469609022141e-03
3.068356215953826904e-02
-3.382285311818122864e-02
-2.625151351094245911e-02
-3.962976858019828796e-02
1.410610787570476532e-02
6.949378876015543938e-04
-5.519572645425796509e-02
2.256438322365283966e-02
6.125835329294204712e-02
-4.782232269644737244e-02
3.307446464896202087e-02
7.365629822015762329e-02
-6.058792024850845337e-02
-5.720290169119834900e-02
1.649139635264873505e-02
-3.597524017095565796e-02
-2.347750402987003326e-02
1.110221538692712784e-02
-3.547617048025131226e-02
9.439369663596153259e-03
4.498620331287384033e-02
2.189021371304988861e-02
2.393334172666072845e-02
-3.277248889207839966e-02
-1.391982007771730423e-02
-1.874219812452793121e-02
-1.531401183456182480e-02
3.151790425181388855e-02
-4.429828003048896790e-02
-3.701016679406166077e-02
-2.776714414358139038e-02
3.655660897493362427e-02
7.521987706422805786e-02
-1.512967143207788467e-02
-5.900707840919494629e-02
6.222248822450637817e-02
-4.180463775992393494e-02
-7.668393850326538086e-02
-2.261664532124996185e-02
4.126737359911203384e-03
1.658378913998603821e-02
-5.161198787391185760e-03
3.102445788681507111e-02
-1.502683479338884354e-02
-9.301513433456420898e-03
2.409168751910328865e-03
-6.165099143981933594e-02
-5.612007342278957367e-03
-5.642407387495040894e-02
-4.356805700808763504e-03
-2.377382665872573853e-02
-2.283713966608047485e-02
7.699253410100936890e-02
5.826641991734504700e-02
2.880043163895606995e-02
5.843901634216308594e-02
4.054810106754302979e-02
-2.290761284530162811e-02
-5.200671404600143433e-02
-3.472051024436950684e-02
-3.012689575552940369e-02
-9.778540581464767456e-03
-1.071653049439191818e-02
-1.331873424351215363e-02
1.573703624308109283e-02
5.158983636647462845e-03
-2.718566730618476868e-02
-2.843453921377658844e-02
-3.594508452806621790e-04
3.305108472704887390e-02
-1.681031845510005951e-02
-9.936111979186534882e-03
1.326875481754541397e-02
5.475066229701042175e-02
1.584020443260669708e-02
-6.945747416466474533e-03
2.863466367125511169e-02
2.277860790491104126e-02
4.415654763579368591e-02
-1.263354672119021416e-03
1.253286283463239670e-02
6.613050401210784912e-02
-2.777169086039066315e-02
-1.462246663868427277e-02
4.591118171811103821e-02
-2.773373201489448547e-02
-3.950979188084602356e-02
3.715331852436065674e-02
-2.563049830496311188e-02
-6.825952976942062378e-02
2.017541229724884033e-02
-1.757887750864028931e-02
-5.211872979998588562e-02
3.663804754614830017e-02
-5.494116805493831635e-03
6.748956441879272461e-02
-4.527305439114570618e-02
7.835364900529384613e-03
4.591654986143112183e-02
-8.359452337026596069e-02
2.951788529753684998e-02
7.444632053375244141e-02
-8.482501655817031860e-02
-3.340466320514678955e-02
7.007206976413726807e-02
8.096473664045333862e-02
-6.047547981142997742e-02
1.645429618656635284e-02
6.191236898303031921e-02
-3.467368334531784058e-02
-1.659855060279369354e-02
2.953920140862464905e-02
4.535916075110435486e-02
-1.681966707110404968e-02
-4.872481524944305420e-02
2.965795248746871948e-02
1.131393481045961380e-02
-4.641484841704368591e-02
2.692683599889278412e-02
4.351396486163139343e-02
-4.717136919498443604e-02
-4.100689664483070374e-03
3.257422940805554390e-03
-2.075280807912349701e-02
-1.022183988243341446e-02
2.540997788310050964e-02
-7.872281596064567566e-03
-5.128339305520057678e-02
2.555884234607219696e-02
3.631088649854063988e-03
-2.224158728495240211e-03
-2.936302870512008667e-02
8.778956718742847443e-03
1.257652416825294495e-02
-3.088458627462387085e-02
-1.051110401749610901e-02
4.458696395158767700e-02
-2.116824313998222351e-02
-1.258102711290121078e-02
-1.816837489604949951e-02
6.826127646490931511e-04
-6.422199308872222900e-02
-4.347076639533042908e-02
-3.205592557787895203e-02
-5.153112858533859253e-02
-2.279099263250827789e-02
-2.486252970993518829e-02
-3.936738893389701843e-02
2.202177606523036957e-02
-2.679579332470893860e-02
2.725581265985965729e-02
7.847390137612819672e-03
1.482016406953334808e-02
6.748929619789123535e-02
-5.986949801445007324e-02
-3.039338067173957825e-02
4.338606819510459900e-02
-1.979087479412555695e-02
-1.366472151130437851e-02
1.393737550824880600e-02
-1.128946678363718092e-04
1.072702556848526001e-02
-2.241781540215015411e-02
-3.407462313771247864e-02
-1.440020091831684113e-02
-5.037197470664978027e-02
1.743549667298793793e-02
2.704236842691898346e-02
-5.438520759344100952e-02
1.387311029247939587e-03
1.177187263965606689e-02
-2.253299392759799957e-02
7.649554871022701263e-03
6.680951453745365143e-03
-8.839334361255168915e-03
-2.248810371384024620e-03
-2.261469140648841858e-02
-3.150233253836631775e-02
-3.303249180316925049e-02
-1.645709201693534851e-02
-2.692721411585807800e-02
-3.128047659993171692e-02
-3.401481732726097107e-02
-4.161115363240242004e-02
1.668854616582393646e-02
-8.874461054801940918e-03
-7.332994788885116577e-02
-7.838050369173288345e-04
-9.626905433833599091e-03
-1.921933703124523163e-02
1.313837338238954544e-02
1.084174681454896927e-02
1.929957536049187183e-03
-4.758536815643310547e-03
-5.443005939014256001e-04
-1.575592346489429474e-02
-3.158479230478405952e-03
-5.209501367062330246e-03
-4.115488007664680481e-02
-1.835549995303153992e-02
1.416128966957330704e-02
-1.815004087984561920e-02
-1.139193121343851089e-02
-5.604035034775733948e-02
-3.912438452243804932e-02
2.468458935618400574e-02
-5.186736583709716797e-03
-6.042952649295330048e-03
2.461255341768264771e-02
1.373246498405933380e-02
-3.035963745787739754e-03
-2.912509255111217499e-02
3.301872685551643372e-02
-7.186414673924446106e-03
-2.029126323759555817e-02
7.342003285884857178e-03
-3.949460014700889587e-02
1.322589814662933350e-02
-2.531464444473385811e-03
-6.369633972644805908e-02
3.996622562408447266e-02
1.637493632733821869e-02
-1.914528198540210724e-02
2.822930924594402313e-02
3.643269184976816177e-03
-8.776694536209106445e-03
-1.071205083280801773e-02
-3.059878712520003319e-03
-1.047159079462289810e-02
-4.268692806363105774e-02
1.155620161443948746e-02
7.978487759828567505e-03
-1.715219952166080475e-02
-3.047022409737110138e-02
-1.639500446617603302e-02
-2.260672114789485931e-02
-4.700218886137008667e-02
-1.567118987441062927e-02
-2.070630341768264771e-02
2.882407046854496002e-03
-1.665716432034969330e-02
2.310617826879024506e-02
9.339689277112483978e-03
-5.011476203799247742e-02
-5.380716174840927124e-03
-2.388143911957740784e-02
-4.565168917179107666e-02
1.863260008394718170e-02
-2.703139558434486389e-02
8.099221624433994293e-03
1.215084455907344818e-02
-5.066951364278793335e-02
-1.665670052170753479e-02
1.255924161523580551e-02
-1.648580096662044525e-02
-5.456364247947931290e-03
-1.174793462269008160e-03
-7.302369922399520874e-03
7.403694093227386475e-02
-3.723232075572013855e-02
-4.195972904562950134e-02
4.485722631216049194e-02
-7.473725080490112305e-02
-4.596000537276268005e-02
3.777863457798957825e-02
-3.633438376709818840e-03
2.030368521809577942e-02
-3.175374353304505348e-03
-7.270691916346549988e-03
-1.868139766156673431e-02
-2.176930569112300873e-02
9.753052145242691040e-03
2.375091984868049622e-02
-1.638315804302692413e-02
1.357316132634878159e-02
-4.733594134449958801e-02
4.337432980537414551e-02
3.841957077383995056e-02
-3.180805593729019165e-02
1.056089438498020172e-02
-3.068609163165092468e-02
-2.747334167361259460e-02
2.089355839416384697e-03
-2.068205177783966064e-02
2.673934772610664368e-02
2.121455967426300049e-02
1.072333566844463348e-02
1.267807744443416595e-02
2.341798879206180573e-02
8.499114774167537689e-03
-1.649395376443862915e-02
-1.046665944159030914e-02
-1.169594377279281616e-02
1.805655471980571747e-02
-6.630180031061172485e-02
-3.883548080921173096e-02
1.951866410672664642e-02
-4.637650772929191589e-02
-3.757469728589057922e-02
3.083514608442783356e-02
5.386013537645339966e-03
-8.402628824114799500e-03
1.850058138370513916e-02
5.368897318840026855e-02
1.595130935311317444e-02
2.272499911487102509e-02
1.788811758160591125e-02
3.925596922636032104e-02
4.688229039311408997e-02
-5.492333439178764820e-04
-5.280154943466186523e-02
-1.989181619137525558e-03
-4.909432027488946915e-03
-7.246564608067274094e-03
8.083144575357437134e-02
7.665936369448900223e-03
5.966386198997497559e-02
3.357680514454841614e-02
-4.871714860200881958e-02
-2.547545917332172394e-02
-1.612622290849685669e-02
-1.173150725662708282e-02
-1.081015821546316147e-02
-7.431290578097105026e-03
-8.483108133077621460e-03
-2.631682157516479492e-02
-2.785854786634445190e-02
-4.040972888469696045e-02
3.759109601378440857e-02
1.897932402789592743e-02
1.980018243193626404e-02
6.236295215785503387e-03
8.810090832412242889e-03
1.910715177655220032e-02
-2.168553415685892105e-03
3.890536725521087646e-02
2.010463736951351166e-03
2.721531083807349205e-03
1.008430570363998413e-01
1.393482461571693420e-02
-1.635992340743541718e-02
7.675789296627044678e-02
-8.674097247421741486e-03
1.654891483485698700e-02
1.018151566386222839e-01
5.652461200952529907e-03
-2.097429241985082626e-03
5.460080225020647049e-03
-5.698393797501921654e-04
-1.465948205441236496e-02
1.006129477173089981e-02
-2.954690717160701752e-02
-2.886634133756160736e-02
-3.116500750184059143e-02
-8.504478260874748230e-03
5.042815580964088440e-02
4.226590320467948914e-02
-3.192176297307014465e-02
2.920086681842803955e-02
4.546554386615753174e-02
8.702360093593597412e-03
-1.893733441829681396e-02
1.257984805852174759e-02
1.606171578168869019e-02
1.886912807822227478e-02
6.634267419576644897e-02
1.927142404019832611e-02
3.345018252730369568e-02
7.179581373929977417e-02
3.012342192232608795e-02
-3.393614431843161583e-03
3.682658076286315918e-02
-7.805867586284875870e-03
-4.043339565396308899e-02
-4.595650359988212585e-02
-1.588179357349872589e-02
-9.537437581457197666e-04
2.223501354455947876e-02
1.692285388708114624e-02
2.410331554710865021e-02
6.471383571624755859e-02
7.066561840474605560e-03
-3.573564067482948303e-02
1.131714284420013428e-01
7.938881218433380127e-02
-4.160499945282936096e-02
7.710228860378265381e-02
4.193216562271118164e-02
-2.366477064788341522e-02
5.142239853739738464e-02
-1.046704314649105072e-02
-1.842217333614826202e-02
-5.383028462529182434e-02
-3.441550582647323608e-02
1.955180894583463669e-03
-1.078989356756210327e-02
-3.036453388631343842e-02
-1.063241716474294662e-02
-1.120978686958551407e-02
-5.522520840167999268e-02
2.050208672881126404e-02
2.219631150364875793e-02
-4.446220025420188904e-02
1.321537047624588013e-02
4.762356728315353394e-02
-7.854950614273548126e-03
-1.825357321649789810e-03
3.005561232566833496e-02
5.598730407655239105e-03
-2.379322424530982971e-02
-6.740423850715160370e-03
1.258971728384494781e-02
5.247156135737895966e-03
2.861539367586374283e-03
5.721470806747674942e-03
3.922206233255565166e-04
-4.069194197654724121e-02
-4.544119909405708313e-02
-1.386401336640119553e-02
2.493708766996860504e-02
4.740361124277114868e-03
-1.665249653160572052e-02
1.617836952209472656e-02
9.155433624982833862e-03
-4.996219649910926819e-03
-2.710775297600775957e-04
-3.907514736056327820e-03
-2.606242150068283081e-02
-8.428880013525485992e-03
4.484961554408073425e-02
1.668683625757694244e-02
6.883552670478820801e-02
4.124169424176216125e-02
1.133923046290874481e-02
7.711764425039291382e-02
1.019377633929252625e-02
7.443733513355255127e-02
4.438127204775810242e-02
-5.884084478020668030e-02
1.084187403321266174e-01
5.370820313692092896e-02
-3.962062671780586243e-02
9.299294650554656982e-02
1.253920886665582657e-02
-5.397003889083862305e-02
1.660281419754028320e-02
2.476924844086170197e-02
-3.719129040837287903e-02
-2.450673142448067665e-03
3.390222787857055664e-02
-1.714010536670684814e-02
-2.575559727847576141e-02
-9.352714754641056061e-03
-1.901016756892204285e-02
5.363738536834716797e-02
-4.519879817962646484e-02
-4.576146230101585388e-02
3.413870185613632202e-02
-4.759811982512474060e-02
-7.465698570013046265e-02
2.620379440486431122e-02
-2.944385632872581482e-03
-4.261803254485130310e-02
-1.981582306325435638e-02
6.265698932111263275e-03
4.490312561392784119e-02
1.700483076274394989e-02
4.645942151546478271e-02
5.135075002908706665e-02
-1.115011982619762421e-03
6.690049171447753906e-02
5.480709671974182129e-02
-4.627185687422752380e-02
-1.076069548726081848e-01
-4.678844660520553589e-02
2.833280526101589203e-02
-4.020845144987106323e-02
-5.021056905388832092e-02
5.652020871639251709e-02
-1.207617856562137604e-02
-5.728536844253540039e-02
5.965278297662734985e-02
-4.732616711407899857e-03
4.818798601627349854e-02
5.379071459174156189e-02
4.452438279986381531e-02
5.914063379168510437e-02
7.913029938936233521e-02
7.266246527433395386e-02
7.585594058036804199e-02
-1.710956171154975891e-02
-3.736912086606025696e-02
-8.090050891041755676e-03
1.757606398314237595e-03
-4.332735016942024231e-02
-6.205876916646957397e-02
1.153923124074935913e-01
8.284449577331542969e-02
-7.451402954757213593e-03
-2.687340416014194489e-02
-7.419960107654333115e-03
4.407062381505966187e-02
-7.210427522659301758e-02
2.152970992028713226e-02
9.118513017892837524e-02
-5.776773393154144287e-02
5.184629466384649277e-03
4.025217145681381226e-02
2.264270558953285217e-02
-2.229085005819797516e-02
-2.466485649347305298e-02
7.086437940597534180e-02
-6.903280504047870636e-03
-2.977709285914897919e-02
-1.912812003865838051e-03
-7.034917362034320831e-03
-2.969871088862419128e-02
2.906001172959804535e-02
-6.512502208352088928e-03
-1.978575717657804489e-03
8.934037759900093079e-03
2.129219647031277418e-04
2.821030281484127045e-02
7.047713268548250198e-03
1.830812543630599976e-02
5.721208453178405762e-02
5.913392826914787292e-02
2.529260702431201935e-02
5.665491893887519836e-02
1.499947533011436462e-02
1.286474522203207016e-02
3.605804219841957092e-02
1.918651047162711620e-03
-2.188200131058692932e-03
-2.595572359859943390e-02
-6.854322273284196854e-03
-3.405997157096862793e-02
-1.961915940046310425e-02
4.371340945363044739e-02
-2.077331021428108215e-02
-1.790159568190574646e-02
5.070680752396583557e-02
7.378895580768585205e-02
3.382561728358268738e-02
-2.215091325342655182e-02
5.827402696013450623e-03
2.882290631532669067e-02
-5.430936068296432495e-02
-2.809405513107776642e-02
3.213670477271080017e-02
-2.739072311669588089e-03
2.526582777500152588e-02
4.235051944851875305e-02
2.699453011155128479e-02
1.109998766332864761e-02
-2.679377980530261993e-02
5.627701804041862488e-02
2.694860100746154785e-02
1.225846353918313980e-02
-3.107349947094917297e-02
4.001110326498746872e-03
-4.668965935707092285e-02
1.104692812077701092e-03
-2.748326165601611137e-03
1.668017503106966615e-04
3.794600814580917358e-02
-3.070230036973953247e-02
-1.283391285687685013e-02
7.111135870218276978e-03
-5.183078348636627197e-02
-1.164922788739204407e-01
1.305543351918458939e-02
-1.886059902608394623e-02
1.916623115539550781e-02
-3.650109050795435905e-03
-4.508430510759353638e-02
-3.237744420766830444e-02
1.661016047000885010e-02
1.884772814810276031e-02
-2.152843400835990906e-03
-3.023763746023178101e-02
1.287188567221164703e-02
2.884897217154502869e-02
2.025905624032020569e-02
2.865991182625293732e-02
1.820509321987628937e-02
2.752964384853839874e-02
-4.283612966537475586e-02
-5.943653732538223267e-02
-1.644817180931568146e-02
2.637915126979351044e-02
-6.295650731772184372e-03
1.605680771172046661e-02
-3.076312504708766937e-02
2.627294696867465973e-02
2.082487568259239197e-02
-5.527398362755775452e-02
-9.847040288150310516e-03
1.018040105700492859e-01
2.741409651935100555e-02
-4.609750211238861084e-02
3.785176668316125870e-03
6.287110503762960434e-03
-1.518019475042819977e-02
-8.293481171131134033e-02
3.314451873302459717e-02
7.294736802577972412e-02
-4.315340518951416016e-02
-1.510175038129091263e-02
3.501643892377614975e-03
-2.382063493132591248e-02
-6.742967292666435242e-03
-6.729936227202415466e-03
2.750896103680133820e-02
7.369356602430343628e-02
-5.396663770079612732e-02
-2.614242723211646080e-03
9.277182631194591522e-03
1.871519163250923157e-02
-3.294946998357772827e-02
-1.550500933080911636e-02
7.341699674725532532e-03
-5.116974562406539917e-02
-4.935250803828239441e-02
1.917465589940547943e-02
7.117470260709524155e-03
3.244702890515327454e-02
4.691515117883682251e-02
-2.405799226835370064e-03
3.715363889932632446e-02
3.515056893229484558e-02
1.681339554488658905e-02
2.208689413964748383e-02
3.476576134562492371e-02
1.958471536636352539e-02
5.475487560033798218e-03
-2.744352631270885468e-02
-2.763252146542072296e-02
-6.915207952260971069e-02
-1.971935667097568512e-02
-2.024294063448905945e-02
-6.569059938192367554e-02
-6.457636598497629166e-03
-1.296477857977151871e-02
-7.488620281219482422e-02
-8.307288587093353271e-02
1.511364988982677460e-02
-4.141033813357353210e-02
-6.833604723215103149e-02
5.091175436973571777e-02
-2.469770051538944244e-02
-5.876016616821289062e-02
-1.217635348439216614e-02
-5.397836863994598389e-02
-3.223240375518798828e-02
-2.253015711903572083e-02
1.312231086194515228e-02
1.377257704734802246e-02
-1.877046376466751099e-02
5.381562933325767517e-02
6.551011651754379272e-02
-4.198770970106124878e-02
-3.010854870080947876e-02
-1.563384197652339935e-02
-1.982495002448558807e-02
1.593027636408805847e-02
2.904102765023708344e-02
-2.471463382244110107e-02
3.740418702363967896e-03
4.888243507593870163e-03
1.744071952998638153e-02
-5.333340726792812347e-03
-7.719177007675170898e-02
7.933237403631210327e-02
-5.936028901487588882e-03
-7.251940667629241943e-02
1.766632683575153351e-02
-7.546504586935043335e-02
-7.868968695402145386e-02
2.246478339657187462e-03
5.097286403179168701e-02
-3.178181871771812439e-02
-3.106828406453132629e-02
4.857189208269119263e-02
3.678637370467185974e-02
-6.730125844478607178e-02
-3.750052675604820251e-02
5.561363324522972107e-02
-1.704670675098896027e-02
5.038413405418395996e-02
2.232007682323455811e-02
1.151880342513322830e-02
5.923917517066001892e-02
1.923687011003494263e-02
5.647213011980056763e-02
3.388653323054313660e-02
2.965153753757476807e-02
-2.716609276831150055e-03
4.181203432381153107e-03
-2.293964661657810211e-02
3.047971287742257118e-03
-1.715819165110588074e-02
-5.816946923732757568e-02
4.007875919342041016e-02
-5.236259475350379944e-02
-7.704681903123855591e-02
-3.019363433122634888e-02
6.290037184953689575e-02
3.242927044630050659e-02
-1.717305928468704224e-02
4.824240133166313171e-02
-3.143981797620654106e-03
-4.766348004341125488e-02
-5.258068814873695374e-02
-3.651734814047813416e-02
2.670182846486568451e-02
2.385684102773666382e-02
-4.429157823324203491e-03
2.987380698323249817e-02
-8.456922951154410839e-04
3.481821622699499130e-03
-6.354186218231916428e-03
1.053692866116762161e-02
5.561978742480278015e-02
-8.507977239787578583e-03
-3.580315411090850830e-02
-7.924605160951614380e-03
-2.656919322907924652e-02
-3.609285876154899597e-02
-1.947859674692153931e-02
8.092832751572132111e-03
-2.736936137080192566e-02
-3.034467995166778564e-02
-1.726536825299263000e-02
4.697447270154953003e-02
4.056726396083831787e-02
-9.260128252208232880e-03
4.929532110691070557e-02
4.977327585220336914e-02
-2.021364681422710419e-02
4.238774999976158142e-02
1.409492641687393188e-02
4.987134132534265518e-03
-6.270912010222673416e-03
1.235708128660917282e-02
3.500835970044136047e-02
7.006485946476459503e-03
6.838088302174583077e-05
3.370221937075257301e-03
1.333254855126142502e-02
-1.450812071561813354e-02
2.472246065735816956e-02
2.865470247343182564e-03
-2.428500447422266006e-03
-1.508107874542474747e-02
-4.299309849739074707e-02
-3.653675317764282227e-02
-5.672434810549020767e-03
-3.712837351486086845e-03
-1.139803230762481689e-02
3.766540437936782837e-03
-8.216464892029762268e-03
2.873393008485436440e-03
-2.964247687486931682e-05
1.905289478600025177e-02
7.429176475852727890e-03
-8.722831495106220245e-03
1.116100326180458069e-02
-9.091050364077091217e-03
-6.187763065099716187e-03
2.974736038595438004e-03
-1.467878744006156921e-02
-1.176154823042452335e-03
3.679750487208366394e-02
1.143082790076732635e-02
-2.848573401570320129e-02
4.221016913652420044e-02
-1.774561963975429535e-02
-2.549454569816589355e-02
-2.653143927454948425e-02
-7.766400277614593506e-02
2.231538237538188696e-04
5.602587945759296417e-03
-4.496168345212936401e-02
1.462289597839117050e-02
2.542679943144321442e-02
-1.744706556200981140e-02
-5.000628530979156494e-03
8.447985164821147919e-03
1.230106130242347717e-02
4.415319487452507019e-02
5.231391638517379761e-03
1.964367926120758057e-02
4.379475861787796021e-02
-3.845499828457832336e-02
-1.681884936988353729e-02
8.983723074197769165e-02
8.708460628986358643e-02
6.148532405495643616e-02
7.786536961793899536e-02
1.065775826573371887e-01
5.298420041799545288e-02
8.314578793942928314e-03
3.617311641573905945e-02
1.090209372341632843e-02
3.762624459341168404e-03
7.696609100094065070e-05
7.815998047590255737e-03
-8.475474081933498383e-03
-7.240903563797473907e-03
5.355316214263439178e-03
1.917385682463645935e-02
-2.125575847458094358e-04
3.130383789539337158e-02
-1.945840660482645035e-03
-2.511371672153472900e-02
-1.397693622857332230e-02
1.115362904965877533e-02
1.168778073042631149e-02
1.560691744089126587e-02
-4.078006371855735779e-02
8.087054826319217682e-03
-4.914834629744291306e-03
-1.663717813789844513e-02
7.824884727597236633e-03
-1.544539537280797958e-02
2.370529249310493469e-02
6.582707166671752930e-03
-5.395587533712387085e-03
3.011645749211311340e-02
-1.911765523254871368e-02
-2.284941449761390686e-02
1.580682210624217987e-02
3.470533341169357300e-02
1.220809295773506165e-02
1.224805228412151337e-02
3.680329397320747375e-02
2.175271511077880859e-02
3.400836512446403503e-02
3.598713874816894531e-02
2.053832635283470154e-02
-1.705234870314598083e-02
-1.568087749183177948e-02
-1.430297456681728363e-02
7.999788224697113037e-02
3.861484676599502563e-02
2.021369338035583496e-02
1.370665803551673889e-02
2.639664150774478912e-02
-1.706645637750625610e-02
3.023473545908927917e-02
2.705604955554008484e-02
4.290681798011064529e-03
1.428950484842061996e-02
6.840658932924270630e-02
5.911070108413696289e-02
-1.293862587772309780e-03
4.254321008920669556e-02
2.712257951498031616e-02
7.202860713005065918e-02
7.744915038347244263e-02
4.850237444043159485e-02
1.359477173537015915e-02
3.172725066542625427e-02
1.885004714131355286e-02
7.354096975177526474e-03
3.229307383298873901e-02
1.791603863239288330e-02
-8.192072063684463501e-02
-2.443618141114711761e-02
-1.585658639669418335e-02
-1.979065313935279846e-02
2.393536083400249481e-02
1.743482612073421478e-02
-4.380718618631362915e-02
-1.114012859761714935e-02
1.389890536665916443e-02
3.886834904551506042e-02
3.914066776633262634e-02
6.054737139493227005e-03
-1.350265927612781525e-02
2.681115828454494476e-02
-1.834002509713172913e-02
-7.067820429801940918e-02
-1.804812811315059662e-02
-3.393911197781562805e-02
1.926264911890029907e-02
1.962070167064666748e-02
-1.386044360697269440e-02
2.559101022779941559e-02
-5.302243400365114212e-03
-1.845266111195087433e-02
2.597440034151077271e-02
-2.986349724233150482e-02
-1.816709898412227631e-02
2.835835702717304230e-02
-1.011483278125524521e-02
1.831523515284061432e-02
4.498510435223579407e-02
5.748802050948143005e-02
5.780945345759391785e-02
4.965813457965850830e-02
4.462076351046562195e-02
2.733673900365829468e-02
3.860414773225784302e-02
2.809867821633815765e-02
3.639890626072883606e-02
1.827126182615756989e-02
4.274268448352813721e-02
1.278863381594419479e-02
-1.125361490994691849e-02
2.016234956681728363e-02
-2.931112609803676605e-02
4.556331038475036621e-02
2.303859218955039978e-02
1.262114755809307098e-02
2.829025126993656158e-02
1.148191653192043304e-02
7.428413722664117813e-03
1.092214696109294891e-02
9.473407641053199768e-03
2.826016210019588470e-02
3.781275451183319092e-02
4.305260628461837769e-02
6.167174130678176880e-02
-6.149400956928730011e-03
1.728318817913532257e-02
3.766680508852005005e-02
2.646572655066847801e-03
2.480691857635974884e-02
4.977529868483543396e-02
-4.906746745109558105e-02
-4.336979240179061890e-02
-2.054524235427379608e-02
-1.570474728941917419e-02
-3.301867470145225525e-02
7.514466415159404278e-04
2.616975456476211548e-02
4.201095178723335266e-02
6.797482818365097046e-02
-1.303480472415685654e-03
-1.008375547826290131e-02
-3.009500447660684586e-03
-4.420118033885955811e-02
-2.256761677563190460e-02
-1.386047806590795517e-02
-8.106043562293052673e-03
-6.648573325946927071e-04
-9.045372717082500458e-03
5.247466638684272766e-02
4.780473932623863220e-02
9.179560467600822449e-03
1.091426461935043335e-01
1.106524765491485596e-01
1.955861970782279968e-02
6.532384455204010010e-02
8.031035959720611572e-02
2.880352362990379333e-02
2.772272005677223206e-02
2.501773647964000702e-02
6.898865848779678345e-02
7.236745208501815796e-02
5.449764430522918701e-02
9.892225265502929688e-02
2.696708776056766510e-02
2.685504406690597534e-02
7.119140028953552246e-02
3.206503018736839294e-02
1.726448163390159607e-02
1.270235516130924225e-02
1.111278124153614044e-02
-1.029845792800188065e-02
2.546963095664978027e-02
-3.361325711011886597e-02
-3.745179250836372375e-02
-1.353161409497261047e-02
-4.087568446993827820e-02
-6.172182783484458923e-02
-7.964996993541717529e-02
1.028002891689538956e-02
-3.144687041640281677e-03
-3.011766634881496429e-02
5.623104423284530640e-02
3.901818767189979553e-02
1.111032254993915558e-02
-4.617723822593688965e-02
-8.263096958398818970e-02
-7.833198457956314087e-02
-1.527508441358804703e-02
3.010623855516314507e-03
-2.742375805974006653e-02
-4.947143793106079102e-02
-1.776515878736972809e-02
-3.674913942813873291e-02
-3.445209190249443054e-02
-2.584639564156532288e-02
-4.360052291303873062e-03
-1.587035320699214935e-02
-2.831980818882584572e-03
2.387821488082408905e-02
-5.348470993340015411e-03
1.432168576866388321e-02
-1.192715601064264774e-03
-1.197023224085569382e-02
1.778206601738929749e-02
-2.710579428821802139e-03
8.542800322175025940e-03
1.176651194691658020e-02
1.190203614532947540e-02
2.763487771153450012e-02
3.193304687738418579e-02
2.395989745855331421e-02
8.128530532121658325e-02
3.221084922552108765e-02
3.142039477825164795e-02
3.114668652415275574e-02
3.615898638963699341e-02
1.462879683822393417e-02
-2.414021082222461700e-02
1.129716075956821442e-02
6.089725531637668610e-03
-4.428140446543693542e-02
-2.861261554062366486e-02
3.253070637583732605e-03
-7.319930940866470337e-02
-5.090109258890151978e-02
1.891370415687561035e-01
-6.570342462509870529e-03
-4.855394363403320312e-02
7.685501873493194580e-02
6.258930079638957977e-04
-7.812073919922113419e-03
5.666152108460664749e-03
-2.174861915409564972e-02
-2.184195071458816528e-02
2.357349544763565063e-02
-8.767229504883289337e-03
-4.687355831265449524e-02
-2.290366403758525848e-02
7.221529725939035416e-03
4.601923748850822449e-03
7.412067055702209473e-02
2.810686081647872925e-02
3.254297003149986267e-02
1.467607729136943817e-02
9.847692213952541351e-03
-4.099860787391662598e-02
-3.264163434505462646e-02
2.929386124014854431e-02
2.246702089905738831e-02
6.274197250604629517e-02
-2.536322176456451416e-02
9.225484915077686310e-03
6.864479929208755493e-02
-1.505113858729600906e-02
-3.913807868957519531e-02
-3.897964581847190857e-02
-5.871982127428054810e-02
-4.576783627271652222e-02
1.678402908146381378e-02
-4.769096896052360535e-02
-2.709116227924823761e-02
4.141379892826080322e-02
-2.374020591378211975e-02
-2.778396941721439362e-02
-1.647418737411499023e-02
-6.072705239057540894e-02
5.184433236718177795e-02
1.687311381101608276e-02
-6.978859752416610718e-02
2.528102137148380280e-02
3.268306376412510872e-03
1.752184517681598663e-02
-5.807083565741777420e-03
4.553334321826696396e-03
-6.965720653533935547e-02
-1.865650154650211334e-02
5.414573103189468384e-02
2.831069380044937134e-02
-1.709985546767711639e-02
-4.539807140827178955e-02
6.584429740905761719e-02
-1.451051607728004456e-02
-6.775008141994476318e-02
-4.913298040628433228e-02
-4.077320918440818787e-02
4.650977998971939087e-02
3.712790086865425110e-02
-7.308074831962585449e-02
-2.416704548522830009e-03
8.588032424449920654e-02
-3.106332756578922272e-02
-6.887377798557281494e-02
1.312093809247016907e-03
1.297022700309753418e-01
1.719396188855171204e-02
-7.751289010047912598e-02
4.337931796908378601e-02
-2.491646073758602142e-02
-1.941966265439987183e-02
-5.277962237596511841e-02
-6.461680680513381958e-02
-4.072367213666439056e-03
-1.993671245872974396e-02
-2.831123583018779755e-02
-4.706896096467971802e-02
3.140803892165422440e-03
-3.166465787217020988e-03
-5.099250748753547668e-02
2.949350886046886444e-02
1.283702254295349121e-01
2.095224335789680481e-02
-1.545584108680486679e-02
-1.616971194744110107e-02
-2.918539009988307953e-02
-1.427514106035232544e-02
-1.179630961269140244e-02
-4.214148223400115967e-02
1.493168645538389683e-03
6.236042454838752747e-02
-3.569061681628227234e-02
9.135064482688903809e-02
-5.223537236452102661e-02
-8.939695358276367188e-02
5.514656379818916321e-02
8.489400148391723633e-03
-5.803633108735084534e-02
3.078384033869951963e-04
-3.719554468989372253e-02
7.942847162485122681e-02
-4.508272558450698853e-02
-5.676468461751937866e-02
1.606640033423900604e-02
2.044434100389480591e-02
1.867307350039482117e-02
-2.806962095201015472e-02
-4.321597889065742493e-02
-1.648716256022453308e-02
1.942252181470394135e-02
-3.754370613023638725e-03
7.391577214002609253e-02
-1.294651720672845840e-02
-8.426143974065780640e-02
4.496128298342227936e-03
-2.659934572875499725e-02
-4.404515773057937622e-02
-9.254204481840133667e-02
-7.142786867916584015e-03
-6.756133399903774261e-03
8.097422309219837189e-03
-4.159906134009361267e-02
-2.144592255353927612e-02
-1.979845575988292694e-02
4.386823251843452454e-02
1.844703406095504761e-02
-3.464979305863380432e-02
-4.099203739315271378e-03
-5.652425065636634827e-02
-1.789251156151294708e-02
4.247623495757579803e-03
2.634706441313028336e-03
-1.349607389420270920e-02
-9.455917403101921082e-03
4.477803036570549011e-02
4.283599182963371277e-02
-2.859738655388355255e-02
5.762334540486335754e-02
1.926702074706554413e-02
-3.400438278913497925e-02
2.536360919475555420e-02
2.684572897851467133e-02
-1.769113540649414062e-02
-3.052545525133609772e-02
-7.616610080003738403e-02
-1.714023947715759277e-02
-3.180870041251182556e-02
1.024485565721988678e-02
-4.894238710403442383e-02
-1.542423199862241745e-02
-2.727970853447914124e-02
-1.757463254034519196e-02
2.927227132022380829e-02
9.630874544382095337e-02
-4.267082735896110535e-02
-8.007369935512542725e-03
-6.244616955518722534e-02
1.169478520750999451e-02
-6.408995389938354492e-02
-2.049010433256626129e-02
7.373797148466110229e-02
1.238116174936294556e-01
6.985402433201670647e-04
-6.360294669866561890e-02
-4.233013093471527100e-02
4.491413384675979614e-02
-9.864800609648227692e-03
-5.915754288434982300e-02
-6.045068055391311646e-02
6.125618517398834229e-02
-1.596142537891864777e-02
-3.459966927766799927e-02
-1.250131893903017044e-02
-2.221992053091526031e-02
1.994421705603599548e-02
-5.836506374180316925e-03
-1.686758175492286682e-02
-5.713787395507097244e-03
-1.940350979566574097e-02
1.293214620091021061e-03
5.693346727639436722e-03
-3.739438578486442566e-02
-8.376737125217914581e-03
3.759957849979400635e-02
-2.909858897328376770e-02
1.158592570573091507e-02
3.419416397809982300e-02
-3.544505219906568527e-03
-2.680560387670993805e-02
2.065154351294040680e-02
-2.819970622658729553e-02
-4.366190731525421143e-02
-3.029964677989482880e-02
7.538183126598596573e-03
4.349556937813758850e-02
2.622256428003311157e-02
-5.094328150153160095e-02
3.292578086256980896e-02
1.246357522904872894e-02
-8.021079003810882568e-02
-1.503656432032585144e-02
1.011896505951881409e-01
-2.905822591856122017e-03
-5.537623539566993713e-02
-5.322967190295457840e-04
5.547585338354110718e-02
-1.143090985715389252e-02
-1.007696520537137985e-02
-5.077622458338737488e-02
9.565923362970352173e-02
4.437759146094322205e-02
-7.401827722787857056e-02
9.860046207904815674e-02
4.008471034467220306e-03
-4.311861121095716953e-04
-6.281850486993789673e-02
-5.839351192116737366e-02
4.052326083183288574e-02
-1.184384897351264954e-01
-7.585633546113967896e-02
7.338269054889678955e-02
7.320456206798553467e-02
-4.284552857279777527e-02
3.046323172748088837e-02
5.838321149349212646e-02
-5.936290603131055832e-03
-6.465489417314529419e-02
-1.318011526018381119e-02
-1.847731694579124451e-02
-3.555600717663764954e-02
-2.373166062170639634e-04
4.758357070386409760e-03
-1.727052219212055206e-02
-7.716510910540819168e-03
-6.259524077177047729e-02
1.541177742183208466e-03
-1.718930713832378387e-02
-4.630595818161964417e-02
-4.220371320843696594e-02
-3.939737007021903992e-02
-2.899368666112422943e-02
-3.912151977419853210e-02
1.897543668746948242e-02
3.185177687555551529e-03
-2.826957963407039642e-02
-5.611191317439079285e-02
3.645140444859862328e-03
-2.721485507208853960e-04
1.227164827287197113e-02
3.090257290750741959e-03
-4.608688503503799438e-02
6.098740268498659134e-03
-4.025487974286079407e-02
-1.199962291866540909e-02
-8.441866375505924225e-03
-7.728887139819562435e-04
-4.531536251306533813e-03
-2.393435314297676086e-02
2.969263819977641106e-03
-5.713671818375587463e-02
-6.645316630601882935e-02
2.750162268057465553e-03
1.371703110635280609e-02
-3.842513635754585266e-02
-4.726724326610565186e-02
6.357215344905853271e-02
6.532996147871017456e-02
-3.053144551813602448e-02
4.148667305707931519e-02
6.572604924440383911e-02
-1.286039594560861588e-02
-3.326477110385894775e-02
-5.019991844892501831e-02
6.676428020000457764e-02
7.122844457626342773e-02
-5.693444982171058655e-02
-3.852923586964607239e-02
6.584296375513076782e-02
-9.485106915235519409e-02
-8.944407105445861816e-02
5.215242039412260056e-03
-4.799477010965347290e-02
-4.014880210161209106e-02
2.974497852846980095e-03
4.795351624488830566e-02
-4.739926382899284363e-02
-1.219831779599189758e-02
-3.744402667507529259e-03
-2.622235193848609924e-02
5.445242300629615784e-02
-2.273685485124588013e-02
5.852249264717102051e-02
9.406260401010513306e-02
2.294715307652950287e-02
4.703884199261665344e-02
-5.908161401748657227e-03
-3.529783105477690697e-03
4.617945477366447449e-02
-1.564365625381469727e-02
-3.253432735800743103e-02
-7.626618444919586182e-02
2.941879816353321075e-02
1.478162873536348343e-02
-5.158197879791259766e-02
6.277976185083389282e-02
4.144886508584022522e-02
2.425824664533138275e-02
4.178420081734657288e-02
-4.035646095871925354e-02
-1.262901909649372101e-02
5.865958333015441895e-02
5.460235849022865295e-02
3.084154240787029266e-02
1.060475874692201614e-02
1.377757731825113297e-02
-1.524177752435207367e-02
-4.828032851219177246e-02
3.547960892319679260e-02
7.529963552951812744e-02
-7.771415263414382935e-02
-1.823301427066326141e-03
3.184817731380462646e-03
-3.347811102867126465e-02
-4.507376626133918762e-02
-5.598469451069831848e-02
-1.850293204188346863e-02
6.864184886217117310e-02
1.302605420351028442e-01
-6.298870593309402466e-02
-6.980779021978378296e-02
-1.781018823385238647e-02
3.322827443480491638e-02
-3.228402510285377502e-02
-1.195950899273157120e-02
4.021811299026012421e-03
8.645158261060714722e-02
-2.398701757192611694e-02
-6.908848881721496582e-02
4.261555615812540054e-03
1.670188084244728088e-02
-7.090801000595092773e-02
-7.217583805322647095e-02
3.528760373592376709e-02
1.105960458517074585e-02
-1.090745404362678528e-01
-7.550771534442901611e-02
4.862949252128601074e-02
-1.942010130733251572e-03
-2.598104998469352722e-02
-1.574106328189373016e-02
-1.393789658322930336e-03
1.697427034378051758e-02
-4.635849222540855408e-02
4.491353780031204224e-02
2.375190146267414093e-02
-4.390468448400497437e-02
-2.958713099360466003e-02
-9.559190832078456879e-03
-6.257985951378941536e-04
-4.808331653475761414e-02
-2.960852906107902527e-02
3.477651253342628479e-02
-5.375354667194187641e-04
1.388021111488342285e-01
-4.023524001240730286e-02
-6.666158139705657959e-02
-3.802277520298957825e-02
3.232549130916595459e-02
2.513672038912773132e-02
-1.548534445464611053e-02
-2.595467679202556610e-02
1.523813977837562561e-02
5.058858077973127365e-03
-2.549365162849426270e-02
-3.331421315670013428e-02
-6.061163917183876038e-02
5.982742458581924438e-02
2.371490560472011566e-02
-1.919762045145034790e-02
-4.069619253277778625e-02
2.298668026924133301e-02
5.068114399909973145e-02
-5.323768779635429382e-02
-6.723378598690032959e-02
-3.148925490677356720e-03
2.967211790382862091e-02
-1.401408296078443527e-02
2.440495602786540985e-02
-3.440873324871063232e-02
3.320023044943809509e-02
6.515994668006896973e-02
-6.366676092147827148e-02
-4.508026689291000366e-02
1.369754131883382797e-02
-6.240253522992134094e-02
-8.093803375959396362e-02
-6.027458235621452332e-02
5.122292414307594299e-02
4.574635997414588928e-03
-5.984636023640632629e-02
4.779824987053871155e-02
7.048848271369934082e-02
-3.860916197299957275e-02
-5.333245545625686646e-02
-3.728855028748512268e-02
-5.023593455553054810e-02
-8.030479401350021362e-02
5.153084918856620789e-02
6.286874413490295410e-02
-9.453582763671875000e-02
-6.154785305261611938e-02
-3.171450644731521606e-02
1.485537085682153702e-02
4.037993028759956360e-02
2.582653425633907318e-02
3.525784006342291832e-03
-7.648855447769165039e-02
-2.371124736964702606e-02
4.411257803440093994e-02
2.279862528666853905e-03
-3.349091857671737671e-02
-3.301209956407546997e-02
-6.983416154980659485e-03
6.451279390603303909e-03
6.647492945194244385e-02
3.284570947289466858e-02
-1.445666421204805374e-02
4.241184890270233154e-02
6.346783041954040527e-02
1.843629591166973114e-02
1.028011865855660290e-05
1.677332073450088501e-02
-2.587196975946426392e-02
-4.775303229689598083e-02
2.040045335888862610e-02
2.169927395880222321e-02
-7.989812642335891724e-02
-4.551020637154579163e-02
4.014676809310913086e-02
1.361987367272377014e-02
-2.128682099282741547e-03
-2.806824073195457458e-02
2.983346953988075256e-02
4.453148320317268372e-02
-3.279359638690948486e-02
1.781238615512847900e-02
1.439835783094167709e-02
1.076929084956645966e-02
1.920155808329582214e-02
-9.082265943288803101e-02
-4.771121591329574585e-02
-4.474722966551780701e-02
-3.863236308097839355e-02
5.688409321010112762e-03
1.418969500809907913e-02
2.711085975170135498e-02
3.279990982264280319e-03
-1.350172236561775208e-02
3.514480218291282654e-02
7.712697144597768784e-03
-3.795474395155906677e-02
-2.824271842837333679e-02
4.168518353253602982e-03
-2.974849008023738861e-02
-5.640771985054016113e-02
-3.506355732679367065e-02
5.524447560310363770e-02
3.477377071976661682e-02
-1.449973322451114655e-02
-7.776225358247756958e-02
-4.292485490441322327e-02
5.144710186868906021e-03
-2.696131728589534760e-02
-2.982079237699508667e-02
-2.360630221664905548e-02
2.354883961379528046e-02
-1.981979236006736755e-02
2.262528799474239349e-02
-4.622685536742210388e-02
4.192912578582763672e-02
3.669626265764236450e-02
-3.549278900027275085e-02
8.662707172334194183e-03
3.045175410807132721e-02
1.793722249567508698e-02
-8.308958262205123901e-03
1.716788299381732941e-02
-2.329995855689048767e-02
5.569084361195564270e-02
9.430786222219467163e-02
-4.770599305629730225e-02
-4.481294751167297363e-02
-1.873986609280109406e-02
8.184566162526607513e-03
1.568046584725379944e-02
-1.993073150515556335e-03
-1.031914576888084412e-01
6.518829613924026489e-02
1.902873516082763672e-01
-7.709029316902160645e-02
-3.766639530658721924e-02
6.974832713603973389e-02
-9.686235338449478149e-02
-5.136954411864280701e-02
-3.164564073085784912e-02
4.350413754582405090e-02
-2.040168456733226776e-02
-4.469238687306642532e-03
3.931676503270864487e-03
-5.113439634442329407e-02
-1.952913776040077209e-02
-1.162671670317649841e-02
-1.899590902030467987e-02
5.282709375023841858e-02
-2.571234246715903282e-03
-9.162801317870616913e-03
-3.813611343502998352e-02
3.433493152260780334e-02
1.312194950878620148e-02
-7.187861204147338867e-02
6.245986372232437134e-02
1.639513415284454823e-03
-1.099778488278388977e-01
4.903611913323402405e-02
1.782357227057218552e-03
2.906060032546520233e-02
9.232578799128532410e-03
-1.312861219048500061e-02
1.334090996533632278e-02
1.395879220217466354e-02
-7.175342645496129990e-03
-2.798463683575391769e-03
6.351164728403091431e-02
4.151586815714836121e-02
4.076562821865081787e-02
-9.502934291958808899e-03
1.717149838805198669e-02
2.648169547319412231e-02
-8.881822973489761353e-02
-7.389567792415618896e-02
-5.526030808687210083e-02
-5.082120373845100403e-02
-4.502103198319673538e-03
2.098370715975761414e-02
-4.951176419854164124e-02
-1.983112096786499023e-02
3.867910429835319519e-02
-7.964776828885078430e-03
-4.843469709157943726e-03
-3.870391845703125000e-02
7.061130600050091743e-04
4.626504145562648773e-03
6.933887302875518799e-02
-1.891472842544317245e-03
-2.620500698685646057e-02
-3.838634863495826721e-02
-1.050717383623123169e-02
4.241137951612472534e-02
-2.698130719363689423e-02
-1.703414507210254669e-02
7.274949550628662109e-02
-1.619797013700008392e-02
-4.037184640765190125e-02
8.267781138420104980e-02
3.265441581606864929e-02
-2.067076042294502258e-02
-9.483088739216327667e-03
7.083170581609010696e-03
-1.929275132715702057e-02
-5.363921076059341431e-02
-4.824276082217693329e-03
3.706263378262519836e-02
-5.672221258282661438e-02
-7.666754536330699921e-03
1.448696572333574295e-02
-4.356943443417549133e-02
-6.138259917497634888e-02
-3.407859429717063904e-02
-4.502348136156797409e-03
1.096426229923963547e-02
-4.834109917283058167e-02
-1.031220890581607819e-02
-3.523372113704681396e-03
-3.501189127564430237e-02
1.416382472962141037e-02
-5.532864481210708618e-03
5.114227160811424255e-02
6.428384687751531601e-03
-1.581005193293094635e-02
1.753572560846805573e-02
6.139830686151981354e-03
-4.398517683148384094e-02
-8.264052681624889374e-03
-1.319155935198068619e-02
-4.431028664112091064e-02
-1.460737641900777817e-02
-1.934782043099403381e-02
-6.025006622076034546e-02
-9.599747136235237122e-03
1.556354109197854996e-02
-1.515785884112119675e-02
7.222916465252637863e-03
6.370417028665542603e-02
3.852199763059616089e-02
-4.592828080058097839e-02
-2.604090236127376556e-02
1.284347474575042725e-02
-4.264447838068008423e-02
-5.875695124268531799e-02
7.671416737139225006e-03
-5.751731246709823608e-02
-1.865650899708271027e-02
-3.354855254292488098e-02
-2.756018890067934990e-03
-4.274630174040794373e-02
1.730619929730892181e-02
3.871693834662437439e-02
-5.367569997906684875e-02
-7.857760414481163025e-03
1.040291972458362579e-02
6.986697204411029816e-03
3.612116724252700806e-02
-8.058302104473114014e-03
-1.359960716217756271e-02
5.872784182429313660e-02
-1.514512393623590469e-02
-5.156009271740913391e-02
6.688713282346725464e-02
1.442558225244283676e-02
-5.050131119787693024e-03
7.811988145112991333e-02
5.886873975396156311e-02
2.252397313714027405e-02
-7.236181944608688354e-02
6.161272525787353516e-02
6.087830290198326111e-02
-3.833764791488647461e-02
1.351930573582649231e-02
6.777331233024597168e-02
2.605106309056282043e-02
-5.617651343345642090e-02
-5.200013518333435059e-02
7.168423384428024292e-02
-1.785882189869880676e-02
-4.309542104601860046e-02
6.238616630434989929e-02
1.864127814769744873e-02
4.297244362533092499e-03
2.590769901871681213e-02
-6.207153201103210449e-02
-3.332271054387092590e-02
1.344456244260072708e-02
-6.047559902071952820e-02
-4.240921512246131897e-02
1.235966384410858154e-01
9.875189512968063354e-03
-1.389779150485992432e-02
6.577800959348678589e-02
4.161924496293067932e-02
1.095984969288110733e-02
-2.037538029253482819e-02
4.927829280495643616e-02
-2.432176657021045685e-02
-3.222532570362091064e-02
4.615156352519989014e-02
-2.954199351370334625e-02
-1.307481061667203903e-02
-1.344275847077369690e-02
-1.448920369148254395e-02
1.377762015908956528e-02
-4.515914246439933777e-03
-6.324677914381027222e-02
-2.512798644602298737e-02
-2.802634797990322113e-02
-7.304542511701583862e-02
-4.288958385586738586e-02
-2.812227606773376465e-02
-2.423938421998172998e-04
-4.896478354930877686e-02
-1.071657147258520126e-02
5.841651558876037598e-02
-1.724408380687236786e-02
-3.012331388890743256e-02
-1.272816676646471024e-02
-6.756167858839035034e-02
-2.763090096414089203e-02
-9.511851705610752106e-03
1.309192460030317307e-02
2.641647588461637497e-03
-4.966591298580169678e-02
-5.304027814418077469e-03
-2.859343588352203369e-02
-9.453091770410537720e-02
-6.350123882293701172e-02
-8.681287989020347595e-03
1.194162014871835709e-02
3.611189126968383789e-02
5.058237537741661072e-02
6.442872434854507446e-02
-2.878187410533428192e-02
-2.269409969449043274e-02
5.889532715082168579e-02
-6.430575996637344360e-02
4.042449593544006348e-02
1.478582061827182770e-02
-1.055665872991085052e-02
-3.113744780421257019e-02
-1.645796373486518860e-02
1.342343352735042572e-02
-2.195077016949653625e-02
-7.949260622262954712e-02
8.549294434487819672e-03
-1.641132868826389313e-02
9.861776605248451233e-03
3.232689946889877319e-02
-2.286951243877410889e-02
-6.452677305787801743e-03
-1.099611446261405945e-02
-3.410395001992583275e-03
-5.761136114597320557e-02
-6.908023357391357422e-02
2.075131423771381378e-02
-3.306114301085472107e-02
-5.261512473225593567e-02
-1.023682858794927597e-02
1.104305777698755264e-02
3.554965183138847351e-02
-4.217714816331863403e-02
7.596184313297271729e-02
6.101668626070022583e-02
-2.827660553157329559e-02
-2.007820270955562592e-02
1.191158872097730637e-02
-1.747753657400608063e-02
-9.591158479452133179e-02
4.159357398748397827e-02
2.083157189190387726e-03
-4.109290242195129395e-02
8.637165278196334839e-02
1.297696530818939209e-01
2.577450312674045563e-02
-1.015862077474594116e-01
9.075388312339782715e-02
3.308076784014701843e-02
-1.232422441244125366e-01
6.401500850915908813e-02
4.526951536536216736e-02
-6.386321783065795898e-02
2.086421288549900055e-02
-2.592634223401546478e-02
-9.008698910474777222e-02
4.140541329979896545e-02
-1.867368258535861969e-02
-1.077270805835723877e-01
4.553571343421936035e-02
-1.114165596663951874e-02
-7.438978552818298340e-02
-5.850449576973915100e-02
-2.333007939159870148e-02
5.847126245498657227e-02
9.816421195864677429e-03
2.226251177489757538e-02
2.724549546837806702e-02
6.653890013694763184e-02
1.366171613335609436e-02
-6.215681135654449463e-02
-2.243523718789219856e-03
1.990537904202938080e-02
-4.590784385800361633e-02
9.287764318287372589e-03
1.125873532146215439e-02
-3.827380388975143433e-02
4.056305065751075745e-02
-2.885075286030769348e-02
-5.496022850275039673e-02
-2.771024405956268311e-02
-3.474188968539237976e-02
-4.445411264896392822e-03
1.190934795886278152e-02
3.792232275009155273e-02
-5.406888201832771301e-02
-2.643545530736446381e-02
8.889647573232650757e-02
2.424760954454541206e-03
2.191584184765815735e-02
7.631252519786357880e-04
-1.597606204450130463e-02
1.787960343062877655e-02
-6.906699854880571365e-03
-1.450478797778487206e-03
-1.265186443924903870e-02
4.125937819480895996e-02
-2.014402486383914948e-02
1.421082019805908203e-02
1.700889691710472107e-02
4.499972239136695862e-02
-3.283466026186943054e-02
-5.912506580352783203e-02
8.372792601585388184e-02
-6.049272045493125916e-02
-1.383331716060638428e-01
-2.073774673044681549e-02
-2.976904995739459991e-02
-5.923882499337196350e-02
-4.143870249390602112e-02
-5.099534243345260620e-02
-1.032831743359565735e-01
-9.275660663843154907e-02
-6.752104312181472778e-02
-7.859670370817184448e-02
-1.239563003182411194e-01
9.933980181813240051e-03
7.770785130560398102e-03
-1.307498943060636520e-02
-1.943088322877883911e-02
3.212403878569602966e-02
-1.022215280681848526e-02
-2.697658538818359375e-02
-1.629284233786165714e-03
-1.950282603502273560e-02
1.022424269467592239e-02
2.118507586419582367e-02
1.463379524648189545e-02
9.307277388870716095e-03
-1.266374252736568451e-03
1.253186445683240891e-02
3.901277435943484306e-03
-7.249541580677032471e-02
-7.796605583280324936e-03
-3.264259546995162964e-02
5.128405988216400146e-03
-1.267769560217857361e-02
-6.060100719332695007e-02
3.803605586290359497e-02
4.304068535566329956e-02
-5.307502672076225281e-02
2.979064732789993286e-02
1.849187724292278290e-02
-5.698508769273757935e-02
-3.713594004511833191e-02
9.317114949226379395e-02
1.432024757377803326e-03
-1.391839934512972832e-03
1.330860257148742676e-01
-1.389895938336849213e-02
-3.100375272333621979e-02
1.820211485028266907e-02
5.396215990185737610e-02
-1.496680662967264652e-03
-1.183104366064071655e-01
4.062236472964286804e-02
4.915839806199073792e-02
-1.610352396965026855e-01
-1.549536129459738731e-03
5.921208858489990234e-02
-8.780232816934585571e-02
-8.637973666191101074e-02
1.933992654085159302e-02
1.189466938376426697e-01
8.773988112807273865e-03
-4.532387945801019669e-03
5.076571926474571228e-02
2.323532290756702423e-02
2.642577700316905975e-02
-3.524168627336621284e-03
2.253751736134290695e-03
2.689006179571151733e-02
-5.763055011630058289e-02
-6.207926664501428604e-03
4.927102103829383850e-02
-5.277766287326812744e-02
2.342794090509414673e-02
2.880459092557430267e-02
-3.832892328500747681e-02
1.376387011259794235e-02
-5.226041376590728760e-02
-3.455869853496551514e-03
-2.608934789896011353e-02
-4.714890941977500916e-02
-5.965606775134801865e-03
-3.674316406250000000e-02
-3.504818305373191833e-02
-1.594161801040172577e-02
-4.296321421861648560e-02
-2.306108921766281128e-02
-2.485818602144718170e-02
1.598284021019935608e-02
-1.389806345105171204e-02
-1.299341395497322083e-02
2.641491219401359558e-02
7.265874650329351425e-03
7.436960935592651367e-02
-1.321335881948471069e-02
-3.049390576779842377e-02
-9.509909898042678833e-03
7.313860207796096802e-02
6.243121251463890076e-02
1.813681237399578094e-02
-2.671022713184356689e-02
-1.961263082921504974e-02
-7.230868935585021973e-02
-2.034704200923442841e-02
1.192682310938835144e-01
-4.056501016020774841e-02
-7.205562200397253036e-03
3.850195556879043579e-02
-5.645295977592468262e-02
3.010405600070953369e-02
6.278659403324127197e-02
-6.773360073566436768e-02
-1.802085153758525848e-02
-1.701864646747708321e-03
-4.368346929550170898e-02
7.192326337099075317e-02
3.975734114646911621e-02
-4.778158292174339294e-02
1.649417541921138763e-02
6.686649471521377563e-02
-4.916235059499740601e-02
-1.847641356289386749e-02
-4.316534474492073059e-02
-3.821020945906639099e-02
2.445729682222008705e-03
1.126035209745168686e-02
-2.588825300335884094e-02
-1.636557653546333313e-02
4.233873635530471802e-02
3.330211341381072998e-02
-1.685264520347118378e-03
-4.487012326717376709e-02
2.104177139699459076e-02
2.088944800198078156e-02
-3.888806328177452087e-02
4.001436010003089905e-02
1.712417346425354481e-03
-2.412896603345870972e-02
7.043106108903884888e-02
-6.527221202850341797e-02
4.661073163151741028e-02
-2.544650435447692871e-02
2.113606967031955719e-02
6.534598767757415771e-02
-1.858497969806194305e-02
-6.547660566866397858e-03
-7.671237736940383911e-02
-1.000499054789543152e-01
-2.113413810729980469e-02
-8.942511864006519318e-03
-4.663520678877830505e-02
-9.383358061313629150e-03
-3.117646090686321259e-02
-2.908382751047611237e-02
3.568757325410842896e-02
-5.819003563374280930e-03
3.146011009812355042e-02
-2.480280585587024689e-02
1.699317432940006256e-02
1.557896006852388382e-02
-4.698728397488594055e-02
-5.880820378661155701e-02
3.184376284480094910e-02
1.573020033538341522e-02
3.102297522127628326e-02
7.376414537429809570e-02
-1.202399469912052155e-02
1.241765171289443970e-02
4.211423918604850769e-03
5.510086193680763245e-03
8.427330851554870605e-02
1.819248124957084656e-02
-9.664464741945266724e-02
-2.450112812221050262e-02
-6.260151416063308716e-02
-5.071591585874557495e-02
-3.856251761317253113e-02
7.506767660379409790e-02
-7.520565390586853027e-02
-7.816557586193084717e-02
6.374067068099975586e-02
-4.921080917119979858e-02
2.445186115801334381e-02
8.047103881835937500e-02
6.336535327136516571e-03
-1.013892218470573425e-01
1.181823946535587311e-02
1.939376443624496460e-02
-7.008165866136550903e-02
2.416183799505233765e-02
1.047359872609376907e-02
-3.362618759274482727e-02
3.471818938851356506e-02
-1.399962604045867920e-02
6.276603043079376221e-02
-4.763324931263923645e-02
-3.024141676723957062e-02
9.512739628553390503e-02
-5.393083766102790833e-02
-4.460499808192253113e-02
4.319458454847335815e-02
-4.185355082154273987e-02
2.718976885080337524e-02
1.281307078897953033e-02
-3.558863699436187744e-02
2.754473313689231873e-02
1.295464206486940384e-02
1.051359623670578003e-02
2.797599881887435913e-02
2.613961463794112206e-03
7.104380987584590912e-03
-6.440157536417245865e-03
-2.983269467949867249e-02
-5.844556260854005814e-03
-1.067306660115718842e-02
5.945237353444099426e-02
-8.480674773454666138e-02
-3.075566515326499939e-02
-2.035976573824882507e-02
-1.277581453323364258e-01
-2.298889867961406708e-02
-3.558818623423576355e-02
-4.046788811683654785e-02
-3.467395529150962830e-02
1.937610283493995667e-02
4.311493411660194397e-02
-3.953191637992858887e-02
3.836775571107864380e-02
4.514931887388229370e-02
5.777578800916671753e-02
-8.165676891803741455e-02
5.675213833455927670e-05
-2.149084582924842834e-02
-5.340128764510154724e-02
9.408894926309585571e-03
-1.105917152017354965e-02
6.452484428882598877e-02
6.551826000213623047e-02
-1.834970712661743164e-02
-1.932424865663051605e-02
2.313601970672607422e-02
-6.714109797030687332e-03
1.173209771513938904e-02
1.169343851506710052e-02
-1.322251930832862854e-02
5.355808883905410767e-03
-1.300263777375221252e-02
-2.802404575049877167e-02
1.244820579886436462e-01
1.219102274626493454e-02
1.909960620105266571e-02
2.413650508970022202e-03
-2.049579098820686340e-02
8.143451996147632599e-03
-4.301405698060989380e-02
-1.406017132103443146e-02
3.377971053123474121e-02
-1.871937140822410583e-02
-1.060491055250167847e-02
4.764223098754882812e-02
4.048324190080165863e-03
4.363470152020454407e-02
-7.869276218116283417e-03
-7.081487681716680527e-03
2.469869516789913177e-02
2.923145890235900879e-02
-7.868187129497528076e-02
2.469900995492935181e-02
7.879219949245452881e-02
-3.565264493227005005e-02
6.102165579795837402e-02
4.665074869990348816e-02
1.321298815310001373e-02
3.088443726301193237e-02
8.043544739484786987e-02
-1.413430459797382355e-02
-8.018815517425537109e-02
7.627485692501068115e-02
-3.268917649984359741e-02
-8.542490750551223755e-02
5.714071542024612427e-02
-1.347604952752590179e-02
-3.632664680480957031e-02
1.060435269027948380e-02
9.561081975698471069e-02
-1.367536839097738266e-02
-3.095380589365959167e-02
1.590450704097747803e-01
-2.738459222018718719e-02
-7.428134232759475708e-02
6.326325982809066772e-02
-5.143974721431732178e-02
-2.770201861858367920e-02
1.110038347542285919e-02
6.568440049886703491e-02
6.702814716845750809e-04
-2.239874377846717834e-02
3.651722148060798645e-02
4.690806381404399872e-03
-2.543080225586891174e-02
5.080592818558216095e-03
-4.438613355159759521e-02
-1.759617216885089874e-02
-3.677042899653315544e-03
-5.548182502388954163e-02
4.801786318421363831e-02
-1.175826136022806168e-02
1.638824306428432465e-02
7.737161964178085327e-02
6.330862641334533691e-03
-6.545340269804000854e-02
5.436392035335302353e-03
-4.511848837137222290e-02
-3.613043949007987976e-02
1.165766492486000061e-01
2.437770552933216095e-02
-4.335565865039825439e-02
-2.515933290123939514e-02
-5.794186890125274658e-02
-7.192194461822509766e-03
-1.156596615910530090e-01
-9.219022095203399658e-02
4.764934629201889038e-02
-3.859744966030120850e-02
-3.958041593432426453e-02
7.070229202508926392e-02
-3.151624696329236031e-03
2.430179342627525330e-02
-7.863196730613708496e-02
-3.729999065399169922e-02
-3.003101237118244171e-02
-8.272401988506317139e-02
4.690810292959213257e-02
2.390948124229907990e-02
-3.123641200363636017e-02
5.311631783843040466e-02
2.103723771870136261e-02
1.965961605310440063e-02
-1.000385656952857971e-01
2.915328601375222206e-03
3.293172642588615417e-02
-1.153260916471481323e-01
-3.081628819927573204e-04
1.206360757350921631e-02
-5.129589885473251343e-02
8.560859411954879761e-02
-1.738121919333934784e-02
-4.856166988611221313e-02
2.647066302597522736e-02
6.084060296416282654e-03
1.473024394363164902e-02
2.308904379606246948e-02
-2.070503309369087219e-02
-8.303475915454328060e-04
9.103966876864433289e-03
-4.584585875272750854e-02
-6.399956066161394119e-03
-1.990474201738834381e-02
-9.049880463862791657e-05
7.087449077516794205e-03
-2.361593022942543030e-02
1.756496168673038483e-02
-3.447684866841882467e-04
-3.158147633075714111e-02
2.174595836549997330e-03
2.046899311244487762e-02
4.126062244176864624e-02
-2.849770896136760712e-02
1.917635835707187653e-02
5.011571571230888367e-02
1.165750529617071152e-02
1.500729378312826157e-02
4.008231312036514282e-02
-3.373784571886062622e-02
2.372283488512039185e-02
-2.087750658392906189e-02
-1.265936065465211868e-03
-1.503541599959135056e-02
-2.137391641736030579e-02
-1.576871797442436218e-02
-3.584007546305656433e-02
-1.326240878552198410e-02
3.099296241998672485e-02
5.088604614138603210e-02
2.079183235764503479e-02
1.255122292786836624e-02
1.323416549712419510e-02
1.859933137893676758e-02
7.352779805660247803e-02
1.003579273819923401e-01
9.983157366514205933e-02
1.519883982837200165e-02
-7.197776436805725098e-02
-5.635605379939079285e-02
-6.161473691463470459e-02
-8.647599816322326660e-02
-5.548744276165962219e-02
-7.407113164663314819e-02
-8.818876743316650391e-02
-3.160073235630989075e-02
3.033679677173495293e-03
-2.337366156280040741e-02
4.490800574421882629e-02
-2.078421413898468018e-03
-3.894722554832696915e-03
-1.418337039649486542e-02
-4.415484890341758728e-02
2.679339377209544182e-03
1.278194249607622623e-03
-3.463232144713401794e-02
-4.107896983623504639e-02
5.393190681934356689e-02
-4.469692334532737732e-02
-2.397064119577407837e-03
4.178889468312263489e-02
1.381432823836803436e-02
-3.981050394941121340e-04
-8.312062360346317291e-03
-1.934175030328333378e-03
1.400943659245967865e-02
-2.548508904874324799e-02
-2.350116521120071411e-02
-8.175309747457504272e-03
-2.926496043801307678e-02
-6.402324140071868896e-02
-9.725039824843406677e-03
1.023730612359941006e-03
-5.184525996446609497e-02
-6.803399324417114258e-02
-2.949594706296920776e-02
-5.497083440423011780e-02
-3.793871030211448669e-02
-3.667964413762092590e-02
-4.326277971267700195e-02
-1.784087345004081726e-02
9.956235997378826141e-03
-4.684267938137054443e-02
2.667844295501708984e-02
-1.796951331198215485e-02
7.741198875010013580e-03
7.736006379127502441e-02
1.252077240496873856e-02
6.062492355704307556e-02
1.110625267028808594e-01
6.000214070081710815e-02
-1.069545093923807144e-02
5.138731561601161957e-03
-2.271755784749984741e-02
1.876743696630001068e-02
1.359453983604907990e-02
-4.025319963693618774e-02
-4.213813692331314087e-03
-1.453424151986837387e-02
-4.557410627603530884e-02
-1.712080277502536774e-02
-1.370344310998916626e-01
-4.954062029719352722e-02
-7.166171818971633911e-02
-9.262798726558685303e-02
1.249803137034177780e-02
-2.012974582612514496e-02
-8.534380048513412476e-02
7.539052516222000122e-03
4.180599469691514969e-03
-7.875684648752212524e-03
2.380440197885036469e-02
-1.784578897058963776e-02
-1.743634603917598724e-02
-2.151146717369556427e-02
-1.865042373538017273e-02
-1.138948462903499603e-02
-4.752760007977485657e-02
-2.224959060549736023e-02
-7.644302397966384888e-02
-5.056961625814437866e-02
-2.138440869748592377e-02
-6.230363622307777405e-02
-5.937238410115242004e-02
-3.573371097445487976e-02
-4.216878116130828857e-02
-6.173498556017875671e-02
3.450999036431312561e-03
-6.114080548286437988e-03
-4.182736203074455261e-02
1.573800109326839447e-02
-1.683154702186584473e-02
-2.232491597533226013e-02
-2.017635479569435120e-02
-3.833223134279251099e-02
-5.762840062379837036e-02
9.925345331430435181e-02
-1.750067691318690777e-03
1.284114178270101547e-02
2.132480405271053314e-02
-3.731229156255722046e-02
-1.807317882776260376e-02
2.751547144725918770e-03
8.951066993176937103e-03
1.739567890763282776e-02
2.089714631438255310e-02
-3.804047033190727234e-02
-3.764846175909042358e-02
-2.068706601858139038e-02
-5.644030123949050903e-02
-8.095503598451614380e-02
-3.397173434495925903e-02
-2.945739217102527618e-02
-7.349000126123428345e-02
-5.974445492029190063e-03
-6.591327488422393799e-02
1.031922455877065659e-02
5.979610141366720200e-03
-4.028350859880447388e-02
-9.393437206745147705e-02
4.430315922945737839e-03
-2.032547071576118469e-02
-6.657449156045913696e-02
-1.525939069688320160e-02
3.568264842033386230e-02
-3.771316260099411011e-02
-6.733930855989456177e-02
-2.269722521305084229e-02
-2.838238514959812164e-02
-1.145095005631446838e-01
-8.231955021619796753e-02
-7.422124594449996948e-02
-3.384698554873466492e-02
-1.329039875417947769e-02
-4.186756163835525513e-02
-4.085793346166610718e-02
-2.117302455008029938e-02
-2.658837288618087769e-02
-6.496720016002655029e-02
-3.824403136968612671e-02
-3.659172728657722473e-02
-2.259583584964275360e-02
-7.401590049266815186e-02
-3.189419582486152649e-02
-4.163190349936485291e-02
-4.161160811781883240e-02
-2.454471774399280548e-02
-3.695138171315193176e-02
-2.959349937736988068e-02
-2.550032921135425568e-03
4.217399284243583679e-02
6.984888762235641479e-02
1.110255834646522999e-03
-3.309884667396545410e-02
-1.744112186133861542e-02
-3.171543776988983154e-02
-2.130973339080810547e-02
2.750941365957260132e-02
-1.879059895873069763e-02
-9.169585257768630981e-02
-1.026692464947700500e-01
-1.136355474591255188e-01
-6.591513007879257202e-02
-9.272722154855728149e-02
-6.046504899859428406e-02
-3.823179379105567932e-02
-5.317325517535209656e-02
-1.169262919574975967e-02
3.049920126795768738e-02
-2.667576191015541553e-04
1.325455773621797562e-02
-3.657668083906173706e-02
-1.862032338976860046e-02
2.916109981015324593e-03
-4.988060891628265381e-02
-1.065876986831426620e-02
6.648470461368560791e-02
5.095050483942031860e-02
-1.670437306165695190e-02
-3.698638454079627991e-02
3.337014466524124146e-02
-1.591934269526973367e-04
-2.902447246015071869e-02
1.013413295149803162e-01
1.997618190944194794e-02
-3.241255879402160645e-02
-1.095598842948675156e-02
-4.312968254089355469e-02
-6.482414901256561279e-02
2.449413202702999115e-02
-4.672988504171371460e-02
-7.181441783905029297e-02
9.954556822776794434e-02
4.106453154236078262e-03
-6.079354509711265564e-02
1.956645771861076355e-02
-3.737491741776466370e-02
-3.873515874147415161e-02
-1.820626668632030487e-02
-6.220848858356475830e-02
-1.646030694246292114e-02
-1.850146427750587463e-02
-1.883273385465145111e-02
1.248577143996953964e-02
9.642418473958969116e-03
-4.248795285820960999e-02
-5.693980492651462555e-03
-4.425545409321784973e-02
-5.550242215394973755e-02
-5.548127740621566772e-02
5.961523856967687607e-03
-4.927324596792459488e-03
1.048226840794086456e-02
2.739284420385956764e-03
8.872802555561065674e-02
5.248993262648582458e-02
-3.425527736544609070e-02
4.763368144631385803e-02
1.680249534547328949e-02
-4.177320003509521484e-02
3.920698910951614380e-02
4.564393311738967896e-02
1.130592972040176392e-01
9.619421511888504028e-02
-3.769963281229138374e-03
2.543702721595764160e-02
7.915776222944259644e-03
2.493627555668354034e-02
-3.690648823976516724e-03
2.032347582280635834e-02
4.176174104213714600e-02
-6.751098483800888062e-02
-6.179437786340713501e-02
-2.045158296823501587e-02
-6.431648880243301392e-02
-6.260138005018234253e-02
-7.914096862077713013e-02
-5.513357743620872498e-02
-2.306703850626945496e-02
-2.866156585514545441e-02
-7.573053240776062012e-02
7.158284075558185577e-03
-1.194877270609140396e-02
-7.427503913640975952e-02
-5.396325886249542236e-02
3.711734339594841003e-02
-9.926499798893928528e-03
-6.501520425081253052e-02
-9.361295029520988464e-03
-1.113687828183174133e-02
-6.893068202771246433e-04
3.796138241887092590e-02
-2.857847325503826141e-02
-4.078680276870727539e-02
-4.249613732099533081e-02
-3.429913148283958435e-02
-5.579003319144248962e-02
-4.231853783130645752e-02
-3.062966279685497284e-02
-5.194497760385274887e-03
-2.273869514465332031e-02
2.608765847980976105e-03
-2.585160359740257263e-02
-4.259959235787391663e-02
3.305837139487266541e-02
-1.746881008148193359e-02
-6.858988851308822632e-02
-1.185524510219693184e-03
2.913417294621467590e-02
3.374809399247169495e-02
3.567817062139511108e-02
-2.834073966369032860e-03
-5.410503223538398743e-02
2.320883423089981079e-02
-3.500407561659812927e-02
-2.671147696673870087e-02
-5.341506097465753555e-03
3.293573483824729919e-02
4.965441185049712658e-04
1.910601556301116943e-02
3.394371271133422852e-02
-4.509438574314117432e-02
-3.938729688525199890e-02
-3.074334934353828430e-03
-3.369867056608200073e-02
2.879467234015464783e-02
-1.099783554673194885e-02
-4.370577260851860046e-02
2.310266345739364624e-02
-2.757047303020954132e-02
-7.412326056510210037e-03
1.392894145101308823e-02
-1.564597710967063904e-02
-3.391021862626075745e-02
-4.278820753097534180e-02
-2.436034567654132843e-02
3.189339116215705872e-02
-3.673551976680755615e-02
-4.682061076164245605e-02
7.333041727542877197e-02
-2.223004959523677826e-02
-3.928679972887039185e-02
7.422761619091033936e-02
-6.716760247945785522e-02
-7.165451999753713608e-03
8.573820441961288452e-02
-4.774881526827812195e-02
-5.480553954839706421e-02
6.053710356354713440e-02
-6.067104637622833252e-03
-2.738438919186592102e-02
7.055725157260894775e-02
1.128049474209547043e-02
2.891044132411479950e-02
-2.387724816799163818e-02
2.824061922729015350e-02
4.483827576041221619e-02
-4.196101799607276917e-02
5.657417327165603638e-02
5.354027822613716125e-02
4.553255066275596619e-02
-2.572369202971458435e-02
-3.182550519704818726e-02
-5.872758850455284119e-02
7.147175818681716919e-02
-6.505985558032989502e-02
-4.740595445036888123e-02
6.188745424151420593e-02
-8.212778717279434204e-02
-1.769491657614707947e-02
2.652470767498016357e-02
-2.315507642924785614e-02
2.907391637563705444e-02
3.284829854965209961e-02
-1.673412322998046875e-02
8.434195816516876221e-02
-6.001035124063491821e-02
-5.361968278884887695e-02
7.001093775033950806e-02
-1.049607694149017334e-01
-1.120770629495382309e-02
-3.255878342315554619e-03
-7.269879430532455444e-02
9.162878245115280151e-02
-2.665603160858154297e-02
-4.200337454676628113e-03
8.186473697423934937e-02
-5.190162360668182373e-02
4.067883267998695374e-02
-9.172836318612098694e-03
-2.082033455371856689e-02
6.405914574861526489e-02
-1.388545334339141846e-02
-6.023315712809562683e-02
9.663526713848114014e-02
-4.724698141217231750e-02
-9.221430122852325439e-02
-2.281078882515430450e-02
4.569808486849069595e-03
6.646504253149032593e-02
-5.118902772665023804e-03
-4.340909421443939209e-02
-1.612937264144420624e-02
2.411265112459659576e-02
-1.396481133997440338e-02
-4.847794771194458008e-03
2.028300054371356964e-02
3.732912242412567139e-02
4.992981627583503723e-02
-1.280251238495111465e-02
2.821251517161726952e-03
1.199953258037567139e-02
-4.462782293558120728e-02
2.699017757549881935e-03
-1.004723645746707916e-02
8.176451548933982849e-03
2.502442337572574615e-02
4.788523167371749878e-02
5.009458586573600769e-02
-1.962094940245151520e-02
-3.231960162520408630e-02
7.583718746900558472e-02
-3.075910359621047974e-02
-4.811191186308860779e-02
-1.918284408748149872e-02
6.527543067932128906e-02
-4.003307968378067017e-02
-2.741005085408687592e-02
7.507108896970748901e-02
-2.625472098588943481e-02
-1.071948651224374771e-02
6.350728869438171387e-02
-1.957057043910026550e-02
-2.663135156035423279e-02
7.623041979968547821e-03
-6.680485606193542480e-02
4.814520478248596191e-02
3.718217089772224426e-02
-6.843431293964385986e-02
7.923085242509841919e-02
3.871770203113555908e-02
-4.445493593811988831e-02
-9.358291514217853546e-03
-5.148964375257492065e-02
4.812085628509521484e-02
5.845396779477596283e-03
-5.489900335669517517e-02
4.201096668839454651e-02
1.053814124315977097e-02
-7.055150344967842102e-03
1.324482169002294540e-02
-1.233824267983436584e-01
4.348062444478273392e-03
6.151600182056427002e-02
-1.031710654497146606e-01
2.610259130597114563e-02
7.665859907865524292e-02
-9.441509097814559937e-02
3.535465151071548462e-02
2.155936881899833679e-02
-1.975459419190883636e-02
1.037934981286525726e-02
-3.292055334895849228e-03
-3.183201700448989868e-02
3.525945125147700310e-03
2.226116321980953217e-02
-9.734991006553173065e-03
3.444563224911689758e-02
3.681570291519165039e-02
-3.844875842332839966e-02
-4.242829047143459320e-03
4.103282000869512558e-03
-6.801675260066986084e-02
1.616314426064491272e-02
4.191352799534797668e-02
1.574780791997909546e-03
1.011287514120340347e-02
-3.713923739269375801e-03
-1.410346105694770813e-02
-1.374026667326688766e-02
1.031177863478660583e-02
-4.955713823437690735e-02
-1.403813343495130539e-02
1.662684045732021332e-02
-2.172929979860782623e-02
6.285753566771745682e-03
-1.989353075623512268e-02
-2.623307704925537109e-02
-1.472004572860896587e-03
3.539514169096946716e-02
-9.679750539362430573e-03
8.072150871157646179e-03
2.581383101642131805e-02
1.195417903363704681e-02
6.370525341480970383e-03
-3.182172402739524841e-02
-6.337501853704452515e-02
2.863959036767482758e-02
3.111201338469982147e-02
1.342719979584217072e-02
7.403033226728439331e-02
-2.269939146935939789e-02
4.885913431644439697e-02
-1.939274184405803680e-02
-1.878193020820617676e-02
-9.803774300962686539e-04
-3.628363460302352905e-02
-4.841300472617149353e-02
9.650669991970062256e-02
-5.059788748621940613e-02
-5.353486165404319763e-02
1.150233671069145203e-01
-1.002444699406623840e-01
-7.572884112596511841e-02
4.884830210357904434e-03
3.403633087873458862e-02
-6.507465243339538574e-02
-2.575486898422241211e-02
5.965617671608924866e-02
4.875849466770887375e-03
-3.705185605213046074e-03
2.712969295680522919e-02
1.014573383145034313e-03
-4.965950502082705498e-04
-2.710494212806224823e-02
8.304129354655742645e-03
2.429810166358947754e-02
-4.318828135728836060e-02
-5.535122007131576538e-03
6.922870874404907227e-02
-8.832992170937359333e-04
-1.268918626010417938e-02
1.923251524567604065e-02
-1.937347650527954102e-02
-4.733865335583686829e-02
4.298022761940956116e-02
-4.145961254835128784e-02
-5.656694993376731873e-02
3.491088002920150757e-02
-6.072084605693817139e-02
-4.279526323080062866e-02
3.076265798881649971e-03
3.725714050233364105e-03
4.593370482325553894e-02
-5.646341666579246521e-02
2.037443686276674271e-03
2.532339841127395630e-02
-1.310477554798126221e-01
-5.670710932463407516e-03
2.395453490316867828e-02
-2.491365186870098114e-02
2.898591943085193634e-02
-2.037828322499990463e-03
-4.490814730525016785e-02
5.980748310685157776e-02
1.813109964132308960e-02
-6.804206222295761108e-02
6.681531667709350586e-02
4.402136802673339844e-02
-3.681726008653640747e-02
-8.835247717797756195e-03
2.891417033970355988e-02
-1.110929846763610840e-01
-9.344539605081081390e-03
6.458637863397598267e-02
-7.400286942720413208e-02
9.376683156006038189e-04
3.065056540071964264e-02
8.727964013814926147e-03
2.853114623576402664e-03
-3.181934123858809471e-03
-7.704214006662368774e-02
4.490175843238830566e-02
2.617869712412357330e-02
-6.263748556375503540e-02
5.476037785410881042e-02
1.604716293513774872e-02
2.853148616850376129e-02
-1.505832653492689133e-03
2.333960495889186859e-02
-3.604697436094284058e-02
2.736645750701427460e-03
-1.717282831668853760e-02
1.556543982587754726e-03
-2.218910027295351028e-03
-6.488233059644699097e-02
4.374082386493682861e-02
3.600633889436721802e-02
-2.883846126496791840e-02
-7.925968617200851440e-03
2.752070128917694092e-02
-2.685546688735485077e-02
-6.040224805474281311e-02
-3.323610872030258179e-02
6.017731968313455582e-03
5.014779791235923767e-02
7.392839342355728149e-02
-3.352294862270355225e-02
3.370920568704605103e-02
-5.260965973138809204e-02
-3.865462541580200195e-02
-4.280758276581764221e-02
-2.012233249843120575e-02
-8.065708912909030914e-03
-3.768101334571838379e-02
-1.916285976767539978e-02
7.903341203927993774e-02
-3.101612441241741180e-02
-4.259357973933219910e-02
2.081576175987720490e-02
4.420837759971618652e-02
7.539472728967666626e-02
2.319780550897121429e-02
2.308343350887298584e-02
4.790917783975601196e-02
-8.020675182342529297e-02
4.282139986753463745e-02
4.169477149844169617e-02
-1.079981103539466858e-01
3.654129430651664734e-02
-2.510897442698478699e-02
-4.016873612999916077e-02
-1.051335856318473816e-01
4.100760072469711304e-02
2.778261713683605194e-02
4.774162080138921738e-03
1.274553406983613968e-02
-1.096944045275449753e-02
9.389580786228179932e-02
4.598780069500207901e-03
-3.846184164285659790e-02
-8.431844413280487061e-03
2.077737636864185333e-02
-3.123021870851516724e-02
-4.900962486863136292e-02
-5.038587749004364014e-02
-5.181420221924781799e-02
3.026461228728294373e-02
3.788795322179794312e-02
-1.945985294878482819e-02
-1.352539006620645523e-02
-6.961628794670104980e-02
-4.448681697249412537e-02
2.071750815957784653e-03
-1.384627539664506912e-02
7.348403334617614746e-03
-2.062426134943962097e-02
-2.462610602378845215e-03
4.123521968722343445e-02
-3.323493152856826782e-02
-2.610283158719539642e-02
1.163693051785230637e-02
-3.144035860896110535e-02
6.482455134391784668e-02
-3.315894678235054016e-02
1.928563788533210754e-02
1.439797971397638321e-02
-4.934115335345268250e-02
-3.520473465323448181e-02
6.388873793184757233e-03
2.437449991703033447e-02
-1.626133546233177185e-02
2.719096653163433075e-02
-1.756935752928256989e-02
-1.513328310102224350e-02
3.322619944810867310e-02
-7.941369898617267609e-03
-5.215571261942386627e-03
-7.778813689947128296e-02
-7.009485363960266113e-02
-1.535416301339864731e-02
-4.440541192889213562e-02
4.089859127998352051e-02
3.737233206629753113e-02
6.901899725198745728e-02
4.515378177165985107e-02
-1.556959562003612518e-02
-9.607445448637008667e-02
-1.165629178285598755e-02
-6.549501419067382812e-02
-9.194249659776687622e-02
-4.539898410439491272e-02
6.024812161922454834e-02
3.268824517726898193e-02
3.618231788277626038e-02
-5.591948702931404114e-02
-6.158950924873352051e-02
-9.702069684863090515e-03
-9.174261242151260376e-02
-2.382117509841918945e-02
-2.178545109927654266e-02
-4.130512475967407227e-02
9.269239753484725952e-02
3.631323948502540588e-02
-3.893073275685310364e-02
-1.283161900937557220e-02
1.584667712450027466e-02
-3.887128829956054688e-02
-6.790407001972198486e-03
6.759332865476608276e-02
-6.250069290399551392e-02
-1.724600233137607574e-02
1.695739291608333588e-02
2.146000973880290985e-02
3.940154612064361572e-02
1.678837649524211884e-02
8.584674447774887085e-02
-3.802450746297836304e-02
-3.370222076773643494e-02
-1.375150517560541630e-03
-5.433595553040504456e-02
-3.698537871241569519e-02
2.415638975799083710e-02
-1.273527974262833595e-03
-2.151263132691383362e-02
-1.488774456083774567e-02
-1.754240877926349640e-02
5.031594075262546539e-03
-3.759385645389556885e-02
-6.077972706407308578e-03
-3.126455470919609070e-02
-5.923563614487648010e-02
-1.067267172038555145e-02
5.106448009610176086e-02
-5.373543873429298401e-02
7.093349844217300415e-02
6.167361885309219360e-02
-3.534053638577461243e-02
-5.843103677034378052e-02
-4.719699919223785400e-02
-4.636659752577543259e-03
-9.248038381338119507e-02
-4.028555750846862793e-02
-7.842995226383209229e-03
7.942969910800457001e-03
1.599057391285896301e-02
-1.330472808331251144e-02
5.714436993002891541e-02
2.775411121547222137e-02
5.293848738074302673e-02
6.556339794769883156e-04
-3.951164335012435913e-02
-1.088929083198308945e-02
-8.820075541734695435e-02
-2.209470048546791077e-02
-3.526668623089790344e-02
-1.318066939711570740e-02
4.583606496453285217e-02
4.836731404066085815e-02
-1.884477585554122925e-02
-3.567267209291458130e-02
-3.130717948079109192e-02
-1.022216081619262695e-01
-2.303314022719860077e-02
-4.257339239120483398e-02
-1.799867488443851471e-02
7.784907519817352295e-02
7.114677689969539642e-03
6.129847466945648193e-02
9.674202650785446167e-03
2.675397321581840515e-02
4.988270625472068787e-02
-7.071939110755920410e-02
1.339498907327651978e-02
-8.921679109334945679e-03
-3.002754785120487213e-02
6.393714249134063721e-02
7.415879517793655396e-02
4.439585376530885696e-03
3.530526766553521156e-03
-3.023421391844749451e-02
-8.593766018748283386e-03
-3.604467958211898804e-02
-4.069077596068382263e-02
2.271236386150121689e-03
-4.708004742860794067e-02
-2.910821698606014252e-02
-2.121707610785961151e-02
-5.834711343050003052e-02
-1.511225290596485138e-02
4.988655820488929749e-02
-1.849491149187088013e-02
-1.575264707207679749e-02
1.437196508049964905e-02
1.731953769922256470e-02
1.881323382258415222e-02
-5.715305916965007782e-03
-1.737201400101184845e-02
-4.970938712358474731e-02
-1.779753528535366058e-02
1.883379183709621429e-02
-6.100794300436973572e-02
-3.885261714458465576e-02
-3.799387812614440918e-02
-1.209866553544998169e-01
5.726915970444679260e-02
9.086048230528831482e-03
-1.286713220179080963e-02
-4.946934059262275696e-02
8.259022235870361328e-02
5.960806459188461304e-02
-2.941832644864916801e-03
5.246254801750183105e-02
-6.456745415925979614e-02
-4.586320370435714722e-02
-5.090275034308433533e-02
-4.924270510673522949e-02
2.917387150228023529e-02
-1.127037107944488525e-01
2.051627635955810547e-02
8.593333512544631958e-02
-8.450308814644813538e-03
3.388814628124237061e-02
-1.869500800967216492e-02
2.345662377774715424e-02
-3.546874970197677612e-02
-5.320125818252563477e-02
3.166769072413444519e-02
-5.517126992344856262e-02
-3.488661348819732666e-02
-7.988439500331878662e-02
-3.283630358055233955e-04
-1.690483279526233673e-02
-2.435976639389991760e-03
6.027119234204292297e-03
-5.805976688861846924e-02
4.766222089529037476e-02
1.093809306621551514e-02
-4.323080182075500488e-02
5.632887594401836395e-03
3.865740494802594185e-03
2.785268239676952362e-02
-1.397555880248546600e-02
2.027108334004878998e-03
-3.245336934924125671e-02
2.052830532193183899e-02
-1.338929869234561920e-02
-8.160523325204849243e-02
-2.877380512654781342e-02
-3.919574618339538574e-02
2.324169874191284180e-02
-7.421068102121353149e-02
-8.432624861598014832e-03
-4.682848602533340454e-02
1.631893962621688843e-02
4.486047849059104919e-02
-7.913519442081451416e-02
5.543956160545349121e-02
6.097258627414703369e-02
-4.374755546450614929e-02
2.148988470435142517e-02
-3.457066416740417480e-02
5.122706294059753418e-02
-4.229650273919105530e-02
-6.694681942462921143e-02
6.879324465990066528e-02
6.979570537805557251e-02
-6.369331479072570801e-02
6.747473962604999542e-03
1.070998162031173706e-01
-3.616222366690635681e-02
-7.853788882493972778e-02
2.578618563711643219e-02
2.501329965889453888e-02
2.796884998679161072e-02
-1.407505013048648834e-02
-6.957733631134033203e-02
2.309404686093330383e-02
-6.245050206780433655e-02
-5.682465806603431702e-02
5.930113419890403748e-02
-4.885154217481613159e-02
2.394516021013259888e-03
2.800686098635196686e-02
-6.437037140130996704e-02
-5.873585492372512817e-02
-9.076319634914398193e-02
1.084109097719192505e-01
1.631563454866409302e-01
6.331673357635736465e-03
2.950622886419296265e-02
1.356194317340850830e-01
-4.031951725482940674e-02
7.203314453363418579e-02
3.589883679524064064e-03
-3.752806514967232943e-04
-1.974589377641677856e-02
-5.424428358674049377e-02
-4.942402988672256470e-02
5.304804071784019470e-02
3.712188825011253357e-02
2.572133950889110565e-02
-7.794211804866790771e-02
-8.132638037204742432e-02
-6.568270176649093628e-02
1.160501874983310699e-02
-4.582209512591362000e-02
-1.453579030930995941e-02
-4.751346260309219360e-02
-3.856750950217247009e-02
-1.449246052652597427e-02
3.660472854971885681e-02
-4.860239103436470032e-02
2.447315305471420288e-02
1.084032841026782990e-02
-4.280846565961837769e-02
3.821019828319549561e-02
-3.458600118756294250e-02
-2.919820882380008698e-02
-7.937628030776977539e-02
-1.288210451602935791e-01
-7.919168472290039062e-02
1.269114948809146881e-02
-3.267553448677062988e-02
-9.642662107944488525e-02
-3.922026976943016052e-02
1.177751198410987854e-01
6.190051790326833725e-04
-2.558126486837863922e-02
5.834470316767692566e-02
-5.461307242512702942e-02
-2.820214815437793732e-02
2.154322899878025055e-02
-5.902201309800148010e-02
-9.612611681222915649e-02
-1.300066243857145309e-02
-8.776241913437843323e-03
-1.300883013755083084e-02
4.197033867239952087e-02
1.274096686393022537e-02
-7.726042065769433975e-03
-4.240347072482109070e-02
-1.282592769712209702e-02
-2.387694083154201508e-02
3.144545480608940125e-02
3.508153930306434631e-02
-4.767381772398948669e-02
-4.121058620512485504e-03
-5.816468223929405212e-02
-4.078375548124313354e-02
3.069021180272102356e-02
-5.833578761667013168e-03
3.279772400856018066e-02
-7.789021730422973633e-02
-1.248811092227697372e-02
-2.176659740507602692e-02
-3.193756937980651855e-02
-2.671099267899990082e-02
-3.165299817919731140e-02
1.090314122848212719e-03
3.251000121235847473e-02
1.615526340901851654e-02
-2.543219923973083496e-02
8.642967790365219116e-02
-2.570967376232147217e-02
-3.275265172123908997e-02
-2.994442358613014221e-02
-5.840961821377277374e-03
-2.283053472638130188e-02
-3.623303025960922241e-02
-2.207300812005996704e-02
3.040701337158679962e-02
-1.849261112511157990e-02
3.037657402455806732e-02
-6.558139622211456299e-02
-1.028374508023262024e-01
-6.630451977252960205e-02
3.670138120651245117e-02
-7.174756377935409546e-02
-3.004664368927478790e-02
9.795897454023361206e-02
3.869997709989547729e-02
6.333436816930770874e-02
-1.358846575021743774e-02
-1.467183418571949005e-02
-1.730413362383842468e-02
2.847850136458873749e-02
-3.653507679700851440e-02
-7.786776125431060791e-02
-2.542290650308132172e-02
-4.245366901159286499e-02
-5.219864845275878906e-02
7.042510062456130981e-02
4.299958050251007080e-02
6.565248221158981323e-02
-2.109055221080780029e-02
-3.178366273641586304e-02
-1.992451027035713196e-02
-5.815497040748596191e-02
-7.404568791389465332e-02
-7.800865918397903442e-02
-1.741923019289970398e-02
5.011571943759918213e-02
-6.714991177432239056e-04
3.080975031480193138e-03
-4.250187054276466370e-02
2.988832443952560425e-02
-5.992944166064262390e-02
-1.088762208819389343e-01
1.439515780657529831e-02
-1.361553370952606201e-02
1.274614408612251282e-02
2.615880407392978668e-02
3.966570831835269928e-03
6.506115314550697803e-04
4.204653948545455933e-02
-7.006449741311371326e-04
-2.771488204598426819e-02
-3.512536734342575073e-02
-4.090282320976257324e-02
-5.433593317866325378e-02
-7.505286484956741333e-02
-3.630229085683822632e-02
2.963076159358024597e-02
6.741708517074584961e-02
2.512199617922306061e-02
3.640250861644744873e-02
4.625571146607398987e-02
-8.137933164834976196e-02
7.641928386874496937e-04
4.440523311495780945e-02
3.683848306536674500e-02
5.069987103343009949e-02
1.082265935838222504e-02
1.848566532135009766e-02
4.403048753738403320e-02
1.996932365000247955e-02
3.386614099144935608e-02
-2.940685721114277840e-03
3.194927424192428589e-02
-8.249714970588684082e-02
-5.808873474597930908e-02
2.136441413313150406e-03
-2.121074683964252472e-02
-4.127383977174758911e-02
4.268195107579231262e-02
-1.021505985409021378e-02
7.891041785478591919e-02
1.544206519611179829e-03
-5.285189300775527954e-02
3.258657455444335938e-02
1.621269993484020233e-02
-5.288902297616004944e-02
-5.955579224973917007e-03
4.428130015730857849e-02
8.307924121618270874e-02
-9.663535282015800476e-03
8.540913462638854980e-02
4.336768761277198792e-03
-4.998585954308509827e-02
3.298179432749748230e-02
2.012038417160511017e-02
2.911878190934658051e-02
6.636466085910797119e-02
-3.421077970415353775e-03
5.093756597489118576e-03
-1.037777122110128403e-02
-3.445784002542495728e-02
-3.350999951362609863e-02
2.337822131812572479e-02
-6.761970464140176773e-03
1.813054457306861877e-02
3.786073252558708191e-02
-8.283358812332153320e-02
6.066299602389335632e-02
-3.154680132865905762e-02
-4.169567674398422241e-02
8.330082148313522339e-02
-4.008858650922775269e-02
-5.617464706301689148e-02
-5.574321746826171875e-02
-6.243996694684028625e-02
-2.231854014098644257e-02
-7.287375628948211670e-02
-2.327892929315567017e-02
-9.477115422487258911e-02
-2.948172390460968018e-02
2.863088808953762054e-02
-7.800499349832534790e-02
-6.274705380201339722e-02
1.548472512513399124e-02
-1.273426786065101624e-02
1.093727257102727890e-02
-2.232345566153526306e-02
4.013407975435256958e-02
-3.247307986021041870e-02
-4.172478220425546169e-04
2.496174164116382599e-02
5.055041983723640442e-03
6.610055267810821533e-02
-2.377462945878505707e-02
1.477648690342903137e-02
1.729970052838325500e-02
-5.425793677568435669e-02
-7.973552495241165161e-02
-3.384628146886825562e-02
2.113857120275497437e-02
-2.589169517159461975e-02
1.692989841103553772e-03
1.210872828960418701e-01
1.266598254442214966e-01
3.881963714957237244e-02
-4.211426898837089539e-02
-4.180597513914108276e-02
-3.581704199314117432e-02
3.919416293501853943e-02
-2.453909441828727722e-02
7.398930937051773071e-02
-3.628772217780351639e-03
1.424720278009772301e-03
-4.831458255648612976e-02
2.106212452054023743e-02
-8.852870762348175049e-02
1.746848039329051971e-02
3.218878060579299927e-03
-9.675531089305877686e-02
-1.707772351801395416e-02
1.229325961321592331e-02
2.644910663366317749e-02
-1.384638622403144836e-02
-4.827911779284477234e-02
-6.300473213195800781e-02
-4.231665655970573425e-02
-2.620532177388668060e-02
3.766843816265463829e-03
5.799959227442741394e-02
-2.326422184705734253e-02
-5.954186618328094482e-02
-8.315537869930267334e-02
-3.136033937335014343e-02
-4.083999618887901306e-02
1.105628311634063721e-01
2.776095457375049591e-02
-4.521917924284934998e-02
1.309984549880027771e-02
-7.543109357357025146e-02
-5.181082058697938919e-03
-2.711099013686180115e-02
-4.833547025918960571e-02
6.273230165243148804e-02
-1.822911202907562256e-02
1.110857911407947540e-02
2.793417498469352722e-02
-4.216524586081504822e-02
-1.648969482630491257e-03
-2.055864781141281128e-02
-1.172159612178802490e-02
4.736949503421783447e-02
2.267921529710292816e-02
1.145751048170495778e-05
3.167964518070220947e-02
2.813468500971794128e-02
-3.602944314479827881e-02
2.089072251692414284e-03
6.953170150518417358e-02
-2.295075170695781708e-02
-4.003930091857910156e-02
3.228420682717114687e-04
-3.646283224225044250e-02
-3.194679040461778641e-03
9.112486615777015686e-03
1.334118098020553589e-02
-7.018654793500900269e-02
2.274438925087451935e-02
7.950569689273834229e-02
-6.271919608116149902e-02
2.443498745560646057e-02
9.904389828443527222e-02
-1.217363253235816956e-01
-6.646599620580673218e-02
3.562375903129577637e-02
3.470193361863493919e-03
4.964734241366386414e-02
1.104841660708189011e-02
-2.430588752031326294e-02
4.031954705715179443e-02
-6.038594525307416916e-03
-1.822463423013687134e-02
5.449189245700836182e-02
3.339633345603942871e-02
4.241070896387100220e-02
1.085417158901691437e-02
-2.425934933125972748e-02
2.703817747533321381e-02
1.301315892487764359e-02
2.240419760346412659e-02
-2.939774654805660248e-03
5.677844397723674774e-03
3.664100542664527893e-02
-4.548485577106475830e-02
2.129170671105384827e-02
4.127509891986846924e-02
-4.773283004760742188e-02
3.269551554694771767e-03
-2.505077100067865103e-05
-1.754762977361679077e-02
1.733833365142345428e-02
4.908698424696922302e-02
9.429211169481277466e-02
-8.977259509265422821e-03
-9.132431820034980774e-03
6.371115148067474365e-02
4.898830130696296692e-02
2.054587006568908691e-02
1.266931742429733276e-02
5.836188048124313354e-02
6.269831210374832153e-03
-5.360727757215499878e-02
-1.342673413455486298e-02
5.024194717407226562e-02
-2.308007329702377319e-02
-1.598618738353252411e-02
1.371910143643617630e-02
1.532606407999992371e-02
-3.017323464155197144e-02
-6.483319401741027832e-02
1.592999324202537537e-02
7.028897851705551147e-02
1.685964688658714294e-02
-3.941540792584419250e-02
-2.309734467417001724e-03
-6.293357908725738525e-02
-6.289969384670257568e-02
-3.899925202131271362e-02
-7.973650097846984863e-02
-1.713647507131099701e-02
-5.383173748850822449e-02
2.136562764644622803e-02
-1.327290944755077362e-02
-2.804531715810298920e-02
4.818188399076461792e-02
-1.848000474274158478e-02
-4.697460681200027466e-02
4.359539225697517395e-02
-4.722283035516738892e-02
7.293174415826797485e-02
2.082587964832782745e-02
-6.397604197263717651e-02
4.514582082629203796e-02
4.329212009906768799e-02
-4.750514402985572815e-02
-5.855242162942886353e-02
-2.539731562137603760e-02
5.572170764207839966e-02
6.040140241384506226e-02
-6.708788871765136719e-02
-4.600690677762031555e-02
3.437514975666999817e-02
-2.234372869133949280e-02
-5.923172831535339355e-02
1.538873882964253426e-03
-1.859858818352222443e-02
4.622793197631835938e-02
1.875659637153148651e-02
-5.993034224957227707e-03
-2.139530703425407410e-02
-5.950172618031501770e-02
-6.808658596128225327e-03
3.216266259551048279e-02
-7.736625522375106812e-02
-8.322683162987232208e-03
-3.956337645649909973e-02
-9.068298339843750000e-02
-4.435202851891517639e-02
3.945446014404296875e-02
2.105229534208774567e-03
-5.638875812292098999e-02
2.443896979093551636e-02
6.416085362434387207e-02
2.592839300632476807e-03
4.942458122968673706e-02
6.538590788841247559e-02
1.463916897773742676e-02
-3.233863785862922668e-02
-5.177580192685127258e-02
-3.594366461038589478e-02
8.985611610114574432e-03
1.190031785517930984e-02
6.381496787071228027e-02
-5.326387006789445877e-03
-4.686889424920082092e-02
-1.467065978795289993e-02
4.682528972625732422e-02
-1.909470558166503906e-02
-3.843016549944877625e-02
3.215223923325538635e-02
-1.135435979813337326e-02
-6.002197042107582092e-02
-3.952776640653610229e-02
9.877294069156050682e-04
3.213543817400932312e-02
-2.743138559162616730e-02
-3.046400658786296844e-02
-9.603724814951419830e-03
-2.782086282968521118e-02
1.466311886906623840e-02
2.890620566904544830e-02
-3.933808300644159317e-03
-5.132479965686798096e-02
-5.641586706042289734e-02
-1.345227565616369247e-02
-5.493276566267013550e-02
1.159288920462131500e-03
5.830702558159828186e-02
-2.781403064727783203e-02
3.581368178129196167e-02
6.482296437025070190e-02
-5.511493608355522156e-02
-3.572279959917068481e-02
6.299196928739547729e-02
-3.269786975579336286e-05
-5.746055021882057190e-02
4.701328650116920471e-02
1.051917523145675659e-01
-2.591435238718986511e-02
-4.475344344973564148e-02
-3.063058853149414062e-02
-7.309903204441070557e-02
7.893414585851132870e-04
-1.514117605984210968e-02
-3.811602666974067688e-02
-1.154961902648210526e-02
-1.406526565551757812e-02
8.466204628348350525e-03
-2.499717287719249725e-02
-4.066412523388862610e-02
-3.689661622047424316e-02
-1.637477776966989040e-03
-2.411962300539016724e-02
-1.471287338063120842e-03
3.449240466579794884e-03
1.237139105796813965e-02
6.007875129580497742e-02
-1.397161744534969330e-02
-3.436583280563354492e-02
-4.458810016512870789e-02
-1.795704709365963936e-03
-3.939439356327056885e-02
-3.041334822773933411e-02
5.205734074115753174e-02
-2.293636463582515717e-02
-1.034705061465501785e-02
-2.436511218547821045e-02
2.101276256144046783e-02
-3.739259392023086548e-02
3.119767084717750549e-02
1.129542384296655655e-02
-9.217679500579833984e-03
2.596748247742652893e-02
2.021275646984577179e-02
6.677840650081634521e-02
-5.760527774691581726e-02
-9.716308116912841797e-02
-4.340144991874694824e-02
2.032417338341474533e-03
-3.013749793171882629e-02
-2.634228020906448364e-02
4.006521776318550110e-02
-3.206626325845718384e-02
-3.463931754231452942e-02
-4.928943514823913574e-02
-9.878940135240554810e-02
-4.275771230459213257e-02
-7.794372737407684326e-02
-1.899828575551509857e-02
-8.035174570977687836e-03
-2.951759286224842072e-02
-3.647970780730247498e-02
-1.329525280743837357e-02
6.771818548440933228e-02
-2.498839795589447021e-02
-2.507120743393898010e-02
6.748162209987640381e-02
1.588650606572628021e-02
-1.080488320440053940e-02
2.501473063603043556e-03
-4.462601244449615479e-02
-6.445293128490447998e-02
-2.438814751803874969e-02
-3.160540387034416199e-02
-6.039132550358772278e-02
4.439640324562788010e-03
2.358725108206272125e-02
-2.534403838217258453e-02
6.892463564872741699e-02
1.080167889595031738e-01
7.245744764804840088e-02
1.790519803762435913e-02
2.627723105251789093e-02
1.937967911362648010e-02
4.927730769850313663e-04
-1.311654411256313324e-02
-2.770308777689933777e-02
7.537088822573423386e-03
1.890794001519680023e-02
6.802600808441638947e-03
3.253791481256484985e-02
-7.440777868032455444e-02
-1.275344006717205048e-02
-7.613081019371747971e-03
-5.951586365699768066e-02
-6.712497025728225708e-02
4.455849062651395798e-03
4.497851803898811340e-02
4.825567360967397690e-03
1.952949911355972290e-02
3.055027686059474945e-02
-3.817683458328247070e-02
-1.254227571189403534e-02
1.511981990188360214e-02
7.107578683644533157e-03
1.386373955756425858e-02
-1.246522367000579834e-02
-8.773536421358585358e-03
2.033609338104724884e-02
-3.834998235106468201e-02
-9.894526749849319458e-02
2.645721472799777985e-02
4.597554448992013931e-03
1.356644649058580399e-02
5.105184018611907959e-02
5.109304562211036682e-02
3.520965203642845154e-02
-8.506819605827331543e-02
6.182479206472635269e-03
2.525422954931855202e-03
-8.398604393005371094e-02
2.177941426634788513e-02
2.092432416975498199e-02
-3.416769579052925110e-02
5.646663531661033630e-02
1.257886737585067749e-01
2.961433678865432739e-02
1.315907109528779984e-02
-7.216958329081535339e-03
7.558525539934635162e-03
1.535219419747591019e-02
-1.855251751840114594e-02
2.786805620416998863e-03
-1.572756655514240265e-02
-2.309533208608627319e-02
1.249814778566360474e-02
5.207595229148864746e-02
2.571777999401092529e-02
-2.239806577563285828e-02
-1.022011507302522659e-02
-9.743103757500648499e-03
-6.918611004948616028e-03
-6.135377043392509222e-05
-2.164187096059322357e-02
7.670463994145393372e-03
-1.033646869473159313e-03
6.167651154100894928e-03
-5.494190845638513565e-03
-1.307564787566661835e-02
1.544003281742334366e-02
2.518986538052558899e-02
2.769664116203784943e-02
3.113827854394912720e-02
1.489544054493308067e-03
1.133614336140453815e-03
3.497654397506266832e-04
3.184086829423904419e-02
3.112469241023063660e-02
2.222925983369350433e-02
3.191262483596801758e-02
1.907901093363761902e-02
-8.293774910271167755e-03
6.948162335902452469e-03
1.640771143138408661e-02
2.749878913164138794e-03
9.319406002759933472e-03
-7.813921198248863220e-03
-1.187183428555727005e-02
3.563332930207252502e-02
1.768862083554267883e-02
-1.160454587079584599e-03
2.132080867886543274e-02
-9.735407656989991665e-04
1.767751760780811310e-02
2.577754296362400055e-02
3.529394790530204773e-02
3.019857779145240784e-02
1.790164597332477570e-02
2.507732249796390533e-02
1.849946007132530212e-02
1.165606640279293060e-02
-4.371101502329111099e-03
-2.324439771473407745e-02
-2.071797847747802734e-02
-9.818811900913715363e-03
-2.022544667124748230e-02
-5.154973268508911133e-02
-3.382475674152374268e-02
-2.612124942243099213e-02
8.906790055334568024e-03
-1.053913868963718414e-02
-3.464527055621147156e-02
5.664252676069736481e-03
9.452272206544876099e-03
-3.626972809433937073e-02
-5.504022911190986633e-02
-2.257183939218521118e-02
-3.939882293343544006e-02
-2.760872431099414825e-02
-1.371942739933729172e-02
8.361551444977521896e-04
1.164713525213301182e-03
2.128190919756889343e-02
1.771021075546741486e-02
2.106356993317604065e-02
9.803877212107181549e-03
2.396033378317952156e-03
8.837881498038768768e-03
-4.338832222856581211e-04
-3.213732317090034485e-02
2.302063070237636566e-02
4.430480767041444778e-03
-2.845690818503499031e-03
8.404045552015304565e-02
3.739979863166809082e-02
1.711587980389595032e-02
3.469333285465836525e-03
-1.530642155557870865e-02
-1.703779585659503937e-02
2.698419056832790375e-02
8.369868621230125427e-03
4.349846858531236649e-03
-1.053372980095446110e-03
-2.227339660748839378e-03
-1.365130417980253696e-03
-9.736496023833751678e-03
-1.349658891558647156e-02
-8.918002247810363770e-03
-2.518719621002674103e-02
-3.210848197340965271e-02
-1.720378175377845764e-02
-3.332405537366867065e-02
-4.257505014538764954e-02
-3.057163022458553314e-02
-3.279087319970130920e-02
-2.963083982467651367e-02
-4.596750438213348389e-02
-1.336362678557634354e-02
2.028576796874403954e-03
-7.607233710587024689e-03
-4.370060935616493225e-02
-3.263377770781517029e-02
-2.598061226308345795e-02
2.252458594739437103e-02
1.061573345214128494e-02
-9.963550837710499763e-04
4.694308340549468994e-02
8.344491012394428253e-03
-3.293963521718978882e-02
4.513897374272346497e-02
2.159851416945457458e-02
-1.504742447286844254e-02
-1.990839466452598572e-02
2.539711818099021912e-02
1.186098158359527588e-02
-3.955162595957517624e-03
1.636405475437641144e-02
3.467009961605072021e-02
-7.117122877389192581e-03
-1.743746572174131870e-03
1.376111991703510284e-02
1.346277445554733276e-02
4.029157385230064392e-02
8.062479645013809204e-02
4.110460728406906128e-02
6.136574596166610718e-02
7.584077864885330200e-02
4.469420760869979858e-02
7.145735621452331543e-02
4.465873911976814270e-02
2.714746072888374329e-02
3.706895187497138977e-02
2.153952792286872864e-02
1.088333129882812500e-02
1.731583103537559509e-02
1.224416401237249374e-02
1.932862773537635803e-02
1.646392419934272766e-02
6.151622801553457975e-05
2.744187600910663605e-02
3.995794057846069336e-02
3.836746141314506531e-02
7.820149883627891541e-03
-3.304366953670978546e-03
1.454633660614490509e-03
-2.868076041340827942e-02
-2.985300682485103607e-02
-1.508757565170526505e-02
3.958803787827491760e-02
3.425906971096992493e-02
-3.064176125917583704e-04
3.604598576202988625e-03
-2.538001397624611855e-03
-7.433113176375627518e-03
-1.697065494954586029e-02
-1.130124274641275406e-02
-1.895474456250667572e-02
8.121255785226821899e-02
7.757575064897537231e-02
7.620575278997421265e-02
4.186782240867614746e-02
5.831690877676010132e-02
5.795833095908164978e-02
-2.316986024379730225e-02
9.717836976051330566e-03
1.514120865613222122e-02
-4.962218552827835083e-02
2.438941883156076074e-04
2.684858068823814392e-02
4.479113593697547913e-02
8.619464188814163208e-02
9.633184224367141724e-02
4.136195778846740723e-02
6.963896751403808594e-02
5.959998071193695068e-02
9.740489535033702850e-03
-1.059808395802974701e-02
-1.746052503585815430e-02
2.451530471444129944e-02
-2.728469436988234520e-03
-1.019443944096565247e-02
1.038220711052417755e-02
-1.811063848435878754e-02
-1.896792463958263397e-02
-1.176250074058771133e-02
-1.854084432125091553e-03
1.867190375924110413e-02
-1.628193445503711700e-02
1.979888603091239929e-02
1.542261335998773575e-02
1.178110484033823013e-02
4.495782777667045593e-02
7.099791895598173141e-03
1.227382011711597443e-02
-5.109788617119193077e-04
-2.414784021675586700e-02
5.529798194766044617e-02
4.104770720005035400e-02
1.040909718722105026e-02
5.924178753048181534e-03
1.635289378464221954e-02
1.158180739730596542e-02
2.413621637970209122e-03
-4.304132610559463501e-02
-1.574064418673515320e-02
-1.153143495321273804e-02
-9.439460933208465576e-03
3.660813719034194946e-02
-1.571789756417274475e-02
3.146674716845154762e-03
2.995517663657665253e-02
-1.727714017033576965e-02
1.255640946328639984e-02
-3.424628404900431633e-03
-4.271258786320686340e-02
-1.724713854491710663e-02
-1.203407254070043564e-02
-6.687519699335098267e-02
-3.950060531497001648e-02
1.350667094811797142e-03
-1.361247338354587555e-02
3.158786566928029060e-03
2.617934346199035645e-02
1.450788881629705429e-02
1.646142825484275818e-02
3.994310682173818350e-04
-1.186179113574326038e-03
-2.827062271535396576e-02
-2.741797827184200287e-02
-2.191173285245895386e-02
-8.314362727105617523e-03
1.094204280525445938e-02
-5.326608940958976746e-02
-3.464840725064277649e-02
-1.417000219225883484e-02
-4.268911480903625488e-02
-1.744334027171134949e-02
-2.445139922201633453e-02
-8.836193010210990906e-03
-4.344856366515159607e-03
1.130290329456329346e-02
-2.360866963863372803e-02
-1.676492020487785339e-02
1.010373234748840332e-02
-2.182040177285671234e-02
1.092785736545920372e-03
4.912352655082941055e-03
-1.255179848521947861e-02
-1.700927852652966976e-03
1.384018920361995697e-02
-1.430536434054374695e-02
-1.968187652528285980e-02
-1.980258710682392120e-02
1.663167215883731842e-02
-1.780783786671236157e-04
-2.376452274620532990e-02
-4.883110523223876953e-03
2.853978052735328674e-02
2.982613816857337952e-02
-1.281252317130565643e-02
2.343438938260078430e-02
-1.891859620809555054e-02
1.614432595670223236e-02
3.017174452543258667e-02
-1.873597130179405212e-02
3.174174204468727112e-02
6.596006453037261963e-02
6.931006163358688354e-02
6.396031379699707031e-02
9.875777363777160645e-02
5.456220358610153198e-02
-2.646150765940546989e-03
1.132285967469215393e-02
-1.090548839420080185e-02
