8.033557236194610596e-02
-3.938208147883415222e-02
-5.223333463072776794e-02
1.758553981781005859e-01
1.059479340910911560e-01
-3.322192654013633728e-02
-8.900789916515350342e-02
2.026386326178908348e-03
-8.003716170787811279e-02
-5.280962586402893066e-02
-1.210960671305656433e-01
1.646703667938709259e-02
8.825810998678207397e-02
-1.014183610677719116e-01
-1.641103252768516541e-02
8.807653188705444336e-02
1.431903243064880371e-01
4.390658810734748840e-02
-7.955466210842132568e-02
-2.758264541625976562e-02
3.792586177587509155e-02
-4.259220138192176819e-02
-7.273039221763610840e-02
-9.232359007000923157e-03
5.234625190496444702e-02
-7.620919495820999146e-02
-1.447941176593303680e-02
-8.440762013196945190e-02
1.294529885053634644e-01
-1.961161494255065918e-01
-1.904711276292800903e-01
7.924537360668182373e-02
-2.753764577209949493e-02
2.008925080299377441e-01
4.706910252571105957e-02
2.678169310092926025e-02
-1.160226389765739441e-01
5.959988385438919067e-02
-4.299819469451904297e-03
-1.792805492877960205e-01
2.309202216565608978e-02
5.285203084349632263e-02
5.720850825309753418e-02
-9.021524339914321899e-02
1.207855939865112305e-01
1.110020056366920471e-01
-1.529483795166015625e-01
3.926804661750793457e-02
9.210269898176193237e-02
1.940500885248184204e-01
-2.247139215469360352e-01
-1.062088310718536377e-01
1.234920695424079895e-01
-4.711403325200080872e-02
-7.367761339992284775e-03
5.847660824656486511e-02
5.442816764116287231e-02
1.134933624416589737e-02
-7.410272210836410522e-02
3.492271900177001953e-02
9.755989164113998413e-02
-9.147663414478302002e-02
-9.978969395160675049e-02
3.038575313985347748e-02
4.805646464228630066e-02
-6.065047159790992737e-02
-7.265451550483703613e-02
6.525381654500961304e-02
-2.141876518726348877e-02
-1.047736182808876038e-01
-7.613094896078109741e-02
-1.969674415886402130e-02
2.757666632533073425e-03
1.125128194689750671e-01
-5.495223030447959900e-02
-3.288447111845016479e-02
-8.678206801414489746e-02
2.282600253820419312e-01
-9.064999967813491821e-02
-1.006778851151466370e-01
-6.987158954143524170e-02
-1.206222847104072571e-01
-1.703782528638839722e-01
6.998527050018310547e-02
-2.941669709980487823e-02
-6.201849132776260376e-02
-6.222431734204292297e-02
-6.315220892429351807e-02
5.139902606606483459e-02
6.735022366046905518e-02
1.232371330261230469e-01
-1.422808505594730377e-02
-5.039688199758529663e-02
1.416132450103759766e-01
8.940503932535648346e-03
-4.979289602488279343e-03
-6.093205511569976807e-02
3.017954528331756592e-03
4.192416369915008545e-02
-6.334491819143295288e-02
1.436893790960311890e-01
-2.946187928318977356e-02
-1.396956890821456909e-01
2.167046666145324707e-01
-2.198178693652153015e-02
5.306213162839412689e-03
2.221063226461410522e-01
-7.557251304388046265e-02
-1.106988564133644104e-01
-5.716639757156372070e-02
-4.997636750340461731e-02
-6.415704637765884399e-02
-5.562445148825645447e-02
-4.975460097193717957e-02
-8.223629742860794067e-02
5.093568563461303711e-02
-8.905843645334243774e-02
-1.218234896659851074e-01
1.610855199396610260e-02
8.042316138744354248e-02
3.557169437408447266e-02
-1.756097935140132904e-02
3.917502239346504211e-02
1.266025006771087646e-01
1.431083381175994873e-01
9.212688542902469635e-03
3.655764833092689514e-02
-9.574124217033386230e-02
7.888233661651611328e-02
3.019548356533050537e-01
1.528449803590774536e-01
-9.097049385309219360e-02
-6.658831238746643066e-02
3.140681385993957520e-01
-6.702936440706253052e-02
-1.191837862133979797e-01
2.993554063141345978e-02
5.052882805466651917e-02
1.323495153337717056e-02
-1.508912444114685059e-01
-3.852927312254905701e-02
1.461722403764724731e-01
7.912124693393707275e-02
1.382296234369277954e-01
-6.361728161573410034e-02
4.773623123764991760e-02
-7.594245672225952148e-02
2.800757437944412231e-02
6.395056098699569702e-02
1.390829980373382568e-01
5.502058938145637512e-02
-1.988733932375907898e-02
2.576394192874431610e-02
3.274142742156982422e-02
3.761862590909004211e-02
-9.136997908353805542e-02
-2.331149429082870483e-01
5.600521713495254517e-02
-7.456468790769577026e-02
-1.646092534065246582e-01
2.558396756649017334e-02
2.934327162802219391e-02
-2.401965670287609100e-02
4.749704152345657349e-03
-8.579067140817642212e-02
-5.586736276745796204e-02
1.562957167625427246e-01
-1.314559131860733032e-01
1.170435324311256409e-01
-1.026423089206218719e-02
-8.320147171616554260e-03
-7.023482769727706909e-02
9.009460359811782837e-02
-3.489469364285469055e-02
-4.139172844588756561e-03
1.283084303140640259e-01
9.450408816337585449e-02
-3.672324866056442261e-02
-4.588243737816810608e-02
-5.983568262308835983e-03
-1.396909505128860474e-01
-6.860796362161636353e-02
9.299346804618835449e-02
6.264366209506988525e-02
-5.365845561027526855e-01
-8.642073720693588257e-02
1.533060222864151001e-01
-9.196017682552337646e-02
-1.384431719779968262e-01
8.063031733036041260e-02
1.908942013978958130e-01
3.038971126079559326e-02
8.481898158788681030e-02
4.262297600507736206e-02
1.597774475812911987e-01
1.218529865145683289e-01
4.071250930428504944e-02
-9.035370498895645142e-02
-1.071680802851915359e-02
2.662399038672447205e-02
3.966189920902252197e-02
-1.283422410488128662e-01
1.116560492664575577e-02
-1.662751846015453339e-02
-8.477993309497833252e-02
1.434692414477467537e-03
9.735562652349472046e-02
1.580680720508098602e-02
2.255496829748153687e-01
6.623561680316925049e-02
-1.367755085229873657e-01
4.370851814746856689e-02
1.466237008571624756e-01
-3.949944674968719482e-02
-1.533846408128738403e-01
2.091532759368419647e-02
-1.067015603184700012e-01
-8.768717944622039795e-02
5.154289677739143372e-02
2.023193053901195526e-02
-1.089198067784309387e-01
-1.294874213635921478e-02
-8.412171155214309692e-02
-4.624224826693534851e-02
-8.554516732692718506e-02
-2.751295454800128937e-02
1.624283567070960999e-02
-6.989456713199615479e-02
-2.873598970472812653e-02
-1.705535948276519775e-01
-5.389852449297904968e-02
5.006702989339828491e-02
7.643655687570571899e-02
-1.033463105559349060e-01
1.158421784639358521e-01
2.897101268172264099e-02
-2.831706032156944275e-02
1.673101186752319336e-01
1.371070891618728638e-01
1.125750690698623657e-01
6.825853604823350906e-03
1.390023436397314072e-02
9.785967320203781128e-02
-6.041530147194862366e-02
-8.329376578330993652e-02
-1.111676096916198730e-01
-1.010918095707893372e-01
1.898640543222427368e-01
-1.485579013824462891e-01
-8.436584472656250000e-02
-3.317598253488540649e-02
-4.288404062390327454e-02
-4.337679222226142883e-02
2.615980803966522217e-02
4.825571924448013306e-02
5.703538656234741211e-02
-4.861824586987495422e-02
1.292894184589385986e-01
-3.099158406257629395e-02
-9.988099336624145508e-02
-1.807610504329204559e-02
8.415202610194683075e-03
-3.406108915805816650e-02
1.466035144403576851e-03
9.093693643808364868e-02
7.895102351903915405e-02
6.922727078199386597e-02
-1.001025550067424774e-02
4.059128463268280029e-02
-1.402725651860237122e-02
1.323053985834121704e-02
-2.498927153646945953e-02
1.948380097746849060e-02
5.987698212265968323e-02
-1.537964195013046265e-01
3.305818885564804077e-02
-1.608768105506896973e-02
6.143809854984283447e-02
1.115688867866992950e-02
1.769225001335144043e-01
1.923683881759643555e-01
-5.048694834113121033e-02
-3.201658604666590691e-03
-4.365023598074913025e-02
1.189405024051666260e-01
-9.716086089611053467e-02
-3.520480915904045105e-02
1.693496294319629669e-02
2.619474940001964569e-02
6.399537622928619385e-02
-2.597999945282936096e-02
-1.340778637677431107e-02
-1.505858264863491058e-02
-4.715332761406898499e-02
-5.447657406330108643e-02
-4.918455705046653748e-02
-8.019835501909255981e-02
-1.210153400897979736e-01
-1.127381846308708191e-01
-1.185575500130653381e-01
8.661265484988689423e-03
-2.358338609337806702e-02
-2.974761882796883583e-03
8.322632312774658203e-02
1.017659083008766174e-01
9.026723355054855347e-02
2.063843794167041779e-02
1.895535551011562347e-02
4.082695767283439636e-02
-8.922400884330272675e-03
3.028496913611888885e-02
-8.411701768636703491e-03
-4.844629392027854919e-02
-2.000909298658370972e-02
-2.466909214854240417e-02
-1.034074369817972183e-02
1.123596727848052979e-02
-2.625355729833245277e-03
2.096163295209407806e-02
4.380274936556816101e-02
8.903095126152038574e-02
-3.555871953722089529e-04
7.621561735868453979e-02
1.006636917591094971e-01
-4.654677957296371460e-02
-2.548472024500370026e-02
-1.568576507270336151e-02
9.108691476285457611e-03
-6.565331714227795601e-04
9.443189017474651337e-03
-1.842059567570686340e-02
5.668564513325691223e-02
4.981503821909427643e-03
-3.995832800865173340e-02
2.505318820476531982e-02
1.521871145814657211e-02
-8.711910247802734375e-02
-8.832845836877822876e-03
1.659591682255268097e-02
-2.620325051248073578e-02
3.039505891501903534e-02
1.495594251900911331e-02
3.670224547386169434e-02
-2.074408112093806267e-03
-1.384905818849802017e-02
1.629550941288471222e-02
-8.621200919151306152e-03
2.802973613142967224e-02
-7.838716730475425720e-03
6.977249402552843094e-03
5.679981783032417297e-02
-4.259807243943214417e-02
2.534368308261036873e-03
-2.851164340972900391e-02
-2.245794609189033508e-02
2.929537184536457062e-02
3.385008499026298523e-02
-1.672657765448093414e-02
-1.381663605570793152e-02
5.133644491434097290e-02
-6.088992580771446228e-02
-1.830465532839298248e-02
1.108629442751407623e-02
-1.076853647828102112e-01
-1.314656138420104980e-01
-7.960295677185058594e-02
-6.119142845273017883e-02
-6.726326048374176025e-02
-2.804853767156600952e-02
-6.841895729303359985e-02
-1.085398867726325989e-01
-6.335967034101486206e-02
-2.167080156505107880e-02
-4.213726893067359924e-02
-2.206995338201522827e-02
-7.664879318326711655e-03
-1.714549772441387177e-02
-3.190589323639869690e-02
5.528342351317405701e-02
-8.635768666863441467e-03
5.957360193133354187e-02
5.600164458155632019e-02
-5.256495624780654907e-02
-4.247651249170303345e-02
-3.256652876734733582e-02
-7.627134770154953003e-02
-3.425639495253562927e-02
-1.110946610569953918e-01
-4.081966355443000793e-02
9.124474972486495972e-02
-3.388219699263572693e-02
2.324802987277507782e-02
1.344722211360931396e-01
-4.073250666260719299e-02
-4.702314268797636032e-03
6.843304634094238281e-02
1.172026898711919785e-02
6.889076530933380127e-02
1.781136915087699890e-02
-1.150466687977313995e-02
-1.942989043891429901e-02
1.616497710347175598e-02
-5.112159997224807739e-02
-1.219951063394546509e-01
-7.541017234325408936e-02
1.040485876728780568e-04
-1.839791052043437958e-02
1.666209660470485687e-02
-3.295283764600753784e-02
-2.851444110274314880e-02
-2.367244288325309753e-02
7.140488922595977783e-02
6.625291705131530762e-02
1.702044904232025146e-02
-4.054636135697364807e-02
5.230550840497016907e-02
5.767410993576049805e-02
-7.516971230506896973e-02
2.149287052452564240e-02
1.182356500066816807e-03
-3.284984268248081207e-03
-1.371195446699857712e-02
1.776885241270065308e-02
-6.018351018428802490e-02
-6.856466829776763916e-02
-3.370317444205284119e-02
-1.325607392936944962e-02
-3.208758309483528137e-02
-3.411051584407687187e-03
1.314133312553167343e-02
-4.463979601860046387e-02
-1.544223539531230927e-02
1.915178075432777405e-02
-1.628222130239009857e-02
-3.908396884799003601e-02
-7.130176573991775513e-02
-7.183080166578292847e-02
-1.088290289044380188e-01
-5.934102088212966919e-02
-1.002616435289382935e-01
-1.081905066967010498e-01
5.048569291830062866e-02
1.267957091331481934e-01
4.977676272392272949e-02
-6.470125634223222733e-03
1.497812569141387939e-01
1.343080997467041016e-01
1.143112545832991600e-03
7.519528269767761230e-02
7.025998085737228394e-02
-3.001014515757560730e-02
3.031458333134651184e-02
-5.324227735400199890e-02
3.820444643497467041e-02
-1.621517911553382874e-02
-5.415622517466545105e-02
2.536760084331035614e-02
6.186260376125574112e-03
-9.457466006278991699e-02
-1.157832667231559753e-01
-4.918263107538223267e-02
-4.852461442351341248e-02
-1.633791998028755188e-02
4.902831837534904480e-02
1.986881531774997711e-02
8.956049382686614990e-02
1.597354412078857422e-01
5.200453102588653564e-02
2.016259543597698212e-02
7.708900421857833862e-02
-5.952337756752967834e-02
1.316392980515956879e-02
3.039722330868244171e-02
-3.902952373027801514e-02
-2.222759090363979340e-02
8.266338147222995758e-03
-4.749713931232690811e-03
-6.774328649044036865e-02
-4.604476317763328552e-02
9.788826107978820801e-03
-5.847363919019699097e-02
-4.980210587382316589e-02
-4.281701520085334778e-02
-3.766510263085365295e-02
-9.040883742272853851e-03
-2.069091051816940308e-02
-1.400398183614015579e-02
1.728744432330131531e-02
-7.024778053164482117e-03
-5.496243759989738464e-02
-2.542149834334850311e-02
-5.908142775297164917e-02
-7.131510227918624878e-02
-5.239658057689666748e-02
-6.624642759561538696e-02
6.712384521961212158e-02
4.256295412778854370e-02
3.433131054043769836e-02
1.105806231498718262e-02
4.671193659305572510e-02
-9.150878526270389557e-03
-3.592474386096000671e-02
1.407458819448947906e-02
-5.001522600650787354e-02
6.693867594003677368e-02
5.917092040181159973e-02
-1.122800022130832076e-04
1.420477218925952911e-02
-1.049693953245878220e-02
-5.474941805005073547e-03
-4.021214321255683899e-03
4.593818448483943939e-03
-3.099733963608741760e-03
-1.777622103691101074e-02
-7.681217044591903687e-02
-4.653485957533121109e-03
-7.151586562395095825e-02
-1.124031245708465576e-01
-1.133757829666137695e-01
-9.737014025449752808e-02
-1.069546639919281006e-01
-8.958549797534942627e-02
-3.521538153290748596e-02
-7.154141366481781006e-02
-4.248364642262458801e-02
-1.445691566914319992e-02
-5.268014967441558838e-02
-1.232266798615455627e-02
5.236451327800750732e-02
1.159852668642997742e-01
7.262673228979110718e-02
-1.501925196498632431e-02
-3.275481611490249634e-02
5.831983312964439392e-02
-2.075000479817390442e-02
-9.656378626823425293e-02
3.097393549978733063e-02
-1.658180728554725647e-02
1.121537573635578156e-02
-2.637576870620250702e-02
-3.599686920642852783e-02
-2.949930913746356964e-02
9.700717404484748840e-03
2.240726957097649574e-03
4.379420354962348938e-02
5.865805968642234802e-02
2.513587102293968201e-02
1.085615977644920349e-01
9.382074326276779175e-02
4.743237048387527466e-02
5.289855226874351501e-02
1.821906655095517635e-03
-1.778977923095226288e-02
1.528186816722154617e-02
-5.309211835265159607e-02
-2.237431332468986511e-02
-1.628345623612403870e-02
-4.378620535135269165e-02
2.488113939762115479e-02
9.467807598412036896e-03
-4.047414660453796387e-02
2.904669009149074554e-02
4.764646291732788086e-02
1.040470041334629059e-02
8.326458930969238281e-02
3.869957104325294495e-02
1.021375227719545364e-02
-1.859648711979389191e-02
-5.040325224399566650e-02
2.364334650337696075e-02
-4.946960508823394775e-02
-8.150900900363922119e-02
-3.868912905454635620e-02
-6.921575218439102173e-02
-1.048042997717857361e-01
-4.494462907314300537e-02
1.295847445726394653e-01
1.524512320756912231e-01
1.135631278157234192e-01
4.777877591550350189e-03
-8.107172697782516479e-02
2.135695889592170715e-02
4.720622301101684570e-02
3.530080243945121765e-02
-4.930012673139572144e-02
-4.796752333641052246e-02
-1.309816073626279831e-02
2.137873508036136627e-02
-1.990891993045806885e-02
-1.151646003127098083e-01
-1.303865015506744385e-01
-1.462547946721315384e-02
-1.405794471502304077e-01
-8.121355623006820679e-02
-8.101996034383773804e-02
-3.615049878135323524e-03
-9.822815656661987305e-02
-1.569745503365993500e-02
-4.818124230951070786e-03
3.224542737007141113e-02
2.821099944412708282e-02
1.333300862461328506e-02
5.208535864949226379e-02
-2.888941392302513123e-02
6.703056395053863525e-02
4.082555323839187622e-02
3.041758434846997261e-03
-4.241502285003662109e-02
-8.123262226581573486e-02
5.466261878609657288e-02
-1.343966927379369736e-02
-7.414895296096801758e-02
1.894467137753963470e-02
-8.797818794846534729e-03
4.144856706261634827e-02
-2.327334694564342499e-02
-9.520074725151062012e-02
-8.593378961086273193e-02
-8.940873295068740845e-02
-1.543754488229751587e-01
-1.139273643493652344e-01
4.017542302608489990e-02
-2.526083216071128845e-02
4.675769433379173279e-02
3.131818026304244995e-02
-5.537224002182483673e-03
-9.335710108280181885e-02
8.528356254100799561e-02
5.994514003396034241e-02
-1.149663981050252914e-02
9.780211001634597778e-02
-5.667993053793907166e-02
-1.232124939560890198e-01
7.558968663215637207e-02
-6.299131549894809723e-03
6.290028244256973267e-02
1.736346632242202759e-02
2.942272834479808807e-02
2.161082774400711060e-01
1.100347712635993958e-01
2.278498560190200806e-02
4.918878152966499329e-02
-3.868329897522926331e-02
-4.268288239836692810e-02
1.496562454849481583e-02
-1.934911310672760010e-02
-5.458690598607063293e-02
-2.472098357975482941e-02
-1.113892942667007446e-01
6.289412267506122589e-03
-8.490188419818878174e-02
2.932560443878173828e-02
9.144884347915649414e-02
8.857913315296173096e-02
-2.170830778777599335e-02
-8.797936141490936279e-02
-1.263389289379119873e-01
-1.110897883772850037e-01
-1.095059216022491455e-01
-1.897380352020263672e-01
-3.299970179796218872e-02
8.068059384822845459e-02
4.753689467906951904e-02
5.720060318708419800e-02
1.499726474285125732e-01
2.262690104544162750e-03
5.798913910984992981e-02
8.932824432849884033e-02
1.392697244882583618e-01
3.120609559118747711e-02
-4.316375777125358582e-02
2.200279757380485535e-02
2.890110714361071587e-03
-1.203901618719100952e-01
-3.838001750409603119e-03
-4.077581316232681274e-02
-1.242351531982421875e-01
-9.352381527423858643e-02
2.078095972537994385e-01
-7.024940848350524902e-02
-2.465168535709381104e-01
9.953191038221120834e-04
-5.985871329903602600e-02
-6.052850559353828430e-02
1.778851300477981567e-01
1.012012213468551636e-01
6.223011389374732971e-02
1.909832507371902466e-01
2.333135753870010376e-01
1.929387450218200684e-01
3.799040103331208229e-03
8.350092917680740356e-02
1.946738921105861664e-02
6.989269703626632690e-02
1.960784792900085449e-01
1.309272795915603638e-01
7.302644848823547363e-02
-2.147104591131210327e-02
-1.067184954881668091e-01
4.127465933561325073e-02
-1.513950377702713013e-01
-1.800830513238906860e-01
-5.925125628709793091e-02
6.401124596595764160e-02
1.455320268869400024e-01
6.898315995931625366e-02
5.452633276581764221e-02
4.510361328721046448e-02
2.262704540044069290e-03
-1.182604357600212097e-01
-1.194493472576141357e-01
-1.760338246822357178e-01
-1.127575635910034180e-01
-6.410130113363265991e-02
-1.336295157670974731e-01
-9.808844886720180511e-03
1.723284833133220673e-02
-1.471048146486282349e-01
-4.513512551784515381e-02
7.877234369516372681e-02
-8.514832705259323120e-03
6.549730431288480759e-03
-1.185251995921134949e-01
-1.346050649881362915e-01
-1.140734627842903137e-01
-1.615321636199951172e-01
-9.469888359308242798e-02
-5.294031649827957153e-02
-5.296618863940238953e-02
-1.233931854367256165e-01
-3.418430685997009277e-02
-4.866204783320426941e-02
2.023370005190372467e-02
-8.481193333864212036e-02
-3.345020487904548645e-02
-2.301976457238197327e-02
-3.577485308051109314e-02
-3.354551270604133606e-02
-3.407640382647514343e-02
-1.439920393750071526e-03
1.180505976080894470e-01
-2.835775353014469147e-02
-1.447595208883285522e-01
-1.819027028977870941e-02
2.700563147664070129e-02
-5.423606187105178833e-02
-9.673609584569931030e-02
-7.349676638841629028e-02
-9.779184125363826752e-03
-4.852730408310890198e-02
9.201427921652793884e-03
-1.078147441148757935e-02
-3.496762597933411598e-03
-1.099799387156963348e-02
1.884003356099128723e-02
4.981602542102336884e-03
-2.070370018482208252e-01
-1.619551628828048706e-01
7.029514759778976440e-02
-1.928039044141769409e-01
-8.741651475429534912e-02
2.108313888311386108e-01
2.591457962989807129e-02
-3.825076296925544739e-02
-6.350575387477874756e-02
-7.637830823659896851e-02
-9.326904267072677612e-02
-4.952986910939216614e-02
4.377620294690132141e-02
6.123919039964675903e-02
1.015054900199174881e-02
3.489440679550170898e-02
5.162736400961875916e-02
2.822992205619812012e-02
9.043526835739612579e-03
-4.747410863637924194e-02
2.315469831228256226e-02
7.974842190742492676e-02
5.460423231124877930e-02
8.629656583070755005e-02
9.149474091827869415e-03
4.100430756807327271e-03
8.622034639120101929e-02
7.419465482234954834e-02
8.361738175153732300e-02
7.522088289260864258e-02
5.059956759214401245e-02
1.066400036215782166e-01
4.380491003394126892e-02
-4.127723723649978638e-02
-1.090650036931037903e-01
-1.536558866500854492e-01
5.091794207692146301e-02
1.699744760990142822e-01
1.832175552845001221e-01
7.159669697284698486e-02
1.132694557309150696e-01
9.091054648160934448e-02
3.120081685483455658e-02
-3.903535380959510803e-02
-3.671915084123611450e-02
-2.121743746101856232e-02
6.502456963062286377e-02
6.666646152734756470e-02
3.102910518646240234e-02
2.874360233545303345e-02
2.343577705323696136e-02
-2.106700278818607330e-02
5.149465426802635193e-02
3.727709129452705383e-02
3.650784119963645935e-02
1.058099269866943359e-01
6.544163450598716736e-03
-1.258503347635269165e-01
1.144913733005523682e-01
5.866593867540359497e-02
5.677416175603866577e-02
4.645967110991477966e-02
5.346012488007545471e-02
7.903572916984558105e-02
6.989254057407379150e-02
-7.416032254695892334e-02
1.886675506830215454e-02
1.004542559385299683e-01
6.948129832744598389e-02
1.086266059428453445e-02
-9.986888617277145386e-02
3.878865018486976624e-02
1.828729547560214996e-02
-1.070429235696792603e-01
-1.094875037670135498e-01
1.947563327848911285e-02
1.375426258891820908e-02
-1.382892299443483353e-02
4.776918143033981323e-02
1.360373646020889282e-01
1.843186765909194946e-01
-4.253488779067993164e-02
-1.038825735449790955e-01
-1.189455483108758926e-02
4.139771685004234314e-02
-1.345100533217191696e-02
4.524170607328414917e-02
-1.777401193976402283e-02
4.317181929945945740e-02
-1.212746501551009715e-04
-1.159714087843894958e-01
-6.074075028300285339e-02
-7.441584020853042603e-02
-3.409469872713088989e-02
-5.407473072409629822e-02
3.671480342745780945e-02
7.661734521389007568e-02
1.053041871637105942e-02
-5.342166870832443237e-02
3.847792744636535645e-02
2.781641185283660889e-01
1.003697887063026428e-01
-4.811153933405876160e-02
1.474272459745407104e-02
4.420779645442962646e-02
-1.132208183407783508e-01
-1.548465341329574585e-01
-3.302431106567382812e-02
-1.319860666990280151e-02
2.732734894379973412e-03
-8.305767178535461426e-02
-4.264540504664182663e-03
-3.517184779047966003e-02
-1.170110050588846207e-02
-1.960325986146926880e-02
6.016623973846435547e-02
-2.531335689127445221e-03
-1.914298161864280701e-02
-6.455433368682861328e-02
4.094727337360382080e-03
6.172867026180028915e-03
1.036456692963838577e-02
5.956899374723434448e-02
4.043549997732043266e-04
-1.125515904277563095e-03
7.767810020595788956e-03
-1.754294522106647491e-02
9.151049703359603882e-02
4.710667580366134644e-02
-5.195032805204391479e-03
1.451426297426223755e-01
4.482306540012359619e-02
-6.016192957758903503e-02
-6.864404305815696716e-03
-1.777195371687412262e-02
-2.446702867746353149e-02
-2.000185847282409668e-02
-1.944206655025482178e-03
-1.225481647998094559e-02
-2.955962158739566803e-02
-6.418179720640182495e-02
-1.958389952778816223e-02
-2.898688241839408875e-02
-2.185885049402713776e-02
-6.785598397254943848e-02
1.457982044667005539e-02
2.826368622481822968e-02
7.327013462781906128e-02
1.707961782813072205e-02
5.450941994786262512e-02
5.116375535726547241e-02
4.656600207090377808e-02
-4.552262648940086365e-02
2.642322215251624584e-04
1.088955849409103394e-01
1.798814386129379272e-01
1.547288242727518082e-02
4.932161793112754822e-02
1.264352649450302124e-01
-2.099771425127983093e-02
-1.147412508726119995e-02
-4.495076090097427368e-02
-2.533579058945178986e-02
1.969883963465690613e-02
1.562910377979278564e-01
-3.320965915918350220e-02
-1.789927668869495392e-02
2.180450111627578735e-01
-1.759972423315048218e-02
-4.338783677667379379e-03
1.238196864724159241e-01
-2.711183391511440277e-03
-6.805297732353210449e-02
-2.740571647882461548e-02
-3.969327360391616821e-02
-1.171191222965717316e-02
2.397281117737293243e-02
-1.583572477102279663e-02
-2.171314507722854614e-02
8.165648323483765125e-04
4.787320643663406372e-02
1.809890195727348328e-02
2.326461300253868103e-02
-1.110849902033805847e-02
-3.139333054423332214e-02
-9.209112264215946198e-03
1.005475874990224838e-02
-5.420552566647529602e-02
-2.952829375863075256e-02
-4.291839525103569031e-02
-7.049635052680969238e-03
-3.334117121994495392e-03
-3.859646245837211609e-02
-6.491538137197494507e-02
-5.874298140406608582e-02
2.364826202392578125e-02
-4.046997800469398499e-02
3.945018351078033447e-02
1.005376055836677551e-01
8.304827660322189331e-02
-2.917808666825294495e-02
1.171067133545875549e-01
-3.339634463191032410e-02
-4.191611334681510925e-02
-1.329457201063632965e-02
-1.396670341491699219e-01
-4.147984832525253296e-02
-1.153157092630863190e-02
6.331679224967956543e-02
3.433792293071746826e-02
-7.807499729096889496e-03
7.845699787139892578e-02
4.180801287293434143e-02
-1.750668277963995934e-03
-1.145424135029315948e-02
-6.625651568174362183e-02
-1.317186951637268066e-01
-1.319370120763778687e-01
-1.877151280641555786e-01
-2.492028288543224335e-02
-1.470705270767211914e-01
-1.251675337553024292e-01
7.631140761077404022e-03
-3.222535923123359680e-02
-8.428023755550384521e-02
8.558285981416702271e-02
-2.336510643362998962e-02
1.010666694492101669e-02
-1.216091867536306381e-02
-8.197838068008422852e-02
-1.477550063282251358e-02
2.809655480086803436e-02
-3.128733113408088684e-02
2.997509762644767761e-02
-9.826737456023693085e-03
5.994573980569839478e-02
-9.052174538373947144e-02
-1.121070310473442078e-01
-3.254162892699241638e-02
-8.359234035015106201e-02
-8.168409764766693115e-02
-5.736492574214935303e-02
-6.482665985822677612e-02
-1.061675325036048889e-01
-1.658318638801574707e-01
-7.792364805936813354e-02
-1.667641550302505493e-01
-1.820887476205825806e-01
-6.406902521848678589e-02
-1.056051626801490784e-01
-1.268460005521774292e-01
-8.450625464320182800e-03
5.304629728198051453e-02
2.864414826035499573e-02
3.745950385928153992e-02
5.254836753010749817e-03
2.906572818756103516e-02
4.189566243439912796e-03
-1.775182224810123444e-02
7.968971878290176392e-02
4.942027479410171509e-02
-1.271019969135522842e-02
5.202680453658103943e-02
-2.244375273585319519e-02
-6.987634301185607910e-02
4.325107112526893616e-02
-3.401730954647064209e-02
-3.071282245218753815e-02
-3.093678690493106842e-02
-5.009597167372703552e-02
3.230679407715797424e-02
8.705842494964599609e-02
6.004366278648376465e-02
1.279529631137847900e-01
3.010990656912326813e-02
-2.534430101513862610e-02
5.202939361333847046e-02
3.647102788090705872e-02
1.366640644846484065e-04
-4.047358781099319458e-02
-9.182742983102798462e-02
-3.962232172489166260e-02
-4.781885072588920593e-02
-9.203469753265380859e-02
-1.198465377092361450e-01
1.922074146568775177e-02
-1.207397226244211197e-02
-8.131670765578746796e-03
5.076389759778976440e-03
4.922125861048698425e-02
-3.878064453601837158e-02
2.193006686866283417e-02
8.400014042854309082e-02
-2.757647307589650154e-03
-9.383584558963775635e-02
-4.230583086609840393e-02
-4.347490519285202026e-02
-7.676769047975540161e-02
-3.967093303799629211e-02
2.192947268486022949e-02
-1.284134387969970703e-01
5.758395418524742126e-02
8.072288334369659424e-02
-1.006218194961547852e-01
-2.803693152964115143e-02
-7.111004739999771118e-02
-4.328566789627075195e-02
8.981025777757167816e-03
-3.274825960397720337e-02
3.216600418090820312e-02
1.588308624923229218e-02
2.015137672424316406e-02
-5.275674909353256226e-02
-3.712988644838333130e-02
-2.408158406615257263e-02
-5.058189481496810913e-02
2.113363891839981079e-02
1.641235128045082092e-02
2.804876863956451416e-02
5.686191096901893616e-02
-1.184366736561059952e-02
4.356058686971664429e-02
7.468044012784957886e-02
5.194512777961790562e-04
-3.076372854411602020e-02
-9.155218303203582764e-02
-6.161718443036079407e-02
-2.838561544194817543e-03
-2.765445224940776825e-02
1.354814916849136353e-01
3.209066763520240784e-02
9.422758966684341431e-02
1.112719550728797913e-01
2.434929087758064270e-02
1.003728136420249939e-01
7.036419957876205444e-02
5.354070290923118591e-02
9.495011717081069946e-02
5.585746467113494873e-02
3.311001136898994446e-02
1.352613046765327454e-02
-6.795659195631742477e-03
1.346955192275345325e-03
-8.978157490491867065e-02
-2.142951264977455139e-02
6.793770939111709595e-03
-2.802682574838399887e-03
3.388018906116485596e-02
-2.031047828495502472e-03
9.242464601993560791e-02
-2.413937263190746307e-02
7.759636268019676208e-03
-2.458182722330093384e-02
-1.340682618319988251e-03
1.035501807928085327e-01
-4.219337925314903259e-02
-6.650874763727188110e-02
1.061558648943901062e-01
7.012844830751419067e-02
4.070430994033813477e-02
4.653463140130043030e-03
-5.011357367038726807e-02
-1.719746366143226624e-02
1.227696891874074936e-02
-2.328206598758697510e-02
-4.149049147963523865e-02
-5.293849110603332520e-02
-2.195736207067966461e-02
-3.688761964440345764e-02
-9.059348143637180328e-03
2.092280983924865723e-02
6.552177481353282928e-03
-1.092625968158245087e-02
-1.411426346749067307e-02
6.076346710324287415e-02
3.118468634784221649e-02
4.753566533327102661e-02
9.776586294174194336e-02
7.864516228437423706e-02
1.000310257077217102e-01
-4.150322638452053070e-03
1.063330098986625671e-01
9.343557059764862061e-02
-3.175724670290946960e-02
4.529794305562973022e-02
4.184639826416969299e-02
7.205842994153499603e-03
-7.167381793260574341e-02
-1.114040985703468323e-01
-1.225303038954734802e-01
-7.734292745590209961e-02
-8.568385988473892212e-02
-1.141520887613296509e-01
-8.552262932062149048e-02
-6.725196540355682373e-02
-8.967494219541549683e-02
-6.456625461578369141e-02
5.237662419676780701e-02
-5.314887315034866333e-02
1.054451428353786469e-02
4.035574570298194885e-02
-4.615828394889831543e-02
3.034567087888717651e-02
7.269049994647502899e-03
-4.478040151298046112e-03
-4.692477639764547348e-03
-4.130345955491065979e-02
7.199013233184814453e-02
6.040267273783683777e-02
9.125108830630779266e-03
9.765108674764633179e-02
-6.459880620241165161e-03
-6.210977211594581604e-02
3.126374259591102600e-02
-1.757273823022842407e-02
-2.233732864260673523e-02
1.471751183271408081e-01
-1.694837398827075958e-02
-1.919641904532909393e-02
-2.354124793782830238e-03
-3.062344156205654144e-02
-1.103145331144332886e-01
-8.452942222356796265e-02
-7.631652802228927612e-02
-6.141950935125350952e-02
8.662676811218261719e-02
-6.054042652249336243e-02
4.489145800471305847e-02
6.507542729377746582e-02
5.832948163151741028e-02
-2.904712222516536713e-02
-1.698729954659938812e-02
2.319369465112686157e-02
-3.886368870735168457e-02
-4.004668444395065308e-02
2.804613672196865082e-02
1.894130557775497437e-02
-1.118079870939254761e-01
6.410320848226547241e-02
1.624058037996292114e-01
-4.180381447076797485e-02
7.112421840429306030e-02
8.043091744184494019e-02
4.594437032938003540e-02
5.600263923406600952e-02
1.217984482645988464e-01
1.545877847820520401e-02
5.629136413335800171e-02
-2.451308071613311768e-02
-9.384328126907348633e-02
4.075757041573524475e-02
-1.279440522193908691e-02
-1.798483133316040039e-01
7.133626192808151245e-02
9.988317638635635376e-02
-7.033235579729080200e-02
5.716758221387863159e-02
6.428559869527816772e-02
1.606281474232673645e-02
-1.310149487107992172e-02
3.971109166741371155e-02
3.369025513529777527e-02
-3.212123364210128784e-02
1.537489145994186401e-01
8.677581697702407837e-02
-1.299267075955867767e-02
2.689090557396411896e-02
-4.745620489120483398e-02
-2.837194502353668213e-02
4.793131723999977112e-02
-1.816610619425773621e-02
-4.189270362257957458e-02
-5.403047427535057068e-02
-1.151298433542251587e-01
6.707464903593063354e-02
6.395667791366577148e-02
3.698362037539482117e-02
2.547485940158367157e-02
7.827429100871086121e-03
2.551821246743202209e-02
2.303428947925567627e-02
-1.626856252551078796e-02
5.151747167110443115e-02
-1.780546735972166061e-03
-6.218147277832031250e-02
4.659485071897506714e-03
5.343066155910491943e-02
4.067865759134292603e-02
-6.257070228457450867e-03
9.413124620914459229e-02
1.559122055768966675e-01
1.634681224822998047e-02
3.816053271293640137e-02
-1.451251935213804245e-02
7.726822793483734131e-02
-1.019249409437179565e-01
-9.060572832822799683e-03
1.335088610649108887e-01
-2.910834923386573792e-02
-9.525046497583389282e-02
3.391725197434425354e-02
-7.138904929161071777e-02
-9.778610616922378540e-02
6.856658495962619781e-03
-1.508529186248779297e-01
-7.938829064369201660e-02
-1.095639094710350037e-01
6.033284217119216919e-02
-1.173654347658157349e-01
-1.180402263998985291e-01
8.327416330575942993e-02
-1.258588731288909912e-01
-6.639656424522399902e-02
-8.502325974404811859e-03
-6.230372563004493713e-02
-1.864745840430259705e-02
2.259667217731475830e-02
-5.282758921384811401e-02
-2.975645847618579865e-02
9.304337203502655029e-03
-4.163691774010658264e-02
-8.904805034399032593e-02
5.602023564279079437e-03
1.439399458467960358e-02
4.241979867219924927e-02
-2.636761032044887543e-02
2.500838832929730415e-03
1.669600419700145721e-02
1.131929364055395126e-02
-8.567653596401214600e-02
4.182350635528564453e-02
-6.565126776695251465e-02
7.024825364351272583e-02
6.681205332279205322e-02
-1.858749091625213623e-01
-5.865340679883956909e-02
4.745766054838895798e-03
-6.645654141902923584e-02
-1.070373877882957458e-01
-2.285186573863029480e-02
-1.181177720427513123e-01
-1.398003697395324707e-01
-1.502748131752014160e-01
-3.606707230210304260e-02
-7.030470669269561768e-02
-5.759621411561965942e-02
-4.228802025318145752e-02
2.960788644850254059e-02
-1.153643205761909485e-01
3.921610862016677856e-02
1.354045420885086060e-01
-3.769381716847419739e-02
-9.272231906652450562e-02
8.965957909822463989e-02
-6.187426671385765076e-02
-1.039719432592391968e-01
-9.231750667095184326e-02
-1.033251062035560608e-01
-6.939790397882461548e-02
2.189723774790763855e-02
3.972846549004316330e-03
-4.252505674958229065e-02
4.420943185687065125e-02
3.807285428047180176e-02
6.861788034439086914e-02
3.902048617601394653e-02
1.453492604196071625e-02
-4.367406293749809265e-02
-4.062844067811965942e-02
2.727697417140007019e-02
-9.163156151771545410e-02
-1.552229076623916626e-01
-6.043091043829917908e-02
2.274473756551742554e-02
-7.165411859750747681e-02
-5.038364976644515991e-02
1.071502864360809326e-01
-1.662606000900268555e-02
-7.956711947917938232e-02
6.202851608395576477e-02
-1.330231726169586182e-01
-5.996511504054069519e-02
2.173486910760402679e-02
-7.740380614995956421e-02
8.239598013460636139e-03
-5.141820758581161499e-03
6.377423182129859924e-03
-3.163288533687591553e-02
-5.280187726020812988e-02
-1.273466050624847412e-01
-5.529995635151863098e-02
-4.263001307845115662e-02
-8.791711181402206421e-02
-6.296675652265548706e-02
-4.512519016861915588e-02
6.140287965536117554e-02
1.001931205391883850e-01
-7.055753469467163086e-02
2.318742871284484863e-02
8.153906464576721191e-02
-3.639511018991470337e-02
4.461254179477691650e-02
5.324789509177207947e-02
-4.252430051565170288e-02
5.973810795694589615e-03
-1.092144772410392761e-01
-1.131599619984626770e-01
-1.288301125168800354e-02
-1.162917390465736389e-01
-7.480245828628540039e-02
1.041736975312232971e-01
-3.733215481042861938e-02
1.054317727684974670e-01
-2.323255501687526703e-02
2.531413733959197998e-02
-7.084189914166927338e-03
5.053592473268508911e-02
7.978410273790359497e-02
1.331722945906221867e-03
2.026746869087219238e-01
1.215615943074226379e-01
5.118695553392171860e-03
3.163364902138710022e-02
2.863040752708911896e-02
-3.303828462958335876e-02
1.695149950683116913e-02
4.815965890884399414e-02
-1.013100817799568176e-01
-8.936630189418792725e-02
-4.876559972763061523e-02
-4.271504655480384827e-02
-1.242534667253494263e-01
1.442725211381912231e-02
-1.236353516578674316e-01
-9.795453399419784546e-02
-5.625341553241014481e-03
-6.164799258112907410e-02
4.864025861024856567e-02
7.051223516464233398e-02
-1.051845494657754898e-03
2.152044698596000671e-02
1.130191702395677567e-02
2.500864304602146149e-02
-9.001774713397026062e-03
4.004720970988273621e-02
6.706899404525756836e-02
7.387635856866836548e-02
-7.330904249101877213e-03
-2.966306917369365692e-02
-3.583629429340362549e-02
-1.190617028623819351e-02
1.082051694393157959e-01
1.592084914445877075e-01
-4.968480765819549561e-02
1.273796111345291138e-01
9.563276171684265137e-02
-1.002955809235572815e-02
7.121572643518447876e-02
7.767633348703384399e-02
-5.647086352109909058e-02
1.009374298155307770e-02
2.839195169508457184e-02
-1.291859429329633713e-02
-1.528671942651271820e-03
1.067435592412948608e-01
9.354151040315628052e-02
-1.378935426473617554e-01
-1.024757772684097290e-01
2.828517183661460876e-02
-1.284503191709518433e-01
3.914739470928907394e-03
-2.611079066991806030e-02
-1.551232486963272095e-02
2.564573660492897034e-02
1.441027503460645676e-02
1.498676370829343796e-02
3.363854810595512390e-02
8.108311146497726440e-02
-5.462117120623588562e-02
5.397486314177513123e-02
1.099327281117439270e-01
-1.058719400316476822e-02
1.983910799026489258e-02
5.237134173512458801e-02
-6.003371998667716980e-02
5.091300234198570251e-02
-9.268414229154586792e-03
4.999938979744911194e-02
1.707834154367446899e-01
6.005037948489189148e-02
6.079261377453804016e-02
1.105400174856185913e-01
8.017363143153488636e-04
4.504007287323474884e-03
-2.177449315786361694e-02
1.819921843707561493e-02
-4.136892408132553101e-02
-9.351421892642974854e-02
-5.242324620485305786e-02
-3.428322449326515198e-02
2.415308915078639984e-02
-7.541523128747940063e-02
4.894956946372985840e-02
3.309992328286170959e-02
-5.252429470419883728e-02
-8.565611392259597778e-02
-7.176867872476577759e-02
-9.253159165382385254e-02
-1.993890851736068726e-02
8.067575842142105103e-02
-4.731477051973342896e-02
2.766452729701995850e-03
-4.864125698804855347e-02
-1.117169409990310669e-01
-1.183993928134441376e-02
-1.031251996755599976e-01
-4.359858855605125427e-02
2.825259044766426086e-02
1.583608612418174744e-02
-4.316910728812217712e-02
1.321472972631454468e-01
8.964896202087402344e-02
5.702396854758262634e-02
1.001254916191101074e-01
1.554716676473617554e-01
2.509273216128349304e-02
1.200342550873756409e-02
1.152498871088027954e-01
7.596225291490554810e-02
1.128301583230495453e-02
-2.299919910728931427e-02
9.408739209175109863e-02
-9.948092699050903320e-02
-7.714221626520156860e-02
-5.756228044629096985e-02
-4.350585862994194031e-02
-4.432135075330734253e-02
-7.499144226312637329e-02
-4.450825601816177368e-02
-1.840923540294170380e-02
-1.609869152307510376e-01
-1.638208143413066864e-02
-8.109183609485626221e-02
-1.779400110244750977e-01
-6.990796886384487152e-03
2.644573710858821869e-02
-8.887162059545516968e-02
-5.146028101444244385e-02
-2.905591158196330070e-03
-1.131895333528518677e-01
1.041693538427352905e-01
7.191052287817001343e-02
-3.159590438008308411e-02
7.527515757828950882e-03
2.434471854940056801e-03
4.082827642560005188e-02
-3.884162381291389465e-02
1.648647896945476532e-02
8.106376230716705322e-02
-5.494955554604530334e-02
-2.522335648536682129e-01
-1.119868382811546326e-01
6.634807586669921875e-02
-6.162971630692481995e-02
-8.471152186393737793e-02
-1.115521937608718872e-01
-2.326384000480175018e-02
-4.696251079440116882e-02
-1.265346705913543701e-01
-5.629538372159004211e-02
1.901421137154102325e-02
-3.468215838074684143e-02
-5.158145725727081299e-02
5.874332785606384277e-02
-2.470820955932140350e-02
-6.486839056015014648e-02
-1.087758913636207581e-01
-1.431680619716644287e-01
-4.145660623908042908e-02
-5.998735129833221436e-02
-1.311893463134765625e-01
2.169541083276271820e-02
-2.642313949763774872e-02
2.583412081003189087e-02
1.815153099596500397e-02
-1.387330889701843262e-02
-2.899167314171791077e-02
-1.089618727564811707e-01
-2.506101131439208984e-02
4.394106194376945496e-02
-2.727833052631467581e-04
4.008487612009048462e-02
-1.722182035446166992e-01
-2.959880828857421875e-01
-1.799243986606597900e-01
-4.214476421475410461e-02
3.384018689393997192e-02
1.081111654639244080e-01
4.454009234905242920e-02
1.735848635435104370e-01
1.637706011533737183e-01
1.487500779330730438e-02
-2.418067678809165955e-02
4.855522885918617249e-03
2.233774401247501373e-02
-3.891392052173614502e-02
-3.236737102270126343e-02
-3.961924463510513306e-02
-8.637150377035140991e-02
-8.452982455492019653e-02
-5.678282305598258972e-02
-1.002941802144050598e-01
9.943366050720214844e-03
1.024052314460277557e-02
3.913771733641624451e-02
1.221407502889633179e-01
-2.644797973334789276e-02
8.386267721652984619e-02
-2.759316749870777130e-02
-1.352708488702774048e-01
-4.958194121718406677e-02
-8.404552936553955078e-02
9.130231291055679321e-02
2.954487316310405731e-02
7.667388021945953369e-02
3.431077674031257629e-02
1.593797095119953156e-02
2.029957808554172516e-02
6.466032564640045166e-02
1.387466490268707275e-01
8.505339734256267548e-03
7.038696855306625366e-02
5.622662231326103210e-02
3.403830807656049728e-03
2.934777364134788513e-02
-1.949298083782196045e-01
-1.006690785288810730e-01
-2.411971986293792725e-02
-7.412178814411163330e-02
-1.848970800638198853e-01
-2.713613025844097137e-02
9.856171905994415283e-02
1.205189153552055359e-02
9.277886897325515747e-02
1.564351767301559448e-01
1.050312817096710205e-01
7.165505085140466690e-04
-5.520390719175338745e-02
-1.164944842457771301e-01
-1.295212507247924805e-01
-1.059853285551071167e-01
-5.647698789834976196e-02
-6.634120643138885498e-02
-4.009507596492767334e-02
6.042189896106719971e-02
-1.078883558511734009e-02
-6.530998647212982178e-02
3.147276863455772400e-02
-5.482763051986694336e-02
-1.392436325550079346e-01
-4.363333061337471008e-02
5.577522143721580505e-02
-6.707394868135452271e-02
-7.223530113697052002e-02
-5.723826959729194641e-02
-1.330605149269104004e-02
9.234427474439144135e-03
1.244001556187868118e-02
5.361342336982488632e-03
-6.055837497115135193e-02
6.904199719429016113e-02
6.511764600872993469e-03
-4.248655214905738831e-02
1.058038510382175446e-02
4.689991846680641174e-02
-1.764008775353431702e-02
-4.396326094865798950e-02
-9.172936528921127319e-02
-4.795405641198158264e-02
-7.678170688450336456e-03
-1.313219428993761539e-03
-1.757591404020786285e-02
8.446922898292541504e-02
1.675517670810222626e-02
-4.858187586069107056e-02
5.250543728470802307e-02
1.086157094687223434e-02
-1.716060377657413483e-02
-9.593684971332550049e-02
-1.276837289333343506e-01
-1.109712421894073486e-01
-6.245638430118560791e-02
-5.523301288485527039e-02
-1.488375514745712280e-01
-2.724901959300041199e-02
2.622037939727306366e-02
-3.115068003535270691e-02
1.569033600389957428e-02
6.859672069549560547e-02
5.048793554306030273e-02
-3.708958625793457031e-02
1.185604259371757507e-01
-1.047607697546482086e-02
1.611661761999130249e-01
1.602690815925598145e-01
1.640854217112064362e-02
4.895917698740959167e-02
6.970281898975372314e-02
4.883370548486709595e-02
-9.109753300435841084e-04
7.166802138090133667e-02
3.336013108491897583e-02
-6.811439990997314453e-02
-1.651780903339385986e-01
-7.351041585206985474e-02
-3.181080520153045654e-02
-1.084291636943817139e-01
2.770487964153289795e-02
1.528596412390470505e-02
-6.819406896829605103e-02
6.170085631310939789e-03
-1.939471438527107239e-02
-1.121043488383293152e-01
-7.340665906667709351e-02
2.364722266793251038e-02
-6.630857288837432861e-02
2.189491689205169678e-02
7.220317423343658447e-02
8.960943669080734253e-02
3.605795279145240784e-02
-4.667630791664123535e-02
1.961510628461837769e-02
1.345548182725906372e-01
1.087152771651744843e-02
1.685072854161262512e-02
6.897194683551788330e-02
-4.689089208841323853e-02
-5.809587612748146057e-02
-1.245372593402862549e-01
6.491345167160034180e-02
1.080817878246307373e-01
3.355989232659339905e-02
7.761299610137939453e-02
2.103420197963714600e-01
9.235926717519760132e-02
-4.086619243025779724e-02
-9.813309460878372192e-02
-1.245993599295616150e-01
-8.996386080980300903e-02
-1.140301525592803955e-01
-1.131644472479820251e-01
-1.017078086733818054e-01
-6.195904687047004700e-02
-3.630219399929046631e-02
-3.638077294453978539e-03
-2.043763920664787292e-02
-4.384932294487953186e-02
-6.931703537702560425e-02
-4.894461855292320251e-02
-2.220556698739528656e-02
-8.489535748958587646e-02
-3.098157607018947601e-02
-1.424830406904220581e-02
2.123384550213813782e-02
3.914026543498039246e-02
4.744868353009223938e-02
-7.034272700548171997e-02
-2.104212045669555664e-01
-1.211452111601829529e-01
4.218701273202896118e-02
9.114702232182025909e-03
8.948433399200439453e-02
-3.001898899674415588e-02
6.782297790050506592e-02
-1.202674000523984432e-03
-2.739567495882511139e-02
6.150971725583076477e-02
-5.421791598200798035e-02
5.607496947050094604e-02
-2.658930048346519470e-02
2.251776121556758881e-02
-9.761623293161392212e-02
7.882882840931415558e-03
-4.282403364777565002e-02
-1.310614347457885742e-01
7.523936033248901367e-02
-5.017475783824920654e-02
1.789422519505023956e-02
1.126631423830986023e-01
-5.390777066349983215e-02
9.392550587654113770e-02
-5.484521761536598206e-02
-6.060040742158889771e-02
1.734909564256668091e-01
-6.123185157775878906e-02
-4.889949038624763489e-02
9.911403059959411621e-02
1.387775316834449768e-02
-6.315675377845764160e-02
-7.801877707242965698e-02
-9.943502023816108704e-03
1.795625686645507812e-02
-9.852415323257446289e-02
-7.535860687494277954e-02
1.207894757390022278e-01
-3.507317975163459778e-02
-1.739028096199035645e-01
-4.678893089294433594e-02
-7.203808054327964783e-03
-3.464233595877885818e-03
-6.915143877267837524e-02
-4.267381131649017334e-02
1.258662194013595581e-01
-9.546830318868160248e-03
-8.796615153551101685e-02
1.422579437494277954e-01
1.342211216688156128e-01
-8.964221924543380737e-02
1.128923147916793823e-01
1.203688457608222961e-01
-1.204821094870567322e-01
1.369950473308563232e-01
1.149291023612022400e-01
-1.617864370346069336e-01
-9.621790610253810883e-03
8.302819728851318359e-02
-1.188860684633255005e-01
1.105432286858558655e-01
1.097641512751579285e-01
-1.337332129478454590e-01
1.398098189383745193e-02
5.479625239968299866e-02
-6.285609304904937744e-02
-7.922653108835220337e-02
2.615388110280036926e-02
-8.826269209384918213e-02
2.613829262554645538e-02
-9.401876479387283325e-03
-2.201944775879383087e-02
3.939623758196830750e-02
2.228918671607971191e-02
-4.838841408491134644e-02
-4.416213184595108032e-02
5.882120504975318909e-02
2.233637310564517975e-02
5.180976912379264832e-02
-3.707842156291007996e-02
-7.406890392303466797e-02
-4.208707436919212341e-02
-8.562903851270675659e-02
-8.280303329229354858e-02
-9.121761471033096313e-02
-7.436118274927139282e-02
2.400863543152809143e-02
-6.226737052202224731e-02
-3.394753485918045044e-02
-1.714747585356235504e-02
-6.017445772886276245e-02
3.710624761879444122e-03
-2.838505245745182037e-02
-8.761446923017501831e-02
1.050475891679525375e-02
-6.219301000237464905e-02
-9.565016254782676697e-03
1.774800419807434082e-01
3.952100872993469238e-02
5.971227213740348816e-02
7.431747019290924072e-02
1.741208508610725403e-02
2.401678450405597687e-02
-2.472947910428047180e-02
2.658617496490478516e-02
-9.044554084539413452e-03
-6.656336039304733276e-02
1.041422039270401001e-01
-7.337751239538192749e-02
-1.171368062496185303e-01
9.331237524747848511e-02
5.063015967607498169e-02
-1.270417869091033936e-02
-1.958109438419342041e-01
5.459837988018989563e-02
1.194604188203811646e-01
-2.156203240156173706e-01
1.433687955141067505e-01
2.482278048992156982e-01
-2.546823024749755859e-01
9.211119264364242554e-03
9.104045480489730835e-02
-9.199953079223632812e-02
-9.783972799777984619e-02
6.100704520940780640e-02
-9.687954932451248169e-02
-7.763449847698211670e-02
-1.725682616233825684e-02
9.643325209617614746e-02
6.324596703052520752e-02
-6.199664436280727386e-03
-2.965164929628372192e-02
-1.005364861339330673e-02
-2.655350416898727417e-02
3.752413019537925720e-02
5.308547616004943848e-02
-3.951248154044151306e-02
-3.571728477254509926e-03
5.085809528827667236e-02
-5.848494917154312134e-02
1.324365586042404175e-01
-6.580727547407150269e-02
-2.491226792335510254e-02
1.071550846099853516e-01
-6.179107353091239929e-02
-5.653418600559234619e-02
7.340079545974731445e-02
1.678441837430000305e-02
-8.600606583058834076e-03
-9.780944138765335083e-02
1.306461542844772339e-02
-5.614724010229110718e-02
-1.786210760474205017e-02
3.505116701126098633e-02
3.438982367515563965e-02
-1.197210773825645447e-01
4.078759253025054932e-02
1.220700815320014954e-01
-1.442945003509521484e-01
-2.162365801632404327e-02
-2.281994326040148735e-03
-4.608727619051933289e-02
-8.477918803691864014e-03
-8.271679282188415527e-02
-7.923319190740585327e-02
1.977241598069667816e-02
3.683732450008392334e-02
2.315661869943141937e-02
1.329993009567260742e-01
-7.718219608068466187e-02
-3.769928216934204102e-02
1.587699502706527710e-01
5.506226327270269394e-03
9.172644466161727905e-02
4.694497957825660706e-02
-3.306651115417480469e-02
1.031175032258033752e-01
-2.371886372566223145e-02
-2.075526863336563110e-02
6.259253621101379395e-02
-6.532596051692962646e-02
-1.485182903707027435e-02
3.712758421897888184e-02
-5.309425666928291321e-02
-2.528100460767745972e-02
1.281206607818603516e-01
-1.119254752993583679e-01
-6.017908081412315369e-02
1.714419871568679810e-01
-5.427120998501777649e-02
-9.638231247663497925e-02
1.021010056138038635e-01
2.243867516517639160e-02
-1.669526658952236176e-02
1.056172549724578857e-01
-3.347403928637504578e-02
-4.368282109498977661e-02
1.810422241687774658e-01
-1.071935594081878662e-01
-9.106656163930892944e-02
8.656364679336547852e-02
4.739994183182716370e-02
8.627531351521611214e-04
1.720447689294815063e-01
-6.889709830284118652e-02
-1.226830780506134033e-01
1.392890512943267822e-01
-1.007539704442024231e-01
-1.641639173030853271e-01
1.562534831464290619e-02
-2.196128480136394501e-02
7.084577530622482300e-02
1.009426936507225037e-01
-7.465456426143646240e-02
1.447403896600008011e-02
3.813106939196586609e-02
-2.605268061161041260e-01
-9.553203731775283813e-02
-3.219180181622505188e-02
-1.120654568076133728e-01
-5.009435862302780151e-02
-6.345936655998229980e-02
1.157673150300979614e-01
1.811356693506240845e-01
-4.728626832365989685e-02
1.230456382036209106e-01
1.010636165738105774e-01
-1.766749471426010132e-01
-4.204100370407104492e-02
5.723759159445762634e-02
2.227141112089157104e-01
1.137931495904922485e-01
-1.117570474743843079e-01
2.135871201753616333e-01
8.937109261751174927e-02
-2.241984605789184570e-01
3.926942870020866394e-02
1.446236204355955124e-02
-4.854590073227882385e-02
4.685290157794952393e-02
1.002424582839012146e-01
4.974568635225296021e-02
2.437916398048400879e-02
2.820481732487678528e-02
-3.979882225394248962e-02
1.969456113874912262e-02
2.607720717787742615e-02
3.589873760938644409e-02
4.363329708576202393e-02
1.127683091908693314e-02
1.033005863428115845e-01
2.025249786674976349e-02
-3.438307717442512512e-02
4.895842075347900391e-02
3.688794374465942383e-02
-1.809720508754253387e-02
-4.350069537758827209e-02
-2.113271504640579224e-01
1.459453105926513672e-01
1.619844436645507812e-01
-1.576601564884185791e-01
4.578909650444984436e-02
2.933819591999053955e-01
-1.284794658422470093e-01
-4.104247689247131348e-02
1.242410168051719666e-01
1.102859079837799072e-01
1.158265396952629089e-01
1.122981384396553040e-01
-9.389344602823257446e-03
2.648755349218845367e-02
8.986023813486099243e-02
-7.903905957937240601e-02
-8.946654200553894043e-02
-4.360080137848854065e-02
3.844069142360240221e-04
1.318898331373929977e-02
7.153732329607009888e-02
4.109072312712669373e-02
8.438707143068313599e-02
6.484165787696838379e-02
-7.471786811947822571e-04
4.596600309014320374e-02
3.084851242601871490e-02
4.841701313853263855e-02
5.321428179740905762e-02
-1.295997798442840576e-01
2.517513036727905273e-01
5.064942315220832825e-02
-2.441633492708206177e-01
9.624976664781570435e-02
-1.131138354539871216e-01
-1.794901937246322632e-01
-1.565733738243579865e-02
1.965433917939662933e-02
-1.254052110016345978e-02
4.100489616394042969e-02
-1.201773807406425476e-01
-1.712641119956970215e-01
-3.660815209150314331e-02
-4.529386013746261597e-02
-4.997633025050163269e-02
-1.080130785703659058e-01
9.088671952486038208e-02
1.815924495458602905e-01
-1.154228579252958298e-02
-6.161721050739288330e-02
8.578829467296600342e-02
5.202207248657941818e-03
-1.378636360168457031e-01
4.368343949317932129e-02
5.344345048069953918e-02
-7.012484967708587646e-02
-8.830006234347820282e-03
1.084644626826047897e-02
-4.739645496010780334e-02
-1.086425185203552246e-01
2.055521588772535324e-03
1.682979799807071686e-02
-7.397335022687911987e-03
-1.945707201957702637e-02
2.192406449466943741e-03
1.085697561502456665e-01
9.053839370608329773e-03
5.857659131288528442e-02
1.279605031013488770e-01
1.808355562388896942e-03
6.217980384826660156e-02
8.018858730792999268e-02
6.656055152416229248e-02
5.503305792808532715e-02
-3.171730041503906250e-02
-5.221115425229072571e-02
7.059660553932189941e-02
8.898486196994781494e-02
8.519987761974334717e-02
-4.879583790898323059e-02
-2.747035957872867584e-02
-6.152416765689849854e-02
-2.896210178732872009e-02
-1.274699438363313675e-02
-3.872416913509368896e-02
6.204483285546302795e-02
1.100827902555465698e-01
2.372672781348228455e-02
-6.404336541891098022e-02
-2.090911194682121277e-02
-9.775979071855545044e-02
2.949813008308410645e-02
-4.044796526432037354e-02
-3.959767892956733704e-02
4.958979412913322449e-02
8.389355242252349854e-02
3.217843919992446899e-02
-6.081494316458702087e-02
1.612799055874347687e-02
-1.247332468628883362e-01
-7.121005095541477203e-03
5.738303996622562408e-03
-9.595376253128051758e-02
-1.324420329183340073e-02
2.683871425688266754e-02
1.775676757097244263e-02
3.127076476812362671e-02
3.237865120172500610e-02
-1.922036637552082539e-03
2.553423866629600525e-02
4.134432878345251083e-03
-1.442745327949523926e-02
8.498670905828475952e-02
3.864483162760734558e-02
-3.716511279344558716e-02
3.664963692426681519e-02
3.227447718381881714e-02
-8.246973901987075806e-02
8.758289739489555359e-03
7.954809069633483887e-02
1.605369001626968384e-01
6.337197031825780869e-03
-2.223881147801876068e-02
1.253306716680526733e-01
9.483817964792251587e-02
-5.035347491502761841e-02
-2.248308621346950531e-02
-2.988436259329319000e-02
4.000251367688179016e-02
-6.162289902567863464e-02
-1.436042785644531250e-01
-6.696795672178268433e-02
-9.735088050365447998e-02
-1.720317155122756958e-01
-1.308236271142959595e-01
-6.072665750980377197e-02
2.252422505989670753e-03
-1.627345830202102661e-01
5.349804833531379700e-02
3.562395572662353516e-01
2.592318058013916016e-01
3.825695440173149109e-02
1.531971693038940430e-01
1.710319817066192627e-01
-3.410713374614715576e-02
2.769414521753787994e-02
-5.585636198520660400e-02
3.644204139709472656e-02
-8.149814791977405548e-03
-2.393531613051891327e-02
8.695839345455169678e-02
-1.990020647644996643e-02
-3.750076517462730408e-02
8.919144049286842346e-03
2.254996448755264282e-02
1.138912960886955261e-01
-1.491494569927453995e-02
1.256297826766967773e-01
1.785422712564468384e-01
-1.108209043741226196e-02
-2.074244245886802673e-02
8.046835660934448242e-02
8.882434107363224030e-03
-4.193525761365890503e-02
-2.217744477093219757e-02
-2.693769522011280060e-02
1.554126385599374771e-02
-9.092180058360099792e-03
-3.650302812457084656e-02
-9.794024378061294556e-02
-6.105675548315048218e-02
9.523766487836837769e-02
-5.402321740984916687e-02
1.726866327226161957e-02
1.110359653830528259e-01
1.904748752713203430e-02
6.083737313747406006e-02
-7.583414763212203979e-02
-1.006305404007434845e-02
-7.902984321117401123e-02
-1.404972653836011887e-02
-2.942364104092121124e-02
2.409056201577186584e-02
-1.782657019793987274e-02
-1.897025108337402344e-02
-2.844463661313056946e-02
-4.213112220168113708e-02
-8.856855332851409912e-02
-9.570159018039703369e-02
6.391083449125289917e-02
-2.873453125357627869e-02
2.743564173579216003e-02
1.904460936784744263e-01
8.279778808355331421e-02
-1.088852062821388245e-01
1.192146737594157457e-04
2.931953035295009613e-02
-5.016560200601816177e-03
5.939357727766036987e-02
3.490960597991943359e-02
5.769148934632539749e-03
9.405709803104400635e-02
-6.137998308986425400e-03
3.615353256464004517e-02
7.545258104801177979e-02
-6.392008066177368164e-02
2.251465246081352234e-02
-2.478184364736080170e-02
9.315168717876076698e-04
1.352506922557950020e-03
3.220409527420997620e-02
7.897959649562835693e-02
3.959225118160247803e-02
-1.885446719825267792e-02
8.676761388778686523e-02
-3.020642139017581940e-02
3.287675231695175171e-02
-1.183333694934844971e-01
-1.320678144693374634e-01
-4.832505807280540466e-02
-1.314845234155654907e-01
-3.042269349098205566e-01
-1.538946181535720825e-01
-1.482081413269042969e-01
-2.877836525440216064e-01
4.406894370913505554e-02
-5.183131620287895203e-02
-1.016395837068557739e-01
1.016327887773513794e-01
1.870552077889442444e-02
-7.759832590818405151e-02
-3.446838632225990295e-02
9.048670530319213867e-02
-2.160192653536796570e-02
8.190032094717025757e-02
-9.952706098556518555e-02
-1.881710737943649292e-01
1.121684759855270386e-01
4.980662092566490173e-02
-1.572063378989696503e-02
-1.897736079990863800e-02
1.249346602708101273e-02
2.785483002662658691e-02
1.445980966091156006e-01
-6.225571502000093460e-03
-8.280545473098754883e-02
2.318700104951858521e-01
1.049851477146148682e-01
-3.944682702422142029e-02
2.338524442166090012e-03
1.063819229602813721e-02
-7.739347219467163086e-02
-3.336546197533607483e-02
-4.768442362546920776e-02
-1.316518932580947876e-01
-4.642586037516593933e-02
-6.992173939943313599e-02
-4.157659411430358887e-02
6.401507556438446045e-02
-6.544031668454408646e-03
5.414054170250892639e-02
2.459278889000415802e-02
3.978035598993301392e-02
-3.139713034033775330e-02
-2.530290000140666962e-02
4.564265161752700806e-02
-2.827012538909912109e-02
-3.477444499731063843e-02
1.700775697827339172e-03
-1.045081764459609985e-01
-1.051995307207107544e-01
4.722748696804046631e-02
9.275855123996734619e-02
-1.031891629099845886e-01
-8.541580289602279663e-02
7.604470849037170410e-02
-3.042794018983840942e-02
-1.560102310031652451e-02
2.052098698914051056e-02
-1.763493195176124573e-02
1.031775120645761490e-02
3.813813626766204834e-02
2.471315301954746246e-02
2.878550998866558075e-02
2.042187154293060303e-01
-4.797162860631942749e-02
3.647842258214950562e-02
5.551559850573539734e-02
1.275808550417423248e-02
1.977649144828319550e-02
2.456493116915225983e-02
4.376566410064697266e-02
7.120581576600670815e-04
-1.174644567072391510e-02
-2.933937683701515198e-02
-3.304672241210937500e-02
-1.693587191402912140e-02
-2.419921755790710449e-02
-5.342285707592964172e-02
-1.306985616683959961e-01
6.504776328802108765e-02
1.124304980039596558e-01
-5.619450286030769348e-02
-7.381156552582979202e-03
1.874364912509918213e-01
1.548478454351425171e-01
-3.834047168493270874e-02
-1.689591109752655029e-01
-1.612533330917358398e-01
3.617022186517715454e-02
-7.847644388675689697e-02
-2.261634171009063721e-01
-5.133817717432975769e-02
-4.434659704566001892e-02
-9.941309690475463867e-02
-2.442104928195476532e-02
-2.769785351119935513e-04
5.687911435961723328e-02
-8.517406880855560303e-03
-7.124102208763360977e-03
7.720427215099334717e-02
2.619493519887328148e-03
-6.416181474924087524e-02
-1.413941532373428345e-01
-2.376987226307392120e-02
1.960780285298824310e-02
7.480362802743911743e-02
-6.501334253698587418e-03
7.044360041618347168e-02
9.744606167078018188e-02
-2.214278466999530792e-02
-9.382443875074386597e-02
-1.671199686825275421e-02
6.324717402458190918e-02
3.803938627243041992e-02
7.257724553346633911e-02
1.084248572587966919e-01
2.981627359986305237e-02
-2.225683815777301788e-02
6.790427863597869873e-02
-2.010205574333667755e-02
-8.921812474727630615e-02
-3.864679858088493347e-02
-4.932661354541778564e-02
-2.470866590738296509e-02
-3.751194477081298828e-02
-3.675531968474388123e-02
-4.969540610909461975e-02
-1.055802498012781143e-02
-3.725596517324447632e-02
-8.628436923027038574e-02
-6.842531263828277588e-02
4.841194674372673035e-02
5.167564377188682556e-02
-2.717710100114345551e-02
-2.180168777704238892e-02
1.026629582047462463e-01
-1.672367192804813385e-02
-9.762213379144668579e-02
1.173795480281114578e-02
-2.273287624120712280e-02
-3.834182024002075195e-02
-5.425248667597770691e-02
-1.161137223243713379e-02
1.986884139478206635e-02
-9.561964124441146851e-02
-1.746599376201629639e-02
7.326655834913253784e-02
-6.636752188205718994e-02
-6.511450279504060745e-03
-5.624847020953893661e-03
1.090732291340827942e-01
3.428043797612190247e-02
9.511084109544754028e-02
1.445342302322387695e-01
5.388722196221351624e-02
4.998433217406272888e-02
6.266400218009948730e-02
4.847649484872817993e-02
-4.343683272600173950e-02
9.726538509130477905e-02
-2.497307956218719482e-03
-8.746259659528732300e-02
-2.686136588454246521e-02
3.527354821562767029e-02
-2.248815074563026428e-02
-9.597353637218475342e-02
2.557343803346157074e-02
2.078939788043498993e-02
2.008765749633312225e-02
5.828408896923065186e-02
-3.357253223657608032e-02
3.724659979343414307e-02
9.414652734994888306e-02
1.041482761502265930e-01
5.880918353796005249e-02
-1.595003716647624969e-02
-6.027746200561523438e-02
9.879697114229202271e-03
6.240442767739295959e-02
-4.878556355834007263e-02
2.746856771409511566e-03
1.046387255191802979e-01
-8.349701762199401855e-02
-7.321302592754364014e-02
-8.385697752237319946e-02
3.301465767435729504e-05
1.357170753180980682e-02
-8.709899336099624634e-02
-4.404423385858535767e-02
-4.063523560762405396e-02
-6.013857200741767883e-02
-1.802325062453746796e-02
-1.512734033167362213e-02
-1.070251911878585815e-01
-9.196874499320983887e-02
-5.370825901627540588e-02
-7.115662842988967896e-02
1.160155832767486572e-01
-1.330897770822048187e-02
1.714579015970230103e-02
1.137855648994445801e-01
-1.771851442754268646e-02
-7.270602043718099594e-03
-7.188757508993148804e-02
-1.404480785131454468e-01
-1.870892476290464401e-03
-1.925133168697357178e-01
-1.922755688428878784e-01
-4.437307827174663544e-03
-9.823187440633773804e-02
-5.054631829261779785e-02
1.668079756200313568e-02
8.672653138637542725e-02
3.518203645944595337e-02
2.718424797058105469e-02
9.242427349090576172e-02
4.012692719697952271e-02
-2.238357067108154297e-02
9.389203973114490509e-03
4.891299828886985779e-02
3.045223094522953033e-02
-4.316286370158195496e-02
-7.123045623302459717e-02
-3.911989554762840271e-02
-2.963225357234477997e-02
-3.646378219127655029e-02
-3.430983051657676697e-02
5.712771788239479065e-02
1.889390312135219574e-02
5.521614477038383484e-02
5.777834355831146240e-02
3.088306076824665070e-02
-5.091148614883422852e-02
-6.591470539569854736e-02
-1.069052740931510925e-01
1.033133361488580704e-02
1.932104304432868958e-02
-3.805457800626754761e-02
1.267931759357452393e-01
1.552710384130477905e-01
7.348140329122543335e-02
-1.813856139779090881e-02
-7.604809105396270752e-02
-7.368854433298110962e-02
-6.250747293233871460e-02
-1.232025176286697388e-01
-1.102848872542381287e-01
2.356412820518016815e-02
-1.083606109023094177e-02
-2.347867749631404877e-02
-7.738347351551055908e-02
-1.153057217597961426e-01
-7.500830292701721191e-02
-1.218865737318992615e-01
-2.259898371994495392e-02
1.889261044561862946e-02
-2.502325456589460373e-03
8.762031048536300659e-02
1.155735626816749573e-01
-1.824359968304634094e-02
6.314784288406372070e-02
1.014349833130836487e-01
5.800883099436759949e-02
-6.900304555892944336e-02
-1.958296261727809906e-02
1.231736764311790466e-01
2.794313617050647736e-02
-7.822027057409286499e-02
-1.657607778906822205e-02
-4.674578085541725159e-02
-4.738713055849075317e-02
-1.819019466638565063e-01
-7.370876520872116089e-02
4.005757346749305725e-02
-3.001826070249080658e-02
6.509330868721008301e-02
3.055437095463275909e-02
9.928003698587417603e-02
1.258494257926940918e-01
1.677595078945159912e-01
5.740933120250701904e-02
-1.525345444679260254e-02
3.489214926958084106e-03
-1.047753393650054932e-01
-1.480498611927032471e-01
-1.222299709916114807e-01
-3.308355435729026794e-02
-1.404033005237579346e-01
-8.092730492353439331e-02
1.214734986424446106e-01
1.834909990429878235e-02
-9.645087271928787231e-02
-9.275721386075019836e-03
-1.472777314484119415e-02
-6.434237211942672729e-02
1.091457251459360123e-02
4.090658575296401978e-02
8.143104612827301025e-03
4.298342391848564148e-02
1.786585152149200439e-02
9.637347422540187836e-03
-4.304542206227779388e-03
5.488242581486701965e-02
3.563144057989120483e-02
2.218307694420218468e-03
4.098338633775711060e-02
-2.625281549990177155e-02
-1.082151383161544800e-02
3.945127502083778381e-02
1.180140152573585510e-01
-2.939675934612751007e-02
-2.009300515055656433e-02
-6.822555512189865112e-02
-4.621740058064460754e-02
9.275386482477188110e-02
3.220081329345703125e-02
-2.670986391603946686e-02
2.647955343127250671e-02
-1.007054746150970459e-02
-8.609130978584289551e-02
-2.846863120794296265e-02
-1.986749656498432159e-02
-1.009011454880237579e-02
-6.007217988371849060e-02
9.014394879341125488e-02
-3.347473964095115662e-02
2.668481692671775818e-02
-1.352715026587247849e-02
8.793955296277999878e-02
-9.423784911632537842e-03
-2.441124245524406433e-02
-1.475462596863508224e-02
-1.113316938281059265e-01
-1.094366461038589478e-01
3.196864947676658630e-02
-3.029848821461200714e-02
-5.710544809699058533e-02
7.506128400564193726e-02
7.397111505270004272e-02
2.637863159179687500e-02
1.403487771749496460e-01
6.229754164814949036e-02
-3.505625063553452492e-03
1.348707731813192368e-02
-4.359323531389236450e-03
-1.720478571951389313e-02
-6.129005923867225647e-02
-8.719349652528762817e-02
-3.390287980437278748e-02
-1.258955523371696472e-02
-3.336195647716522217e-02
2.198248915374279022e-02
1.128274947404861450e-02
6.131795048713684082e-02
6.822025869041681290e-03
4.472149163484573364e-02
1.186905726790428162e-01
4.879717528820037842e-02
5.686961859464645386e-02
1.191493049263954163e-01
9.495857357978820801e-02
7.883946597576141357e-02
-4.187786206603050232e-02
1.548956520855426788e-02
-2.528575621545314789e-02
3.583882749080657959e-02
3.720863163471221924e-02
-9.089375287294387817e-02
-3.210319206118583679e-02
5.422065500169992447e-03
-9.468080475926399231e-03
-6.223228573799133301e-02
-1.259928848594427109e-02
-8.845098316669464111e-03
4.511884599924087524e-02
3.541389480233192444e-02
-3.974445909261703491e-02
-6.125772744417190552e-02
-6.613376736640930176e-02
3.018812276422977448e-02
-2.713712118566036224e-02
-9.644269943237304688e-02
8.784239739179611206e-02
9.424900263547897339e-02
-3.038168139755725861e-02
3.654823824763298035e-02
-2.955887280404567719e-02
-3.858669847249984741e-02
4.990145191550254822e-02
2.540994621813297272e-02
5.430606007575988770e-02
1.029587909579277039e-01
2.660929858684539795e-01
2.506770379841327667e-02
1.667457967996597290e-01
1.824248582124710083e-01
1.454483158886432648e-02
8.570359647274017334e-02
-4.163868725299835205e-03
-7.390983402729034424e-02
-8.438429981470108032e-02
-1.973530054092407227e-01
9.051944129168987274e-03
5.271553620696067810e-02
-3.468833863735198975e-03
4.834985360503196716e-02
-3.915874660015106201e-02
-9.406047314405441284e-02
-6.812954694032669067e-02
-4.472294822335243225e-02
-6.343113631010055542e-02
7.286497950553894043e-02
-5.280805379152297974e-02
-1.414344310760498047e-01
-5.529218167066574097e-02
3.695922717452049255e-02
-4.333136975765228271e-02
9.900236874818801880e-02
-7.939896732568740845e-02
5.605951696634292603e-02
2.859259396791458130e-02
4.949618130922317505e-02
1.482293605804443359e-01
7.241126149892807007e-02
-1.216255710460245609e-03
-1.155730038881301880e-01
-1.551427692174911499e-01
-6.862000375986099243e-02
-1.319416463375091553e-01
-7.196332514286041260e-02
5.847468972206115723e-02
9.881657361984252930e-02
-3.419401496648788452e-02
1.102081537246704102e-01
2.058635354042053223e-01
6.736994534730911255e-02
-9.647846221923828125e-03
-2.430018782615661621e-02
-6.756659597158432007e-02
6.591758131980895996e-02
6.671173125505447388e-02
4.815470892935991287e-03
1.483514998108148575e-02
-1.067785024642944336e-01
-5.270930752158164978e-02
-3.615628555417060852e-02
-1.555585116147994995e-01
-7.004412263631820679e-02
1.600435352884232998e-03
-8.537803776562213898e-03
-2.116275578737258911e-02
-2.004344202578067780e-02
-3.858100157231092453e-03
-1.785658299922943115e-02
-3.240141645073890686e-02
-8.968755602836608887e-02
1.695181429386138916e-02
-1.172497496008872986e-01
9.517123550176620483e-02
7.072842214256525040e-03
-9.859710931777954102e-02
-3.804288432002067566e-02
-1.654474586248397827e-01
-2.641921117901802063e-02
-5.145500227808952332e-02
-3.154593333601951599e-02
5.244681984186172485e-02
-5.274320393800735474e-02
-6.431756913661956787e-02
7.573717832565307617e-02
1.977494731545448303e-02
-3.511555492877960205e-02
-1.233991049230098724e-02
-3.444660454988479614e-02
5.675601586699485779e-02
-8.160145580768585205e-02
-1.202786690555512905e-03
1.237899959087371826e-01
-9.970685094594955444e-02
-1.621745526790618896e-01
-5.461195111274719238e-02
6.964168697595596313e-02
6.831633299589157104e-02
2.379111014306545258e-03
1.360191702842712402e-01
6.876916438341140747e-02
8.622528612613677979e-02
-4.057358205318450928e-02
-1.724997460842132568e-01
1.152274385094642639e-02
1.288949325680732727e-02
-7.577078789472579956e-02
-4.862827062606811523e-02
-2.532794326543807983e-02
-1.657911241054534912e-01
-6.434573233127593994e-02
8.345913141965866089e-02
-7.162068784236907959e-02
-5.077269673347473145e-02
-2.744021266698837280e-02
-5.276050418615341187e-02
-1.110333278775215149e-01
4.557871446013450623e-02
1.055388301610946655e-01
-3.566771000623703003e-02
-9.328315407037734985e-02
1.178330555558204651e-01
-2.845327369868755341e-02
7.510351389646530151e-02
1.360076367855072021e-01
2.641952782869338989e-02
1.407357957214117050e-02
1.509547829627990723e-01
4.230992868542671204e-02
-3.810138627886772156e-02
-4.264445602893829346e-02
-1.754399389028549194e-02
-1.209575012326240540e-01
-1.022741645574569702e-01
-3.125048801302909851e-02
-7.634347677230834961e-02
-3.327938495203852654e-03
-1.287001222372055054e-01
-1.829254813492298126e-02
-2.900573424994945526e-02
-1.961689256131649017e-02
3.743740729987621307e-03
-4.717874154448509216e-02
1.911548152565956116e-02
-1.087835710495710373e-02
-4.382757097482681274e-02
2.815731614828109741e-02
-2.086345292627811432e-02
-6.113714724779129028e-02
5.300079286098480225e-02
5.088689550757408142e-02
6.073657423257827759e-02
3.771433606743812561e-02
2.623618952929973602e-02
1.239662244915962219e-02
-3.141985461115837097e-02
7.081600278615951538e-02
8.868603408336639404e-02
-3.254187991842627525e-03
2.373341470956802368e-02
7.000189274549484253e-03
1.478201989084482193e-02
-7.205429673194885254e-02
4.695986583828926086e-02
9.046825021505355835e-02
-1.350975129753351212e-03
-2.335302531719207764e-02
2.443783544003963470e-02
-9.461127966642379761e-02
-6.366787105798721313e-02
-1.150626689195632935e-01
-2.902564406394958496e-02
-1.370157301425933838e-01
-4.039989411830902100e-02
7.346069812774658203e-02
-1.088390946388244629e-01
2.743646688759326935e-02
-7.085711508989334106e-02
8.817585185170173645e-04
6.501254439353942871e-02
-7.729563862085342407e-02
-1.020631864666938782e-01
-1.885846257209777832e-02
3.081746585667133331e-02
-5.042747408151626587e-02
7.067746482789516449e-04
4.407741501927375793e-02
-7.669170945882797241e-02
-3.197832778096199036e-02
-1.255312468856573105e-02
-1.977921277284622192e-01
-5.041402764618396759e-03
-1.464080717414617538e-02
-6.175329908728599548e-02
5.987377464771270752e-02
9.198749065399169922e-02
1.465456038713455200e-01
1.183542013168334961e-01
3.500563278794288635e-02
-1.075503081083297729e-01
-3.673402592539787292e-02
7.546693086624145508e-02
1.322302129119634628e-02
9.456739574670791626e-02
-1.985414698719978333e-02
-8.077353984117507935e-02
-1.236850097775459290e-01
-3.577298298478126526e-02
-2.048128545284271240e-01
-7.524635642766952515e-02
8.055343478918075562e-02
9.604684263467788696e-02
1.257555484771728516e-01
-2.967136166989803314e-02
1.039405912160873413e-01
-1.235730946063995361e-02
-5.537484958767890930e-02
-1.214584037661552429e-01
-8.077352494001388550e-02
-2.370236068964004517e-02
-6.668765097856521606e-02
-9.331181645393371582e-02
-2.709479257464408875e-02
-2.607564255595207214e-02
-3.730297461152076721e-02
-7.126188278198242188e-02
5.796830169856548309e-03
3.785621374845504761e-02
-1.727719604969024658e-02
6.963057070970535278e-02
-5.659662187099456787e-02
4.846284165978431702e-02
-5.813687457703053951e-04
-8.630450069904327393e-02
8.228792995214462280e-02
-2.064866945147514343e-02
-3.449860587716102600e-02
7.674928754568099976e-02
3.965079318732023239e-03
2.481751516461372375e-02
8.847834914922714233e-02
-7.361143361777067184e-03
1.097141671925783157e-02
2.009706757962703705e-02
-1.151166390627622604e-02
2.200672589242458344e-02
-7.323260605335235596e-02
-4.874350968748331070e-03
-1.290494762361049652e-02
-5.428197979927062988e-02
8.445544540882110596e-02
2.468665689229965210e-02
-3.537212312221527100e-02
-4.968548193573951721e-02
9.212744235992431641e-02
-3.156657097861170769e-03
-7.030533999204635620e-02
-3.445473685860633850e-02
-2.747200429439544678e-02
-5.442486703395843506e-02
9.533821139484643936e-04
-8.670306950807571411e-02
1.178121939301490784e-02
-1.511422991752624512e-01
-6.898383051156997681e-02
-4.477022215723991394e-02
-5.639341473579406738e-02
-3.538777679204940796e-02
1.288928929716348648e-02
-9.233216196298599243e-02
1.127707026898860931e-02
-3.372948616743087769e-02
-5.241088569164276123e-02
-3.087487816810607910e-02
-1.230059117078781128e-01
-1.212036088109016418e-01
1.675297506153583527e-02
-8.001721650362014771e-02
-1.621772795915603638e-01
5.832472350448369980e-03
-1.470779180526733398e-01
-1.078290268778800964e-01
1.693179644644260406e-02
-1.287616975605487823e-02
2.130145439878106117e-03
-3.354953229427337646e-02
-1.418011635541915894e-01
-1.070110872387886047e-01
-4.552016407251358032e-02
-1.108973324298858643e-01
-4.538926854729652405e-02
-9.763906151056289673e-02
-1.768031567335128784e-01
-4.307430982589721680e-02
3.422756493091583252e-02
2.988000959157943726e-02
9.905371814966201782e-03
3.763211891055107117e-02
-8.191607892513275146e-02
-1.027077436447143555e-01
2.420691959559917450e-02
9.595300070941448212e-03
-2.547505125403404236e-02
6.544779986143112183e-02
-2.513225562870502472e-02
2.909112721681594849e-02
1.924708858132362366e-02
-1.611664593219757080e-01
-3.421085700392723083e-02
4.766458179801702499e-03
-1.188495010137557983e-01
-5.425058677792549133e-02
-2.969482215121388435e-03
-5.832220613956451416e-02
-3.304422274231910706e-02
-4.254860058426856995e-02
-8.645529299974441528e-02
-9.835109859704971313e-02
-2.591882273554801941e-02
-8.519129455089569092e-02
-3.590269014239311218e-02
-1.979010738432407379e-02
-4.475775361061096191e-02
9.929662942886352539e-02
1.916286302730441093e-03
2.825211919844150543e-02
3.839828819036483765e-02
-1.328444331884384155e-01
-7.075542956590652466e-02
2.729984931647777557e-02
-1.957000605762004852e-02
4.521679133176803589e-03
-1.576682552695274353e-02
1.617660000920295715e-02
-4.752562195062637329e-02
1.145832240581512451e-02
3.728696703910827637e-02
-8.817899972200393677e-03
1.055638212710618973e-02
-5.525741353631019592e-02
-5.841866880655288696e-02
-1.972228847444057465e-02
-5.689991638064384460e-02
-1.191911250352859497e-01
-2.122791856527328491e-02
2.239022636786103249e-03
-8.401967585086822510e-02
-8.512737601995468140e-02
-3.893435001373291016e-02
-3.405450657010078430e-02
-6.010162085294723511e-02
-3.978164866566658020e-02
-1.692525111138820648e-02
3.356410935521125793e-02
5.984841659665107727e-02
6.021995097398757935e-02
-5.280639231204986572e-02
5.905876401811838150e-03
-6.254760921001434326e-02
7.716288417577743530e-02
3.524433076381683350e-02
2.111341804265975952e-02
9.077616780996322632e-02
4.646780341863632202e-02
8.227414451539516449e-03
5.837203189730644226e-02
-4.472944419831037521e-03
-9.983984380960464478e-02
-5.711891874670982361e-02
-1.003626659512519836e-01
-2.104993611574172974e-01
-1.356928497552871704e-01
-8.042656816542148590e-03
-7.242234796285629272e-02
-2.702322416007518768e-02
-8.001074939966201782e-02
-1.411908864974975586e-01
-1.287675499916076660e-01
-1.212863251566886902e-01
-1.727224141359329224e-01
-1.353795081377029419e-01
-2.552901394665241241e-02
-5.862785037606954575e-03
-1.323258737102150917e-03
8.413894101977348328e-03
-3.329717740416526794e-02
-2.590135112404823303e-02
2.933585084974765778e-02
-8.722063153982162476e-02
2.415572851896286011e-02
-4.951058328151702881e-02
-4.818898811936378479e-02
6.741590797901153564e-02
3.785666823387145996e-02
2.757517248392105103e-02
-3.331422805786132812e-02
5.398201197385787964e-02
3.367628902196884155e-02
-4.383221641182899475e-02
-1.585759781301021576e-02
-8.896638453006744385e-02
-1.138367801904678345e-01
-5.675173550844192505e-02
-3.610358759760856628e-02
-5.094046518206596375e-02
5.611835047602653503e-03
-1.316055655479431152e-02
5.656050052493810654e-04
3.231036663055419922e-02
1.080459356307983398e-02
7.018487155437469482e-02
3.145639225840568542e-02
3.721085935831069946e-02
-1.006888784468173981e-02
1.011620387434959412e-01
7.743193954229354858e-02
-3.073701402172446251e-03
-5.079170688986778259e-02
-2.956181392073631287e-02
-7.448921352624893188e-02
-3.319478360936045647e-03
3.913703188300132751e-02
3.283586725592613220e-02
-1.044999249279499054e-02
-7.860537618398666382e-02
-4.142634198069572449e-02
1.333677768707275391e-02
-7.539658248424530029e-02
4.325928539037704468e-02
4.994510486721992493e-02
9.980985522270202637e-02
2.568489499390125275e-02
6.184265017509460449e-02
8.408570289611816406e-02
3.518037497997283936e-02
3.958948701620101929e-02
7.228460162878036499e-03
6.429939717054367065e-02
8.419177494943141937e-03
2.945862337946891785e-02
6.479406729340553284e-03
3.344262391328811646e-02
-7.822465151548385620e-03
5.704579409211874008e-03
3.345754812471568584e-04
6.615002453327178955e-02
9.106022119522094727e-02
5.506151914596557617e-02
9.452532231807708740e-02
9.485528618097305298e-02
-2.288697287440299988e-02
-5.905343592166900635e-02
-6.697794795036315918e-02
1.973594538867473602e-02
-2.441523410379886627e-02
-4.626910760998725891e-02
6.706414278596639633e-03
3.853721171617507935e-02
-1.399242412298917770e-02
9.329458326101303101e-02
3.492284566164016724e-02
5.042727291584014893e-02
-5.360441282391548157e-02
8.404586464166641235e-03
8.117428421974182129e-02
-6.081737577915191650e-02
-1.169172301888465881e-01
-1.865968480706214905e-02
-9.408183395862579346e-02
-1.179611235857009888e-01
-7.499821484088897705e-02
-8.410073816776275635e-02
-4.929431527853012085e-02
-3.216420486569404602e-02
-2.360769547522068024e-02
-7.566841691732406616e-02
4.657942336052656174e-03
-1.168583892285823822e-02
-7.543853670358657837e-02
1.095265522599220276e-02
-1.556248590350151062e-02
-1.675432734191417694e-02
1.994330435991287231e-02
-7.090302556753158569e-02
-1.276444494724273682e-01
-4.476073011755943298e-02
-6.376647204160690308e-02
-8.777738362550735474e-02
-1.018074229359626770e-01
2.887950092554092407e-02
3.832224756479263306e-03
-3.972804173827171326e-02
-8.661134541034698486e-02
-3.350038826465606689e-02
-2.621257305145263672e-02
-6.005708128213882446e-02
-6.174544617533683777e-02
-6.367848813533782959e-02
-2.156609669327735901e-03
6.457749288529157639e-03
-2.065670210868120193e-03
-9.108924865722656250e-02
2.444487065076828003e-02
-2.766894176602363586e-02
-6.373221427202224731e-02
8.837150037288665771e-02
-8.742430061101913452e-02
-1.060433872044086456e-02
7.923778146505355835e-02
-1.276165843009948730e-01
2.277355082333087921e-02
-4.677013680338859558e-02
-9.040136937983334064e-04
5.439797788858413696e-02
-8.358781225979328156e-03
-3.231057524681091309e-02
4.111284017562866211e-02
1.048267446458339691e-02
-3.319006180390715599e-03
-3.081662021577358246e-02
-1.161308027803897858e-02
3.386450931429862976e-02
-5.272304266691207886e-02
-6.746263056993484497e-02
-3.638022020459175110e-02
-5.903737153857946396e-03
-8.904553949832916260e-02
-6.706778705120086670e-02
1.700709946453571320e-02
-7.856862246990203857e-02
2.942431485280394554e-03
-5.431064218282699585e-02
-1.809114404022693634e-02
6.769669800996780396e-02
-9.408899396657943726e-02
-7.018005847930908203e-02
-7.905808091163635254e-02
1.662083901464939117e-02
5.994439870119094849e-02
7.724832743406295776e-02
-3.921200521290302277e-03
-3.503943234682083130e-02
3.207586705684661865e-02
7.595640607178211212e-03
-1.744252629578113556e-02
-6.188056431710720062e-03
4.075178876519203186e-02
4.487839713692665100e-02
8.876953274011611938e-02
9.779929369688034058e-02
1.092452704906463623e-01
5.486647412180900574e-02
6.394612789154052734e-02
3.241753950715065002e-02
3.232523798942565918e-02
-5.156875401735305786e-02
7.602549344301223755e-02
7.439267355948686600e-04
-9.769509546458721161e-03
1.434138268232345581e-01
2.308099530637264252e-02
7.525923661887645721e-03
1.230511963367462158e-01
-4.518076032400131226e-02
-3.502872958779335022e-02
3.911339864134788513e-02
-1.592443510890007019e-02
-1.242983806878328323e-02
1.091020833700895309e-02
-3.136918693780899048e-02
1.499930582940578461e-02
-2.007452026009559631e-02
3.346307668834924698e-03
-2.702703513205051422e-02
-5.129229277372360229e-02
-3.072369471192359924e-02
-3.194599598646163940e-02
-1.579924374818801880e-01
-3.778357058763504028e-02
1.449322560802102089e-03
-6.490399688482284546e-02
2.306153438985347748e-02
-2.998385392129421234e-02
2.899254485964775085e-02
8.168342709541320801e-02
-7.933357357978820801e-02
3.029463114216923714e-03
1.242378801107406616e-01
-6.601873040199279785e-02
-1.360574737191200256e-03
-4.628870636224746704e-02
5.461006611585617065e-02
2.926238998770713806e-02
-1.473507583141326904e-01
1.608686298131942749e-01
6.455666851252317429e-03
-1.240853518247604370e-01
1.477105021476745605e-01
4.190943017601966858e-02
-5.370350182056427002e-02
8.005512505769729614e-02
-1.197893917560577393e-02
5.637473426759243011e-03
2.286429889500141144e-02
-3.730672970414161682e-02
-1.136125158518552780e-02
-1.692489162087440491e-02
6.439172197133302689e-03
1.328681856393814087e-01
-2.315633185207843781e-02
-1.286739706993103027e-01
-3.716408833861351013e-02
9.388396888971328735e-02
-1.043047383427619934e-01
1.205487921833992004e-01
1.629175841808319092e-01
2.464514225721359253e-02
9.021452814340591431e-02
-5.873737856745719910e-02
-7.523999363183975220e-02
-1.857989653944969177e-02
-2.786053717136383057e-02
-2.656470239162445068e-02
-6.439880281686782837e-02
-2.316708676517009735e-02
4.051443934440612793e-02
9.979884140193462372e-03
-7.496096193790435791e-02
-1.334092319011688232e-01
9.506600908935070038e-03
-5.954564362764358521e-02
-1.018859967589378357e-01
-1.138469390571117401e-02
6.224564276635646820e-03
8.493490517139434814e-02
-6.175631657242774963e-03
-4.516770690679550171e-02
4.452012479305267334e-03
2.716846764087677002e-02
1.233451440930366516e-01
-4.892620723694562912e-03
-5.269015207886695862e-02
-5.332947522401809692e-02
-8.587177842855453491e-03
4.444688558578491211e-02
3.056520037353038788e-02
-8.748617023229598999e-03
-3.202461451292037964e-02
6.432883441448211670e-02
-4.816986620426177979e-02
2.697565127164125443e-03
4.727806523442268372e-02
-4.635367542505264282e-03
1.512968540191650391e-01
-5.602538958191871643e-02
-7.418393343687057495e-02
1.906182914972305298e-01
-1.002245098352432251e-01
-1.019523143768310547e-01
1.080768108367919922e-01
3.847979381680488586e-02
-4.710347857326269150e-03
1.175934355705976486e-02
-8.340593427419662476e-02
-3.995329514145851135e-02
1.159675866365432739e-01
-1.637100130319595337e-01
7.795913144946098328e-03
1.171323284506797791e-01
-4.050172865390777588e-02
6.716857105493545532e-02
6.082898378372192383e-02
2.448980137705802917e-02
1.351112872362136841e-01
-5.421424657106399536e-02
2.145231962203979492e-01
1.787810772657394409e-01
-1.309793144464492798e-01
4.101044684648513794e-02
2.408565022051334381e-02
-2.174140885472297668e-03
-4.674714803695678711e-02
-1.496249735355377197e-01
-2.900029718875885010e-02
-3.926263749599456787e-02
-3.563760221004486084e-02
-5.977404117584228516e-02
-7.400052156299352646e-03
4.387215152382850647e-02
-4.090465605258941650e-02
-1.261774003505706787e-01
-7.271721214056015015e-02
-4.676065221428871155e-02
-1.357597261667251587e-01
-2.922644466161727905e-02
6.461916118860244751e-02
-1.002721562981605530e-01
-9.163136593997478485e-03
7.850699126720428467e-02
1.547755748033523560e-01
7.959427684545516968e-02
-1.514033824205398560e-01
5.568760633468627930e-02
-2.674479037523269653e-02
-1.429501473903656006e-01
7.917281985282897949e-02
-1.088688820600509644e-01
-1.508531812578439713e-02
-7.414407283067703247e-02
-6.513332575559616089e-02
-5.521644279360771179e-02
-1.816649921238422394e-02
-1.035635918378829956e-01
-1.875025779008865356e-01
-2.911291271448135376e-02
7.813329808413982391e-03
-3.202804177999496460e-02
-8.886685594916343689e-03
5.830952525138854980e-02
2.767547219991683960e-02
-4.869637638330459595e-02
9.007231891155242920e-02
4.318558424711227417e-02
-3.536901250481605530e-02
1.606217399239540100e-02
-3.592975903302431107e-03
7.003965228796005249e-02
4.701690375804901123e-02
-5.555045977234840393e-02
-2.974267117679119110e-02
-8.487866073846817017e-02
-3.566879034042358398e-02
-3.774267062544822693e-02
-1.219749748706817627e-01
-2.077688090503215790e-02
-3.410548344254493713e-02
-7.984872162342071533e-02
5.247427616268396378e-04
-1.437857300043106079e-01
1.362726837396621704e-02
7.518171519041061401e-02
-5.064264684915542603e-02
8.677789568901062012e-02
4.798162728548049927e-02
1.887653395533561707e-02
5.062659457325935364e-02
-4.048556089401245117e-02
1.228252649307250977e-01
7.609279453754425049e-02
5.437383428215980530e-02
3.501377254724502563e-02
9.792396426200866699e-02
-7.180275768041610718e-02
3.949482459574937820e-03
-7.549156248569488525e-02
-5.924138799309730530e-02
2.376691438257694244e-03
-5.111961159855127335e-03
-8.368680626153945923e-02
3.416604176163673401e-02
5.997439380735158920e-03
-6.723392009735107422e-02
-3.940711170434951782e-02
1.287461221218109131e-01
3.434257954359054565e-02
8.313953876495361328e-02
6.999852508306503296e-02
-4.428274184465408325e-02
-9.544235072098672390e-04
-5.326098203659057617e-02
-3.161477670073509216e-02
-3.995209187269210815e-02
-2.279655076563358307e-02
7.276923954486846924e-02
-1.499701738357543945e-01
-8.172849565744400024e-02
1.173504665493965149e-01
-6.825830042362213135e-02
-1.540180575102567673e-02
6.553193926811218262e-02
-1.689085960388183594e-01
-2.702867239713668823e-02
1.391222476959228516e-01
-1.252462118864059448e-01
3.897103294730186462e-02
1.064953729510307312e-01
-8.776359260082244873e-02
3.350777179002761841e-02
1.366368383169174194e-01
-1.092100217938423157e-01
-9.883166104555130005e-02
1.134194955229759216e-01
-2.582530677318572998e-01
1.021993812173604965e-02
9.000927954912185669e-02
-1.401761919260025024e-01
-1.745145395398139954e-02
3.916453197598457336e-02
8.364373445510864258e-02
7.435063272714614868e-02
-1.531135663390159607e-02
5.731446295976638794e-02
1.158360298722982407e-02
5.449392274022102356e-02
-1.767434552311897278e-02
-1.360794436186552048e-02
-3.810371086001396179e-02
1.630170270800590515e-02
-3.567022830247879028e-02
-3.985731862485408783e-03
-4.850109294056892395e-02
-7.118077576160430908e-02
-5.433161184191703796e-02
1.935678161680698395e-02
-4.782571643590927124e-02
1.035770215094089508e-02
1.535106897354125977e-01
6.568624079227447510e-02
-1.247544810175895691e-01
1.235296726226806641e-01
-1.801806874573230743e-02
-1.107618883252143860e-01
-2.200101967900991440e-03
-4.528476297855377197e-02
-2.042170800268650055e-02
-9.296064823865890503e-02
-1.332410871982574463e-01
8.939578197896480560e-03
-1.434859484434127808e-01
-9.774674475193023682e-02
-1.830878295004367828e-02
-7.015394419431686401e-02
-9.692393243312835693e-02
-3.956605121493339539e-02
-3.203737735748291016e-02
-6.858089566230773926e-02
-6.425128877162933350e-02
-4.090666398406028748e-02
-1.396874152123928070e-02
-4.765513166785240173e-02
-6.431806087493896484e-02
3.717433661222457886e-02
-1.337438728660345078e-02
-6.599827855825424194e-02
1.173688173294067383e-01
2.612708806991577148e-01
-1.450930815190076828e-02
1.375641822814941406e-01
2.679882049560546875e-01
-1.152758952230215073e-02
5.794373154640197754e-02
8.726582676172256470e-02
1.462542917579412460e-03
8.628835529088973999e-02
8.296309970319271088e-03
4.457688704133033752e-02
-1.018382841721177101e-03
9.427227824926376343e-02
-8.140519261360168457e-02
-7.176333665847778320e-02
6.135437171906232834e-03
3.870660811662673950e-02
-3.087456896901130676e-02
-9.005391597747802734e-02
-1.449384838342666626e-01
-7.469902932643890381e-02
-6.458472460508346558e-02
-2.080461084842681885e-01
-5.043372511863708496e-02
-4.006190225481987000e-02
-5.563157051801681519e-02
6.039098277688026428e-02
-1.034340932965278625e-01
1.530986558645963669e-02
3.516766428947448730e-02
-4.185549169778823853e-02
3.087195195257663727e-02
-1.028284057974815369e-02
1.581976562738418579e-02
-1.092906519770622253e-01
-5.184053629636764526e-02
-9.563528746366500854e-02
-3.716937080025672913e-02
1.257551312446594238e-01
9.010136872529983521e-02
2.071614935994148254e-02
1.493899971246719360e-01
1.077130585908889771e-01
-8.242949843406677246e-02
-1.260994970798492432e-01
-1.221324056386947632e-01
8.273722976446151733e-02
1.475911140441894531e-01
5.735928192734718323e-02
6.084388494491577148e-02
1.384622901678085327e-01
1.937097311019897461e-02
-2.520821429789066315e-02
-3.631010884419083595e-03
1.847016811370849609e-02
1.218205690383911133e-01
-6.683941464871168137e-03
-8.869618922472000122e-02
1.436622589826583862e-01
3.953570500016212463e-02
-1.085579171776771545e-01
-1.665262691676616669e-02
1.631544902920722961e-02
-4.197125509381294250e-02
-4.608305916190147400e-02
-5.807204544544219971e-02
-9.423522651195526123e-02
-2.445878833532333374e-02
-2.715569920837879181e-02
-8.085589110851287842e-02
-1.255378723144531250e-01
-1.139040589332580566e-01
2.017124556005001068e-02
-4.660255461931228638e-02
-5.694060772657394409e-02
-4.630325362086296082e-02
-2.370924502611160278e-02
-1.200320124626159668e-01
-1.464442610740661621e-01
-1.561664603650569916e-02
4.501080885529518127e-02
7.566331326961517334e-02
4.399169236421585083e-02
8.041153848171234131e-02
1.027124300599098206e-01
-5.178607627749443054e-02
-3.257244359701871872e-03
5.166963487863540649e-02
-5.351516604423522949e-02
2.748894318938255310e-02
5.146004725247621536e-03
3.629519045352935791e-02
6.698995083570480347e-02
-4.806506633758544922e-02
8.163284510374069214e-03
-5.930165643803775311e-04
-1.406048536300659180e-01
-7.565592229366302490e-02
6.064976006746292114e-02
-3.261196613311767578e-02
-2.016364037990570068e-02
1.364621967077255249e-01
4.557123035192489624e-02
8.681957609951496124e-03
2.046875953674316406e-01
1.604253202676773071e-01
3.322110045701265335e-03
-2.316938526928424835e-02
4.184924438595771790e-02
7.670652866363525391e-02
5.205899104475975037e-02
6.574612110853195190e-02
3.132120147347450256e-02
-1.402671933174133301e-01
-5.181839689612388611e-02
-4.482599440962076187e-03
1.092081069946289062e-01
-5.800613202154636383e-03
3.921645134687423706e-02
1.211957335472106934e-01
9.193815290927886963e-02
-4.624967649579048157e-02
5.135032162070274353e-02
2.188976481556892395e-02
-1.437598746269941330e-02
-1.768590137362480164e-02
-2.572883665561676025e-02
3.765622153878211975e-02
2.382647246122360229e-02
1.732485927641391754e-02
1.381391435861587524e-01
9.424028545618057251e-02
3.618191927671432495e-02
-5.853497982025146484e-02
4.316362366080284119e-02
9.928735345602035522e-02
-1.265248954296112061e-01
5.957337841391563416e-02
8.639669418334960938e-02
-5.139580741524696350e-02
9.334158152341842651e-02
7.816391438245773315e-02
2.610480971634387970e-02
-8.814985305070877075e-02
-8.155741542577743530e-02
-1.971870660781860352e-02
-8.007691055536270142e-02
-9.783244132995605469e-02
8.404552191495895386e-02
1.622740924358367920e-02
5.171020701527595520e-02
-1.158233657479286194e-01
4.665547981858253479e-02
3.044701553881168365e-02
-4.899981990456581116e-02
1.032096371054649353e-01
2.014710754156112671e-02
-2.424589730799198151e-02
-2.490252628922462463e-02
-8.887066505849361420e-03
4.701432213187217712e-02
5.465561524033546448e-02
1.347619853913784027e-02
2.063312754034996033e-02
1.620231568813323975e-02
-1.057760044932365417e-01
4.966564476490020752e-03
-6.030606571584939957e-03
-4.454120993614196777e-02
-6.300770491361618042e-02
-9.610565751791000366e-02
-4.519802331924438477e-02
-3.980455547571182251e-02
-2.941197529435157776e-02
-1.705827005207538605e-02
8.454822748899459839e-02
1.636027842760086060e-01
1.222124621272087097e-01
-1.404926087707281113e-02
4.879813268780708313e-02
-5.318072810769081116e-02
1.113148313015699387e-02
-4.655871540307998657e-02
-7.916353642940521240e-02
-2.727392502129077911e-02
-8.304648846387863159e-02
-7.853139191865921021e-02
-3.666374832391738892e-02
8.912448585033416748e-02
-7.670899480581283569e-02
7.391311973333358765e-02
2.159559540450572968e-02
-4.701057076454162598e-02
1.373745352029800415e-01
6.238436326384544373e-02
-4.985660780221223831e-03
2.605984732508659363e-02
1.668815314769744873e-02
2.211339585483074188e-02
1.078421715646982193e-02
8.232288062572479248e-02
2.394091524183750153e-02
-7.276054471731185913e-02
7.025702297687530518e-02
2.993488311767578125e-02
2.103052474558353424e-02
6.462534423917531967e-03
-1.167768985033035278e-01
3.478194028139114380e-02
7.850826531648635864e-02
4.337156191468238831e-02
1.305032148957252502e-02
9.249703586101531982e-02
7.175149023532867432e-02
7.712255418300628662e-02
-2.780932001769542694e-02
-3.602249547839164734e-02
6.143427640199661255e-02
-5.138634517788887024e-02
-8.441676199436187744e-02
8.553045336157083511e-04
1.049386896193027496e-02
1.347019895911216736e-02
3.728898242115974426e-02
-2.281264588236808777e-02
1.101974863559007645e-02
-5.499070882797241211e-02
-1.265864670276641846e-01
-3.365102037787437439e-02
-6.491873413324356079e-02
-7.106897979974746704e-02
4.318493977189064026e-02
1.085699722170829773e-02
-6.734787672758102417e-02
8.179914951324462891e-02
1.984597556293010712e-02
-1.544542163610458374e-01
1.965541392564773560e-02
7.933904416859149933e-03
-1.535675823688507080e-01
-6.436629686504602432e-03
7.528657466173171997e-02
1.225560829043388367e-01
2.453187666833400726e-02
7.257239520549774170e-02
6.685052067041397095e-02
-8.811390399932861328e-02
7.476758677512407303e-03
-9.479431435465812683e-03
-9.952127933502197266e-02
-2.160293422639369965e-02
-1.132444106042385101e-02
-1.707928813993930817e-02
1.552409380674362183e-01
1.023898869752883911e-01
1.145564690232276917e-01
8.532927185297012329e-02
3.776154713705182076e-03
-3.105311095714569092e-02
-5.744561180472373962e-02
-4.367716610431671143e-02
4.095429182052612305e-02
-3.953537438064813614e-03
-3.929888457059860229e-02
2.339322865009307861e-02
2.928058616816997528e-03
1.285855323076248169e-01
4.866158217191696167e-02
-4.224601760506629944e-02
1.111064776778221130e-01
2.830820716917514801e-02
-2.181110717356204987e-02
8.036594092845916748e-02
1.498024016618728638e-01
-9.124780772253870964e-04
-2.015430014580488205e-03
3.145592659711837769e-02
1.767595065757632256e-03
4.439236223697662354e-02
-8.846621215343475342e-02
3.528954833745956421e-02
1.451696455478668213e-01
7.410176098346710205e-02
2.948187477886676788e-02
1.400808095932006836e-01
1.530344486236572266e-01
-2.390123903751373291e-02
-2.201496995985507965e-02
-4.317654296755790710e-02
3.289116919040679932e-02
3.672339767217636108e-02
-4.029826959595084190e-05
-2.320083230733871460e-02
-3.980989381670951843e-02
-1.351184677332639694e-02
-8.948341757059097290e-02
8.272276259958744049e-03
1.437296904623508453e-02
-5.607800930738449097e-02
-1.587064005434513092e-02
2.659469470381736755e-02
-9.598632156848907471e-02
1.597246527671813965e-02
8.290075510740280151e-02
1.488957204855978489e-03
-4.060210287570953369e-02
-3.594931215047836304e-02
7.767391949892044067e-02
-4.007926583290100098e-02
2.335276082158088684e-02
8.313765749335289001e-03
-1.118797287344932556e-01
-3.934731706976890564e-02
2.674770168960094452e-02
-2.850794047117233276e-02
-4.346681293100118637e-03
5.220292136073112488e-02
6.772893015295267105e-03
-4.089710488915443420e-02
-1.167463604360818863e-02
-1.497236371506005526e-04
-2.517309598624706268e-02
1.345957256853580475e-02
1.370737422257661819e-02
-1.571574248373508453e-02
-7.624003291130065918e-02
-1.108319312334060669e-01
-9.478420764207839966e-02
-3.497633710503578186e-02
-5.975383147597312927e-02
-5.424623191356658936e-02
-6.048727035522460938e-02
-5.522926896810531616e-02
4.977769777178764343e-02
-3.237671777606010437e-02
-8.338271081447601318e-02
-2.935310080647468567e-02
3.763853758573532104e-02
-6.002911552786827087e-02
-7.557137310504913330e-02
4.295365884900093079e-02
-4.395457357168197632e-02
-6.814561784267425537e-02
-3.996084630489349365e-02
-1.635185256600379944e-02
-6.210142001509666443e-02
-7.215417176485061646e-02
-8.254825323820114136e-02
1.418844610452651978e-02
1.909773424267768860e-02
8.836499601602554321e-02
1.715387031435966492e-02
-2.518460527062416077e-02
7.545141875743865967e-02
8.149659633636474609e-02
7.747565954923629761e-02
-8.015726506710052490e-02
-6.746515631675720215e-02
3.109768405556678772e-02
1.247056387364864349e-02
-2.885315008461475372e-02
6.456802785396575928e-02
1.266908794641494751e-01
5.205045640468597412e-02
-4.744418710470199585e-02
2.271236106753349304e-02
-2.356688305735588074e-02
2.045198576524853706e-03
8.462928980588912964e-02
7.007125765085220337e-02
-1.855316944420337677e-02
1.755562275648117065e-01
6.314107030630111694e-02
3.956862911581993103e-02
9.938713908195495605e-02
2.967498824000358582e-02
1.642834581434726715e-02
-3.498556464910507202e-02
3.348464518785476685e-02
6.433901935815811157e-02
3.080893121659755707e-02
-1.626578159630298615e-02
3.297485411167144775e-02
5.348219722509384155e-02
-3.687193989753723145e-02
-5.578733608126640320e-02
-1.014138534665107727e-01
-1.070504859089851379e-01
1.296055130660533905e-02
5.490302667021751404e-02
-5.418840423226356506e-02
-3.147839102894067764e-03
1.173323094844818115e-01
1.180895045399665833e-01
-3.178159147500991821e-02
-4.052523523569107056e-02
-2.047807537019252777e-02
-3.990498371422290802e-03
-2.804773161187767982e-03
-2.940462715923786163e-02
-7.636311650276184082e-02
-2.930705808103084564e-02
-6.299584358930587769e-02
4.115546867251396179e-02
8.519150316715240479e-02
-5.318278446793556213e-03
3.396086394786834717e-02
-2.515560202300548553e-02
2.555081620812416077e-02
4.610718786716461182e-02
2.734741941094398499e-02
6.465873867273330688e-02
7.983977906405925751e-03
-1.444734074175357819e-02
-1.305788010358810425e-02
6.484983861446380615e-02
1.854834407567977905e-01
8.590305596590042114e-02
-5.715148895978927612e-02
9.459475427865982056e-02
1.190607249736785889e-01
4.078763723373413086e-02
2.993472293019294739e-02
7.950820028781890869e-03
3.767446056008338928e-02
7.485493272542953491e-02
1.773390173912048340e-02
-1.160905510187149048e-02
-3.296356648206710815e-02
-3.051598370075225830e-02
2.734947390854358673e-02
4.618819057941436768e-02
-1.157130300998687744e-02
6.973998248577117920e-02
5.869993194937705994e-02
3.753248136490583420e-03
-1.629464700818061829e-02
5.813230574131011963e-02
6.654545664787292480e-02
-9.454139508306980133e-03
-5.314880982041358948e-02
2.417060546576976776e-02
1.234558820724487305e-01
7.918936759233474731e-02
-5.423536524176597595e-02
6.290040165185928345e-02
1.272574961185455322e-01
5.239928513765335083e-02
-9.580567479133605957e-02
-3.883806616067886353e-02
7.275847252458333969e-03
-5.093031004071235657e-02
-1.111107021570205688e-01
-6.309974938631057739e-03
2.437593042850494385e-02
-3.388440236449241638e-02
-8.627230301499366760e-03
2.554104896262288094e-03
1.054010018706321716e-01
6.251959502696990967e-02
-3.646763786673545837e-02
2.848647907376289368e-02
1.536955833435058594e-01
2.643246203660964966e-02
1.400230918079614639e-02
6.771677173674106598e-03
2.037155069410800934e-02
-3.663666546344757080e-02
4.333721473813056946e-02
1.318400800228118896e-01
1.150200888514518738e-01
-2.695231325924396515e-02
1.882942393422126770e-02
8.805038034915924072e-02
8.906703442335128784e-03
7.390520721673965454e-02
1.611521244049072266e-01
-5.915957037359476089e-03
1.171030849218368530e-02
1.759304106235504150e-01
1.594343334436416626e-01
1.536793354898691177e-02
-4.063856229186058044e-02
5.690481141209602356e-02
1.677123643457889557e-02
8.806280046701431274e-02
5.268009379506111145e-02
2.713581733405590057e-02
-2.103637438267469406e-03
4.958164319396018982e-02
2.563608251512050629e-02
-3.766877111047506332e-03
-1.242565922439098358e-02
-6.969617307186126709e-02
-7.509841769933700562e-02
-1.242026500403881073e-02
3.590885177254676819e-02
-1.679409444332122803e-01
-8.888422697782516479e-02
6.207573041319847107e-02
6.964130699634552002e-02
1.356264017522335052e-02
-9.549138136208057404e-03
-1.616644673049449921e-02
7.157461345195770264e-02
3.606776299420744181e-04
-6.224711891263723373e-03
5.604060366749763489e-02
-3.765182569622993469e-02
2.076120108540635556e-05
-8.260656148195266724e-02
2.932116948068141937e-02
3.633381798863410950e-02
1.653667092323303223e-01
1.993124186992645264e-02
5.781682208180427551e-02
1.300466656684875488e-01
-6.991823762655258179e-02
-5.489634722471237183e-02
-8.295919001102447510e-02
5.354161933064460754e-02
7.366942614316940308e-02
3.170229867100715637e-02
5.161451548337936401e-02
1.403425931930541992e-01
1.199570894241333008e-01
-2.289722859859466553e-02
-3.954426571726799011e-02
-2.121531032025814056e-02
-7.271945942193269730e-03
9.083931334316730499e-03
-3.234285861253738403e-02
-2.748195838648825884e-04
4.585416056215763092e-03
-1.952064572833478451e-03
-2.102152258157730103e-02
-2.163475006818771362e-02
-2.397060766816139221e-02
-3.099211864173412323e-02
-6.088178604841232300e-02
-2.961380407214164734e-02
2.695627138018608093e-02
-9.899246506392955780e-04
2.581612393260002136e-02
3.444295749068260193e-02
6.155654415488243103e-02
2.964735217392444611e-02
-1.124211121350526810e-02
-1.521458849310874939e-02
3.396829415578395128e-04
-3.565030172467231750e-02
-1.229028496891260147e-02
2.919365465641021729e-02
8.212827891111373901e-02
5.255584791302680969e-02
6.638970971107482910e-02
2.606355585157871246e-02
7.810033112764358521e-02
-1.196290086954832077e-02
-2.851967141032218933e-02
5.002640932798385620e-02
4.225533083081245422e-02
6.592695601284503937e-03
-4.450923949480056763e-02
-6.154102087020874023e-02
-5.817526206374168396e-02
3.687025234103202820e-02
7.411958277225494385e-02
6.128141656517982483e-02
-1.241200976073741913e-02
7.666523754596710205e-02
2.548845659475773573e-04
-3.896616399288177490e-02
-1.059050410985946655e-01
-1.067331656813621521e-01
-3.715407475829124451e-02
3.876052796840667725e-02
3.672964125871658325e-02
1.005506492219865322e-03
1.150826923549175262e-02
-4.354205355048179626e-02
6.382612884044647217e-02
1.265313359908759594e-03
3.115324676036834717e-02
-1.853231526911258698e-02
-1.256174687296152115e-02
8.383031189441680908e-02
-5.861055478453636169e-02
-6.181722506880760193e-02
3.833521902561187744e-02
-6.715070456266403198e-03
-2.543048001825809479e-02
-7.409709692001342773e-02
-8.130904287099838257e-02
-1.644882932305335999e-02
3.158448264002799988e-02
-9.744706749916076660e-02
-2.865466661751270294e-02
3.435651957988739014e-02
4.065333679318428040e-02
-4.577488824725151062e-02
-8.835046552121639252e-03
2.380743995308876038e-02
-5.665887147188186646e-03
1.426085233688354492e-01
2.047919034957885742e-01
5.041684582829475403e-02
-5.860529467463493347e-02
1.278309337794780731e-02
-8.721623569726943970e-03
-2.948983106762170792e-03
2.943870984017848969e-02
7.418219931423664093e-03
-4.480817914009094238e-02
-8.738728612661361694e-02
-5.390877649188041687e-02
3.532857075333595276e-02
6.647361069917678833e-02
1.393982619047164917e-01
-3.098649159073829651e-02
-3.694585338234901428e-02
-2.813940867781639099e-02
-5.040325969457626343e-02
-1.455446612089872360e-02
-5.101228505373001099e-02
-2.325331792235374451e-02
1.447668112814426422e-02
-4.056457430124282837e-02
2.723257988691329956e-02
-1.433066278696060181e-02
8.931723423302173615e-03
-1.284028217196464539e-02
9.013200551271438599e-02
6.210007518529891968e-02
6.349043548107147217e-02
-8.371572941541671753e-02
-7.518729567527770996e-02
-4.529020190238952637e-02
-3.946629911661148071e-02
-4.768307134509086609e-02
1.354620009660720825e-01
2.113636732101440430e-01
-1.290159858763217926e-02
3.325246972963213921e-03
1.886435598134994507e-01
-9.132251143455505371e-02
-8.209891617298126221e-02
-4.051926732063293457e-02
2.579021733254194260e-03
-1.134773343801498413e-01
-9.157301485538482666e-02
-1.122284606099128723e-01
1.678680628538131714e-02
-5.498983338475227356e-02
-2.269989997148513794e-02
-4.437523428350687027e-03
4.166361317038536072e-02
-2.126755565404891968e-02
-9.170089662075042725e-02
3.122253902256488800e-02
3.197132796049118042e-02
-1.114948391914367676e-01
2.690182626247406006e-02
1.212101355195045471e-01
-2.002779953181743622e-02
-6.608616560697555542e-02
-5.065616220235824585e-02
-1.462677260860800743e-03
1.530583500862121582e-01
1.520846337080001831e-01
4.953728988766670227e-03
1.557718366384506226e-01
-2.612570766359567642e-03
5.344398319721221924e-02
1.427523940801620483e-01
9.179063886404037476e-02
-7.418598234653472900e-02
2.094398438930511475e-02
-5.744110792875289917e-03
-3.220073878765106201e-02
-4.206102341413497925e-02
-3.744106367230415344e-02
-3.385940566658973694e-02
-7.708505541086196899e-02
-8.891852200031280518e-02
5.962685495615005493e-02
6.776451133191585541e-03
-7.180596143007278442e-02
-4.856227315030992031e-04
7.175837457180023193e-02
9.470824897289276123e-02
3.442783281207084656e-02
4.580374434590339661e-02
-1.709944754838943481e-02
5.442277342081069946e-02
2.014596946537494659e-02
-4.661610350012779236e-02
-5.574584379792213440e-02
-1.009336020797491074e-02
-3.803413361310958862e-03
-9.196064621210098267e-02
-2.038338407874107361e-02
9.053104370832443237e-02
-3.192398324608802795e-02
-1.320651322603225708e-01
-4.697836562991142273e-02
5.686810240149497986e-02
-4.374663531780242920e-02
1.005081646144390106e-02
2.517717191949486732e-03
6.102649122476577759e-02
1.645022258162498474e-02
-3.116135252639651299e-03
-2.805892378091812134e-02
-8.769331872463226318e-02
-1.317787915468215942e-01
-1.399190127849578857e-01
-4.050129652023315430e-02
-2.949881926178932190e-02
4.868061468005180359e-02
7.641905918717384338e-03
-3.957660868763923645e-02
-5.689841881394386292e-02
-5.640975385904312134e-02
1.210833713412284851e-01
5.474420636892318726e-02
1.662141457200050354e-02
-5.305259837768971920e-04
-5.676581524312496185e-03
-4.940536618232727051e-02
-8.647716790437698364e-02
-1.285504400730133057e-01
-8.859207481145858765e-02
3.238961100578308105e-02
3.058508783578872681e-02
6.111353263258934021e-02
-1.283167004585266113e-01
-1.320952773094177246e-01
-1.988418772816658020e-02
8.356685750186443329e-03
-2.214066870510578156e-02
1.171869342215359211e-03
1.059537306427955627e-01
1.869502663612365723e-02
9.380482882261276245e-02
5.207235738635063171e-02
9.267111867666244507e-02
6.053338572382926941e-02
-5.499295517802238464e-02
-7.846782356500625610e-02
1.096826605498790741e-02
7.536575663834810257e-03
3.710392862558364868e-02
1.825818233191967010e-02
1.232773251831531525e-02
1.962435245513916016e-02
7.436558604240417480e-03
5.881821364164352417e-02
1.954326480627059937e-01
5.497989058494567871e-02
-1.288871169090270996e-01
-1.416614055633544922e-01
-5.315661057829856873e-02
-1.215597949340008199e-04
8.508529514074325562e-02
-7.285688817501068115e-02
2.621605060994625092e-02
1.288214512169361115e-02
-1.556617952883243561e-02
3.494444489479064941e-02
8.680201135575771332e-03
1.367108244448900223e-02
4.497720673680305481e-02
4.101981595158576965e-02
1.309660226106643677e-01
-3.433120623230934143e-02
-8.156813681125640869e-02
-2.998542413115501404e-02
-1.735366880893707275e-02
-9.236925840377807617e-02
-1.097639054059982300e-01
4.366038739681243896e-02
1.719962689094245434e-03
-8.699980378150939941e-02
-1.063308790326118469e-01
-1.484488695859909058e-01
-6.022250279784202576e-02
-3.158571943640708923e-02
-1.092200633138418198e-02
1.471108384430408478e-02
-4.111209884285926819e-02
3.149224817752838135e-02
-2.506024762988090515e-02
-4.170976951718330383e-02
1.053787022829055786e-02
-3.074173117056488991e-03
-5.239439755678176880e-02
-2.075508609414100647e-02
-4.245920479297637939e-02
-5.291978828608989716e-03
2.769088558852672577e-02
4.843784030526876450e-03
4.361347481608390808e-02
5.289899185299873352e-02
-2.052627690136432648e-02
-8.012951910495758057e-02
2.186202257871627808e-02
1.596014387905597687e-02
7.401569746434688568e-03
4.563817754387855530e-02
-2.444229647517204285e-02
-3.489035647362470627e-03
1.261266320943832397e-01
-7.899954915046691895e-02
-9.688866138458251953e-02
2.684762235730886459e-03
-1.239798590540885925e-01
1.432334259152412415e-02
1.678866706788539886e-02
8.058218285441398621e-03
-4.968097060918807983e-02
5.725201591849327087e-02
1.572374999523162842e-02
-7.713967561721801758e-02
3.149449080228805542e-02
-2.726727165281772614e-02
-1.917972788214683533e-02
-3.256475552916526794e-02
-5.910148844122886658e-02
-7.866854779422283173e-03
-3.355074301362037659e-02
6.042072200216352940e-04
6.203794479370117188e-02
7.105253636837005615e-02
3.536005690693855286e-02
-1.034276466816663742e-02
-6.329885125160217285e-02
5.845603346824645996e-02
-2.045489847660064697e-02
-8.153221011161804199e-02
3.747519478201866150e-02
-7.166953384876251221e-02
-1.268080808222293854e-02
-4.295755177736282349e-02
2.266318351030349731e-02
1.764785870909690857e-02
2.646877989172935486e-02
-6.025039590895175934e-03
-4.611152037978172302e-02
4.638535901904106140e-02
-4.401995241641998291e-02
-6.530302017927169800e-02
-4.299858585000038147e-02
-4.030101001262664795e-02
-1.561897899955511093e-02
-9.770506061613559723e-03
1.192569434642791748e-01
1.330968737602233887e-01
2.491906099021434784e-02
-5.392261967062950134e-02
-6.976463645696640015e-02
-3.458295762538909912e-02
1.422555767931044102e-03
1.206048764288425446e-02
-4.973164573311805725e-02
1.252342946827411652e-03
7.936663180589675903e-02
1.966087892651557922e-02
-7.033470273017883301e-02
-2.699803188443183899e-02
1.815636083483695984e-02
-2.502232044935226440e-02
8.192646503448486328e-02
4.445135593414306641e-02
7.318112533539533615e-03
8.073549717664718628e-02
1.453272718936204910e-02
-9.508258104324340820e-02
-4.460965842008590698e-02
-5.081904307007789612e-02
-5.140713602304458618e-02
-1.492568254470825195e-01
-1.119439080357551575e-01
-2.886647917330265045e-02
-7.695039361715316772e-02
-2.938606403768062592e-02
9.879837930202484131e-02
7.147003710269927979e-02
1.707122847437858582e-02
-1.523223984986543655e-02
-2.730170451104640961e-02
4.148427769541740417e-02
-4.703681915998458862e-02
-7.613295316696166992e-02
1.070186030119657516e-02
-3.848290070891380310e-02
9.577357210218906403e-03
1.094495411962270737e-02
-8.866129815578460693e-02
4.419986903667449951e-02
2.611589618027210236e-03
-6.980074197053909302e-02
1.195763945579528809e-01
4.665656015276908875e-02
1.218375097960233688e-02
7.036249339580535889e-02
5.566779151558876038e-02
-2.186678349971771240e-02
2.721437066793441772e-02
-7.607040554285049438e-02
8.271326124668121338e-02
1.263968348503112793e-01
-2.067818865180015564e-02
1.078565325587987900e-02
7.114950101822614670e-03
-2.096412144601345062e-02
2.313356474041938782e-02
-2.218196727335453033e-02
-8.177658915519714355e-02
1.115110814571380615e-01
1.397389173507690430e-02
-7.458227127790451050e-02
8.472388982772827148e-02
3.545358031988143921e-02
1.104912161827087402e-02
-3.310010954737663269e-02
-6.432633846998214722e-02
-2.998340316116809845e-02
-3.454478085041046143e-02
-8.833306841552257538e-03
3.744232282042503357e-02
1.733876019716262817e-02
-1.244336739182472229e-02
6.950177997350692749e-02
-1.369461510330438614e-02
4.352274164557456970e-02
8.030541986227035522e-02
-2.121428214013576508e-02
4.613647982478141785e-02
1.370501369237899780e-01
8.023362606763839722e-03
3.549426421523094177e-02
2.707594260573387146e-02
6.974806077778339386e-03
-1.020374521613121033e-01
-5.934966728091239929e-02
1.671657897531986237e-02
-5.756103619933128357e-02
1.945438049733638763e-02
8.362247794866561890e-02
7.868437469005584717e-02
-3.432932868599891663e-02
5.284691601991653442e-02
1.724851876497268677e-02
-1.246225312352180481e-01
8.242997527122497559e-02
6.952508538961410522e-02
-2.713960781693458557e-02
3.784388536587357521e-03
7.224081456661224365e-02
-2.183877862989902496e-02
-1.337272021919488907e-02
1.522760372608900070e-02
-2.912385156378149986e-03
5.908808205276727676e-03
-2.160844765603542328e-02
-3.076718002557754517e-02
4.477457329630851746e-02
2.235819399356842041e-02
1.311572361737489700e-02
1.223305612802505493e-02
1.305384095758199692e-02
2.458903938531875610e-02
-1.851566322147846222e-02
-2.504875883460044861e-02
-5.482156574726104736e-02
-9.784328192472457886e-02
-1.176598891615867615e-01
-8.641771972179412842e-02
3.798160329461097717e-02
7.259894907474517822e-02
4.224317520856857300e-02
4.375634714961051941e-02
-1.121946610510349274e-02
-1.243431703187525272e-03
2.171559259295463562e-03
-3.595867753028869629e-02
1.213598717004060745e-02
-1.542202103883028030e-02
4.763135313987731934e-02
1.796434260904788971e-02
2.443769387900829315e-02
1.479595601558685303e-01
1.276468783617019653e-01
3.150688251480460167e-03
2.829634398221969604e-02
2.216012589633464813e-02
5.002706497907638550e-02
-7.169678807258605957e-02
1.151489280164241791e-02
2.992575615644454956e-02
-5.866072699427604675e-02
4.781361669301986694e-02
6.403873860836029053e-02
3.104878962039947510e-02
2.876165881752967834e-02
3.134600445628166199e-02
1.278326809406280518e-01
1.179400160908699036e-01
3.240279108285903931e-02
1.694742292165756226e-01
1.367022395133972168e-01
-2.157231606543064117e-02
9.057366847991943359e-02
5.727897211909294128e-02
5.416823178529739380e-02
7.059266418218612671e-02
-3.695664927363395691e-02
6.596574187278747559e-02
1.382359415292739868e-01
7.020508497953414917e-02
1.922274823300540447e-03
3.296094015240669250e-02
6.529878079891204834e-02
-1.714369095861911774e-02
-4.794735834002494812e-02
-3.422034531831741333e-02
-1.528965216130018234e-02
-2.632074430584907532e-02
-1.233848650008440018e-02
-3.965961560606956482e-02
-4.540888592600822449e-02
-2.665127441287040710e-02
-1.090405508875846863e-02
-1.431201677769422531e-02
2.543685212731361389e-02
1.745446771383285522e-02
-4.643505439162254333e-02
1.125694159418344498e-02
1.352009363472461700e-02
-7.317420840263366699e-02
-5.299871787428855896e-02
3.326028212904930115e-02
-1.418219506740570068e-02
3.688362613320350647e-02
5.652522668242454529e-02
-5.411047860980033875e-02
4.720501601696014404e-02
2.508271671831607819e-02
-4.853579401969909668e-02
-2.277573570609092712e-02
2.022248879075050354e-02
4.702840931713581085e-03
5.053709819912910461e-02
1.982813701033592224e-02
-4.814992472529411316e-02
-2.604005858302116394e-02
-8.658691495656967163e-02
-1.599896326661109924e-02
5.746428295969963074e-02
-1.979382894933223724e-02
1.100842468440532684e-02
-3.768182173371315002e-02
-1.020107069052755833e-03
5.477192997932434082e-02
-2.292221784591674805e-02
4.270039871335029602e-02
1.412866711616516113e-01
7.352741807699203491e-02
-3.505247086286544800e-02
4.245747253298759460e-02
-7.150919735431671143e-02
8.292622119188308716e-02
1.330116838216781616e-01
4.023049771785736084e-02
-8.622218668460845947e-02
1.034500226378440857e-01
1.043780520558357239e-01
-7.675939053297042847e-02
-4.090924561023712158e-02
-2.916861325502395630e-02
-9.846393018960952759e-03
6.586170196533203125e-02
-2.043971093371510506e-03
-2.638396108523011208e-03
1.748648099601268768e-02
-1.010032836347818375e-02
-1.225112122483551502e-03
1.766022108495235443e-02
-4.197761788964271545e-02
4.150355607271194458e-02
3.413628414273262024e-02
4.240375384688377380e-02
-8.264297991991043091e-02
-6.383202970027923584e-02
-1.350737456232309341e-02
9.738285094499588013e-02
1.150656268000602722e-01
1.609577685594558716e-01
1.264730351977050304e-03
5.743606388568878174e-02
4.793559014797210693e-02
-7.269135117530822754e-02
-1.477359910495579243e-04
-1.085666753351688385e-02
-1.906503178179264069e-02
-4.618500173091888428e-02
-6.676346808671951294e-02
-3.978992998600006104e-02
-6.997919082641601562e-02
-2.510245889425277710e-02
-3.302240744233131409e-03
4.431506246328353882e-02
7.765392959117889404e-02
-4.275155812501907349e-02
3.462223336100578308e-02
-8.779874071478843689e-03
7.456467486917972565e-03
9.436334669589996338e-02
-1.765966787934303284e-02
-5.165120214223861694e-02
-8.427048474550247192e-02
-1.149358525872230530e-01
-1.594788208603858948e-02
-6.689474452286958694e-03
1.332023367285728455e-02
-1.296182908117771149e-02
-5.069947801530361176e-03
1.141006033867597580e-02
5.952711403369903564e-02
1.130970865488052368e-01
5.430945754051208496e-02
-2.178694121539592743e-03
-4.175118356943130493e-02
4.835248459130525589e-03
3.078438155353069305e-02
4.966181516647338867e-02
1.590286009013652802e-02
6.602995842695236206e-02
6.924853473901748657e-02
-4.351377487182617188e-02
-9.821407496929168701e-02
-1.319878399372100830e-01
-1.064476817846298218e-01
-5.748595669865608215e-02
-1.066940557211637497e-02
-3.711127210408449173e-03
2.117521688342094421e-02
-1.532148476690053940e-02
-5.674512684345245361e-02
-2.184943296015262604e-03
-9.135634452104568481e-02
-2.720062434673309326e-02
-1.923857815563678741e-02
-6.111481040716171265e-02
-2.669981308281421661e-02
-8.243675529956817627e-02
-1.011872813105583191e-01
-4.943783953785896301e-02
1.148007530719041824e-02
-1.161858160048723221e-02
-4.907148890197277069e-03
6.399357318878173828e-02
-5.720922350883483887e-02
-5.541189759969711304e-02
-1.353281363844871521e-02
3.179469332098960876e-02
3.997576981782913208e-02
-8.063575252890586853e-03
-9.234684705734252930e-02
-1.798662170767784119e-02
1.715963147580623627e-02
-3.425811603665351868e-02
-6.417784094810485840e-02
2.261034585535526276e-02
-4.027906432747840881e-02
-9.355220198631286621e-02
-1.994263753294944763e-02
1.961171440780162811e-02
-7.071921229362487793e-02
1.028406899422407150e-03
1.445141620934009552e-02
5.914308130741119385e-02
-2.023697085678577423e-02
5.071493983268737793e-02
4.361546784639358521e-02
-3.693772479891777039e-02
-6.263866275548934937e-02
-8.481403440237045288e-02
4.859172925353050232e-02
-3.903229022398591042e-03
-1.905813626945018768e-02
5.398011952638626099e-02
9.687349200248718262e-02
1.162912845611572266e-01
-1.339736878871917725e-01
-8.035869896411895752e-02
7.102590054273605347e-03
-9.804605692625045776e-02
1.508657075464725494e-02
6.663758307695388794e-02
-2.613707818090915680e-02
9.551168978214263916e-02
8.165299892425537109e-03
-5.861625447869300842e-02
5.061193183064460754e-02
9.904322028160095215e-02
-4.727282375097274780e-02
-1.741913333535194397e-02
-8.098470047116279602e-03
1.919417455792427063e-02
4.581803083419799805e-02
3.349326550960540771e-02
2.475841157138347626e-02
7.401057332754135132e-02
2.923567965626716614e-02
-4.036935511976480484e-03
3.101493790745735168e-02
1.476320438086986542e-02
3.589773550629615784e-02
3.150510042905807495e-02
4.774095490574836731e-02
9.278804808855056763e-02
-3.163082990795373917e-03
1.677339896559715271e-02
5.973644182085990906e-02
3.052532114088535309e-02
8.904606103897094727e-02
-3.019595891237258911e-02
-2.072960138320922852e-02
-1.045094132423400879e-01
1.522772014141082764e-01
9.821710176765918732e-03
-9.824962913990020752e-02
1.899512708187103271e-01
-4.146736487746238708e-02
-7.932378351688385010e-02
4.626251291483640671e-03
-8.671636879444122314e-02
-4.363809153437614441e-02
3.663974581286311150e-03
7.943888194859027863e-03
5.212156847119331360e-02
5.110578238964080811e-02
7.318142801523208618e-02
6.989926099777221680e-02
5.440616607666015625e-02
4.749962314963340759e-02
2.108257636427879333e-02
-5.827321857213973999e-02
-1.635010167956352234e-02
-4.812751710414886475e-02
5.493450444191694260e-03
-3.717078641057014465e-02
-8.505483716726303101e-02
-1.114366925321519375e-03
-7.158404588699340820e-02
-9.635812044143676758e-02
1.114476565271615982e-02
1.009189635515213013e-01
-2.862549945712089539e-02
4.248553514480590820e-02
7.340498268604278564e-02
-6.870803982019424438e-02
7.830899208784103394e-02
4.294801503419876099e-03
-9.992608428001403809e-02
-8.287622034549713135e-02
-4.460138734430074692e-03
-7.035559415817260742e-02
6.051206588745117188e-02
1.289982497692108154e-01
-7.317668758332729340e-03
6.573264300823211670e-02
4.273288697004318237e-02
2.793438173830509186e-02
-8.520670235157012939e-02
-8.138909190893173218e-02
-5.602467339485883713e-03
-2.086261287331581116e-02
2.064137905836105347e-02
3.563090786337852478e-02
1.914888434112071991e-02
1.134790703654289246e-01
1.478178501129150391e-01
6.172488257288932800e-02
2.016124576330184937e-01
4.062333330512046814e-02
3.182682022452354431e-02
6.903281807899475098e-02
-6.178260315209627151e-03
-2.676610648632049561e-02
-1.495242565870285034e-01
-1.327327489852905273e-01
-6.359744071960449219e-02
-2.214863896369934082e-02
-6.538229435682296753e-02
-6.259761005640029907e-02
-1.140835434198379517e-01
-8.948223292827606201e-02
-1.650191284716129303e-02
3.167140111327171326e-02
-2.409660257399082184e-03
-4.899031668901443481e-02
-8.143162727355957031e-02
-6.522246450185775757e-02
-1.073157880455255508e-02
4.367751628160476685e-02
3.820922225713729858e-02
-3.287443518638610840e-02
2.299384772777557373e-02
-4.512679949402809143e-02
-1.032270714640617371e-01
-1.063595116138458252e-01
-6.002609059214591980e-02
-2.129345573484897614e-02
8.257897198200225830e-02
4.606589302420616150e-02
7.384262979030609131e-03
1.187084615230560303e-01
1.199482679367065430e-01
9.176463633775711060e-02
9.013620018959045410e-02
1.070914044976234436e-02
7.196937222033739090e-03
-1.061039511114358902e-02
-5.309061706066131592e-02
-5.865839868783950806e-02
-4.224069789052009583e-02
-1.141840815544128418e-01
-6.300508975982666016e-02
-5.200047791004180908e-02
-4.988963250070810318e-03
1.843446120619773865e-02
1.077184528112411499e-01
5.491019040346145630e-02
1.063715573400259018e-02
9.098558872938156128e-02
3.712115064263343811e-02
3.305977582931518555e-02
2.401801198720932007e-02
-4.114567115902900696e-02
-1.156334578990936279e-01
-4.060461372137069702e-02
-9.851279109716415405e-02
-6.790446490049362183e-02
-1.879416778683662415e-02
-1.168809458613395691e-01
5.469520576298236847e-03
-7.791308313608169556e-02
-4.556421190500259399e-02
-2.987088821828365326e-02
-1.223912388086318970e-01
-6.976071745157241821e-02
-3.649833425879478455e-02
-5.667454749345779419e-02
-3.950404934585094452e-03
-7.010017335414886475e-02
-6.775812804698944092e-02
-1.148250140249729156e-02
1.787055656313896179e-02
1.927692815661430359e-02
4.079218208789825439e-02
4.414145275950431824e-02
5.270181223750114441e-02
7.694378495216369629e-03
-2.626430802047252655e-02
-4.071298241615295410e-02
-3.916983306407928467e-02
-2.303885761648416519e-03
2.487770654261112213e-02
6.532298773527145386e-02
-1.744225248694419861e-02
3.275639191269874573e-02
3.771456331014633179e-02
-5.894852802157402039e-03
3.020292147994041443e-03
6.757438182830810547e-02
-7.052148133516311646e-02
3.894723206758499146e-02
9.747102856636047363e-02
-7.877281308174133301e-02
1.143954787403345108e-02
9.188741445541381836e-02
-6.606727093458175659e-02
2.965938858687877655e-02
3.487021103501319885e-02
-3.963072970509529114e-02
8.174116909503936768e-02
6.113687902688980103e-02
-6.605415605008602142e-03
3.826989233493804932e-02
-3.192995116114616394e-02
2.209064178168773651e-02
6.424330174922943115e-02
3.579571377485990524e-03
1.324461121112108231e-02
2.046426944434642792e-02
3.604980558156967163e-02
-1.822401583194732666e-02
7.811314892023801804e-03
7.759956270456314087e-02
-5.209263414144515991e-02
-6.909758783876895905e-03
6.165675073862075806e-02
-2.296113781630992889e-02
7.901538163423538208e-02
1.566377431154251099e-01
-7.618144154548645020e-02
2.971706446260213852e-03
1.498100906610488892e-02
6.541185081005096436e-02
3.453369811177253723e-02
1.310170628130435944e-02
-2.768264897167682648e-02
-6.246367469429969788e-02
-5.644756555557250977e-02
-3.289290890097618103e-02
-7.445249706506729126e-02
-1.700346730649471283e-02
3.420741297304630280e-03
1.650577783584594727e-02
2.548900898545980453e-03
7.194284349679946899e-02
3.133237361907958984e-02
3.840094059705734253e-02
1.338743418455123901e-01
9.292937070131301880e-02
-1.888057962059974670e-02
-2.793727442622184753e-03
-7.835761457681655884e-02
-9.135430678725242615e-03
-5.521795526146888733e-02
-1.192808970808982849e-01
-8.705294132232666016e-02
-1.391219906508922577e-02
-1.019800379872322083e-01
-6.859322637319564819e-02
-5.312813445925712585e-02
9.240234503522515297e-04
-7.869784533977508545e-02
-7.205809652805328369e-02
-1.107236966490745544e-01
-9.464198350906372070e-02
-2.943291887640953064e-02
3.320270916447043419e-03
2.670176699757575989e-02
-8.268577605485916138e-02
-4.516402631998062134e-02
-7.022885233163833618e-02
-6.126424670219421387e-02
2.790078334510326385e-02
-1.755365729331970215e-02
-7.280603982508182526e-03
-3.177482576575130224e-04
-2.387933619320392609e-02
-1.309036016464233398e-01
-8.589276671409606934e-02
-5.635901913046836853e-02
-6.238413229584693909e-02
1.611436344683170319e-02
4.347656294703483582e-02
-1.395604014396667480e-01
-5.948194116353988647e-02
-5.150849744677543640e-02
1.548672188073396683e-02
4.280173033475875854e-02
-1.400692015886306763e-01
6.343069672584533691e-02
-1.247632503509521484e-02
-1.605349034070968628e-01
-6.268023699522018433e-02
-1.966846585273742676e-01
-1.582088507711887360e-02
1.305841375142335892e-02
1.315151453018188477e-01
5.493592843413352966e-02
-5.118050798773765564e-02
-4.531333968043327332e-02
-4.700886551290750504e-03
-8.051961660385131836e-02
-1.661608070135116577e-01
-1.983664184808731079e-02
2.016547136008739471e-02
-1.407445222139358521e-01
-3.136441111564636230e-02
2.338225208222866058e-02
-1.203198730945587158e-02
1.293423771858215332e-01
-4.924302920699119568e-02
6.565861869603395462e-03
5.129135400056838989e-02
-4.936845600605010986e-02
1.271235477179288864e-02
3.163450211286544800e-02
1.188205368816852570e-02
8.710230886936187744e-02
-4.256862401962280273e-02
1.166641712188720703e-02
3.218457102775573730e-02
-1.000309586524963379e-01
2.924914099276065826e-02
-7.398589700460433960e-02
-6.576658040285110474e-02
5.767755955457687378e-02
4.658163711428642273e-02
1.071079820394515991e-02
2.543517202138900757e-02
-1.142852194607257843e-02
-3.693638741970062256e-02
8.700122684240341187e-02
7.353180646896362305e-02
-6.155346333980560303e-02
1.053317710757255554e-01
1.472624135203659534e-03
-7.468769699335098267e-02
1.614340580999851227e-02
8.950336836278438568e-03
-9.632617235183715820e-03
-8.284820616245269775e-02
1.001440174877643585e-02
-3.115706890821456909e-02
-5.546195060014724731e-02
1.879194974899291992e-01
1.161375567317008972e-01
-2.319756150245666504e-02
-4.665421694517135620e-02
-5.254575610160827637e-02
-1.138490904122591019e-02
6.284232717007398605e-03
2.813930995762348175e-02
-4.882254078984260559e-02
1.077484190464019775e-01
3.580757603049278259e-02
-5.513944104313850403e-02
7.813813537359237671e-02
-2.589599415659904480e-02
-3.074459359049797058e-02
3.922595456242561340e-02
-7.552359253168106079e-02
-6.017183139920234680e-02
-3.696892783045768738e-02
-8.676803112030029297e-02
-4.110982641577720642e-02
-1.082012951374053955e-01
2.268378436565399170e-02
-5.520666390657424927e-02
-4.065226763486862183e-02
5.532167479395866394e-02
2.477436698973178864e-02
-7.141613215208053589e-02
-1.107113808393478394e-01
7.355347275733947754e-02
-1.104654558002948761e-02
-1.323752850294113159e-01
6.284074485301971436e-02
-4.254803434014320374e-02
4.463134706020355225e-02
-1.892912574112415314e-02
6.980530172586441040e-02
3.193154931068420410e-02
5.532671511173248291e-02
-1.587316952645778656e-02
-7.846424728631973267e-02
7.674804329872131348e-02
-5.480597540736198425e-02
-9.100984036922454834e-02
1.232253760099411011e-02
-2.620949745178222656e-01
-1.488644815981388092e-02
-1.144869104027748108e-01
-8.942229673266410828e-03
2.066735178232192993e-01
-7.212909311056137085e-02
7.340855151414871216e-02
-6.863174028694629669e-03
2.405253984034061432e-02
3.663169965147972107e-02
-7.819749414920806885e-02
4.855285957455635071e-02
-2.701760642230510712e-02
-8.382794260978698730e-02
1.287279129028320312e-01
2.174729667603969574e-02
-6.658876687288284302e-02
-2.600380592048168182e-02
-8.722591400146484375e-02
4.487306345254182816e-03
-3.642518818378448486e-02
-2.656266465783119202e-02
6.260563433170318604e-02
1.012080535292625427e-01
-4.600734449923038483e-03
8.006055653095245361e-02
-6.170972809195518494e-02
-5.023373290896415710e-02
1.215682923793792725e-01
2.015768736600875854e-02
1.651623658835887909e-02
-8.579925633966922760e-03
3.975353389978408813e-02
-1.185863986611366272e-01
2.559173107147216797e-02
-5.293329060077667236e-02
4.316002503037452698e-02
1.180297583341598511e-01
-4.082288220524787903e-02
8.475673198699951172e-02
5.131323635578155518e-02
1.974614709615707397e-02
7.991204410791397095e-02
-8.065911382436752319e-02
2.594758756458759308e-02
1.007129028439521790e-01
-1.836660504341125488e-02
-3.728166595101356506e-02
8.933948725461959839e-02
1.533427741378545761e-02
6.043163686990737915e-02
1.208367384970188141e-02
-1.902355998754501343e-02
-2.982099726796150208e-02
-5.025163292884826660e-02
-7.206066697835922241e-02
-6.115023791790008545e-02
-9.102226793766021729e-02
-9.456003457307815552e-02
2.763533405959606171e-02
1.197725068777799606e-02
-9.117092005908489227e-03
-9.136657416820526123e-02
-5.240675434470176697e-02
-7.506644725799560547e-02
-7.674151659011840820e-02
-1.230541467666625977e-01
-9.416347742080688477e-02
8.016770333051681519e-02
2.901265025138854980e-02
4.222985357046127319e-02
-1.108360961079597473e-01
-9.828800708055496216e-02
1.551781781017780304e-02
-1.087475791573524475e-01
-4.522825032472610474e-02
4.264182224869728088e-02
-8.704157918691635132e-02
2.881765179336071014e-02
-5.207448825240135193e-02
-1.304302066564559937e-01
4.442550614476203918e-02
7.594429701566696167e-02
-7.954028993844985962e-02
-6.097057461738586426e-02
-3.340409323573112488e-02
5.424720793962478638e-02
2.742043323814868927e-02
-7.582143694162368774e-02
2.778919413685798645e-03
-1.528978794813156128e-01
1.166209392249584198e-02
-1.089940033853054047e-02
5.330973491072654724e-02
2.251432836055755615e-01
3.732872009277343750e-02
-4.418205097317695618e-02
-2.365218102931976318e-02
4.104364290833473206e-02
8.027785271406173706e-02
1.478304415941238403e-01
2.487090416252613068e-02
1.063648536801338196e-01
7.460501790046691895e-02
2.778686583042144775e-02
-5.911761894822120667e-02
-1.016250476241111755e-01
8.938271552324295044e-02
-3.262436389923095703e-02
-3.407403826713562012e-02
9.653823450207710266e-03
2.024305798113346100e-02
-5.740275140851736069e-03
3.562399372458457947e-02
6.675988435745239258e-02
-9.119831025600433350e-03
8.994489163160324097e-02
1.176292747259140015e-01
-6.876155734062194824e-02
5.650773644447326660e-02
1.540137920528650284e-02
-8.263507485389709473e-02
-2.768005477264523506e-03
-7.383847981691360474e-02
-3.263615444302558899e-02
-1.351763159036636353e-01
-1.286967843770980835e-01
1.605032235383987427e-01
-8.728077262639999390e-02
3.235889598727226257e-02
7.274668663740158081e-02
-1.534712500870227814e-02
8.181778341531753540e-02
3.506845235824584961e-02
6.457603722810745239e-02
2.057643234729766846e-01
7.638952229171991348e-03
-3.156828880310058594e-02
-2.015548944473266602e-02
-3.579552471637725830e-02
6.399239599704742432e-02
-2.957005985081195831e-02
-3.361997753381729126e-02
5.400414578616619110e-03
-4.958445951342582703e-02
1.554973609745502472e-02
-1.401592697948217392e-02
2.911206148564815521e-02
8.796788007020950317e-02
2.986282343044877052e-03
2.751035429537296295e-02
4.230166971683502197e-02
8.100248873233795166e-02
8.188393712043762207e-02
6.986417807638645172e-03
1.423063594847917557e-02
-3.197299316525459290e-02
9.679227950982749462e-04
-2.146242372691631317e-02
3.148724138736724854e-02
5.672858282923698425e-02
1.724199578166007996e-02
4.177047684788703918e-02
-9.978052228689193726e-03
1.325416099280118942e-02
-4.419355839490890503e-02
-1.131969243288040161e-01
-8.620874024927616119e-03
1.318076848983764648e-01
4.597865417599678040e-02
4.215095564723014832e-02
1.746420115232467651e-01
9.972479194402694702e-03
4.678997769951820374e-02
-4.461884126067161560e-02
-1.488188207149505615e-01
6.283518671989440918e-02
-7.035548239946365356e-02
-1.263596713542938232e-01
-1.181208714842796326e-01
-8.846347779035568237e-02
6.615136563777923584e-02
-1.211467310786247253e-01
3.102042898535728455e-02
4.475331678986549377e-02
-1.961941644549369812e-02
-3.121918998658657074e-02
-2.289127185940742493e-02
-1.586570404469966888e-02
-5.759186111390590668e-03
2.752046287059783936e-02
3.078679367899894714e-02
-6.215230375528335571e-02
-8.286458905786275864e-04
3.884387016296386719e-02
2.971432358026504517e-02
-3.991593047976493835e-02
-6.999877747148275375e-03
-2.987753599882125854e-02
-1.595115810632705688e-01
5.512658040970563889e-03
-5.006334185600280762e-02
-1.616726219654083252e-01
-3.071749024093151093e-02
-8.946172147989273071e-02
2.971970534417778254e-04
-2.515445277094841003e-02
-5.227308720350265503e-02
4.709168151021003723e-02
2.373847365379333496e-02
-1.952275261282920837e-02
5.833537504076957703e-02
1.486284136772155762e-01
2.592004369944334030e-03
-2.237710729241371155e-02
1.026952080428600311e-02
5.144207924604415894e-02
3.158880397677421570e-02
-2.467492409050464630e-02
-8.031925559043884277e-02
1.616737619042396545e-02
-3.757083415985107422e-02
-9.499441087245941162e-02
2.418576925992965698e-02
3.699550032615661621e-02
9.509713202714920044e-02
-3.612361848354339600e-02
5.176590755581855774e-02
1.298877745866775513e-01
3.645819053053855896e-02
1.405048072338104248e-01
-1.178843248635530472e-02
-8.434403687715530396e-02
1.339764147996902466e-01
5.282335355877876282e-02
-1.885090172290802002e-01
-6.356737017631530762e-02
5.810821428894996643e-02
-1.239735260605812073e-01
5.159774050116539001e-02
1.992194801568984985e-01
-5.899853631854057312e-02
-3.448272496461868286e-02
3.218282163143157959e-01
1.581939160823822021e-01
-2.184995859861373901e-01
-6.626471877098083496e-02
-8.639267645776271820e-03
-2.749137207865715027e-02
8.756550401449203491e-02
5.061697214841842651e-02
-2.297321334481239319e-02
-4.850490391254425049e-02
-4.497165791690349579e-03
-1.104075759649276733e-01
4.150854423642158508e-02
1.249077543616294861e-01
1.317729987204074860e-02
-9.799337014555931091e-03
1.303111165761947632e-01
-2.025227434933185577e-02
-8.136850595474243164e-02
6.951308250427246094e-02
-4.201795160770416260e-02
-8.081253618001937866e-02
-1.915604434907436371e-02
-2.504847198724746704e-02
4.172462597489356995e-02
9.077608585357666016e-02
-4.275406245142221451e-03
-2.834690362215042114e-02
7.873397320508956909e-03
-2.320515923202037811e-03
-3.384830057621002197e-02
1.972502656280994415e-02
-6.393583607859909534e-04
2.910629287362098694e-02
-4.945662617683410645e-02
2.492020279169082642e-02
6.120691448450088501e-02
-1.404486149549484253e-01
-2.748364582657814026e-02
-6.130405142903327942e-02
-9.228671342134475708e-02
-7.894898205995559692e-02
-2.681909501552581787e-02
-9.931893646717071533e-02
6.295264512300491333e-02
1.739116013050079346e-01
-6.630510091781616211e-02
-1.731128245592117310e-02
6.786752492189407349e-02
-1.287538856267929077e-01
-9.284097701311111450e-03
5.064316838979721069e-02
1.424824744462966919e-01
-6.965138763189315796e-02
-7.354768365621566772e-02
8.002001047134399414e-02
-5.754532665014266968e-02
-1.326068490743637085e-01
-1.703621149063110352e-01
1.087655685842037201e-02
1.332196742296218872e-01
8.469799906015396118e-02
2.509894408285617828e-02
-9.275754541158676147e-02
-1.085300296545028687e-01
1.492370851337909698e-02
-1.295814216136932373e-01
-1.150980144739151001e-01
-6.020162254571914673e-03
2.814499102532863617e-02
1.523630172014236450e-01
2.741577103734016418e-02
-8.169423043727874756e-02
-2.360690012574195862e-02
-1.727084070444107056e-02
-5.986127257347106934e-02
-6.955739855766296387e-02
-1.265942007303237915e-01
-2.208314836025238037e-02
6.339557468891143799e-02
-3.936209902167320251e-02
-9.883837401866912842e-02
8.562631160020828247e-02
1.259724348783493042e-01
2.695136703550815582e-02
4.960721358656883240e-03
-5.198137462139129639e-02
-2.964555658400058746e-02
-1.674163714051246643e-02
-9.321762621402740479e-02
-7.963757961988449097e-02
-3.082987666130065918e-02
-3.985788673162460327e-02
-2.816781774163246155e-02
-1.340855360031127930e-01
-3.499165922403335571e-02
2.352960221469402313e-02
-5.177245661616325378e-02
-1.101905182003974915e-01
3.588050976395606995e-02
5.736477673053741455e-02
-1.950850188732147217e-01
1.195729151368141174e-01
7.297732681035995483e-02
-1.031315252184867859e-01
-1.676817685365676880e-01
2.174668386578559875e-02
2.308088168501853943e-02
8.006865531206130981e-02
-7.711377739906311035e-02
8.489762991666793823e-02
-3.193838754668831825e-03
-9.973768889904022217e-02
3.842562809586524963e-02
6.799869239330291748e-02
-3.506043553352355957e-02
7.544932514429092407e-02
4.732732102274894714e-02
2.533858828246593475e-02
2.959846146404743195e-02
-8.233702392317354679e-04
-1.220771297812461853e-02
-1.103716790676116943e-01
6.090812012553215027e-02
1.375023871660232544e-01
-1.337611973285675049e-01
-2.745541036128997803e-01
4.984555020928382874e-02
2.990803495049476624e-02
-9.020972251892089844e-02
2.769398130476474762e-02
-7.148645818233489990e-02
-6.956341117620468140e-02
-3.504019603133201599e-02
-4.437115043401718140e-02
-1.207338720560073853e-01
3.704851865768432617e-02
1.724139153957366943e-01
9.663548320531845093e-02
1.190734729170799255e-01
-1.482257097959518433e-01
-1.424354314804077148e-01
-7.871600985527038574e-02
-2.372469194233417511e-02
2.837824821472167969e-02
1.267012506723403931e-01
3.079098649322986603e-02
1.720842123031616211e-01
2.289646565914154053e-01
-4.664956405758857727e-02
-9.823550283908843994e-02
-6.707250326871871948e-02
-1.452743411064147949e-01
-6.894588470458984375e-02
9.710758924484252930e-02
-1.869359426200389862e-02
-1.107136309146881104e-01
1.029060110449790955e-01
-1.356877982616424561e-01
4.214287549257278442e-02
3.493567183613777161e-02
-8.470945060253143311e-02
-1.091439574956893921e-01
-1.115524303168058395e-02
6.452562753111124039e-03
-1.972736418247222900e-02
-9.887201339006423950e-02
5.242452025413513184e-02
-8.308185264468193054e-03
2.771141566336154938e-02
8.030879497528076172e-02
-9.449204802513122559e-02
-7.818572968244552612e-02
1.223765686154365540e-02
4.916065838187932968e-03
-8.576639741659164429e-02
4.844420030713081360e-02
4.039052873849868774e-02
-5.467555020004510880e-03
-5.792357027530670166e-02
4.534274712204933167e-02
4.016689211130142212e-02
-1.906154863536357880e-02
-4.030404984951019287e-02
-1.408159174025058746e-02
-2.244956232607364655e-02
-4.982455447316169739e-02
1.017452776432037354e-01
-2.366717346012592316e-02
6.804312765598297119e-02
-2.365320362150669098e-02
2.188354171812534332e-02
-1.715039275586605072e-02
-4.594227299094200134e-02
-1.744228228926658630e-02
2.924511767923831940e-02
1.470592804253101349e-02
-1.193033903837203979e-02
4.009957611560821533e-02
-9.029742330312728882e-03
-1.242463812232017517e-01
-8.618461899459362030e-03
-2.457645162940025330e-02
5.227832868695259094e-02
3.972790762782096863e-02
1.011605560779571533e-01
5.026043206453323364e-02
-3.791853040456771851e-02
5.834090337157249451e-02
-6.193256005644798279e-02
5.538595095276832581e-02
4.452390223741531372e-02
3.435639292001724243e-02
-3.652340546250343323e-02
-9.578129649162292480e-02
1.255762279033660889e-01
-3.743197023868560791e-02
8.346112444996833801e-03
4.366560280323028564e-02
5.275851115584373474e-03
-7.542822510004043579e-02
-5.373679473996162415e-02
-3.743539750576019287e-02
-3.958734497427940369e-02
1.706257835030555725e-02
-9.716541320085525513e-02
-1.033734008669853210e-01
-3.896014392375946045e-02
9.257679432630538940e-02
-1.254389733076095581e-01
-1.362342014908790588e-02
-5.766829103231430054e-02
-5.579287186264991760e-02
-5.483089014887809753e-02
-4.196563363075256348e-02
5.926550552248954773e-02
3.869171813130378723e-02
6.958557665348052979e-02
6.091177463531494141e-03
-2.247083233669400215e-03
-9.473471343517303467e-02
-7.450402528047561646e-02
9.058886207640171051e-03
-7.779212296009063721e-02
-6.783237308263778687e-02
-3.379769623279571533e-02
-3.988631442189216614e-02
-2.909418428316712379e-03
-7.013149559497833252e-02
3.262837976217269897e-02
-2.332718111574649811e-02
-2.090897038578987122e-02
1.420762091875076294e-01
2.074375562369823456e-02
-5.470188334584236145e-02
1.349707879126071930e-02
-1.542941387742757797e-02
4.199250042438507080e-02
-7.580694556236267090e-02
-1.043013110756874084e-01
3.002637997269630432e-02
-1.174386590719223022e-01
-1.022686362266540527e-01
1.437510736286640167e-02
-2.157456055283546448e-02
-3.117328044027090073e-03
-3.184191510081291199e-02
1.194124072790145874e-01
3.388968855142593384e-02
2.574717160314321518e-03
-5.413390230387449265e-03
8.936666697263717651e-02
-3.738577291369438171e-02
-3.253581374883651733e-02
-6.149800494313240051e-02
-4.905576817691326141e-03
-3.100448101758956909e-02
4.163504391908645630e-02
-6.860750168561935425e-02
-9.329967200756072998e-02
4.031572490930557251e-02
-1.684294454753398895e-02
-8.918839693069458008e-02
-5.895112454891204834e-02
3.867932409048080444e-02
9.302583336830139160e-02
7.906597852706909180e-02
-2.245600335299968719e-03
-1.070791184902191162e-01
4.194752871990203857e-02
8.022576570510864258e-03
-1.081415358930826187e-02
6.033907458186149597e-02
3.934651147574186325e-03
1.433970592916011810e-02
-4.289233125746250153e-03
2.557937242090702057e-02
-2.170400135219097137e-02
-3.358030319213867188e-02
-5.472661927342414856e-02
-4.882414638996124268e-02
-3.782998071983456612e-03
3.223764523863792419e-02
1.172577030956745148e-02
3.959133848547935486e-02
2.238926105201244354e-02
-3.454223275184631348e-02
1.279499940574169159e-02
-4.786922410130500793e-02
-1.393748074769973755e-01
-8.226124197244644165e-02
-2.999898418784141541e-02
-6.290532648563385010e-02
-1.071949154138565063e-01
6.144228950142860413e-02
6.519870366901159286e-03
3.796767909079790115e-03
4.160609841346740723e-02
-8.764470927417278290e-03
3.230774402618408203e-02
5.035907402634620667e-02
3.592476993799209595e-02
-1.088326051831245422e-02
2.795682474970817566e-02
-7.604465633630752563e-02
-4.336396232247352600e-02
2.463847631588578224e-03
-4.733327403664588928e-02
3.784835338592529297e-02
-3.390144929289817810e-02
1.207102462649345398e-01
6.173081323504447937e-02
-1.180628221482038498e-02
1.317445486783981323e-01
6.131985411047935486e-02
-2.811002731323242188e-02
3.599346801638603210e-02
-6.469653546810150146e-02
-6.980526447296142578e-02
-3.115735761821269989e-02
1.682360842823982239e-02
-6.985130906105041504e-02
-1.334748268127441406e-01
-8.951164782047271729e-03
3.201660467311739922e-03
-6.334996968507766724e-02
-3.445231914520263672e-02
4.114210978150367737e-02
1.287758722901344299e-02
1.635284349322319031e-02
-1.918896473944187164e-02
5.400829482823610306e-03
-3.279572818428277969e-03
-4.533118754625320435e-02
-6.981430947780609131e-02
-2.144679427146911621e-02
3.680552914738655090e-02
6.883730739355087280e-02
1.474283449351787567e-02
-3.361786901950836182e-02
-7.884283550083637238e-03
-5.255769938230514526e-04
-1.674324460327625275e-02
-1.161212921142578125e-01
5.125129595398902893e-02
-9.401317220181226730e-04
9.767173975706100464e-02
-2.137304842472076416e-02
5.430984869599342346e-02
1.713687181472778320e-01
1.647996157407760620e-02
4.565171152353286743e-02
9.573700278997421265e-02
5.481087416410446167e-02
-2.297309972345829010e-02
-8.230540156364440918e-02
3.430631477385759354e-03
-5.924976989626884460e-02
-4.945252090692520142e-02
-2.558223158121109009e-02
3.284360095858573914e-02
-7.086155470460653305e-03
-2.393469959497451782e-02
3.857029974460601807e-02
7.395814359188079834e-02
3.026439063251018524e-02
1.159927691332995892e-03
8.851154148578643799e-02
-5.094377323985099792e-03
1.022612210363149643e-02
1.724995486438274384e-02
7.145790010690689087e-02
-3.458170220255851746e-02
6.923184543848037720e-02
5.257528647780418396e-02
4.052137583494186401e-02
-5.157694220542907715e-02
7.426488678902387619e-03
8.049827069044113159e-02
2.839609421789646149e-02
-9.851717390120029449e-03
3.108965046703815460e-02
2.227785065770149231e-02
-2.343142550671473145e-04
5.057626962661743164e-02
6.064439192414283752e-02
-6.115734111517667770e-03
2.043469110503792763e-03
6.044964864850044250e-02
5.491355434060096741e-03
2.559703029692173004e-02
6.571945548057556152e-02
-3.992277383804321289e-02
1.007801890373229980e-01
2.085798829793930054e-01
6.831676512956619263e-02
-4.709467664361000061e-02
6.386525183916091919e-02
-1.926564797759056091e-02
-1.592781767249107361e-02
-6.283500045537948608e-02
-6.105027347803115845e-02
8.714845776557922363e-02
2.021678537130355835e-01
1.325883120298385620e-01
-7.614714093506336212e-03
7.566420733928680420e-02
9.033146314322948456e-03
1.323492173105478287e-02
8.462121337652206421e-02
4.615521430969238281e-02
1.017888188362121582e-01
1.685218364000320435e-01
1.096123680472373962e-01
2.046796120703220367e-02
-1.075069606304168701e-02
-8.622309193015098572e-03
-2.703346684575080872e-02
-5.528930574655532837e-02
-4.296621307730674744e-02
1.057604327797889709e-01
1.409766674041748047e-01
9.805427491664886475e-02
1.107473447918891907e-01
1.292257606983184814e-01
7.992327958345413208e-02
2.331570908427238464e-02
5.181496497243642807e-03
7.726702373474836349e-03
6.973579525947570801e-02
-4.547624662518501282e-02
3.019453771412372589e-02
-2.081547136185690761e-04
1.638805493712425232e-02
3.866076469421386719e-02
-4.917229339480400085e-02
-2.922975085675716400e-02
-2.325276471674442291e-02
-2.434439025819301605e-02
-4.827235243283212185e-04
1.118498854339122772e-02
-7.122471183538436890e-02
-7.025269418954849243e-02
-4.781720042228698730e-02
-3.230076655745506287e-02
1.468049082905054092e-02
6.223981827497482300e-02
9.530875831842422485e-03
-4.746313020586967468e-02
3.927793353796005249e-02
-5.909933242946863174e-03
4.645465314388275146e-02
2.063242346048355103e-02
1.768352463841438293e-02
1.561188488267362118e-03
6.183699518442153931e-02
1.036663446575403214e-02
-3.342201001942157745e-03
1.023728679865598679e-02
-9.781654924154281616e-03
4.106497019529342651e-02
-4.288921132683753967e-02
9.090059436857700348e-03
2.740952419117093086e-03
1.670595444738864899e-02
-1.393953710794448853e-02
-1.815389655530452728e-02
-1.152285467833280563e-02
1.315946574322879314e-03
-9.381953626871109009e-03
-4.155484586954116821e-02
4.863812401890754700e-02
-2.058908157050609589e-02
-7.285243272781372070e-02
1.130536794662475586e-01
6.648803502321243286e-02
6.540148705244064331e-02
1.124778687953948975e-01
7.796056568622589111e-02
1.043857038021087646e-01
-4.213666170835494995e-02
4.485010728240013123e-02
2.645780146121978760e-02
1.862765103578567505e-02
4.341948777437210083e-02
5.441026296466588974e-03
3.642763197422027588e-02
-1.200045552104711533e-02
-9.048807434737682343e-03
6.150448322296142578e-02
5.562817677855491638e-03
1.374299172312021255e-02
-1.755951903760433197e-02
1.101492643356323242e-01
-1.678664982318878174e-02
2.002455107867717743e-02
8.579801023006439209e-02
4.964040592312812805e-02
-1.071103885769844055e-01
-5.464034155011177063e-02
-3.272483870387077332e-02
-1.805947907269001007e-02
-7.325483020395040512e-03
5.670856311917304993e-02
-3.800847753882408142e-02
6.730986386537551880e-02
7.274897396564483643e-02
-2.799414098262786865e-02
7.990831881761550903e-02
3.582270443439483643e-02
-7.740493863821029663e-02
4.565970599651336670e-02
7.869485020637512207e-02
-7.125252485275268555e-02
9.813567250967025757e-02
7.517881691455841064e-02
5.840775370597839355e-02
1.779899150133132935e-01
4.032317176461219788e-02
2.885074913501739502e-02
1.701486110687255859e-01
3.665037453174591064e-02
5.847480148077011108e-02
9.822914749383926392e-02
6.586635857820510864e-02
1.632419647648930550e-03
6.598723679780960083e-02
-5.284794420003890991e-02
2.121688239276409149e-02
2.427309751510620117e-02
-4.119931533932685852e-02
4.251880198717117310e-02
4.230527952313423157e-02
-4.735732823610305786e-02
-4.544558003544807434e-03
-1.247363630682229996e-02
2.491845283657312393e-03
6.021159701049327850e-03
-1.820287108421325684e-02
7.017291150987148285e-03
-2.014832571148872375e-02
-4.551877081394195557e-02
-2.327097952365875244e-02
3.680105786770582199e-03
9.722726792097091675e-02
5.908384919166564941e-02
5.112080648541450500e-02
8.300103992223739624e-02
4.767375439405441284e-02
2.662583254277706146e-02
-3.990123979747295380e-03
-3.122355230152606964e-02
-6.648991722613573074e-03
-8.869360201060771942e-03
-5.881544202566146851e-02
-7.175742089748382568e-02
-3.551528975367546082e-02
-7.609643042087554932e-02
-7.425044476985931396e-02
-4.192758351564407349e-02
-5.535829067230224609e-02
6.566670536994934082e-02
8.415431529283523560e-02
-1.007965486496686935e-02
7.460502535104751587e-02
2.022811956703662872e-02
-3.099295124411582947e-02
4.713211953639984131e-02
5.772703886032104492e-02
5.932291038334369659e-03
-5.050670728087425232e-02
4.870641045272350311e-03
-7.586853206157684326e-02
5.679077655076980591e-02
8.573322743177413940e-02
7.814714312553405762e-02
3.702484071254730225e-02
7.869195938110351562e-02
3.600274771451950073e-02
5.257023125886917114e-02
1.515912711620330811e-01
4.304177686572074890e-02
1.103307828307151794e-01
1.977418214082717896e-01
1.383962631225585938e-01
2.717109583318233490e-02
1.466893106698989868e-01
8.143618702888488770e-02
-2.560325339436531067e-02
5.003493279218673706e-03
-2.503906562924385071e-02
1.351326983422040939e-02
-1.038325019180774689e-02
-1.617057062685489655e-02
-3.134696977213025093e-03
-2.937676012516021729e-02
5.191531404852867126e-02
-1.027464568614959717e-01
-5.277866125106811523e-02
-1.578844897449016571e-02
-1.123222410678863525e-01
-2.798686735332012177e-02
-1.038988456130027771e-01
-3.625310957431793213e-02
-6.068655103445053101e-02
-1.809710115194320679e-01
-6.116738170385360718e-02
-1.673400588333606720e-02
-3.417016193270683289e-02
-3.895229194313287735e-03
-2.490447647869586945e-02
4.110833629965782166e-03
1.608165446668863297e-03
-1.278555300086736679e-02
5.339242517948150635e-03
7.280043512582778931e-02
5.250162631273269653e-02
2.509647607803344727e-02
4.653844237327575684e-02
9.063552320003509521e-02
1.297276001423597336e-02
-6.446209549903869629e-02
-2.351094502955675125e-03
-5.086541175842285156e-02
-6.681605428457260132e-02
8.056339621543884277e-02
2.837719768285751343e-02
-3.066616132855415344e-02
5.857760086655616760e-02
3.073293901979923248e-02
-6.764461845159530640e-02
-3.848303481936454773e-02
-4.102125763893127441e-02
1.197597850114107132e-02
1.279282197356224060e-02
-5.341493338346481323e-02
6.531777977943420410e-02
8.818416297435760498e-02
4.578688647598028183e-03
2.146255411207675934e-02
6.814778596162796021e-02
-2.905989997088909149e-03
2.885478548705577850e-02
-2.940211072564125061e-02
-7.264158874750137329e-02
2.177475765347480774e-02
-2.232325635850429535e-02
-5.450937524437904358e-02
-5.151485279202461243e-02
5.702007561922073364e-03
-2.527940087020397186e-02
-8.055911213159561157e-02
-7.224099338054656982e-02
-3.420874476432800293e-02
-1.343716979026794434e-01
-9.453337639570236206e-02
-9.931699931621551514e-02
-7.345825433731079102e-02
-1.118419617414474487e-01
-4.455413669347763062e-02
-6.216643378138542175e-02
-1.597303152084350586e-02
7.705967128276824951e-02
-3.233005478978157043e-02
-8.914368227124214172e-03
-4.867066815495491028e-02
-9.054630994796752930e-03
-3.114982042461633682e-03
-3.394644474610686302e-03
-2.096686139702796936e-02
6.253283470869064331e-02
2.094525843858718872e-02
3.966187313199043274e-02
9.208908677101135254e-02
8.053281344473361969e-03
-4.287345334887504578e-02
6.441868841648101807e-02
-4.687619209289550781e-02
-1.316518610110506415e-04
5.049316957592964172e-02
-1.030023321509361267e-01
4.250587150454521179e-02
2.010729461908340454e-01
-8.117581717669963837e-03
-1.329054087400436401e-01
5.306049063801765442e-02
-5.512715503573417664e-02
-5.236161500215530396e-02
-1.805741339921951294e-02
-1.511189434677362442e-02
2.434367686510086060e-02
1.143712699413299561e-01
5.712509900331497192e-02
-4.159114882349967957e-02
9.131284058094024658e-02
1.801654882729053497e-02
-7.435280084609985352e-02
-4.558918252587318420e-02
-1.274610497057437897e-02
1.352852862328290939e-02
5.246429145336151123e-02
3.792555630207061768e-02
-6.754549592733383179e-02
1.861280389130115509e-02
6.378876045346260071e-03
-2.036041114479303360e-03
-1.030265837907791138e-01
-6.920792162418365479e-02
4.162099957466125488e-02
-1.243325974792242050e-02
-5.722854658961296082e-02
5.893235094845294952e-03
-1.791120693087577820e-02
-6.840034574270248413e-02
-8.648756891489028931e-03
-8.699049800634384155e-02
-3.149941936135292053e-02
-2.818418433889746666e-03
-3.732688957825303078e-03
-5.806006863713264465e-02
2.654230408370494843e-02
1.734091714024543762e-02
-8.283532224595546722e-03
1.282275468111038208e-02
6.143335625529289246e-02
-4.102294798940420151e-03
1.818780042231082916e-02
5.399181693792343140e-02
-2.686992846429347992e-02
-1.225843932479619980e-02
-5.331184249371290207e-03
-3.014979884028434753e-02
-7.266228552907705307e-03
-1.370933353900909424e-01
-6.362599134445190430e-02
-4.238129779696464539e-02
-1.077056974172592163e-01
-5.245411023497581482e-02
-8.020450919866561890e-02
-4.071791470050811768e-02
-3.818422183394432068e-02
2.989671379327774048e-02
-5.847602616995573044e-03
-4.974476248025894165e-02
7.675689458847045898e-02
2.152956835925579071e-02
4.377894103527069092e-02
1.664762198925018311e-01
9.641546010971069336e-02
8.500690758228302002e-02
-4.185587540268898010e-02
-1.133917048573493958e-01
-2.536376751959323883e-02
1.785148680210113525e-02
3.346689417958259583e-02
2.493338845670223236e-02
-1.292083598673343658e-02
4.593353345990180969e-02
7.471176236867904663e-02
1.546787656843662262e-02
-2.840881608426570892e-02
1.751369610428810120e-02
-2.614754997193813324e-02
-4.452748224139213562e-02
-1.314715482294559479e-02
-6.722212582826614380e-02
-1.660651154816150665e-02
6.968051940202713013e-02
-5.841561406850814819e-02
-2.622429654002189636e-02
8.657087571918964386e-03
-6.502459198236465454e-02
-1.858800277113914490e-02
-5.422637239098548889e-02
-4.314030334353446960e-02
-7.365494221448898315e-02
-1.873984932899475098e-02
3.282901272177696228e-02
8.984351006802171469e-05
-6.194825284183025360e-03
-5.201088264584541321e-02
-2.729398757219314575e-02
-1.236687693744897842e-02
-1.726806908845901489e-02
-1.996519975364208221e-02
-3.254953026771545410e-02
-1.016551479697227478e-01
-6.342431064695119858e-03
-1.545672118663787842e-01
6.067505478858947754e-02
1.721216291189193726e-01
-9.086929261684417725e-02
7.609938085079193115e-02
6.407298147678375244e-02
-1.965914107859134674e-02
-8.927527815103530884e-02
2.922710776329040527e-02
-3.983320295810699463e-02
6.218696013092994690e-02
-1.154276430606842041e-01
-9.658280760049819946e-02
1.660396009683609009e-01
8.199503272771835327e-02
2.182604968547821045e-01
6.267280876636505127e-02
7.611797749996185303e-02
9.654829651117324829e-02
1.136054657399654388e-02
-1.856712996959686279e-02
1.253087371587753296e-01
-6.628105044364929199e-02
-4.351625218987464905e-02
3.718021139502525330e-02
-3.900247102137655020e-04
-4.972601309418678284e-03
-9.292516112327575684e-02
-1.113518476486206055e-01
3.064851649105548859e-02
7.341226190328598022e-02
5.307557806372642517e-02
-2.068350324407219887e-03
8.932602405548095703e-02
1.407131552696228027e-02
1.920467615127563477e-02
1.044452283531427383e-02
-3.102007135748863220e-02
-5.619759485125541687e-02
-6.903923302888870239e-02
-8.877976983785629272e-02
-4.544808343052864075e-02
-2.402577176690101624e-02
-8.582841604948043823e-02
-1.510813250206410885e-03
-2.514478750526905060e-02
-2.562021138146519661e-03
1.438229978084564209e-01
1.337536424398422241e-01
4.311863798648118973e-03
7.845491915941238403e-02
-2.037327550351619720e-02
-9.385285526514053345e-02
-1.323684304952621460e-01
1.350999772548675537e-01
3.443061932921409607e-02
-1.246263161301612854e-01
5.956526845693588257e-02
1.606309413909912109e-01
6.964407116174697876e-02
8.177394419908523560e-02
4.698060825467109680e-02
-6.843958050012588501e-02
-2.429065294563770294e-02
1.110563334077596664e-02
5.273654311895370483e-02
1.004539951682090759e-01
-3.752342984080314636e-02
4.834338906221091747e-04
3.529177233576774597e-02
1.104510854929685593e-02
1.005477085709571838e-01
4.435889422893524170e-02
-3.028458158951252699e-04
5.226301401853561401e-02
-7.869130373001098633e-02
5.337996408343315125e-02
1.647592335939407349e-02
-6.098059564828872681e-02
2.468774653971195221e-02
-3.377272933721542358e-02
-4.371714219450950623e-02
4.732077475637197495e-03
-4.461745917797088623e-02
-6.303561478853225708e-02
-8.250428736209869385e-02
-6.329273432493209839e-02
-8.487034589052200317e-02
-1.375377364456653595e-02
-1.658470481634140015e-01
-1.135456115007400513e-01
4.881066456437110901e-02
-1.552870497107505798e-02
-1.433504968881607056e-01
2.319135963916778564e-01
-3.835748508572578430e-02
-4.099686816334724426e-02
-9.904575347900390625e-02
-3.974998369812965393e-02
8.245869539678096771e-03
-2.794655561447143555e-01
-6.816887855529785156e-02
2.312962412834167480e-01
-1.025141105055809021e-01
8.858418464660644531e-02
2.565470039844512939e-01
9.254164062440395355e-03
-9.136538952589035034e-02
-7.219912856817245483e-02
-2.698042057454586029e-02
3.395284339785575867e-02
-8.173342794179916382e-02
-2.023543231189250946e-02
3.805438056588172913e-02
8.798889815807342529e-02
-1.818608343601226807e-01
-1.702102422714233398e-01
-1.892715841531753540e-01
-9.489449113607406616e-02
-1.212057545781135559e-01
-1.128771230578422546e-01
6.939163804054260254e-02
2.660123445093631744e-02
7.273168861865997314e-02
-7.098600268363952637e-02
-1.410591006278991699e-01
-1.087450515478849411e-02
-3.800188750028610229e-02
1.288995444774627686e-01
-2.434427291154861450e-02
1.687736511230468750e-01
3.300866782665252686e-01
2.814675681293010712e-02
-4.937428981065750122e-03
3.834661468863487244e-02
7.443808019161224365e-02
-5.976810306310653687e-02
-1.228759530931711197e-02
8.454918861389160156e-03
6.676052510738372803e-02
1.287501007318496704e-01
-2.179038897156715393e-02
-1.627977192401885986e-01
2.043271251022815704e-02
-6.523440778255462646e-02
5.369040369987487793e-02
-2.241721935570240021e-02
-4.387263208627700806e-02
1.954843103885650635e-01
9.230500459671020508e-02
3.053620085120201111e-02
-4.451538249850273132e-02
4.180604964494705200e-02
1.260131150484085083e-01
-3.002666123211383820e-02
9.471257030963897705e-02
-3.956897929310798645e-02
-4.834119230508804321e-02
1.622411906719207764e-01
-5.634087324142456055e-02
2.409351803362369537e-02
-1.069063600152730942e-02
-4.249501507729291916e-03
-1.038265749812126160e-01
-9.647221863269805908e-02
2.257675863802433014e-02
5.338640511035919189e-02
1.902002841234207153e-02
1.309568732976913452e-01
-1.328466385602951050e-01
-3.182866051793098450e-02
6.883007287979125977e-02
5.405820440500974655e-03
-4.066924564540386200e-03
1.602448523044586182e-01
-1.108444295823574066e-02
2.038941718637943268e-02
4.968707263469696045e-02
1.070407629013061523e-01
5.747517198324203491e-02
-1.021078005433082581e-01
2.246699184179306030e-01
-3.043853677809238434e-02
-2.060552835464477539e-01
7.922494411468505859e-02
-4.480408504605293274e-02
-8.981394767761230469e-02
3.068828396499156952e-02
8.561313152313232422e-02
3.093911707401275635e-02
-4.468549508601427078e-03
-1.286476757377386093e-02
-7.690640632063150406e-03
-6.256844848394393921e-02
-7.410976290702819824e-02
-5.862586945295333862e-02
9.521275758743286133e-02
1.974160224199295044e-01
1.019577980041503906e-01
1.650843620300292969e-01
1.290588676929473877e-01
7.764121145009994507e-02
-3.040677495300769806e-02
-3.289539366960525513e-02
-6.255400180816650391e-02
1.853709109127521515e-02
-6.870935857295989990e-02
-6.607755552977323532e-03
-2.173846587538719177e-02
8.609691634774208069e-03
1.534278597682714462e-02
-3.703152015805244446e-02
-5.498888343572616577e-02
-1.552367210388183594e-01
3.954902663826942444e-02
-6.070468574762344360e-02
-6.884739547967910767e-02
-1.391767524182796478e-02
-3.713313199114054441e-04
-6.223393231630325317e-02
3.982592001557350159e-02
-3.583901561796665192e-03
3.352338075637817383e-02
-1.583813317120075226e-02
-8.564974181354045868e-03
-9.074398130178451538e-02
-2.942104265093803406e-02
6.736365612596273422e-03
-1.110643055289983749e-02
-3.423278778791427612e-02
9.641380980610847473e-03
2.479731105268001556e-02
4.617271199822425842e-02
-3.191392496228218079e-02
-7.283007353544235229e-02
2.121003866195678711e-01
-4.414817318320274353e-02
7.778788357973098755e-02
1.005517318844795227e-01
-3.549975156784057617e-02
2.238489389419555664e-01
-4.199946671724319458e-02
1.661881618201732635e-02
-5.777852609753608704e-02
-5.253798887133598328e-02
6.811585277318954468e-02
3.768175095319747925e-02
1.126578897237777710e-01
4.630647599697113037e-02
7.592355459928512573e-02
-6.013436987996101379e-02
3.854795545339584351e-02
2.379250153899192810e-02
-5.749650299549102783e-02
-1.134680062532424927e-01
-5.148945748805999756e-02
-1.025205571204423904e-02
1.272662878036499023e-01
1.287844497710466385e-02
8.295159041881561279e-02
1.323505491018295288e-01
3.386140242218971252e-02
4.114457871764898300e-03
1.191670373082160950e-01
-1.980236731469631195e-02
-5.631667375564575195e-02
2.074986323714256287e-02
6.625294685363769531e-02
1.480700075626373291e-01
-4.374622832983732224e-03
-1.022657263092696667e-03
7.937886565923690796e-02
-9.778999537229537964e-02
-3.105925582349300385e-02
-1.009794697165489197e-01
3.359586233273148537e-03
1.435589492321014404e-01
-6.582246720790863037e-02
-5.563516169786453247e-02
-1.200737953186035156e-01
2.275183051824569702e-02
-1.010506153106689453e-01
-6.857616454362869263e-02
-6.111940369009971619e-03
1.295135170221328735e-01
-5.496711283922195435e-02
6.593556702136993408e-02
-3.629571059718728065e-03
-1.429969817399978638e-02
-7.824642583727836609e-03
-7.983200252056121826e-02
-3.340221941471099854e-02
1.462312322109937668e-02
2.571228891611099243e-02
5.895487964153289795e-02
-1.783601939678192139e-02
-1.609914749860763550e-02
-1.176464837044477463e-02
2.944007515907287598e-02
5.617221444845199585e-02
8.364345133304595947e-02
-7.229708600789308548e-03
7.279406301677227020e-03
3.750937432050704956e-02
1.686619035899639130e-02
-2.740402705967426300e-02
-8.476386219263076782e-02
2.402928471565246582e-02
4.924303665757179260e-02
-2.204728126525878906e-02
-9.310378879308700562e-02
-6.088772043585777283e-02
-9.188159555196762085e-02
-8.286500722169876099e-02
-1.063181832432746887e-01
-2.294033020734786987e-02
2.804004400968551636e-02
-5.071274936199188232e-02
-6.677990406751632690e-02
6.482050567865371704e-02
2.891756221652030945e-02
2.011268585920333862e-02
3.428687900304794312e-02
7.404377311468124390e-02
1.614892482757568359e-02
-1.136011928319931030e-01
-1.099485903978347778e-01
-1.187037862837314606e-02
-3.429117053747177124e-02
-5.227422714233398438e-02
-4.910657927393913269e-02
-3.088806569576263428e-02
-7.062669843435287476e-02
-1.725369505584239960e-02
-6.920064240694046021e-02
-1.479984670877456665e-01
-1.245511397719383240e-01
1.598628005012869835e-03
-6.205973774194717407e-02
-8.821749128401279449e-03
2.292483299970626831e-02
-1.359184458851814270e-02
-5.245907604694366455e-02
6.391146779060363770e-02
-3.178786113858222961e-02
-5.109677091240882874e-02
1.350987106561660767e-01
2.793791703879833221e-03
-1.997948065400123596e-02
6.561612337827682495e-02
8.035860210657119751e-02
7.037508487701416016e-02
5.455825477838516235e-02
-1.098627969622612000e-02
2.602639608085155487e-02
7.424634695053100586e-02
3.304261341691017151e-02
-2.748466469347476959e-02
9.077361226081848145e-02
-2.115899138152599335e-02
1.185395568609237671e-02
-5.232717841863632202e-02
-1.839853376150131226e-01
-1.279424875974655151e-01
-3.021763265132904053e-02
-7.505653798580169678e-02
2.098334487527608871e-03
-6.061737611889839172e-02
-7.560100406408309937e-02
2.594343014061450958e-02
-3.386297076940536499e-02
-3.437051549553871155e-02
-1.916181528940796852e-03
-2.233934029936790466e-02
1.244488731026649475e-02
9.488139185123145580e-04
3.953640908002853394e-02
-8.002580702304840088e-02
-7.927547208964824677e-03
-8.804309368133544922e-02
-1.461223214864730835e-01
-1.349071562290191650e-01
-5.034385249018669128e-02
-2.785366959869861603e-02
1.748052239418029785e-02
-1.043978184461593628e-01
-1.072979643940925598e-01
-1.279963739216327667e-02
-2.758362330496311188e-02
-5.009022075682878494e-03
-5.427263211458921432e-03
5.859818309545516968e-02
-4.088042676448822021e-02
-1.020240634679794312e-01
5.476250872015953064e-02
1.120789945125579834e-01
1.388427764177322388e-01
-1.752636395394802094e-02
-3.941046819090843201e-02
1.817010343074798584e-02
-1.201417017728090286e-02
-8.950578421354293823e-02
8.948408067226409912e-03
-1.736726611852645874e-02
1.302376313105924055e-05
2.864540368318557739e-02
3.940960764884948730e-02
-1.005651522427797318e-02
5.490764975547790527e-02
-4.750700667500495911e-02
-1.248973309993743896e-01
-1.614091172814369202e-02
3.703967109322547913e-02
3.964143991470336914e-02
6.030091643333435059e-02
2.203634567558765411e-02
6.891679763793945312e-02
3.719348460435867310e-02
-6.432844698429107666e-02
-9.245249629020690918e-02
-2.435908466577529907e-02
1.778222993016242981e-02
8.895906805992126465e-02
1.775233540683984756e-03
1.160460803657770157e-02
4.703274741768836975e-02
-3.262875601649284363e-02
-6.809885054826736450e-02
-2.468099072575569153e-02
1.567333377897739410e-02
8.133954554796218872e-02
5.969830602407455444e-02
4.348985105752944946e-02
7.233881205320358276e-02
4.686198383569717407e-02
6.275017559528350830e-02
-5.098075792193412781e-02
-8.998977392911911011e-02
-2.303300611674785614e-02
-1.393720880150794983e-02
-5.746176838874816895e-02
-7.307591289281845093e-02
7.600971963256597519e-03
-1.482723280787467957e-02
-1.134562790393829346e-01
6.043959781527519226e-02
-4.033964127302169800e-02
-7.196915894746780396e-02
1.150384079664945602e-02
7.972199469804763794e-03
1.241538673639297485e-01
-8.139511570334434509e-03
3.033158369362354279e-02
1.343518048524856567e-01
2.659955434501171112e-02
7.436908036470413208e-02
1.644560396671295166e-01
-1.902804523706436157e-02
3.784360596910119057e-03
4.845288395881652832e-02
6.150019913911819458e-02
7.858397811651229858e-02
9.690964221954345703e-02
1.166931912302970886e-02
3.609050065279006958e-02
-7.929072307888418436e-05
6.713382154703140259e-02
1.044681761413812637e-02
-1.611084640026092529e-01
2.518271654844284058e-02
8.553712815046310425e-02
-2.050276845693588257e-02
-1.692935079336166382e-01
-5.050865933299064636e-02
-1.107866875827312469e-02
-6.606658548116683960e-02
-9.054152667522430420e-02
-7.417523115873336792e-02
-6.590326130390167236e-02
-1.621286198496818542e-02
-7.151465117931365967e-02
-1.309031969867646694e-03
1.663448847830295563e-02
-2.818812616169452667e-02
5.116714164614677429e-02
1.413157433271408081e-01
1.694084331393241882e-02
2.481285668909549713e-02
8.319192379713058472e-02
3.648489341139793396e-02
9.034283459186553955e-02
7.079149782657623291e-02
5.621103569865226746e-03
5.433278530836105347e-02
-3.038158826529979706e-02
9.879427030682563782e-03
-2.887918800115585327e-02
-1.209231019020080566e-01
-1.527001559734344482e-01
2.032244764268398285e-02
1.755332760512828827e-02
-8.148527145385742188e-02
1.081568095833063126e-02
2.541977167129516602e-02
-8.559438399970531464e-03
-6.872395426034927368e-02
-1.856492310762405396e-01
-1.268482357263565063e-01
-1.018091216683387756e-01
-9.541393816471099854e-02
-1.480311304330825806e-01
1.062295120209455490e-02
1.763087324798107147e-02
7.380077242851257324e-02
8.922372944653034210e-03
1.538556348532438278e-02
-1.064577046781778336e-02
3.333485685288906097e-03
-2.272508479654788971e-02
1.412997022271156311e-02
-1.432818640023469925e-02
-1.415422558784484863e-02
-6.020981445908546448e-02
-5.947098881006240845e-02
7.277762051671743393e-03
-1.988172158598899841e-02
-4.747318103909492493e-02
-3.261975478380918503e-03
2.300202287733554840e-02
-3.205094113945960999e-02
-2.616285905241966248e-02
1.693594455718994141e-02
-7.488083839416503906e-02
-1.494511514902114868e-01
-3.690622746944427490e-02
-4.260845482349395752e-02
-8.524737507104873657e-02
-8.806931227445602417e-02
7.743761688470840454e-02
1.104250326752662659e-01
1.298046708106994629e-01
6.968273781239986420e-03
1.590177714824676514e-01
8.044859021902084351e-02
1.020237337797880173e-02
2.773962914943695068e-02
5.823931470513343811e-02
3.641964867711067200e-02
4.616377130150794983e-02
9.096082299947738647e-02
-3.632219741120934486e-03
1.249490585178136826e-02
-2.264827257022261620e-03
6.153319031000137329e-02
1.069395318627357483e-01
6.561252288520336151e-03
-6.849178671836853027e-02
-5.806929618120193481e-02
-8.998393081128597260e-03
-1.449899822473526001e-01
2.824750542640686035e-02
1.927774585783481598e-02
-3.179168328642845154e-02
-1.703236019238829613e-03
6.313833594322204590e-02
-2.110547125339508057e-01
-2.194894701242446899e-01
-2.037684321403503418e-01
-2.452366501092910767e-01
-2.574665546417236328e-01
-2.351970225572586060e-01
-1.734679788351058960e-01
-2.150026261806488037e-01
-2.421718984842300415e-01
-1.248249337077140808e-01
-5.502298101782798767e-02
3.354664146900177002e-02
4.105541110038757324e-02
1.179404407739639282e-01
8.668033778667449951e-02
7.766674458980560303e-02
-3.358897753059864044e-03
-9.568899869918823242e-03
-1.800650171935558319e-02
1.583162397146224976e-01
1.590286195278167725e-01
-2.423631958663463593e-02
-4.540503397583961487e-02
-2.792882546782493591e-02
-1.091987490653991699e-01
-2.687994539737701416e-01
-1.973894089460372925e-01
3.873917087912559509e-02
7.208272814750671387e-02
4.935414530336856842e-03
-1.913489960134029388e-02
-4.179662838578224182e-02
-8.356834203004837036e-02
-4.216526076197624207e-02
1.486019417643547058e-02
-3.274688497185707092e-02
1.651185452938079834e-01
3.175376728177070618e-02
-9.203645586967468262e-02
3.753152862191200256e-02
2.235922962427139282e-02
3.638685867190361023e-02
-7.788366079330444336e-02
-1.144731976091861725e-02
-5.752332136034965515e-02
-6.899442523717880249e-02
-8.288718760013580322e-02
-5.506630241870880127e-02
-8.412917703390121460e-02
-6.964325904846191406e-02
-7.760638836771249771e-03
-7.889035344123840332e-02
-6.615728884935379028e-02
3.174705058336257935e-02
-8.241476863622665405e-02
-5.296002328395843506e-02
-2.882260456681251526e-02
2.876426093280315399e-02
-2.749625593423843384e-02
-6.372801214456558228e-02
1.293602734804153442e-01
2.294595092535018921e-01
1.594822406768798828e-01
-8.516115136444568634e-03
-4.514336585998535156e-02
-1.041096672415733337e-01
6.940111517906188965e-03
6.042409688234329224e-02
1.014795675873756409e-01
3.659830614924430847e-02
4.965427145361900330e-02
1.217715591192245483e-01
5.736290663480758667e-02
-1.560299564152956009e-02
-1.207362674176692963e-02
7.696967571973800659e-03
-6.494017690420150757e-02
-1.804518513381481171e-02
-4.105784371495246887e-02
-6.161313503980636597e-02
7.184122502803802490e-02
-6.670687347650527954e-03
3.609788417816162109e-02
-1.174523215740919113e-02
-3.838625270873308182e-03
1.543280333280563354e-01
5.570811033248901367e-02
-4.951680451631546021e-02
-6.688684970140457153e-02
-5.890892818570137024e-02
3.571102395653724670e-02
7.292205095291137695e-02
9.366656839847564697e-02
-2.414520643651485443e-02
-3.492466360330581665e-02
-1.045969594269990921e-02
8.006761968135833740e-02
8.098439127206802368e-02
1.218717638403177261e-02
-2.437835372984409332e-02
-3.931475430727005005e-02
7.891862653195858002e-03
-1.866600126959383488e-03
-7.930206507444381714e-02
-3.275232017040252686e-02
1.483261734247207642e-01
1.233741939067840576e-01
-4.648389667272567749e-02
1.236705183982849121e-01
1.220981404185295105e-01
1.090125143527984619e-01
3.830421343445777893e-02
-2.362395450472831726e-02
-5.698096379637718201e-02
-6.467849016189575195e-02
-1.067132875323295593e-01
-9.025321900844573975e-02
-8.967240899801254272e-02
-1.883429586887359619e-01
-1.532503515481948853e-01
4.076129198074340820e-02
-9.791305288672447205e-03
-2.388247475028038025e-02
1.240896955132484436e-01
7.058143615722656250e-02
1.726787351071834564e-02
1.344838738441467285e-01
1.963869333267211914e-01
1.751346737146377563e-01
-5.084007978439331055e-02
-4.627250134944915771e-02
-5.402484908699989319e-02
-1.371672153472900391e-01
-2.554818391799926758e-01
-1.290664523839950562e-01
-4.616155475378036499e-02
8.883770555257797241e-03
4.179491475224494934e-02
2.581004798412322998e-02
-9.875608235597610474e-02
7.322432007640600204e-03
2.974721603095531464e-02
-7.889157533645629883e-02
-7.464513927698135376e-02
-4.574764892458915710e-02
-1.911344751715660095e-02
7.242536172270774841e-03
-7.963072508573532104e-02
-4.763538762927055359e-02
1.177708618342876434e-02
-8.455669507384300232e-03
5.325493589043617249e-02
-3.256645798683166504e-02
-1.098779514431953430e-01
-1.250020712614059448e-01
-1.090881824493408203e-01
1.901030167937278748e-02
1.394698768854141235e-01
9.549236297607421875e-02
1.735659837722778320e-01
2.187893241643905640e-01
1.031857207417488098e-01
-3.544889762997627258e-02
-1.032512933015823364e-01
-3.041853010654449463e-02
3.103833459317684174e-02
-2.283875457942485809e-02
-3.335456922650337219e-02
1.332524418830871582e-01
1.731465905904769897e-01
1.762133836746215820e-01
-4.838297516107559204e-02
-1.109795197844505310e-01
3.614240512251853943e-02
1.015380918979644775e-01
6.591462530195713043e-03
3.177874535322189331e-02
1.708804070949554443e-01
5.611862242221832275e-02
-2.750859409570693970e-02
-1.359178422717377543e-04
-5.525748431682586670e-02
-9.796828776597976685e-02
-1.408962253481149673e-02
-3.591712564229965210e-02
-6.837538629770278931e-02
-5.804501846432685852e-02
2.449494414031505585e-02
-1.771377399563789368e-02
9.549837559461593628e-02
8.896423876285552979e-02
1.574204266071319580e-01
-1.053019240498542786e-01
-8.384923636913299561e-02
-2.854970283806324005e-02
-1.074577048420906067e-01
-3.376413509249687195e-02
-6.428208202123641968e-02
1.867417804896831512e-02
5.483812093734741211e-02
-2.108117565512657166e-02
5.194164812564849854e-02
1.250827461481094360e-01
2.710138075053691864e-02
-7.258614897727966309e-02
-1.370148174464702606e-02
1.890724338591098785e-02
-9.855946153402328491e-02
-1.367507278919219971e-01
-1.799288392066955566e-02
-2.990144491195678711e-02
-5.959435924887657166e-02
-1.832666806876659393e-02
-2.335123158991336823e-02
1.283466629683971405e-02
-9.129515290260314941e-02
3.569624153897166252e-03
-1.061405614018440247e-02
8.625057525932788849e-03
-3.796682506799697876e-02
-4.505442082881927490e-02
-1.838848553597927094e-02
-2.529955282807350159e-02
4.275113344192504883e-02
3.224528860300779343e-03
-6.968372315168380737e-02
-1.004742607474327087e-01
-1.171204596757888794e-01
-3.969578072428703308e-02
-5.403842777013778687e-02
-1.077522635459899902e-01
3.436071053147315979e-02
-8.218448609113693237e-03
-5.897037312388420105e-02
9.929366409778594971e-02
1.394406557083129883e-01
8.232045918703079224e-02
5.744116846472024918e-03
-5.059470608830451965e-02
-8.589324355125427246e-02
-6.264068931341171265e-02
-7.496254146099090576e-02
-8.553303778171539307e-02
-3.044756129384040833e-02
8.758370764553546906e-03
6.673492491245269775e-02
2.956744283437728882e-02
9.157045930624008179e-02
5.593960359692573547e-02
1.080065891146659851e-01
-5.188391730189323425e-02
-1.148146484047174454e-02
-5.385623127222061157e-02
-7.857996970415115356e-02
-9.277135878801345825e-02
4.335400648415088654e-03
1.045230552554130554e-01
-1.448482461273670197e-02
-3.432164341211318970e-02
-8.076295256614685059e-02
9.468332282267510891e-04
-1.049331054091453552e-01
-1.362528353929519653e-01
-1.923976838588714600e-01
1.171602159738540649e-01
6.919256597757339478e-02
3.590374812483787537e-02
9.919647872447967529e-02
1.301039159297943115e-01
1.719953864812850952e-01
-1.201795972883701324e-02
-7.085374742746353149e-02
-1.175906807184219360e-01
-4.397643357515335083e-02
-6.694760918617248535e-02
-8.923212438821792603e-02
8.576551824808120728e-02
4.457879066467285156e-02
-2.165537141263484955e-02
-3.705865889787673950e-02
-1.093215569853782654e-01
4.521712195128202438e-03
-1.605758816003799438e-02
4.700852930545806885e-02
9.037312120199203491e-02
6.405401229858398438e-02
7.225138694047927856e-02
-1.466943137347698212e-02
-1.709963311441242695e-03
3.253732994198799133e-02
7.655151188373565674e-02
9.396672248840332031e-02
1.305588185787200928e-01
4.356915503740310669e-02
-5.091109871864318848e-02
-1.094720587134361267e-01
-1.697718799114227295e-01
-5.612581595778465271e-02
6.615945696830749512e-02
3.294558450579643250e-02
2.584403939545154572e-02
7.462441176176071167e-02
2.295772731304168701e-02
1.074145920574665070e-02
-6.684206426143646240e-02
-5.061054229736328125e-02
-2.086794003844261169e-02
5.658142268657684326e-02
1.341886352747678757e-02
-5.564410239458084106e-02
1.949395053088665009e-02
1.924373395740985870e-02
-1.984409987926483154e-02
9.152524918317794800e-02
5.389690771698951721e-02
-7.150149438530206680e-03
-8.236540853977203369e-02
-1.231986135244369507e-01
-3.981537744402885437e-02
-1.555644720792770386e-02
-1.384490286000072956e-03
-5.584912374615669250e-02
2.681089378893375397e-02
-1.559431757777929306e-02
-2.063275873661041260e-02
4.298507049679756165e-02
-1.806524768471717834e-02
-9.293694049119949341e-02
3.264436963945627213e-03
-1.741885580122470856e-02
5.639471579343080521e-03
-7.255142554640769958e-03
-7.308553159236907959e-02
-2.605401352047920227e-02
-8.181118220090866089e-02
-4.617424309253692627e-02
6.493008136749267578e-02
-7.615166902542114258e-02
-1.122212335467338562e-01
-2.342869527637958527e-03
-3.784819971770048141e-03
1.457394752651453018e-02
-1.989471912384033203e-02
1.316244248300790787e-02
-5.281871929764747620e-02
-2.987582981586456299e-02
-5.452706664800643921e-02
-2.190949954092502594e-02
6.013962998986244202e-02
1.218210253864526749e-02
-8.054995536804199219e-02
-8.416502922773361206e-02
1.516392081975936890e-02
2.632187679409980774e-02
-3.798247314989566803e-03
5.269785225391387939e-02
4.066619649529457092e-02
2.188520878553390503e-02
2.862447500228881836e-02
3.174513578414916992e-02
-7.389700040221214294e-03
7.011783123016357422e-02
4.429059848189353943e-02
-3.380505368113517761e-02
1.098175346851348877e-02
-2.549637295305728912e-02
-8.583570271730422974e-02
-1.486128270626068115e-01
-2.217765897512435913e-02
-3.685462847352027893e-02
-2.692510746419429779e-02
-3.630549833178520203e-02
-2.953990735113620758e-02
-5.848138779401779175e-02
-2.593331225216388702e-02
-4.379995152703486383e-05
1.306234975345432758e-03
-2.768672071397304535e-02
3.585390374064445496e-02
-2.933912165462970734e-02
-7.926660031080245972e-02
-1.697098719887435436e-03
-3.521681576967239380e-02
5.797028914093971252e-02
2.247406728565692902e-02
-3.338572382926940918e-02
-3.881806880235671997e-02
-2.126630954444408417e-02
-1.216180920600891113e-01
-5.102681368589401245e-02
4.997857660055160522e-02
1.265948861837387085e-01
1.096354871988296509e-01
8.400095999240875244e-02
8.398472517728805542e-02
-6.566313654184341431e-02
-3.482897579669952393e-02
-2.651274576783180237e-02
-1.230856105685234070e-01
-1.539380550384521484e-01
-2.496775686740875244e-01
-1.764029413461685181e-01
-1.076461523771286011e-01
-4.771360382437705994e-02
1.626599580049514771e-02
-2.711402066051959991e-02
7.643066346645355225e-04
5.694772582501173019e-03
6.429022178053855896e-03
2.168660797178745270e-02
6.797764450311660767e-02
-3.700359910726547241e-02
-3.958657756447792053e-02
9.605227038264274597e-03
1.112514548003673553e-02
1.172717139124870300e-01
1.268039643764495850e-01
4.085884988307952881e-02
1.388819813728332520e-01
9.424475580453872681e-02
6.373219192028045654e-02
7.567057013511657715e-02
7.727697491645812988e-02
-5.911069735884666443e-02
-6.414739787578582764e-02
2.712062932550907135e-02
-1.187114641070365906e-01
2.560104615986347198e-02
1.363415420055389404e-01
-1.349873282015323639e-02
1.153967604041099548e-01
8.002278953790664673e-02
-7.577312178909778595e-03
-4.919038712978363037e-02
-1.842794194817543030e-02
-1.808005012571811676e-02
1.017248909920454025e-02
-2.719419263303279877e-02
9.120805189013481140e-03
1.537643745541572571e-02
-9.498010575771331787e-02
-3.418389707803726196e-02
8.792668581008911133e-02
1.906736008822917938e-02
1.082027330994606018e-01
1.275140941143035889e-01
-9.095477312803268433e-02
6.225369498133659363e-02
-7.624398171901702881e-02
2.505184151232242584e-03
4.831673949956893921e-02
1.062448602169752121e-02
-9.400388225913047791e-03
-8.197285979986190796e-02
1.278282515704631805e-02
-1.279078889638185501e-03
5.370299890637397766e-02
-1.860758103430271149e-02
-5.819758027791976929e-02
4.924321174621582031e-02
-5.163304880261421204e-02
1.507589011453092098e-03
4.225173965096473694e-02
8.847166597843170166e-02
9.584995917975902557e-03
3.345870599150657654e-02
7.761740684509277344e-02
2.137283794581890106e-03
5.469036288559436798e-03
-4.110893234610557556e-02
-8.445435087196528912e-04
-1.153048798441886902e-01
-8.025213330984115601e-02
1.478750072419643402e-02
-3.515926003456115723e-02
2.749818144366145134e-03
7.813963294029235840e-02
-8.744488470256328583e-03
1.329401433467864990e-01
4.734225943684577942e-02
2.278582453727722168e-01
4.632265865802764893e-01
1.563656479120254517e-01
5.456192046403884888e-02
6.077170744538307190e-02
-1.567215621471405029e-01
1.972835324704647064e-02
-5.725089926272630692e-03
4.149181768298149109e-02
3.942127525806427002e-02
-7.317977398633956909e-02
1.019459404051303864e-02
-5.674222856760025024e-02
-7.581339031457901001e-02
1.647747587412595749e-03
6.930708885192871094e-02
3.854297474026679993e-02
1.109443157911300659e-01
1.055959090590476990e-01
1.331180930137634277e-01
1.106303930282592773e-02
6.013107299804687500e-02
-4.328803718090057373e-02
-1.398894637823104858e-01
-7.420600205659866333e-02
-4.544968251138925552e-03
-3.638197109103202820e-02
5.477033928036689758e-02
7.238145917654037476e-02
1.857513748109340668e-02
2.012410946190357208e-02
7.987776771187782288e-03
-5.492076650261878967e-02
-7.985873147845268250e-03
1.141501218080520630e-01
6.825004518032073975e-02
8.163110911846160889e-02
1.246102005243301392e-01
-4.624516516923904419e-02
-1.097795553505420685e-02
-5.737660452723503113e-02
-1.881591603159904480e-02
2.835501544177532196e-02
-9.138357639312744141e-02
-9.695794433355331421e-02
3.426657989621162415e-02
-8.333885669708251953e-02
1.227587461471557617e-02
-1.453383173793554306e-02
-4.944800864905118942e-03
-1.072689052671194077e-02
-1.209924928843975067e-02
2.192760119214653969e-03
-6.304057687520980835e-02
8.651293069124221802e-02
1.133314743638038635e-01
-4.193168133497238159e-02
8.141417056322097778e-02
7.566864043474197388e-02
3.810270130634307861e-02
-5.275931954383850098e-02
-9.571978449821472168e-02
-6.412327056750655174e-04
-3.012940101325511932e-02
-1.651712357997894287e-01
-5.473634600639343262e-02
-1.863125339150428772e-02
6.552279461175203323e-03
-4.904820397496223450e-02
1.974896714091300964e-02
-6.207598373293876648e-02
-7.456692308187484741e-02
-2.881976589560508728e-02
-3.456421941518783569e-02
2.002382092177867889e-02
-6.272864341735839844e-02
-4.144594445824623108e-02
3.332511521875858307e-03
2.094377018511295319e-02
4.243091493844985962e-02
2.308891154825687408e-03
3.000315278768539429e-02
1.023426204919815063e-01
3.868015110492706299e-02
-1.152519136667251587e-02
-6.872508674860000610e-02
-1.279010176658630371e-01
8.406548947095870972e-02
6.158625334501266479e-02
7.882229983806610107e-02
1.012582331895828247e-01
1.806702464818954468e-01
7.767376303672790527e-02
6.371435243636369705e-03
-1.023503579199314117e-02
-8.186788111925125122e-02
2.623189054429531097e-02
-3.505343192955479026e-05
3.036973066627979279e-02
3.252097219228744507e-02
-3.465337678790092468e-02
6.336997449398040771e-02
-2.613347023725509644e-02
-2.341333590447902679e-02
6.609921809285879135e-03
-4.850995913147926331e-02
-6.316475104540586472e-03
-5.360681191086769104e-02
-4.643827304244041443e-02
-1.004912033677101135e-01
-1.256111115217208862e-01
1.508679986000061035e-01
-6.136622279882431030e-02
-2.699458412826061249e-02
-8.972360193729400635e-02
-2.057632058858871460e-02
-5.081659555435180664e-02
-1.910841092467308044e-02
2.411796152591705322e-01
4.405686259269714355e-02
-3.015383146703243256e-03
2.283029109239578247e-01
4.581072553992271423e-02
5.023654177784919739e-02
8.449421077966690063e-02
6.133067980408668518e-02
3.203175589442253113e-02
4.555017501115798950e-02
2.320194058120250702e-02
1.500800345093011856e-02
3.851775079965591431e-02
-4.349439591169357300e-02
7.684166729450225830e-02
-1.235749945044517517e-02
-7.823425531387329102e-02
1.504732519388198853e-01
1.637466400861740112e-01
-4.233468696475028992e-02
1.055371016263961792e-01
2.602533102035522461e-01
6.392665207386016846e-02
-1.563986390829086304e-02
-1.786055974662303925e-02
5.504610482603311539e-03
-3.568238392472267151e-02
-5.667779967188835144e-02
-2.323286607861518860e-02
3.311255946755409241e-02
-7.690028846263885498e-02
-5.495854187756776810e-03
6.484048068523406982e-02
-6.535634398460388184e-02
3.108526393771171570e-02
1.124327480792999268e-01
2.778220921754837036e-02
2.788417972624301910e-02
4.884321615099906921e-02
1.204842105507850647e-01
-9.720740839838981628e-03
-4.038871452212333679e-02
-5.484364926815032959e-02
5.959859117865562439e-02
-2.774298889562487602e-03
5.062767118215560913e-02
6.026560440659523010e-02
-6.375327706336975098e-02
2.677643671631813049e-02
3.209982067346572876e-02
-1.481631770730018616e-02
8.683760464191436768e-02
-8.396520465612411499e-02
-1.317002531141042709e-02
7.702054083347320557e-02
-7.614640146493911743e-02
-3.702024742960929871e-02
4.020204022526741028e-02
2.165146544575691223e-02
1.184612065553665161e-01
-2.674133889377117157e-02
-3.907768055796623230e-02
5.808928608894348145e-02
-1.560835987329483032e-01
-7.148375362157821655e-02
4.401673376560211182e-02
-1.030306890606880188e-01
-1.030444130301475525e-01
-1.371299289166927338e-02
-2.447104640305042267e-02
-8.762990683317184448e-02
-5.463135242462158203e-02
1.165244504809379578e-01
1.794308796525001526e-02
-1.908372156322002411e-02
1.217987984418869019e-01
4.680645465850830078e-02
-7.886707782745361328e-03
-4.029800370335578918e-02
4.008882120251655579e-02
-1.851359754800796509e-02
4.166027158498764038e-02
9.047277271747589111e-02
8.563070441596210003e-04
4.443616420030593872e-02
-4.446529597043991089e-02
1.069806292653083801e-01
-2.374871820211410522e-02
-1.899119699373841286e-03
7.146758586168289185e-02
4.539925605058670044e-02
1.256791204214096069e-01
-1.281168311834335327e-01
-1.196017488837242126e-02
7.713971287012100220e-02
2.134493552148342133e-02
-7.468410185538232327e-04
-1.042168736457824707e-01
-2.137348614633083344e-02
6.398479640483856201e-02
-2.427702769637107849e-02
3.966324403882026672e-02
8.371724188327789307e-02
1.521515566855669022e-02
-1.416569948196411133e-01
3.020794875919818878e-02
2.059071511030197144e-02
-1.047355011105537415e-01
1.430756896734237671e-01
9.572736173868179321e-02
-5.211502313613891602e-02
8.047559857368469238e-02
1.367144659161567688e-02
-5.307528376579284668e-02
-2.282836474478244781e-02
-5.544184148311614990e-02
4.927122220396995544e-02
8.420109003782272339e-02
-6.327069550752639771e-02
-1.715223863720893860e-02
1.032499670982360840e-01
-8.775892853736877441e-02
1.311906846240162849e-03
1.225711870938539505e-02
5.964914336800575256e-03
-1.341775245964527130e-02
-3.205112414434552193e-03
1.686399132013320923e-01
8.344170637428760529e-03
-4.128513112664222717e-02
7.762156426906585693e-02
-7.337987888604402542e-03
-2.565567754209041595e-02
-6.342853885143995285e-03
-2.369233965873718262e-02
-7.107722759246826172e-02
2.356056310236454010e-02
-7.813454139977693558e-04
-3.606269508600234985e-02
6.618349999189376831e-02
-7.261863350868225098e-02
-7.021674513816833496e-02
-7.490457594394683838e-02
-2.746766433119773865e-02
-1.099956855177879333e-01
-1.413035094738006592e-01
-6.601919233798980713e-02
5.483196303248405457e-02
-2.711301483213901520e-02
7.920203357934951782e-02
-2.939933165907859802e-02
-1.433501690626144409e-01
4.526625201106071472e-02
-2.927199006080627441e-02
-4.330994933843612671e-02
-3.191485628485679626e-02
-6.890287995338439941e-02
-4.347670823335647583e-02
-1.206815615296363831e-02
3.030637465417385101e-02
1.834485679864883423e-02
-4.508324339985847473e-02
-3.771255165338516235e-02
-6.763797998428344727e-02
-4.686515033245086670e-02
1.608187891542911530e-02
-2.432335726916790009e-02
-1.019983664155006409e-01
3.101242333650588989e-02
-2.723092027008533478e-02
1.103062555193901062e-01
6.739665567874908447e-02
1.504352112533524632e-04
8.587446808815002441e-02
-1.009677164256572723e-02
-4.136000573635101318e-02
-7.322789728641510010e-02
-6.492839008569717407e-02
7.617285847663879395e-02
2.488406188786029816e-02
-1.160894259810447693e-01
-6.246974691748619080e-02
3.921457007527351379e-02
-6.410586088895797729e-02
-4.777722060680389404e-02
-9.807348251342773438e-03
-1.053026542067527771e-01
5.133916810154914856e-02
-1.195803377777338028e-02
-9.206217527389526367e-02
1.928466185927391052e-02
-8.473035693168640137e-02
-1.402457803487777710e-01
-1.154560362920165062e-03
-2.554565668106079102e-02
-1.741435676813125610e-01
6.805543601512908936e-02
-4.821777343750000000e-02
-2.771933376789093018e-01
7.741840928792953491e-02
2.306651091203093529e-03
-2.543027400970458984e-01
3.662811964750289917e-02
6.072213873267173767e-02
6.272994913160800934e-03
6.732779438607394695e-04
8.871334046125411987e-02
3.031377494335174561e-02
2.945764176547527313e-02
5.365547910332679749e-02
-8.271651342511177063e-03
-7.737218588590621948e-02
-5.223866086453199387e-03
-1.202621236443519592e-01
-3.760166093707084656e-02
1.339140385389328003e-01
-6.439968198537826538e-02
7.762946188449859619e-02
-2.094615623354911804e-02
-1.114947199821472168e-01
-6.406538933515548706e-02
5.382262915372848511e-02
7.042683660984039307e-02
8.543731272220611572e-02
-5.704998970031738281e-02
-7.638206589035689831e-04
-4.562510643154382706e-03
3.067546151578426361e-02
-9.811723977327346802e-02
-7.206823676824569702e-02
1.646858989261090755e-03
5.058200657367706299e-02
-5.407485365867614746e-02
1.915912143886089325e-02
4.372780397534370422e-02
2.074135094881057739e-02
7.148318737745285034e-02
3.336267545819282532e-02
7.482406497001647949e-02
1.094255074858665466e-01
1.160460934042930603e-01
8.122628927230834961e-02
-8.729994297027587891e-03
4.134427756071090698e-02
1.167311742901802063e-01
3.267431259155273438e-02
5.914997681975364685e-02
3.614540025591850281e-02
-1.400189660489559174e-02
-7.964111864566802979e-02
2.275775186717510223e-02
2.478662505745887756e-02
-5.822932720184326172e-02
1.380121568217873573e-03
-4.266099631786346436e-02
-9.136064350605010986e-02
2.575179375708103180e-02
2.465506084263324738e-02
-2.394098043441772461e-02
-6.592882424592971802e-02
3.378790989518165588e-02
-3.906600549817085266e-02
-1.688400655984878540e-02
-2.039392292499542236e-02
-2.856992743909358978e-02
2.101024053990840912e-02
1.119077391922473907e-02
-8.719003200531005859e-02
5.357638373970985413e-02
6.467192620038986206e-02
-2.047109156847000122e-01
1.061989963054656982e-01
6.142932921648025513e-02
-1.783858835697174072e-01
4.471177235245704651e-02
4.264082014560699463e-02
-1.111233532428741455e-01
-7.826779782772064209e-02
-2.863350324332714081e-03
-7.228468358516693115e-02
-5.175313353538513184e-02
-5.954083520919084549e-03
2.287619188427925110e-02
3.591698780655860901e-02
9.395245462656021118e-03
-1.595667377114295959e-02
-6.223967671394348145e-02
3.791402652859687805e-02
-3.978725522756576538e-02
-3.031851164996623993e-02
-2.278132922947406769e-02
-4.909536242485046387e-02
-4.933073744177818298e-02
-7.641122490167617798e-02
7.168192416429519653e-02
5.050427839159965515e-02
-4.273436218500137329e-02
7.184278964996337891e-02
1.633046716451644897e-01
-7.214681245386600494e-03
-1.337702665477991104e-02
3.152773901820182800e-02
-1.060044672340154648e-02
-1.151666939258575439e-01
-9.739360213279724121e-02
6.598550826311111450e-02
-5.102430004626512527e-03
-1.133353114128112793e-01
1.509606000036001205e-02
-1.607753708958625793e-02
-8.922347798943519592e-03
7.878198474645614624e-02
3.850176185369491577e-02
1.484929956495761871e-02
6.739400327205657959e-02
8.267219364643096924e-02
-5.995620158500969410e-04
1.525538321584463120e-02
4.040874168276786804e-02
2.380403131246566772e-02
2.295357547700405121e-02
2.122535184025764465e-02
6.885913666337728500e-03
7.669418305158615112e-02
-9.051296859979629517e-02
-6.044375151395797729e-02
6.287421286106109619e-02
-5.903282389044761658e-02
-1.081346869468688965e-01
2.769517153501510620e-02
-7.421238720417022705e-02
-4.000128805637359619e-02
1.093473285436630249e-01
-1.531563326716423035e-02
-8.015051484107971191e-02
5.947530642151832581e-02
6.833331286907196045e-02
-2.454137802124023438e-02
-2.738665603101253510e-02
-8.162960410118103027e-02
-6.065081804990768433e-02
8.864101953804492950e-03
-1.944749429821968079e-02
-1.073084101080894470e-01
2.271065860986709595e-02
1.946268044412136078e-02
-6.529859453439712524e-02
5.730315577238798141e-03
-4.921264946460723877e-03
-1.586074475198984146e-03
-2.605795674026012421e-02
-1.236121430993080139e-01
-3.251327574253082275e-02
4.139056801795959473e-02
1.530745811760425568e-02
-2.915807440876960754e-02
-1.079963371157646179e-01
-9.872315824031829834e-02
-3.476461023092269897e-02
-9.882254898548126221e-02
1.989655010402202606e-02
4.934837669134140015e-02
-7.301652431488037109e-02
-2.313829958438873291e-02
2.742013707756996155e-02
7.474369555711746216e-02
8.481881022453308105e-02
-8.033365011215209961e-02
1.131883487105369568e-01
1.151910424232482910e-02
-1.343564093112945557e-01
2.995344577357172966e-03
-1.031031310558319092e-01
-1.731772422790527344e-01
-4.373097792267799377e-02
8.706684410572052002e-02
4.993000766262412071e-04
7.126816362142562866e-02
1.023669838905334473e-01
1.490659196861088276e-03
-8.228470571339130402e-03
-2.563229575753211975e-02
-5.277286842465400696e-02
1.551492512226104736e-01
4.703070595860481262e-02
-3.111473843455314636e-02
6.188992410898208618e-02
-3.166419640183448792e-02
-1.356455236673355103e-01
7.898095995187759399e-03
9.461930021643638611e-03
-4.523763805627822876e-02
-3.629952901974320412e-03
-6.344029307365417480e-02
-8.396035991609096527e-03
7.599753141403198242e-02
-1.078306138515472412e-02
-3.732296824455261230e-02
6.674591451883316040e-03
2.028625272214412689e-02
2.164839953184127808e-02
4.413959383964538574e-02
2.672670222818851471e-02
-4.371728748083114624e-02
1.080724895000457764e-01
2.685055509209632874e-02
-2.543232217431068420e-02
4.700940102338790894e-02
-3.221920132637023926e-02
-7.298678159713745117e-03
-1.205047685652971268e-02
1.282498240470886230e-02
1.952010579407215118e-02
3.358524292707443237e-03
1.238337382674217224e-01
5.660827830433845520e-02
4.261083900928497314e-03
8.916758000850677490e-02
6.296892464160919189e-02
-4.604117944836616516e-03
-9.706147946417331696e-03
-4.361065104603767395e-02
5.017169192433357239e-02
4.468330740928649902e-02
4.858744144439697266e-02
8.209698647260665894e-02
7.549899816513061523e-02
7.505328953266143799e-02
6.699700653553009033e-02
2.077904902398586273e-02
2.312962152063846588e-02
1.052483916282653809e-01
8.094474673271179199e-02
2.058176323771476746e-02
5.618119984865188599e-02
1.345747411251068115e-01
8.861995488405227661e-02
3.601030260324478149e-02
3.769604256376624107e-03
2.598548866808414459e-02
1.128748655319213867e-01
9.719207882881164551e-02
-5.610811710357666016e-02
3.969555720686912537e-02
9.474930167198181152e-02
3.680894151329994202e-02
3.640209883451461792e-02
3.064056299626827240e-02
-6.020047515630722046e-02
7.869614660739898682e-02
1.236104890704154968e-01
5.481490120291709900e-02
1.763605885207653046e-02
7.745422888547182083e-03
4.430942237377166748e-02
-3.981652110815048218e-02
-5.524628981947898865e-02
5.734380334615707397e-02
-1.071795225143432617e-01
-1.182981282472610474e-01
3.930447995662689209e-02
-4.031180217862129211e-02
-5.824134871363639832e-02
-2.849782258272171021e-02
-7.355327159166336060e-02
3.055437654256820679e-02
-2.582648582756519318e-02
-6.064333021640777588e-02
4.636176303029060364e-02
1.931317746639251709e-01
-2.672769501805305481e-02
-2.129655890166759491e-02
7.332315295934677124e-02
-1.681272685527801514e-01
3.003007359802722931e-02
1.429176926612854004e-01
-1.612518131732940674e-01
-3.042489103972911835e-02
1.673625409603118896e-01
-1.758257299661636353e-01
-5.437227711081504822e-02
1.995292678475379944e-02
-6.401172280311584473e-02
-1.949000358581542969e-02
-3.814912959933280945e-02
-1.734447330236434937e-01
-1.160778850317001343e-02
3.040407784283161163e-02
-1.000813543796539307e-01
-5.263534933328628540e-02
7.424315065145492554e-02
3.628206253051757812e-02
-1.237438172101974487e-01
-6.624976545572280884e-02
-1.291619706898927689e-02
-1.144709810614585876e-01
-8.093406260013580322e-02
2.813287824392318726e-02
7.414216641336679459e-03
-6.266508996486663818e-02
-4.591098800301551819e-02
3.855939209461212158e-02
3.640494123101234436e-02
-2.455374458804726601e-03
-1.962959766387939453e-02
3.624233603477478027e-02
3.951142728328704834e-02
-1.604452542960643768e-02
-3.428764268755912781e-02
4.447345808148384094e-02
1.537152449600398540e-03
6.441581528633832932e-03
2.711810544133186340e-02
-3.462139144539833069e-02
-5.991373956203460693e-02
1.638104091398417950e-03
-5.591959878802299500e-02
-5.638102442026138306e-02
5.096625164151191711e-02
-2.054687403142452240e-02
-6.643909960985183716e-02
1.164380759000778198e-01
1.612599045038223267e-01
-7.479897141456604004e-02
4.956780374050140381e-02
1.022395640611648560e-01
2.305555157363414764e-02
-3.799946233630180359e-02
-1.833184435963630676e-02
-9.706826508045196533e-02
6.128613650798797607e-02
6.745000928640365601e-02
-2.746004611253738403e-02
1.281372085213661194e-02
-1.435562409460544586e-02
-6.488624960184097290e-02
1.492978818714618683e-02
1.026026252657175064e-02
-6.112944707274436951e-02
-5.911811813712120056e-02
-4.581360891461372375e-02
-2.943612448871135712e-02
1.185010187327861786e-02
2.589591406285762787e-02
1.640192605555057526e-02
-3.776869550347328186e-02
5.625163763761520386e-02
4.054023325443267822e-02
-5.085404589772224426e-02
-1.003803461790084839e-01
-8.845914900302886963e-02
-7.036345079541206360e-03
-6.816432625055313110e-02
-8.354355394840240479e-02
2.143923565745353699e-02
2.852623909711837769e-02
7.245185319334268570e-03
1.146922409534454346e-01
1.063458919525146484e-01
-3.609106317162513733e-02
-8.524051867425441742e-03
4.046054184436798096e-02
4.316026344895362854e-02
-2.083294792100787163e-03
-8.118167519569396973e-02
-2.709576860070228577e-03
-3.492463007569313049e-02
-6.859249435365200043e-03
1.369932889938354492e-01
-2.274481393396854401e-02
5.579265579581260681e-02
1.035263463854789734e-01
8.262629061937332153e-02
1.112541332840919495e-01
1.573669612407684326e-01
6.631468236446380615e-02
1.243315562605857849e-01
1.158303245902061462e-01
-1.918387599289417267e-02
8.803292177617549896e-03
5.993656069040298462e-02
5.584751069545745850e-02
1.369682997465133667e-01
6.491367518901824951e-02
1.008608713746070862e-01
1.894841939210891724e-01
8.932313323020935059e-02
-2.586038084700703621e-03
9.015382081270217896e-02
8.082558959722518921e-02
-2.349873306229710579e-03
6.463324651122093201e-03
-8.894872665405273438e-02
9.226103127002716064e-02
-1.308394968509674072e-02
-1.150362342596054077e-01
3.135230764746665955e-02
7.299589365720748901e-02
-8.476316183805465698e-02
1.215717196464538574e-02
2.643495798110961914e-02
4.978774115443229675e-02
-4.489729925990104675e-02
-2.295690029859542847e-02
1.219990924000740051e-01
1.312953326851129532e-02
8.624766767024993896e-02
1.868448406457901001e-01
-5.292876437306404114e-02
-5.645588785409927368e-02
-1.445455569773912430e-02
-7.921142876148223877e-02
-4.802127927541732788e-02
1.651129499077796936e-02
-3.692376986145973206e-02
7.300349324941635132e-02
4.697307199239730835e-02
7.240314036607742310e-02
-1.712633296847343445e-02
2.985012345016002655e-02
4.472985118627548218e-02
7.027179747819900513e-02
1.545163393020629883e-01
-1.201249007135629654e-02
3.217592835426330566e-02
1.525246351957321167e-01
1.606047339737415314e-02
6.077738478779792786e-02
9.208198636770248413e-03
7.451061904430389404e-02
1.096889469772577286e-02
-6.684823334217071533e-02
9.267904609441757202e-02
4.469274729490280151e-02
9.164918214082717896e-02
-1.311292946338653564e-01
-2.070943415164947510e-01
-1.158021762967109680e-01
-8.064959198236465454e-02
-1.681617498397827148e-01
-3.576019033789634705e-02
-5.138282477855682373e-02
-6.857430934906005859e-02
-2.026948146522045135e-02
-4.951370134949684143e-02
2.098847471643239260e-04
3.863421268761157990e-03
-1.825631596148014069e-02
-9.695334732532501221e-02
-1.381929069757461548e-01
2.863418124616146088e-02
-8.618296682834625244e-02
-4.521490260958671570e-02
-1.261242330074310303e-01
-4.197001084685325623e-02
4.410829022526741028e-02
-1.314917653799057007e-01
-1.089290753006935120e-01
1.328118890523910522e-01
-1.099865958094596863e-01
-4.705474525690078735e-02
1.119056195020675659e-01
6.483615189790725708e-02
-5.254194885492324829e-02
-7.784301787614822388e-02
2.750342711806297302e-02
-3.879779949784278870e-02
-7.420009374618530273e-02
-6.417363882064819336e-02
-4.541338235139846802e-02
-1.212360858917236328e-01
-6.654612720012664795e-02
-3.220586478710174561e-02
4.954114928841590881e-02
-9.394943714141845703e-02
-4.498481750488281250e-02
5.698359571397304535e-03
-2.014816738665103912e-02
6.318147294223308563e-03
1.151453424245119095e-02
9.799659252166748047e-02
8.333785086870193481e-02
2.585339592769742012e-03
3.088754415512084961e-02
6.621310859918594360e-02
1.250194758176803589e-02
-1.828965544700622559e-02
-3.101748973131179810e-02
-8.197189122438430786e-02
5.229151621460914612e-02
9.505452215671539307e-02
4.886364936828613281e-02
-3.253860026597976685e-02
3.539534285664558411e-02
2.624842897057533264e-02
-2.802675589919090271e-02
6.886167824268341064e-02
1.996595039963722229e-02
5.111427977681159973e-02
1.160282120108604431e-01
-3.768099471926689148e-03
4.233983531594276428e-02
1.719443127512931824e-02
-3.099389560520648956e-02
7.511539384722709656e-03
1.009468641132116318e-02
9.899303317070007324e-03
1.108453050255775452e-01
1.340642757713794708e-02
-2.732558362185955048e-02
7.272685319185256958e-02
1.592591032385826111e-02
7.139243930578231812e-02
9.256732463836669922e-02
9.842923842370510101e-03
8.876261860132217407e-02
8.485851436853408813e-02
1.987723819911479950e-02
3.096204623579978943e-02
1.096157729625701904e-01
4.557637497782707214e-02
1.066276431083679199e-01
1.441453117877244949e-02
4.299332946538925171e-02
7.050643116235733032e-02
1.802570372819900513e-02
6.687840912491083145e-03
2.932731434702873230e-02
1.697558350861072540e-02
-5.014257971197366714e-03
1.601595059037208557e-02
5.063010752201080322e-02
3.126563504338264465e-02
1.183535531163215637e-02
-5.136138573288917542e-02
-5.743965879082679749e-02
-3.036616928875446320e-02
7.029285281896591187e-02
4.678053315728902817e-03
-1.385068986564874649e-02
-3.348222747445106506e-02
-4.484407603740692139e-02
-7.421170920133590698e-02
-1.017053145915269852e-02
4.309877380728721619e-02
-6.295462697744369507e-02
-5.505350604653358459e-02
-9.886944666504859924e-03
-8.170267194509506226e-02
-1.419665217399597168e-01
-1.413768976926803589e-01
-5.304601043462753296e-02
-8.410249650478363037e-02
-1.110068112611770630e-01
-8.033584803342819214e-02
-5.804918333888053894e-02
-4.712894558906555176e-02
-5.486955866217613220e-02
-5.302271991968154907e-02
1.258846372365951538e-02
-4.384801909327507019e-02
7.596642524003982544e-02
1.244231611490249634e-01
4.301271215081214905e-02
4.450808838009834290e-02
1.108879595994949341e-01
7.359079271554946899e-02
9.477463364601135254e-02
1.448966562747955322e-01
7.665213942527770996e-02
-7.117027044296264648e-02
-4.611723497509956360e-02
-1.008164957165718079e-01
-4.178545624017715454e-02
-9.334324300289154053e-02
-1.283077448606491089e-01
1.146232057362794876e-02
-5.512610822916030884e-02
-5.725591257214546204e-02
-2.115935273468494415e-02
1.812257431447505951e-02
7.368579506874084473e-03
1.621858589351177216e-02
-1.325769443064928055e-02
6.021515280008316040e-02
4.451712220907211304e-02
-2.487650141119956970e-02
1.619638800621032715e-01
5.109614506363868713e-02
4.294097423553466797e-02
2.322416007518768311e-02
-4.560510627925395966e-03
-5.815391615033149719e-02
-6.026995182037353516e-02
-8.019749075174331665e-03
-2.153074927628040314e-02
-2.431994117796421051e-02
6.505201756954193115e-02
-1.721351593732833862e-02
-2.900273166596889496e-02
6.619561463594436646e-02
7.360243052244186401e-02
4.115851595997810364e-02
-3.243240341544151306e-02
4.681874811649322510e-02
8.122100681066513062e-02
-6.072570011019706726e-02
-1.051927637308835983e-02
1.055436115711927414e-02
-6.267105042934417725e-02
-2.763185463845729828e-02
1.268140599131584167e-02
3.915688768029212952e-02
2.031973190605640411e-02
5.382421612739562988e-02
-1.011687517166137695e-02
-5.515798181295394897e-02
5.948260426521301270e-03
5.651612579822540283e-02
6.955078803002834320e-03
1.105277538299560547e-01
-1.055201515555381775e-02
8.009527623653411865e-02
8.216415345668792725e-02
2.322689630091190338e-02
-1.055195648223161697e-02
7.064280100166797638e-03
7.435191655531525612e-04
-7.077676057815551758e-02
3.896445780992507935e-02
-5.222210194915533066e-03
-2.146839722990989685e-02
1.844421587884426117e-02
3.677829727530479431e-02
9.341374039649963379e-02
3.543651103973388672e-02
3.703380376100540161e-02
2.057387121021747589e-02
-2.351247239857912064e-03
3.794684261083602905e-02
1.055159233510494232e-02
1.695904508233070374e-02
-7.413028180599212646e-02
-1.288044750690460205e-01
-5.973399803042411804e-02
-1.226176172494888306e-01
-4.983381554484367371e-02
4.179072380065917969e-02
-8.162234723567962646e-02
1.123736947774887085e-01
1.182209476828575134e-01
-1.583182439208030701e-02
-1.277928333729505539e-02
2.149639464914798737e-02
-6.867347657680511475e-02
-1.835467107594013214e-02
2.773084305226802826e-02
-1.731633208692073822e-02
-6.222767755389213562e-03
-5.881961062550544739e-02
-4.910927731543779373e-03
-6.575581431388854980e-02
-2.457318454980850220e-02
1.453474815934896469e-02
1.372028589248657227e-01
9.420341253280639648e-02
5.623916629701852798e-03
4.621785879135131836e-02
-7.005071640014648438e-02
3.304227814078330994e-02
2.301932871341705322e-02
4.657038673758506775e-02
1.890921592712402344e-02
5.885881371796131134e-03
-2.860460989177227020e-02
-1.013148874044418335e-01
-2.347052097320556641e-02
-1.127767413854598999e-01
-6.886656396090984344e-03
-6.918378174304962158e-02
6.246259063482284546e-02
3.365635499358177185e-02
5.048926174640655518e-02
8.757588267326354980e-02
-8.733861148357391357e-02
-1.821679063141345978e-02
5.871746689081192017e-02
-4.747504368424415588e-02
-2.574471756815910339e-02
-3.261459991335868835e-02
2.106706425547599792e-02
-1.633522449992597103e-03
5.385681241750717163e-02
2.289202436804771423e-02
3.709002956748008728e-02
-7.877801544964313507e-03
3.350308537483215332e-02
3.458473365753889084e-03
-1.279912237077951431e-02
8.778642863035202026e-02
4.936873540282249451e-02
4.322256892919540405e-02
5.452404264360666275e-03
-2.403596229851245880e-02
-9.689411520957946777e-02
2.120672017335891724e-01
2.285608462989330292e-02
-1.171111986041069031e-01
2.664622664451599121e-01
2.221735119819641113e-01
-1.764650791883468628e-01
1.251525133848190308e-01
8.233711868524551392e-02
-1.804735511541366577e-01
-4.459724295884370804e-03
6.820569932460784912e-02
2.190602570772171021e-02
1.741441488265991211e-01
6.518135964870452881e-02
-7.774198800325393677e-02
2.467928687110543251e-03
-6.039807572960853577e-03
-1.636015623807907104e-02
1.180982962250709534e-02
-1.150991693139076233e-01
-6.580698490142822266e-02
3.200362622737884521e-02
-8.152932673692703247e-02
-4.092534258961677551e-02
8.063031733036041260e-02
3.228374198079109192e-02
9.260343015193939209e-02
-4.491612315177917480e-02
7.924792915582656860e-02
-5.938459187746047974e-02
-7.104846881702542305e-04
6.456672400236129761e-02
2.479231730103492737e-02
-4.797298461198806763e-02
-1.045418009161949158e-01
-8.834294974803924561e-02
3.479524329304695129e-02
-6.571622192859649658e-02
9.956630319356918335e-02
-1.034452915191650391e-01
3.659873828291893005e-02
1.436764895915985107e-01
-5.174457281827926636e-02
6.946803629398345947e-02
-8.283057250082492828e-03
8.873400278389453888e-03
6.524786353111267090e-02
-4.086462408304214478e-02
-5.096889659762382507e-02
5.410174280405044556e-02
-4.155872389674186707e-02
-6.183791533112525940e-02
-5.189104937016963959e-03
-2.628894522786140442e-02
-6.882130354642868042e-02
9.940124303102493286e-02
1.190848927944898605e-02
-1.507358849048614502e-01
1.607785075902938843e-01
1.429007053375244141e-01
-6.972345709800720215e-02
8.310408890247344971e-02
7.936789095401763916e-02
-1.610723702469840646e-04
-7.450248114764690399e-03
-9.596718102693557739e-02
-3.947535902261734009e-02
-5.921936407685279846e-02
-1.028039455413818359e-01
-3.781674662604928017e-03
5.784256756305694580e-02
-4.982309788465499878e-02
4.794065281748771667e-02
-2.225996693596243858e-03
6.040470302104949951e-02
-5.312214791774749756e-02
-2.074750699102878571e-02
-8.686478249728679657e-03
-3.585672751069068909e-02
-3.555939719080924988e-02
-4.229369759559631348e-02
1.454382203519344330e-02
-3.239564970135688782e-02
9.140232950448989868e-02
-4.946160595864057541e-03
-1.126827225089073181e-01
9.680727124214172363e-02
-2.896486409008502960e-02
-1.253276225179433823e-02
7.056132704019546509e-02
-1.079147085547447205e-01
4.714493697974830866e-04
-3.908016160130500793e-02
-1.011977419257164001e-01
-1.930150538682937622e-01
-1.271275151520967484e-02
-9.481844492256641388e-03
-1.557840257883071899e-01
7.821469008922576904e-02
1.305940151214599609e-01
-3.993695601820945740e-02
7.512857764959335327e-02
1.204554885625839233e-01
8.001763373613357544e-02
9.851373732089996338e-03
-5.985996872186660767e-02
1.526646167039871216e-01
-8.144747465848922729e-03
-1.577492505311965942e-01
-5.081864446401596069e-02
2.271815836429595947e-01
-1.055165007710456848e-01
1.920571029186248779e-01
3.665869832038879395e-01
-1.497656553983688354e-01
1.091147959232330322e-01
1.766376048326492310e-01
1.062282733619213104e-02
-4.632777720689773560e-02
-1.357590872794389725e-02
-1.817573793232440948e-02
-1.392370462417602539e-01
-2.415963076055049896e-02
-7.031253725290298462e-02
-1.364518254995346069e-01
2.950879558920860291e-02
-7.929533720016479492e-03
9.662568569183349609e-02
6.060183048248291016e-02
-1.053750440478324890e-01
7.952716946601867676e-02
2.842979691922664642e-02
-6.355735659599304199e-02
-9.118844754993915558e-03
-1.918688043951988220e-02
4.673206806182861328e-02
6.501701474189758301e-02
2.778367511928081512e-02
-3.565689921379089355e-02
-4.755783453583717346e-02
-8.940096199512481689e-02
4.466956108808517456e-02
5.395967513322830200e-02
1.841267658164724708e-04
-5.944744125008583069e-02
5.334397777915000916e-02
7.479181047528982162e-03
-1.063794828951358795e-02
9.230107069015502930e-03
-7.886071503162384033e-02
6.905384361743927002e-02
-2.153265289962291718e-03
1.031550578773021698e-02
-5.061934143304824829e-02
-2.505564829334616661e-03
-5.405499413609504700e-02
-4.020969569683074951e-02
-1.858804374933242798e-01
-2.133034318685531616e-01
3.907679580152034760e-03
5.426560994237661362e-03
-8.221584372222423553e-03
-4.559576511383056641e-02
4.953937232494354248e-02
-5.413064360618591309e-02
-2.163578756153583527e-02
6.980714946985244751e-02
8.245178498327732086e-03
7.424054294824600220e-02
5.843880772590637207e-02
-2.397088892757892609e-02
1.018468067049980164e-01
-5.094263702630996704e-02
-8.527170866727828979e-02
1.214010119438171387e-01
-8.342529088258743286e-02
-1.553353816270828247e-01
9.568997472524642944e-02
4.559697117656469345e-03
-6.436726078391075134e-03
7.325828820466995239e-02
-4.342664405703544617e-02
7.414334267377853394e-02
-5.646909773349761963e-02
1.184075418859720230e-02
-1.589916646480560303e-02
-1.807584986090660095e-02
-6.593491882085800171e-02
-2.131846547126770020e-02
-3.573026135563850403e-02
-2.987766824662685394e-02
-1.955807209014892578e-02
-2.798436768352985382e-02
-5.649805814027786255e-02
3.036507172510027885e-03
-2.067258581519126892e-02
1.653719693422317505e-02
3.256274014711380005e-02
-8.333095163106918335e-02
-1.892206072807312012e-01
3.174992650747299194e-02
3.196152672171592712e-02
-2.066977024078369141e-01
1.418010890483856201e-01
-3.475723415613174438e-02
1.863730605691671371e-03
2.179334871470928192e-02
3.906261548399925232e-02
-1.361604221165180206e-02
-2.623877115547657013e-02
1.074289083480834961e-01
-5.760386958718299866e-02
-1.076796576380729675e-01
1.404271721839904785e-01
-1.342998468317091465e-03
-3.780325129628181458e-02
-1.202684640884399414e-01
-2.675454318523406982e-02
2.423305809497833252e-01
-1.689058244228363037e-01
-2.308546099811792374e-03
1.544626951217651367e-01
-1.185657382011413574e-01
2.663422748446464539e-02
5.199154838919639587e-02
-3.443529456853866577e-02
-1.633783280849456787e-01
-2.877596206963062286e-02
3.943514823913574219e-02
-2.156656533479690552e-01
-3.210776671767234802e-02
4.543851315975189209e-02
-6.989347189664840698e-02
-1.036460604518651962e-02
1.002884134650230408e-01
-4.830894619226455688e-02
-1.066223531961441040e-01
-3.931622952222824097e-02
3.615058586001396179e-02
1.069609671831130981e-01
-1.833480549976229668e-03
4.151203669607639313e-03
2.238849177956581116e-02
-5.713674426078796387e-02
-3.568661957979202271e-02
-4.472194984555244446e-02
-3.380846604704856873e-02
-2.631081640720367432e-02
-4.279205575585365295e-03
-4.188724234700202942e-02
-1.086960360407829285e-01
-5.160082876682281494e-02
-2.066081948578357697e-02
-5.060345306992530823e-02
-3.992573916912078857e-02
7.445103675127029419e-02
1.215738337486982346e-02
4.453174769878387451e-02
7.371945306658744812e-03
-6.008824706077575684e-02
3.316359221935272217e-02
2.736728638410568237e-02
2.497319504618644714e-02
-4.201330617070198059e-02
-3.351981565356254578e-02
1.895436644554138184e-02
-5.608446523547172546e-02
-1.095125973224639893e-01
-5.868447944521903992e-02
-5.229002609848976135e-02
9.027281403541564941e-02
-8.818057365715503693e-03
-1.851429231464862823e-02
-1.192889641970396042e-02
-3.590916097164154053e-02
-1.578762233257293701e-01
2.736602909862995148e-02
-9.277636557817459106e-02
-1.221201494336128235e-01
6.765001267194747925e-02
-1.332973502576351166e-02
-6.057075411081314087e-02
-5.460600927472114563e-02
1.496340055018663406e-02
-4.184845462441444397e-02
-8.494195342063903809e-02
-9.002137929201126099e-02
-1.081915870308876038e-01
1.266401857137680054e-01
6.682346016168594360e-02
1.205534040927886963e-01
1.647715568542480469e-01
2.467890828847885132e-01
4.989552497863769531e-01
1.381440311670303345e-01
2.207175195217132568e-01
1.626675277948379517e-01
3.932599723339080811e-02
6.282061338424682617e-02
9.517628699541091919e-02
7.145019620656967163e-02
8.558060973882675171e-02
5.263046175241470337e-02
1.384397502988576889e-02
-3.070972673594951630e-02
2.405877970159053802e-02
7.983732968568801880e-02
1.663730144500732422e-01
6.860691588371992111e-03
2.758694440126419067e-02
3.384402021765708923e-02
-4.629487544298171997e-02
-6.286196410655975342e-02
-9.169062972068786621e-02
-9.324030019342899323e-03
2.200885862112045288e-02
-3.023936226963996887e-02
1.907877437770366669e-02
-1.939461566507816315e-02
-1.401318907737731934e-01
2.939815819263458252e-02
-3.943178337067365646e-03
-7.836853712797164917e-02
2.994205243885517120e-02
3.506029397249221802e-02
-6.747318059206008911e-02
-6.750901788473129272e-02
-1.587172299623489380e-01
-1.890468001365661621e-01
-7.091496139764785767e-02
-1.272478699684143066e-01
-1.221728045493364334e-02
6.763517856597900391e-02
3.323623165488243103e-02
3.060370683670043945e-03
-9.730585664510726929e-02
-1.062492839992046356e-02
-9.435183554887771606e-02
-1.114726662635803223e-01
-4.569663107395172119e-02
-7.311949878931045532e-02
5.143349617719650269e-02
-8.358887583017349243e-02
3.039433620870113373e-02
-3.786563128232955933e-02
-1.967490613460540771e-01
-4.468425363302230835e-02
6.356029771268367767e-03
-1.378746330738067627e-01
1.942452602088451385e-02
1.170605346560478210e-01
-1.061201691627502441e-01
-3.633501380681991577e-02
1.316505484282970428e-02
-3.365932032465934753e-02
2.712291106581687927e-02
4.228995367884635925e-02
1.019972711801528931e-01
1.173939704895019531e-01
1.064030006527900696e-01
1.029638126492500305e-01
5.316669121384620667e-02
2.103992737829685211e-02
-1.937117055058479309e-02
-8.424122631549835205e-02
-5.444326996803283691e-02
-3.245386481285095215e-02
-4.226885735988616943e-02
9.821072965860366821e-02
-2.468077838420867920e-02
-2.380442060530185699e-02
3.229126706719398499e-02
3.868667781352996826e-02
-3.444167599081993103e-02
-9.987308084964752197e-02
8.458410389721393585e-03
-1.707736030220985413e-02
1.328388508409261703e-02
-1.410544514656066895e-01
-7.518660277128219604e-02
1.183477863669395447e-01
-7.601132150739431381e-03
8.409436047077178955e-02
1.585071831941604614e-01
1.219212189316749573e-01
1.291721165180206299e-01
5.068028345704078674e-02
5.918260663747787476e-02
8.001092076301574707e-02
-2.276627533137798309e-02
4.571794718503952026e-02
-3.753082826733589172e-02
1.124395756050944328e-03
-4.488531500101089478e-02
-4.064926505088806152e-02
1.032185852527618408e-01
-1.207069382071495056e-01
-1.244703307747840881e-01
-7.477519661188125610e-02
-2.159873954951763153e-02
-1.235154923051595688e-02
-1.727039515972137451e-01
-2.270502969622612000e-03
2.036970108747482300e-02
-1.088988929986953735e-01
-8.654324710369110107e-02
-9.388505667448043823e-02
-1.351882368326187134e-01
1.104999519884586334e-02
-6.183416023850440979e-02
-5.429869890213012695e-02
-2.555004321038722992e-02
-1.304325312376022339e-01
1.864618435502052307e-02
5.109733436256647110e-03
3.783315420150756836e-02
2.801225706934928894e-02
-1.849015615880489349e-02
1.374609954655170441e-02
9.171205759048461914e-02
-2.502891235053539276e-02
-4.101307690143585205e-02
1.315952390432357788e-01
-2.591931819915771484e-02
-9.611998498439788818e-02
3.913488611578941345e-02
4.388344287872314453e-02
-8.408167213201522827e-02
-6.600882112979888916e-02
9.794326126575469971e-02
-8.907084167003631592e-02
-4.439600184559822083e-02
2.147475071251392365e-02
-8.415096253156661987e-02
-6.926398724317550659e-02
-1.757806167006492615e-02
-9.367956966161727905e-02
-1.942478679120540619e-02
8.151941932737827301e-03
-1.318229362368583679e-02
3.149034082889556885e-02
1.120475083589553833e-01
8.550642087357118726e-05
-3.926550969481468201e-02
-3.752388060092926025e-02
-1.438899487257003784e-01
-4.547838121652603149e-02
-1.044866964221000671e-01
-1.647779643535614014e-01
-4.882247373461723328e-02
9.354912489652633667e-02
-1.131738424301147461e-01
-3.350389748811721802e-02
-2.102757431566715240e-02
-7.751976698637008667e-02
3.842432796955108643e-02
3.472360596060752869e-02
1.278660027310252190e-03
-2.318352088332176208e-02
-8.279020339250564575e-02
-1.054580286145210266e-01
-1.258256193250417709e-02
-1.586617976427078247e-01
-9.276470541954040527e-02
8.697389625012874603e-03
-1.878319531679153442e-01
-1.161598712205886841e-01
-5.816685501486063004e-03
-1.132260356098413467e-02
-7.590145617723464966e-02
-1.174044162034988403e-01
-5.622474476695060730e-02
-3.112086839973926544e-02
-9.262792766094207764e-02
-1.141348704695701599e-01
-9.343146532773971558e-02
-1.016144230961799622e-01
8.561898022890090942e-03
4.025803133845329285e-02
-5.078572407364845276e-02
-4.451608657836914062e-02
-9.060866385698318481e-02
-3.394827246665954590e-02
-1.353786885738372803e-01
-7.687368988990783691e-02
-3.712862730026245117e-02
6.373213976621627808e-02
-6.536881905049085617e-03
-5.826319381594657898e-02
9.655863791704177856e-02
-4.797054082155227661e-02
-1.154971122741699219e-01
3.322135284543037415e-02
-1.124369129538536072e-01
-9.428402408957481384e-03
8.733634650707244873e-02
7.262983173131942749e-02
-2.707796171307563782e-02
5.974562466144561768e-02
4.665844514966011047e-02
2.466531284153461456e-02
3.528389707207679749e-02
5.469313263893127441e-02
4.677555710077285767e-02
7.920123636722564697e-02
-7.244519889354705811e-02
-1.622853875160217285e-01
3.154369816184043884e-02
5.901307985186576843e-02
-1.236392483115196228e-01
-4.643205180764198303e-02
-6.527636200189590454e-02
-1.369021087884902954e-01
2.786663826555013657e-03
5.975518748164176941e-02
1.547316610813140869e-01
5.063024535775184631e-02
8.008483797311782837e-02
9.091304242610931396e-02
1.173863932490348816e-01
3.054703213274478912e-02
-4.348124936223030090e-02
1.351818442344665527e-01
-9.532143175601959229e-02
-4.192038998007774353e-02
5.979716777801513672e-02
-4.949713498353958130e-02
-1.043774634599685669e-01
1.962547376751899719e-02
-6.439073383808135986e-02
-5.286174267530441284e-02
-4.764985665678977966e-02
-1.233452837914228439e-02
3.623817861080169678e-02
-1.916920542716979980e-01
2.482463605701923370e-02
9.239038079977035522e-02
-8.978185057640075684e-02
1.628041081130504608e-02
1.014293730258941650e-02
-3.442415595054626465e-02
-8.519304916262626648e-03
1.308501511812210083e-01
-3.072836808860301971e-02
7.046770304441452026e-02
1.926676630973815918e-01
5.259414389729499817e-02
2.808560989797115326e-02
5.016782879829406738e-02
7.091017067432403564e-02
1.379442662000656128e-01
3.143662214279174805e-02
-6.486493349075317383e-02
1.328216642141342163e-01
1.410679072141647339e-01
-2.124731838703155518e-01
-5.051638185977935791e-02
-9.439378976821899414e-03
-2.419014344923198223e-04
-3.716242313385009766e-02
2.258178777992725372e-02
1.404574960470199585e-01
-8.700055629014968872e-02
-2.798050269484519958e-02
4.901173710823059082e-02
2.375754714012145996e-02
7.007392495870590210e-02
-5.990060791373252869e-02
-1.421230100095272064e-02
2.009105123579502106e-02
-6.656934320926666260e-02
7.316806353628635406e-03
9.383823722600936890e-02
-8.807297796010971069e-02
6.591937504708766937e-03
-9.570367546984925866e-05
-3.019969910383224487e-02
-9.601949155330657959e-02
-1.173327416181564331e-01
-7.123177498579025269e-02
-1.974610239267349243e-02
1.280433777719736099e-02
1.652061380445957184e-02
2.726380340754985809e-02
1.367971003055572510e-01
-2.316316217184066772e-02
1.104502603411674500e-01
4.800248146057128906e-02
8.273549377918243408e-02
1.138061434030532837e-01
-2.518202178180217743e-02
-5.140627734363079071e-03
-8.725067600607872009e-03
3.408064320683479309e-02
1.391793042421340942e-01
5.425021983683109283e-03
-1.174008548259735107e-01
1.842700690031051636e-01
-3.301735967397689819e-02
-2.252834141254425049e-01
1.312487013638019562e-02
-5.531175434589385986e-02
-1.334834191948175430e-02
-1.471383217722177505e-02
7.775400299578905106e-04
-2.316217636689543724e-03
1.580393314361572266e-01
-3.326808661222457886e-02
-1.289300918579101562e-01
1.144553869962692261e-01
-3.773160278797149658e-03
-2.764969132840633392e-02
-1.800466794520616531e-03
-2.345721423625946045e-02
6.297555565834045410e-02
-1.733878254890441895e-02
-9.371827542781829834e-02
-2.425117790699005127e-02
-4.022679850459098816e-02
-3.840368939563632011e-03
-6.389792263507843018e-02
-6.070369482040405273e-02
1.367219537496566772e-01
1.912126243114471436e-01
-1.608915477991104126e-01
-1.229189336299896240e-01
1.493026316165924072e-01
-9.889363497495651245e-02
-7.935340702533721924e-02
-1.087904050946235657e-01
2.675337791442871094e-01
-5.638926289975643158e-03
-2.501369118690490723e-01
4.287454783916473389e-01
-1.844800263643264771e-02
-4.637886881828308105e-01
2.649976611137390137e-01
1.903350092470645905e-02
-3.542689979076385498e-01
3.230413049459457397e-02
6.093249656260013580e-03
2.210993133485317230e-02
-1.254376918077468872e-01
1.110555510967969894e-02
1.531840413808822632e-01
-5.690517649054527283e-02
-4.811390116810798645e-02
-1.222340948879718781e-02
-6.739729642868041992e-02
-1.678628847002983093e-02
6.975083146244287491e-03
-1.292059123516082764e-01
2.478253655135631561e-02
1.307694017887115479e-01
-7.060194015502929688e-02
1.327162608504295349e-02
-3.193880990147590637e-02
1.062262356281280518e-01
9.706012904644012451e-03
-3.528023138642311096e-02
3.746456280350685120e-02
6.461856514215469360e-02
-6.158483773469924927e-02
1.539160730317234993e-03
-5.510228872299194336e-02
-8.158101886510848999e-02
2.824818715453147888e-02
-3.851793333888053894e-02
-1.757842451333999634e-01
6.493681669235229492e-02
1.403403934091329575e-03
-2.441659569740295410e-01
7.480481173843145370e-03
-1.509735584259033203e-01
-2.038186974823474884e-02
-1.308260411024093628e-01
-6.991291791200637817e-02
-9.291511774063110352e-02
5.710528418421745300e-02
-1.344197392463684082e-01
-2.093454897403717041e-01
5.711107980459928513e-03
-1.034341081976890564e-01
-8.407755196094512939e-02
1.533455252647399902e-01
5.052444338798522949e-02
-3.776634857058525085e-02
1.491476297378540039e-01
3.765794932842254639e-01
1.625441163778305054e-01
-1.850383915007114410e-02
1.253340393304824829e-01
-4.133797809481620789e-02
4.172566160559654236e-02
-6.863740831613540649e-02
-1.621815860271453857e-01
-5.678011104464530945e-02
-7.631717622280120850e-02
-4.981525242328643799e-02
2.184962667524814606e-02
5.093411356210708618e-02
4.741937294602394104e-02
-2.476613074541091919e-01
-6.706576049327850342e-02
3.737690672278404236e-02
-8.713106811046600342e-02
1.167691033333539963e-02
3.532196581363677979e-02
8.854657411575317383e-02
2.324521169066429138e-02
4.260538145899772644e-02
1.352557241916656494e-01
-1.508264616131782532e-02
4.157808143645524979e-03
8.547712117433547974e-02
-2.044065445661544800e-01
-4.869304597377777100e-02
1.210176646709442139e-01
-6.288371980190277100e-02
3.113218955695629120e-02
1.095672547817230225e-01
1.814905181527137756e-02
-4.123926907777786255e-02
1.654987484216690063e-01
-7.556294649839401245e-02
-1.156152188777923584e-01
5.678736418485641479e-02
-1.716428436338901520e-02
7.476805150508880615e-02
1.876584021374583244e-03
-3.096526861190795898e-02
3.032016940414905548e-02
1.136487945914268494e-01
-1.125543266534805298e-01
-1.390491575002670288e-01
8.595731854438781738e-02
-6.448289006948471069e-02
-1.182408779859542847e-01
4.593571648001670837e-02
-4.957979917526245117e-02
-1.505739539861679077e-01
7.939786463975906372e-02
-4.826513305306434631e-02
-1.097398102283477783e-01
-6.572245061397552490e-02
-4.089899361133575439e-02
-4.499755054712295532e-02
-7.001804560422897339e-02
-3.436458855867385864e-02
1.739500463008880615e-01
-1.022690907120704651e-01
-1.037350222468376160e-01
7.872621715068817139e-02
-9.992291033267974854e-02
-4.629047587513923645e-02
-4.207905009388923645e-02
-4.472751170396804810e-02
-4.100759513676166534e-03
-5.152269452810287476e-02
-8.071006089448928833e-02
-2.532593533396720886e-02
-6.643717736005783081e-02
-8.359000086784362793e-03
-5.724196135997772217e-02
-2.607784979045391083e-02
1.333643645048141479e-01
6.609328836202621460e-02
-1.368422210216522217e-01
5.855074152350425720e-02
1.224019303917884827e-01
-7.979579269886016846e-02
-6.488651782274246216e-02
-6.806298345327377319e-02
-1.169029343873262405e-02
1.497001945972442627e-01
2.231495920568704605e-03
1.099460199475288391e-02
1.668527275323867798e-01
-7.766019552946090698e-02
-7.224416732788085938e-02
-7.306288171093910933e-05
-4.786295071244239807e-02
1.486869342625141144e-02
3.984555602073669434e-02
-8.987708389759063721e-02
-4.715836048126220703e-02
-1.199101936072111130e-02
-1.556903123855590820e-01
-8.027902245521545410e-02
-7.074015215039253235e-03
-6.195973977446556091e-02
8.016485720872879028e-02
-1.015828400850296021e-01
4.634542763233184814e-02
3.172584995627403259e-02
2.915877662599086761e-02
2.462087720632553101e-01
5.476005375385284424e-02
7.036735117435455322e-02
1.773196160793304443e-01
1.620084233582019806e-02
7.390992343425750732e-02
2.040858380496501923e-03
-3.213787451386451721e-02
-8.403504639863967896e-02
2.913611754775047302e-02
1.412692666053771973e-01
2.039536647498607635e-02
7.198852300643920898e-02
5.768882855772972107e-02
-3.645603358745574951e-02
-8.013178408145904541e-02
3.241101652383804321e-02
-2.690207213163375854e-02
3.850784897804260254e-02
9.997297823429107666e-02
-1.626067911274731159e-03
8.045960217714309692e-02
7.135018706321716309e-02
-6.293106079101562500e-02
-9.702353179454803467e-02
-4.301545396447181702e-02
-3.600003197789192200e-02
-1.247019544243812561e-01
-3.742743283510208130e-02
-5.758134648203849792e-03
-5.300214141607284546e-02
4.318530112504959106e-02
-2.330269664525985718e-02
8.579542860388755798e-03
-7.457492500543594360e-02
2.537165209650993347e-02
1.059313714504241943e-01
-4.741797689348459244e-03
9.618354588747024536e-02
1.395462453365325928e-01
2.611581003293395042e-03
-2.921984158456325531e-02
-1.174677256494760513e-02
2.861323580145835876e-02
-8.765383809804916382e-02
-1.138602942228317261e-01
1.081257238984107971e-01
-4.349776357412338257e-02
-7.584574818611145020e-02
1.175112649798393250e-01
2.980534918606281281e-02
6.781091541051864624e-02
-3.284177556633949280e-02
4.434597864747047424e-02
6.991775333881378174e-02
-5.543994717299938202e-03
3.358820453286170959e-02
4.275260493159294128e-02
3.181012347340583801e-02
2.658699825406074524e-02
4.636942595243453979e-02
3.781052678823471069e-02
2.481830120086669922e-02
8.964702486991882324e-02
1.418424397706985474e-01
7.515747845172882080e-02
9.909121692180633545e-02
1.532616466283798218e-01
-1.259396597743034363e-02
1.335092820227146149e-02
4.883751645684242249e-02
-2.808995544910430908e-02
-8.289158344268798828e-02
6.861393153667449951e-02
2.561233006417751312e-02
-3.547991439700126648e-02
1.125761047005653381e-01
3.486586268991231918e-03
-2.459836192429065704e-02
-1.981924287974834442e-02
-6.729990988969802856e-02
-9.089943021535873413e-02
-2.105409465730190277e-02
-1.245304825715720654e-03
-6.013350561261177063e-03
1.597452908754348755e-02
-3.671095473691821098e-03
4.587770625948905945e-02
6.815456598997116089e-02
-9.166438132524490356e-02
4.785662516951560974e-02
4.994481429457664490e-02
-5.305368825793266296e-02
-5.466184392571449280e-02
3.098718449473381042e-02
7.798169972375035286e-04
7.337853312492370605e-03
-3.043719567358493805e-02
4.919899627566337585e-02
6.710928678512573242e-02
-4.359162598848342896e-02
1.395469624549150467e-02
8.153013885021209717e-02
-6.954456120729446411e-02
4.815694317221641541e-02
-2.048184350132942200e-02
-5.057767778635025024e-02
2.545693516731262207e-02
-9.956796467304229736e-02
1.729449443519115448e-02
2.560029679443687201e-04
-3.066825214773416519e-03
-3.689843229949474335e-03
1.289059966802597046e-01
2.386595867574214935e-02
-9.439968317747116089e-02
1.615581959486007690e-01
2.694465965032577515e-02
-1.667336821556091309e-01
7.554583251476287842e-02
-1.574776880443096161e-02
-9.666982293128967285e-02
1.521289255470037460e-02
6.140152737498283386e-02
7.875818759202957153e-02
-3.826295956969261169e-02
-2.895892411470413208e-02
3.398888185620307922e-02
-5.956625565886497498e-02
-2.854011394083499908e-02
-2.090745791792869568e-02
-2.057165279984474182e-02
-6.901776790618896484e-02
7.483293116092681885e-02
-3.639107570052146912e-02
-1.532140821218490601e-01
-6.264719367027282715e-02
3.042518720030784607e-02
-4.515560716390609741e-02
1.929768174886703491e-02
8.376359008252620697e-03
-3.588805347681045532e-02
5.978576093912124634e-02
-8.316555176861584187e-04
-7.212573289871215820e-02
3.232127428054809570e-02
-2.359360828995704651e-02
-3.141351416707038879e-02
-3.110253252089023590e-02
1.033976674079895020e-03
2.692750468850135803e-02
2.946043200790882111e-02
2.325138077139854431e-03
4.996810853481292725e-02
-1.584985852241516113e-02
-7.162256632000207901e-03
5.084059387445449829e-02
-7.146608829498291016e-02
-8.255306631326675415e-02
9.355878084897994995e-02
1.153986807912588120e-02
-2.619568631052970886e-02
1.849173605442047119e-01
5.676991865038871765e-02
-2.054556272923946381e-02
3.450946882367134094e-02
1.661643758416175842e-02
3.929340839385986328e-02
1.062976848334074020e-02
2.328916080296039581e-02
1.379711925983428955e-01
8.786310255527496338e-02
-5.189842544496059418e-03
8.647421747446060181e-02
1.648804545402526855e-01
9.826487302780151367e-02
3.671706840395927429e-02
2.793667279183864594e-02
-4.405939206480979919e-02
5.419629439711570740e-02
-1.486964803189039230e-02
-4.346613958477973938e-02
8.587495237588882446e-02
-1.183485519140958786e-02
-1.366115063428878784e-01
-1.671418175101280212e-02
-6.514183711260557175e-03
6.958791986107826233e-03
2.273388952016830444e-02
1.289724139496684074e-03
5.228876322507858276e-02
8.456600457429885864e-02
7.650317996740341187e-02
8.799655735492706299e-02
-5.473816394805908203e-02
6.125198677182197571e-02
1.493944525718688965e-01
-8.768866211175918579e-02
2.830849215388298035e-02
1.188720539212226868e-01
-1.099819615483283997e-01
-5.445161089301109314e-02
-3.793477639555931091e-02
2.847444731742143631e-03
-2.194091305136680603e-02
-9.669722616672515869e-02
9.698523581027984619e-02
1.250899434089660645e-01
4.361893609166145325e-02
5.870478227734565735e-03
1.533069554716348648e-02
-3.643491864204406738e-02
-1.907099969685077667e-02
-6.031673774123191833e-02
-1.406909972429275513e-01
1.566330641508102417e-01
1.039993092417716980e-01
-7.628099061548709869e-03
5.973031371831893921e-02
-1.973001658916473389e-02
-6.932923197746276855e-02
-3.703809110447764397e-03
-1.901312172412872314e-02
-3.481679037213325500e-02
5.021858215332031250e-02
1.554453372955322266e-01
-2.707275189459323883e-02
9.436142630875110626e-03
1.331715751439332962e-02
-1.030690595507621765e-01
-5.145213380455970764e-02
-2.057866938412189484e-02
5.900837481021881104e-02
1.550744846463203430e-02
6.662291008979082108e-03
4.153705760836601257e-02
-3.281353414058685303e-02
-2.131878025829792023e-02
-2.563191018998622894e-02
3.510272130370140076e-02
7.165269926190376282e-03
-2.473942749202251434e-02
-1.549374684691429138e-02
-2.122731134295463562e-02
-4.748006537556648254e-02
-7.619737833738327026e-02
-1.025437191128730774e-01
-8.780816197395324707e-02
-3.735433891415596008e-02
-5.220842733979225159e-02
4.441689699888229370e-02
-1.998369768261909485e-02
-8.349034935235977173e-02
-1.519121881574392319e-02
-3.277727810200303793e-04
-7.857771962881088257e-02
-1.691724918782711029e-02
3.685273230075836182e-02
2.738878503441810608e-02
-5.852540209889411926e-02
9.415290504693984985e-02
3.277532756328582764e-02
-1.139810979366302490e-01
7.781712920404970646e-04
4.022849351167678833e-02
-5.022417381405830383e-02
-6.070770695805549622e-02
9.724221192300319672e-03
-1.790952810551971197e-04
-3.059688024222850800e-02
-9.823361784219741821e-02
1.857091300189495087e-02
7.797485589981079102e-02
-1.499031204730272293e-02
2.983194030821323395e-02
9.596851654350757599e-03
3.702260553836822510e-03
4.935396462678909302e-02
4.720814526081085205e-02
3.976998105645179749e-02
2.855981327593326569e-02
-5.156380310654640198e-02
-2.884952537715435028e-02
-3.902669623494148254e-02
6.244019605219364166e-03
7.262346893548965454e-02
8.195866644382476807e-02
9.387116134166717529e-02
8.729539811611175537e-02
1.122848838567733765e-01
5.876860395073890686e-02
3.413845226168632507e-02
1.685539074242115021e-02
-1.676170941209420562e-04
-7.842880487442016602e-02
-3.238166449591517448e-03
-4.398200288414955139e-02
-2.093646302819252014e-02
2.193204127252101898e-02
-5.205392837524414062e-02
-3.895783051848411560e-02
-9.171493351459503174e-02
