-1.876677758991718292e-02
-5.754248239099979401e-03
-1.601126044988632202e-02
-5.207367241382598877e-03
-1.082291826605796814e-02
-1.252737548202276230e-02
-1.846550591289997101e-02
-3.854394331574440002e-02
-4.362897574901580811e-02
-3.218560479581356049e-03
2.023557899519801140e-04
3.045627847313880920e-02
-1.662234216928482056e-02
-3.582474309951066971e-03
2.729285880923271179e-02
-2.197447791695594788e-02
-9.049082174897193909e-03
2.953163906931877136e-02
-1.353190653026103973e-02
-5.326201766729354858e-02
-6.174572184681892395e-02
-2.646748907864093781e-02
-3.323730826377868652e-02
-2.458181791007518768e-02
-2.455929666757583618e-02
-1.758338510990142822e-02
6.738517899066209793e-03
4.855030216276645660e-03
-1.745686680078506470e-02
-3.369485214352607727e-02
-2.331361919641494751e-02
-4.046890884637832642e-02
-2.532460354268550873e-02
1.708810776472091675e-02
-3.303310275077819824e-02
-9.086755104362964630e-03
-1.633036322891712189e-02
-1.269867736846208572e-02
-2.672167122364044189e-02
-1.426761504262685776e-02
-2.251857705414295197e-02
-5.678043235093355179e-03
1.256979350000619888e-02
2.097952412441372871e-03
4.922670312225818634e-03
-2.434157207608222961e-02
-5.986659787595272064e-03
-8.725375519134104252e-04
-1.156950742006301880e-02
4.443955142050981522e-03
-4.375799093395471573e-03
-1.978576555848121643e-02
-2.164152637124061584e-02
-6.139602046459913254e-03
2.155236713588237762e-02
-1.223331317305564880e-02
-3.268498182296752930e-02
-4.045064374804496765e-02
-2.861519716680049896e-02
-5.466802418231964111e-02
-6.247502565383911133e-02
-4.757502675056457520e-02
-3.817356005311012268e-02
-4.763349890708923340e-03
-3.982309997081756592e-02
-6.830725818872451782e-02
3.334004431962966919e-02
-3.740419819951057434e-02
-3.676625713706016541e-02
4.113456606864929199e-02
-4.590889066457748413e-02
-1.593490131199359894e-02
-1.546988170593976974e-02
-5.331167578697204590e-02
-3.649900853633880615e-02
6.738964468240737915e-03
-3.093442879617214203e-02
-6.026909686625003815e-04
2.019236050546169281e-02
-1.698919199407100677e-02
5.125855095684528351e-03
2.088733203709125519e-02
1.745309121906757355e-02
6.987886875867843628e-02
8.953789249062538147e-03
-2.701141312718391418e-02
1.153664384037256241e-02
-8.142365142703056335e-03
-3.592905774712562561e-02
-2.335090562701225281e-02
5.746569484472274780e-03
7.770637422800064087e-02
5.817839503288269043e-02
-2.760477736592292786e-02
1.936202123761177063e-02
3.928106278181076050e-02
-6.484144250862300396e-04
3.589089214801788330e-02
4.894748702645301819e-02
-8.425640314817428589e-02
2.604358829557895660e-03
-3.219252079725265503e-02
-3.177056461572647095e-02
2.151443623006343842e-03
-5.208421871066093445e-02
-2.113324776291847229e-02
-5.125714960740879178e-05
-5.083902180194854736e-02
-1.112488191574811935e-02
3.894760832190513611e-02
-2.024183340836316347e-04
-2.428580634295940399e-02
2.105161733925342560e-02
-9.988271631300449371e-03
1.280629076063632965e-03
1.554260030388832092e-02
1.497124601155519485e-02
4.836080223321914673e-02
2.379389770794659853e-04
-1.495289430022239685e-02
6.591694056987762451e-02
3.045555762946605682e-02
1.405982393771409988e-02
4.296177625656127930e-02
-5.772296804934740067e-03
-2.354925498366355896e-02
-6.140962988138198853e-02
-1.474026869982481003e-02
-5.235863104462623596e-02
-3.676974028348922729e-02
-3.263051062822341919e-02
-5.115644633769989014e-02
-2.289890684187412262e-02
-2.635873109102249146e-02
-3.111484088003635406e-02
-6.360462866723537445e-03
-5.037445202469825745e-02
-1.440385449677705765e-02
2.928146906197071075e-02
-4.565118812024593353e-03
-3.447760641574859619e-02
4.609498754143714905e-02
4.521511867642402649e-02
1.626271195709705353e-02
3.685094788670539856e-02
2.144772186875343323e-02
8.816969348117709160e-04
2.951356582343578339e-02
2.063800953328609467e-02
-9.020128287374973297e-03
-4.127188585698604584e-03
-3.157885745167732239e-03
-4.689057357609272003e-03
-1.453941455110907555e-03
-1.845193281769752502e-02
4.420650191605091095e-03
3.177059814333915710e-02
-1.033977698534727097e-02
-8.655572892166674137e-04
4.408188909292221069e-02
5.126256868243217468e-02
1.451277080923318863e-02
-1.020306255668401718e-03
-3.925155103206634521e-02
2.920743077993392944e-03
6.030574813485145569e-02
1.867365790531039238e-03
1.769263483583927155e-02
8.802141249179840088e-02
1.981591805815696716e-02
1.554424688220024109e-02
-2.910705469548702240e-02
-3.514616563916206360e-02
-1.754149422049522400e-02
-8.991759968921542168e-04
2.117169322445988655e-03
2.527879783883690834e-03
-1.904107071459293365e-02
-5.091410130262374878e-03
-6.950930226594209671e-03
-1.546952407807111740e-02
-3.189030289649963379e-02
6.480135489255189896e-03
1.158575899899005890e-02
-7.090311497449874878e-03
7.942598313093185425e-04
1.732481829822063446e-02
1.786833070218563080e-02
2.644633501768112183e-02
-3.665154054760932922e-02
-1.931040920317173004e-02
-1.499325037002563477e-02
-4.687235131859779358e-02
-3.441975265741348267e-02
1.168401539325714111e-02
-5.340145528316497803e-02
-5.142908170819282532e-02
6.729504559189081192e-03
2.375928498804569244e-02
1.365504972636699677e-02
-2.332673640921711922e-03
-4.135152325034141541e-02
-3.782507777214050293e-02
-1.941757649183273315e-02
-2.064270898699760437e-02
-2.433214709162712097e-02
1.893085986375808716e-02
3.444330394268035889e-02
6.170744076371192932e-02
5.093297362327575684e-02
1.984491199254989624e-02
5.184481665492057800e-02
3.961850330233573914e-02
-2.671672962605953217e-02
-2.074235491454601288e-02
-2.162612974643707275e-02
-1.309046894311904907e-02
4.743627086281776428e-02
5.488224327564239502e-02
2.644362300634384155e-02
1.882890053093433380e-02
4.147959873080253601e-02
6.253413856029510498e-02
-1.909554377198219299e-02
6.543406634591519833e-04
-8.462979458272457123e-03
-1.784510537981987000e-02
3.839825838804244995e-02
3.031697124242782593e-02
6.341626495122909546e-02
7.451591640710830688e-02
3.758449107408523560e-02
8.052617311477661133e-02
5.796598270535469055e-02
3.634928166866302490e-02
2.239431627094745636e-02
7.616018503904342651e-02
-1.270609907805919647e-03
-4.266318306326866150e-02
3.368610516190528870e-02
1.440075412392616272e-02
-3.697337582707405090e-02
3.317128121852874756e-02
-1.132903620600700378e-02
-4.172497987747192383e-02
-4.518886655569076538e-02
2.232358604669570923e-02
-9.173108264803886414e-03
-2.379306592047214508e-02
2.127007953822612762e-02
3.277966752648353577e-02
4.595736972987651825e-03
-2.251255884766578674e-02
-2.319317683577537537e-02
-3.370612859725952148e-02
2.641693316400051117e-02
1.553408522158861160e-02
-5.782945826649665833e-02
2.592172287404537201e-02
6.062073260545730591e-02
-2.330311387777328491e-02
-2.345927990972995758e-02
3.345628967508673668e-03
-1.064920239150524139e-02
-2.401830442249774933e-02
2.336580492556095123e-02
2.478179894387722015e-02
-1.025009062141180038e-02
2.453943714499473572e-02
4.164575040340423584e-02
-2.396630821749567986e-03
-2.601651847362518311e-02
-4.540862515568733215e-03
-2.024971880018711090e-02
3.762868419289588928e-02
4.872948676347732544e-02
-2.364597842097282410e-02
1.936372928321361542e-02
8.956400305032730103e-02
-3.122374601662158966e-02
-3.575903922319412231e-02
3.467351943254470825e-02
-9.615193121135234833e-03
-1.321186963468790054e-02
2.278968691825866699e-02
1.613868586719036102e-02
-5.054465029388666153e-03
-2.307000802829861641e-03
2.300529740750789642e-02
6.844146642833948135e-03
-3.831408172845840454e-02
3.016525134444236755e-02
3.143196925520896912e-02
-1.228961627930402756e-02
-3.883966803550720215e-02
-1.986965350806713104e-02
-3.961514309048652649e-02
-2.974546328186988831e-02
3.500971943140029907e-02
4.466706141829490662e-02
2.007402665913105011e-02
1.460761390626430511e-02
5.795890092849731445e-02
2.740739099681377411e-02
-8.585833013057708740e-03
2.061944454908370972e-02
2.182373590767383575e-02
-1.267724111676216125e-02
3.748073428869247437e-02
-2.395303454250097275e-03
-7.449634373188018799e-02
3.499131277203559875e-02
2.559081651270389557e-02
-4.087872058153152466e-02
2.018237300217151642e-02
-2.353249303996562958e-02
4.249588027596473694e-02
4.473474249243736267e-02
3.051656857132911682e-02
3.035487793385982513e-02
5.889917723834514618e-03
-6.522540003061294556e-02
-9.020102769136428833e-02
-6.683824211359024048e-02
5.343931168317794800e-02
4.411236941814422607e-02
3.528820583596825600e-03
-3.087985143065452576e-02
1.718156272545456886e-04
-1.968734152615070343e-02
-5.166077613830566406e-02
-3.225460648536682129e-02
-3.501870110630989075e-02
5.291163176298141479e-02
4.386909306049346924e-02
3.088290616869926453e-02
4.181462153792381287e-02
-8.914498612284660339e-03
-1.041349396109580994e-02
1.948734372854232788e-02
-1.298523880541324615e-02
-2.025819011032581329e-02
4.445014521479606628e-02
-9.836744517087936401e-03
3.190530836582183838e-02
2.491913363337516785e-02
1.353550516068935394e-02
3.967199102044105530e-02
-4.910927964374423027e-04
-1.612591929733753204e-02
3.320383373647928238e-03
-6.657279282808303833e-02
1.177730970084667206e-02
2.777408994734287262e-02
-4.103308543562889099e-02
3.475324716418981552e-03
-4.208880010992288589e-03
-5.139303579926490784e-02
-1.945599541068077087e-02
-4.430323373526334763e-03
-2.335351519286632538e-02
-5.013744905591011047e-02
-2.808003872632980347e-02
1.721307076513767242e-02
-5.845084041357040405e-02
-3.676857054233551025e-02
4.309763759374618530e-02
-2.556221745908260345e-02
-3.347843140363693237e-02
1.804004656150937080e-03
2.047330327332019806e-02
-2.333458326756954193e-02
2.975550852715969086e-02
1.845754683017730713e-02
-4.395166784524917603e-02
-4.779499024152755737e-03
1.017198525369167328e-02
1.837387867271900177e-02
-1.800105348229408264e-02
-2.380287088453769684e-02
2.021974511444568634e-02
-4.710723645985126495e-03
-2.028910815715789795e-02
-2.095734328031539917e-02
4.031110554933547974e-02
-2.999426610767841339e-02
-6.181593518704175949e-03
-3.120088763535022736e-02
-1.792645268142223358e-02
-6.727074086666107178e-02
-1.880416274070739746e-02
-3.137997910380363464e-02
-6.771308183670043945e-02
5.402423813939094543e-02
1.172758080065250397e-02
3.364846110343933105e-02
-2.379084937274456024e-02
-4.659423977136611938e-02
2.131876070052385330e-03
1.672029728069901466e-03
-1.427325978875160217e-02
-2.932064235210418701e-02
1.546647399663925171e-02
1.578438654541969299e-02
1.309578772634267807e-02
-2.921871654689311981e-02
-1.704013533890247345e-02
7.842422276735305786e-02
1.206021662801504135e-02
-2.154512889683246613e-02
6.173593550920486450e-02
3.895176574587821960e-02
-3.039461188018321991e-02
-1.768169179558753967e-02
-7.882648147642612457e-03
8.149355649948120117e-03
3.291996568441390991e-02
2.140379510819911957e-03
-5.265005398541688919e-03
1.029623951762914658e-02
9.245236963033676147e-02
3.950849920511245728e-02
4.515891522169113159e-02
-5.640433728694915771e-02
-3.396185860037803650e-02
-3.877311944961547852e-02
-3.257817775011062622e-02
-5.645256955176591873e-03
-1.591311953961849213e-02
-5.018411204218864441e-03
3.191534802317619324e-02
4.532762803137302399e-03
1.531040389090776443e-02
-2.285421639680862427e-02
2.641497924923896790e-02
2.220444148406386375e-03
-1.738119311630725861e-02
1.782364770770072937e-02
-1.013260520994663239e-02
-4.189256113022565842e-03
-8.999406360089778900e-03
3.141478169709444046e-03
6.454914808273315430e-02
-4.985158517956733704e-02
-1.753607578575611115e-02
6.417261902242898941e-03
-1.117591001093387604e-02
-1.909898966550827026e-02
-3.670810535550117493e-02
-3.066604770720005035e-02
9.122432209551334381e-03
-2.927326783537864685e-02
-1.459661126136779785e-02
7.697798777371644974e-03
-3.770864754915237427e-02
3.373402403667569160e-03
2.909352770075201988e-03
-3.336215764284133911e-02
-3.162565827369689941e-02
6.277502048760652542e-03
-1.307430909946560860e-03
-7.351611740887165070e-03
2.090890705585479736e-02
3.162214905023574829e-02
-5.319192539900541306e-03
-3.587227780371904373e-03
1.483560167253017426e-02
1.272190245799720287e-03
4.906008392572402954e-02
3.414232283830642700e-02
-1.746615767478942871e-02
-1.239665597677230835e-02
-3.429926186800003052e-02
-2.678800933063030243e-02
1.294173998758196831e-03
-4.672414809465408325e-02
8.469030944979749620e-06
-3.199589625000953674e-02
-3.418889641761779785e-02
3.577122464776039124e-02
-1.970830187201499939e-02
-4.269183799624443054e-02
-3.659991174936294556e-02
-1.970191486179828644e-02
-4.211026802659034729e-02
-6.880977004766464233e-02
-1.708918134681880474e-03
2.020283415913581848e-02
2.103578671813011169e-02
1.998143643140792847e-02
2.577604260295629501e-03
4.669228568673133850e-02
2.780428342521190643e-02
1.605895161628723145e-02
3.786380589008331299e-02
-1.127006299793720245e-02
-1.889859698712825775e-02
-3.013710677623748779e-02
-2.143532782793045044e-02
-8.876974694430828094e-03
-3.889667987823486328e-02
-2.461392246186733246e-02
-5.833297036588191986e-03
-3.764346241950988770e-02
9.238093160092830658e-03
-2.592150308191776276e-02
-1.987758092582225800e-02
2.748950850218534470e-03
-3.073715604841709137e-02
-1.512849982827901840e-02
-2.440026029944419861e-03
-2.018636278808116913e-02
-3.195019066333770752e-02
-2.514769695699214935e-02
-1.699882000684738159e-02
-5.133273825049400330e-02
-1.237792894244194031e-02
-9.732091799378395081e-03
-8.267546072602272034e-03
-2.779158018529415131e-02
-1.293156016618013382e-02
-3.686660155653953552e-02
-2.132559567689895630e-02
1.322426088154315948e-02
7.987492717802524567e-03
-2.995526231825351715e-02
1.383350696414709091e-02
4.086109250783920288e-02
3.689935896545648575e-03
-9.989477694034576416e-03
2.999819256365299225e-02
-8.211379870772361755e-03
-7.028285879641771317e-03
7.321823388338088989e-03
-4.890594631433486938e-03
-8.393411524593830109e-03
1.123717986047267914e-02
-1.709463819861412048e-02
-4.752275347709655762e-02
-5.700737610459327698e-02
-2.711170539259910583e-02
-2.951992303133010864e-02
-2.474682033061981201e-02
2.490357030183076859e-03
-2.881996892392635345e-02
-3.448140621185302734e-02
-7.277215481735765934e-04
-3.609488159418106079e-02
-1.602768525481224060e-02
-2.485084347426891327e-02
2.884927578270435333e-02
1.457800064235925674e-02
-1.420301292091608047e-02
-1.532047754153609276e-03
2.211147733032703400e-02
-1.550746336579322815e-02
2.516432292759418488e-02
1.723722368478775024e-02
-1.798571273684501648e-02
-8.241239935159683228e-03
2.317183464765548706e-02
-8.899395354092121124e-03
-4.527351353317499161e-03
2.076021209359169006e-02
2.792887762188911438e-02
-9.174770675599575043e-03
2.110705338418483734e-02
-8.848325349390506744e-03
2.590062469244003296e-02
6.339300889521837234e-03
1.967640407383441925e-02
-1.646131649613380432e-02
-2.273932844400405884e-02
2.683300338685512543e-02
-5.145046859979629517e-03
-2.020813897252082825e-02
8.251617662608623505e-03
6.502084434032440186e-03
1.587312086485326290e-03
2.445566467940807343e-02
1.335773617029190063e-02
-4.755343252327293158e-04
-2.557804808020591736e-03
-1.174121629446744919e-02
-2.572268480435013771e-03
-2.419130131602287292e-02
-6.063678767532110214e-03
-1.109884213656187057e-02
-1.343702431768178940e-02
-6.061815656721591949e-03
1.126813050359487534e-02
-7.014576811343431473e-03
-5.261613056063652039e-03
4.399381577968597412e-02
6.858366075903177261e-03
1.238368824124336243e-02
5.270669981837272644e-02
3.227829467505216599e-03
1.729851006530225277e-03
3.120606578886508942e-02
-5.450497195124626160e-02
-4.096565768122673035e-02
-9.080411866307258606e-03
-2.560988999903202057e-02
-3.809873014688491821e-02
-1.535030733793973923e-02
1.877733878791332245e-02
3.377540735527873039e-03
-7.973778992891311646e-03
-2.910887822508811951e-02
5.651119630783796310e-03
3.229567408561706543e-02
-3.519593551754951477e-02
-1.495095901191234589e-02
-3.815561160445213318e-02
1.232416648417711258e-02
1.134548150002956390e-02
-7.375878747552633286e-03
-2.063787833321839571e-04
9.231712669134140015e-03
2.081455662846565247e-02
-2.146808430552482605e-02
-3.848895430564880371e-02
-5.048521235585212708e-02
2.915777452290058136e-02
2.044506557285785675e-02
-2.438792958855628967e-02
8.887184085324406624e-04
3.481600806117057800e-02
2.356035448610782623e-02
-6.896125525236129761e-02
-2.275662124156951904e-02
-2.734533883631229401e-02
-5.691921338438987732e-02
-2.175515890121459961e-02
-1.022944226861000061e-02
-3.932938352227210999e-02
-2.816739864647388458e-02
-5.570996436290442944e-04
-1.537629030644893646e-02
-1.478390768170356750e-02
-1.499218028038740158e-02
-1.234239153563976288e-02
-8.576458320021629333e-03
9.529813192784786224e-03
-3.667257353663444519e-02
-3.625966981053352356e-02
-1.521643809974193573e-02
-2.647008514031767845e-03
5.525696091353893280e-03
1.545450929552316666e-02
-3.754597855731844902e-03
-4.187881946563720703e-03
1.714845187962055206e-02
-1.802087575197219849e-02
-1.575921662151813507e-02
-8.947119116783142090e-03
3.474001213908195496e-02
-3.025702014565467834e-02
-4.000539332628250122e-02
3.280768543481826782e-02
-2.847310854122042656e-03
4.552616924047470093e-02
-1.675408519804477692e-02
8.635506965219974518e-03
5.959506705403327942e-02
-2.000085264444351196e-02
-3.034092485904693604e-02
-2.606914192438125610e-02
6.945054978132247925e-02
2.647462766617536545e-03
-3.548090904951095581e-02
8.399648964405059814e-02
2.683089114725589752e-02
-5.215191468596458435e-02
4.947799816727638245e-02
-6.510513834655284882e-03
1.253039669245481491e-02
4.948932677507400513e-02
-1.693412661552429199e-03
1.452036295086145401e-02
1.502540241926908493e-02
-1.104357372969388962e-02
-6.218080408871173859e-03
-9.616354480385780334e-03
-1.751458505168557167e-03
-1.001248601824045181e-02
-4.948999732732772827e-03
-3.809537738561630249e-03
-1.980488933622837067e-02
3.759184479713439941e-02
6.533227115869522095e-02
4.115780815482139587e-02
1.571270637214183807e-02
-4.201361536979675293e-02
-3.077611513435840607e-02
1.795473322272300720e-02
2.101063169538974762e-02
-9.632891975343227386e-03
6.280330941081047058e-03
-2.552756574004888535e-03
-1.368609629571437836e-02
-3.932671993970870972e-02
-1.057942770421504974e-02
-1.965551078319549561e-02
-1.936031132936477661e-02
-1.013079937547445297e-02
-2.394181676208972931e-03
6.105534266680479050e-03
2.520008385181427002e-02
1.425776135874912143e-04
-2.430363930761814117e-02
-5.726268514990806580e-02
-4.681020975112915039e-02
-1.299277879297733307e-03
6.967950146645307541e-03
5.791746452450752258e-02
-1.989713124930858612e-02
-2.044060081243515015e-02
4.736964032053947449e-02
-4.962610080838203430e-02
-1.910831779241561890e-02
3.324897494167089462e-03
-8.777759224176406860e-02
-8.046919852495193481e-02
-5.385591462254524231e-02
-3.361615538597106934e-02
-9.516245685517787933e-03
-3.872743621468544006e-02
8.774358779191970825e-03
1.076488569378852844e-02
-2.993540838360786438e-02
2.044509351253509521e-02
1.428943779319524765e-02
7.734815124422311783e-03
1.759077422320842743e-02
9.263757616281509399e-03
1.591385714709758759e-02
3.039701143279671669e-03
3.125379979610443115e-02
4.732972756028175354e-02
-3.368747979402542114e-02
-2.393329143524169922e-02
1.177848037332296371e-02
-1.166066247969865799e-02
3.670423990115523338e-03
2.985903993248939514e-02
5.009832978248596191e-02
4.458184354007244110e-03
8.832326857373118401e-04
-3.347378596663475037e-02
-5.406612530350685120e-02
-3.214958682656288147e-02
-4.357740655541419983e-02
-5.542772635817527771e-02
-4.839514568448066711e-02
-5.032896995544433594e-02
-3.538985177874565125e-02
-6.874854117631912231e-02
3.414568677544593811e-02
1.691039465367794037e-02
-5.662228912115097046e-03
4.127158597111701965e-02
1.936138607561588287e-02
2.194736339151859283e-02
-2.647403441369533539e-02
-3.703341586515307426e-03
1.612970978021621704e-02
-3.574341163039207458e-02
-1.733154803514480591e-02
1.473974529653787613e-02
-5.408146977424621582e-02
-2.783305197954177856e-02
-1.085534878075122833e-02
-1.058456394821405411e-02
1.529232319444417953e-02
-2.388303691986948252e-04
-3.968139737844467163e-02
-1.286968775093555450e-02
1.814366318285465240e-02
-2.286119572818279266e-02
-1.192806474864482880e-02
3.416334837675094604e-02
-1.595634408295154572e-02
-4.941860213875770569e-03
4.363397881388664246e-02
9.276772849261760712e-03
-2.841938287019729614e-02
6.067957263439893723e-03
1.125927316024899483e-03
-3.115778416395187378e-02
-1.791879534721374512e-02
4.275573417544364929e-03
1.732805557548999786e-02
-6.941519211977720261e-03
1.436320226639509201e-02
2.811478637158870697e-02
2.904582535848021507e-03
4.821927100419998169e-02
1.957072690129280090e-02
7.690832018852233887e-03
-6.109859049320220947e-02
-4.771627485752105713e-02
-3.853159025311470032e-02
-3.859602287411689758e-02
-4.265339672565460205e-02
-1.797999069094657898e-02
-1.764891855418682098e-02
-1.978084910660982132e-03
1.428578794002532959e-02
-2.905558235943317413e-02
-2.455118857324123383e-02
-1.454319711774587631e-02
-1.973315514624118805e-02
-1.464468147605657578e-02
1.617831736803054810e-02
2.221351722255349159e-03
3.413061425089836121e-02
4.565095156431198120e-02
-4.217680543661117554e-03
-9.403975680470466614e-03
-3.288993611931800842e-02
-2.755403146147727966e-02
-2.577366307377815247e-02
-4.800886660814285278e-02
3.675074875354766846e-02
4.316959530115127563e-02
1.813256181776523590e-02
-1.924452930688858032e-02
-2.230075560510158539e-02
-2.045157365500926971e-02
5.176914483308792114e-02
3.520511463284492493e-02
2.467793039977550507e-02
2.527440153062343597e-02
7.425832562148571014e-03
8.865614421665668488e-03
1.229234505444765091e-02
1.892219996079802513e-03
1.854847371578216553e-02
-2.226357581093907356e-03
-1.217703428119421005e-02
1.026213448494672775e-02
4.027038346976041794e-03
4.689021036028862000e-03
2.082763426005840302e-02
-1.174815744161605835e-02
1.254440005868673325e-02
1.230195723474025726e-02
-3.141884133219718933e-02
-2.096338942646980286e-02
-3.434187173843383789e-02
3.098383918404579163e-02
2.678687311708927155e-02
1.939950883388519287e-02
-1.123137306421995163e-02
-2.807259187102317810e-02
-2.403764519840478897e-03
-2.216938138008117676e-02
-2.254478819668292999e-02
-2.201735228300094604e-02
-1.282350160181522369e-02
-1.221191510558128357e-02
1.249868609011173248e-02
1.230140961706638336e-02
-1.118380762636661530e-02
-2.367478329688310623e-03
-7.027498446404933929e-03
1.004239264875650406e-02
1.606178353540599346e-03
1.827119849622249603e-02
1.765685155987739563e-02
-5.145838018506765366e-03
-2.882364206016063690e-02
-1.501979865133762360e-02
-6.088861264288425446e-03
2.140487171709537506e-02
6.062109488993883133e-03
-2.424677275121212006e-02
4.133715108036994934e-02
9.810307994484901428e-03
3.681369358673691750e-03
-2.185291610658168793e-03
-4.609870724380016327e-03
-3.113066777586936951e-03
2.120359055697917938e-02
1.418751850724220276e-02
1.067012827843427658e-02
2.167532779276371002e-02
5.171131342649459839e-02
3.350950405001640320e-02
2.438351511955261230e-02
5.059472750872373581e-04
-3.428183123469352722e-02
-1.140909455716609955e-02
-1.379317976534366608e-02
-2.341787144541740417e-02
-7.520943763665854931e-04
1.015538536012172699e-02
-1.061252970248460770e-02
-2.374918386340141296e-02
-1.232809945940971375e-02
-1.695197308436036110e-03
-2.072651311755180359e-02
-2.212677337229251862e-02
1.367282494902610779e-02
-1.651960425078868866e-02
6.392169743776321411e-03
1.754826679825782776e-02
5.023716390132904053e-02
-3.906725905835628510e-03
-2.387826534686610103e-04
3.731229901313781738e-02
9.377513080835342407e-03
2.410566806793212891e-02
6.423018872737884521e-02
2.786402218043804169e-02
3.095359355211257935e-02
4.967615939676761627e-03
6.373451650142669678e-02
1.131146550178527832e-01
-6.141089834272861481e-03
1.136918319389224052e-03
7.805717736482620239e-02
-1.110630808398127556e-03
-2.136844024062156677e-02
4.880895372480154037e-03
2.122100070118904114e-02
3.317376226186752319e-02
4.587570577859878540e-02
8.795688045211136341e-04
2.575399540364742279e-02
1.903816498816013336e-02
-2.807298151310533285e-04
2.493514912202954292e-03
-3.883390501141548157e-02
-2.549651637673377991e-02
-2.442773617804050446e-02
-9.044857695698738098e-03
-1.839328929781913757e-02
-2.955182828009128571e-02
-4.777111858129501343e-02
-1.327924057841300964e-02
-3.417235240340232849e-02
-4.142305254936218262e-02
1.129412557929754257e-02
-1.525166817009449005e-02
-1.764865592122077942e-02
-1.109121949411928654e-03
-3.719630464911460876e-02
-2.215437404811382294e-02
2.556233853101730347e-02
-2.480349130928516388e-02
-2.714260108768939972e-02
7.104349881410598755e-02
3.899933397769927979e-02
5.183706060051918030e-02
8.700937032699584961e-02
6.815239042043685913e-02
6.261418759822845459e-02
5.602492019534111023e-02
6.941404938697814941e-02
1.009018719196319580e-01
3.522135317325592041e-02
3.527965396642684937e-02
1.999665750190615654e-03
-5.269201472401618958e-02
-1.272461749613285065e-02
1.747912354767322540e-02
-5.350976809859275818e-02
1.701495051383972168e-02
5.317112430930137634e-02
-5.081285163760185242e-02
-1.737504824995994568e-02
-9.171595796942710876e-03
-3.690677136182785034e-02
-1.400667708367109299e-02
-3.600169718265533447e-02
-3.459271788597106934e-02
-4.346784576773643494e-02
-5.410253256559371948e-02
-4.936343990266323090e-03
6.938537117093801498e-03
1.699852012097835541e-02
2.761514112353324890e-02
3.502780944108963013e-02
1.750421151518821716e-02
3.274931758642196655e-02
4.910420998930931091e-02
4.644256085157394409e-02
3.990058973431587219e-02
5.064212251454591751e-03
2.828945219516754150e-02
4.611459001898765564e-02
5.095480009913444519e-02
3.314746916294097900e-02
-2.164459147024899721e-05
1.374119054526090622e-02
1.509038824588060379e-02
3.080074861645698547e-02
3.095593675971031189e-02
2.025699429214000702e-02
2.459659427404403687e-02
9.090165607631206512e-03
-1.791675575077533722e-03
-1.486338092945516109e-03
-3.220258653163909912e-02
-6.834163516759872437e-02
9.036446362733840942e-02
6.738350540399551392e-02
1.163298413157463074e-01
1.875032554380595684e-03
-2.067319862544536591e-02
6.559056788682937622e-02
-3.711931779980659485e-02
-5.559318885207176208e-02
-5.811444018036127090e-03
-3.068128041923046112e-02
-1.810493879020214081e-02
-2.547255903482437134e-02
4.706638399511575699e-03
6.220801733434200287e-03
-3.965200483798980713e-02
-1.661207526922225952e-02
-1.498982124030590057e-02
-4.003527387976646423e-02
-3.882464766502380371e-02
1.106921117752790451e-02
-4.679554142057895660e-03
-1.431436277925968170e-02
3.846500441431999207e-02
2.839154377579689026e-02
2.534065768122673035e-02
5.190827324986457825e-02
5.842902511358261108e-02
-4.875177145004272461e-02
5.574163049459457397e-03
2.649279311299324036e-02
-3.069380298256874084e-02
8.224733173847198486e-03
2.258077077567577362e-02
-3.110210224986076355e-02
-1.752410829067230225e-02
-3.042168542742729187e-02
4.182109609246253967e-02
3.575859963893890381e-02
-3.907782491296529770e-03
-1.743300631642341614e-02
5.523007363080978394e-03
-8.153680711984634399e-03
-3.069383092224597931e-02
-1.932049356400966644e-02
-6.499010603874921799e-03
1.453114766627550125e-02
-1.204717718064785004e-02
1.317912247031927109e-02
-1.844785735011100769e-02
-2.064342238008975983e-02
-1.421973947435617447e-02
-7.666511926800012589e-03
-3.251118212938308716e-02
-6.336994003504514694e-03
3.371200338006019592e-02
6.542898714542388916e-02
7.980573177337646484e-02
-4.172122105956077576e-02
5.303891375660896301e-03
3.246525675058364868e-02
-4.541321843862533569e-02
-1.956790313124656677e-02
-1.284012570977210999e-02
4.241980239748954773e-02
4.917920008301734924e-02
-3.208536887541413307e-03
-7.255385164171457291e-03
2.026693522930145264e-02
-2.349556982517242432e-02
-2.705290168523788452e-02
-1.341056171804666519e-02
-4.063355922698974609e-02
-3.694711625576019287e-02
-4.041374474763870239e-02
-3.674741461873054504e-02
-3.321263194084167480e-02
-2.361447364091873169e-02
-3.919244930148124695e-02
-3.969752788543701172e-02
-1.772130839526653290e-02
-4.103745147585868835e-02
-2.460976690053939819e-02
-2.408447209745645523e-03
1.216000784188508987e-02
-1.257385709322988987e-03
1.869149506092071533e-03
-5.772177595645189285e-03
-1.652842760086059570e-02
2.325697802007198334e-02
5.345325451344251633e-03
1.124793756753206253e-02
8.771015331149101257e-03
5.065133050084114075e-02
-4.495050758123397827e-03
-3.312837798148393631e-03
-5.702214781194925308e-03
-5.356998741626739502e-02
-2.603192999958992004e-02
-3.214970976114273071e-02
1.442289911210536957e-03
3.683108091354370117e-02
1.954912580549716949e-02
-3.187480568885803223e-02
1.052582729607820511e-02
2.139574103057384491e-02
-2.191677130758762360e-02
-2.640069276094436646e-02
-2.381206862628459930e-02
-2.387182787060737610e-02
-3.769709437619894743e-04
-1.778760552406311035e-02
-1.328162942081689835e-02
1.780477905413135886e-04
-2.602586895227432251e-02
-3.170563140884041786e-03
-2.378015965223312378e-02
-2.768619731068611145e-02
-4.978248104453086853e-02
-2.440279535949230194e-02
-1.783347688615322113e-02
2.429767698049545288e-02
2.688879147171974182e-02
3.203877434134483337e-02
2.130669541656970978e-02
2.084646373987197876e-02
2.382254414260387421e-02
-2.134338580071926117e-02
-4.883327707648277283e-02
-3.424501791596412659e-02
-5.544581799767911434e-04
1.856819726526737213e-02
4.791532829403877258e-02
-7.194695528596639633e-03
-1.621713489294052124e-02
6.911735050380229950e-03
8.393668103963136673e-04
4.859185777604579926e-03
-1.054606307297945023e-02
-2.862928062677383423e-02
6.488021928817033768e-03
2.346325293183326721e-02
-1.570437848567962646e-02
2.073246799409389496e-02
2.395195141434669495e-02
-7.218027487397193909e-03
-9.815902449190616608e-03
-2.975965104997158051e-02
-4.689113236963748932e-03
4.296702798455953598e-03
-3.404437750577926636e-02
2.361640334129333496e-02
2.020257990807294846e-03
-3.678644448518753052e-02
-3.230867907404899597e-02
-2.715864591300487518e-02
-4.234886914491653442e-02
-9.766915813088417053e-03
-1.922440715134143829e-02
-6.774822715669870377e-03
1.218252629041671753e-02
-3.689225763082504272e-02
-5.765460431575775146e-02
-1.629219017922878265e-02
-1.702782511711120605e-02
-1.989055424928665161e-02
-2.160778455436229706e-02
-2.010746300220489502e-02
4.437266290187835693e-02
-1.830658502876758575e-02
-1.883341372013092041e-02
1.125000696629285812e-02
7.471468299627304077e-02
-9.473242796957492828e-03
-5.259466543793678284e-02
5.796671658754348755e-02
-5.386684089899063110e-02
-5.654968693852424622e-02
5.469192937016487122e-02
-2.930850908160209656e-02
9.496909333392977715e-04
4.539554007351398468e-03
5.861661862581968307e-03
-2.921793237328529358e-02
2.808513492345809937e-02
5.559395067393779755e-04
-3.450607508420944214e-02
7.755082566291093826e-03
-1.169650908559560776e-02
-1.905087381601333618e-02
-7.026734296232461929e-03
-8.081971667706966400e-03
-2.852694317698478699e-02
-1.180339790880680084e-02
-8.644252084195613861e-03
-2.426511608064174652e-02
-2.729752473533153534e-02
-9.275077842175960541e-03
1.492699421942234039e-02
-5.977222695946693420e-02
-4.293305054306983948e-02
6.362898275256156921e-03
-4.460604861378669739e-02
-1.459695491939783096e-02
4.685449413955211639e-03
-3.154075518250465393e-02
-2.862570434808731079e-02
-1.609556563198566437e-02
2.768143778666853905e-03
-2.171988412737846375e-02
-4.373183846473693848e-02
1.368879899382591248e-02
1.524193771183490753e-02
-3.456692025065422058e-02
2.583146840333938599e-02
3.259963914752006531e-02
-3.420796245336532593e-02
-2.010208787396550179e-03
1.799061335623264313e-02
-1.065948233008384705e-02
2.144065126776695251e-02
5.694243125617504120e-03
-5.316620692610740662e-02
1.593305729329586029e-02
2.877504739444702864e-04
-4.157677665352821350e-02
-3.332690801471471786e-03
-1.692429371178150177e-02
7.645023521035909653e-03
3.668182715773582458e-02
-2.318262681365013123e-02
-5.646394565701484680e-03
-9.380189701914787292e-03
-1.443382445722818375e-02
-4.256346076726913452e-02
3.866662830114364624e-02
-2.703156135976314545e-02
-1.284808292984962463e-02
6.263291090726852417e-02
1.847343146800994873e-02
-7.464491063728928566e-04
7.699923217296600342e-02
2.720066159963607788e-02
-1.006680889986455441e-03
-3.042334318161010742e-02
-3.560272604227066040e-02
-1.564748771488666534e-02
-4.149825125932693481e-02
-2.691315859556198120e-02
3.073326684534549713e-02
-1.975922659039497375e-02
-2.540441602468490601e-02
4.100568592548370361e-02
6.365602463483810425e-02
2.952946722507476807e-02
-1.685266755521297455e-02
-1.238778699189424515e-03
-3.349352255463600159e-02
-5.105095356702804565e-02
-2.917096577584743500e-02
-6.137752905488014221e-02
-4.915402084589004517e-02
4.407647624611854553e-02
1.789393834769725800e-02
-2.860701456665992737e-02
4.173678159713745117e-02
5.270775035023689270e-02
3.856481611728668213e-02
2.647434175014495850e-02
2.097859978675842285e-02
2.368990331888198853e-03
7.331414613872766495e-03
5.025854334235191345e-03
-4.415567591786384583e-02
2.140423841774463654e-02
6.035092752426862717e-03
-3.363611921668052673e-02
3.272408852353692055e-03
-9.788370225578546524e-04
-3.757033124566078186e-02
2.055915258824825287e-02
2.099681412801146507e-03
-2.715842798352241516e-02
-2.207705192267894745e-02
-3.982238471508026123e-03
-2.692011371254920959e-02
-1.535468641668558121e-02
3.018999285995960236e-02
4.491043277084827423e-03
-3.879969706758856773e-03
-4.435631912201642990e-03
-1.652915030717849731e-02
-5.536736547946929932e-02
-1.878046803176403046e-02
-2.911132015287876129e-02
-3.685023635625839233e-02
-2.962264791131019592e-02
1.802843250334262848e-02
1.014068839140236378e-03
1.281132921576499939e-02
-9.672369807958602905e-03
1.176686119288206100e-02
5.277258343994617462e-03
-1.477124821394681931e-02
-1.141581777483224869e-02
2.969323098659515381e-02
3.760225698351860046e-02
-1.552372332662343979e-02
-1.790270768105983734e-02
-1.315011922270059586e-02
-1.871661469340324402e-02
-4.996131174266338348e-03
-2.166050719097256660e-03
-2.058562822639942169e-02
1.447609998285770416e-02
2.412725239992141724e-02
5.086543504148721695e-03
2.137487381696701050e-02
3.498200327157974243e-03
4.127360880374908447e-02
4.426600784063339233e-02
1.092250808142125607e-03
1.651463471353054047e-02
-1.998185366392135620e-02
-4.640839621424674988e-02
4.087125882506370544e-02
-1.922146230936050415e-02
-2.534107305109500885e-02
3.063881956040859222e-02
-3.331276401877403259e-02
-2.902952395379543304e-02
-1.246059406548738480e-02
-4.559553787112236023e-02
-5.042131617665290833e-02
-3.339996188879013062e-02
-1.064439024776220322e-02
1.873019849881529808e-03
-2.459677867591381073e-02
1.263621263206005096e-02
4.268931970000267029e-02
-2.962734550237655640e-02
-2.520473860204219818e-02
3.385517979040741920e-03
1.748907938599586487e-02
1.089825667440891266e-02
4.650900606065988541e-03
2.201890945434570312e-02
-2.657643146812915802e-02
1.621768064796924591e-02
7.265000604093074799e-03
4.394557618070393801e-04
2.773539163172245026e-02
6.673632562160491943e-02
3.347017243504524231e-02
-1.231043506413698196e-02
2.348518930375576019e-02
-7.061713375151157379e-03
-3.435453400015830994e-02
1.156365778297185898e-02
8.006326854228973389e-03
-1.862055738456547260e-03
7.168141007423400879e-02
2.381609007716178894e-02
-4.247896838933229446e-03
1.629390940070152283e-02
-7.862810045480728149e-03
-5.202029272913932800e-02
7.403670251369476318e-02
5.051526054739952087e-02
-2.120803669095039368e-02
2.142110373824834824e-03
-3.528812155127525330e-02
-4.940031468868255615e-02
2.262733317911624908e-02
-4.271362349390983582e-02
-4.643161967396736145e-02
4.436727240681648254e-02
-6.869070697575807571e-03
-1.450003497302532196e-02
2.084548026323318481e-02
3.949556872248649597e-02
2.727511711418628693e-02
-9.647479280829429626e-03
1.399234775453805923e-02
-3.626846009865403175e-03
-3.248448017984628677e-03
-1.954583823680877686e-02
-9.719500318169593811e-03
-9.733270853757858276e-03
-3.237538971006870270e-03
-1.621244288980960846e-02
1.440924778580665588e-02
1.604493148624897003e-02
-3.640767931938171387e-02
2.135238144546747208e-03
-1.551662851125001907e-02
-2.462677285075187683e-02
4.392038658261299133e-02
2.990140020847320557e-02
-3.070899285376071930e-02
4.993574228137731552e-03
-1.842551678419113159e-02
-5.070321261882781982e-02
7.604428566992282867e-03
-7.962985895574092865e-03
-3.717966377735137939e-02
-6.906998902559280396e-02
-1.853559724986553192e-02
3.622816130518913269e-02
-4.852456972002983093e-02
-1.828831247985363007e-02
5.968562327325344086e-03
-4.742911085486412048e-02
-6.841530557721853256e-04
4.425037186592817307e-04
4.310866817831993103e-03
-1.744580268859863281e-02
4.007508605718612671e-02
-2.785808220505714417e-02
-1.614488475024700165e-02
7.417132705450057983e-02
9.480655193328857422e-03
4.191986750811338425e-03
5.289778113365173340e-02
-2.790654543787240982e-04
1.496155094355344772e-02
-2.173701487481594086e-02
1.635434851050376892e-02
-1.329751405864953995e-02
-1.072621624916791916e-02
9.442952461540699005e-03
-6.450086832046508789e-03
5.439641419798135757e-03
-1.295980904251337051e-02
-1.159047894179821014e-02
2.025362104177474976e-02
-2.761096879839897156e-02
1.738674938678741455e-02
3.892263397574424744e-02
-2.033022046089172363e-02
-1.168652158230543137e-02
-8.889216929674148560e-03
9.766379371285438538e-03
1.803436502814292908e-02
-9.962970390915870667e-03
4.175320267677307129e-02
3.340376168489456177e-02
-2.894459851086139679e-02
5.987834557890892029e-02
-9.763166308403015137e-03
-4.477485269308090210e-02
-6.657591462135314941e-02
-2.720365673303604126e-02
1.142382528632879257e-02
-4.390297830104827881e-02
-1.771000400185585022e-02
6.967388093471527100e-02
-2.007912658154964447e-02
-2.143562398850917816e-02
5.706147477030754089e-02
-2.753698267042636871e-02
1.685684546828269958e-02
1.490410510450601578e-02
-9.561798535287380219e-03
1.577220857143402100e-02
3.894146531820297241e-02
2.829355001449584961e-02
6.684444379061460495e-03
3.442531079053878784e-02
-2.293477579951286316e-02
2.569426409900188446e-02
2.295803837478160858e-02
-2.049489878118038177e-03
1.005859766155481339e-02
1.518803089857101440e-02
1.839782297611236572e-02
3.807504102587699890e-02
-1.344157662242650986e-02
-3.028672654181718826e-03
-1.358922477811574936e-02
-3.281310200691223145e-02
-2.318579331040382385e-02
-2.020770683884620667e-02
-3.579413890838623047e-02
-2.828994579613208771e-02
1.565595343708992004e-02
1.087976992130279541e-02
1.049478072673082352e-02
4.442618414759635925e-02
4.777523502707481384e-02
-1.141513884067535400e-02
-1.508789788931608200e-02
-2.911990741267800331e-03
-1.601267233490943909e-02
4.541432484984397888e-03
-6.593382917344570160e-03
1.080081053078174591e-02
-6.543668452650308609e-03
3.057387424632906914e-03
-5.729604046791791916e-03
-3.144254907965660095e-02
2.081969194114208221e-02
-1.396357081830501556e-02
-1.998503319919109344e-02
3.022035956382751465e-02
-5.715741310268640518e-03
1.612743921577930450e-02
2.131602354347705841e-02
-1.730221509933471680e-02
-2.254622988402843475e-02
-4.101460427045822144e-02
-7.161146029829978943e-03
-9.509386494755744934e-03
-2.431699447333812714e-02
-2.444721013307571411e-02
-2.698811329901218414e-02
-3.621124103665351868e-02
8.278659544885158539e-03
4.514466971158981323e-02
1.212513912469148636e-02
-6.539672613143920898e-03
3.313547000288963318e-02
2.577478624880313873e-02
-1.103553175926208496e-02
-3.954905644059181213e-02
-6.192540377378463745e-02
1.992796361446380615e-02
-2.157229930162429810e-02
-7.710917294025421143e-02
3.207420557737350464e-02
3.821194404736161232e-03
-4.023987334221601486e-03
-1.447274629026651382e-02
-1.633181981742382050e-02
1.696486398577690125e-02
-3.683062642812728882e-02
-8.228636346757411957e-03
3.818107023835182190e-02
-6.941043585538864136e-02
-3.169065713882446289e-02
4.837483167648315430e-02
6.267027556896209717e-02
9.544851258397102356e-03
-3.467081487178802490e-02
2.888251654803752899e-02
2.177491784095764160e-02
-2.988634444773197174e-02
-1.205406058579683304e-02
-2.648744359612464905e-02
-7.580940425395965576e-02
1.384111866354942322e-02
-1.858372241258621216e-02
-4.630384594202041626e-02
5.533795058727264404e-02
-3.727441886439919472e-03
-1.409223210066556931e-02
9.144150651991367340e-03
-1.139484718441963196e-02
-4.362664744257926941e-02
2.699773176573216915e-04
2.487023128196597099e-03
1.010718103498220444e-02
-7.630045991390943527e-03
-5.809536203742027283e-03
-9.022627025842666626e-03
2.537547424435615540e-02
-2.133742673322558403e-03
4.057766497135162354e-02
-3.677629167214035988e-03
2.450073137879371643e-02
-2.365333773195743561e-02
1.605096831917762756e-02
2.264693565666675568e-02
-5.364878103137016296e-03
1.488587539643049240e-02
-3.781687468290328979e-02
1.302733086049556732e-02
4.313503205776214600e-02
9.232643060386180878e-03
1.782014779746532440e-02
3.279893472790718079e-02
-5.639868788421154022e-03
-1.840922236442565918e-02
6.224189698696136475e-02
3.090954758226871490e-02
-3.703884035348892212e-02
5.962428171187639236e-03
2.552259527146816254e-02
1.865486800670623779e-02
-2.125105261802673340e-02
3.719477681443095207e-03
3.710284456610679626e-02
1.061171386390924454e-02
-4.757677670568227768e-03
-1.878705061972141266e-02
-1.463463529944419861e-02
2.639312855899333954e-02
1.007307320833206177e-02
-1.977685280144214630e-02
6.532605038955807686e-04
1.349017210304737091e-02
-8.260453119874000549e-03
-8.106412366032600403e-03
2.206032397225499153e-03
-1.060982234776020050e-02
-2.088486216962337494e-02
-2.037639543414115906e-02
5.444993730634450912e-03
1.779630780220031738e-03
3.111237892881035805e-03
9.708708152174949646e-03
-1.470504794269800186e-02
-4.050561785697937012e-02
7.505895104259252548e-03
2.138418145477771759e-03
5.138973239809274673e-03
-1.878931559622287750e-02
-2.036645449697971344e-02
5.505106877535581589e-03
1.980420574545860291e-02
1.731961034238338470e-02
1.740795001387596130e-02
-2.332547446712851524e-03
-2.492195926606655121e-02
-1.925526000559329987e-02
-1.030725240707397461e-02
-2.036080509424209595e-02
-4.437481984496116638e-03
-4.789099842309951782e-02
-1.979565992951393127e-02
-3.777578845620155334e-02
-1.685318537056446075e-02
-3.437396883964538574e-02
3.341213613748550415e-02
-1.658728346228599548e-02
-3.286547586321830750e-02
5.705116689205169678e-02
-2.693255804479122162e-02
-4.852461069822311401e-02
4.257682710886001587e-02
1.875815331004559994e-03
-1.330998167395591736e-02
-1.911327242851257324e-03
4.867043346166610718e-03
-1.676110737025737762e-02
-2.406899444758892059e-02
5.145658273249864578e-03
-2.355104684829711914e-02
-4.405070841312408447e-02
-4.992404952645301819e-03
-2.295710891485214233e-02
-2.514473348855972290e-02
2.252405742183327675e-03
-4.462539684027433395e-03
5.443559959530830383e-03
-1.089392602443695068e-02
4.001537710428237915e-02
7.851020246744155884e-02
2.828488126397132874e-02
3.607895225286483765e-02
5.661720409989356995e-02
-3.467450384050607681e-03
2.643345855176448822e-02
6.305014342069625854e-02
-1.523607783019542694e-02
-1.437767222523689270e-02
1.277232309803366661e-03
-1.480760332196950912e-02
-2.192108659073710442e-03
2.994153834879398346e-02
-3.190442686900496483e-03
1.544791832566261292e-02
5.368273332715034485e-02
-1.443432178348302841e-02
-2.264870144426822662e-02
5.712620913982391357e-02
-7.031600456684827805e-03
-3.455097973346710205e-02
3.406957257539033890e-03
-2.364246733486652374e-02
-4.249870777130126953e-02
3.351243212819099426e-03
-2.172443270683288574e-02
-1.387346629053354263e-02
-1.347233913838863373e-02
-8.313845610246062279e-04
-6.329790502786636353e-02
1.206159219145774841e-02
-8.253327570855617523e-03
-3.840303793549537659e-02
7.684935349971055984e-03
4.366576299071311951e-02
1.969502307474613190e-02
5.481854546815156937e-03
-2.735512144863605499e-02
-4.101733863353729248e-02
-7.008747663348913193e-03
-2.939882129430770874e-02
-3.971696272492408752e-02
-4.202725249342620373e-04
-1.920401863753795624e-02
-6.457406096160411835e-03
1.151787023991346359e-02
2.351583354175090790e-02
-4.254763200879096985e-02
-8.702829480171203613e-03
-1.816952414810657501e-02
-2.051287144422531128e-02
1.482982002198696136e-02
6.776671111583709717e-02
5.613015592098236084e-02
1.923133619129657745e-02
-2.940421458333730698e-03
-2.421908313408493996e-03
1.706021465361118317e-02
-9.010197594761848450e-03
-3.435349464416503906e-02
-3.318298235535621643e-02
-8.991550654172897339e-03
2.032105252146720886e-02
1.949875429272651672e-02
2.949463576078414917e-02
4.184108972549438477e-02
3.205823898315429688e-02
-3.158073872327804565e-02
-2.929497137665748596e-02
-2.358878217637538910e-02
-5.474248528480529785e-02
-4.372351989150047302e-02
-3.203284367918968201e-02
-1.728000119328498840e-02
-2.348262816667556763e-02
-9.992451407015323639e-03
5.455550854094326496e-04
-1.348705030977725983e-02
9.837952442467212677e-03
2.321328595280647278e-02
8.925456553697586060e-03
3.609157865867018700e-03
-4.076772555708885193e-02
-4.632977768778800964e-02
-3.365819528698921204e-02
-2.541883662343025208e-02
-3.292708471417427063e-02
-1.789020560681819916e-02
5.168880894780158997e-02
4.217304661870002747e-02
3.944969177246093750e-02
1.337252650409936905e-02
1.056558545678853989e-02
1.274961326271295547e-02
-4.226969927549362183e-02
-3.665475919842720032e-02
-3.386838734149932861e-02
-6.011435016989707947e-02
-4.804819449782371521e-02
-3.523236513137817383e-02
-2.498677931725978851e-02
-1.672913692891597748e-02
-1.683974079787731171e-02
-2.116706594824790955e-02
-1.097579859197139740e-02
1.255892030894756317e-02
-1.149258925579488277e-03
8.725672028958797455e-03
6.160649005323648453e-03
5.832665041089057922e-02
3.535981103777885437e-02
3.089368157088756561e-02
3.726122528314590454e-02
2.470733039081096649e-02
2.233132719993591309e-02
3.505153581500053406e-02
7.757359649986028671e-03
2.716485410928726196e-02
-6.880179047584533691e-02
-8.849737048149108887e-02
-7.318190485239028931e-02
-5.117382109165191650e-02
-5.600687861442565918e-02
-3.834141045808792114e-02
-3.327677026391029358e-02
-4.200267605483531952e-03
4.791775718331336975e-03
-5.785109847784042358e-02
-4.550293087959289551e-02
-1.919087022542953491e-02
-1.940359175205230713e-02
-1.422943640500307083e-02
-1.993519067764282227e-02
8.673386764712631702e-04
1.097640255466103554e-03
1.902078464627265930e-02
4.907727241516113281e-02
5.512052215635776520e-03
5.137717351317405701e-03
-9.684705175459384918e-03
-2.959504537284374237e-02
7.811990566551685333e-03
-1.508477143943309784e-03
-8.056677877902984619e-03
-2.849039854481816292e-03
-9.379992116009816527e-05
-4.679861944168806076e-03
-1.879473030567169189e-02
-1.459671277552843094e-02
-9.424448944628238678e-03
-6.656292825937271118e-03
-4.962967243045568466e-03
9.736350737512111664e-03
-9.049852378666400909e-03
-6.423672195523977280e-03
2.166360802948474884e-02
3.427999617997556925e-04
-3.105185180902481079e-02
-2.857468090951442719e-02
-2.053907699882984161e-02
2.342185936868190765e-02
1.251523569226264954e-02
7.112466730177402496e-03
-2.283528074622154236e-02
-4.439238086342811584e-02
-7.411619275808334351e-02
1.091324631124734879e-02
2.033947408199310303e-02
-1.084021199494600296e-02
1.340025290846824646e-02
1.016738731414079666e-02
-1.661597378551959991e-02
-4.762821644544601440e-02
8.214350789785385132e-03
-1.864188583567738533e-03
-2.944652689620852470e-03
3.091489709913730621e-02
2.475944347679615021e-02
-2.537993341684341431e-02
-1.217293273657560349e-02
-1.247394946403801441e-03
1.440917514264583588e-02
-1.594251766800880432e-02
-1.598077081143856049e-02
1.856468431651592255e-02
8.653388358652591705e-03
-5.827438086271286011e-03
-6.110022775828838348e-03
1.989160850644111633e-02
4.578840918838977814e-03
-2.641122415661811829e-02
-1.113812997937202454e-02
-1.351077575236558914e-02
-4.816090222448110580e-03
1.469157729297876358e-02
1.171075645834207535e-02
-2.245557866990566254e-02
-1.627179607748985291e-02
-1.369648333638906479e-02
-2.581947483122348785e-02
-3.419915214180946350e-02
-2.403462864458560944e-02
4.567839670926332474e-03
2.453013882040977478e-02
4.893166199326515198e-02
2.135496214032173157e-02
3.876283764839172363e-02
5.977289378643035889e-02
5.435647815465927124e-02
4.955255985260009766e-02
4.700301215052604675e-02
4.175476357340812683e-02
3.099850378930568695e-02
1.398428156971931458e-02
8.671514689922332764e-03
1.633669808506965637e-02
-1.563346385955810547e-02
6.950788199901580811e-02
5.064068827778100967e-03
-1.540929824113845825e-02
-9.570930153131484985e-03
-2.911102026700973511e-02
-3.926003724336624146e-02
-3.669482469558715820e-02
-2.639431692659854889e-02
-4.529248923063278198e-02
2.313231676816940308e-02
1.687933690845966339e-02
-2.737052738666534424e-02
-5.363294854760169983e-03
1.202197559177875519e-02
-1.065126899629831314e-02
-1.418904867023229599e-02
-6.516453344374895096e-03
2.425502752885222435e-03
5.345250293612480164e-02
6.592368334531784058e-02
8.296508342027664185e-02
5.122169479727745056e-02
2.856304682791233063e-02
3.474200144410133362e-02
-7.678956259042024612e-03
1.925392425619065762e-03
-1.566744036972522736e-02
3.000112436711788177e-02
3.123618848621845245e-02
2.855960652232170105e-02
7.948924321681261063e-04
2.961700223386287689e-02
-1.418807660229504108e-03
-3.632135689258575439e-02
1.961415261030197144e-02
-1.052298489958047867e-02
-3.630940616130828857e-02
-3.495500981807708740e-02
-6.602944433689117432e-02
-3.826159611344337463e-02
-3.115917183458805084e-02
-2.362784557044506073e-02
-4.968599602580070496e-02
-2.826126664876937866e-02
-2.791097853332757950e-03
-8.994456380605697632e-03
-1.040542777627706528e-02
-2.865050174295902252e-02
-3.088659606873989105e-02
-2.298196218907833099e-02
-3.732856735587120056e-02
-3.044174751266837120e-03
9.040804579854011536e-03
-8.837558329105377197e-03
-3.019108064472675323e-02
-2.447996847331523895e-02
-3.575412929058074951e-02
-2.755073830485343933e-02
-1.670841872692108154e-02
-3.241300210356712341e-02
2.131622517481446266e-03
1.985761336982250214e-02
-6.234544329345226288e-03
6.930148694664239883e-03
-1.584896445274353027e-02
2.968242205679416656e-02
-9.938783012330532074e-03
-1.015405287034809589e-03
1.527720503509044647e-02
-9.589565917849540710e-03
3.144368529319763184e-03
9.678533300757408142e-03
-4.253024980425834656e-02
-3.927386552095413208e-02
-3.868188336491584778e-02
-2.265498973429203033e-02
-4.288639128208160400e-02
-4.024311155080795288e-02
4.317017644643783569e-02
4.089744389057159424e-02
4.016358405351638794e-02
-4.496081545948982239e-02
-3.617052733898162842e-02
-3.856857866048812866e-02
-5.636062473058700562e-03
-8.613061159849166870e-03
1.716913538984954357e-04
8.581140427850186825e-04
1.648189150728285313e-03
4.497179761528968811e-02
-1.639121212065219879e-02
-1.804542541503906250e-02
-2.141966484487056732e-02
7.897661998867988586e-03
2.734791301190853119e-02
1.510363817214965820e-02
2.256784774363040924e-02
4.926976934075355530e-02
1.060025207698345184e-02
-1.008969498798251152e-03
-1.546550821512937546e-02
-5.417420994490385056e-03
3.366651711985468864e-03
-3.588909283280372620e-03
-1.169668603688478470e-02
3.353552892804145813e-02
8.464228361845016479e-03
-9.208010509610176086e-03
2.466045320034027100e-02
-1.769257895648479462e-02
-5.098858382552862167e-03
1.855497434735298157e-02
-2.250390499830245972e-02
-9.736481122672557831e-03
2.771565690636634827e-02
1.489088032394647598e-02
4.714267794042825699e-03
1.029372494667768478e-02
2.847166359424591064e-02
6.375242024660110474e-02
-6.867391988635063171e-03
8.924200199544429779e-03
4.715147987008094788e-02
-2.191225811839103699e-02
-2.277757972478866577e-02
-1.425120886415243149e-02
-4.796649795025587082e-03
-2.012433856725692749e-02
-1.370751671493053436e-02
8.039901033043861389e-03
-3.660537675023078918e-02
-1.855844259262084961e-02
-1.714709773659706116e-02
-2.818966098129749298e-02
7.374774198979139328e-03
1.030236110091209412e-02
-2.966546686366200447e-03
-3.483257815241813660e-02
-4.089120775461196899e-03
-1.331640593707561493e-02
-1.860849931836128235e-02
-2.917613275349140167e-02
-3.820736333727836609e-02
-4.310375079512596130e-02
3.245506435632705688e-02
4.826167970895767212e-02
3.032791614532470703e-02
4.282180592417716980e-02
6.714788079261779785e-02
4.674105346202850342e-02
3.144124522805213928e-03
8.405939675867557526e-03
-6.207542028278112411e-03
1.204684656113386154e-02
3.966591879725456238e-02
5.055326223373413086e-02
-5.033366847783327103e-03
-9.195000864565372467e-03
-9.439395740628242493e-03
-5.018625874072313309e-03
-4.212073050439357758e-03
-2.998232375830411911e-03
-2.994254603981971741e-02
-1.550637278705835342e-02
2.182354917749762535e-03
-2.223640866577625275e-02
1.865681959316134453e-03
1.432869024574756622e-02
-2.160848118364810944e-02
-3.436146944295614958e-04
-1.869998499751091003e-02
-4.035091027617454529e-02
-2.632453292608261108e-02
3.175546647980809212e-03
-3.361358866095542908e-02
-3.303500264883041382e-02
-3.805933147668838501e-02
4.251573700457811356e-03
-8.261200040578842163e-03
6.626026704907417297e-03
-2.826964715495705605e-03
-2.578119374811649323e-02
-3.451553732156753540e-02
5.874140188097953796e-03
6.048275972716510296e-04
3.163997456431388855e-02
-1.538459118455648422e-02
-1.407241262495517731e-02
3.533352538943290710e-02
-1.072391867637634277e-02
8.293693885207176208e-03
1.913243718445301056e-02
1.788891293108463287e-02
4.168510064482688904e-02
3.980127349495887756e-02
3.025884367525577545e-02
4.635199531912803650e-02
2.122281305491924286e-02
-2.305515855550765991e-02
-1.757357851602137089e-03
4.056443274021148682e-02
-4.630302265286445618e-02
-7.139860652387142181e-03
-5.971228820271790028e-04
-2.844304591417312622e-02
-1.398373511619865894e-03
1.781653263606131077e-03
6.045542284846305847e-02
-2.877308754250407219e-03
4.371324554085731506e-03
2.596137672662734985e-02
-1.372233498841524124e-02
-7.603555452078580856e-03
-4.244459327310323715e-03
-3.428678959608078003e-02
-3.113077394664287567e-02
-4.562763869762420654e-02
-3.083894588053226471e-02
-1.518336310982704163e-02
1.990365982055664062e-02
2.882489189505577087e-02
4.521331191062927246e-02
3.411753848195075989e-02
1.607380807399749756e-02
3.851155191659927368e-02
-2.116320282220840454e-02
-3.923131525516510010e-02
-3.833653870970010757e-03
-4.384327307343482971e-02
-2.421037666499614716e-02
1.162157952785491943e-02
-2.141352184116840363e-02
-2.375877648591995239e-02
1.074674073606729507e-03
1.082071196287870407e-02
-3.568440675735473633e-03
-7.815311662852764130e-03
-3.189329430460929871e-02
-2.290250733494758606e-02
-2.697805687785148621e-02
-1.614313013851642609e-02
2.779201790690422058e-02
2.137565426528453827e-02
-3.085854835808277130e-02
-5.615627020597457886e-02
-5.360662564635276794e-02
-2.415324375033378601e-02
-2.593967877328395844e-02
-4.402064159512519836e-02
-2.865869551897048950e-02
-2.060051076114177704e-02
-4.035751521587371826e-02
-1.777904480695724487e-02
1.709907501935958862e-02
1.803548820316791534e-02
-4.028215631842613220e-02
-1.959688030183315277e-02
-1.869531534612178802e-02
-3.124544396996498108e-02
-5.606121197342872620e-02
-4.994984716176986694e-02
4.709143191576004028e-03
1.812839694321155548e-02
4.412500187754631042e-02
1.478462480008602142e-02
1.368845999240875244e-02
-1.799502759240567684e-03
1.253485120832920074e-02
6.300275772809982300e-02
5.014197155833244324e-02
2.106798253953456879e-02
4.217245802283287048e-02
-8.962861262261867523e-03
2.474722266197204590e-02
1.918949373066425323e-02
-1.393956970423460007e-02
7.825229316949844360e-03
2.296825312077999115e-02
-1.147905550897121429e-02
-4.624218121170997620e-02
-4.829007759690284729e-02
-6.014133617281913757e-02
2.834906615316867828e-02
2.644944004714488983e-02
7.457938510924577713e-03
1.418554689735174179e-02
1.782034151256084442e-02
2.309156395494937897e-02
1.544819958508014679e-02
-1.493623014539480209e-03
-1.041668583638966084e-03
-7.126047462224960327e-02
-5.017444863915443420e-02
-4.773270338773727417e-02
-7.457938045263290405e-02
-6.287554651498794556e-02
-5.540200695395469666e-02
-5.712307523936033249e-03
-2.773858420550823212e-02
1.909922808408737183e-03
-2.130632346961647272e-04
-1.369968173094093800e-03
-2.759146969765424728e-03
1.350426301360130310e-02
1.901337527669966221e-03
-6.117921322584152222e-03
-1.443572435528039932e-02
-3.051920793950557709e-02
-2.035028301179409027e-02
-2.049460820853710175e-02
-2.206498757004737854e-02
-1.309584733098745346e-02
-7.853449322283267975e-03
-4.081758204847574234e-03
2.307326998561620712e-03
6.450702250003814697e-02
6.185927614569664001e-02
6.124570593237876892e-02
3.073807060718536377e-02
1.902232132852077484e-02
6.424541585147380829e-03
2.087725698947906494e-02
4.091657232493162155e-03
1.557468343526124954e-02
-4.063473269343376160e-02
-6.874690204858779907e-02
-3.922683745622634888e-02
1.587349176406860352e-02
-7.847121916711330414e-03
5.509484093636274338e-03
-1.316000707447528839e-02
-4.948240146040916443e-02
-4.219951480627059937e-02
-3.324890136718750000e-02
-1.343984063714742661e-02
-4.019880294799804688e-02
-2.240518108010292053e-02
-2.956366632133722305e-03
-1.179081108421087265e-02
-2.326591499149799347e-02
2.250840654596686363e-03
4.146355204284191132e-03
-1.090880576521158218e-02
-1.795631647109985352e-02
-3.411466255784034729e-02
1.328695844858884811e-02
3.754941280931234360e-03
-1.805863529443740845e-02
8.076132275164127350e-03
1.409134082496166229e-02
-1.874561235308647156e-02
2.568745799362659454e-02
2.484526298940181732e-02
-3.107481868937611580e-03
-4.595807753503322601e-03
7.553670555353164673e-03
-2.014763094484806061e-02
1.860604435205459595e-02
5.446008872240781784e-03
1.309247314929962158e-02
1.149246096611022949e-02
-8.469132590107619762e-04
6.751387845724821091e-04
3.052880987524986267e-02
3.241325262933969498e-03
-2.161682210862636566e-02
-8.754982613027095795e-03
-3.408412216231226921e-03
-3.428119421005249023e-02
-4.738008603453636169e-02
-3.833815827965736389e-02
-4.663753882050514221e-02
2.417108416557312012e-02
1.348053943365812302e-02
-1.312709320336580276e-02
2.989271841943264008e-02
2.057908289134502411e-02
2.631536126136779785e-02
1.736350916326045990e-02
1.011627726256847382e-02
2.013163268566131592e-02
-1.224969327449798584e-02
-2.146182768046855927e-02
-1.251491811126470566e-02
-3.948803246021270752e-02
-2.928575314581394196e-02
-2.424395456910133362e-02
-1.930114999413490295e-02
-1.990742795169353485e-02
-4.335473105311393738e-02
-5.221983417868614197e-03
-1.896415650844573975e-02
-1.365301571786403656e-02
-1.606777124106884003e-02
-3.168994933366775513e-02
-2.680859528481960297e-02
1.833727955818176270e-02
1.333388034254312515e-02
2.353854291141033173e-02
3.478699363768100739e-03
-1.093355659395456314e-02
-1.447164360433816910e-02
-1.881714351475238800e-02
-5.772265791893005371e-02
-5.355650186538696289e-02
-4.471635818481445312e-02
-9.777957573533058167e-03
-2.965807681903243065e-03
-1.895720697939395905e-02
-2.094544470310211182e-02
2.278016321361064911e-02
1.112534850835800171e-02
-2.899899380281567574e-03
3.834593296051025391e-02
1.747073046863079071e-02
1.189864706248044968e-02
-1.681580767035484314e-02
-1.710770465433597565e-02
-1.460978202521800995e-02
-1.539644692093133926e-02
-4.765182267874479294e-03
1.195021439343690872e-03
-4.879018815699964762e-04
-1.042463444173336029e-02
2.566283568739891052e-03
-8.289565332233905792e-03
-1.093708164989948273e-02
9.825438028201460838e-04
3.534918650984764099e-04
-8.352017961442470551e-03
1.055487524718046188e-02
1.948562264442443848e-02
-2.585481293499469757e-02
-1.150549203157424927e-02
-2.308430895209312439e-02
-2.751316130161285400e-02
-1.501742471009492874e-02
1.524110138416290283e-02
-2.700412087142467499e-02
-1.910190470516681671e-02
-2.466044574975967407e-02
1.498486567288637161e-02
-1.505034696310758591e-02
3.419927880167961121e-02
2.728301100432872772e-02
-9.230680763721466064e-03
6.451174616813659668e-02
6.151827983558177948e-03
-1.146487146615982056e-02
5.813222005963325500e-02
-3.057661093771457672e-02
2.908686641603708267e-03
-1.916690845973789692e-03
-2.103540673851966858e-02
2.549624815583229065e-02
1.712385937571525574e-02
-5.847811698913574219e-02
-2.406717091798782349e-02
-1.138630695641040802e-02
1.330784428864717484e-02
8.989662863314151764e-03
6.348624359816312790e-03
3.720259293913841248e-02
1.906332373619079590e-02
1.927900686860084534e-02
-1.977420412003993988e-02
-3.080283477902412415e-02
-2.389180846512317657e-02
-2.986852824687957764e-02
-3.538392856717109680e-02
-2.665624581277370453e-02
6.786923855543136597e-03
9.780633263289928436e-03
3.661049064248800278e-03
-1.441826671361923218e-02
-3.279252909123897552e-03
1.543342252261936665e-03
-4.994801804423332214e-02
-4.018573835492134094e-02
-2.244682051241397858e-02
-2.698822692036628723e-02
-7.692275568842887878e-03
-1.061050593852996826e-02
-2.305988036096096039e-02
-1.457725558429956436e-02
-1.926840096712112427e-02
-1.002432499080896378e-02
-3.011808032169938087e-03
5.625689867883920670e-03
-2.376957237720489502e-02
-1.760180108249187469e-02
-7.379346992820501328e-03
-1.615623012185096741e-02
-1.835036650300025940e-02
-1.580063998699188232e-02
-2.875171601772308350e-02
1.866897381842136383e-02
2.254181168973445892e-02
-2.773766592144966125e-02
5.505920946598052979e-02
3.205843642354011536e-02
2.812235802412033081e-02
1.098834872245788574e-01
5.716683715581893921e-02
-2.581446245312690735e-02
-2.488405629992485046e-02
-7.495368365198373795e-03
3.424047678709030151e-02
5.842968821525573730e-03
-1.580733340233564377e-03
5.758218839764595032e-02
6.502391397953033447e-02
1.116658933460712433e-02
7.269500754773616791e-03
1.168771833181381226e-02
7.425876334309577942e-03
1.062833052128553391e-02
8.053677156567573547e-03
9.215559810400009155e-03
-9.414765052497386932e-03
-2.801826037466526031e-02
-3.737138351425528526e-03
-4.839695617556571960e-02
-6.940961629152297974e-02
-4.010553285479545593e-02
1.198951713740825653e-02
-4.084994271397590637e-02
2.315536327660083771e-02
5.380017310380935669e-02
3.277727216482162476e-02
6.675346940755844116e-02
-3.610593080520629883e-02
-1.678461395204067230e-02
-1.223377324640750885e-02
-2.307016961276531219e-02
-2.018378674983978271e-02
-1.853274367749691010e-02
-4.157389700412750244e-02
-3.367307037115097046e-02
-6.385036557912826538e-02
3.989885002374649048e-02
5.035017058253288269e-02
3.316281735897064209e-02
-1.886268518865108490e-02
-5.698829889297485352e-03
-2.420573122799396515e-02
-3.657928854227066040e-02
-4.514674097299575806e-02
-7.883906364440917969e-02
1.913756690919399261e-02
4.835354536771774292e-02
5.682041868567466736e-02
-3.392351791262626648e-02
1.870255544781684875e-02
4.049576073884963989e-02
-2.790349163115024567e-02
-1.997250597923994064e-03
-5.571318324655294418e-03
-1.196832768619060516e-02
-1.936700567603111267e-02
-1.629998162388801575e-02
-2.893043123185634613e-02
-2.870528027415275574e-02
-4.225738719105720520e-02
-2.560027688741683960e-02
-2.770215272903442383e-02
-1.959870941936969757e-02
-1.854777894914150238e-02
-1.141245942562818527e-02
-6.042196881026029587e-03
2.625526860356330872e-02
-7.046426646411418915e-03
-1.291227806359529495e-02
-2.436761744320392609e-03
-1.843877253122627735e-03
-1.252461597323417664e-02
-2.507278695702552795e-02
2.020300552248954773e-02
-2.220188267529010773e-03
-8.556567132472991943e-03
-6.787049118429422379e-03
-6.499499082565307617e-03
-5.564974620938301086e-02
-5.952515825629234314e-02
-3.767358884215354919e-02
4.654929041862487793e-02
1.696617528796195984e-02
1.247760187834501266e-02
7.923247292637825012e-03
-1.204303745180368423e-02
-2.765347622334957123e-02
1.178118214011192322e-02
2.649137284606695175e-03
-4.010203853249549866e-02
-9.178600274026393890e-03
-1.114481966942548752e-02
-1.511268969625234604e-02
5.796728190034627914e-03
-1.192205678671598434e-02
-3.717898856848478317e-03
-9.582148632034659386e-04
4.904913716018199921e-03
3.952663764357566833e-02
-3.115107072517275810e-03
-2.155905403196811676e-02
-1.833042688667774200e-02
-2.915159566327929497e-03
-9.193052537739276886e-04
-2.714312449097633362e-02
-3.692510351538658142e-02
-1.953686401247978210e-02
-4.395427554845809937e-02
2.053366601467132568e-02
-2.038159780204296112e-02
-2.916095405817031860e-02
1.511837262660264969e-02
5.609852960333228111e-04
1.714064553380012512e-02
7.007945328950881958e-03
7.197361905127763748e-03
2.491233125329017639e-02
-5.613666027784347534e-02
-4.543324932456016541e-02
-2.672550454735755920e-02
-1.629923097789287567e-02
-7.547925692051649094e-03
-2.270125783979892731e-02
-7.196752727031707764e-02
-6.040531769394874573e-02
-6.513962894678115845e-02
-4.992518573999404907e-03
8.656426332890987396e-03
-1.101279538124799728e-02
1.225985470227897167e-03
6.272061727941036224e-03
-1.446254900656640530e-03
4.795433953404426575e-02
3.775374591350555420e-02
2.875149808824062347e-02
-5.235596559941768646e-03
-5.078067537397146225e-03
1.090322807431221008e-02
-2.625268418341875076e-03
-2.320449054241180420e-02
2.509078476577997208e-03
-1.216975413262844086e-02
-4.450120404362678528e-02
-1.456297561526298523e-02
1.677725836634635925e-02
2.149974182248115540e-02
2.150753140449523926e-02
3.106341883540153503e-02
1.971841417253017426e-02
2.049230970442295074e-02
-8.946419693529605865e-03
-1.866725087165832520e-02
1.828911900520324707e-02
-4.071733728051185608e-02
-1.491381786763668060e-02
1.787729561328887939e-03
-2.525179274380207062e-02
-1.076438743621110916e-02
4.860649816691875458e-03
1.597256399691104889e-02
3.152547404170036316e-02
1.309100352227687836e-02
-3.572839498519897461e-02
-2.300650440156459808e-02
-2.868384867906570435e-02
-1.802624017000198364e-02
-1.049143355339765549e-02
-3.064861893653869629e-02
-2.113041235134005547e-03
1.228239852935075760e-02
3.372621163725852966e-02
-3.402957320213317871e-02
-2.435754798352718353e-02
-2.778084762394428253e-02
-9.489214979112148285e-03
1.110174693167209625e-02
9.863154962658882141e-03
-2.130820602178573608e-02
1.757251098752021790e-02
2.814907021820545197e-02
6.130029913038015366e-03
2.299266168847680092e-03
2.559321932494640350e-03
1.355684828013181686e-03
-6.288703996688127518e-03
-1.499828975647687912e-02
-1.730378251522779465e-03
1.417194493114948273e-03
2.619957365095615387e-02
-2.857313491404056549e-02
-2.227678708732128143e-02
6.965679349377751350e-04
-2.380182966589927673e-02
-2.356225065886974335e-02
1.118204649537801743e-02
-1.809895038604736328e-02
-1.615584827959537506e-02
6.571688223630189896e-03
1.521390979178249836e-03
-8.524185046553611755e-03
-5.182119086384773254e-03
1.026289886794984341e-03
-1.741655543446540833e-02
-9.917194955050945282e-03
-6.966596934944391251e-03
-6.806568242609500885e-03
-2.676204312592744827e-03
1.932203769683837891e-02
-4.733910784125328064e-03
-1.162821426987648010e-02
3.985525667667388916e-02
1.220475882291793823e-02
-5.071043502539396286e-03
3.062186064198613167e-03
1.223148498684167862e-02
-5.482741165906190872e-03
2.169823646545410156e-02
1.777190715074539185e-02
5.743644200265407562e-03
3.400685265660285950e-02
1.627501472830772400e-02
9.637298993766307831e-03
7.387362886220216751e-03
9.116412140429019928e-03
-3.100906498730182648e-03
-2.616921253502368927e-02
-3.984497115015983582e-02
-5.947034806013107300e-02
5.313933268189430237e-02
3.894200176000595093e-02
1.779387146234512329e-02
3.701101243495941162e-02
-4.088009300176054239e-04
5.809741560369729996e-04
6.976305972784757614e-03
-9.922272525727748871e-03
-1.649546436965465546e-02
-6.742314901202917099e-03
-7.279032142832875252e-04
-1.274847146123647690e-02
3.217967925593256950e-03
1.754536479711532593e-02
-1.356774009764194489e-02
-1.177392248064279556e-02
-2.629073336720466614e-02
-5.010365974158048630e-03
3.424809500575065613e-02
1.820352487266063690e-02
2.525809593498706818e-02
-3.045903285965323448e-03
1.580560207366943359e-02
2.074391022324562073e-02
-5.414986610412597656e-02
-4.001041501760482788e-02
-4.058268852531909943e-03
-3.973484039306640625e-02
9.925918420776724815e-04
-9.270058013498783112e-03
-5.781426094472408295e-03
3.267844021320343018e-02
2.126818057149648666e-03
8.347059600055217743e-03
8.223088458180427551e-03
1.247627753764390945e-02
-2.444698847830295563e-02
-1.605566032230854034e-02
-2.046547160716727376e-04
-7.791687548160552979e-02
-7.194943726062774658e-02
-2.548626996576786041e-02
-2.299942262470722198e-02
-1.149475341662764549e-03
-5.099705420434474945e-03
-4.011617507785558701e-03
1.368204131722450256e-02
-1.381016522645950317e-02
-1.207251939922571182e-02
-2.619299478828907013e-02
-4.377501085400581360e-02
5.898162722587585449e-02
5.230978876352310181e-02
5.698409676551818848e-02
4.084341973066329956e-02
2.050912007689476013e-02
3.927127644419670105e-02
7.791224401444196701e-03
-1.125221885740756989e-02
-1.629597623832523823e-03
-2.218254283070564270e-02
-2.228872664272785187e-02
-2.845844812691211700e-02
2.551561035215854645e-02
3.601678833365440369e-02
6.211414933204650879e-03
6.847450137138366699e-02
7.025346159934997559e-02
3.713960200548171997e-02
2.856318652629852295e-02
-8.840178139507770538e-03
-1.582577679073438048e-04
3.957245126366615295e-02
-1.602568291127681732e-02
-9.986846707761287689e-03
4.162494093179702759e-02
2.591799758374691010e-02
1.442080596461892128e-03
-3.305962309241294861e-02
-2.212880738079547882e-02
4.902388900518417358e-04
-2.492428943514823914e-02
-3.368818387389183044e-02
-2.976693026721477509e-02
1.106849126517772675e-02
1.745045371353626251e-02
1.576693262904882431e-03
2.242740429937839508e-02
-1.686933636665344238e-02
-1.482429448515176773e-02
1.077795051969587803e-03
-3.521864488720893860e-02
-2.761454321444034576e-02
1.543075591325759888e-02
-2.444788999855518341e-02
-3.183428570628166199e-02
1.717569306492805481e-02
6.260400637984275818e-03
7.219355553388595581e-03
-5.224172025918960571e-03
-3.017596341669559479e-02
-4.180254042148590088e-02
-1.230912376195192337e-02
-1.273749512620270252e-03
-1.473734993487596512e-02
1.067324168980121613e-02
2.225664444267749786e-02
-2.916863886639475822e-03
5.662148352712392807e-03
2.970899688079953194e-03
-7.749838288873434067e-03
-3.373805433511734009e-02
-2.994411438703536987e-02
-3.140060603618621826e-02
3.072454966604709625e-02
4.791876301169395447e-02
4.246313497424125671e-02
-4.125027451664209366e-03
-1.769898645579814911e-02
-9.804776869714260101e-03
-3.792023658752441406e-02
-5.431630089879035950e-02
-3.125155717134475708e-02
-3.257649764418601990e-02
-9.136416949331760406e-03
2.320424281060695648e-02
-3.658375516533851624e-02
-1.465444080531597137e-02
7.459783460944890976e-03
-3.477805852890014648e-02
-1.618337631225585938e-02
-1.104557979851961136e-02
3.966002538800239563e-02
2.376874350011348724e-02
6.845286488533020020e-02
-2.281896211206912994e-02
-1.650575431995093822e-03
5.855514481663703918e-02
6.355300080031156540e-03
1.707342453300952911e-02
4.575609415769577026e-02
-3.910768032073974609e-02
-2.530309930443763733e-02
-2.868867106735706329e-02
-5.243854597210884094e-03
1.635427027940750122e-02
8.223723620176315308e-03
5.267950519919395447e-02
6.249873712658882141e-02
4.627324640750885010e-02
-2.053757011890411377e-02
-1.028561033308506012e-02
-3.068104851990938187e-03
5.342757795006036758e-03
1.063926704227924347e-02
1.222907379269599915e-02
4.980735946446657181e-03
5.042377393692731857e-03
-6.045207846909761429e-03
1.788804680109024048e-02
2.006227895617485046e-02
1.173028815537691116e-02
-3.651335602626204491e-03
1.920228078961372375e-02
-7.429940160363912582e-03
-1.303875725716352463e-02
-4.126317054033279419e-02
-2.888517640531063080e-02
1.098948647268116474e-03
-3.831250965595245361e-02
-4.352258145809173584e-02
-1.940027624368667603e-02
-3.550107032060623169e-02
-4.748136550188064575e-02
-1.355219539254903793e-02
-2.645663358271121979e-02
-3.924873098731040955e-02
3.516663610935211182e-02
-7.689064368605613708e-04
2.233383990824222565e-02
4.614887014031410217e-02
2.647642046213150024e-02
4.823341220617294312e-02
-2.814584178850054741e-03
2.382918959483504295e-03
1.220673602074384689e-02
1.195366960018873215e-03
-1.464209333062171936e-02
-1.783815771341323853e-02
4.007726907730102539e-03
-2.834475785493850708e-02
-4.298115521669387817e-02
-1.013267971575260162e-02
-5.256997048854827881e-02
-5.098187550902366638e-02
2.617152966558933258e-02
1.480950322002172470e-02
2.271008677780628204e-02
2.235668525099754333e-02
2.107712067663669586e-02
7.958981208503246307e-03
-3.184929490089416504e-02
-1.295872498303651810e-02
4.622511100023984909e-03
-6.290538702160120010e-03
3.336616791784763336e-03
1.321891881525516510e-02
1.225715223699808121e-02
4.305398836731910706e-02
3.753819689154624939e-02
-9.019266813993453979e-03
8.336391299962997437e-03
-1.477300561964511871e-02
6.383756641298532486e-03
-7.714664563536643982e-03
-2.490136027336120605e-02
-2.282297424972057343e-02
-2.374922856688499451e-02
-7.464841753244400024e-02
-3.435667604207992554e-02
-3.551301732659339905e-02
-7.081837207078933716e-02
1.658393256366252899e-02
-1.696778461337089539e-02
8.785503916442394257e-03
2.329325675964355469e-02
-2.273905649781227112e-02
-4.443271085619926453e-03
2.001724578440189362e-02
3.033950924873352051e-03
3.206516802310943604e-02
-1.110932044684886932e-02
-3.702108282595872879e-03
3.228891175240278244e-03
1.527526974678039551e-02
-1.405287254601716995e-02
7.029794156551361084e-03
9.815323865041136742e-04
-3.700307756662368774e-02
-8.972212672233581543e-03
3.261835873126983643e-02
4.304862767457962036e-02
2.191093191504478455e-02
3.703271038830280304e-03
3.865509992465376854e-03
1.167190074920654297e-02
-2.843279950320720673e-02
-1.966062001883983612e-02
-7.886109873652458191e-03
-2.538982313126325607e-03
-3.977725282311439514e-03
-3.312721475958824158e-02
-2.664029039442539215e-02
-1.337756030261516571e-02
-4.559777677059173584e-02
-1.550167519599199295e-02
1.555994432419538498e-02
3.404807671904563904e-02
4.067304544150829315e-03
-3.605907410383224487e-02
-3.512407466769218445e-02
3.162919078022241592e-03
-2.271002903580665588e-02
-4.411331564188003540e-02
6.528612575493752956e-04
-5.287889391183853149e-03
-1.873156055808067322e-02
8.089478127658367157e-03
2.313015796244144440e-02
9.445614181458950043e-03
-1.490387250669300556e-03
1.310201175510883331e-02
1.274621300399303436e-02
3.253045259043574333e-03
-1.162565196864306927e-03
-5.293962080031633377e-03
1.275606919080018997e-03
-2.193766832351684570e-02
-2.301237173378467560e-02
4.357821773737668991e-03
-3.735493635758757591e-03
1.564074493944644928e-02
-2.276612631976604462e-02
1.757807913236320019e-04
9.306115098297595978e-03
-6.419348996132612228e-03
-9.259673242922872305e-05
7.224947912618517876e-04
1.341306976974010468e-02
2.560373581945896149e-02
4.708586633205413818e-02
3.369855508208274841e-02
1.908039487898349762e-02
2.755517512559890747e-02
-2.557057142257690430e-02
-1.571373268961906433e-02
-2.548207528889179230e-02
9.033087641000747681e-03
3.344272263348102570e-03
4.109147936105728149e-03
9.010779112577438354e-02
7.261325418949127197e-02
6.503719836473464966e-02
1.387515384703874588e-02
-9.252369403839111328e-03
-1.123611908406019211e-02
1.987569965422153473e-02
-1.400934625416994095e-02
1.908185658976435661e-03
3.609825670719146729e-02
2.457711612805724144e-03
1.915171556174755096e-02
6.397207733243703842e-03
3.534786403179168701e-02
5.506198480725288391e-02
-2.251137793064117432e-02
9.102567099034786224e-03
1.465870905667543411e-02
-3.279336541891098022e-02
3.935685846954584122e-03
-1.067474856972694397e-02
-5.659956950694322586e-03
-2.077027969062328339e-02
-4.602643847465515137e-02
5.316144786775112152e-03
-1.697666011750698090e-02
-4.869223013520240784e-02
-4.303987696766853333e-02
-2.566177211701869965e-02
-3.887443244457244873e-02
1.104892790317535400e-02
-7.449568714946508408e-03
-3.362248092889785767e-02
3.268097341060638428e-02
3.890593769028782845e-03
4.971893504261970520e-03
1.057477481663227081e-02
1.418591011315584183e-02
3.308292850852012634e-02
4.165747389197349548e-02
5.823880806565284729e-02
6.840456277132034302e-02
1.381167210638523102e-02
2.437333390116691589e-02
3.872345760464668274e-02
1.951602101325988770e-02
-1.987258344888687134e-02
-4.728697706013917923e-03
8.046285249292850494e-03
3.192303702235221863e-02
2.599085122346878052e-02
2.015054225921630859e-02
2.183557953685522079e-03
1.651268266141414642e-02
1.726580783724784851e-02
6.331998854875564575e-03
1.035881973803043365e-02
-1.877152826637029648e-03
1.314890105277299881e-02
1.371416449546813965e-02
4.314371198415756226e-02
1.463917549699544907e-02
4.219752550125122070e-02
3.569501265883445740e-02
-1.166268557426519692e-04
6.431242916733026505e-03
-1.245621033012866974e-02
-1.774212904274463654e-02
-4.167173430323600769e-02
-1.850378327071666718e-02
-1.563243381679058075e-02
-4.302205890417098999e-02
-4.172782227396965027e-02
-1.632219739258289337e-02
-5.374429002404212952e-02
-3.801091108471155167e-03
-2.644233871251344681e-03
-1.170219108462333679e-02
4.732280969619750977e-03
4.588595591485500336e-03
-1.254172250628471375e-02
2.508975379168987274e-02
3.103299811482429504e-02
8.773469366133213043e-03
2.266173996031284332e-02
-9.463127702474594116e-03
1.387806888669729233e-02
1.235935837030410767e-02
9.247482754290103912e-03
1.642975839786231518e-03
1.438821759074926376e-02
1.634177286177873611e-03
-1.686032116413116455e-02
-7.971211336553096771e-03
-2.077465318143367767e-02
-4.600196704268455505e-02
-1.259144046343863010e-03
-1.860483200289309025e-03
-2.846029400825500488e-02
1.445952220819890499e-03
-2.911916468292474747e-03
-4.820971284061670303e-03
-2.768562920391559601e-02
-1.725876890122890472e-02
2.891673706471920013e-02
6.401211954653263092e-03
3.613565582782030106e-03
6.703400053083896637e-03
5.742895975708961487e-02
4.126449301838874817e-02
5.519248545169830322e-02
-8.080299943685531616e-03
1.462160144001245499e-02
7.565916050225496292e-03
7.206066977232694626e-03
1.224161707796156406e-03
-1.319075934588909149e-03
2.037947066128253937e-03
6.024803966283798218e-03
2.709521679207682610e-03
3.558498248457908630e-02
2.418851107358932495e-02
1.842144504189491272e-02
-3.092036349698901176e-03
-2.110297791659832001e-02
-5.749990232288837433e-03
-9.502070955932140350e-03
-4.017577692866325378e-02
-2.554500848054885864e-02
1.044338475912809372e-02
1.080848276615142822e-02
3.816810995340347290e-02
-2.623974296511732973e-06
6.525876000523567200e-03
9.525997447781264782e-04
-1.124477572739124298e-02
1.128321047872304916e-02
2.383278842899017036e-05
-4.541888833045959473e-02
-4.949123412370681763e-02
-5.709477141499519348e-02
-2.168494043871760368e-03
-1.221495680510997772e-02
-2.466099336743354797e-02
5.130892619490623474e-02
5.300915241241455078e-02
7.248073071241378784e-02
3.596369177103042603e-02
1.050442736595869064e-02
3.656846471130847931e-03
2.721271663904190063e-02
-1.934408582746982574e-02
-9.787510149180889130e-03
-1.695656031370162964e-02
-3.861430287361145020e-02
-2.833122387528419495e-03
1.700872089713811874e-03
9.936803020536899567e-03
-9.378797374665737152e-03
-9.739279747009277344e-03
-9.765509516000747681e-03
-4.020250216126441956e-02
2.666948130354285240e-03
-3.301195800304412842e-03
-6.373685784637928009e-03
-1.106906309723854065e-02
-1.486473809927701950e-02
-1.200813427567481995e-02
-1.759656146168708801e-02
-2.247396670281887054e-02
-2.853658422827720642e-02
3.096855245530605316e-03
5.535064265131950378e-04
4.697008058428764343e-03
1.023178454488515854e-03
-1.709707267582416534e-02
-4.411179199814796448e-02
5.095229134894907475e-04
-1.325492095202207565e-02
-1.627991162240505219e-02
-1.336207846179604530e-03
5.027884151786565781e-03
3.022360429167747498e-02
9.575469419360160828e-03
-3.535331692546606064e-03
3.862200304865837097e-02
3.319529816508293152e-02
1.984053105115890503e-02
3.823635727167129517e-02
2.920687198638916016e-02
6.882878951728343964e-03
1.248946785926818848e-02
1.126145105808973312e-02
1.044059451669454575e-02
6.137453950941562653e-03
9.813136421144008636e-04
-6.078600417822599411e-03
-2.658702200278639793e-03
-2.973863389343023300e-03
-2.520853839814662933e-02
1.753520406782627106e-02
2.244275435805320740e-02
-1.207481417804956436e-02
-2.405487373471260071e-02
2.349595353007316589e-02
-3.409908618777990341e-03
-2.138804830610752106e-02
9.306250140070915222e-03
-9.442041628062725067e-03
3.349374746903777122e-03
-2.751132473349571228e-02
-3.028576076030731201e-02
-3.274692595005035400e-02
-1.539398171007633209e-02
-1.356502063572406769e-03
-3.204631153494119644e-03
2.291112393140792847e-02
4.709545895457267761e-02
5.099385976791381836e-02
1.297990325838327408e-02
-3.383855568245053291e-03
-1.573259243741631508e-03
-9.647004306316375732e-03
-2.383866347372531891e-02
-2.276560757309198380e-03
-2.831893227994441986e-02
-1.830057054758071899e-02
-7.607336156070232391e-04
-2.918388694524765015e-02
-2.599976956844329834e-02
3.487393958494067192e-03
5.448628216981887817e-03
7.956458255648612976e-03
3.439928591251373291e-02
7.409054785966873169e-02
7.593383640050888062e-02
6.970119476318359375e-02
7.717830158071592450e-05
1.881800405681133270e-02
2.458413876593112946e-02
-2.168308943510055542e-02
-1.384085509926080704e-02
1.419854164123535156e-02
-1.207426376640796661e-02
3.225523512810468674e-03
-7.623527199029922485e-04
8.195145055651664734e-03
1.856523333117365837e-03
1.244698651134967804e-02
9.324692189693450928e-03
-2.881458029150962830e-03
-1.145490258932113647e-02
-8.175350725650787354e-03
-1.066876389086246490e-02
-1.671150885522365570e-02
-5.122932419180870056e-02
-4.070623591542243958e-02
-7.161037623882293701e-02
-3.807317465543746948e-02
-2.730803191661834717e-02
-4.747118800878524780e-02
-2.161445282399654388e-02
-1.759786345064640045e-02
-3.797985240817070007e-02
3.241721913218498230e-02
1.843348890542984009e-02
1.446548663079738617e-02
1.510140672326087952e-02
4.744727630168199539e-03
-8.302743546664714813e-03
-3.357337042689323425e-02
-4.786160215735435486e-02
-5.618907883763313293e-02
2.597436122596263885e-02
1.746404170989990234e-02
1.549281179904937744e-02
2.524222061038017273e-02
-4.945745691657066345e-03
8.940604515373706818e-03
8.132185030262917280e-05
-1.627163961529731750e-02
-2.600722946226596832e-02
1.128315110690891743e-03
3.320089355111122131e-02
3.048898279666900635e-02
-6.952985189855098724e-03
7.860451936721801758e-03
1.850775629281997681e-02
2.311536855995655060e-02
1.710817962884902954e-02
4.096560925245285034e-02
1.791535504162311554e-02
9.339312091469764709e-03
2.305303327739238739e-02
-9.617300704121589661e-03
-6.095201708376407623e-03
3.981406614184379578e-02
-1.300800871104001999e-02
-3.029444022104144096e-03
7.685442105866968632e-04
4.103608429431915283e-02
1.747872121632099152e-02
7.531527429819107056e-03
2.932232804596424103e-02
3.803890198469161987e-02
2.283131517469882965e-02
-1.935530686751008034e-03
9.222367778420448303e-03
-1.443691551685333252e-03
-1.502184011042118073e-02
-4.343362525105476379e-03
3.644519671797752380e-02
-2.366849454119801521e-03
3.844113321974873543e-03
4.183579981327056885e-02
-3.551946580410003662e-02
-4.064656421542167664e-02
9.777900413610041142e-05
-2.485300041735172272e-02
-3.963622078299522400e-02
-3.660448268055915833e-02
-1.655517145991325378e-02
-1.095768902450799942e-02
-2.922948636114597321e-02
-2.425193414092063904e-02
1.504357438534498215e-02
-8.554425090551376343e-03
4.710850864648818970e-02
5.909893661737442017e-02
3.180197626352310181e-02
2.632582932710647583e-02
1.840948872268199921e-02
-6.522099953144788742e-03
9.202709421515464783e-03
-1.765181124210357666e-02
-3.723885491490364075e-02
-3.114407509565353394e-02
-3.664971143007278442e-02
-3.839790821075439453e-02
-4.308972880244255066e-02
-4.329693689942359924e-02
-3.583166375756263733e-02
-5.339085310697555542e-02
-3.910934180021286011e-02
-2.044785767793655396e-02
-1.346574979834258556e-03
4.949225112795829773e-03
-7.068517152220010757e-03
8.056168444454669952e-03
-1.359212491661310196e-02
-2.109748311340808868e-02
3.394456207752227783e-02
9.598929435014724731e-03
2.711626514792442322e-02
-7.981725037097930908e-03
-1.505723036825656891e-02
-4.258585721254348755e-02
-1.316988258622586727e-03
-1.872468367218971252e-02
-2.472926490008831024e-02
-2.241129986941814423e-03
2.679068828001618385e-03
1.518633216619491577e-02
-6.342100445181131363e-03
-3.577237203717231750e-02
-3.525242209434509277e-02
8.472089655697345734e-03
-8.160034194588661194e-03
-3.570458851754665375e-03
1.438727509230375290e-02
2.462044171988964081e-02
1.753034628927707672e-02
3.046810440719127655e-02
1.248791161924600601e-02
-7.403702009469270706e-03
4.174958914518356323e-02
5.061220377683639526e-02
7.860071025788784027e-03
1.480363309383392334e-02
4.494596272706985474e-02
2.627866715192794800e-02
2.088140929117798805e-03
9.850369766354560852e-03
1.968857087194919586e-02
7.987283170223236084e-03
-3.453519428148865700e-03
-1.679085381329059601e-02
-7.800286170095205307e-03
-2.433455921709537506e-02
-1.876088604331016541e-02
-3.667702898383140564e-02
-9.197041392326354980e-03
1.195495016872882843e-03
-2.700316533446311951e-02
-1.645536161959171295e-02
-1.893826387822628021e-02
-2.775377407670021057e-02
-3.330822288990020752e-02
-5.455839913338422775e-03
-2.605625241994857788e-02
-5.028113722801208496e-02
-3.242785483598709106e-02
7.567874155938625336e-03
1.439910009503364563e-02
2.587299980223178864e-02
1.044137030839920044e-02
3.294195607304573059e-02
-5.620416719466447830e-03
9.276511147618293762e-03
2.202404476702213287e-02
2.196086570620536804e-02
-2.500530099496245384e-03
-1.087888330221176147e-02
1.248875912278890610e-02
-2.729104273021221161e-02
-4.504178464412689209e-02
-7.200378924608230591e-03
-2.037434838712215424e-02
-1.023101247847080231e-02
5.657112691551446915e-03
-1.044181734323501587e-02
-2.397059928625822067e-03
1.318688690662384033e-02
8.333767764270305634e-03
-7.776674348860979080e-03
-2.265604957938194275e-02
-6.447501946240663528e-03
-2.862287874449975789e-05
-1.098004169762134552e-02
1.193564385175704956e-02
2.296673692762851715e-02
2.095073834061622620e-02
-2.274968475103378296e-02
-1.496971491724252701e-02
6.599900312721729279e-03
9.768077172338962555e-03
3.747977688908576965e-02
3.295901417732238770e-02
-1.249651797115802765e-02
-7.227718364447355270e-03
-2.907445654273033142e-02
1.316769141703844070e-02
-7.696232758462429047e-03
-3.591298684477806091e-02
-4.075622931122779846e-02
-5.000044405460357666e-02
-3.957932814955711365e-02
-1.831498928368091583e-02
-2.684940211474895477e-02
-2.919202856719493866e-02
-5.813069269061088562e-02
-4.366847500205039978e-02
-3.733970969915390015e-02
1.864386908710002899e-02
1.113966689445078373e-03
-1.176982000470161438e-02
-2.209220454096794128e-02
-1.096781902015209198e-02
-1.713656075298786163e-02
-2.301459014415740967e-02
-5.840860772877931595e-03
-2.881963364779949188e-02
-3.665862372145056725e-03
-2.341749519109725952e-02
-2.986098825931549072e-02
-1.259301882237195969e-02
-2.328120544552803040e-02
-1.261600106954574585e-02
-5.098457634449005127e-02
-4.293931275606155396e-02
-1.707462966442108154e-02
-1.686814241111278534e-02
-1.086306944489479065e-02
-1.775806397199630737e-02
-3.277593478560447693e-02
-1.260159723460674286e-02
1.975479302927851677e-03
2.527573890984058380e-02
-5.906492006033658981e-03
4.100828897207975388e-03
-3.758911415934562683e-02
-2.228737808763980865e-02
-3.627386316657066345e-02
-2.964103408157825470e-02
-2.200990542769432068e-02
-6.255652755498886108e-02
-1.133435405790805817e-02
-2.193209528923034668e-02
-1.045004092156887054e-02
-6.925613153725862503e-03
-5.849724169820547104e-03
-1.688713766634464264e-02
5.439431872218847275e-03
-2.223027683794498444e-02
-3.228192776441574097e-02
2.422564662992954254e-02
-6.091303192079067230e-03
-5.294831498758867383e-05
-2.319984883069992065e-02
-2.606068737804889679e-02
-2.339518629014492035e-02
-2.534178644418716431e-02
-1.629238761961460114e-02
-1.641279086470603943e-02
-4.236390814185142517e-02
-3.341197967529296875e-02
-3.761044144630432129e-02
1.186869293451309204e-02
-6.979500409215688705e-03
2.591268159449100494e-03
4.969770670868456364e-04
-3.467329964041709900e-02
-2.967234887182712555e-02
-2.319152280688285828e-02
-4.914631322026252747e-02
-5.771061405539512634e-02
6.979942321777343750e-03
2.471823059022426605e-02
1.740893535315990448e-02
-9.255464188754558563e-03
1.154705998487770557e-03
-1.653976924717426300e-02
-2.340022288262844086e-02
-2.113734371960163116e-02
-3.597793355584144592e-02
3.388447314500808716e-02
1.682922057807445526e-02
3.449759911745786667e-03
4.223807901144027710e-02
-1.015087030827999115e-02
-2.701321803033351898e-02
1.245356351137161255e-02
-3.911140561103820801e-02
-4.211911186575889587e-02
-3.013337962329387665e-02
-1.810437627136707306e-02
-2.794987149536609650e-02
-2.251327969133853912e-02
-2.762730605900287628e-02
-1.034142822027206421e-02
1.561465766280889511e-02
-5.876978393644094467e-03
3.085842169821262360e-02
-2.242822200059890747e-02
-2.225486561655998230e-02
-3.926799073815345764e-02
-4.152923449873924255e-02
-1.224353443831205368e-02
-9.005849249660968781e-03
2.775056101381778717e-02
4.367217421531677246e-02
4.321419820189476013e-02
-1.448834501206874847e-02
1.706550642848014832e-02
8.001998998224735260e-03
-2.824488654732704163e-02
-3.405832871794700623e-02
-1.738894172012805939e-02
2.792912069708108902e-03
-5.068298429250717163e-03
-1.495880447328090668e-02
-8.264771662652492523e-03
-1.649018935859203339e-02
-3.479471057653427124e-02
-2.061999589204788208e-02
-3.410088270902633667e-02
-5.954274535179138184e-02
-2.672541327774524689e-02
-2.354262210428714752e-02
-5.013809353113174438e-02
-4.903635941445827484e-03
5.748220719397068024e-03
3.411461785435676575e-02
-1.600566133856773376e-02
1.875992305576801300e-02
2.641486469656229019e-03
2.035838738083839417e-02
2.144198864698410034e-02
-8.001057431101799011e-03
6.198224611580371857e-03
-1.682257652282714844e-02
-2.380626276135444641e-02
1.423192117363214493e-02
-1.851120404899120331e-02
-2.490239217877388000e-03
7.688479963690042496e-03
2.465322799980640411e-02
3.255477920174598694e-02
-2.485702745616436005e-03
-1.339887920767068863e-02
5.449553951621055603e-03
-1.689314283430576324e-02
-2.810380049049854279e-02
3.185122332070022821e-04
9.982462041079998016e-03
-2.590890217106789351e-04
1.316633168607950211e-02
-5.706637352705001831e-02
-3.308842331171035767e-02
-2.339444309473037720e-02
2.152668684720993042e-02
5.053492635488510132e-02
3.649210929870605469e-02
-8.484429679811000824e-03
6.132754497230052948e-03
2.378094382584095001e-02
-3.344218945130705833e-03
-4.810915328562259674e-03
6.944822962395846844e-04
2.709297835826873779e-02
3.416274860501289368e-02
3.009827248752117157e-02
-3.924786578863859177e-03
-3.081770613789558411e-02
-3.535120934247970581e-02
-3.791891038417816162e-02
-3.420059755444526672e-02
-4.249249026179313660e-02
-1.184847299009561539e-02
-1.333073899149894714e-02
3.056221641600131989e-03
1.078608352690935135e-02
9.982567280530929565e-03
3.805642202496528625e-02
-3.529184311628341675e-02
1.138130668550729752e-02
2.555764280259609222e-02
-4.651330411434173584e-02
2.071268670260906219e-02
1.296470779925584793e-02
-3.004201129078865051e-02
2.215382177382707596e-03
-1.169835450127720833e-03
-1.094174385070800781e-02
-3.355495166033506393e-03
-2.256577089428901672e-02
-2.497661858797073364e-02
-4.989938344806432724e-03
-1.211764384061098099e-02
-1.406069193035364151e-02
-1.307913567870855331e-02
-1.758958399295806885e-02
-1.869030296802520752e-02
-8.633427321910858154e-03
-1.998115889728069305e-02
5.500676576048135757e-03
-1.676421146839857101e-03
1.148588396608829498e-02
4.774786066263914108e-03
1.430857554078102112e-02
1.051715109497308731e-02
-9.468873031437397003e-03
1.374427694827318192e-02
2.334564924240112305e-02
-3.317749500274658203e-02
-1.311972364783287048e-02
-1.605541259050369263e-02
-1.575521379709243774e-02
-2.527965977787971497e-02
-3.206165134906768799e-02
5.641272291541099548e-02
7.166107185184955597e-03
1.599414087831974030e-02
1.024916116148233414e-02
-1.060372311621904373e-02
2.564390189945697784e-02
-4.280616343021392822e-02
-3.292404115200042725e-02
1.950986683368682861e-02
-1.832365430891513824e-02
7.538940757513046265e-03
9.232587181031703949e-03
1.719151996076107025e-02
2.549031749367713928e-02
1.070776861160993576e-02
1.132443826645612717e-02
1.194265671074390411e-02
-1.206780411303043365e-02
-1.799339428544044495e-02
-6.604325957596302032e-03
-1.078606676310300827e-02
-3.576652705669403076e-02
-1.668795756995677948e-02
-3.805682063102722168e-02
1.565087400376796722e-02
1.402412541210651398e-02
5.301316268742084503e-03
4.022804647684097290e-02
1.911428943276405334e-02
5.511479452252388000e-02
-1.313381921499967575e-02
-3.664000332355499268e-02
6.456694565713405609e-03
-2.115031704306602478e-02
-3.223041072487831116e-02
-2.571127936244010925e-02
-4.619957506656646729e-02
1.546672545373439789e-03
2.800670638680458069e-02
-6.971468031406402588e-02
4.367508459836244583e-03
6.852967664599418640e-03
-3.673431463539600372e-03
3.858142346143722534e-02
3.575012087821960449e-03
2.651811577379703522e-02
2.182963117957115173e-02
-7.524678017944097519e-03
-1.158287003636360168e-02
-2.507532201707363129e-02
-4.875907674431800842e-02
-6.985074840486049652e-03
-1.877448894083499908e-02
-2.097452059388160706e-02
4.231612384319305420e-02
4.529234394431114197e-02
8.133091032505035400e-02
4.428581148386001587e-02
6.896429508924484253e-02
8.133474737405776978e-02
-2.916902117431163788e-02
4.455002956092357635e-03
-1.242392510175704956e-02
-2.792549505829811096e-02
3.945468738675117493e-02
5.911049619317054749e-02
-2.701664716005325317e-02
3.741799388080835342e-03
-1.436594221740961075e-02
1.966622658073902130e-03
2.091410802677273750e-03
-4.261403530836105347e-02
-2.608104608952999115e-02
-2.124506421387195587e-02
-9.867982007563114166e-03
-2.786931209266185760e-02
-3.792750476350192912e-06
-2.830538526177406311e-02
-1.261875685304403305e-02
2.740756841376423836e-03
-2.143926918506622314e-02
1.618879474699497223e-02
6.401659455150365829e-03
3.522050008177757263e-02
1.911161839962005615e-02
4.074251279234886169e-03
1.323990337550640106e-02
2.476672083139419556e-02
1.342027913779020309e-02
-2.706571109592914581e-02
-2.402579411864280701e-02
-3.076051361858844757e-03
-1.044178288429975510e-02
4.381174687296152115e-03
-1.351672783493995667e-02
-2.839416079223155975e-02
1.192638068459928036e-03
-6.440130993723869324e-03
-4.087989404797554016e-02
-7.372347172349691391e-03
-6.663048639893531799e-03
1.765723153948783875e-02
-3.427870944142341614e-02
-5.075801908969879150e-02
-1.346327643841505051e-02
2.802014723420143127e-02
-2.795383334159851074e-02
-4.598541185259819031e-03
-1.112577039748430252e-02
-1.013690326362848282e-02
6.241679657250642776e-03
1.890304381959140301e-03
2.317120553925633430e-03
-6.898562889546155930e-03
-1.759660802781581879e-02
-2.595249563455581665e-02
-3.896951209753751755e-03
2.186263166368007660e-02
1.721132732927799225e-02
-1.173394033685326576e-03
-9.820316918194293976e-03
-4.818455502390861511e-02
-4.173363745212554932e-02
-1.225531939417123795e-02
-1.504697185009717941e-02
-7.716409163549542427e-04
8.169312961399555206e-03
4.353849682956933975e-03
-2.777097932994365692e-02
-1.240789890289306641e-02
-2.660271525382995605e-02
-5.050804093480110168e-02
5.540125072002410889e-03
1.796854287385940552e-02
2.544283680617809296e-02
4.537170007824897766e-02
5.139828845858573914e-02
3.850993886590003967e-02
3.537954762578010559e-02
2.436540462076663971e-02
4.547348245978355408e-03
3.878309577703475952e-02
2.032101340591907501e-02
-9.060333250090479851e-04
-1.168315857648849487e-02
-1.733100228011608124e-02
-3.270971029996871948e-02
7.241821847856044769e-03
-5.715229082852602005e-03
9.472457692027091980e-03
1.482585258781909943e-02
4.503843374550342560e-03
1.324111223220825195e-02
-1.783155603334307671e-04
-3.265587612986564636e-02
-3.976300731301307678e-02
-1.309808250516653061e-02
-4.153522476553916931e-02
-4.442107304930686951e-02
-2.515215240418910980e-02
-4.596420563757419586e-03
-2.699076756834983826e-02
-1.391848828643560410e-02
-1.898992247879505157e-02
-1.959518156945705414e-02
-2.210416831076145172e-02
-4.004390165209770203e-02
-2.274235896766185760e-02
1.484924368560314178e-02
-2.685666317120194435e-03
1.514828391373157501e-02
1.466710865497589111e-02
6.147407460957765579e-03
1.959842862561345100e-03
2.254121750593185425e-02
1.720019988715648651e-02
-9.701178409159183502e-03
4.721777886152267456e-02
2.433648332953453064e-02
-3.248947486281394958e-02
-4.482124000787734985e-02
-6.518544256687164307e-02
-5.539352074265480042e-02
-1.396874710917472839e-02
-4.760009050369262695e-02
-5.255122110247612000e-02
2.207966335117816925e-02
-4.611119162291288376e-03
-1.299564819782972336e-02
4.907991737127304077e-03
-6.707024294883012772e-03
8.885535411536693573e-03
-3.046831581741571426e-03
3.497357293963432312e-02
7.664712611585855484e-03
-2.869380265474319458e-02
-3.245417727157473564e-03
-3.279123082756996155e-02
-8.824543096125125885e-03
-2.100837044417858124e-02
-1.295588724315166473e-02
-1.561704184859991074e-02
-6.052960641682147980e-03
2.218359895050525665e-02
-4.032541438937187195e-02
1.417173352092504501e-02
2.355742268264293671e-02
1.748902723193168640e-03
2.792875468730926514e-02
3.435664996504783630e-02
2.244785800576210022e-02
3.707053512334823608e-02
2.517324313521385193e-02
2.105695381760597229e-02
-1.874180859886109829e-03
-6.474353373050689697e-03
2.978921122848987579e-02
-1.114681456238031387e-02
-3.962241113185882568e-03
-8.407946443185210228e-04
-2.788592688739299774e-02
-1.609529554843902588e-02
-2.014319784939289093e-02
-1.241960935294628143e-02
-1.171999610960483551e-02
7.750690728425979614e-02
3.657950088381767273e-02
2.245776355266571045e-02
2.428203262388706207e-02
-1.644885726273059845e-02
-1.977212727069854736e-02
2.188538387417793274e-02
3.355765482410788536e-03
-1.243525743484497070e-02
2.811479195952415466e-02
8.668389171361923218e-03
1.855891197919845581e-02
-4.380078520625829697e-03
-4.499503225088119507e-02
-6.993705034255981445e-02
5.204762797802686691e-03
-5.416051298379898071e-02
-8.771792054176330566e-02
7.217622548341751099e-02
5.750226974487304688e-02
6.695376336574554443e-02
-2.793995849788188934e-02
-2.416593022644519806e-02
-5.321585573256015778e-03
-2.014595642685890198e-02
-4.157039150595664978e-02
-2.658067271113395691e-02
-1.223579328507184982e-02
5.898554809391498566e-03
-4.010050557553768158e-03
2.324793115258216858e-02
1.711031794548034668e-02
-3.076719818636775017e-03
9.357255883514881134e-03
-1.455772551707923412e-03
-3.920067846775054932e-02
-3.201966732740402222e-02
-1.666613481938838959e-02
2.421001717448234558e-02
-4.962907359004020691e-02
1.176245976239442825e-03
5.123924836516380310e-02
-4.943139478564262390e-02
2.934448048472404480e-02
3.246395662426948547e-02
7.596910465508699417e-03
1.035072281956672668e-02
-3.650620346888899803e-03
6.926680449396371841e-03
-2.540899254381656647e-02
-3.485657274723052979e-02
-3.527888096868991852e-03
-4.329795762896537781e-02
-2.933476679027080536e-02
-3.994657099246978760e-02
-4.025912657380104065e-02
-1.447550579905509949e-02
-2.823063544929027557e-02
-3.957375884056091309e-02
-2.914943173527717590e-02
1.935315690934658051e-02
-9.230997413396835327e-03
-6.012669298797845840e-03
-3.047756291925907135e-02
-5.014285072684288025e-02
-2.490236982703208923e-02
-2.295557223260402679e-02
-7.369946106337010860e-04
1.092519331723451614e-02
2.532803826034069061e-02
5.703615024685859680e-02
5.399969592690467834e-02
-1.900024525821208954e-02
-1.347037032246589661e-03
2.087727189064025879e-02
4.404108971357345581e-03
2.376382984220981598e-02
4.374346509575843811e-02
2.817941363900899887e-03
5.788329243659973145e-02
5.285174027085304260e-02
-3.271077759563922882e-03
-2.376513788476586342e-03
2.772473916411399841e-02
1.567893661558628082e-02
2.556006796658039093e-02
3.904756158590316772e-02
5.545644089579582214e-02
3.645898774266242981e-02
1.920602098107337952e-02
-7.453870773315429688e-02
-3.722731024026870728e-02
-4.466312937438488007e-03
-9.914846159517765045e-03
2.694541029632091522e-02
4.730727523565292358e-02
3.180262446403503418e-02
2.237938530743122101e-02
1.524914614856243134e-02
-1.477104425430297852e-02
-1.584948226809501648e-02
-3.380167856812477112e-02
-1.321035064756870270e-02
-6.500544399023056030e-02
-6.187705695629119873e-02
-1.244260463863611221e-02
-3.731761127710342407e-02
-4.444707557559013367e-02
-2.193029783666133881e-02
-1.767781749367713928e-02
1.439622323960065842e-02
1.980216329684481025e-04
-3.863450372591614723e-03
2.097348868846893311e-02
1.459045428782701492e-02
2.157936431467533112e-02
2.981978282332420349e-02
-2.056841924786567688e-02
-1.626813225448131561e-02
-1.321355532854795456e-02
6.813477724790573120e-02
6.163331121206283569e-02
5.808546021580696106e-02
2.705273777246475220e-02
5.048955604434013367e-02
3.708979859948158264e-02
1.135860476642847061e-02
-1.586255733855068684e-03
3.414365230128169060e-03
3.172974800691008568e-03
7.800397928804159164e-03
2.612000331282615662e-02
6.732597947120666504e-03
2.281815558671951294e-02
3.468707576394081116e-02
-4.360152035951614380e-02
-6.971551477909088135e-02
-5.948480591177940369e-02
-1.665413193404674530e-02
-6.162109598517417908e-02
-5.082495883107185364e-02
-3.002598509192466736e-02
-4.289516061544418335e-02
-5.284091085195541382e-02
9.880535071715712547e-05
-4.043150693178176880e-03
-1.941355504095554352e-02
1.199710369110107422e-02
2.488967590034008026e-02
2.096301876008510590e-02
1.684598438441753387e-02
2.214232459664344788e-02
2.778649143874645233e-02
-3.835288807749748230e-02
-4.241821169853210449e-02
-3.183277323842048645e-02
-1.503965910524129868e-02
-3.627010807394981384e-02
-4.900592938065528870e-02
-5.690293386578559875e-03
-3.618903458118438721e-02
-3.250973671674728394e-02
3.774357493966817856e-03
-1.034935377538204193e-02
-2.260628715157508850e-02
2.338349446654319763e-02
2.908662892878055573e-02
5.765480455011129379e-03
1.857549510896205902e-02
3.880930691957473755e-02
2.566594444215297699e-02
-2.561768330633640289e-02
-8.255749940872192383e-03
-1.395889790728688240e-03
5.970879923552274704e-03
1.029620412737131119e-02
1.783472113311290741e-02
4.902563616633415222e-02
4.198320955038070679e-02
2.331216633319854736e-02
1.490485109388828278e-02
7.822947576642036438e-03
5.518937949091196060e-03
-1.738893985748291016e-02
-1.121868751943111420e-02
1.563276862725615501e-03
-2.675870060920715332e-02
-1.794637180864810944e-02
-3.011527005583047867e-03
-3.047870285809040070e-02
-1.787266321480274200e-02
-3.384692594408988953e-02
-6.309436634182929993e-03
-1.269704382866621017e-02
-2.490771189332008362e-02
-6.586680683540180326e-05
-7.948008365929126740e-03
-2.770962193608283997e-02
1.617623679339885712e-02
3.793733194470405579e-02
2.858522348105907440e-02
2.950152382254600525e-02
3.452832996845245361e-02
2.492984570562839508e-02
5.170250311493873596e-02
5.253978446125984192e-02
3.032883442938327789e-02
2.907405607402324677e-02
1.124174054712057114e-02
8.413813076913356781e-03
-5.590854678303003311e-03
-5.423214286565780640e-03
1.642927154898643494e-02
-2.688250970095396042e-04
-1.881076954305171967e-02
1.189421303570270538e-02
5.766106024384498596e-02
3.723085671663284302e-02
-1.140287960879504681e-03
2.479763142764568329e-02
6.862847600132226944e-03
2.752009220421314240e-02
3.172023594379425049e-02
5.688278004527091980e-03
2.395085617899894714e-02
-1.714600250124931335e-02
4.906306508928537369e-03
6.894706189632415771e-02
-1.227442733943462372e-02
8.766327984631061554e-03
4.738947376608848572e-03
-2.616477385163307190e-02
-1.048029866069555283e-03
1.626188308000564575e-02
-2.574666962027549744e-02
-1.251382660120725632e-02
-9.245994500815868378e-03
-4.291935265064239502e-02
-3.742527216672897339e-02
-1.594743877649307251e-02
2.079601166769862175e-03
-7.288859225809574127e-03
1.868303492665290833e-02
-1.550440397113561630e-02
-1.215222664177417755e-02
-2.793559432029724121e-02
-4.251558799296617508e-03
-1.675324514508247375e-02
-2.638870105147361755e-02
-8.973036892712116241e-03
-1.967852748930454254e-02
-1.949623972177505493e-02
5.470247007906436920e-03
1.980415545403957367e-02
4.737437888979911804e-02
1.949992217123508453e-02
2.725932188332080841e-02
2.808760851621627808e-02
-2.018117904663085938e-02
-1.902670785784721375e-02
-3.388785943388938904e-02
-1.590664265677332878e-03
3.252804651856422424e-02
4.589886590838432312e-02
2.504756860435009003e-02
2.496980689465999603e-02
2.776696532964706421e-02
-6.849078927189111710e-04
-5.475309677422046661e-03
8.835446089506149292e-03
-8.181144949048757553e-04
5.277344491332769394e-03
-1.455054152756929398e-03
-2.116766385734081268e-02
3.584245685487985611e-03
-1.305345818400382996e-02
-2.863798104226589203e-02
-5.908174905925989151e-03
-1.690736413002014160e-02
-1.343125849962234497e-02
-1.581444591283798218e-02
-3.767964616417884827e-02
-1.468178443610668182e-02
-1.470457855612039566e-02
-3.367081657052040100e-02
-2.278739213943481445e-02
-1.746917143464088440e-02
-2.633674815297126770e-02
-2.712211944162845612e-02
-3.538741916418075562e-02
-4.050193727016448975e-02
-2.119790203869342804e-02
-3.241197904571890831e-03
-1.442831289023160934e-02
-5.689432471990585327e-02
-2.470912970602512360e-02
-1.133667398244142532e-02
1.739570684731006622e-02
2.791037969291210175e-02
3.031509555876255035e-02
1.039321906864643097e-02
7.863223552703857422e-03
1.182617712765932083e-02
1.587274298071861267e-02
-1.125474460422992706e-02
-1.070431433618068695e-02
-2.288450486958026886e-02
-4.122517257928848267e-02
-5.089268833398818970e-02
-1.523209456354379654e-02
-2.070674113929271698e-02
-9.062401019036769867e-03
-3.069965867325663567e-03
-6.362659391015768051e-03
1.951093040406703949e-02
-4.339378327131271362e-02
-2.978855744004249573e-02
-3.948298841714859009e-02
-2.759841643273830414e-02
-3.929867967963218689e-02
-4.355594515800476074e-02
-1.249637547880411148e-02
-2.671850658953189850e-02
-3.479409962892532349e-02
-9.231384843587875366e-03
-9.411735460162162781e-03
-2.870146930217742920e-02
5.414032377302646637e-03
-2.161687798798084259e-02
-2.403585240244865417e-02
2.319654077291488647e-02
-1.044887024909257889e-02
-1.980311609804630280e-02
-1.637691073119640350e-02
-1.182462461292743683e-02
-9.359473362565040588e-03
-3.392219543457031250e-03
-1.361517515033483505e-02
-1.122807245701551437e-02
-5.893929395824670792e-03
-2.499098144471645355e-02
-3.030607476830482483e-02
4.894081968814134598e-03
-4.504727665334939957e-03
-3.924138844013214111e-03
2.036202698945999146e-03
-1.569204265251755714e-03
-1.093522273004055023e-02
-2.122254809364676476e-03
6.974445190280675888e-03
1.306885760277509689e-02
2.462880918756127357e-03
-2.115474082529544830e-03
5.313754081726074219e-03
-7.663608994334936142e-03
-5.318214185535907745e-03
7.939270697534084320e-03
-9.169081225991249084e-03
-3.227255074307322502e-03
5.389472935348749161e-03
-2.312421426177024841e-02
-7.885565981268882751e-03
-1.216633059084415436e-02
-1.877404563128948212e-02
-9.967938065528869629e-03
-9.848019108176231384e-03
-1.818258874118328094e-02
-1.380901504307985306e-02
-1.476531848311424255e-02
-1.326373498886823654e-02
-1.945127360522747040e-02
-1.913330331444740295e-02
-1.865353435277938843e-02
-1.868977956473827362e-02
-2.416512370109558105e-02
-2.702821802813559771e-04
1.629200764000415802e-02
1.022110506892204285e-02
1.793467998504638672e-02
-2.075682953000068665e-02
7.716834079474210739e-04
6.062878761440515518e-03
-1.867869868874549866e-02
-5.092080682516098022e-03
-2.389346947893500328e-03
-1.275360118597745895e-02
3.738735802471637726e-03
-2.606432884931564331e-02
-2.382165566086769104e-02
-6.466003134846687317e-03
-4.051488265395164490e-02
-3.445063158869743347e-02
-3.603333607316017151e-02
-6.612519733607769012e-03
-5.951667670160531998e-03
-1.876013912260532379e-02
-1.123026944696903229e-02
-3.395124338567256927e-03
6.834968924522399902e-03
3.020714269950985909e-03
1.652682945132255554e-02
2.135670185089111328e-02
-2.404362196102738380e-03
1.960137393325567245e-03
-8.875791914761066437e-03
-1.340735144913196564e-02
7.129003060981631279e-04
1.264404784888029099e-02
-1.493183989077806473e-02
-5.779050290584564209e-03
-6.823763251304626465e-03
-7.412511389702558517e-03
2.154523693025112152e-02
1.797184720635414124e-02
-1.534065604209899902e-02
8.365971036255359650e-03
3.108979901298880577e-03
-1.733879558742046356e-02
1.593600609339773655e-03
-1.739721163176000118e-03
-2.172748185694217682e-02
-2.925190515816211700e-02
-2.883082069456577301e-02
-3.459472581744194031e-02
-3.994456678628921509e-02
-4.907264187932014465e-02
-3.185256570577621460e-02
-3.544940054416656494e-02
-3.594004735350608826e-02
-3.311374783515930176e-02
-2.975755184888839722e-02
-3.619075939059257507e-02
-1.167382672429084778e-02
-1.790609955787658691e-02
-2.092378586530685425e-02
-1.056439708918333054e-02
-1.311448868364095688e-02
-3.965442068874835968e-03
-1.457927096635103226e-02
-5.384389311075210571e-03
2.889173105359077454e-02
1.968875527381896973e-03
6.742305122315883636e-03
-7.989169098436832428e-03
1.665244065225124359e-02
2.094366401433944702e-02
-4.715363495051860809e-03
1.372400857508182526e-02
1.380973868072032928e-02
-2.179686212912201881e-03
6.094406824558973312e-03
-2.867274917662143707e-02
-1.721698418259620667e-02
1.363644190132617950e-02
6.965652108192443848e-03
3.503561392426490784e-02
-6.089269649237394333e-03
-6.934997625648975372e-03
1.534977555274963379e-02
-2.272791974246501923e-02
2.346364082768559456e-03
3.264817222952842712e-02
-1.384625118225812912e-02
-1.662020385265350342e-02
-6.748842541128396988e-03
-1.047716289758682251e-02
-9.353156201541423798e-03
1.586320227943360806e-03
-3.784071654081344604e-02
-4.988701269030570984e-02
-4.530858248472213745e-02
-4.281672462821006775e-02
-5.174117162823677063e-02
-5.093448236584663391e-02
-1.933406479656696320e-02
-3.244336694478988647e-02
-2.904175221920013428e-02
-7.249700278043746948e-02
-6.825263053178787231e-02
-5.639481544494628906e-02
-4.730935767292976379e-02
-3.340977057814598083e-02
-2.053824812173843384e-02
1.128363236784934998e-02
2.290417440235614777e-02
2.301315404474735260e-02
5.462677218019962311e-03
3.345316508784890175e-03
1.857049390673637390e-02
3.750615566968917847e-02
3.578868135809898376e-02
3.793859854340553284e-02
4.057917371392250061e-02
4.330647364258766174e-02
4.818037897348403931e-02
7.215059828013181686e-03
-9.865622967481613159e-03
-1.722321845591068268e-02
-8.100711740553379059e-03
-1.428768783807754517e-02
-2.216992527246475220e-02
6.667027249932289124e-03
2.144760452210903168e-03
-1.304195169359445572e-02
-4.372015595436096191e-03
-1.026575919240713120e-02
-8.969550020992755890e-03
2.526082657277584076e-02
2.277858927845954895e-02
1.542418543249368668e-02
1.432933006435632706e-02
3.112913109362125397e-02
3.400064259767532349e-02
-3.735909983515739441e-02
-2.057158946990966797e-02
-1.318920869380235672e-02
-3.972229082137346268e-03
-2.110449969768524170e-02
-1.749327033758163452e-02
1.385739538818597794e-03
-3.905253112316131592e-02
-1.490296889096498489e-02
-3.101042471826076508e-02
-4.620355740189552307e-02
-5.409890785813331604e-02
-4.020911455154418945e-02
-3.880603983998298645e-02
-3.293938562273979187e-02
-3.490357846021652222e-02
-3.020372800529003143e-02
-1.773457042872905731e-02
7.082089432515203953e-04
-2.284803986549377441e-02
-1.907237619161605835e-02
1.308792270720005035e-02
1.052738353610038757e-02
1.741394214332103729e-02
2.586716227233409882e-02
9.875265881419181824e-03
1.908493414521217346e-02
-1.654323190450668335e-02
4.872676217928528786e-04
-1.402015239000320435e-02
-2.237063832581043243e-03
2.005240134894847870e-02
1.015524379909038544e-02
-3.203615313395857811e-03
4.718259442597627640e-03
-9.795336984097957611e-03
1.203238964080810547e-02
1.858273637481033802e-03
-1.118150190450251102e-03
6.906830705702304840e-03
-1.316563505679368973e-02
-1.236070878803730011e-02
1.027646195143461227e-02
6.131652742624282837e-03
-3.330703126266598701e-03
-8.084403350949287415e-03
4.145876504480838776e-03
9.514471516013145447e-03
-2.365526556968688965e-02
3.999335691332817078e-03
-6.257886067032814026e-03
-3.258831799030303955e-02
3.939530346542596817e-03
8.053419180214405060e-03
-3.694716142490506172e-04
-1.985328271985054016e-02
-7.884527556598186493e-03
-2.837736718356609344e-02
-2.840306982398033142e-02
-2.097237296402454376e-02
-2.057302743196487427e-02
-2.828029682859778404e-03
-1.282170973718166351e-02
2.429356053471565247e-02
-8.575999177992343903e-03
-2.271795459091663361e-02
-6.255043204873800278e-03
-2.337661571800708771e-02
-1.869743876159191132e-02
-2.268500812351703644e-02
-1.517020910978317261e-02
-3.695448860526084900e-03
8.939418941736221313e-03
5.630766507238149643e-03
2.297441475093364716e-02
1.009682379662990570e-02
9.333442896604537964e-03
3.076879680156707764e-02
1.715355738997459412e-02
3.818487515673041344e-03
-2.128988271579146385e-03
9.755887091159820557e-03
2.170785889029502869e-02
2.238691598176956177e-02
-1.217540353536605835e-02
-8.862572722136974335e-03
-1.477261073887348175e-02
-1.015592552721500397e-02
-2.533062547445297241e-02
-3.399569541215896606e-02
-1.846923679113388062e-02
-4.427358042448759079e-03
-1.877796649932861328e-02
-3.277980431448668242e-04
-2.255899365991353989e-03
-8.664376102387905121e-03
-1.862269826233386993e-02
-4.153570905327796936e-02
-6.104139238595962524e-02
1.673697261139750481e-03
1.902513578534126282e-02
1.841632090508937836e-02
-4.637411236763000488e-02
4.396112635731697083e-03
1.221046410501003265e-02
-2.856298722326755524e-02
-4.919940838590264320e-04
-5.371621344238519669e-03
-6.880402099341154099e-03
-1.544450595974922180e-02
-3.493560478091239929e-02
-1.455764379352331161e-02
-3.355706483125686646e-02
-3.832409158349037170e-02
-2.902923710644245148e-02
-3.859622403979301453e-02
-4.034300521016120911e-02
-1.044179312884807587e-02
-2.816780656576156616e-02
-1.410123053938150406e-02
1.488135755062103271e-02
-3.876057220622897148e-03
-1.139029767364263535e-02
4.785640165209770203e-02
3.936307132244110107e-02
2.521597221493721008e-02
-5.302230827510356903e-03
-4.161263816058635712e-03
6.246851757168769836e-03
-1.005630288273096085e-02
8.204516954720020294e-03
1.065430790185928345e-02
-2.072276920080184937e-02
-5.312237422913312912e-03
6.546204909682273865e-03
-2.047886518994346261e-04
3.617039881646633148e-03
1.214384008198976517e-02
8.743438869714736938e-03
1.537345629185438156e-02
1.918011717498302460e-02
7.642239332199096680e-03
1.860242523252964020e-02
2.001546509563922882e-02
-1.011664047837257385e-02
-3.828809829428792000e-03
-2.513007447123527527e-02
-9.633600711822509766e-03
8.227464859373867512e-04
-2.613016217947006226e-02
-3.687947615981101990e-02
-1.751459576189517975e-02
-2.745355293154716492e-02
9.083396755158901215e-03
9.372071363031864166e-03
2.994445385411381721e-03
1.736380532383918762e-02
2.001604251563549042e-02
2.864716015756130219e-02
-1.100566005334258080e-03
5.224974825978279114e-03
1.809162460267543793e-02
6.204832345247268677e-03
6.749593652784824371e-03
1.352401450276374817e-02
-3.722380474209785461e-02
-2.454996854066848755e-02
-2.697809599339962006e-02
-4.258021339774131775e-02
-3.720909729599952698e-02
-3.729055821895599365e-02
1.984684728085994720e-02
1.574015431106090546e-02
1.744414493441581726e-02
8.813126944005489349e-03
2.932435274124145508e-02
2.449693158268928528e-02
8.746367879211902618e-03
1.444312743842601776e-02
1.116986852139234543e-02
7.678915746510028839e-03
-6.759208627045154572e-03
-1.427008770406246185e-02
1.963061653077602386e-02
-1.243482111021876335e-03
-2.842517197132110596e-02
-6.689358502626419067e-03
-1.061650179326534271e-02
-3.719257563352584839e-02
-7.694791071116924286e-03
1.136637656600214541e-04
1.026097033172845840e-02
1.900292187929153442e-02
4.948622081428766251e-03
5.848308093845844269e-03
3.731281263753771782e-03
2.306745573878288269e-02
2.148470096290111542e-02
-3.072252124547958374e-02
-8.277928829193115234e-02
-6.523269414901733398e-02
-1.497384998947381973e-02
-6.479287147521972656e-02
-7.998699694871902466e-02
1.053099241107702255e-02
-1.334205549210309982e-02
-3.773628175258636475e-02
-2.534763701260089874e-02
-1.354121044278144836e-02
8.065655827522277832e-03
-1.375262159854173660e-02
-1.582925906404852867e-03
1.740694418549537659e-02
-1.631808094680309296e-02
6.687761750072240829e-03
1.375617086887359619e-02
-1.677511259913444519e-02
-7.312579546123743057e-03
3.956986591219902039e-02
3.098843432962894440e-02
3.310372307896614075e-02
3.282250091433525085e-02
6.304125767201185226e-03
1.198981329798698425e-02
2.893986739218235016e-02
-3.209682181477546692e-02
-2.140736021101474762e-02
-2.889680489897727966e-02
-2.989733777940273285e-02
-9.922558441758155823e-03
-9.311151690781116486e-03
1.258433214388787746e-03
1.029133610427379608e-02
-6.221012677997350693e-03
1.118508819490671158e-02
-2.996312081813812256e-02
-2.894307300448417664e-02
6.320978980511426926e-03
-1.712634041905403137e-02
-1.519863680005073547e-02
-9.915909729897975922e-03
8.583448827266693115e-03
1.182120945304632187e-02
1.544117112644016743e-03
2.335375640541315079e-03
2.655476517975330353e-02
-4.453930538147687912e-03
-1.818753778934478760e-03
2.221485227346420288e-02
-2.563673444092273712e-02
-7.686150725930929184e-03
4.271844867616891861e-03
-9.738394059240818024e-03
-2.657564356923103333e-02
-1.824445836246013641e-02
-1.511159352958202362e-02
-2.078050002455711365e-02
-1.334141939878463745e-02
-2.557262219488620758e-02
-2.135049924254417419e-02
-2.158638834953308105e-02
-1.117410603910684586e-03
4.066720604896545410e-03
-1.412063930183649063e-02
-1.169645227491855621e-02
-1.270901132375001907e-02
-2.745817974209785461e-02
9.634693153202533722e-03
4.290664568543434143e-03
-5.484391469508409500e-03
1.446606963872909546e-02
2.326814644038677216e-02
1.264458894729614258e-02
-1.184480637311935425e-02
-4.653415177017450333e-03
-1.249454636126756668e-02
-3.138575702905654907e-02
-2.959373779594898224e-02
-4.832555353641510010e-02
-2.908303588628768921e-02
-1.455754321068525314e-02
-1.249875593930482864e-02
-2.693765796720981598e-02
-3.511971235275268555e-02
-2.211935818195343018e-02
-3.179381787776947021e-02
-4.060305655002593994e-02
-2.999488823115825653e-02
1.434727758169174194e-02
-1.523441052995622158e-03
-2.413479052484035492e-02
-2.241151407361030579e-02
-1.002893503755331039e-02
1.014167326502501965e-03
-4.411628760863095522e-04
1.976582221686840057e-02
3.091756813228130341e-02
-7.895548827946186066e-03
1.351804006844758987e-02
-2.298992313444614410e-02
-6.922921538352966309e-02
-2.963959239423274994e-02
-3.481849282979965210e-02
-4.871880635619163513e-02
-4.074370861053466797e-02
-5.574805289506912231e-02
2.998920157551765442e-02
7.096359506249427795e-03
-5.327387712895870209e-03
7.901187054812908173e-03
-1.254178397357463837e-02
-3.716256702318787575e-03
5.236381664872169495e-02
1.711861044168472290e-02
2.491577155888080597e-02
5.995214730501174927e-02
6.946191936731338501e-02
7.612101733684539795e-02
-2.703354880213737488e-02
-5.110763013362884521e-03
5.514340475201606750e-02
-4.172111675143241882e-02
-3.883384913206100464e-02
1.479427982121706009e-02
-5.620305612683296204e-02
-2.596588432788848877e-02
-1.082139089703559875e-02
-2.845267765223979950e-03
7.959715090692043304e-03
8.804354816675186157e-03
1.223016157746315002e-02
2.635586448013782501e-02
6.509326864033937454e-03
-7.888730615377426147e-03
1.825249567627906799e-02
2.039733156561851501e-02
-2.843851782381534576e-02
-1.781314797699451447e-02
3.843583399429917336e-04
-1.062064897269010544e-02
-3.132104873657226562e-02
-1.406560745090246201e-02
1.263715513050556183e-02
2.241416089236736298e-02
3.108436986804008484e-02
-3.046401077881455421e-03
-1.176726911216974258e-02
9.018428623676300049e-03
-4.194749519228935242e-02
-4.325399547815322876e-02
-1.280681136995553970e-02
1.869693771004676819e-02
1.217902824282646179e-02
2.162520587444305420e-02
-8.567105978727340698e-03
-2.203867956995964050e-02
-2.337711118161678314e-02
-2.786746434867382050e-02
-2.508207969367504120e-02
-2.036363445222377777e-02
-4.440155997872352600e-02
-6.482580304145812988e-02
-5.037775263190269470e-02
4.662697762250900269e-02
4.062645509839057922e-02
1.376211270689964294e-02
3.483902290463447571e-02
4.545975476503372192e-02
6.662427913397550583e-03
-4.153124988079071045e-02
-4.676872864365577698e-02
-2.283607982099056244e-02
4.322985559701919556e-02
4.738436639308929443e-02
2.259432524442672729e-02
9.776419959962368011e-03
9.831971488893032074e-03
2.006967552006244659e-02
-6.636824458837509155e-02
-6.390669941902160645e-02
-5.664074420928955078e-02
-1.801733486354351044e-02
4.196101799607276917e-03
9.389515966176986694e-03
1.747794635593891144e-02
2.447996288537979126e-02
2.802451327443122864e-02
-3.858509007841348648e-03
-3.171166032552719116e-02
-3.318316861987113953e-02
-7.262251339852809906e-03
-1.288273721002042294e-03
-9.108179248869419098e-03
3.010045364499092102e-02
4.014878347516059875e-02
1.291154790669679642e-02
1.238707918673753738e-02
-7.233014795929193497e-03
-2.862992323935031891e-02
2.243902999907732010e-03
-1.114442851394414902e-02
1.154608558863401413e-02
-3.539194166660308838e-02
-2.514376118779182434e-02
-3.967233467847108841e-03
-3.656662628054618835e-02
-4.007484763860702515e-02
-2.039681375026702881e-02
-1.219905726611614227e-02
-1.208345778286457062e-02
-2.869322709739208221e-02
-2.266954630613327026e-02
-3.541313484311103821e-02
-3.980641812086105347e-02
-1.301429420709609985e-02
-4.131055623292922974e-02
-2.300289273262023926e-02
2.380386926233768463e-02
2.508141100406646729e-02
1.007240079343318939e-02
1.363455411046743393e-02
-6.810429040342569351e-03
-1.719611883163452148e-02
-2.475559525191783905e-02
4.644170403480529785e-03
3.263373672962188721e-02
-1.350970659404993057e-02
-5.467532668262720108e-03
1.058416627347469330e-02
-3.043257165700197220e-04
-1.073320861905813217e-02
-7.392266299575567245e-03
3.912365436553955078e-02
1.899260655045509338e-02
2.207364141941070557e-02
3.930294513702392578e-02
1.006963104009628296e-02
3.679085522890090942e-02
1.805509999394416809e-02
6.590338889509439468e-03
-1.915756147354841232e-03
4.693647101521492004e-02
-2.289286628365516663e-02
-1.780273392796516418e-02
1.320699695497751236e-02
-5.352814681828022003e-03
-7.236220408231019974e-03
2.138536609709262848e-02
1.728723011910915375e-02
9.157962631434202194e-04
2.509407466277480125e-03
2.202567085623741150e-02
2.357483841478824615e-02
-2.772388048470020294e-02
-3.249605372548103333e-02
-2.817128412425518036e-02
1.606872491538524628e-02
4.375447519123554230e-03
2.855839394032955170e-02
-3.075133450329303741e-02
-1.918846182525157928e-02
-1.483378582634031773e-03
-9.294277988374233246e-04
-7.373319822363555431e-04
5.084541626274585724e-03
-4.036179743707180023e-03
2.747586113400757313e-04
-1.661590486764907837e-02
3.900814056396484375e-02
9.317426010966300964e-03
-1.224468462169170380e-02
1.670105196535587311e-02
1.242053136229515076e-02
-1.491653546690940857e-02
4.243758693337440491e-02
3.384722769260406494e-02
1.939116790890693665e-02
-3.710398077964782715e-02
-9.410784696228802204e-04
2.107411250472068787e-02
-6.585541646927595139e-03
-1.588436658494174480e-03
3.537623211741447449e-02
-1.668880134820938110e-02
-9.199344553053379059e-03
-1.007022149860858917e-02
-5.521401297301054001e-03
-4.019931890070438385e-03
-1.250567473471164703e-02
1.055129896849393845e-02
3.373230993747711182e-02
2.598201623186469078e-03
1.560571882873773575e-02
3.698582202196121216e-02
2.269982360303401947e-02
-9.319895878434181213e-03
-1.574488356709480286e-02
-3.420468419790267944e-02
-1.544849248602986336e-03
-9.660496376454830170e-03
-3.501871228218078613e-02
5.881583783775568008e-03
-8.409613743424415588e-03
-4.434429481625556946e-02
-1.140006538480520248e-02
-2.843546122312545776e-02
-2.062263339757919312e-02
1.602799072861671448e-02
-1.386605203151702881e-02
-3.721030429005622864e-02
-4.055076744407415390e-03
-2.504067029803991318e-03
-1.661605760455131531e-02
-1.214897260069847107e-02
-1.160261034965515137e-02
1.212337892502546310e-02
1.142941415309906006e-02
-2.114663086831569672e-02
-4.642129410058259964e-03
-3.920027986168861389e-02
-4.101479798555374146e-02
-3.088888339698314667e-02
-3.701155260205268860e-02
-3.252653405070304871e-02
-1.841443777084350586e-02
-4.235662147402763367e-02
-4.557667300105094910e-02
-2.394271828234195709e-02
-1.424344815313816071e-02
2.579759107902646065e-03
2.739936858415603638e-02
-8.342138491570949554e-03
-4.823235794901847839e-04
-2.387421205639839172e-02
-8.668805472552776337e-03
1.473071798682212830e-02
-4.283939051674678922e-05
-1.777889393270015717e-02
-3.631716826930642128e-03
-1.623051054775714874e-02
1.619124785065650940e-02
-1.064696814864873886e-02
-1.872312859632074833e-03
-1.739724352955818176e-02
-6.208350509405136108e-02
-3.279687836766242981e-02
2.464381046593189240e-02
4.391175881028175354e-02
2.480241842567920685e-02
-9.312377311289310455e-03
-1.483398210257291794e-02
3.531847149133682251e-02
-1.857445947825908661e-02
7.269731722772121429e-03
4.035534709692001343e-02
-3.715119138360023499e-02
-1.690127700567245483e-02
7.094136904925107956e-03
-1.270849723368883133e-03
-6.701900158077478409e-03
1.026191748678684235e-02
8.331766352057456970e-03
-1.144292764365673065e-02
-1.129442011006176472e-03
2.305933646857738495e-02
6.326718255877494812e-03
6.674286909401416779e-03
-9.387512691318988800e-03
1.395315048284828663e-03
-4.304206930100917816e-03
-8.577806875109672546e-03
7.229407317936420441e-03
8.808586746454238892e-03
-1.134545382228679955e-04
3.313818946480751038e-02
2.309613488614559174e-02
3.615669906139373779e-02
2.800241485238075256e-02
-1.068235281854867935e-02
3.972950205206871033e-02
3.756663203239440918e-02
3.409354016184806824e-02
2.068082056939601898e-02
3.148634359240531921e-02
2.144012972712516785e-02
-2.261231467127799988e-02
-1.639618538320064545e-02
-1.296029146760702133e-02
-3.580198064446449280e-02
-2.646014839410781860e-02
-2.151344716548919678e-02
-3.613806888461112976e-02
-3.698659315705299377e-02
-4.737189412117004395e-02
-3.697633277624845505e-03
-1.282741781324148178e-02
1.103859674185514450e-02
6.875454913824796677e-03
-2.260012365877628326e-02
-2.180387964472174644e-03
-3.813099488615989685e-02
-6.329207122325897217e-02
-3.304471075534820557e-02
3.397774696350097656e-02
2.184771746397018433e-02
6.051974371075630188e-03
-3.699818626046180725e-03
-7.524004206061363220e-03
-9.428410790860652924e-03
1.528935320675373077e-02
3.170736134052276611e-03
-3.023317828774452209e-02
-1.748064719140529633e-02
-2.800029702484607697e-02
-1.763754338026046753e-02
-6.327877286821603775e-03
-4.617103375494480133e-03
-1.092123519629240036e-02
-4.446478188037872314e-02
-2.201649732887744904e-02
-9.616511873900890350e-03
2.445282787084579468e-02
4.380411468446254730e-03
6.830744910985231400e-03
3.219343349337577820e-02
1.884427107870578766e-02
1.818344369530677795e-02
1.749760657548904419e-02
-3.508688183501362801e-03
1.017093844711780548e-02
-6.839887239038944244e-03
-8.918005041778087616e-03
-4.072366282343864441e-02
1.809075474739074707e-02
1.656515523791313171e-02
-4.724793136119842529e-03
2.740235626697540283e-02
2.408910542726516724e-02
7.550290320068597794e-03
-1.289355382323265076e-02
-1.360540185123682022e-02
-8.682777173817157745e-03
2.042500488460063934e-02
1.878661662340164185e-02
3.021949529647827148e-02
-1.137991552241146564e-03
-3.072748146951198578e-02
-4.165935888886451721e-02
-5.639342591166496277e-02
-7.344990968704223633e-03
1.197544485330581665e-02
-3.904698789119720459e-02
1.410015858709812164e-03
1.291522011160850525e-02
-2.599974535405635834e-02
5.898259580135345459e-03
1.981970109045505524e-02
-2.217558771371841431e-02
-1.285802852362394333e-02
-1.318779494613409042e-02
-3.898227296303957701e-04
-1.650913059711456299e-02
-3.093230165541172028e-02
2.480244031175971031e-03
-1.341655291616916656e-02
-1.371149253100156784e-02
-9.410897269845008850e-03
-1.473742420785129070e-03
-7.435680832713842392e-03
-1.627171225845813751e-02
-7.297994568943977356e-03
-1.198998000472784042e-02
-5.249365232884883881e-03
-1.316899899393320084e-02
-2.936444710940122604e-03
3.560819476842880249e-02
6.538021564483642578e-02
5.268752947449684143e-02
-9.915624558925628662e-02
-7.865196466445922852e-02
-6.517342478036880493e-02
1.630239561200141907e-02
-8.208226412534713745e-03
1.482161413878202438e-02
-1.745792292058467865e-02
-1.284748688340187073e-02
-3.296343609690666199e-02
5.002974066883325577e-03
8.729643188416957855e-03
-2.407501451671123505e-03
-2.690562605857849121e-02
-3.871657699346542358e-02
-2.922375872731208801e-02
-2.823618426918983459e-02
-4.512762650847434998e-02
-6.980014592409133911e-02
-1.174679771065711975e-02
-4.560540430247783661e-03
-1.786069571971893311e-02
-3.136423602700233459e-02
-1.376431155949831009e-02
-2.521272562444210052e-02
8.651179261505603790e-03
2.356011420488357544e-02
6.241464056074619293e-03
3.327314555644989014e-02
2.271085791289806366e-02
3.764041140675544739e-02
1.738715730607509613e-02
1.035462133586406708e-02
1.410426199436187744e-02
-2.780914865434169769e-02
-3.736605169251561165e-03
-2.044010162353515625e-02
2.735012955963611603e-02
5.977004766464233398e-03
-9.690694510936737061e-03
1.328265201300382614e-02
4.670057445764541626e-03
-1.780603267252445221e-02
-8.909543044865131378e-03
-3.263646794948726892e-04
2.861321903765201569e-02
-5.696935951709747314e-02
-4.683564230799674988e-02
6.308807991445064545e-03
-3.816140443086624146e-02
-1.874204538762569427e-02
-7.450184784829616547e-03
-5.314556509256362915e-02
-4.462867975234985352e-02
-5.227280408143997192e-02
4.062251537106931210e-04
7.104086689651012421e-03
4.042980074882507324e-02
8.552044630050659180e-03
9.095212444663047791e-03
1.976280473172664642e-02
-1.688250340521335602e-02
7.539503742009401321e-03
1.030631829053163528e-02
-1.651326194405555725e-02
-2.366872318089008331e-02
-2.957792393863201141e-02
2.874450292438268661e-03
-3.535789251327514648e-02
-4.281169921159744263e-02
6.100556347519159317e-03
-1.153888087719678879e-02
-9.608656167984008789e-03
-2.227917779237031937e-03
1.402527466416358948e-02
3.188709914684295654e-02
-1.027479022741317749e-02
-2.974530216306447983e-03
-2.173564862459897995e-03
-3.115626983344554901e-02
-2.688635513186454773e-02
-2.475110255181789398e-02
-1.000860333442687988e-02
-2.994085103273391724e-02
-4.311878979206085205e-02
-3.418486157897859812e-04
-1.041047368198633194e-02
-2.374250628054141998e-02
7.285902276635169983e-03
9.791395626962184906e-03
2.988588996231555939e-02
5.073724780231714249e-03
2.269518189132213593e-02
4.173938184976577759e-02
2.997219190001487732e-02
3.873305022716522217e-02
4.837525263428688049e-02
-3.989225253462791443e-02
-5.883701518177986145e-02
-4.913763701915740967e-02
-2.648000419139862061e-02
2.289863368787337095e-05
-2.416126057505607605e-02
6.402436993084847927e-04
1.758330874145030975e-02
-1.645194366574287415e-02
-2.511863783001899719e-02
3.048305399715900421e-03
8.258645422756671906e-03
6.966845598071813583e-03
4.774069879204034805e-03
2.210051938891410828e-02
9.190397337079048157e-03
-6.278801243752241135e-03
-1.243243343196809292e-03
-5.108156055212020874e-02
-4.948402568697929382e-02
-7.892294973134994507e-02
-1.575477793812751770e-02
1.643553562462329865e-02
-3.263936564326286316e-02
-1.992762461304664612e-02
1.572629623115062714e-02
-2.604622580111026764e-02
1.958511024713516235e-02
1.534970104694366455e-02
5.498116090893745422e-02
-2.134739980101585388e-02
-8.788940496742725372e-03
8.194855414330959320e-03
-5.931846797466278076e-02
-5.030595511198043823e-02
-3.461229056119918823e-02
-3.584946319460868835e-02
-3.976729139685630798e-02
-1.295629702508449554e-02
8.682216517627239227e-03
-3.869194537401199341e-03
2.558863535523414612e-02
3.368679061532020569e-02
3.480671346187591553e-02
2.332308888435363770e-02
-1.823581173084676266e-03
2.874957397580146790e-02
1.476150192320346832e-02
-4.696587566286325455e-03
-8.157107979059219360e-03
5.762586952187120914e-04
1.448493357747793198e-02
-5.087850149720907211e-03
4.397288896143436432e-03
-1.962612941861152649e-02
-2.208000794053077698e-02
-2.438707649707794189e-02
-1.477315649390220642e-02
2.002834109589457512e-03
-7.336372975260019302e-03
-1.046793255954980850e-02
7.271836046129465103e-03
-1.160294376313686371e-02
1.058792881667613983e-02
-2.357956953346729279e-02
-3.620856255292892456e-02
3.393428027629852295e-02
7.005397230386734009e-02
2.476765401661396027e-02
9.590701200067996979e-03
3.092435374855995178e-02
2.398875355720520020e-02
-3.802954778075218201e-02
-5.074147880077362061e-02
-1.288495725020766258e-03
-4.322038032114505768e-03
-3.005387820303440094e-02
1.093558594584465027e-02
-2.373680286109447479e-02
-4.382199048995971680e-02
1.534904912114143372e-02
-2.764863707125186920e-02
-2.314206212759017944e-02
-9.312287904322147369e-03
1.299806404858827591e-02
4.757894668728113174e-03
6.407803390175104141e-03
3.265624865889549255e-03
-4.278622567653656006e-03
-1.347210444509983063e-02
1.311929523944854736e-02
1.355920173227787018e-02
-9.542588144540786743e-03
4.455368965864181519e-02
7.910039275884628296e-02
4.384012892842292786e-02
7.714891806244850159e-03
-4.197803325951099396e-03
1.898849010467529297e-02
1.071139052510261536e-02
2.248206362128257751e-02
5.482807755470275879e-03
-2.027791738510131836e-02
-7.569946465082466602e-04
1.938471756875514984e-02
-6.164513155817985535e-02
-3.780397027730941772e-02
-2.581664919853210449e-02
-2.572290971875190735e-02
-3.956107422709465027e-02
-5.832557380199432373e-02
7.986730895936489105e-03
8.413699455559253693e-03
-2.882213890552520752e-02
1.413242984563112259e-02
1.958903670310974121e-02
-5.638487637042999268e-03
-2.784870192408561707e-02
-2.749364078044891357e-02
-4.027974233031272888e-02
-5.107621848583221436e-02
-3.792622685432434082e-02
-7.819124311208724976e-02
-6.099320203065872192e-02
-3.095157444477081299e-02
-6.256713718175888062e-02
1.339787413598969579e-04
1.955458335578441620e-02
-2.259449474513530731e-02
6.494922097772359848e-03
-1.030842959880828857e-02
-5.314537789672613144e-03
2.993013709783554077e-02
4.122254624962806702e-02
4.934961721301078796e-02
-1.185185927897691727e-02
9.419769048690795898e-04
-1.825653947889804840e-03
-5.274366587400436401e-02
1.246900297701358795e-03
9.876179508864879608e-03
-2.286731638014316559e-02
-1.391349267214536667e-02
-4.536249674856662750e-03
8.274627849459648132e-03
-3.462142124772071838e-02
-3.637582063674926758e-02
4.289538785815238953e-02
-2.105350233614444733e-02
1.686332933604717255e-02
1.325548905879259109e-02
-1.480452902615070343e-02
-6.168005988001823425e-03
-1.695237495005130768e-02
-8.935284800827503204e-03
8.076773025095462799e-03
4.675220698118209839e-03
-2.014431543648242950e-02
-4.374708514660596848e-03
-1.711826585233211517e-02
1.038538198918104172e-02
1.660605892539024353e-02
-3.932605497539043427e-03
3.433066233992576599e-02
2.226049825549125671e-02
-3.525180509313941002e-03
1.409226469695568085e-02
-3.256381489336490631e-03
-4.749457538127899170e-02
1.990443468093872070e-02
1.734716631472110748e-02
4.745475575327873230e-02
-9.395789355039596558e-03
-6.573672592639923096e-02
3.803563117980957031e-02
4.364041984081268311e-02
-1.734551601111888885e-02
2.842423878610134125e-02
6.418048590421676636e-02
3.579416871070861816e-02
-1.410042308270931244e-02
-4.055476561188697815e-02
-4.882330447435379028e-02
2.054368890821933746e-02
-1.251582801342010498e-02
-1.084888633340597153e-02
-9.665727848187088966e-04
-2.813630178570747375e-02
-4.019989445805549622e-02
2.443927712738513947e-02
6.053980439901351929e-02
1.042007561773061752e-02
5.589589849114418030e-02
1.034866049885749817e-01
5.897927284240722656e-02
4.197064787149429321e-02
7.375523447990417480e-02
1.966061815619468689e-02
-2.578083053231239319e-02
3.023371100425720215e-03
-1.018389780074357986e-02
-1.686734613031148911e-03
3.421053290367126465e-02
-1.428775954991579056e-03
-1.393320038914680481e-02
3.032873570919036865e-02
1.718562468886375427e-02
-2.527813427150249481e-02
-1.829143427312374115e-02
-2.566035091876983643e-02
1.405300106853246689e-02
3.823779523372650146e-03
-1.922731660306453705e-02
2.374429255723953247e-02
1.243375893682241440e-02
-1.862273178994655609e-02
-7.616207003593444824e-03
2.274904632940888405e-03
1.837850920855998993e-02
-6.625334732234477997e-03
1.235210150480270386e-02
-4.709183424711227417e-02
-2.092071436345577240e-02
-2.667725086212158203e-02
-5.703114345669746399e-02
-3.574181348085403442e-02
-8.355969563126564026e-03
-3.658460453152656555e-02
-5.083278566598892212e-02
-3.422543406486511230e-02
-2.786843478679656982e-02
-1.330830901861190796e-02
-4.911023005843162537e-02
-3.418184816837310791e-02
1.245982386171817780e-02
-2.795226685702800751e-02
-6.246308237314224243e-02
-1.754308678209781647e-02
-1.562742982059717178e-03
-1.724348776042461395e-02
-1.425401307642459869e-02
1.062030531466007233e-02
1.173103041946887970e-02
5.929287988692522049e-03
-2.794396504759788513e-02
-2.690594457089900970e-02
-3.359705209732055664e-03
-3.871159395202994347e-03
1.232823170721530914e-02
1.919511007145047188e-03
-3.179118409752845764e-02
-2.873550727963447571e-02
-1.954375207424163818e-02
-7.834423333406448364e-03
-3.526438027620315552e-02
-6.369746290147304535e-03
-4.700116347521543503e-03
-8.860430680215358734e-03
-6.534155458211898804e-02
-5.806213989853858948e-02
-2.381370589137077332e-02
4.366059321910142899e-03
-3.936552442610263824e-03
-1.215761760249733925e-03
3.377918154001235962e-02
6.909074261784553528e-03
-9.044846519827842712e-03
7.595059461891651154e-03
6.239051464945077896e-03
-4.841126874089241028e-02
-1.378925982862710953e-02
5.216287449002265930e-03
1.588162407279014587e-02
8.240629918873310089e-03
-1.311824470758438110e-02
2.489506080746650696e-02
1.730103103909641504e-04
-2.357685007154941559e-03
5.397114157676696777e-02
-1.839660480618476868e-02
-5.443040654063224792e-02
-1.093814242631196976e-02
6.683708634227514267e-03
-2.292843349277973175e-02
-1.510933786630630493e-02
4.329339787364006042e-02
4.134400188922882080e-02
3.464312478899955750e-02
-1.542569044977426529e-02
1.265301462262868881e-02
3.524153307080268860e-02
-3.895917907357215881e-02
-4.933422431349754333e-03
-3.405866771936416626e-02
-6.139299366623163223e-03
-4.875857383012771606e-03
-4.360835999250411987e-02
-9.677331894636154175e-03
-4.315869882702827454e-03
-4.216053523123264313e-03
-4.789161030203104019e-03
9.627730585634708405e-03
-1.674154959619045258e-02
-5.196300894021987915e-02
-3.987971693277359009e-02
-4.371979832649230957e-02
8.963389322161674500e-03
7.216940633952617645e-03
1.037584990262985229e-02
1.240976527333259583e-02
1.577140018343925476e-02
-1.030822936445474625e-02
-4.430950433015823364e-02
1.570139266550540924e-02
-3.477518446743488312e-03
3.350380435585975647e-02
2.884797519072890282e-03
1.711807586252689362e-02
-2.740480937063694000e-02
-5.116252601146697998e-02
-1.036029495298862457e-02
-1.797082275152206421e-02
-5.246069654822349548e-02
-2.579909376800060272e-02
1.969769410789012909e-02
4.925331100821495056e-02
2.362814545631408691e-02
-3.592272056266665459e-03
4.177113994956016541e-02
3.656040504574775696e-02
3.130814060568809509e-02
3.592439740896224976e-02
6.001421250402927399e-03
-2.351234667003154755e-02
-2.985640801489353180e-02
-1.760168932378292084e-02
-1.049311272799968719e-02
-2.316530421376228333e-02
2.849391475319862366e-02
2.639674395322799683e-02
-4.884898662567138672e-04
1.258379686623811722e-02
-5.776147916913032532e-02
-4.882352054119110107e-02
-1.750450581312179565e-02
-2.088883146643638611e-02
-2.834839187562465668e-02
-3.460376523435115814e-03
5.311959236860275269e-02
5.134500563144683838e-03
-1.677595451474189758e-02
-2.405340084806084633e-03
-7.660874631255865097e-03
-9.768862277269363403e-03
2.028802596032619476e-02
-1.508747809566557407e-03
2.730890363454818726e-02
-3.081488050520420074e-02
-1.917489618062973022e-02
-1.039684005081653595e-02
-2.117809094488620758e-02
4.482677206397056580e-02
6.916497647762298584e-02
-8.201982825994491577e-03
-2.763923024758696556e-03
1.488370937295258045e-03
4.402473196387290955e-02
-2.855254709720611572e-02
-3.376487269997596741e-02
-9.518532454967498779e-02
-3.259546682238578796e-02
-2.147718705236911774e-02
-3.483904153108596802e-02
-7.887951098382472992e-03
7.825787179172039032e-03
1.301619689911603928e-02
3.189171105623245239e-02
3.176664561033248901e-02
-3.682007268071174622e-02
-3.741415590047836304e-02
-2.412115782499313354e-02
-2.637606672942638397e-02
-2.500918135046958923e-02
-4.335664212703704834e-03
-2.341780625283718109e-02
-3.351905941963195801e-02
1.003031432628631592e-02
-1.034535467624664307e-02
-2.616421505808830261e-02
-8.065985888242721558e-02
-3.474498167634010315e-02
1.788013381883502007e-03
-5.591707769781351089e-03
3.413529321551322937e-02
1.100529432296752930e-01
1.149734258651733398e-01
2.271248260512948036e-03
1.002781931310892105e-02
4.060322418808937073e-02
3.982746228575706482e-02
1.583088189363479614e-02
5.871960893273353577e-02
1.050707697868347168e-02
-1.014737784862518311e-02
3.033408895134925842e-02
-1.383782457560300827e-02
2.110498398542404175e-02
-2.137213759124279022e-02
2.538663800805807114e-03
2.170601673424243927e-02
-2.162338234484195709e-02
1.027612388134002686e-02
1.800064183771610260e-02
-2.199855446815490723e-02
-1.408261805772781372e-02
-1.365159172564744949e-03
7.323531061410903931e-02
3.026012703776359558e-02
2.651090361177921295e-02
3.465731814503669739e-02
2.752607129514217377e-02
-1.577948778867721558e-02
3.752002120018005371e-02
-4.023557412438094616e-04
-1.055440306663513184e-02
-2.700868807733058929e-02
3.597850352525711060e-02
3.056962415575981140e-02
-3.115526214241981506e-02
9.562385268509387970e-03
-2.268566982820630074e-03
-2.232387848198413849e-02
-3.256514668464660645e-02
-1.211276929825544357e-02
4.204423353075981140e-02
-2.890951372683048248e-02
1.672792434692382812e-02
2.234633266925811768e-02
-2.336200512945652008e-02
8.435829658992588520e-04
-4.970604181289672852e-02
4.301017522811889648e-02
6.495820730924606323e-02
3.213165327906608582e-02
4.989141598343849182e-02
5.524707958102226257e-02
1.828930713236331940e-02
-6.208654493093490601e-02
-4.131874442100524902e-02
-2.296337857842445374e-02
-1.669245027005672455e-02
-1.986854150891304016e-02
-8.926583454012870789e-03
-4.045442119240760803e-02
-2.960720844566822052e-02
-3.904464468359947205e-02
1.551916729658842087e-02
-2.273940294981002808e-02
-1.074408832937479019e-02
4.640427604317665100e-02
1.170890405774116516e-02
-6.052560731768608093e-02
2.165051922202110291e-02
1.759685389697551727e-02
-5.839510704390704632e-04
3.516084980219602585e-03
-4.263109341263771057e-02
-3.710241988301277161e-02
-5.016418546438217163e-02
-2.974418178200721741e-02
-2.684938488528132439e-03
-5.271946638822555542e-02
-1.129435840994119644e-02
-8.837713859975337982e-03
-2.390663698315620422e-02
-1.186928711831569672e-02
-3.296399721875786781e-03
8.328697644174098969e-03
7.477471977472305298e-02
2.723300643265247345e-02
2.487509977072477341e-03
4.430205002427101135e-02
3.218679130077362061e-02
1.625444926321506500e-02
-1.559592783451080322e-02
-3.289492800831794739e-02
3.712475672364234924e-02
-3.662022203207015991e-02
3.113181330263614655e-02
4.782054573297500610e-03
-3.799169510602951050e-02
8.744254708290100098e-03
-2.141836471855640411e-02
-6.544818170368671417e-03
-2.748419716954231262e-02
-2.766571007668972015e-02
-3.859165683388710022e-02
-3.807102143764495850e-02
-5.303522944450378418e-02
5.833722534589469433e-04
1.539587881416082382e-02
-3.621330857276916504e-02
9.179270127788186073e-04
-1.298863813281059265e-02
2.440408617258071899e-02
-1.512623205780982971e-02
4.679506272077560425e-02
-2.196261286735534668e-02
-1.776237785816192627e-02
-2.642624452710151672e-02
2.871801261790096760e-04
-2.411779714748263359e-03
-1.426190603524446487e-02
-1.974944025278091431e-03
3.757555969059467316e-03
1.084735523909330368e-02
3.814285993576049805e-02
2.833423204720020294e-02
2.383783087134361267e-02
4.086533561348915100e-02
-6.207229103893041611e-03
-1.701763086020946503e-02
3.342259302735328674e-02
3.759836778044700623e-02
-6.180767086334526539e-04
5.180575326085090637e-02
-3.961990121752023697e-03
6.553044077008962631e-03
-3.100829198956489563e-03
-3.063518367707729340e-02
-1.456025801599025726e-02
7.957335561513900757e-03
1.959172263741493225e-02
-2.826240099966526031e-02
-3.447462106123566628e-03
2.379383519291877747e-02
-1.306668482720851898e-02
-4.768830258399248123e-03
5.410251393914222717e-02
1.778972148895263672e-02
1.417924463748931885e-02
-1.270544994622468948e-02
5.198433622717857361e-02
1.180707570165395737e-02
-1.164066046476364136e-02
2.438671514391899109e-02
2.171019837260246277e-02
1.834249123930931091e-02
4.292118921875953674e-02
2.509266696870326996e-02
3.104766947217285633e-04
1.253892295062541962e-02
-2.338528260588645935e-02
-4.810056462883949280e-02
-5.753219593316316605e-03
-1.530996896326541901e-02
-4.702136665582656860e-02
-1.657507382333278656e-03
-1.197893265634775162e-02
3.227911144495010376e-02
1.719592139124870300e-02
-2.475165575742721558e-02
2.487147971987724304e-02
-1.207829825580120087e-02
-2.997163310647010803e-02
2.293080650269985199e-02
4.519596695899963379e-02
5.589437857270240784e-02
-2.448545210063457489e-02
-2.204808220267295837e-02
-1.994060119614005089e-03
-3.443908691406250000e-02
-1.722013019025325775e-02
-1.032262734952382743e-04
-4.224301502108573914e-02
-2.941923215985298157e-02
9.506742469966411591e-03
-4.167754203081130981e-03
-1.291067432612180710e-02
9.871351066976785660e-04
7.901333272457122803e-03
1.008873456157743931e-03
-1.567044109106063843e-02
-9.419362060725688934e-03
-6.795673165470361710e-03
-1.999820210039615631e-02
-2.431845478713512421e-02
-4.989369213581085205e-02
-7.758243475109338760e-03
1.593225519172847271e-03
-2.674024552106857300e-03
-1.084356289356946945e-02
2.808054443448781967e-03
2.312035672366619110e-02
1.759904436767101288e-02
4.162479890510439873e-04
-2.441422827541828156e-02
-1.617785729467868805e-02
-3.068562783300876617e-02
-3.443513065576553345e-02
-5.985550582408905029e-03
-2.110034972429275513e-02
-1.264714449644088745e-02
-5.689044483006000519e-03
-2.982414513826370239e-02
-2.587200514972209930e-02
5.209863651543855667e-03
1.771138980984687805e-02
-1.620576949790120125e-03
-1.776226609945297241e-02
7.308514905162155628e-04
-3.532605990767478943e-02
-2.321620937436819077e-03
3.692707791924476624e-02
4.270011931657791138e-02
4.416453093290328979e-02
5.872792378067970276e-02
4.611938074231147766e-02
1.871599815785884857e-02
1.296494342386722565e-02
4.697017744183540344e-02
-2.869863063097000122e-03
7.132859528064727783e-02
7.061530649662017822e-02
1.857323804870247841e-03
6.148570403456687927e-02
3.915723785758018494e-02
1.771334931254386902e-02
6.445729732513427734e-02
7.998865842819213867e-02
-4.836564511060714722e-02
2.841833606362342834e-02
5.703084543347358704e-02
-2.481955662369728088e-02
3.326929360628128052e-02
3.905898332595825195e-02
-1.293372921645641327e-02
4.932375997304916382e-02
6.036249920725822449e-02
4.007502924650907516e-03
-2.494278177618980408e-02
-3.363036364316940308e-02
-3.674710169434547424e-02
-9.737734682857990265e-03
4.514604806900024414e-03
-2.274315245449542999e-02
-1.151482015848159790e-02
-1.067320190486498177e-04
-3.663574345409870148e-03
3.113450482487678528e-02
2.056860923767089844e-02
9.124211966991424561e-03
2.128338068723678589e-02
1.163807883858680725e-02
-4.873722791671752930e-02
-1.782558672130107880e-02
-3.050381317734718323e-02
-6.020073592662811279e-02
2.055060677230358124e-02
-6.830272078514099121e-02
-1.929437927901744843e-02
4.967055842280387878e-02
-1.868235692381858826e-02
8.099657483398914337e-03
7.041503489017486572e-02
-4.671047907322645187e-03
5.965260788798332214e-02
1.632962562143802643e-02
-1.827232725918292999e-02
3.296256065368652344e-02
-9.784043766558170319e-03
-1.357354037463665009e-02
-4.284091666340827942e-02
-7.415071874856948853e-02
-8.149722218513488770e-02
-3.098696842789649963e-02
-4.564302787184715271e-02
-5.721524357795715332e-02
2.906356006860733032e-02
4.209991544485092163e-02
1.837715692818164825e-02
3.784986957907676697e-02
1.743054203689098358e-02
1.015463378280401230e-02
1.710758544504642487e-02
2.716623246669769287e-03
1.952530257403850555e-02
-1.134493201971054077e-02
-5.489995703101158142e-03
-1.766196638345718384e-02
1.368850003927946091e-02
1.732002856442704797e-04
6.696535274386405945e-04
-3.723517805337905884e-02
-2.641580440104007721e-02
-7.536024786531925201e-03
6.239935755729675293e-03
2.335101366043090820e-02
2.315575815737247467e-02
5.116015672683715820e-03
-1.913602580316364765e-03
2.244388870894908905e-02
-1.661491207778453827e-02
-2.244160510599613190e-02
-1.244100462645292282e-02
-2.201686613261699677e-02
-5.571276694536209106e-02
-4.229070991277694702e-02
-8.993733674287796021e-03
-1.736709475517272949e-02
-2.179100923240184784e-02
6.207960192114114761e-03
3.618453815579414368e-02
2.857286669313907623e-02
-2.028355933725833893e-02
-1.125846244394779205e-02
-2.204128913581371307e-02
-5.061234533786773682e-02
-6.516949832439422607e-02
-2.629587613046169281e-02
5.707099102437496185e-03
6.328652612864971161e-03
-1.401352975517511368e-02
-4.558772966265678406e-02
-3.987213969230651855e-02
-2.481950633227825165e-02
6.535267084836959839e-02
4.991092532873153687e-02
3.963406011462211609e-02
-1.004928955808281898e-03
9.758899919688701630e-03
-2.453173743560910225e-03
-2.647632546722888947e-02
-2.174075879156589508e-02
-1.672683842480182648e-02
-3.118837252259254456e-02
-3.525354713201522827e-02
-5.715271085500717163e-02
-5.650418344885110855e-03
-7.363258861005306244e-03
8.574239909648895264e-04
1.360850594937801361e-02
9.400223381817340851e-03
-9.331901557743549347e-03
1.598145440220832825e-02
1.097492501139640808e-02
-1.610013842582702637e-02
-5.504453554749488831e-03
-1.841254997998476028e-03
2.372794784605503082e-02
-8.353053592145442963e-03
-1.327733602374792099e-02
1.268615666776895523e-02
-7.549488916993141174e-03
5.741403947467915714e-05
4.532901104539632797e-03
-2.971639297902584076e-02
-5.169620364904403687e-02
-3.470445051789283752e-02
-3.671786934137344360e-02
-2.920578978955745697e-02
6.508967839181423187e-03
-8.465831167995929718e-03
-9.832694195210933685e-03
-2.202985808253288269e-02
-3.333730623126029968e-02
-4.718408733606338501e-02
-4.810049384832382202e-02
6.309382617473602295e-02
6.677260994911193848e-02
7.960575819015502930e-02
2.405850449576973915e-03
-6.861220300197601318e-02
-6.164362654089927673e-02
4.889217019081115723e-02
3.437101095914840698e-02
2.095689252018928528e-02
3.665589168667793274e-02
3.255997784435749054e-03
-3.053143445868045092e-04
7.275900337845087051e-03
-2.528887242078781128e-02
-3.198687732219696045e-02
3.567257896065711975e-02
2.365960553288459778e-02
6.153737381100654602e-02
1.971369981765747070e-02
3.128560259938240051e-02
1.453791372478008270e-02
2.779165841639041901e-02
6.089563015848398209e-03
-2.098248898983001709e-02
3.598733572289347649e-03
-4.006962850689888000e-02
-3.763712197542190552e-02
-9.592673741281032562e-03
-3.573059290647506714e-02
-5.115612968802452087e-02
1.988480240106582642e-02
-1.807891950011253357e-02
-1.627118140459060669e-02
-2.057204768061637878e-02
-2.933026291429996490e-02
-2.500507794320583344e-02
-5.248334258794784546e-02
-3.300636634230613708e-02
-1.165928319096565247e-02
-3.786882385611534119e-02
-4.764400422573089600e-02
-7.656380999833345413e-03
-2.901436761021614075e-02
-1.311918348073959351e-02
-4.044602811336517334e-02
-4.427576810121536255e-02
-3.581299260258674622e-02
-5.054747313261032104e-02
-3.655158355832099915e-02
-2.819920331239700317e-02
-4.455097392201423645e-02
-1.721572712995111942e-03
-1.009508036077022552e-02
-2.095034345984458923e-02
-1.731616072356700897e-02
-1.351321302354335785e-02
-1.640824228525161743e-02
-3.379008919000625610e-02
-3.176227957010269165e-02
-2.339533343911170959e-02
5.281607154756784439e-03
-3.523218631744384766e-02
-4.140237346291542053e-02
-1.925237104296684265e-02
-3.660493716597557068e-02
-2.679307386279106140e-02
-2.035816386342048645e-02
-3.669356554746627808e-02
1.676960848271846771e-02
4.886445775628089905e-02
5.021499842405319214e-02
4.412067309021949768e-02
1.134160626679658890e-02
3.837785450741648674e-03
-4.999569617211818695e-03
3.085756674408912659e-03
2.749527106061577797e-03
-1.264156587421894073e-02
-2.460420504212379456e-02
-2.199403196573257446e-02
-1.187346223741769791e-02
-2.650931291282176971e-02
2.171162702143192291e-02
2.438854984939098358e-02
3.772828727960586548e-02
1.932906918227672577e-02
4.549307283014059067e-03
-1.486982218921184540e-02
-7.680459530092775822e-04
7.167175062932074070e-04
3.199219331145286560e-02
3.640886023640632629e-02
3.294459357857704163e-02
-7.534574251621961594e-05
-3.371586278080940247e-02
4.752335604280233383e-03
8.681977540254592896e-02
3.772425698116421700e-04
-1.325202547013759613e-02
6.778470426797866821e-02
3.549956157803535461e-02
-1.231539249420166016e-02
2.504015574231743813e-03
8.217704016715288162e-04
-2.041160501539707184e-02
-1.497126184403896332e-02
-7.273205090314149857e-03
-1.748774666339159012e-03
-6.053041666746139526e-02
-3.414832800626754761e-02
-2.222617901861667633e-02
-4.581862315535545349e-02
-1.814347878098487854e-02
-2.680908329784870148e-02
3.626029938459396362e-02
3.304896876215934753e-02
2.623657323420047760e-02
9.507706854492425919e-04
1.678685471415519714e-02
2.003582008183002472e-02
-2.218930050730705261e-02
-4.067537561058998108e-02
-2.020979858934879303e-02
-1.736545818857848644e-03
3.448041155934333801e-03
-2.895819395780563354e-02
2.835126221179962158e-02
1.576337032020092010e-02
5.246848333626985550e-03
1.759233698248863220e-02
-3.505944460630416870e-02
-3.215070441365242004e-02
3.510558232665061951e-02
9.330444969236850739e-03
-1.140351669164374471e-04
1.248251274228096008e-02
-8.994131349027156830e-03
-3.649777173995971680e-02
-6.851387768983840942e-02
-7.292645424604415894e-02
-2.591857127845287323e-02
7.061120588332414627e-03
5.315478146076202393e-02
2.557581663131713867e-02
2.246173843741416931e-02
5.012822896242141724e-02
2.539693564176559448e-02
-1.422538701444864273e-02
-1.962704770267009735e-02
1.436844351701438427e-03
-3.750919364392757416e-03
-1.299545913934707642e-02
1.888771541416645050e-02
-1.803890056908130646e-02
-1.968842558562755585e-02
4.007305484265089035e-03
-8.284387178719043732e-03
-1.047888584434986115e-02
-1.135716121643781662e-02
-1.140967942774295807e-02
-1.580360904335975647e-02
4.949901252985000610e-03
3.171890508383512497e-03
-1.061252318322658539e-02
2.684012241661548615e-02
4.735834524035453796e-02
2.935964614152908325e-02
7.194870151579380035e-03
-2.023782581090927124e-02
-2.525839582085609436e-02
-1.605208776891231537e-02
2.950784284621477127e-03
5.990281235426664352e-03
-1.076124492101371288e-03
-3.503417596220970154e-02
-1.037607155740261078e-02
4.647622350603342056e-03
-2.353439107537269592e-02
-3.189214318990707397e-02
-1.562469638884067535e-02
-1.581928320229053497e-02
1.750441826879978180e-02
3.033228777348995209e-02
-2.849060110747814178e-02
1.792971603572368622e-02
8.114728331565856934e-02
-1.850925618782639503e-03
8.971054106950759888e-03
-1.308488566428422928e-02
-2.265724353492259979e-02
-2.362801134586334229e-02
-6.794612389057874680e-03
2.693234197795391083e-02
-1.325023267418146133e-02
1.479729916900396347e-02
-9.710543788969516754e-03
-2.479708939790725708e-02
-4.478512704372406006e-02
2.040898241102695465e-02
-1.216042693704366684e-02
-2.879439480602741241e-02
-2.301523275673389435e-02
-6.326716393232345581e-02
-6.056977808475494385e-02
3.858954831957817078e-02
1.291983295232057571e-02
1.198794879019260406e-02
1.149047072976827621e-02
2.544945664703845978e-02
3.041261248290538788e-02
-3.237763419747352600e-03
3.455308079719543457e-02
2.590454742312431335e-02
-3.746735455933958292e-04
3.084019059315323830e-03
2.223333343863487244e-02
-1.082266462617553771e-04
1.382306031882762909e-02
4.860883112996816635e-03
2.625680062919855118e-03
-1.992455497384071350e-02
-2.526395209133625031e-02
-2.274035103619098663e-02
-3.076530620455741882e-02
-1.726131327450275421e-02
-4.754894971847534180e-02
-4.878587648272514343e-02
-3.385984897613525391e-02
-5.097428709268569946e-02
-1.465031644329428673e-03
1.033616531640291214e-02
-1.333478931337594986e-02
-9.738306514918804169e-03
-2.851432748138904572e-02
-2.415320649743080139e-02
-2.026716433465480804e-02
-3.382084518671035767e-02
-5.019236728549003601e-02
-4.074806720018386841e-02
-3.510559350252151489e-02
-5.716219544410705566e-02
-8.684551715850830078e-02
-5.155395716428756714e-02
-1.593775115907192230e-02
-6.002864986658096313e-02
-6.763409078121185303e-02
4.013271629810333252e-02
-2.201686293119564652e-04
-1.400835905224084854e-02
1.744599267840385437e-02
1.969286985695362091e-02
3.548365458846092224e-02
7.615514099597930908e-03
-1.308413874357938766e-02
-2.870915830135345459e-02
-1.580349728465080261e-02
1.445689052343368530e-02
-4.888600669801235199e-03
-6.877107918262481689e-02
-3.882632032036781311e-02
5.083375610411167145e-03
-8.656547218561172485e-02
-4.827427491545677185e-02
-7.848238572478294373e-03
-2.930250577628612518e-02
-3.369738161563873291e-02
-1.815986819565296173e-02
5.001278594136238098e-02
1.357220113277435303e-02
2.479862794280052185e-02
3.052090667188167572e-02
9.485297836363315582e-03
-1.400508824735879898e-02
-3.875186666846275330e-02
-1.355331204831600189e-02
-1.369283907115459442e-02
-5.005026701837778091e-03
-1.574989967048168182e-02
-1.963274739682674408e-02
-2.652062475681304932e-02
-3.704809024930000305e-02
-5.245472490787506104e-02
-3.274758905172348022e-02
-3.999361023306846619e-02
-6.459933519363403320e-02
1.582580269314348698e-03
2.975123934447765350e-02
9.862897917628288269e-03
3.614629432559013367e-02
3.861995786428451538e-02
3.408734500408172607e-02
-3.862287616357207298e-03
6.280652713030576706e-03
2.640137821435928345e-02
-1.212816312909126282e-02
-5.130746960639953613e-02
-2.406420558691024780e-02
-3.202504664659500122e-02
-5.054011195898056030e-02
-2.546774223446846008e-02
-8.926759473979473114e-03
1.084705255925655365e-02
1.105861645191907883e-02
-6.355766206979751587e-02
-4.851408302783966064e-02
-5.846919491887092590e-02
-2.235457673668861389e-02
-1.617109030485153198e-02
-1.389031670987606049e-02
-1.208018418401479721e-02
3.164247376844286919e-03
-4.990625195205211639e-03
4.392523691058158875e-02
2.657128125429153442e-02
3.448146209120750427e-02
2.170116454362869263e-02
-1.367929857224225998e-02
-1.391754485666751862e-02
7.854668423533439636e-03
1.075213775038719177e-02
2.011601813137531281e-02
-3.854442387819290161e-02
-3.567446395754814148e-02
-4.540620744228363037e-02
-2.314186841249465942e-02
-1.665288209915161133e-02
-2.525422023609280586e-03
4.417362809181213379e-02
3.616268187761306763e-02
4.865595698356628418e-02
-1.828463003039360046e-02
-6.899845786392688751e-03
3.230263665318489075e-02
-1.103666331619024277e-02
-7.701173424720764160e-03
3.694568201899528503e-02
1.199872046709060669e-02
5.756307858973741531e-03
4.157938063144683838e-02
-5.143167451024055481e-03
1.411723555065691471e-03
2.475170232355594635e-02
-2.722694724798202515e-02
-2.882291004061698914e-02
-1.792912930250167847e-02
-2.918645180761814117e-02
-2.060933411121368408e-02
2.035484090447425842e-02
9.195739403367042542e-03
1.104423124343156815e-02
3.630195558071136475e-02
-3.470675786957144737e-03
-4.279506206512451172e-02
-8.148889057338237762e-03
-1.566505432128906250e-02
-5.069062858819961548e-02
-1.899297162890434265e-02
5.295965075492858887e-02
5.834206566214561462e-02
4.767885431647300720e-02
6.659635342657566071e-03
-1.560148317366838455e-02
-3.061032108962535858e-02
-1.680096983909606934e-02
-1.232916768640279770e-02
4.277325235307216644e-03
-1.919405907392501831e-02
7.450499106198549271e-03
-7.880418561398983002e-03
8.770249551162123680e-04
-4.031383246183395386e-02
-4.974011331796646118e-02
-2.697431668639183044e-02
-4.690272733569145203e-02
-5.374207347631454468e-02
-1.611688174307346344e-02
8.687542285770177841e-04
9.042860619956627488e-05
3.276966139674186707e-02
1.207767333835363388e-02
3.027309291064739227e-02
3.112407214939594269e-02
3.302468731999397278e-02
5.229460075497627258e-02
-2.944922633469104767e-02
-5.541399493813514709e-02
-9.270966053009033203e-03
-2.662041410803794861e-02
-4.792182520031929016e-02
-3.262173384428024292e-02
-3.564781695604324341e-02
-4.242002964019775391e-02
-1.542267668992280960e-02
-4.169631749391555786e-02
-3.501252084970474243e-02
-4.173797369003295898e-02
-2.958106249570846558e-02
-4.250572621822357178e-02
-4.836639389395713806e-02
-5.421154573559761047e-02
-6.712316721677780151e-02
-2.991532720625400543e-02
-3.681812807917594910e-02
-3.818981721997261047e-02
-2.338396199047565460e-02
-5.313753336668014526e-02
-5.660026147961616516e-02
-5.523006245493888855e-02
-3.273045271635055542e-02
-4.326626285910606384e-02
-6.388927996158599854e-02
1.955880410969257355e-02
1.320850104093551636e-02
9.956256253644824028e-04
1.654602959752082825e-02
1.143251731991767883e-02
-1.673805061727762222e-03
-1.211704779416322708e-02
-3.435014281421899796e-03
7.085158955305814743e-03
-1.581274531781673431e-02
-3.697448968887329102e-02
-3.468521684408187866e-02
4.513449966907501221e-02
2.138728089630603790e-02
2.761120349168777466e-02
1.139783300459384918e-02
-2.582290396094322205e-02
1.630087196826934814e-02
-7.671039551496505737e-03
-2.487320080399513245e-02
-1.248638611286878586e-03
1.432486227713525295e-03
-5.062188580632209778e-02
-5.703462753444910049e-03
2.877782471477985382e-02
-2.650880813598632812e-02
-3.625937923789024353e-02
-3.872930631041526794e-02
-2.711967937648296356e-02
-5.550507083535194397e-02
1.918687485158443451e-02
3.648258000612258911e-02
1.788325421512126923e-02
7.089189440011978149e-02
3.995148837566375732e-02
6.054875254631042480e-02
4.739501327276229858e-02
6.586145609617233276e-02
3.199936076998710632e-02
3.743166802451014519e-03
-4.812356084585189819e-03
-4.360281676054000854e-02
-5.033584311604499817e-02
-4.741550236940383911e-02
-7.691720128059387207e-02
-9.407600387930870056e-03
-7.917705923318862915e-02
-2.755404263734817505e-02
1.199724525213241577e-02
-4.146774485707283020e-02
3.444114327430725098e-02
4.081261530518531799e-02
-1.156960800290107727e-02
4.028195142745971680e-02
-4.582037217915058136e-03
-9.639032185077667236e-03
-1.103309355676174164e-02
-2.003987692296504974e-02
-6.410563830286264420e-03
-5.641213152557611465e-03
-9.791178628802299500e-03
-3.727203467860817909e-03
-8.487048558890819550e-03
-2.880390733480453491e-02
-4.624878987669944763e-02
-2.707079239189624786e-02
1.581946015357971191e-02
-6.116241216659545898e-03
-1.792334765195846558e-02
1.487630419433116913e-03
3.133663674816489220e-03
1.240687258541584015e-02
-5.841443315148353577e-02
-4.625669121742248535e-02
-4.837603121995925903e-02
-4.579244926571846008e-02
-2.786899544298648834e-02
-1.232826244086027145e-02
-3.351887315511703491e-02
1.213275454938411713e-02
7.970334962010383606e-03
5.516283214092254639e-03
6.511874031275510788e-03
-2.352497354149818420e-02
2.046092413365840912e-02
1.197781227529048920e-02
-8.924363180994987488e-03
-1.504819095134735107e-02
-2.574865147471427917e-02
-1.477104146033525467e-02
3.346377238631248474e-02
2.675094455480575562e-02
-1.085038203746080399e-02
-2.199772745370864868e-03
1.011402998119592667e-02
-2.373009361326694489e-02
-5.714226141571998596e-02
-3.790608420968055725e-02
-3.818833082914352417e-02
-9.609578177332878113e-03
3.808524832129478455e-02
5.339239910244941711e-02
-1.824556291103363037e-02
-2.715859562158584595e-02
1.726547256112098694e-02
5.039970274083316326e-04
-1.481455005705356598e-02
-2.158959768712520599e-02
-7.507352158427238464e-03
1.489721052348613739e-02
2.212237939238548279e-02
-6.536047905683517456e-03
2.672417275607585907e-02
1.200502738356590271e-02
1.323103904724121094e-02
2.427021507173776627e-03
-1.390533056110143661e-02
-1.007469370961189270e-02
-2.095585688948631287e-02
-2.097900956869125366e-02
2.501668781042098999e-02
-3.683453192934393883e-03
-1.994977891445159912e-02
1.424292847514152527e-02
-5.317518487572669983e-03
-8.262191899120807648e-03
-4.319077357649803162e-02
-6.451483070850372314e-02
-4.058498144149780273e-02
-1.669762190431356430e-03
-4.994141310453414917e-02
-2.331788651645183563e-02
4.129361826926469803e-03
-4.199524596333503723e-02
3.002042183652520180e-03
1.276037283241748810e-02
4.353556036949157715e-02
3.804755583405494690e-02
-8.913845755159854889e-03
-3.318088129162788391e-02
-7.626719307154417038e-03
3.025167807936668396e-02
-1.886986754834651947e-02
-1.927312836050987244e-02
-5.076681263744831085e-03
3.996397554874420166e-02
4.779759049415588379e-02
5.458720028400421143e-03
2.078720182180404663e-02
1.892019808292388916e-02
-2.969617210328578949e-02
-1.402188464999198914e-02
-1.008821744471788406e-02
-2.699520252645015717e-02
-1.513576786965131760e-02
-2.073900029063224792e-02
-1.382989808917045593e-02
-4.027283936738967896e-02
-1.454919856041669846e-02
2.783871442079544067e-02
-6.862970767542719841e-04
4.292953759431838989e-03
-2.198482491075992584e-02
-4.343482851982116699e-02
-3.220874443650245667e-02
-1.831433549523353577e-02
-2.427949197590351105e-02
-4.424723237752914429e-02
4.919930547475814819e-02
4.922800883650779724e-02
3.512732218950986862e-03
-1.264537218958139420e-02
-1.488541020080447197e-03
-1.478562504053115845e-02
8.571004495024681091e-03
-4.392741248011589050e-03
-2.658219262957572937e-02
1.342112384736537933e-02
6.812747567892074585e-03
-2.616685815155506134e-02
-2.134601771831512451e-02
-2.309777587652206421e-02
-3.730700910091400146e-02
1.662420481443405151e-02
-2.086211461573839188e-03
-3.863069415092468262e-02
2.227109111845493317e-02
2.312393626198172569e-03
-1.914709433913230896e-02
5.622872151434421539e-03
-2.724426798522472382e-02
-1.502546481788158417e-02
-1.699985377490520477e-02
-4.948874190449714661e-02
-3.907724842429161072e-02
-1.418800745159387589e-02
-3.591015934944152832e-02
-3.306089714169502258e-02
2.368660084903240204e-02
6.153518799692392349e-03
-3.154505789279937744e-02
3.022991307079792023e-02
2.373126894235610962e-02
-2.732162550091743469e-02
3.996973112225532532e-02
6.885893642902374268e-03
-2.050470374524593353e-02
-6.026744842529296875e-03
-4.172140359878540039e-02
-3.439385071396827698e-02
-3.942378330975770950e-03
-3.247642144560813904e-02
-1.741675287485122681e-02
-6.773702334612607956e-03
-3.614595159888267517e-02
-1.913354545831680298e-02
-9.876176773104816675e-05
-4.722557961940765381e-03
1.567191816866397858e-02
-2.343028970062732697e-02
2.896475605666637421e-03
1.651073060929775238e-02
-3.452955186367034912e-02
1.943800784647464752e-02
4.579826816916465759e-02
-9.110323153436183929e-03
2.522530406713485718e-02
3.000486828386783600e-02
-3.294088318943977356e-02
-6.561409682035446167e-03
3.204629570245742798e-02
-1.771412417292594910e-02
-1.093935500830411911e-02
3.885403275489807129e-02
2.137545123696327209e-02
1.009024213999509811e-02
-1.545806298963725567e-03
3.417647210881114006e-03
-6.334120407700538635e-03
-2.049459517002105713e-02
7.151055033318698406e-04
1.936710067093372345e-02
-4.268874414265155792e-03
2.617225423455238342e-02
2.621692232787609100e-02
-2.603900793474167585e-04
1.851058378815650940e-02
1.920080371201038361e-02
2.529407851397991180e-02
2.099470607936382294e-02
3.788841888308525085e-02
1.203010207973420620e-03
-3.750075399875640869e-02
-3.348326683044433594e-02
-4.094761982560157776e-02
-2.691100165247917175e-02
-2.214065194129943848e-02
-2.770645730197429657e-02
-3.219285607337951660e-02
-4.922532825730741024e-04
-3.054589778184890747e-02
-4.961730539798736572e-02
-3.180344775319099426e-02
-1.947040855884552002e-02
1.458688871935009956e-03
8.332840166985988617e-03
2.489730902016162872e-02
1.440064329653978348e-02
-1.015279721468687057e-02
-2.299423329532146454e-03
-2.404451370239257812e-02
-3.790003538597375154e-04
-2.473812364041805267e-02
-3.465427830815315247e-02
-2.092753164470195770e-02
-4.612577706575393677e-02
-7.410268299281597137e-03
-2.063195966184139252e-02
-7.127896696329116821e-02
-7.020735647529363632e-03
-2.971111796796321869e-02
-4.128439351916313171e-02
2.705107629299163818e-02
-1.383411046117544174e-02
-7.613146677613258362e-03
4.194998741149902344e-02
1.319010462611913681e-02
9.306149557232856750e-03
2.500263042747974396e-03
-3.072182834148406982e-02
-1.380989048629999161e-02
-4.159903619438409805e-03
-3.386253491044044495e-02
-4.028493538498878479e-02
1.179902441799640656e-02
7.074759807437658310e-03
-1.793338172137737274e-02
3.492217883467674255e-02
2.090615965425968170e-02
-7.864505983889102936e-03
1.605729456059634686e-03
4.056344926357269287e-02
1.722725108265876770e-02
-2.112192660570144653e-02
6.646375171840190887e-03
1.319801434874534607e-02
-1.008775178343057632e-02
2.034530416131019592e-02
-2.176655922085046768e-03
-2.807666733860969543e-02
-1.004652399569749832e-02
2.222441136837005615e-02
-2.413925901055335999e-02
-9.792402386665344238e-03
-1.752697862684726715e-03
3.452366590499877930e-02
4.627847298979759216e-02
2.689267508685588837e-02
2.661243453621864319e-02
1.677930913865566254e-02
3.263963386416435242e-02
3.316935524344444275e-02
2.350886352360248566e-02
7.763133198022842407e-02
1.406392198987305164e-03
-2.330119907855987549e-02
1.882600970566272736e-02
3.810200467705726624e-02
-4.435357172042131424e-03
3.723320364952087402e-02
5.194619763642549515e-03
-1.453147828578948975e-02
1.990801282227039337e-02
2.489221096038818359e-02
-2.072247676551342010e-02
-3.465519053861498833e-03
6.883928552269935608e-03
-2.821064926683902740e-02
1.412361767143011093e-02
1.664091087877750397e-02
-4.010117053985595703e-02
7.885154336690902710e-03
-7.290920708328485489e-03
2.977042272686958313e-02
3.887668717652559280e-04
-1.381698437035083771e-02
2.244635112583637238e-02
-3.997109830379486084e-03
-9.940364398062229156e-03
3.434360958635807037e-03
-3.525128215551376343e-02
-2.348736870771972463e-06
-6.725294515490531921e-03
-4.088039044290781021e-03
2.432898432016372681e-02
-1.066640252247452736e-03
1.682796329259872437e-02
5.981850624084472656e-02
2.849837578833103180e-02
3.844209760427474976e-02
-5.006795749068260193e-02
-1.947248913347721100e-02
-1.651074178516864777e-02
-3.678824007511138916e-02
1.723895664326846600e-03
-2.246831171214580536e-02
-2.878525480628013611e-02
-1.134063210338354111e-02
-2.966748923063278198e-02
-3.166860714554786682e-02
-2.247555740177631378e-02
-3.705759346485137939e-02
-7.443388458341360092e-03
-2.318577095866203308e-02
-4.209166392683982849e-02
2.267980948090553284e-02
-1.245950441807508469e-02
-1.203737221658229828e-02
-9.821177460253238678e-03
-3.071026876568794250e-02
-4.641545005142688751e-03
-1.211411319673061371e-02
-1.810500770807266235e-02
3.042554715648293495e-03
-1.849166490137577057e-02
-4.811742529273033142e-02
-1.922902464866638184e-02
3.023133613169193268e-02
2.507613040506839752e-02
2.391118323430418968e-03
3.888349048793315887e-03
5.401402246206998825e-03
1.114216726273298264e-02
-2.096568979322910309e-02
-3.389194980263710022e-02
-2.895799465477466583e-02
4.059569910168647766e-02
1.232898235321044922e-02
-2.869917079806327820e-03
1.125840097665786743e-02
-2.129210392013192177e-03
-2.898878650739789009e-03
-1.521110534667968750e-02
-5.542875267565250397e-03
6.273436825722455978e-03
-4.383039195090532303e-03
-2.334501966834068298e-02
-5.483672395348548889e-02
3.161229565739631653e-02
2.020136453211307526e-02
-3.357979003340005875e-04
7.218274986371397972e-04
2.817568928003311157e-02
1.031520497053861618e-02
-1.849109493196010590e-02
-4.906089231371879578e-02
-2.949183434247970581e-02
-1.220048870891332626e-02
-3.009254112839698792e-02
3.628669364843517542e-04
-2.280627610161900520e-03
-1.043819729238748550e-02
1.856022886931896210e-02
-2.535839378833770752e-02
-1.067188451997935772e-03
-1.290426868945360184e-02
-3.095249831676483154e-02
-7.170827593654394150e-03
-3.514667227864265442e-02
-3.570958971977233887e-02
-2.773984707891941071e-02
-6.522351503372192383e-02
-2.427708730101585388e-02
-1.438281871378421783e-02
-1.474146638065576553e-02
-5.649836361408233643e-02
-6.703519076108932495e-02
-5.433590337634086609e-02
-5.893971771001815796e-02
-5.149327591061592102e-02
-3.111002780497074127e-02
-1.094263978302478790e-03
-2.085490897297859192e-02
-1.380118913948535919e-02
-1.681342953816056252e-03
7.806876674294471741e-04
2.473314292728900909e-02
-1.048692036420106888e-02
4.463147197384387255e-04
-4.353781230747699738e-03
6.712034344673156738e-02
5.969594419002532959e-02
2.882800623774528503e-02
1.560015045106410980e-02
-9.995584841817617416e-04
3.353637177497148514e-03
9.581741876900196075e-03
-2.087702974677085876e-02
9.601959027349948883e-03
1.101369783282279968e-02
-1.354235224425792694e-03
2.172536449506878853e-03
-1.007701177150011063e-02
-1.518019940704107285e-02
2.409462817013263702e-02
-3.830981254577636719e-02
-3.659840673208236694e-02
3.493462130427360535e-02
-4.161474853754043579e-02
-4.569996893405914307e-02
-3.336587920784950256e-02
-1.652099937200546265e-02
-4.465810582041740417e-02
-4.486453533172607422e-02
1.834231801331043243e-02
4.708985239267349243e-02
1.454250793904066086e-02
3.460627794265747070e-02
1.154961623251438141e-02
-1.830669492483139038e-02
4.591376986354589462e-03
1.864840509369969368e-03
-2.082319557666778564e-02
-8.414551615715026855e-03
-3.905378514900803566e-03
-2.643117867410182953e-02
-4.781516268849372864e-02
-3.169389069080352783e-02
-3.466549143195152283e-02
4.643637221306562424e-03
2.883577253669500351e-03
1.519890967756509781e-02
1.356172468513250351e-02
1.136358082294464111e-02
1.303552556782960892e-02
-1.577429100871086121e-02
-3.936248365789651871e-03
-3.119685687124729156e-03
-3.258012607693672180e-02
1.013638824224472046e-02
2.729808213189244270e-03
-4.477654397487640381e-02
-2.061429992318153381e-02
5.188945680856704712e-03
1.708335988223552704e-02
1.338205020874738693e-02
4.383486509323120117e-02
4.280634596943855286e-02
2.948147617280483246e-02
3.573169931769371033e-02
1.764201000332832336e-02
1.161854993551969528e-02
3.544828295707702637e-02
1.587067171931266785e-02
8.027037978172302246e-02
4.307806491851806641e-02
-4.049809277057647705e-02
6.333506200462579727e-03
-2.637957036495208740e-02
5.106966476887464523e-03
4.961331374943256378e-03
-5.697865411639213562e-02
1.634791679680347443e-02
-5.338988732546567917e-03
-5.929812323302030563e-03
-3.210822818800806999e-03
7.637044880539178848e-03
6.289434619247913361e-03
-1.007108297199010849e-02
1.406381931155920029e-02
2.701645717024803162e-03
2.705517411231994629e-02
4.322846233844757080e-02
3.351563960313796997e-02
4.598390311002731323e-03
1.134216506034135818e-02
3.379924595355987549e-02
-1.856207964010536671e-03
-1.199709530919790268e-02
1.259130518883466721e-02
-7.092270068824291229e-03
5.985480675008147955e-05
6.643632077611982822e-04
2.150119282305240631e-02
2.350266091525554657e-02
4.127774760127067566e-02
2.853085286915302277e-02
5.829210206866264343e-02
4.384616389870643616e-02
-4.592882096767425537e-02
-5.873876065015792847e-02
-2.416206523776054382e-02
-4.432278871536254883e-02
-1.354615762829780579e-02
-1.856215670704841614e-02
-3.976442664861679077e-02
-1.223789528012275696e-02
-4.042263701558113098e-02
-4.032556712627410889e-02
4.536998923867940903e-03
1.672715879976749420e-02
-4.224643856287002563e-02
-8.430701680481433868e-03
4.787613172084093094e-03
-8.945571258664131165e-03
7.793993223458528519e-03
1.594830490648746490e-02
-1.923500932753086090e-02
-9.415790438652038574e-03
-1.411968749016523361e-02
1.829096861183643341e-02
8.770307525992393494e-03
-7.714292965829372406e-03
1.436993386596441269e-02
2.710289880633354187e-02
-1.902097486890852451e-03
-9.166546165943145752e-02
-8.446210622787475586e-02
-9.157849103212356567e-02
-6.783611327409744263e-02
-5.648283287882804871e-02
-5.894973129034042358e-02
-5.583683773875236511e-02
-3.633780032396316528e-02
-1.039702910929918289e-02
-9.743154123498243280e-07
-3.776975441724061966e-03
7.870361150708049536e-05
2.530835010111331940e-02
2.270866557955741882e-02
1.547787617892026901e-02
7.101443409919738770e-02
8.056259900331497192e-02
5.983032658696174622e-02
2.198215387761592865e-02
2.930203452706336975e-02
2.130287513136863708e-02
1.277897134423255920e-02
3.970330208539962769e-02
5.437032505869865417e-02
5.046207085251808167e-02
4.096889868378639221e-02
7.174774259328842163e-02
-1.393035985529422760e-02
-1.060906052589416504e-02
-2.208916004747152328e-03
-4.452112130820751190e-03
-1.738063246011734009e-02
-1.080805528908967972e-02
-8.286131545901298523e-03
-3.404706344008445740e-02
-2.839831076562404633e-02
-4.078254848718643188e-02
-3.800271078944206238e-02
1.306722871959209442e-02
-6.223587319254875183e-03
-5.179550498723983765e-02
-1.912945881485939026e-02
6.594012025743722916e-03
-3.062299080193042755e-02
-4.005185514688491821e-02
-1.507218927145004272e-02
-3.862006124109029770e-03
6.689163390547037125e-03
6.753521505743265152e-03
1.308242790400981903e-02
1.263169385492801666e-02
1.996198296546936035e-02
2.776220254600048065e-02
2.446442842483520508e-02
-5.144093185663223267e-02
-2.746145613491535187e-02
-1.538385078310966492e-02
-5.593550577759742737e-02
-9.817560203373432159e-03
7.216783706098794937e-03
-3.325314074754714966e-02
-2.250756882131099701e-02
-2.611587010324001312e-02
-7.287762314081192017e-02
5.243025720119476318e-03
1.571192219853401184e-02
-3.102247044444084167e-02
1.423927838914096355e-03
-6.188163999468088150e-03
-1.512877736240625381e-02
1.650519669055938721e-02
-1.207141950726509094e-02
-1.792263053357601166e-02
7.781622465699911118e-03
5.565043538808822632e-02
-4.315651580691337585e-02
-4.096644115634262562e-04
2.708678133785724640e-02
-2.605315484106540680e-02
-3.980311565101146698e-03
-5.495745223015546799e-03
-3.515587374567985535e-02
1.596025563776493073e-02
3.454768657684326172e-02
-2.592546120285987854e-02
-1.940242014825344086e-03
9.387372061610221863e-03
-1.866598799824714661e-02
9.896305389702320099e-03
1.677490584552288055e-02
-3.318276721984148026e-03
-2.844217978417873383e-02
-5.880260467529296875e-02
-1.198767311871051788e-02
-3.651246055960655212e-02
-5.660253390669822693e-02
-1.367201097309589386e-02
-2.857115492224693298e-02
-6.299468129873275757e-02
1.949935406446456909e-02
-4.442495293915271759e-03
-2.183105424046516418e-02
2.046191319823265076e-02
-2.170542441308498383e-02
-2.727723121643066406e-02
1.865706592798233032e-02
-2.913784608244895935e-02
-2.598851732909679413e-02
1.372051890939474106e-02
6.426929030567407608e-03
2.074044011533260345e-02
1.530466321855783463e-02
9.571525268256664276e-03
-3.116217255592346191e-02
9.269932284951210022e-03
-4.321995656937360764e-04
6.139828474260866642e-04
1.483131758868694305e-02
2.116786874830722809e-02
1.255813054740428925e-02
-3.666288452222943306e-03
-1.006110664457082748e-02
-1.001404598355293274e-02
1.990749128162860870e-02
-1.146134827286005020e-02
1.612629159353673458e-03
3.478864440694451332e-03
-7.002967759035527706e-04
-3.492463380098342896e-02
-2.513656578958034515e-02
-1.922519505023956299e-02
-2.286547422409057617e-02
-2.680207416415214539e-02
1.588029414415359497e-02
1.000397279858589172e-02
5.571714136749505997e-03
1.761149801313877106e-02
2.136645466089248657e-02
-1.168235857039690018e-02
-2.874371036887168884e-02
-4.031792283058166504e-02
2.876783255487680435e-03
-5.527189932763576508e-03
-3.594797849655151367e-02
3.850571438670158386e-02
-1.322489883750677109e-02
-2.471893094480037689e-02
-8.510407060384750366e-03
-1.136600039899349213e-02
-3.929530829191207886e-02
1.128059718757867813e-02
7.472347002476453781e-03
-3.186067193746566772e-02
2.045727707445621490e-02
-1.760066486895084381e-02
-3.567583113908767700e-02
1.251679845154285431e-02
-4.969041049480438232e-02
-5.564348399639129639e-02
1.366238138871267438e-04
-8.387548848986625671e-03
1.381624583154916763e-02
-1.982095651328563690e-02
3.212498268112540245e-03
1.869275979697704315e-02
-6.582326255738735199e-03
2.419347688555717468e-02
2.702878788113594055e-02
-1.043929252773523331e-02
3.452764078974723816e-02
1.758036948740482330e-02
-2.462530694901943207e-02
-5.188475828617811203e-03
-1.310522085987031460e-03
-2.617377042770385742e-02
-7.691942621022462845e-03
-9.822624735534191132e-03
-3.528724610805511475e-02
-3.040800243616104126e-02
-7.340072188526391983e-03
8.252938278019428253e-03
-2.849134616553783417e-03
-1.335632638074457645e-03
-4.066734760999679565e-02
-4.206597805023193359e-02
-7.579815108329057693e-03
-2.044210396707057953e-02
-1.767742075026035309e-02
2.305587939918041229e-02
2.640192862600088120e-03
2.086230926215648651e-02
3.251758590340614319e-02
-1.604402996599674225e-02
4.070251714438199997e-03
3.943216800689697266e-02
-4.110817611217498779e-02
-8.713145740330219269e-03
2.848446555435657501e-02
-4.590538889169692993e-02
-3.488123789429664612e-02
-9.783992543816566467e-03
-7.547974120825529099e-03
8.254346437752246857e-03
-1.341652963310480118e-02
6.022415589541196823e-03
-1.021573599427938461e-02
-1.245296373963356018e-02
1.396667025983333588e-02
-1.896209456026554108e-02
-4.427250474691390991e-02
-1.332859508693218231e-02
-2.314626239240169525e-02
-1.951640099287033081e-02
-3.839326277375221252e-02
-1.122654415667057037e-02
1.179106160998344421e-02
-3.860079916194081306e-03
6.873920094221830368e-03
4.108105972409248352e-02
2.371672727167606354e-02
6.245182454586029053e-02
6.051103398203849792e-02
1.810536952689290047e-03
7.529480010271072388e-02
5.243968963623046875e-02
1.638990128412842751e-03
7.632062584161758423e-02
1.628002338111400604e-02
4.298732057213783264e-02
1.789876725524663925e-03
-2.013840153813362122e-02
3.882841020822525024e-02
-3.519162163138389587e-02
-3.167321160435676575e-02
-4.836227744817733765e-02
-2.115284837782382965e-02
-2.675392664968967438e-02
-5.435670912265777588e-02
-1.559622399508953094e-02
-3.271104022860527039e-02
-3.503743186593055725e-02
-2.446858212351799011e-02
-1.532217860221862793e-02
-4.339073598384857178e-02
-2.165444195270538330e-03
3.743051365017890930e-02
2.934931544587016106e-03
1.341878715902566910e-02
3.654734790325164795e-02
3.324436768889427185e-02
-3.295250236988067627e-02
3.518845885992050171e-02
5.973205342888832092e-02
3.360564261674880981e-02
2.834184095263481140e-03
1.225946377962827682e-02
2.445105090737342834e-02
1.485117617994546890e-02
-1.228561159223318100e-02
4.582310095429420471e-03
-2.488226629793643951e-02
-8.552050217986106873e-03
6.400384474545717239e-03
9.550250135362148285e-03
3.132541198283433914e-03
-3.514325618743896484e-02
-2.427894063293933868e-02
-9.408095851540565491e-03
-2.025873586535453796e-02
-1.483934279531240463e-02
-4.877433553338050842e-02
-3.398227691650390625e-02
-2.136678667739033699e-04
-2.989020571112632751e-02
-2.629810571670532227e-02
2.343734726309776306e-02
3.233263734728097916e-03
-1.883658953011035919e-02
5.689202807843685150e-03
-7.609785068780183792e-03
-1.956055127084255219e-02
-2.613978646695613861e-02
1.646774262189865112e-02
1.123385690152645111e-02
2.202292904257774353e-02
-7.465364877134561539e-03
-6.909131538122892380e-03
1.005669869482517242e-02
1.472938526421785355e-02
6.483114324510097504e-03
5.660783499479293823e-02
-3.041715547442436218e-02
-2.012342959642410278e-02
-1.098744012415409088e-02
-1.496478263288736343e-02
-6.670642760582268238e-04
-3.600309719331562519e-04
-3.668046742677688599e-02
-1.281322911381721497e-02
-9.142259135842323303e-03
-1.392560359090566635e-02
1.116660889238119125e-02
9.001858532428741455e-03
-8.626133203506469727e-03
-3.165470808744430542e-02
-5.331857129931449890e-02
-2.239862270653247833e-02
-3.064305335283279419e-02
-1.258288882672786713e-02
-1.330191921442747116e-02
-1.408592052757740021e-02
-2.955978736281394958e-02
-3.911336511373519897e-02
-3.331368044018745422e-02
-4.727051034569740295e-02
-2.288373932242393494e-02
-8.307896554470062256e-03
-8.986332453787326813e-03
3.137441817671060562e-04
3.679898008704185486e-02
4.445581510663032532e-02
-4.252142459154129028e-02
9.055530652403831482e-03
2.882995409891009331e-03
3.634721506386995316e-03
-4.591449163854122162e-03
8.239923045039176941e-04
4.766376689076423645e-03
2.205450274050235748e-02
-1.246323063969612122e-02
4.103030078113079071e-03
2.091355063021183014e-02
-8.562241680920124054e-03
2.704921178519725800e-02
1.141851302236318588e-02
2.801255881786346436e-02
2.772683463990688324e-02
9.614533628337085247e-04
-4.012388177216053009e-03
2.434421703219413757e-02
1.441534794867038727e-02
-2.338314661756157875e-03
-5.550145357847213745e-02
3.851271700114011765e-03
7.547065615653991699e-03
-4.142138175666332245e-03
2.329348027706146240e-02
1.651287660934031010e-03
2.617360325530171394e-03
-1.144814305007457733e-03
-4.870418086647987366e-02
2.923681773245334625e-02
-1.364385429769754410e-02
-2.832764002960175276e-04
-3.161517530679702759e-02
-5.313023552298545837e-02
-5.026668310165405273e-02
1.168819703161716461e-02
-1.679260469973087311e-02
-3.515016660094261169e-02
-5.608816817402839661e-02
-3.164970874786376953e-02
-3.030081838369369507e-02
-1.536944508552551270e-02
-1.245535071939229965e-02
-6.614217534661293030e-03
1.161529123783111572e-02
-2.392641454935073853e-02
-3.022116050124168396e-02
1.227079425007104874e-02
-1.141068246215581894e-02
1.301556266844272614e-02
-7.359378505498170853e-03
7.448464166373014450e-03
1.013604644685983658e-02
-3.792499192059040070e-03
2.820590324699878693e-02
4.686146974563598633e-03
-1.696055196225643158e-02
5.475192330777645111e-03
3.671559318900108337e-02
1.553978887386620045e-03
-7.870933040976524353e-03
-3.594542155042290688e-03
1.796791329979896545e-02
-1.133713778108358383e-02
-2.261117286980152130e-02
-2.583948150277137756e-02
-3.577050939202308655e-02
-1.186849363148212433e-02
-2.276627533137798309e-02
9.782477281987667084e-03
7.956047775223851204e-04
3.276556730270385742e-02
6.792920827865600586e-02
5.417514964938163757e-02
-1.466248929500579834e-02
-2.916382998228073120e-02
1.579364202916622162e-02
-1.835366152226924896e-02
-2.387475781142711639e-02
1.141072809696197510e-02
-4.624753817915916443e-02
-3.675874322652816772e-02
-9.481054730713367462e-03
-2.712930925190448761e-02
-2.565591037273406982e-02
-2.475079335272312164e-02
-2.013088203966617584e-02
-1.701212115585803986e-02
4.929049871861934662e-03
-6.716866511851549149e-03
-1.702238991856575012e-02
-1.171909039840102196e-03
-3.832881152629852295e-02
-5.274598300457000732e-02
-4.665635991841554642e-03
-3.996898978948593140e-02
-3.567400947213172913e-02
-2.612292999401688576e-03
-7.051822263747453690e-03
2.428862499073147774e-03
5.050761252641677856e-02
-6.587172299623489380e-02
-3.642726689577102661e-02
7.564577739685773849e-03
-5.035332962870597839e-02
-1.273754611611366272e-02
2.012303471565246582e-02
-3.331571444869041443e-02
-1.755556650459766388e-02
7.422651629894971848e-03
5.890126898884773254e-02
1.918258890509605408e-02
1.122707407921552658e-02
5.355090647935867310e-02
7.949216291308403015e-03
-1.151734218001365662e-02
6.565529853105545044e-03
-2.211981639266014099e-02
-7.599251810461282730e-03
-6.202267832122743130e-04
-1.371632609516382217e-02
-4.016381129622459412e-02
-4.290721844881772995e-03
-1.826132833957672119e-02
-4.672666266560554504e-02
1.158137619495391846e-02
-1.067041698843240738e-02
2.128858817741274834e-03
-5.428640544414520264e-02
5.512595089385285974e-05
-1.090296451002359390e-02
2.304787375032901764e-02
4.234946891665458679e-02
2.140988968312740326e-02
-4.295256733894348145e-02
-2.465616539120674133e-02
-2.362205274403095245e-02
-7.135979831218719482e-03
-3.777545690536499023e-02
-2.671048790216445923e-02
-4.986016545444726944e-03
-2.426439709961414337e-02
8.006627671420574188e-03
-1.919441670179367065e-02
-1.002102810889482498e-02
-1.703476905822753906e-02
-1.309788320213556290e-02
2.741420408710837364e-03
-4.247743170708417892e-03
-1.744193956255912781e-02
-5.766631104052066803e-03
-4.699150472879409790e-02
-3.987587243318557739e-02
-2.436403557658195496e-02
-5.026439577341079712e-02
-1.761508919298648834e-02
1.711524277925491333e-02
5.669561028480529785e-02
-1.979538984596729279e-02
-1.367453765124082565e-02
3.229313297197222710e-03
1.722571812570095062e-02
-3.165505453944206238e-02
-3.525143861770629883e-02
3.860694169998168945e-02
4.825189709663391113e-02
2.401033230125904083e-02
3.182363882660865784e-02
3.144017606973648071e-02
-2.228060038760304451e-03
-6.668303627520799637e-03
-3.110034018754959106e-02
-1.040906063280999660e-03
6.577520072460174561e-02
4.112710431218147278e-02
4.128697328269481659e-03
1.410097442567348480e-02
2.354712598025798798e-02
-3.486992092803120613e-03
5.595285072922706604e-02
3.722673654556274414e-02
3.042364865541458130e-02
3.872732445597648621e-02
2.200567163527011871e-02
1.496880408376455307e-02
-5.262491479516029358e-02
-4.293052107095718384e-02
-1.880717650055885315e-02
1.849444769322872162e-02
4.483371600508689880e-02
4.655706509947776794e-02
2.507067099213600159e-02
3.756000846624374390e-02
1.878250576555728912e-02
-5.223901942372322083e-03
-1.863029040396213531e-02
-3.528419137001037598e-02
-4.324546083807945251e-02
-6.855157762765884399e-02
-5.481638386845588684e-02
2.450801804661750793e-02
2.279801480472087860e-02
4.117425158619880676e-02
4.010985046625137329e-02
-3.317212453112006187e-03
1.369734015315771103e-02
1.464128494262695312e-02
-1.604351587593555450e-02
-1.824075542390346527e-02
2.285682596266269684e-02
-1.195570360869169235e-02
-3.399390727281570435e-02
4.108040779829025269e-02
-3.413235396146774292e-02
-2.066086791455745697e-02
2.409520186483860016e-02
-4.754557739943265915e-03
1.851913891732692719e-02
-1.213790196925401688e-02
7.153192535042762756e-03
-6.199726834893226624e-03
2.662679739296436310e-02
1.372941955924034119e-02
-1.644008979201316833e-02
1.725381799042224884e-02
-2.541613578796386719e-02
-2.316125668585300446e-02
-6.068326532840728760e-02
-8.424750715494155884e-02
-6.969008594751358032e-02
-5.516838654875755310e-02
-4.602198302745819092e-02
-3.479198366403579712e-02
-4.651120863854885101e-03
-2.397472970187664032e-02
-5.532975867390632629e-02
-5.360008403658866882e-02
-4.339911043643951416e-02
-2.026641555130481720e-02
-4.126566648483276367e-02
-9.104676544666290283e-03
1.343864295631647110e-02
-1.545663224533200264e-03
1.449045352637767792e-02
4.540301859378814697e-02
1.836270466446876526e-02
1.402349583804607391e-02
1.801072387024760246e-03
2.618706412613391876e-02
-1.955775544047355652e-02
-9.957437403500080109e-03
5.140333250164985657e-02
-2.112047374248504639e-02
-5.770915746688842773e-02
-3.832167014479637146e-02
6.810158491134643555e-03
-3.026848845183849335e-02
-3.143556788563728333e-02
-1.385683473199605942e-02
-3.033807501196861267e-02
9.264594875276088715e-03
7.031989516690373421e-04
-1.450730022042989731e-03
-1.246860809624195099e-02
-6.137512624263763428e-03
-1.599880866706371307e-02
1.549310982227325439e-02
2.160669863224029541e-02
2.480700239539146423e-02
1.033154595643281937e-02
2.874765358865261078e-02
1.791358343325555325e-03
7.800288498401641846e-03
-1.599469594657421112e-02
-9.406019933521747589e-03
1.843638531863689423e-02
-1.734539866447448730e-02
-2.463653311133384705e-02
1.351872924715280533e-02
2.150257583707571030e-03
2.141452208161354065e-02
-9.208392351865768433e-03
-3.216909244656562805e-02
-6.578541547060012817e-02
6.452276371419429779e-03
-4.326045885682106018e-02
-4.987690970301628113e-02
2.334633469581604004e-02
-1.004134677350521088e-02
-9.251787327229976654e-03
1.189677976071834564e-02
-9.405118413269519806e-03
-1.535884104669094086e-02
-1.387375686317682266e-02
-7.041554432362318039e-03
1.790011860430240631e-02
-1.639516651630401611e-02
-5.386983510106801987e-03
4.318846389651298523e-02
2.892702352255582809e-03
-1.698467694222927094e-02
1.143595110625028610e-02
1.696854270994663239e-02
3.964719548821449280e-02
2.852558530867099762e-02
4.350738599896430969e-02
4.444326832890510559e-02
3.410108759999275208e-02
1.427102927118539810e-02
-4.363121092319488525e-02
-3.088839165866374969e-02
3.220973303541541100e-03
3.750552888959646225e-03
-7.889462634921073914e-03
-4.522389266639947891e-03
-2.457279944792389870e-03
-1.180693740025162697e-03
-4.700301506090909243e-04
6.245616823434829712e-02
5.696443840861320496e-02
-2.226847689598798752e-03
1.224149577319622040e-02
-8.044240996241569519e-03
-2.507730387151241302e-02
-4.116652905941009521e-02
-3.469917923212051392e-02
-2.649411745369434357e-02
-4.134946037083864212e-03
1.255367323756217957e-02
-1.557769719511270523e-02
9.851767681539058685e-03
-2.602944732643663883e-04
-2.611241117119789124e-02
-2.518064528703689575e-02
-4.384337738156318665e-02
4.198420047760009766e-02
2.806447260081768036e-02
-1.615334069356322289e-03
8.544684387743473053e-03
9.872411377727985382e-03
-2.544527128338813782e-02
-1.089720893651247025e-02
1.247586216777563095e-02
-1.824693195521831512e-02
-1.129130646586418152e-02
1.824576593935489655e-02
-1.095368992537260056e-02
-2.154617942869663239e-02
2.753923472482711077e-04
-2.985519729554653168e-02
2.662779297679662704e-03
-3.390316152945160866e-03
-1.723677478730678558e-02
-4.814124200493097305e-03
5.481292959302663803e-03
-3.850796958431601524e-03
1.475223898887634277e-02
3.402239084243774414e-02
3.986745141446590424e-03
4.764172062277793884e-02
7.411686331033706665e-02
6.051010265946388245e-02
5.243700928986072540e-03
3.415125189349055290e-03
2.806114731356501579e-03
2.953179180622100830e-03
-6.194407469592988491e-04
2.574278973042964935e-02
1.921932026743888855e-02
4.739675205200910568e-03
4.078730009496212006e-03
-8.810811676084995270e-03
-2.523647621273994446e-03
-1.640088111162185669e-02
-1.009004469960927963e-02
2.571879699826240540e-02
7.933677174150943756e-03
-2.026658505201339722e-02
8.352184668183326721e-03
3.716634586453437805e-03
-2.911775745451450348e-02
-1.831739023327827454e-02
-5.748736113309860229e-02
-8.363338187336921692e-03
-1.555304601788520813e-02
-5.701961740851402283e-02
-1.460426859557628632e-02
-2.287373878061771393e-02
-4.286121949553489685e-02
-8.720792829990386963e-03
-2.470852993428707123e-02
-3.772289026528596878e-03
-1.143119204789400101e-02
-1.236818637698888779e-02
5.156571511179208755e-03
2.920656278729438782e-02
2.946286462247371674e-02
1.627442054450511932e-02
-1.863543316721916199e-02
1.896132528781890869e-02
2.493087388575077057e-02
-2.119887620210647583e-02
-1.019346434623003006e-02
5.224016495048999786e-03
2.548664109781384468e-03
2.125896513462066650e-02
-2.902875421568751335e-03
-2.232947200536727905e-02
-2.438431233167648315e-02
-1.493249367922544479e-02
-1.402647979557514191e-02
-4.753807187080383301e-02
-1.062470488250255585e-02
1.933276653289794922e-02
-2.893614023923873901e-02
-2.597394632175564766e-03
4.704705439507961273e-03
1.273672934621572495e-02
-1.932979375123977661e-02
-2.181274443864822388e-02
-2.067454159259796143e-02
-2.265535667538642883e-02
-2.096605673432350159e-02
-3.712156042456626892e-02
-3.688221424818038940e-02
2.291197702288627625e-02
-1.021705660969018936e-02
-1.679911464452743530e-02
4.155923798680305481e-02
4.643828608095645905e-03
-4.659417085349559784e-03
4.222901910543441772e-02
-1.871759258210659027e-02
-3.712539374828338623e-02
1.489686546847224236e-03
-9.920497424900531769e-03
1.356427464634180069e-02
8.955693803727626801e-03
2.012374810874462128e-03
3.275233507156372070e-02
-3.279925510287284851e-02
-4.981448128819465637e-02
-1.390116754919290543e-02
4.988846555352210999e-02
3.833586722612380981e-02
5.671661347150802612e-02
8.567652548663318157e-04
9.980912320315837860e-03
1.149268448352813721e-02
-1.927369274199008942e-02
-3.019195795059204102e-02
-2.688191831111907959e-02
8.229695260524749756e-03
-9.434683248400688171e-03
-6.975349970161914825e-03
-5.065203644335269928e-03
4.832114093005657196e-03
2.631786651909351349e-02
2.263796050101518631e-03
8.090790361166000366e-03
2.264117076992988586e-02
-3.942203894257545471e-02
-2.269349293783307076e-03
2.315259352326393127e-02
-3.872423619031906128e-02
-3.784411773085594177e-02
-5.175997503101825714e-03
2.644366957247257233e-02
1.419044379144906998e-02
1.615502126514911652e-02
-3.333669621497392654e-03
-8.940711617469787598e-03
-3.769228979945182800e-02
-2.805565297603607178e-02
-3.718087449669837952e-03
-1.930011436343193054e-02
-3.012641705572605133e-02
-5.589302163571119308e-04
-2.190536819398403168e-02
2.919851802289485931e-02
-4.666625056415796280e-03
-1.231681555509567261e-02
5.676736123859882355e-03
-1.390121690928936005e-02
-4.725251346826553345e-02
7.809245958924293518e-03
3.717381507158279419e-03
-1.700479164719581604e-02
-2.845857106149196625e-02
-1.752456091344356537e-02
2.623381325975060463e-03
-1.980250701308250427e-02
-3.983194008469581604e-02
-1.195989362895488739e-02
2.310119941830635071e-02
1.072912011295557022e-02
8.397232741117477417e-03
-2.062412910163402557e-02
1.303126662969589233e-02
6.239178776741027832e-02
6.209049373865127563e-03
1.593042537569999695e-02
3.512526676058769226e-02
1.757339946925640106e-02
2.718972787261009216e-02
2.499248646199703217e-02
5.124338436871767044e-03
8.011871948838233948e-03
-1.624548062682151794e-02
-2.867023460566997528e-02
-2.596566919237375259e-03
-4.567276220768690109e-03
-5.454105138778686523e-02
-2.097197063267230988e-02
-8.829006925225257874e-03
2.322559617459774017e-02
4.407624900341033936e-02
4.562116414308547974e-02
2.107319608330726624e-02
1.498477719724178314e-02
-3.118852386251091957e-03
4.662061855196952820e-02
-5.746581126004457474e-03
-4.167320951819419861e-02
-1.773279719054698944e-02
-1.256364863365888596e-02
-4.038534685969352722e-02
-2.395995147526264191e-02
-1.708419620990753174e-02
-1.006390620023012161e-02
-2.894355170428752899e-02
2.922041341662406921e-03
2.349620498716831207e-02
5.887704435735940933e-03
1.236941665410995483e-02
2.004357427358627319e-02
-2.689660061150789261e-03
1.779073290526866913e-02
3.498962894082069397e-02
-1.102312002331018448e-02
1.009763404726982117e-02
1.549612823873758316e-02
-5.413858219981193542e-02
-1.890465989708900452e-02
1.218418963253498077e-02
-4.923899844288825989e-02
6.010554730892181396e-03
3.059795312583446503e-02
-1.530267205089330673e-02
1.486842986196279526e-02
-1.016396679915487766e-03
-3.840786591172218323e-02
-1.057290751487016678e-02
-2.722404897212982178e-02
-3.622681275010108948e-02
-1.433276571333408356e-02
6.531231105327606201e-03
-2.117334492504596710e-02
-1.175487600266933441e-02
1.380804739892482758e-02
-5.300287622958421707e-03
-1.446443959139287472e-03
1.952948980033397675e-02
1.461912295781075954e-03
-1.083375420421361923e-02
-2.996448427438735962e-02
-1.963005214929580688e-02
-2.938778325915336609e-02
-4.953569918870925903e-02
-1.182862743735313416e-02
-2.613127604126930237e-02
-3.790768980979919434e-02
4.474380053579807281e-03
7.727280259132385254e-03
-1.967591978609561920e-02
3.487304598093032837e-02
3.715809807181358337e-02
3.081510215997695923e-02
-6.334043573588132858e-03
-8.917570114135742188e-03
2.884946996346116066e-03
1.401212532073259354e-02
6.649571936577558517e-03
3.240183368325233459e-02
9.179852895613294095e-06
1.433978136628866196e-02
3.163189068436622620e-02
3.108690492808818817e-03
-1.755620166659355164e-02
-1.592641882598400116e-02
1.019956450909376144e-02
-1.839307136833667755e-02
-2.313921228051185608e-02
1.068084221333265305e-02
-1.191269513219594955e-02
-2.174025960266590118e-02
2.134682610630989075e-02
2.542158029973506927e-02
2.712919563055038452e-02
6.630942691117525101e-03
-1.767274737358093262e-02
-1.782685332000255585e-02
3.057504259049892426e-02
1.519548613578081131e-02
1.864179782569408417e-02
-7.764811068773269653e-02
-5.183346942067146301e-02
-5.442045256495475769e-02
-6.988695263862609863e-02
-3.940447047352790833e-02
-4.920307174324989319e-02
-5.999236553907394409e-02
-3.296971321105957031e-02
-5.001048371195793152e-02
8.111853152513504028e-03
1.160289719700813293e-02
1.831205154303461313e-04
-1.149428356438875198e-02
-3.656054660677909851e-02
-3.253900632262229919e-02
-7.650520186871290207e-03
-3.792785480618476868e-02
-3.281454741954803467e-02
4.943681880831718445e-02
2.948310598731040955e-02
2.483464591205120087e-02
2.763788215816020966e-02
3.065587580204010010e-02
2.842578571289777756e-03
2.900402760133147240e-03
-5.696081556379795074e-03
-2.001849748194217682e-02
1.114392373710870743e-02
-2.649736590683460236e-02
-3.863832354545593262e-02
3.325057774782180786e-02
4.770071711391210556e-03
-1.806575432419776917e-02
3.844665363430976868e-02
-7.029359694570302963e-03
-1.910717971622943878e-02
1.229221094399690628e-02
-7.480415981262922287e-03
-9.421951137483119965e-03
3.448942676186561584e-02
2.271700091660022736e-02
2.507780864834785461e-02
3.540015593171119690e-02
2.561529725790023804e-02
4.024536535143852234e-02
-4.958823695778846741e-02
-5.719811469316482544e-02
-5.751485750079154968e-02
-4.449921101331710815e-02
-4.930018633604049683e-02
-4.368690401315689087e-02
-3.394006565213203430e-02
-2.805286459624767303e-02
-1.747644878923892975e-02
-4.552250728011131287e-03
-9.222756139934062958e-03
-8.985439315438270569e-03
-9.046114981174468994e-03
2.981459838338196278e-04
-2.448342368006706238e-02
-1.763031631708145142e-02
1.460394822061061859e-02
-7.902563549578189850e-03
-1.629031263291835785e-02
4.280556458979845047e-03
1.551106665283441544e-02
-2.883421629667282104e-02
-3.837995231151580811e-03
-3.583849873393774033e-03
-2.269287966191768646e-02
3.674134984612464905e-02
4.129809513688087463e-02
4.124968126416206360e-02
-5.397263914346694946e-03
-3.082529455423355103e-02
3.856128081679344177e-02
1.876974478363990784e-02
1.264131441712379456e-02
-2.928894758224487305e-02
3.742922330275177956e-03
-5.482079926878213882e-03
2.816083654761314392e-02
-9.926514700055122375e-03
-5.933943204581737518e-03
1.789403706789016724e-02
-2.268206700682640076e-02
-2.845368534326553345e-02
1.537261717021465302e-02
-3.674307465553283691e-02
-5.245127901434898376e-02
4.710344225168228149e-02
3.189249336719512939e-02
1.346108969300985336e-02
2.912142500281333923e-02
-8.264171890914440155e-03
-2.036683075129985809e-02
-1.301902253180742264e-02
-1.315440167672932148e-03
1.662307605147361755e-02
8.188183419406414032e-03
1.012417301535606384e-02
3.559387475252151489e-02
3.282444924116134644e-02
5.749968811869621277e-03
1.818238198757171631e-02
2.940368466079235077e-02
-1.524372585117816925e-02
-3.002331592142581940e-02
-1.827266998589038849e-02
5.840370897203683853e-03
-1.117277331650257111e-02
-3.116742009297013283e-03
-1.495483098551630974e-03
4.043490160256624222e-03
1.042524073272943497e-02
2.702083438634872437e-03
2.994721755385398865e-02
7.073828019201755524e-03
1.187778427265584469e-03
2.229177951812744141e-02
3.803938860073685646e-03
-1.857005245983600616e-02
-3.392942307982593775e-04
-2.087299479171633720e-03
-9.829901158809661865e-03
7.637429051101207733e-03
3.797022998332977295e-02
4.400079697370529175e-02
6.467132270336151123e-02
2.540680766105651855e-02
9.935259819030761719e-03
4.103193432092666626e-02
-1.438395958393812180e-02
-5.106792971491813660e-02
-1.144027337431907654e-02
-1.541667245328426361e-02
1.069065555930137634e-02
9.631685679778456688e-04
3.509877482429146767e-03
-7.243183790706098080e-04
-3.505367413163185120e-02
6.089460104703903198e-03
-7.973724976181983948e-03
-2.005182392895221710e-02
2.530592679977416992e-02
4.588945209980010986e-02
5.340779945254325867e-02
3.450520709156990051e-02
1.662318967282772064e-02
2.026965469121932983e-02
5.685475096106529236e-02
-1.562381279654800892e-03
-2.813903847709298134e-03
-2.437888458371162415e-02
-7.760432083159685135e-03
-8.662834763526916504e-03
-3.044972196221351624e-02
-3.501225635409355164e-02
-4.560155048966407776e-02
-2.523262053728103638e-02
-1.992136612534523010e-02
-8.644067682325839996e-03
-1.559154689311981201e-02
-1.113644056022167206e-02
-5.441344808787107468e-03
-3.150726854801177979e-02
-2.450198680162429810e-02
-1.532059442251920700e-02
-3.175991773605346680e-02
-4.161202907562255859e-02
-3.536380454897880554e-02
3.268889151513576508e-03
-9.556113742291927338e-03
-8.561775088310241699e-03
8.923147805035114288e-03
-1.641972688958048820e-03
4.764320794492959976e-03
6.446962244808673859e-03
-1.044501084834337234e-02
-2.509941719472408295e-02
2.269795397296547890e-03
-3.020357526838779449e-02
-3.956471756100654602e-02
1.097440999001264572e-02
-8.493189699947834015e-03
-1.127210096456110477e-03
8.786818943917751312e-03
-9.283557301387190819e-04
6.631089374423027039e-03
1.415426842868328094e-02
3.294910863041877747e-02
3.276532143354415894e-02
-4.598824307322502136e-03
7.195418700575828552e-03
2.690895274281501770e-02
-1.614522770978510380e-03
-1.474964432418346405e-03
2.428476512432098389e-02
-3.490497916936874390e-02
-6.573846936225891113e-02
-1.657722517848014832e-02
-2.794748917222023010e-02
-4.512367770075798035e-02
-1.700585521757602692e-02
-2.285503968596458435e-02
-1.643534004688262939e-02
1.774363778531551361e-02
2.065378054976463318e-02
-4.770616535097360611e-03
7.933566346764564514e-03
9.856734424829483032e-03
-1.311655808240175247e-02
-1.967755891382694244e-02
3.169240802526473999e-02
3.263753373175859451e-03
-1.461565680801868439e-02
-2.995531074702739716e-02
-1.761242002248764038e-02
-3.405562136322259903e-03
-2.368219196796417236e-02
-1.627197675406932831e-02
-2.596384286880493164e-02
-4.180731624364852905e-02
-5.112685635685920715e-02
-6.312533468008041382e-02
-1.244897115975618362e-02
-9.598085656762123108e-03
1.145620644092559814e-02
-1.911543495953083038e-02
-2.553625777363777161e-02
-1.199785433709621429e-02
2.583337947726249695e-02
-7.500663399696350098e-03
-9.866445325314998627e-03
-3.422853723168373108e-02
-3.729902207851409912e-02
-8.011848665773868561e-03
2.404787228442728519e-04
1.454409677535295486e-02
3.086437843739986420e-02
-3.059096075594425201e-02
2.974150236696004868e-03
2.868843637406826019e-02
-4.679033998399972916e-03
8.324117399752140045e-03
4.883563145995140076e-02
2.682470716536045074e-03
-1.619383879005908966e-02
2.932654693722724915e-03
8.412415161728858948e-03
-1.052408199757337570e-02
-3.072564722970128059e-03
-9.074158035218715668e-03
3.866454958915710449e-02
7.362789660692214966e-02
3.535729832947254181e-03
2.427046187222003937e-02
4.605358093976974487e-02
2.210456132888793945e-02
2.289382182061672211e-02
8.192351087927818298e-03
-1.250695623457431793e-02
6.015040446072816849e-03
-3.045745659619569778e-03
-5.335864610970020294e-03
-2.320523001253604889e-02
-2.463250048458576202e-02
-1.182527747005224228e-02
-3.079751878976821899e-02
-3.758713975548744202e-02
-3.961908444762229919e-02
-4.921489581465721130e-02
-3.233219683170318604e-02
1.545852399431169033e-03
-1.568918675184249878e-02
-3.168104216456413269e-02
-1.503891497850418091e-02
-1.857731863856315613e-02
-1.141114532947540283e-02
1.472380477935075760e-02
5.124588496983051300e-03
-2.737748809158802032e-02
-1.303876191377639771e-02
-1.998049952089786530e-02
-5.143093317747116089e-02
4.519840236753225327e-03
2.067191340029239655e-02
-3.706024028360843658e-03
9.542349725961685181e-04
-3.381021320819854736e-02
-1.654094643890857697e-02
-9.073986671864986420e-03
-4.195990785956382751e-02
-4.943631589412689209e-03
-1.008225884288549423e-02
-2.491885982453823090e-02
1.344725675880908966e-02
-2.450605854392051697e-02
6.325444206595420837e-03
3.743828460574150085e-02
-2.629857324063777924e-02
-4.133649170398712158e-02
-2.574064210057258606e-02
1.473026815801858902e-02
-1.119579561054706573e-02
-1.498865708708763123e-02
3.188686072826385498e-02
1.354665961116552353e-02
4.380443692207336426e-02
1.502966973930597305e-02
-3.690675273537635803e-02
-3.840329125523567200e-03
1.698534749448299408e-02
-2.104730159044265747e-02
1.780508644878864288e-02
3.905170783400535583e-02
1.440625824034214020e-02
6.738437712192535400e-02
-2.485765842720866203e-03
-2.943954803049564362e-02
-3.720206208527088165e-03
-1.850461121648550034e-03
-1.693756878376007080e-02
-3.737704828381538391e-02
3.455765917897224426e-02
3.205071389675140381e-02
5.359408259391784668e-02
2.329981513321399689e-02
-4.075793083757162094e-03
1.760035008192062378e-02
1.576837524771690369e-02
1.174364145845174789e-02
4.280964378267526627e-03
-2.400101162493228912e-02
-3.615717962384223938e-02
-5.650043115019798279e-02
1.245313975960016251e-02
9.785234928131103516e-03
-2.724676951766014099e-02
-6.357537582516670227e-03
-1.128506101667881012e-02
-5.692184902727603912e-03
-4.698361456394195557e-02
-3.601045906543731689e-02
-3.533603623509407043e-02
2.482180111110210419e-02
3.149411082267761230e-02
-4.470982123166322708e-03
3.366954252123832703e-02
4.273605719208717346e-02
-1.773078111000359058e-04
3.561630612239241600e-03
1.582091115415096283e-02
2.978668175637722015e-02
-1.852721534669399261e-02
-3.297128155827522278e-02
5.936582107096910477e-03
-3.227700944989919662e-03
-2.658209204673767090e-02
1.223283354192972183e-02
-3.333210246637463570e-03
-5.089340265840291977e-03
-4.547400865703821182e-03
2.378509147092700005e-03
-2.050546742975711823e-02
-1.065910793840885162e-02
3.797884657979011536e-02
-8.349982090294361115e-03
3.134019300341606140e-02
-1.557088922709226608e-02
-1.364435907453298569e-02
-4.833170399069786072e-02
-2.731104940176010132e-02
-2.668815664947032928e-02
-5.334809422492980957e-02
1.586544327437877655e-02
5.548869725316762924e-03
-4.556645639240741730e-03
-2.496272791177034378e-03
-1.597268134355545044e-02
-2.804773859679698944e-02
-2.870956994593143463e-02
-3.592123836278915405e-02
-4.692518338561058044e-02
6.744639249518513680e-04
1.715558581054210663e-03
-5.776070989668369293e-03
4.126382246613502502e-02
3.395800665020942688e-02
3.493141755461692810e-02
2.771439729258418083e-03
1.742498949170112610e-02
-1.052947598509490490e-03
-1.177094876766204834e-02
-1.617936976253986359e-02
-1.309342961758375168e-02
-1.189025351777672768e-03
-3.996405377984046936e-02
5.143234506249427795e-02
4.032535944133996964e-03
-3.425010666251182556e-02
5.431978777050971985e-02
-1.309425011277198792e-02
-2.934428863227367401e-02
1.585316844284534454e-02
-3.364959359169006348e-02
-4.980072006583213806e-02
-5.072871968150138855e-02
-8.862293325364589691e-03
-3.099378757178783417e-02
-1.824363134801387787e-02
-2.088491572067141533e-03
-2.090660296380519867e-02
-3.523581475019454956e-02
-4.115602746605873108e-02
-8.248155936598777771e-03
1.168434508144855499e-02
-4.834779072552919388e-03
1.686893403530120850e-02
8.454907685518264771e-03
1.859175413846969604e-02
2.756091393530368805e-02
6.056023389101028442e-02
-3.058128431439399719e-02
-6.746837403625249863e-03
-1.308733876794576645e-02
3.606828302145004272e-02
6.376210600137710571e-02
4.702159017324447632e-02
1.625522854737937450e-03
-1.772428746335208416e-03
1.305351615883409977e-03
-3.339178115129470825e-02
-4.900957923382520676e-03
7.018144242465496063e-03
-5.460332334041595459e-02
-1.889516599476337433e-02
3.394235670566558838e-02
1.009807549417018890e-02
1.437076367437839508e-03
2.452325075864791870e-02
-4.286251589655876160e-02
-2.071008272469043732e-02
-3.894346999004483223e-03
-1.641605235636234283e-02
-7.373007945716381073e-03
-1.059921272099018097e-02
-2.248234488070011139e-02
-5.302196368575096130e-03
-1.147726364433765411e-02
7.187754660844802856e-02
8.557431399822235107e-02
7.061724364757537842e-02
-2.758497558534145355e-02
2.976800547912716866e-03
-2.412480302155017853e-02
-6.308295577764511108e-02
-6.965479999780654907e-02
-4.724203422665596008e-02
-3.554063290357589722e-02
7.071328349411487579e-03
-1.074739173054695129e-02
8.164626546204090118e-03
8.298833854496479034e-03
-5.584494210779666901e-03
1.106839813292026520e-02
-4.306588787585496902e-03
1.479402277618646622e-02
6.190391723066568375e-03
2.282167784869670868e-02
-2.042107516899704933e-03
4.180071875452995300e-02
3.124375455081462860e-02
3.043063357472419739e-02
-1.672457717359066010e-02
-3.160368418321013451e-03
-1.886397786438465118e-02
-2.051388844847679138e-02
-3.839007392525672913e-02
-1.724983379244804382e-02
2.604470588266849518e-03
-2.303447201848030090e-02
-8.939209394156932831e-03
-1.926819048821926117e-02
-8.099438622593879700e-03
-4.203512333333492279e-03
4.454470053315162659e-02
8.230809122323989868e-03
-9.192193858325481415e-03
-8.280297741293907166e-03
-5.292085465043783188e-03
-1.059517078101634979e-02
-3.128979355096817017e-02
-4.269105941057205200e-02
-3.810849785804748535e-02
-1.294302381575107574e-02
-1.538231223821640015e-02
-4.378400370478630066e-02
2.503093332052230835e-03
9.475468657910823822e-03
-3.290024399757385254e-02
-2.036888524889945984e-02
9.712968952953815460e-03
-1.412356644868850708e-02
1.656929589807987213e-02
-2.888970449566841125e-02
3.568874299526214600e-02
6.096997484564781189e-02
-4.918201360851526260e-03
2.960090897977352142e-02
8.216667920351028442e-02
-4.762347321957349777e-03
3.444766998291015625e-02
3.205425292253494263e-02
1.034302078187465668e-02
-1.771661336533725262e-03
-3.968178480863571167e-02
-5.935091152787208557e-02
-3.178228437900543213e-02
-2.072105929255485535e-02
-3.457253798842430115e-02
-2.173519134521484375e-02
-2.043407782912254333e-02
1.918962807394564152e-03
-9.753913618624210358e-03
-3.695843741297721863e-02
-1.168821193277835846e-02
-4.450429230928421021e-03
-2.696976624429225922e-02
-3.295026719570159912e-02
-1.686738990247249603e-02
-3.838675096631050110e-02
-2.590444497764110565e-02
-3.252332657575607300e-02
1.743471249938011169e-03
1.424275152385234833e-02
1.999702490866184235e-02
9.524653665721416473e-03
8.398643694818019867e-03
-2.238135598599910736e-02
-1.664596050977706909e-02
-2.411465533077716827e-02
-1.813654787838459015e-02
-1.547793741337954998e-03
4.020433989353477955e-04
-1.639654859900474548e-02
-1.578164473176002502e-02
1.021343981847167015e-03
-2.325526997447013855e-02
4.866574332118034363e-02
2.506891079246997833e-02
2.691074833273887634e-02
3.475018218159675598e-02
-7.114658132195472717e-03
-1.066030655056238174e-02
2.165098488330841064e-02
-1.902377605438232422e-02
-8.796893060207366943e-03
2.201911620795726776e-02
2.725508064031600952e-02
6.941942125558853149e-02
2.855525352060794830e-02
8.365187793970108032e-03
-1.413777470588684082e-02
-7.675437373109161854e-04
-2.822470851242542267e-02
-5.774267762899398804e-02
7.251485437154769897e-02
1.046048402786254883e-01
4.103553667664527893e-02
-1.155866775661706924e-02
1.106913201510906219e-02
-1.769146509468555450e-02
-1.200553588569164276e-02
-1.631942763924598694e-02
-1.257097534835338593e-02
-2.585001476109027863e-02
-2.209805697202682495e-02
-2.501762844622135162e-02
1.380944531410932541e-02
-2.260148525238037109e-02
-5.462596938014030457e-02
2.457569120451807976e-03
-3.702877461910247803e-02
-1.306944899260997772e-02
-3.433083370327949524e-02
-1.568058691918849945e-02
-1.774946227669715881e-02
-2.523619681596755981e-02
-1.831890083849430084e-02
-4.761479794979095459e-03
-4.659648053348064423e-03
-3.026850288733839989e-03
3.163470327854156494e-02
8.841929957270622253e-03
5.679381079971790314e-03
4.884763620793819427e-03
7.696422282606363297e-03
5.544152110815048218e-03
-1.047064736485481262e-02
9.224530309438705444e-03
2.080523967742919922e-02
1.395091228187084198e-02
6.811248511075973511e-02
4.742215946316719055e-02
6.854172796010971069e-02
-4.098028317093849182e-02
-5.557255074381828308e-02
-4.178759083151817322e-02
-9.898189455270767212e-03
-8.468492887914180756e-03
3.000495962623972446e-05
-2.922422438859939575e-02
-3.773828223347663879e-02
-3.106073476374149323e-02
3.644501790404319763e-02
3.193422034382820129e-02
1.823352277278900146e-02
5.988443642854690552e-02
6.935970485210418701e-02
4.906932264566421509e-02
-7.011482119560241699e-02
-7.461773604154586792e-02
-5.523968115448951721e-02
-2.310249581933021545e-02
-3.022607788443565369e-02
-3.299914672970771790e-02
3.090154007077217102e-02
2.076278999447822571e-02
6.962194573134183884e-03
-2.783281356096267700e-02
-3.043726086616516113e-03
-5.702257528901100159e-02
-4.356554150581359863e-02
-1.000931952148675919e-02
1.685991697013378143e-02
-6.159118562936782837e-02
-1.894678175449371338e-02
5.798443686217069626e-03
-8.899190463125705719e-03
4.594752937555313110e-02
1.419447455555200577e-02
-1.056304390658624470e-04
5.987348780035972595e-02
3.666527196764945984e-02
-4.292784258723258972e-03
3.799130767583847046e-02
-1.871090568602085114e-02
-4.036515578627586365e-02
-3.246168047189712524e-02
-3.023743256926536560e-02
-1.944682188332080841e-02
-2.272396907210350037e-02
-2.278184331953525543e-02
-2.287559956312179565e-02
-2.966856583952903748e-02
-2.611137181520462036e-02
-3.047350980341434479e-02
-9.416346438229084015e-03
-3.035172121599316597e-03
-3.201596811413764954e-02
-2.227143011987209320e-02
-9.994924068450927734e-03
-4.145508632063865662e-03
-3.666551550850272179e-03
1.307009533047676086e-02
-1.519767101854085922e-02
2.321726642549037933e-02
6.157306954264640808e-02
1.295655127614736557e-02
4.629271477460861206e-02
1.495479140430688858e-02
-1.546290889382362366e-02
-5.958533729426562786e-04
-1.635895669460296631e-02
5.606463551521301270e-02
5.019365623593330383e-02
-1.019608415663242340e-02
-3.816799819469451904e-02
-2.766625955700874329e-03
1.712013501673936844e-03
-5.034415517002344131e-03
2.679532580077648163e-02
-5.261919461190700531e-03
7.765399664640426636e-02
1.409410312771797180e-02
1.954706199467182159e-02
4.533664882183074951e-02
4.487669095396995544e-03
7.202399894595146179e-03
4.641837906092405319e-03
-1.680902764201164246e-02
-2.681845985352993011e-02
1.879892870783805847e-02
3.110445104539394379e-03
-8.207783102989196777e-03
-1.856000535190105438e-02
-3.440168499946594238e-02
-2.424538508057594299e-02
2.534017665311694145e-03
-2.932685241103172302e-02
-2.245291322469711304e-02
-1.842921227216720581e-02
6.516088265925645828e-03
2.792577445507049561e-02
-2.764497511088848114e-02
-6.296677049249410629e-03
4.625813290476799011e-02
-1.046215835958719254e-02
-4.210979212075471878e-03
4.775803908705711365e-02
-3.430993854999542236e-02
-2.935996279120445251e-02
-2.709071896970272064e-02
-2.412330359220504761e-02
-3.126879036426544189e-02
-2.315688319504261017e-02
1.149187143892049789e-02
1.661763340234756470e-02
3.085745498538017273e-02
1.746420311974361539e-04
1.211423519998788834e-02
-2.467634901404380798e-02
-9.123226627707481384e-03
-2.787024714052677155e-02
-5.341826751828193665e-02
1.009266637265682220e-02
-5.297518149018287659e-02
-7.252705842256546021e-02
-3.504094108939170837e-02
-3.127638623118400574e-02
-4.605140537023544312e-02
-3.674795478582382202e-02
-7.215282414108514786e-03
-4.300641641020774841e-02
2.195159206166863441e-03
3.788724308833479881e-03
-2.401242218911647797e-02
8.688928559422492981e-03
4.609180614352226257e-02
2.940979413688182831e-02
1.502973958849906921e-03
1.883116923272609711e-02
-8.656376972794532776e-03
-3.020706772804260254e-02
-3.331475704908370972e-02
-5.047707259654998779e-02
9.454487822949886322e-03
2.764738164842128754e-02
-1.358000095933675766e-03
3.448382765054702759e-02
4.122202470898628235e-02
4.101508855819702148e-02
-3.766668215394020081e-02
-1.043216511607170105e-02
3.540193662047386169e-02
1.771044544875621796e-02
-9.063242934644222260e-03
-4.092187434434890747e-02
4.537517949938774109e-02
4.183584824204444885e-02
2.966948971152305603e-02
7.099590264260768890e-03
-1.983124297112226486e-03
-6.015481427311897278e-03
6.379352509975433350e-02
6.496614962816238403e-02
-8.355743251740932465e-03
4.818476364016532898e-02
4.546714574098587036e-02
2.119473926723003387e-02
-3.599341213703155518e-02
6.242346949875354767e-03
3.831417125184088945e-04
-1.469436194747686386e-02
-5.172334238886833191e-02
-1.394485123455524445e-02
-4.887107387185096741e-02
-4.818402975797653198e-02
-2.881750836968421936e-02
-1.503476500511169434e-02
-3.976772539317607880e-03
9.279682300984859467e-03
3.667816892266273499e-02
-2.783033996820449829e-03
6.067415699362754822e-03
-3.499681130051612854e-02
-3.140347823500633240e-02
1.708934269845485687e-02
-9.343478828668594360e-03
1.190196629613637924e-02
1.855013519525527954e-02
-1.190693117678165436e-02
-2.738584950566291809e-02
-3.330431878566741943e-02
-3.979243803769350052e-03
-1.356637664139270782e-02
-1.355968695133924484e-02
-6.048997864127159119e-03
4.558542743325233459e-03
2.906169369816780090e-02
1.406589988619089127e-02
7.346313213929533958e-04
3.870059922337532043e-02
-5.060136318206787109e-02
-3.083902783691883087e-02
2.233408950269222260e-02
-4.623412340879440308e-02
-2.305410802364349365e-02
-6.039790343493223190e-03
1.800938323140144348e-02
3.689492493867874146e-02
2.870897576212882996e-02
-4.128536581993103027e-02
-2.447011135518550873e-02
1.218062452971935272e-02
-3.358415514230728149e-02
-6.473592668771743774e-02
-5.480340868234634399e-02
-2.232374995946884155e-02
-8.518202230334281921e-03
-3.423475474119186401e-02
-1.923161186277866364e-02
-1.220753416419029236e-02
-1.363587658852338791e-02
-2.384247817099094391e-02
-1.286423765122890472e-02
4.454699810594320297e-03
3.192409873008728027e-02
8.679596334695816040e-02
9.749734774231910706e-03
-2.538870461285114288e-02
2.542579360306262970e-02
7.880300283432006836e-03
-1.439440250396728516e-02
3.923141339328140020e-04
1.235974952578544617e-02
5.338207259774208069e-02
4.530494567006826401e-03
-1.508717518299818039e-02
-2.307725604623556137e-03
-5.882124975323677063e-02
-2.238632924854755402e-02
1.881506107747554779e-02
5.739388521760702133e-03
-1.157569326460361481e-02
-2.393171889707446098e-03
2.265419438481330872e-02
1.738546416163444519e-02
3.167012706398963928e-02
1.636655256152153015e-02
6.190064596012234688e-04
9.363385848701000214e-03
-8.434185758233070374e-03
-5.395524669438600540e-03
1.197381038218736649e-02
5.076893605291843414e-03
9.365729987621307373e-03
2.164800092577934265e-02
3.991879522800445557e-03
-2.226210385560989380e-02
-2.607585117220878601e-02
3.315073437988758087e-03
-2.678372710943222046e-02
-1.866836845874786377e-02
-4.233936592936515808e-02
-1.277324836701154709e-02
-1.265784143470227718e-03
-8.328432217240333557e-03
2.101229503750801086e-02
-2.322957105934619904e-02
-4.763976670801639557e-03
1.296788919717073441e-02
8.111164905130863190e-03
6.914829835295677185e-03
6.142995785921812057e-03
1.649147015996277332e-03
9.505577385425567627e-03
-2.028907090425491333e-02
-2.873450331389904022e-02
-1.434728689491748810e-02
-2.396797575056552887e-02
-1.474764663726091385e-02
-4.416786879301071167e-02
-2.936682291328907013e-02
-2.183194458484649658e-02
-2.191504277288913727e-02
-1.772500947117805481e-02
2.177199162542819977e-02
2.778686955571174622e-02
7.766067865304648876e-04
1.961273839697241783e-03
-1.124066533520817757e-03
1.265132159460335970e-04
-2.831357903778553009e-02
-3.145389026030898094e-03
5.169991403818130493e-03
-5.243191123008728027e-02
-4.134587943553924561e-03
4.059358034282922745e-03
4.864559508860111237e-03
2.634685486555099487e-02
7.468223921023309231e-04
2.974488073959946632e-03
-4.094994813203811646e-02
-1.324561983346939087e-02
5.101026967167854309e-02
1.487960852682590485e-02
-3.784178942441940308e-02
1.446434296667575836e-03
-1.458743680268526077e-02
-8.779837749898433685e-03
-1.457863673567771912e-02
-1.406922750174999237e-02
1.316367182880640030e-02
-1.020237244665622711e-02
-7.846740772947669029e-04
1.365366112440824509e-02
-2.507454901933670044e-02
-1.654379069805145264e-02
-1.338252145797014236e-02
-5.633489787578582764e-02
-7.506811525672674179e-03
-1.686401292681694031e-02
-3.435321524739265442e-02
-2.439172379672527313e-02
-1.888884417712688446e-02
-3.134173527359962463e-02
-4.210953414440155029e-02
-4.728386923670768738e-02
-1.867272891104221344e-02
-3.471713140606880188e-02
-2.042461931705474854e-02
-2.564706280827522278e-02
-3.453280776739120483e-02
1.367835234850645065e-02
7.399264257401227951e-03
1.851203851401805878e-02
4.363589733839035034e-02
-5.122042726725339890e-03
-1.823602244257926941e-03
1.005134452134370804e-02
1.180914603173732758e-02
1.001771725714206696e-02
3.558230400085449219e-02
1.216612290591001511e-02
3.108827583491802216e-02
2.069274522364139557e-02
-4.736727103590965271e-02
-2.966491878032684326e-02
4.633775388356298208e-04
-2.836493588984012604e-02
-2.211336418986320496e-02
1.284938398748636246e-02
-6.632074713706970215e-02
-7.482665032148361206e-02
-8.689997345209121704e-02
1.776492781937122345e-02
1.698799431324005127e-02
-7.780562154948711395e-04
4.247049987316131592e-02
7.442887127399444580e-02
7.497076690196990967e-02
3.414516896009445190e-02
-1.049698679707944393e-03
-2.391443215310573578e-02
3.789644315838813782e-02
1.301822997629642487e-02
-5.445160903036594391e-03
-1.331654563546180725e-02
1.871647313237190247e-02
-6.882449612021446228e-03
-1.360169990221038461e-04
-5.901432130485773087e-03
1.515171304345130920e-02
-1.445560902357101440e-02
-1.004964672029018402e-02
-9.970694081857800484e-04
-8.760808035731315613e-03
-2.055909298360347748e-02
-2.560830302536487579e-02
-2.322796499356627464e-03
2.902037464082241058e-02
-7.478811312466859818e-03
-3.696667263284325600e-03
1.189809385687112808e-02
-2.022841945290565491e-02
1.835328154265880585e-02
2.236028946936130524e-02
-2.195948176085948944e-02
1.009547710418701172e-02
-1.272868178784847260e-02
1.098012924194335938e-02
3.094211034476757050e-02
5.334661900997161865e-02
6.101329997181892395e-02
-5.942591466009616852e-03
5.585333704948425293e-02
2.402616292238235474e-02
-1.812210120260715485e-02
-2.201683633029460907e-02
-7.060171104967594147e-03
-7.139749359339475632e-03
-1.180641725659370422e-02
-5.446719471365213394e-03
-2.736382000148296356e-02
-8.777672424912452698e-03
-9.327102452516555786e-03
-1.795068942010402679e-02
1.214997656643390656e-02
1.758479699492454529e-02
5.985620431602001190e-03
3.785372478887438774e-03
2.193926088511943817e-02
8.741584606468677521e-03
-1.120818406343460083e-02
3.358317539095878601e-02
4.522294923663139343e-02
3.678082302212715149e-02
-3.475273493677377701e-03
4.040779173374176025e-02
1.357879582792520523e-02
-2.563225850462913513e-02
1.032398082315921783e-02
-4.337128251791000366e-03
-1.874355657491832972e-04
-2.648636698722839355e-03
-2.630401030182838440e-02
7.613033521920442581e-03
-2.598403580486774445e-02
-2.884425781667232513e-02
-2.955802949145436287e-03
-1.121613197028636932e-02
1.446414925158023834e-02
2.354354131966829300e-03
3.143988922238349915e-02
-8.967213332653045654e-03
-1.267092581838369370e-02
1.251504290848970413e-02
3.918170463293790817e-03
1.175133232027292252e-02
-2.099076472222805023e-02
-3.465307131409645081e-02
-5.415526684373617172e-03
2.741050720214843750e-02
2.805346436798572540e-02
2.051237598061561584e-02
4.850357398390769958e-02
2.411877177655696869e-02
2.141506411135196686e-02
6.743428856134414673e-02
2.276440151035785675e-02
5.827547237277030945e-02
1.241242513060569763e-02
-5.873741582036018372e-03
-4.900806583464145660e-03
-2.408404834568500519e-03
-2.088027447462081909e-02
-7.831010967493057251e-03
-2.654990367591381073e-02
-2.225386165082454681e-02
-2.269706875085830688e-02
8.891876786947250366e-03
-1.191791496239602566e-03
-2.150871418416500092e-02
-2.343684248626232147e-02
-1.839989982545375824e-02
-3.066900745034217834e-02
-1.469954475760459900e-02
-1.095240935683250427e-02
-2.902952581644058228e-02
1.007457729429006577e-02
-2.477421797811985016e-02
-3.281446546316146851e-02
2.127238083630800247e-03
-4.096571647096425295e-04
1.452035363763570786e-02
-2.318556793034076691e-02
2.303777635097503662e-02
4.489585384726524353e-02
-4.613007232546806335e-02
-1.092617679387331009e-02
-1.437865570187568665e-02
-1.998903043568134308e-02
9.576315060257911682e-03
-9.995665401220321655e-03
4.529283905867487192e-04
-2.622799249365925789e-03
-4.095358774065971375e-02
1.078743115067481995e-02
-2.243795618414878845e-02
-3.345328569412231445e-02
-2.769949845969676971e-03
-1.723533379845321178e-03
-3.956165164709091187e-02
-2.139283902943134308e-02
-5.390821490436792374e-03
5.201687570661306381e-03
-2.497807703912258148e-02
-1.776457205414772034e-02
-3.910436108708381653e-02
-6.823299918323755264e-03
-4.725969396531581879e-03
-3.666335344314575195e-02
-4.067998379468917847e-02
-2.276437543332576752e-02
-1.758063770830631256e-02
9.445257484912872314e-03
3.138645365834236145e-02
-1.546594081446528435e-03
5.480762571096420288e-03
-3.421093896031379700e-02
-4.468525573611259460e-02
8.472337387502193451e-03
4.841190762817859650e-03
-9.011775255203247070e-03
-1.320529263466596603e-02
-7.257404737174510956e-03
1.447562221437692642e-02
2.258728258311748505e-02
3.799826139584183693e-03
-4.093162249773740768e-03
3.962119296193122864e-02
7.959173992276191711e-03
-1.850097626447677612e-02
1.460889261215925217e-02
-1.855655759572982788e-02
2.352478913962841034e-02
-1.081320270895957947e-02
-5.549924448132514954e-03
2.962263673543930054e-02
-8.846953511238098145e-03
3.543551638722419739e-02
6.637588888406753540e-02
-8.716343902051448822e-03
-2.855036780238151550e-02
-1.255400385707616806e-02
1.188467795145697892e-04
-2.782113291323184967e-02
-2.016552537679672241e-02
2.048733457922935486e-02
-2.561719855293631554e-03
-2.198513410985469818e-02
-1.672365330159664154e-02
-3.715982288122177124e-02
-2.478577941656112671e-02
-3.925869613885879517e-02
-4.378114268183708191e-02
-1.398382987827062607e-02
-3.601765260100364685e-02
-5.102229490876197815e-02
-1.692880503833293915e-02
-6.663437001407146454e-03
-1.891570864245295525e-03
-2.392380312085151672e-02
-1.310039125382900238e-02
-2.201475575566291809e-02
-3.708492219448089600e-02
-1.754558295942842960e-03
1.311835646629333496e-02
-1.451648771762847900e-02
-5.040558055043220520e-02
-2.665656432509422302e-02
-1.396724139340221882e-03
1.197844464331865311e-02
2.406194573268294334e-03
1.300117187201976776e-02
2.545228227972984314e-02
-5.017113871872425079e-03
2.745687402784824371e-02
1.585385203361511230e-02
1.476109842769801617e-03
2.413826994597911835e-02
-2.232214622199535370e-02
-3.753207251429557800e-02
-7.070748135447502136e-03
-2.559451945126056671e-02
-4.525188729166984558e-02
-1.148807257413864136e-02
-2.299700677394866943e-02
-5.307535454630851746e-02
-5.323822796344757080e-02
8.654026314616203308e-03
-1.502211298793554306e-02
-3.581454604864120483e-02
5.066079087555408478e-03
-1.079455832950770855e-03
-2.832081168889999390e-03
-2.767463959753513336e-02
-4.431244358420372009e-02
-1.805528812110424042e-02
-3.106471383944153786e-03
-2.096929959952831268e-02
-1.945997774600982666e-02
5.098918452858924866e-02
1.733897067606449127e-02
-1.917594298720359802e-02
3.197130933403968811e-02
2.555114030838012695e-02
-8.511104620993137360e-03
-2.164963260293006897e-02
-8.846350945532321930e-03
7.985709235072135925e-03
-3.854523599147796631e-02
-2.432282082736492157e-02
-1.868647523224353790e-02
1.853978075087070465e-02
-2.277235471410676837e-04
2.114206925034523010e-02
-5.515973898582160473e-04
-1.386123988777399063e-02
1.577889919281005859e-02
1.897218450903892517e-02
-6.007622461766004562e-03
-1.571930944919586182e-02
-2.533619292080402374e-02
-2.527735009789466858e-02
-4.734616726636886597e-03
-7.010385394096374512e-02
-1.491457689553499222e-02
2.774654701352119446e-02
-6.399829685688018799e-02
1.123441383242607117e-02
5.967298522591590881e-02
5.650135129690170288e-02
5.383246019482612610e-02
-1.108138170093297958e-02
1.852736435830593109e-02
1.227315608412027359e-02
6.648546084761619568e-03
9.473448735661804676e-04
-3.473538532853126526e-02
-2.012751623988151550e-02
6.517865508794784546e-02
1.883094757795333862e-02
2.404609695076942444e-02
-3.534125164151191711e-02
-3.593787550926208496e-02
-1.448854152113199234e-02
-6.076679378747940063e-02
-5.871877074241638184e-02
-7.039622962474822998e-02
-4.133157059550285339e-02
-4.543536901473999023e-02
-3.249193355441093445e-02
1.440966036170721054e-03
-2.960633486509323120e-02
-3.387359529733657837e-02
9.168222546577453613e-03
-1.482679788023233414e-02
-4.765439033508300781e-02
3.231545165181159973e-02
4.312892630696296692e-02
2.044568955898284912e-02
3.240017592906951904e-02
4.330955073237419128e-02
2.171386033296585083e-02
-1.978956907987594604e-02
-1.959389448165893555e-02
1.587991369888186455e-03
-3.781197359785437584e-03
-3.581083193421363831e-02
-3.371043875813484192e-02
1.182999648153781891e-02
-2.977129630744457245e-02
-3.683831170201301575e-02
4.087724257260560989e-03
-4.280640184879302979e-02
-2.928225137293338776e-02
-3.438022918999195099e-03
-8.100275881588459015e-03
1.218299847096204758e-03
4.810376092791557312e-03
-9.149562567472457886e-03
1.834586262702941895e-02
-2.457558736205101013e-02
-3.644900396466255188e-02
-3.528749570250511169e-03
2.326055988669395447e-02
3.407312929630279541e-02
1.683288812637329102e-02
1.877512037754058838e-02
-3.406911855563521385e-04
-2.209240337833762169e-03
1.978942891582846642e-04
-3.840675204992294312e-02
2.114030718803405762e-02
-1.169083826243877411e-02
-7.966194243635982275e-05
8.716343902051448822e-03
-4.322948679327964783e-02
-2.354239486157894135e-02
6.548490375280380249e-03
1.020804978907108307e-02
3.023273311555385590e-03
2.928379550576210022e-02
2.888115681707859039e-02
6.822078488767147064e-03
-6.092857103794813156e-03
7.052793353796005249e-02
2.775027602910995483e-02
-3.152441978454589844e-02
5.922782048583030701e-02
8.775888010859489441e-03
1.190742768812924623e-04
4.486401303438469768e-05
4.298987332731485367e-03
-1.820072717964649200e-02
4.952861741185188293e-02
5.355272069573402405e-02
-5.041502788662910461e-02
3.260814771056175232e-02
2.105571143329143524e-02
-1.740470528602600098e-02
3.113433718681335449e-02
-2.889022231101989746e-02
1.852480508387088776e-02
-4.176459088921546936e-02
-2.278474904596805573e-02
3.509920090436935425e-02
-5.471661314368247986e-02
-3.116343542933464050e-02
1.341943163424730301e-02
1.531671825796365738e-02
1.658564992249011993e-02
1.152593456208705902e-02
2.292819879949092865e-02
3.044076077640056610e-02
4.278896749019622803e-02
-7.318396121263504028e-03
-1.441155094653367996e-02
3.580448450520634651e-03
1.460794731974601746e-02
1.002457272261381149e-02
-4.018065985292196274e-03
2.111189439892768860e-02
2.128162048757076263e-02
2.009230200201272964e-03
-5.783740431070327759e-03
-1.314134988933801651e-02
-3.248647600412368774e-02
-2.291752956807613373e-03
1.800013333559036255e-02
4.529456049203872681e-02
3.058016765862703323e-03
-6.200939416885375977e-03
9.875024668872356415e-03
-4.874966572970151901e-03
1.081438385881483555e-03
1.420041453093290329e-02
-1.593274250626564026e-02
2.621952444314956665e-05
-2.365384995937347412e-02
-4.516212269663810730e-02
-2.016686834394931793e-02
-6.075359880924224854e-03
-5.651415139436721802e-02
-6.336375325918197632e-02
-2.320915646851062775e-02
-5.839172378182411194e-02
-3.868474438786506653e-02
4.591354168951511383e-03
1.232167240232229233e-02
-1.343243010342121124e-02
-1.262841094285249710e-02
4.235723987221717834e-02
5.439709406346082687e-03
-7.171995472162961960e-03
-1.582002080976963043e-02
-6.023080786690115929e-04
4.818559158593416214e-03
-3.539706394076347351e-02
-1.819203421473503113e-02
-3.275243565440177917e-02
-2.137365937232971191e-02
-2.665203809738159180e-02
-4.014044627547264099e-02
-2.721272781491279602e-02
-1.550417114049196243e-02
-4.263418260961771011e-03
3.169780969619750977e-02
3.715030103921890259e-02
6.824714690446853638e-02
1.075553242117166519e-03
-7.716065738350152969e-04
8.893924206495285034e-02
-1.103218528442084789e-03
-9.886697866022586823e-03
2.529743500053882599e-02
-1.233641058206558228e-02
3.378346154931932688e-04
3.426798619329929352e-03
-1.968513987958431244e-02
-1.264633517712354660e-02
-3.078100271522998810e-02
9.440802969038486481e-03
2.294536493718624115e-02
2.069931104779243469e-02
4.923257045447826385e-03
3.334428369998931885e-02
2.076394157484173775e-03
-3.958894405514001846e-03
3.836436197161674500e-03
1.674565859138965607e-02
8.690224029123783112e-03
-3.459499916061758995e-03
-2.296049892902374268e-02
-1.992163062095642090e-02
-4.195165261626243591e-02
-6.940367817878723145e-02
-9.758879430592060089e-03
-3.421434387564659119e-02
-5.631800368428230286e-02
-2.337219007313251495e-02
-2.687532082200050354e-02
-3.171632811427116394e-02
1.388186588883399963e-03
-1.874687150120735168e-02
-5.195878818631172180e-02
1.348987314850091934e-02
1.152279507368803024e-02
-1.761486567556858063e-02
-3.614953905344009399e-02
-2.710230462253093719e-02
-2.145630307495594025e-02
-2.697500772774219513e-02
-3.989767748862504959e-03
-2.119573764503002167e-02
-4.444514214992523193e-02
-1.706350408494472504e-02
-1.251702662557363510e-02
-3.570960834622383118e-04
-2.990244887769222260e-02
-4.770971089601516724e-02
1.832038722932338715e-02
-5.452508572489023209e-03
-4.639002680778503418e-02
2.446475066244602203e-02
2.473811618983745575e-03
-2.957931905984878540e-02
-4.008020088076591492e-02
-2.839258685708045959e-02
-1.993956416845321655e-02
-1.196100283414125443e-02
2.065943786874413490e-03
-1.433130074292421341e-02
6.087863352149724960e-03
1.428275281796231866e-04
2.501338953152298927e-03
-1.679694466292858124e-02
1.483980659395456314e-02
7.138058077543973923e-03
9.623176418244838715e-03
2.035907097160816193e-02
1.201271824538707733e-02
-1.433090213686227798e-02
3.951743990182876587e-02
3.687728568911552429e-02
6.037035211920738220e-02
1.261429488658905029e-02
1.718651130795478821e-02
1.345343887805938721e-02
-2.050666138529777527e-02
-2.543797157704830170e-02
5.984633229672908783e-03
-1.184742432087659836e-02
-2.709034271538257599e-02
-6.947324611246585846e-03
-4.090042412281036377e-02
-6.001306697726249695e-02
-2.524092420935630798e-02
-5.083359032869338989e-02
-8.959598839282989502e-02
-3.925840929150581360e-02
3.824013983830809593e-03
-2.130420319736003876e-02
-3.503586724400520325e-02
1.099611259996891022e-02
4.477838426828384399e-02
-3.209231793880462646e-02
-1.975682971533387899e-05
2.419553324580192566e-02
1.018942520022392273e-02
1.116840727627277374e-02
-2.040958218276500702e-02
8.318229764699935913e-02
4.013354331254959106e-02
-9.923344478011131287e-03
5.960549786686897278e-02
1.232774835079908371e-02
-3.325146436691284180e-02
5.169308278709650040e-03
-5.839628633111715317e-03
-9.393034502863883972e-03
7.503169588744640350e-03
6.267745513468980789e-03
-3.406791714951395988e-03
1.246063131839036942e-02
3.690420463681221008e-02
3.005342371761798859e-02
-1.373549457639455795e-03
-4.610653966665267944e-03
-7.316269911825656891e-03
-6.916241720318794250e-03
-1.048881001770496368e-02
-3.843976929783821106e-02
1.010037027299404144e-02
-5.819881334900856018e-04
-3.459525480866432190e-02
-1.768588647246360779e-02
-4.285129532217979431e-02
-3.552255779504776001e-02
6.455686409026384354e-03
-1.460080221295356750e-02
-4.743003752082586288e-03
1.278070616535842419e-03
-2.422694861888885498e-02
-2.948342263698577881e-02
4.748667590320110321e-03
-5.278394743800163269e-02
-3.191472962498664856e-02
-1.559942029416561127e-02
-1.908562518656253815e-02
-1.223928574472665787e-02
-1.224769745022058487e-02
-8.079405874013900757e-03
-8.097866084426641464e-04
-8.375720120966434479e-03
-2.346406877040863037e-02
4.705349914729595184e-03
-3.539954125881195068e-02
-6.439966708421707153e-02
1.181147526949644089e-02
-5.253020208328962326e-03
-8.434717543423175812e-03
2.441832050681114197e-02
6.125690042972564697e-02
2.554039098322391510e-02
7.874373346567153931e-03
4.579640552401542664e-02
5.331276357173919678e-02
2.757198177278041840e-02
3.443515673279762268e-02
2.212864719331264496e-02
1.276168506592512131e-02
3.900053852703422308e-04
-3.094239532947540283e-02
-4.170209914445877075e-02
-3.461380302906036377e-02
-2.513412013649940491e-02
-4.619606584310531616e-02
-2.163966931402683258e-02
4.602653440088033676e-03
-5.711325909942388535e-03
-2.754320949316024780e-02
9.191401302814483643e-03
3.985656425356864929e-02
-3.346011042594909668e-02
-2.091250382363796234e-02
-2.500176988542079926e-02
-1.622347906231880188e-02
-1.160645671188831329e-02
-5.714178085327148438e-03
3.150573233142495155e-03
-3.471710905432701111e-02
-4.298703372478485107e-02
2.695069834589958191e-02
-4.051633924245834351e-02
-5.229484755545854568e-03
-1.274193637073040009e-02
-6.978437770158052444e-03
1.459399145096540451e-02
-3.938240557909011841e-02
4.061914980411529541e-02
3.241133689880371094e-02
4.943467304110527039e-02
2.830724231898784637e-02
-9.588901884853839874e-03
1.491539832204580307e-02
-1.839004573412239552e-03
1.548062358051538467e-02
5.035360227338969707e-04
1.869560964405536652e-02
1.803963817656040192e-02
1.570363529026508331e-02
4.376684129238128662e-02
5.854715034365653992e-02
3.795959055423736572e-03
4.152914881706237793e-02
5.258908495306968689e-02
-1.366897299885749817e-02
3.486282005906105042e-02
4.151497036218643188e-02
-3.976799920201301575e-02
-4.328720644116401672e-02
-3.504361212253570557e-02
-9.438888169825077057e-03
6.748326122760772705e-03
-1.566921127960085869e-03
-1.949980854988098145e-02
1.453141029924154282e-02
1.438313629478216171e-02
6.330494582653045654e-02
5.853705108165740967e-02
-5.463058594614267349e-03
-1.144073717296123505e-02
-5.731477960944175720e-02
-8.509218692779541016e-02
-1.859632879495620728e-02
-3.450014442205429077e-02
-5.342427641153335571e-02
5.873961001634597778e-02
5.085205659270286560e-02
-1.494816876947879791e-02
-2.738085947930812836e-02
-8.718325756490230560e-03
3.348549827933311462e-02
-1.573229022324085236e-02
-3.694023238494992256e-03
-8.716299198567867279e-03
1.629941537976264954e-02
-1.317043695598840714e-02
-1.469360757619142532e-02
4.770783334970474243e-02
3.503926843404769897e-02
1.351799443364143372e-02
3.403408452868461609e-02
2.598586864769458771e-02
3.486670553684234619e-02
1.162649784237146378e-02
2.528436249122023582e-03
-3.061056509613990784e-02
-1.399033050984144211e-02
-1.875802874565124512e-02
-1.702294126152992249e-02
-5.980310589075088501e-02
-6.745650619268417358e-02
-3.836901113390922546e-02
-2.554427832365036011e-02
-7.665767800062894821e-03
-4.377625416964292526e-03
1.226644776761531830e-02
-3.268442815169692039e-03
-1.633526943624019623e-02
1.153621729463338852e-02
-2.597286552190780640e-02
-5.014366935938596725e-03
-3.909244388341903687e-02
-2.797741442918777466e-02
-5.501342937350273132e-02
-2.044504741206765175e-03
-1.062587462365627289e-02
-5.652217939496040344e-02
-1.107728481292724609e-02
-2.548502013087272644e-02
-5.229703709483146667e-02
-1.147006358951330185e-02
1.410921011120080948e-02
2.393482998013496399e-02
4.054873436689376831e-02
1.632029376924037933e-02
2.206144621595740318e-03
3.484632074832916260e-02
-2.485306933522224426e-02
-4.992431774735450745e-02
-2.405115216970443726e-02
-3.946851566433906555e-02
-4.086260870099067688e-02
-4.382354393601417542e-02
-4.680073633790016174e-02
-6.803380791097879410e-03
9.526187554001808167e-03
3.299532225355505943e-03
1.401764620095491409e-02
-7.573956158012151718e-03
2.195476926863193512e-02
1.051050890237092972e-02
-4.993962123990058899e-02
3.644491080194711685e-03
5.909970030188560486e-03
-6.370344758033752441e-02
-4.055959358811378479e-02
-3.382973372936248779e-02
-1.563665084540843964e-02
-1.641402207314968109e-02
-1.048834901303052902e-02
2.626360766589641571e-02
-2.069966495037078857e-02
-2.377341315150260925e-02
2.163160033524036407e-02
5.013023968786001205e-03
-2.518313750624656677e-02
-4.049769788980484009e-02
-4.806733503937721252e-02
-1.457379385828971863e-02
-3.992263227701187134e-03
7.100695278495550156e-03
8.151590824127197266e-03
-4.437821451574563980e-03
1.914242655038833618e-02
4.109719023108482361e-02
1.384764816612005234e-02
-1.409339811652898788e-02
2.616165205836296082e-02
2.543806284666061401e-02
-4.408814944326877594e-03
2.464273571968078613e-02
3.417095541954040527e-02
2.638145815581083298e-03
2.674923650920391083e-02
-6.216349452733993530e-02
-6.011286750435829163e-02
-6.399812549352645874e-02
-3.841335326433181763e-02
-2.354935184121131897e-02
-3.547120839357376099e-02
-4.105655848979949951e-02
-1.840243861079216003e-02
-6.037567276507616043e-03
4.954661708325147629e-03
-1.142603694461286068e-03
-2.159255184233188629e-02
-2.573055773973464966e-02
-5.964934825897216797e-03
-2.024159207940101624e-02
-1.242896309122443199e-03
-2.783733420073986053e-02
-7.379012648016214371e-03
-3.610723465681076050e-02
-3.200153261423110962e-02
-3.256473690271377563e-02
3.480593906715512276e-03
3.133181855082511902e-02
3.719643130898475647e-02
-1.054243743419647217e-02
-1.017968403175473213e-03
-1.565622165799140930e-02
-5.546063184738159180e-02
-7.110716402530670166e-02
-3.872339800000190735e-02
-1.395151764154434204e-02
-2.109164185822010040e-02
-1.377634704113006592e-02
5.833935458213090897e-03
1.538150198757648468e-02
-9.887501364573836327e-04
-7.074641995131969452e-03
-5.376796796917915344e-02
-2.201674133539199829e-02
-2.487574145197868347e-02
-2.118496410548686981e-02
1.282950676977634430e-02
9.595852345228195190e-03
-4.935127217322587967e-03
-4.000895190984010696e-03
-1.990587450563907623e-02
-1.557382405735552311e-03
2.790681272745132446e-02
-4.617061465978622437e-02
-4.450780153274536133e-02
1.265400275588035583e-02
1.579204690642654896e-03
1.002128142863512039e-02
1.290240697562694550e-02
3.234056010842323303e-02
1.189948711544275284e-02
2.075642161071300507e-02
3.066236898303031921e-02
7.660628110170364380e-02
6.686390936374664307e-02
2.529179677367210388e-02
4.011138901114463806e-02
4.944235086441040039e-02
1.099214889109134674e-02
4.427652806043624878e-03
-2.164187282323837280e-02
-7.623324636369943619e-03
-2.113007940351963043e-02
-3.789764270186424255e-02
3.383720992133021355e-03
1.455397531390190125e-02
3.306503221392631531e-02
1.158166863024234772e-02
-9.310724213719367981e-03
-5.297300219535827637e-02
-4.751321393996477127e-03
-1.020624395459890366e-02
-4.643951356410980225e-02
-2.109251357614994049e-02
1.891688629984855652e-02
-3.675395622849464417e-03
-2.991728484630584717e-02
-3.214516118168830872e-02
1.912204734981060028e-02
-4.157061874866485596e-02
-2.007827349007129669e-02
2.628780156373977661e-02
-1.081607304513454437e-02
-4.611269105225801468e-03
2.003114297986030579e-02
-5.122121796011924744e-02
-2.439245395362377167e-02
8.179594762623310089e-03
-3.987816721200942993e-02
-2.326967753469944000e-02
-9.594928473234176636e-03
-4.400200024247169495e-02
-3.279201686382293701e-02
-2.782422676682472229e-02
2.987004071474075317e-02
2.142266184091567993e-02
-3.350711194798350334e-03
-1.078087091445922852e-02
5.467291921377182007e-03
-1.567174494266510010e-02
-1.861547678709030151e-02
2.414449863135814667e-02
2.159971743822097778e-02
-3.405760973691940308e-02
-5.661371722817420959e-02
-1.137916464358568192e-02
-8.731071837246417999e-03
-1.763523928821086884e-02
3.069735830649733543e-04
-2.626865357160568237e-02
2.608970971778035164e-03
3.404697775840759277e-02
-2.053942903876304626e-02
-2.300939708948135376e-02
1.591666974127292633e-02
3.252304450143128633e-04
1.478439010679721832e-02
5.283603444695472717e-02
1.654439046978950500e-02
1.195494551211595535e-02
3.739488124847412109e-02
-2.409175224602222443e-02
-2.611704356968402863e-02
-2.823711372911930084e-02
-2.025089785456657410e-02
-4.142283287364989519e-04
-3.661029739305377007e-03
2.938599791377782822e-03
4.178744275122880936e-03
1.129512675106525421e-02
-1.021126518025994301e-03
-1.754203997552394867e-02
-1.467635855078697205e-02
-5.016024224460124969e-03
-2.049076929688453674e-02
-2.133704908192157745e-02
-2.489265287294983864e-03
3.485165536403656006e-03
1.293585915118455887e-02
5.837851762771606445e-02
2.173087187111377716e-02
-3.142625838518142700e-02
6.290037930011749268e-02
6.062434986233711243e-02
7.163255941122770309e-03
3.808055073022842407e-02
5.463316291570663452e-02
2.901683561503887177e-02
1.194052281789481640e-03
-3.365098685026168823e-02
-2.251500822603702545e-02
1.097913458943367004e-02
2.314889244735240936e-02
-7.150438614189624786e-03
-3.023826889693737030e-02
-3.420609980821609497e-02
5.002230755053460598e-04
1.347862556576728821e-02
5.486467480659484863e-02
2.309075184166431427e-02
-1.236146315932273865e-02
2.051690034568309784e-02
2.559075690805912018e-02
-2.834525890648365021e-02
-2.527806442230939865e-03
1.283988822251558304e-02
-4.349480941891670227e-02
-9.703685343265533447e-02
-9.518893063068389893e-02
-1.121811103075742722e-02
-4.138083662837743759e-03
-1.610150001943111420e-02
2.672118134796619415e-03
9.899578988552093506e-03
-1.178415212780237198e-02
6.263987720012664795e-02
4.493177309632301331e-02
-6.098884623497724533e-03
3.258427232503890991e-02
6.128826644271612167e-03
-5.054920911788940430e-02
-2.058388106524944305e-02
-1.298987306654453278e-02
-3.488683328032493591e-02
-3.504410153254866600e-03
-2.258029766380786896e-02
3.904435783624649048e-02
1.567799039185047150e-02
3.162617236375808716e-02
1.815993711352348328e-02
2.446547895669937134e-02
1.036089751869440079e-02
-9.201169013977050781e-03
6.220652163028717041e-02
6.771846860647201538e-02
1.418435713276267052e-03
1.558195427060127258e-02
1.206129044294357300e-02
-2.838747203350067139e-02
-2.061072550714015961e-02
-1.608740910887718201e-02
6.709166336804628372e-03
2.443589083850383759e-02
-1.230893377214670181e-02
2.242675051093101501e-02
-4.497254732996225357e-03
-2.825058437883853912e-02
-2.118513919413089752e-02
5.636781081557273865e-02
1.907569356262683868e-02
-8.228660561144351959e-03
-3.230903297662734985e-02
-5.172618851065635681e-02
-2.286372892558574677e-02
-2.666212432086467743e-02
-3.677188977599143982e-02
-4.755831882357597351e-02
-2.280626632273197174e-02
-3.719166293740272522e-02
-3.268779069185256958e-02
4.025939851999282837e-02
3.492940217256546021e-02
1.912680640816688538e-02
-2.366244979202747345e-02
-1.480685081332921982e-02
-1.829095371067523956e-02
-2.436014451086521149e-02
-4.102043807506561279e-02
-4.006883874535560608e-02
-3.613508865237236023e-02
-2.186540327966213226e-02
-2.071400731801986694e-02
9.365245699882507324e-03
2.049460262060165405e-02
-6.922589382156729698e-04
1.427922956645488739e-02
5.073311179876327515e-02
1.065802946686744690e-02
2.850951813161373138e-02
5.560402572154998779e-02
4.807168617844581604e-02
-6.315068155527114868e-02
-6.417905539274215698e-02
1.198982447385787964e-02
-5.162385106086730957e-02
-5.077913030982017517e-02
-3.141507878899574280e-02
2.766788192093372345e-02
5.955862347036600113e-03
-1.540860254317522049e-02
5.089295655488967896e-02
4.077774658799171448e-02
-1.950800791382789612e-02
7.464104332029819489e-03
1.465969439595937729e-02
-8.238703012466430664e-03
-1.796668022871017456e-02
-1.304014213383197784e-02
2.238781377673149109e-02
-1.163142267614603043e-02
-4.045305307954549789e-03
-3.369656577706336975e-02
-1.788773015141487122e-02
-1.839174702763557434e-02
-4.746710881590843201e-02
-2.615061029791831970e-02
1.642961800098419189e-02
3.396902605891227722e-02
-3.572734072804450989e-02
-1.719843782484531403e-02
6.552198436111211777e-03
-1.843530312180519104e-02
-2.858638204634189606e-02
-1.066921185702085495e-02
-4.576053004711866379e-03
-3.600736334919929504e-02
-3.238669410347938538e-02
-1.635679975152015686e-02
-4.470034688711166382e-02
-3.905219212174415588e-02
-1.959695247933268547e-03
-2.131544984877109528e-02
3.446529386565089226e-03
1.439781021326780319e-02
8.874000050127506256e-03
2.304277941584587097e-02
-2.772425860166549683e-02
-3.055655211210250854e-02
-2.074752375483512878e-02
-3.045938350260257721e-02
-5.180069804191589355e-02
-2.294790372252464294e-02
-3.041186183691024780e-02
-3.065430372953414917e-02
-1.281920541077852249e-02
6.743882596492767334e-02
9.522420354187488556e-03
-3.241175040602684021e-02
7.967610657215118408e-02
3.039256483316421509e-02
-1.272717583924531937e-02
-1.058546267449855804e-02
-1.423416100442409515e-02
2.737033925950527191e-02
-1.663667149841785431e-02
-9.461176581680774689e-03
4.077017307281494141e-02
-1.977809146046638489e-02
-2.658667787909507751e-02
3.126021241769194603e-03
1.881604269146919250e-02
5.099250376224517822e-02
4.449394717812538147e-02
-1.432572305202484131e-02
1.599350757896900177e-02
-1.706872694194316864e-02
-1.876614987850189209e-02
-1.144240517169237137e-02
-4.025725275278091431e-02
1.825749501585960388e-02
2.098513767123222351e-02
-8.361387997865676880e-03
6.751876790076494217e-03
2.150320261716842651e-02
-6.411942653357982635e-03
2.704722248017787933e-02
5.098531395196914673e-02
2.141117490828037262e-02
-4.857800528407096863e-02
-4.258011281490325928e-02
-2.635451778769493103e-02
-5.647515878081321716e-02
-4.698913171887397766e-02
-5.646948143839836121e-02
-7.041695062071084976e-03
7.127847522497177124e-03
-1.482364372350275517e-03
-8.021441288292407990e-03
3.147526085376739502e-02
5.935750529170036316e-02
-4.744006320834159851e-02
-1.756477914750576019e-02
3.177669271826744080e-02
1.300595887005329132e-02
2.114395238459110260e-02
2.506283484399318695e-02
-1.931180991232395172e-02
-3.324380517005920410e-02
-4.778963327407836914e-02
-1.745205139741301537e-03
-4.391173273324966431e-02
-2.550223097205162048e-02
1.588379382155835629e-03
-8.161440491676330566e-04
-2.284357091411948204e-03
-3.461464866995811462e-02
-2.669089660048484802e-02
-1.683475449681282043e-02
-4.856377374380826950e-03
2.145100943744182587e-02
1.473839953541755676e-02
1.411026250571012497e-02
-1.754088560119271278e-03
-5.072257015854120255e-03
-4.406258091330528259e-02
-3.091171011328697205e-02
-4.042622447013854980e-02
5.929843522608280182e-03
2.386074699461460114e-02
4.088661074638366699e-02
-2.601653523743152618e-02
3.749767784029245377e-03
8.624065667390823364e-03
-2.505880221724510193e-02
-1.379994023591279984e-02
-6.735159084200859070e-03
-3.790345042943954468e-02
-2.067941054701805115e-02
-9.677264839410781860e-03
-3.897983580827713013e-02
-2.186996676027774811e-02
-1.281619537621736526e-02
-2.602168917655944824e-02
-1.514603849500417709e-02
4.089608788490295410e-03
-4.306302219629287720e-02
-2.875256165862083435e-02
-1.070528849959373474e-02
9.127452038228511810e-03
-5.685265641659498215e-03
-1.095460075885057449e-02
2.876337803900241852e-02
1.906554959714412689e-02
-3.568355459719896317e-03
1.600943692028522491e-02
3.158641606569290161e-02
-4.997497424483299255e-03
-1.469749119132757187e-02
2.795697003602981567e-02
-1.989328861236572266e-02
-2.829865319654345512e-03
5.777401383966207504e-03
1.595351658761501312e-02
-7.669275626540184021e-03
8.410549722611904144e-03
-2.853013761341571808e-02
-7.793494150973856449e-04
1.051656156778335571e-02
-1.939104683697223663e-02
-3.576718736439943314e-03
1.403668615967035294e-02
-1.932920888066291809e-02
-3.945143520832061768e-02
-1.923088170588016510e-02
-3.844128549098968506e-02
-1.068721804767847061e-02
-3.011781489476561546e-03
5.485164001584053040e-03
8.156345225870609283e-03
-1.632514968514442444e-02
-3.220119327306747437e-02
4.887666180729866028e-02
4.550973325967788696e-02
4.243445396423339844e-02
3.973503410816192627e-02
1.732790842652320862e-02
1.398339401930570602e-02
-1.160559430718421936e-02
4.290358722209930420e-02
7.108471542596817017e-02
-2.576946280896663666e-02
-2.157058939337730408e-02
7.599417003802955151e-04
-1.941142044961452484e-02
1.723239012062549591e-02
-2.284585870802402496e-02
-6.108503788709640503e-03
-6.627341266721487045e-03
-3.367120772600173950e-02
-1.815146207809448242e-02
-5.656099412590265274e-03
-3.794813295826315880e-03
-3.487374051474034786e-04
7.076865993440151215e-03
6.208556238561868668e-03
-4.267007485032081604e-02
1.535861101001501083e-02
5.752420052886009216e-03
-1.003242656588554382e-02
-2.772635081782937050e-03
1.555771380662918091e-02
6.117977201938629150e-03
2.160968258976936340e-02
6.337797734886407852e-03
-3.951464593410491943e-02
2.771167317405343056e-03
-1.487439381889998913e-03
-1.132071483880281448e-02
-1.606575679033994675e-03
-7.844672538340091705e-03
-5.265385843813419342e-03
-2.455247007310390472e-02
-1.245516352355480194e-02
6.612744927406311035e-02
1.987095177173614502e-02
-3.462674841284751892e-02
1.407501846551895142e-02
-5.371461622416973114e-03
-4.916053637862205505e-02
-6.064016837626695633e-03
-1.751749077811837196e-03
-6.762226112186908722e-03
4.193054139614105225e-02
-7.869401015341281891e-03
-3.052951581776142120e-02
4.159047454595565796e-02
-1.594807952642440796e-02
-3.046214953064918518e-02
6.438644602894783020e-03
-9.427434764802455902e-03
-2.848814241588115692e-02
3.651629760861396790e-02
7.169044017791748047e-02
4.267922788858413696e-02
-2.851535938680171967e-02
-1.252146996557712555e-02
-1.426271256059408188e-02
-4.843352362513542175e-04
-6.918463390320539474e-03
-2.534364163875579834e-02
5.296105891466140747e-02
1.134957000613212585e-02
-1.849649474024772644e-02
-2.753939107060432434e-02
-3.638020530343055725e-02
-5.403436347842216492e-02
-1.615083403885364532e-02
-1.672702608630061150e-03
-2.886215969920158386e-02
-2.678258344531059265e-02
-1.348050963133573532e-02
-4.852871596813201904e-02
-6.102831289172172546e-02
-3.154292330145835876e-02
-5.505081266164779663e-02
-3.590282052755355835e-02
-6.534693762660026550e-03
-1.143894251435995102e-02
-7.273612427525222301e-04
3.088948875665664673e-02
6.597094237804412842e-03
7.009147666394710541e-03
1.150568760931491852e-02
-3.951340913772583008e-02
6.320629734545946121e-03
-1.969731040298938751e-02
-4.795636981725692749e-02
-1.294810324907302856e-02
-1.468462869524955750e-03
-5.642877076752483845e-04
-4.462606087327003479e-02
-1.357976533472537994e-02
-3.768989816308021545e-03
-1.230073347687721252e-02
-2.214053878560662270e-03
1.432256773114204407e-02
-3.491970524191856384e-02
2.439900301396846771e-02
-4.685146734118461609e-03
-3.624856844544410706e-02
-2.129783108830451965e-02
-2.330008707940578461e-02
-1.236016862094402313e-02
-1.991723664104938507e-02
3.517424687743186951e-03
-4.326590523123741150e-02
-2.889472059905529022e-02
-5.326855927705764771e-03
-2.034995704889297485e-02
-6.948882713913917542e-03
-9.410882368683815002e-03
-1.981064863502979279e-02
2.103862352669239044e-02
1.759614422917366028e-02
-3.980454802513122559e-02
-5.312620103359222412e-02
-3.832877054810523987e-02
1.985987462103366852e-02
5.339800845831632614e-04
-1.319436938501894474e-03
1.099664345383644104e-02
1.659956946969032288e-02
1.444609742611646652e-02
-4.635065793991088867e-02
-1.082333549857139587e-02
2.058801008388400078e-03
-2.583077875897288322e-03
1.375689171254634857e-02
6.716170348227024078e-03
1.949509605765342712e-02
2.800396643579006195e-02
-2.097693271934986115e-02
3.525264561176300049e-02
3.915702458471059799e-03
-6.303143687546253204e-03
2.299153059720993042e-02
3.433658555150032043e-02
5.176385119557380676e-02
3.531173244118690491e-02
5.397346988320350647e-02
2.676296606659889221e-02
-3.643047809600830078e-02
-1.998270861804485321e-02
-1.931662485003471375e-02
-7.914892397820949554e-03
1.502692513167858124e-02
1.759359292918816209e-04
9.511147625744342804e-03
4.749315604567527771e-02
4.041050747036933899e-02
-5.662524327635765076e-02
-1.571714878082275391e-02
-2.706182189285755157e-02
-2.646121196448802948e-02
-3.981995210051536560e-02
-4.298521205782890320e-02
-1.176267396658658981e-02
2.835766784846782684e-02
3.847976773977279663e-02
-1.285537611693143845e-02
-2.843680232763290405e-02
-4.523359611630439758e-02
2.083564177155494690e-02
1.577573455870151520e-02
4.511247854679822922e-03
-2.308007795363664627e-03
2.774525247514247894e-02
2.993353828787803650e-02
-2.909312956035137177e-02
4.155140835791826248e-03
-1.232086494565010071e-02
3.248797357082366943e-02
-1.534294895827770233e-02
-4.808010533452033997e-02
2.275967225432395935e-02
-3.487267717719078064e-02
-5.519023910164833069e-02
1.904858858324587345e-03
-8.864655159413814545e-03
-5.008415505290031433e-02
-6.944913766346871853e-04
-2.331273816525936127e-02
-3.902847319841384888e-02
1.655015163123607635e-02
-1.157279242761433125e-03
-9.847115725278854370e-03
-1.680292934179306030e-02
-9.604141116142272949e-03
-3.717361541930586100e-04
8.841031230986118317e-03
-1.955617591738700867e-02
-5.073693115264177322e-03
3.243530914187431335e-02
-8.540646173059940338e-03
-1.520172320306301117e-02
1.876355148851871490e-02
1.694471947848796844e-02
-3.183548524975776672e-02
6.838442385196685791e-02
2.150896191596984863e-02
-4.227709956467151642e-03
5.701486766338348389e-02
-2.077899128198623657e-02
-7.207018136978149414e-02
3.138973191380500793e-02
-3.736331826075911522e-03
-4.071134701371192932e-02
-2.451312728226184845e-03
-2.168660238385200500e-02
-3.588672727346420288e-02
-3.173096477985382080e-02
2.763479715213179588e-03
2.115866169333457947e-02
2.552547864615917206e-02
9.777132421731948853e-03
8.676219731569290161e-03
4.941216856241226196e-02
2.998920343816280365e-02
9.222940541803836823e-03
6.457053124904632568e-02
2.336612343788146973e-02
1.918008178472518921e-02
-3.069127537310123444e-02
1.257356628775596619e-02
4.429937154054641724e-02
-3.908664919435977936e-03
2.548374049365520477e-02
8.290373720228672028e-03
-6.513006053864955902e-03
-7.394852582365274429e-03
-1.482771150767803192e-02
5.732280388474464417e-02
4.281291365623474121e-02
4.225880280137062073e-02
-2.328167296946048737e-02
-1.936481520533561707e-02
-2.922893129289150238e-02
-1.233294699341058731e-02
1.122583821415901184e-02
-3.035741858184337616e-03
1.166334096342325211e-02
-2.889662235975265503e-02
-5.777421966195106506e-02
-1.108924485743045807e-02
-1.507960073649883270e-02
1.173851080238819122e-03
-7.132982369512319565e-03
-7.003194652497768402e-03
6.128953769803047180e-03
-4.755241423845291138e-02
-3.363539651036262512e-02
-2.272941917181015015e-02
-3.504135832190513611e-02
-2.590072527527809143e-02
-3.535780357196927071e-03
1.454806979745626450e-02
-1.429231557995080948e-02
2.379289269447326660e-02
5.635432898998260498e-02
8.514532446861267090e-02
4.552233964204788208e-02
2.265823073685169220e-02
3.519726544618606567e-02
4.989298433065414429e-02
-1.765643362887203693e-03
1.921198796480894089e-03
2.670633234083652496e-02
-5.530398339033126831e-02
-3.047982230782508850e-02
-1.540484931319952011e-02
-2.850540913641452789e-02
-1.018650270998477936e-02
2.086980268359184265e-03
1.970528997480869293e-02
2.944458276033401489e-02
-9.453060105443000793e-03
1.560671254992485046e-02
1.089912280440330505e-02
-4.164981469511985779e-02
-1.148823928087949753e-02
-3.673788532614707947e-02
-5.744503438472747803e-02
-3.834684938192367554e-02
-4.833813384175300598e-02
-5.202320963144302368e-02
7.465003430843353271e-02
8.893750607967376709e-02
9.380801767110824585e-02
5.422737449407577515e-02
9.275787509977817535e-03
1.949962315848097205e-04
-3.849494457244873047e-02
-4.690474271774291992e-02
-5.338271334767341614e-02
5.881032347679138184e-02
4.302237555384635925e-02
1.597489975392818451e-02
3.733321279287338257e-02
3.145458176732063293e-02
5.213094409555196762e-03
-2.017946355044841766e-02
-1.907946728169918060e-02
-2.164345420897006989e-02
9.677392989397048950e-02
2.705159224569797516e-02
-1.056240126490592957e-02
2.021336182951927185e-02
8.969978429377079010e-03
1.248693279922008514e-02
-3.694068640470504761e-02
-3.145838528871536255e-02
-3.841466829180717468e-02
-3.755635395646095276e-02
-5.718692205846309662e-03
2.514856401830911636e-03
-4.866361268796026707e-05
9.381009265780448914e-03
-2.138119377195835114e-02
2.943612076342105865e-02
5.131578538566827774e-03
-1.319030113518238068e-02
-7.158837281167507172e-03
2.521267626434564590e-03
-2.616792544722557068e-02
-2.483303472399711609e-02
-4.799475148320198059e-02
-6.751129869371652603e-03
-9.143247269093990326e-03
-1.208802592009305954e-02
4.654169827699661255e-02
3.172709420323371887e-02
2.170026302337646484e-02
-7.069878280162811279e-03
5.604849755764007568e-02
3.830640763044357300e-02
5.607584957033395767e-03
1.224159449338912964e-02
2.833764813840389252e-02
2.343822456896305084e-02
-8.691183291375637054e-03
-1.130904164165258408e-02
-4.243008419871330261e-02
1.203979714773595333e-03
-9.039509110152721405e-03
-2.495170012116432190e-02
3.432297147810459137e-03
-4.547984339296817780e-03
1.477330457419157028e-02
3.405265510082244873e-02
-7.047980034258216619e-05
2.772873453795909882e-02
-6.811846047639846802e-03
-1.934954337775707245e-02
-1.928786374628543854e-02
1.476297061890363693e-02
-7.350176572799682617e-03
2.866016235202550888e-03
-4.125216603279113770e-02
-4.996799677610397339e-02
-1.275405846536159515e-02
-4.080859571695327759e-02
-4.294083639979362488e-02
-4.451374337077140808e-02
-2.614786475896835327e-02
-1.761023513972759247e-02
-1.103413943201303482e-02
-4.127165302634239197e-03
2.934585511684417725e-02
4.255259782075881958e-02
-9.835606440901756287e-03
-2.023420529440045357e-03
1.891781762242317200e-02
3.006318584084510803e-02
6.958089303225278854e-03
2.646096749231219292e-03
-2.134872600436210632e-03
-2.412853576242923737e-02
-1.736827567219734192e-02
-1.671737246215343475e-02
-4.003237932920455933e-02
-1.954348199069499969e-02
-3.752021491527557373e-02
-2.815038152039051056e-02
-1.150457561016082764e-02
6.759902834892272949e-02
2.086050249636173248e-02
1.849550940096378326e-02
1.101855747401714325e-02
-2.242564689368009567e-03
-1.020378060638904572e-02
-4.779166355729103088e-02
-1.534119341522455215e-02
-3.738772496581077576e-02
5.395258776843547821e-03
1.252531912177801132e-02
-3.835744410753250122e-02
4.234013613313436508e-03
-8.043721318244934082e-03
-1.701560057699680328e-02
6.866945885121822357e-03
-7.608632440678775311e-04
3.473331779241561890e-02
-1.830409467220306396e-02
6.203410681337118149e-03
2.047690749168395996e-02
-1.417984161525964737e-02
-2.973632887005805969e-02
-2.249425649642944336e-02
-1.110098324716091156e-02
-3.097019717097282410e-02
-5.483669042587280273e-02
-1.562145072966814041e-02
3.404921386390924454e-03
1.214650087058544159e-02
-2.082868479192256927e-02
-4.814210347831249237e-03
1.164676900953054428e-02
-2.715132571756839752e-02
-8.813275024294853210e-03
1.072628656402230263e-03
-5.818095989525318146e-03
7.106311619281768799e-03
-1.477460190653800964e-02
1.847494021058082581e-02
2.714879810810089111e-02
-7.396383211016654968e-03
-1.612769626080989838e-02
3.421355783939361572e-02
2.163458988070487976e-02
-8.029380813241004944e-03
-1.634852588176727295e-02
-1.543710939586162567e-02
1.773127727210521698e-02
1.527011208236217499e-02
7.031166460365056992e-03
9.097424335777759552e-04
-2.344319969415664673e-02
-3.827893361449241638e-02
-1.879508234560489655e-02
-2.965749055147171021e-02
-1.392821781337261200e-02
2.289350703358650208e-02
3.627530112862586975e-02
-6.139623466879129410e-03
-6.254539638757705688e-02
-2.188886329531669617e-02
-2.478248812258243561e-02
4.522583633661270142e-02
2.744599431753158569e-02
-3.581833094358444214e-02
1.358161494135856628e-02
3.086752071976661682e-02
1.257770415395498276e-02
1.778057403862476349e-02
2.051537483930587769e-02
3.324073972180485725e-03
-1.785108633339405060e-02
-4.020989686250686646e-02
-6.877454370260238647e-02
-1.471277512609958649e-02
-3.760968148708343506e-02
-4.250226542353630066e-02
-5.309419706463813782e-02
-4.481465741991996765e-02
-2.957068197429180145e-02
-1.683067181147634983e-03
-2.558042109012603760e-02
-2.598169818520545959e-02
-1.285507716238498688e-02
5.353378597646951675e-03
-2.736582187935709953e-03
-3.432107344269752502e-02
-4.925232846289873123e-03
-5.136884748935699463e-03
1.258864719420671463e-02
3.555862605571746826e-02
2.654420770704746246e-02
-2.030892530456185341e-03
-3.433684832998551428e-05
-1.107789669185876846e-02
-4.775717481970787048e-02
-2.081144787371158600e-02
-5.550609901547431946e-02
7.932185195386409760e-03
2.042323723435401917e-02
-1.200836617499589920e-02
2.038385532796382904e-02
2.769048325717449188e-02
8.904860354959964752e-03
-3.471295535564422607e-02
-4.547848179936408997e-02
-2.785497903823852539e-02
2.124802954494953156e-02
2.479831129312515259e-02
3.072478249669075012e-02
5.489007756114006042e-02
1.135262567549943924e-02
2.557069435715675354e-02
4.431403800845146179e-02
3.314512223005294800e-02
4.296290501952171326e-02
-2.729183994233608246e-02
8.293972350656986237e-03
-5.148898926563560963e-04
-5.677076801657676697e-02
-3.137055411934852600e-02
-4.467676952481269836e-02
-3.710792586207389832e-02
-1.976959966123104095e-02
-4.456370323896408081e-02
-5.539595708250999451e-02
-3.431175276637077332e-02
-4.655924439430236816e-02
-2.701382711529731750e-02
-1.894245296716690063e-02
-4.066149145364761353e-02
1.911149360239505768e-02
1.632728613913059235e-02
7.915074937045574188e-03
-1.697747595608234406e-02
-2.095765620470046997e-02
-4.850816354155540466e-02
3.323098644614219666e-02
2.942498587071895599e-02
-1.837744750082492828e-02
6.617290526628494263e-02
4.494574666023254395e-02
2.749121561646461487e-02
6.582678761333227158e-04
-4.873181879520416260e-02
-7.173968851566314697e-02
4.805803298950195312e-03
-6.260338425636291504e-02
-1.052049547433853149e-01
-3.255119174718856812e-02
-5.472412705421447754e-02
-7.214834541082382202e-02
-6.812446285039186478e-03
-6.314149498939514160e-02
-1.028373558074235916e-02
-3.273411095142364502e-02
-5.427769944071769714e-02
1.512877643108367920e-02
-2.243479341268539429e-02
-3.898319602012634277e-02
3.567195683717727661e-02
6.428175419569015503e-02
5.116648972034454346e-02
3.271383792161941528e-02
4.015696793794631958e-02
-1.982173323631286621e-02
-2.912579290568828583e-02
5.055475048720836639e-03
-5.432377755641937256e-02
-5.040772259235382080e-02
-3.740065172314643860e-02
-3.225786611437797546e-02
-4.242042824625968933e-02
-4.098696634173393250e-02
-3.807533159852027893e-02
-3.919890522956848145e-02
-5.185025930404663086e-02
-5.400265380740165710e-02
-6.377317756414413452e-02
-3.642548993229866028e-02
-2.622672170400619507e-02
-3.585224598646163940e-02
-2.484608627855777740e-02
-2.983705326914787292e-02
-5.896082613617181778e-03
3.443445544689893723e-03
-3.497976809740066528e-03
7.395291235297918320e-03
1.492090895771980286e-02
8.637108840048313141e-03
2.510054595768451691e-02
9.602240286767482758e-03
-8.131867274641990662e-03
-5.856381729245185852e-03
1.936377212405204773e-02
-9.116292931139469147e-03
-3.164325281977653503e-02
-7.934623397886753082e-03
7.628018502146005630e-04
1.537672057747840881e-02
3.071325272321701050e-02
5.149212479591369629e-02
2.888949774205684662e-02
1.628253795206546783e-02
7.070043589919805527e-03
-3.274834901094436646e-02
-2.196057699620723724e-02
1.326475874520838261e-03
1.743700914084911346e-02
-5.678590014576911926e-02
-2.454944700002670288e-02
-3.804521262645721436e-02
-3.100458532571792603e-02
-1.448409818112850189e-02
-4.328742250800132751e-02
2.919526770710945129e-02
3.079803846776485443e-02
1.803112961351871490e-02
3.325549140572547913e-02
4.511139914393424988e-02
4.961615055799484253e-02
6.960594654083251953e-02
4.232463985681533813e-02
1.367443986237049103e-02
4.310039803385734558e-02
2.424900978803634644e-02
1.584484271006658673e-04
1.699411682784557343e-02
2.763998927548527718e-03
-2.507106773555278778e-02
-6.191284628584980965e-04
-2.469473052769899368e-03
-4.733319801744073629e-04
-2.880774065852165222e-02
8.606671355664730072e-03
5.652311258018016815e-03
-4.371852055191993713e-02
2.396779367700219154e-03
8.026641793549060822e-03
-6.305146962404251099e-02
-3.184712305665016174e-02
-1.969480514526367188e-02
4.634228348731994629e-02
1.197244320064783096e-02
-2.254207991063594818e-02
2.535484358668327332e-02
-3.604381531476974487e-02
-6.389153003692626953e-02
1.857176050543785095e-02
-4.686682671308517456e-02
-3.235303610563278198e-02
1.471849065274000168e-02
-4.184233769774436951e-02
-5.736851319670677185e-02
-4.617871716618537903e-02
-6.056326627731323242e-02
-6.742989271879196167e-02
-2.461777999997138977e-02
-1.606552512384951115e-03
-2.684291265904903412e-02
-1.919796876609325409e-02
-2.106706798076629639e-02
-4.038009420037269592e-02
-7.040967699140310287e-03
-2.910353057086467743e-02
-3.690464794635772705e-02
-2.852636389434337616e-03
6.397285964339971542e-03
-3.971107304096221924e-03
-1.105974987149238586e-02
-8.352773729711771011e-04
-2.067346684634685516e-02
-6.421585101634263992e-03
-2.197982184588909149e-02
-1.952199079096317291e-02
2.211715281009674072e-02
-1.640939712524414062e-02
-2.112803980708122253e-02
8.118934929370880127e-03
-9.413018822669982910e-03
-1.376917958259582520e-02
8.460820652544498444e-03
1.080635003745555878e-02
2.689418569207191467e-02
1.463449839502573013e-02
4.169636964797973633e-02
7.228209078311920166e-02
-5.933903530240058899e-02
-5.390286073088645935e-02
-6.091593950986862183e-02
2.026144787669181824e-02
-6.083945743739604950e-03
-6.618363782763481140e-03
1.611294224858283997e-02
2.581333508715033531e-03
-7.378463167697191238e-03
1.440813113003969193e-02
1.027449127286672592e-02
3.656545653939247131e-02
4.981478210538625717e-03
8.213271386921405792e-03
1.624215021729469299e-02
1.236659009009599686e-02
-1.657303050160408020e-02
2.912329975515604019e-03
-4.932193085551261902e-03
-2.724382467567920685e-02
5.229840055108070374e-03
7.549509173259139061e-04
-9.760223911143839359e-04
2.357399463653564453e-02
-2.398573793470859528e-02
-2.302648872137069702e-02
-1.308163627982139587e-02
8.737307041883468628e-03
5.472941556945443153e-04
-2.424211613833904266e-02
-2.487704902887344360e-02
-2.490289881825447083e-02
-3.364115953445434570e-02
-4.339503869414329529e-02
-4.719051346182823181e-02
-4.177999123930931091e-02
-9.953132830560207367e-04
-2.551459940150380135e-03
-1.847985386848449707e-02
-1.947542093694210052e-02
-4.147952422499656677e-02
-1.544489059597253799e-02
5.155708640813827515e-03
-3.814650699496269226e-05
2.316150069236755371e-02
-6.661285180598497391e-03
9.238351136445999146e-03
-3.419302636757493019e-03
1.294692512601613998e-02
1.823692768812179565e-02
-2.762574143707752228e-02
-2.873098291456699371e-02
-4.248154535889625549e-02
-7.866322994232177734e-02
-5.831651762127876282e-02
-4.408261552453041077e-02
-2.797048911452293396e-02
-2.050721831619739532e-02
-1.529084704816341400e-02
-2.515096031129360199e-02
9.150487370789051056e-03
1.723461784422397614e-02
1.414134260267019272e-02
-9.209789335727691650e-03
-9.083834476768970490e-03
-5.629088729619979858e-03
1.476385630667209625e-02
-1.233909558504819870e-02
7.548547815531492233e-03
-7.993971928954124451e-03
-4.958272725343704224e-02
-3.400910645723342896e-04
1.265154592692852020e-02
3.243535384535789490e-02
2.931845560669898987e-02
2.219631150364875793e-02
-7.017818279564380646e-03
-1.410153415054082870e-02
-1.974668353796005249e-02
-3.493191301822662354e-02
-1.232587639242410660e-02
-1.067866664379835129e-02
2.209984324872493744e-02
-7.570272777229547501e-03
1.159244030714035034e-02
1.979580707848072052e-02
-2.123097889125347137e-03
1.017795782536268234e-02
1.803617924451828003e-02
2.505225874483585358e-02
-6.200649216771125793e-02
-2.188598178327083588e-02
2.506854943931102753e-02
-2.286198362708091736e-02
1.551331114023923874e-02
3.475990518927574158e-02
3.753189370036125183e-02
4.332741349935531616e-02
7.534095644950866699e-02
-1.582069881260395050e-02
-6.278328597545623779e-02
-4.170928150415420532e-02
-2.166866511106491089e-02
-1.147210784256458282e-02
3.047237545251846313e-02
-8.297885768115520477e-03
2.505888417363166809e-02
4.029145836830139160e-02
-2.959012612700462341e-02
-4.735160619020462036e-02
-2.248201705515384674e-02
-4.120676591992378235e-02
-3.853478655219078064e-02
-1.681664027273654938e-02
3.125013783574104309e-02
3.423036634922027588e-02
1.103226095438003540e-03
-5.467057228088378906e-02
-2.267056331038475037e-02
1.938495784997940063e-02
-1.211589109152555466e-02
1.928004808723926544e-02
5.460293218493461609e-02
2.225141413509845734e-02
1.493531372398138046e-02
2.526137605309486389e-02
2.305864356458187103e-02
8.989351801574230194e-03
2.945526270195841789e-03
-1.334334490820765495e-03
2.765815006569027901e-03
-7.014779374003410339e-03
-1.809608004987239838e-02
8.790659485384821892e-04
2.092315582558512688e-03
3.304240992292761803e-03
-1.345910038799047470e-02
-2.672072499990463257e-02
2.334195375442504883e-02
1.314713060855865479e-02
2.041982719674706459e-03
1.303402427583932877e-02
1.404490228742361069e-02
9.778956882655620575e-03
8.082523941993713379e-02
5.641957372426986694e-02
5.696710944175720215e-02
3.645180026069283485e-03
2.039138786494731903e-02
2.472431957721710205e-02
1.462796796113252640e-02
3.372002765536308289e-02
-4.444367252290248871e-03
-5.834428593516349792e-02
-4.959467053413391113e-02
2.607502602040767670e-02
-4.288181662559509277e-02
2.336703054606914520e-02
4.791883379220962524e-02
1.178134884685277939e-02
2.806757949292659760e-02
7.483389694243669510e-03
1.909889979287981987e-03
2.231225185096263885e-02
5.198973044753074646e-02
1.467683166265487671e-02
2.019116282463073730e-02
4.549760371446609497e-02
-2.558952663093805313e-03
-8.201919496059417725e-03
1.599848642945289612e-02
4.765620082616806030e-02
4.438283666968345642e-02
3.586943075060844421e-02
6.256205029785633087e-03
6.176140159368515015e-03
-8.680296130478382111e-03
2.193423919379711151e-02
2.553412318229675293e-02
2.899732999503612518e-02
-1.375335175544023514e-02
-1.792683452367782593e-02
-1.975917071104049683e-02
-5.148030817508697510e-02
-4.345989599823951721e-02
-2.201390638947486877e-02
-8.628894574940204620e-03
7.372272200882434845e-03
3.683644533157348633e-02
2.115160413086414337e-02
2.342538908123970032e-02
2.169182710349559784e-02
2.836371585726737976e-02
-1.534252520650625229e-02
-1.347564253956079483e-02
4.557564109563827515e-02
6.961474660784006119e-03
-8.700424805283546448e-04
3.819749690592288971e-03
-3.977029025554656982e-02
-2.220561169087886810e-02
-3.491491079330444336e-02
-4.689886420965194702e-02
-2.133879810571670532e-02
-3.759177029132843018e-02
-3.810421004891395569e-02
-2.346479147672653198e-02
1.797366305254399776e-03
-1.051187980920076370e-02
-2.951532602310180664e-02
2.982471697032451630e-02
4.434322472661733627e-03
1.686989516019821167e-02
1.165269874036312103e-02
3.464049845933914185e-02
3.232686594128608704e-02
-6.452048197388648987e-03
-4.629638046026229858e-03
-2.663979679346084595e-02
-3.876973688602447510e-02
-1.180939190089702606e-02
-2.018145844340324402e-02
-2.591173909604549408e-02
-2.772406488656997681e-02
-4.384524002671241760e-02
4.329184070229530334e-03
2.795160561800003052e-02
5.395804345607757568e-02
2.269608899950981140e-03
4.314580559730529785e-02
4.066587239503860474e-02
-3.103944472968578339e-02
-2.546417340636253357e-02
-4.707484319806098938e-02
-6.659063976258039474e-03
-3.523433580994606018e-02
-2.532092668116092682e-02
4.942692612530663610e-05
-1.778799295425415039e-02
-4.190852120518684387e-02
4.730384051799774170e-02
1.297911722213029861e-02
9.228575974702835083e-03
-2.311935462057590485e-02
-6.689646840095520020e-02
-6.399736553430557251e-02
-3.237465862184762955e-03
-8.864493109285831451e-03
1.536144874989986420e-02
4.324212670326232910e-02
2.443724684417247772e-02
-1.038978528231382370e-02
-1.412848383188247681e-02
3.602496162056922913e-02
2.391488477587699890e-02
2.910043485462665558e-02
5.416728928685188293e-02
3.748290613293647766e-02
1.058362238109111786e-02
3.206319734454154968e-02
2.678776346147060394e-02
-6.164098531007766724e-02
-4.058760032057762146e-02
-1.641259901225566864e-02
-2.003903128206729889e-02
-4.153934493660926819e-02
-8.834321983158588409e-03
-2.167033962905406952e-03
-5.168642476201057434e-02
-3.261614590883255005e-02
2.964617684483528137e-02
2.860718406736850739e-02
3.630862012505531311e-02
1.940395310521125793e-02
-2.073110081255435944e-02
-4.394285753369331360e-02
1.273026783019304276e-02
-1.754547096788883209e-02
-1.715575344860553741e-02
3.122639469802379608e-02
4.048044979572296143e-02
2.644925378262996674e-02
2.440339885652065277e-03
2.892258018255233765e-02
1.597474329173564911e-02
1.341262925416231155e-02
2.910342812538146973e-02
8.197996765375137329e-03
8.222716860473155975e-03
4.634067416191101074e-03
1.223021186888217926e-02
-1.049609389156103134e-02
2.481827698647975922e-02
2.148282341659069061e-02
-7.033026963472366333e-02
-2.370407804846763611e-02
1.616805791854858398e-02
-1.137642539106309414e-03
-1.727545447647571564e-02
-1.515849586576223373e-02
-1.254305057227611542e-02
-3.900258988142013550e-02
-2.457198500633239746e-02
7.119022309780120850e-03
-4.298172891139984131e-02
-4.347247257828712463e-02
1.174308359622955322e-02
1.894238777458667755e-02
3.993065282702445984e-02
1.463907957077026367e-02
1.169161312282085419e-02
2.338923700153827667e-02
1.083636004477739334e-02
-9.291573427617549896e-03
-2.408351376652717590e-02
-2.470719814300537109e-02
-7.428433746099472046e-03
-1.496710907667875290e-02
-2.498975396156311035e-02
-2.135734446346759796e-02
-1.277933269739151001e-02
-1.231942046433687210e-02
1.584304962307214737e-03
1.844388805329799652e-02
4.871071130037307739e-02
3.332358598709106445e-02
3.500271588563919067e-02
1.883412897586822510e-02
-9.307674132287502289e-03
-6.104633212089538574e-03
1.285549253225326538e-02
-5.358130112290382385e-02
-6.163523718714714050e-02
2.909303875640034676e-03
2.884309738874435425e-02
4.655969142913818359e-02
-2.477636793628334999e-03
-5.101437680423259735e-03
2.863241173326969147e-02
-4.459274187684059143e-02
-6.333389878273010254e-02
-3.577119857072830200e-02
-6.150795961730182171e-04
-2.283845096826553345e-03
1.292907353490591049e-02
-3.138539940118789673e-02
3.363566705957055092e-03
5.246682558208703995e-03
1.435374561697244644e-02
5.020851735025644302e-03
-1.596635766327381134e-02
2.952412515878677368e-02
1.245508994907140732e-02
7.897188887000083923e-03
3.653583675622940063e-02
9.843053296208381653e-03
1.356679853051900864e-02
1.892436109483242035e-02
2.591212745755910873e-03
4.862192086875438690e-03
1.333321817219257355e-02
3.379182144999504089e-02
2.126306854188442230e-02
-2.028411999344825745e-02
-2.636749297380447388e-03
-1.443852391093969345e-02
8.151302114129066467e-03
4.290301818400621414e-03
-1.605447614565491676e-04
-3.785582259297370911e-03
8.532811189070343971e-04
-2.660830272361636162e-03
-6.285632116487249732e-05
-2.622462809085845947e-02
-8.535933680832386017e-03
1.963992416858673096e-02
5.118923145346343517e-04
2.069551683962345123e-02
-2.205018699169158936e-02
-9.211529977619647980e-03
-1.412279158830642700e-02
-3.329331800341606140e-02
-3.701243549585342407e-02
-2.951553836464881897e-02
-2.305831387639045715e-02
-2.577897161245346069e-02
-1.781426742672920227e-02
-2.892520464956760406e-02
-1.953958347439765930e-02
1.278928713873028755e-03
-2.868937328457832336e-02
-2.664972795173525810e-03
5.127229727804660797e-03
-6.438144482672214508e-03
-2.836715430021286011e-02
2.052732510492205620e-03
8.455991744995117188e-03
1.430796366184949875e-02
1.163802482187747955e-02
2.565037459135055542e-02
8.967543020844459534e-03
2.466216101311147213e-04
-1.053432468324899673e-02
-2.028485760092735291e-02
-4.908152390271425247e-03
-3.147635608911514282e-02
-1.160393003374338150e-02
-5.017125513404607773e-03
-3.598008304834365845e-02
-3.570244088768959045e-02
-1.734536141157150269e-02
-2.413434349000453949e-02
-1.782463304698467255e-02
-1.491700485348701477e-02
-2.678699791431427002e-02
-4.784893244504928589e-02
-2.967229858040809631e-02
-1.619420573115348816e-02
-6.265235133469104767e-03
-1.149916369467973709e-02
-3.361454233527183533e-02
-1.243948750197887421e-02
-2.649257890880107880e-02
4.299115762114524841e-02
2.577924169600009918e-02
2.555039152503013611e-02
-1.492203492671251297e-02
-2.984908223152160645e-02
-1.661066524684429169e-02
-6.501644104719161987e-02
-3.949094563722610474e-02
-4.872478079050779343e-03
-2.791754528880119324e-02
-2.900808304548263550e-02
-3.266866784542798996e-03
-3.129702806472778320e-02
-1.170677039772272110e-02
-7.916750386357307434e-03
-9.232447482645511627e-03
-2.444899454712867737e-02
1.144311856478452682e-02
1.329080108553171158e-02
5.632401444017887115e-03
2.324887784197926521e-03
3.974907100200653076e-02
-3.075070679187774658e-03
-6.180370692163705826e-03
1.681331358850002289e-02
1.526521053165197372e-02
-2.699681790545582771e-04
-2.701418660581111908e-02
-2.551911026239395142e-02
-2.947240322828292847e-02
-3.435967490077018738e-02
-1.454462762922048569e-02
1.901199854910373688e-02
-1.153390738181769848e-03
1.000521238893270493e-02
2.534177713096141815e-02
-5.784919857978820801e-02
-2.811325713992118835e-02
-3.271803259849548340e-02
-2.278641052544116974e-02
-3.548537194728851318e-02
-2.661091275513172150e-02
1.082304492592811584e-02
2.957131154835224152e-02
5.516463890671730042e-02
1.815783046185970306e-02
2.750358358025550842e-02
-1.411112677305936813e-02
3.161774016916751862e-03
-2.133129723370075226e-02
-4.220809042453765869e-02
-5.026754923164844513e-03
-3.802061453461647034e-02
-3.203409910202026367e-02
-1.599854789674282074e-02
-2.682856470346450806e-02
-4.032119363546371460e-02
-3.269303962588310242e-02
-3.009423613548278809e-02
-1.586536993272602558e-03
-2.001121640205383301e-02
-8.066275157034397125e-03
-2.254101634025573730e-02
4.873554687947034836e-03
-1.858789473772048950e-02
2.613463625311851501e-02
1.725002750754356384e-02
2.586442232131958008e-02
2.630751579999923706e-02
-1.476351462770253420e-04
-4.259954392910003662e-02
-3.059565089643001556e-02
-1.866539567708969116e-02
-1.203878689557313919e-02
3.158262744545936584e-02
7.922193035483360291e-03
-1.047622878104448318e-02
6.992267910391092300e-03
3.691907972097396851e-02
2.812304720282554626e-02
2.633714862167835236e-02
-2.737111784517765045e-02
9.091805666685104370e-03
-7.141564041376113892e-03
-1.925927214324474335e-02
2.609031973406672478e-03
2.235159836709499359e-02
-8.042565546929836273e-03
-7.279528304934501648e-03
-1.502336561679840088e-02
-1.332063041627407074e-02
-3.234253823757171631e-02
-8.937866427004337311e-03
-3.724273294210433960e-02
-3.915222734212875366e-02
-1.820649579167366028e-02
-2.795673906803131104e-02
-4.305183142423629761e-02
-4.547272343188524246e-03
2.349313721060752869e-02
-5.299508944153785706e-02
-3.199608623981475830e-02
4.707388952374458313e-02
6.965572480112314224e-03
7.931358180940151215e-03
4.979517683386802673e-02
2.786027640104293823e-02
3.967314586043357849e-02
-2.082447148859500885e-02
2.963672019541263580e-02
4.355958104133605957e-02
-3.377894684672355652e-02
3.891958156600594521e-03
2.936102449893951416e-02
-3.819743171334266663e-02
-4.082848876714706421e-02
-2.232272364199161530e-02
-4.833163321018218994e-02
2.188084181398153305e-03
3.534138575196266174e-02
-2.591626252979040146e-03
2.907027117908000946e-02
1.507875788956880569e-02
1.344320550560951233e-02
-1.705665327608585358e-02
4.886942449957132339e-03
-4.013050720095634460e-02
-3.096519139944575727e-05
-7.168446667492389679e-03
2.557380683720111847e-02
1.480764430016279221e-02
2.406670153141021729e-02
9.946321137249469757e-03
-4.890980664640665054e-03
-2.895970456302165985e-02
-2.231788262724876404e-02
-3.963265195488929749e-02
-3.538442775607109070e-02
-1.728112576529383659e-03
-2.848436683416366577e-02
-3.330038487911224365e-02
-1.443276461213827133e-02
-3.457440435886383057e-02
-3.443690016865730286e-02
1.252368744462728500e-02
1.302767638117074966e-02
1.181228645145893097e-02
-2.211034856736660004e-02
-3.233166784048080444e-02
-3.641163930296897888e-02
-3.067410737276077271e-02
-4.770509153604507446e-02
-4.598925635218620300e-02
5.349176470190286636e-03
1.660420931875705719e-02
1.609553210437297821e-02
-3.234684839844703674e-02
-3.859680891036987305e-02
-1.038672402501106262e-02
-1.219981815665960312e-02
-9.680146351456642151e-03
5.585785955190658569e-03
4.819499372388236225e-05
-2.268498949706554413e-02
-9.727934375405311584e-03
-9.020243771374225616e-03
-4.066582769155502319e-02
-6.302376743406057358e-03
2.369110705330967903e-03
1.345184072852134705e-02
3.270962834358215332e-02
2.686272934079170227e-02
-7.942313328385353088e-03
1.600836403667926788e-02
8.994212374091148376e-03
3.349674120545387268e-02
-7.391263730823993683e-03
1.538417208939790726e-02
-1.451584789901971817e-02
3.637937363237142563e-03
-1.228515896946191788e-02
6.882612127810716629e-03
1.624391414225101471e-02
-6.783812772482633591e-03
-1.216897089034318924e-02
2.672639675438404083e-02
1.677538827061653137e-02
1.143066026270389557e-02
6.758631672710180283e-03
-4.797764495015144348e-02
-5.629019066691398621e-02
-2.745687216520309448e-02
1.325099729001522064e-04
-1.773099228739738464e-02
-1.771372184157371521e-02
2.103956416249275208e-02
3.365104645490646362e-02
1.112327538430690765e-02
-1.090093282982707024e-03
6.086089182645082474e-03
-1.539023034274578094e-02
6.044022738933563232e-03
-1.779774203896522522e-02
-3.795780008658766747e-03
5.544875282794237137e-03
2.406243421137332916e-02
3.610683977603912354e-02
2.698884159326553345e-02
1.961828023195266724e-02
-3.364465758204460144e-02
5.790937691926956177e-02
2.604261040687561035e-02
1.117578241974115372e-02
3.868965059518814087e-02
3.822075203061103821e-02
3.377270326018333435e-02
-3.350938903167843819e-03
-2.158384211361408234e-02
-9.452685713768005371e-03
-1.060312427580356598e-02
-4.914658493362367153e-04
-1.017575245350599289e-02
2.269102446734905243e-02
2.572155185043811798e-02
-2.104245359078049660e-03
3.837111592292785645e-02
-1.497302763164043427e-02
-5.279362201690673828e-02
-2.067333087325096130e-02
-3.888680785894393921e-02
-3.842476755380630493e-02
-2.691900730133056641e-02
-2.778777480125427246e-02
-2.567692892625927925e-03
-5.568969063460826874e-03
4.523510113358497620e-03
-7.890473352745175362e-04
-3.498750971630215645e-03
-1.185325626283884048e-02
-3.452686965465545654e-02
8.832521736621856689e-03
1.880717463791370392e-02
-7.876560091972351074e-03
1.411891281604766846e-01
4.749680310487747192e-02
1.010356545448303223e-01
1.589651964604854584e-02
-9.175565093755722046e-02
-6.053027510643005371e-02
-5.356261972337961197e-03
-2.553666755557060242e-02
-6.851947307586669922e-02
6.591520458459854126e-02
9.943946450948715210e-02
5.738876387476921082e-02
1.900684088468551636e-02
2.361170575022697449e-02
3.461462259292602539e-02
3.061124123632907867e-03
-4.014110192656517029e-02
-4.920801520347595215e-02
1.167010609060525894e-02
-9.897484444081783295e-03
-1.072336919605731964e-02
1.662741415202617645e-02
-3.623010357841849327e-03
-5.478754173964262009e-03
-1.916351355612277985e-02
-2.387746237218379974e-02
-1.010537426918745041e-02
7.846926152706146240e-02
1.970752142369747162e-02
-8.429167792201042175e-03
1.950563117861747742e-02
-1.908141002058982849e-02
-5.715734325349330902e-03
1.553847733885049820e-02
1.015116693452000618e-03
2.366490196436643600e-03
-3.402806818485260010e-02
-2.454396896064281464e-02
1.972037740051746368e-02
-3.396863117814064026e-02
-4.539606720209121704e-02
-3.360671177506446838e-02
-6.216719746589660645e-03
-3.743643313646316528e-02
-2.434504590928554535e-02
1.845766673795878887e-03
2.911270409822463989e-02
3.338683024048805237e-02
-4.010383039712905884e-02
-3.421251848340034485e-02
1.259045768529176712e-02
-3.809811919927597046e-02
-4.798621684312820435e-02
-2.100899070501327515e-02
-6.474426947534084320e-03
-1.006940379738807678e-02
1.813195121940225363e-04
-8.474780246615409851e-03
-3.411764279007911682e-03
-1.852073008194565773e-03
-6.259115762077271938e-04
-1.149834319949150085e-02
-3.047049045562744141e-02
5.984071642160415649e-02
1.911816373467445374e-02
-2.765090949833393097e-02
4.628945514559745789e-02
5.567662883549928665e-04
-1.720626838505268097e-02
3.920825570821762085e-02
8.891207166016101837e-03
-6.959036923944950104e-03
-2.354825660586357117e-02
-4.338160529732704163e-02
-3.834540490061044693e-03
-4.471479449421167374e-03
-1.868098974227905273e-02
2.475645160302519798e-03
3.702646493911743164e-02
1.612393371760845184e-02
3.044230118393898010e-02
-1.015722565352916718e-02
-1.479545515030622482e-02
-2.502497658133506775e-02
3.830505907535552979e-02
2.560515515506267548e-02
3.105918504297733307e-02
2.030430734157562256e-02
7.610199390910565853e-04
3.497192170470952988e-03
4.233947768807411194e-02
2.291860757395625114e-03
4.629701748490333557e-02
1.548789255321025848e-02
-1.618534699082374573e-02
1.012773066759109497e-02
-1.467529032379388809e-02
-2.166899107396602631e-02
-2.207982912659645081e-02
3.992067277431488037e-02
6.033943500369787216e-04
-1.618423731997609138e-03
4.219566471874713898e-03
-3.623153083026409149e-03
5.499721504747867584e-03
-6.436153780668973923e-03
7.237193640321493149e-04
-5.702719558030366898e-03
4.388718679547309875e-02
4.982952494174242020e-03
3.938055410981178284e-02
2.307267859578132629e-02
4.054532200098037720e-02
2.202885411679744720e-02
9.056834504008293152e-03
3.224196657538414001e-02
2.362679503858089447e-02
-1.540027838200330734e-02
-4.739620164036750793e-02
-4.390975087881088257e-02
-1.655804365873336792e-02
2.257854118943214417e-02
6.754739210009574890e-03
2.907887101173400879e-02
5.990416556596755981e-02
2.792708761990070343e-02
2.591471187770366669e-02
2.434800192713737488e-02
1.085478998720645905e-02
-2.065950073301792145e-02
-6.044477596879005432e-02
-4.818650707602500916e-02
-3.287865966558456421e-02
-4.352962225675582886e-02
-2.898690663278102875e-02
-1.043847762048244476e-02
-2.827049605548381805e-02
4.508737940341234207e-03
-2.561500854790210724e-02
-5.868417397141456604e-02
-5.819337815046310425e-02
3.283887868747115135e-03
-2.697268500924110413e-02
-2.426932379603385925e-02
3.641773946583271027e-03
1.454306859523057938e-02
3.718237392604351044e-03
1.408677897416055202e-03
9.980617091059684753e-03
3.230806440114974976e-02
2.810308150947093964e-02
1.151863299310207367e-02
1.506161596626043320e-02
3.518291562795639038e-02
1.543303020298480988e-02
1.499804295599460602e-02
1.393164973706007004e-02
-1.471096929162740707e-02
9.844154119491577148e-03
-3.483286127448081970e-02
-3.314458206295967102e-02
-1.098995469510555267e-02
-3.951347433030605316e-03
-1.068641990423202515e-02
2.253751829266548157e-02
-7.537093479186296463e-03
-5.271491594612598419e-03
1.297980733215808868e-02
2.360424213111400604e-02
5.090333987027406693e-03
2.124598622322082520e-02
-3.681071847677230835e-02
-4.514618963003158569e-02
-6.099588423967361450e-02
-3.995757177472114563e-02
-5.907058343291282654e-02
-3.908772021532058716e-02
-5.061256140470504761e-02
-4.613713920116424561e-02
-9.473590180277824402e-03
-3.721022605895996094e-02
-2.351713366806507111e-02
-2.732868120074272156e-02
6.622402928769588470e-03
-1.338923815637826920e-03
4.971802234649658203e-03
3.150986135005950928e-02
5.319401994347572327e-02
5.773225799202919006e-02
2.341303788125514984e-02
-1.522357668727636337e-02
1.683248020708560944e-02
-5.866277206223458052e-05
-8.712784387171268463e-03
9.411398321390151978e-03
-1.387754734605550766e-02
-4.813138395547866821e-03
5.872125737369060516e-03
-1.652636006474494934e-02
-7.898177951574325562e-03
6.280804052948951721e-03
-6.066307425498962402e-03
-1.132580079138278961e-02
8.796761743724346161e-03
2.933627553284168243e-02
4.722733516246080399e-03
8.749441243708133698e-03
8.532925508916378021e-03
1.363418344408273697e-02
7.874567061662673950e-03
-3.120622225105762482e-02
-2.046946622431278229e-02
-9.806452319025993347e-03
-3.970351070165634155e-02
-6.877252459526062012e-02
-4.858005791902542114e-02
1.636828668415546417e-02
1.902410760521888733e-02
-3.287644311785697937e-02
8.705444633960723877e-03
-1.346812862902879715e-02
2.561076777055859566e-03
-4.158179741352796555e-03
-1.305534737184643745e-03
-8.355820551514625549e-03
-1.263999566435813904e-02
-4.932426963932812214e-04
2.295911125838756561e-02
4.959008190780878067e-03
-2.686726115643978119e-02
-1.587269082665443420e-02
3.073904430493712425e-03
4.601081367582082748e-03
5.488630384206771851e-03
-5.352105945348739624e-02
-3.779179975390434265e-02
-4.565959796309471130e-02
-4.203141853213310242e-02
-3.117413073778152466e-02
-4.951585829257965088e-02
1.345631945878267288e-02
1.534516271203756332e-02
2.543487399816513062e-02
-5.331492796540260315e-02
-3.250218182802200317e-02
-4.118231683969497681e-02
-2.941086888313293457e-02
-1.656499505043029785e-02
-3.920752182602882385e-02
4.125535860657691956e-02
2.423008717596530914e-02
1.088284607976675034e-02
-3.670420870184898376e-02
-7.258006185293197632e-02
-6.223810091614723206e-02
2.803070237860083580e-04
-3.469324856996536255e-02
-1.059595495462417603e-03
2.187572419643402100e-02
-1.120077911764383316e-02
-1.631235587410628796e-03
-3.419317305088043213e-02
-1.619159709662199020e-03
-3.558741137385368347e-02
-2.575464919209480286e-02
-2.702748961746692657e-02
-3.629873692989349365e-02
1.593883335590362549e-02
-1.189071033149957657e-02
2.276873402297496796e-02
2.115250751376152039e-02
9.123413823544979095e-03
-2.341406606137752533e-02
9.820400737226009369e-03
1.359200011938810349e-02
-2.259169332683086395e-02
-9.931699372828006744e-03
-1.323461998254060745e-02
-2.387606352567672729e-02
-1.954550482332706451e-02
-1.453998498618602753e-02
1.856168359518051147e-02
5.989596713334321976e-03
-1.532225683331489563e-02
7.221475709229707718e-03
1.920077577233314514e-02
4.650284070521593094e-03
-2.173262881115078926e-03
-1.686237007379531860e-02
4.010429605841636658e-02
1.989250071346759796e-02
-1.854540780186653137e-02
1.179912872612476349e-02
-1.695821061730384827e-02
-6.111894547939300537e-02
-5.863818526268005371e-02
-4.994334653019905090e-02
7.661020755767822266e-02
2.402134425938129425e-02
2.635126933455467224e-03
3.097963146865367889e-02
-1.956602185964584351e-02
-1.303021330386400223e-03
-8.496394380927085876e-03
9.755514474818482995e-05
3.893158584833145142e-02
2.899025008082389832e-02
3.703863918781280518e-02
4.137509502470493317e-03
-5.956064444035291672e-03
4.452729970216751099e-02
4.950147122144699097e-02
-1.978670433163642883e-02
-3.732287557795643806e-03
9.591579437255859375e-03
-6.107645109295845032e-03
-5.224703345447778702e-03
6.178637850098311901e-04
-1.365115493535995483e-02
-3.086465876549482346e-03
1.429986860603094101e-02
-4.247272014617919922e-02
-1.944397203624248505e-02
4.561509005725383759e-03
-4.794675484299659729e-02
-3.678559511899948120e-02
-1.592699624598026276e-02
-5.909330397844314575e-02
-2.369244396686553955e-02
2.088236808776855469e-02
-5.285621620714664459e-03
1.557215675711631775e-02
2.854473516345024109e-02
-5.306542385369539261e-03
1.243299804627895355e-02
-6.921816617250442505e-03
-3.677669912576675415e-02
-3.641725704073905945e-02
-3.356542810797691345e-02
-3.627994097769260406e-03
-1.463655382394790649e-03
1.318068429827690125e-02
-9.724841453135013580e-03
-1.719449413940310478e-03
3.138263151049613953e-02
-2.806665003299713135e-02
-4.445568472146987915e-02
-4.971487447619438171e-02
-2.046824805438518524e-02
-5.194785818457603455e-02
-1.243786048144102097e-02
-3.884252160787582397e-02
-3.344430401921272278e-02
-2.684183418750762939e-02
-6.303062289953231812e-02
-3.452046960592269897e-02
-4.953876882791519165e-02
-3.363575786352157593e-02
-3.360691294074058533e-02
-2.390283159911632538e-02
1.146972272545099258e-02
2.429756568744778633e-03
4.741705022752285004e-03
-3.372957557439804077e-02
-2.719564363360404968e-03
4.695443902164697647e-03
-3.581847995519638062e-02
-3.214132785797119141e-02
-2.902039093896746635e-03
-3.134137392044067383e-02
2.538957819342613220e-02
4.320119321346282959e-02
-6.563029251992702484e-03
1.406332757323980331e-02
4.696043208241462708e-03
1.720218546688556671e-02
2.498693647794425488e-04
-2.924306504428386688e-02
-1.186406426131725311e-02
-2.112052030861377716e-02
-4.817675799131393433e-02
2.987196901813149452e-03
-1.665332727134227753e-02
-2.885328792035579681e-02
3.171502612531185150e-03
1.245548389852046967e-02
-9.380163974128663540e-04
1.876473985612392426e-02
6.006788834929466248e-02
-3.295705537311732769e-04
4.045947641134262085e-02
3.214657679200172424e-02
1.455743145197629929e-02
-2.861908078193664551e-02
-3.585581853985786438e-02
-1.745967566967010498e-02
-1.643824577331542969e-02
-1.403320231474936008e-03
-8.059614337980747223e-03
-2.657722495496273041e-02
-9.978566318750381470e-03
-2.204369008541107178e-02
-2.248464711010456085e-02
-2.384814992547035217e-02
-2.166180126368999481e-02
-1.615966111421585083e-02
-1.536970771849155426e-02
8.555984124541282654e-03
8.010869845747947693e-03
1.151474472135305405e-02
8.350570686161518097e-03
-5.576490424573421478e-03
-4.539556335657835007e-03
4.850374534726142883e-03
1.427149120718240738e-02
2.258738689124584198e-02
-1.113540586084127426e-02
2.517281391192227602e-04
-2.172898239223286510e-04
-1.063492521643638611e-02
2.585577405989170074e-02
2.281020767986774445e-02
-2.091331261908635497e-04
1.386235281825065613e-02
-3.493573889136314392e-02
-3.000433743000030518e-02
4.621587228029966354e-03
-3.208009526133537292e-02
-3.435496706515550613e-03
8.170890621840953827e-03
-1.449000462889671326e-02
-1.199952885508537292e-02
5.089690908789634705e-03
1.068354118615388870e-02
5.022295564413070679e-02
2.865413576364517212e-02
1.024733018130064011e-02
3.213210403919219971e-02
-1.450256537646055222e-02
-1.318226940929889679e-02
-2.287052106112241745e-03
2.223159559071063995e-02
3.128637000918388367e-02
4.187612794339656830e-03
4.858585540205240250e-03
-1.458705496042966843e-02
-2.011746540665626526e-02
-6.336722522974014282e-03
1.684330590069293976e-02
-6.733921822160482407e-03
3.633899614214897156e-02
2.327688224613666534e-02
-4.957030061632394791e-03
3.161197155714035034e-02
1.531653385609388351e-02
2.085242606699466705e-02
2.456928230822086334e-02
-6.535172928124666214e-03
-8.411125279963016510e-03
2.318517537787556648e-03
-4.540170077234506607e-03
1.657716929912567139e-03
-6.224318873137235641e-03
-1.308122836053371429e-02
-1.784066483378410339e-02
4.182601347565650940e-03
2.171099622501060367e-04
-1.125179929658770561e-03
-1.344247628003358841e-02
-3.393140062689781189e-02
-2.839832194149494171e-02
2.238483354449272156e-02
-1.034365195664577186e-04
-3.059749491512775421e-02
-2.198346890509128571e-03
-2.430556714534759521e-02
-1.670944690704345703e-02
-5.578823853284120560e-03
-2.780627459287643433e-02
-2.405950799584388733e-02
-1.918694749474525452e-02
-3.837168216705322266e-02
-1.995362341403961182e-02
-1.236192602664232254e-02
7.586611434817314148e-03
3.196641802787780762e-02
1.139634754508733749e-02
3.784786537289619446e-02
3.985390812158584595e-02
-1.813665218651294708e-02
-1.566556654870510101e-02
-3.808374702930450439e-02
-5.468809604644775391e-02
-5.590191856026649475e-02
-4.024801775813102722e-02
-1.365787163376808167e-02
-5.862474907189607620e-03
2.029207348823547363e-02
1.242512278258800507e-02
1.411883812397718430e-02
-5.548130138777196407e-04
8.811626583337783813e-03
1.465399377048015594e-02
-2.745697088539600372e-02
-3.652059659361839294e-02
-2.374925091862678528e-02
-1.008747797459363937e-02
-5.180444940924644470e-02
-3.278491646051406860e-02
-3.465119749307632446e-02
-2.696221694350242615e-02
-3.308374062180519104e-02
-3.692344948649406433e-02
-2.168128080666065216e-02
-1.123531069606542587e-02
-2.265661209821701050e-02
-9.394329972565174103e-03
-2.202793397009372711e-02
-4.698383435606956482e-02
1.383360289037227631e-02
-2.301094355061650276e-03
-2.612698078155517578e-02
1.538099907338619232e-02
6.141096353530883789e-03
4.619985353201627731e-03
-2.015192061662673950e-03
-5.530774593353271484e-03
9.859629906713962555e-03
-6.859814748167991638e-03
1.883392804302275181e-03
5.365230143070220947e-03
-5.505670234560966492e-02
-2.962751500308513641e-02
-3.680884093046188354e-02
-5.576870590448379517e-02
-4.956640675663948059e-02
-4.521589353680610657e-02
-1.418139878660440445e-02
-3.095389716327190399e-02
-3.688831999897956848e-02
-7.821375504136085510e-03
-1.498162560164928436e-02
-2.220601215958595276e-02
1.574118621647357941e-02
1.739961840212345123e-02
-2.130184136331081390e-02
-6.403962615877389908e-03
-2.923289500176906586e-02
-4.299611598253250122e-02
7.679589092731475830e-03
-2.153594512492418289e-03
-2.187220146879553795e-03
2.991027012467384338e-02
4.047087952494621277e-02
-7.714961655437946320e-03
2.452081441879272461e-02
4.896651580929756165e-02
-1.373957842588424683e-03
1.501570176333189011e-02
-1.980743184685707092e-02
-2.875792048871517181e-02
-2.881098538637161255e-03
8.123371517285704613e-04
1.194131327793002129e-03
-8.415323682129383087e-03
1.244812156073749065e-03
1.352333929389715195e-02
-6.603588350117206573e-03
-7.362374104559421539e-03
2.068065339699387550e-03
2.983766142278909683e-03
-1.128043327480554581e-02
-4.420900717377662659e-03
3.842485137283802032e-03
-2.989724511280655861e-03
5.700175534002482891e-04
5.534810945391654968e-03
7.851073518395423889e-03
-1.437974628061056137e-02
-1.489659585058689117e-02
-7.587388623505830765e-03
-2.629844658076763153e-02
-2.544360235333442688e-03
1.131252571940422058e-02
-7.191699463874101639e-03
7.170855067670345306e-03
3.035823814570903778e-02
1.147106382995843887e-02
-2.599928528070449829e-02
-1.471541356295347214e-02
-1.334462501108646393e-02
4.769557155668735504e-03
9.520118124783039093e-03
1.333654113113880157e-02
1.263425499200820923e-02
1.937565766274929047e-02
4.112324118614196777e-02
1.702682673931121826e-02
9.799766354262828827e-03
2.957955375313758850e-02
-2.498137578368186951e-02
-3.581314906477928162e-02
-1.853684149682521820e-02
-2.408052608370780945e-02
-9.461505338549613953e-03
-4.213545005768537521e-03
-2.772988751530647278e-02
-6.245950353331863880e-04
-2.465910278260707855e-03
8.300237357616424561e-03
1.032341923564672470e-02
-3.998764150310307741e-04
-1.466293353587388992e-02
-1.326175685971975327e-02
-2.751214243471622467e-02
-9.372338652610778809e-03
-4.381388425827026367e-03
-4.668015055358409882e-03
-2.187011577188968658e-02
3.569412278011441231e-03
2.119139023125171661e-02
5.542281549423933029e-03
3.614892810583114624e-02
-1.052411459386348724e-02
1.042995229363441467e-02
3.728319704532623291e-02
1.095565222203731537e-02
2.768917381763458252e-02
3.525057807564735413e-02
1.296743843704462051e-02
1.948860287666320801e-02
8.463984355330467224e-03
2.863850630819797516e-02
1.394276227802038193e-02
-1.749890856444835663e-02
-3.286115080118179321e-02
-3.287769481539726257e-02
-2.497285045683383942e-02
-2.006666734814643860e-02
-4.041659832000732422e-02
-4.088036715984344482e-02
-1.992568746209144592e-02
-4.932294413447380066e-02
-3.927984461188316345e-02
-2.438427880406379700e-03
-2.468779496848583221e-02
-7.369843311607837677e-03
5.338961724191904068e-03
-4.750014469027519226e-02
-3.160936757922172546e-02
-2.223505266010761261e-02
6.568192038685083389e-03
-1.068979129195213318e-02
-1.906897313892841339e-02
2.350179105997085571e-02
1.552165951579809189e-02
-4.812248516827821732e-04
-3.393051400780677795e-02
-3.367056697607040405e-02
-3.555008396506309509e-02
-4.632838442921638489e-02
-4.079195484519004822e-02
-3.917629271745681763e-02
-1.636640913784503937e-02
-2.203913778066635132e-02
-4.675995931029319763e-02
-7.446216419339179993e-03
6.352895870804786682e-03
-1.439039595425128937e-02
-4.889534320682287216e-03
4.879252985119819641e-03
1.514054741710424423e-02
2.197639551013708115e-03
-2.124588238075375557e-03
1.294132787734270096e-02
-3.999115154147148132e-02
-5.119303986430168152e-02
-5.215635523200035095e-02
3.362989053130149841e-02
-1.219305861741304398e-02
-9.162524715065956116e-03
2.681690268218517303e-02
3.196432022377848625e-03
-2.143166959285736084e-03
-2.372780581936240196e-03
2.292926190420985222e-03
1.587238162755966187e-02
-4.470229614526033401e-03
-2.156532602384686470e-03
4.457939788699150085e-02
6.880027800798416138e-02
1.976620778441429138e-02
5.056542530655860901e-02
-1.977775990962982178e-02
-2.381839323788881302e-03
2.424414083361625671e-02
-2.003272675210610032e-04
2.411597408354282379e-03
1.280058361589908600e-02
2.574067004024982452e-02
4.089096933603286743e-02
5.517006665468215942e-02
1.264108065515756607e-02
9.907789528369903564e-03
-9.723814204335212708e-03
-1.639725826680660248e-02
-7.288102060556411743e-03
-3.199185431003570557e-02
-2.443898096680641174e-02
1.100872922688722610e-02
4.823455214500427246e-02
-2.649523876607418060e-02
-5.079576745629310608e-02
6.239286623895168304e-03
-3.541399911046028137e-02
-5.308898538351058960e-02
-1.193085405975580215e-02
-9.328573010861873627e-03
-3.186006506439298391e-04
-9.997159242630004883e-03
-2.949987165629863739e-02
-1.033584401011466980e-02
-2.566861361265182495e-02
-3.340590372681617737e-02
-1.924566365778446198e-02
1.759326667524874210e-03
-1.434372551739215851e-02
-5.683717317879199982e-03
3.071927838027477264e-02
-9.068014333024621010e-04
7.743165479041635990e-04
2.503948844969272614e-02
-6.288550794124603271e-03
-1.813125796616077423e-03
1.125688012689352036e-02
-2.970826067030429840e-02
-1.664636284112930298e-02
-1.229685451835393906e-02
1.769868843257427216e-02
3.431506827473640442e-02
2.480030804872512817e-02
1.649423036724328995e-03
6.823271978646516800e-03
-8.499475196003913879e-03
-3.886904940009117126e-02
-1.649563014507293701e-02
-1.094376854598522186e-02
-1.414468418806791306e-02
-4.172133654356002808e-02
-3.434119373559951782e-02
4.827604279853403568e-04
1.540946774184703827e-02
8.955220691859722137e-03
-1.293566636741161346e-02
-4.440640099346637726e-03
-2.663853205740451813e-02
-2.494826167821884155e-02
-7.200131192803382874e-03
2.875626645982265472e-02
-2.821622043848037720e-02
-1.163679827004671097e-02
9.204193018376827240e-03
2.153956703841686249e-02
3.681627288460731506e-02
1.779842539690434933e-03
-9.040656732395291328e-04
5.475393496453762054e-03
-1.599060930311679840e-02
-1.875797659158706665e-02
-2.056127786636352539e-02
-1.017074566334486008e-02
-5.221577826887369156e-03
1.118347235023975372e-02
3.755584731698036194e-02
-2.527498826384544373e-02
-3.528166562318801880e-02
-1.554460451006889343e-02
2.196418307721614838e-02
6.436659954488277435e-03
7.925750687718391418e-03
2.345997653901576996e-02
1.440665125846862793e-02
-9.572516195476055145e-03
1.438994333148002625e-02
2.785923145711421967e-02
2.300666831433773041e-02
1.352111063897609711e-02
2.801695652306079865e-02
4.095784202218055725e-02
4.745447076857089996e-03
1.233937963843345642e-02
2.586033195257186890e-03
5.851780995726585388e-02
3.514290973544120789e-02
-2.667937660589814186e-03
3.022756241261959076e-02
3.560240566730499268e-02
3.643529862165451050e-02
-4.035828262567520142e-02
-6.614021491259336472e-03
1.373777631670236588e-02
7.290829904377460480e-03
-1.498160883784294128e-03
-3.954559564590454102e-03
3.064559074118733406e-03
5.163731984794139862e-03
-1.142770797014236450e-02
-2.339650690555572510e-02
-5.051296204328536987e-03
-8.119701407849788666e-03
1.521047018468379974e-02
1.505209878087043762e-02
-3.481432504486292601e-04
-2.604104019701480865e-02
-1.781482063233852386e-02
-1.557724457234144211e-02
1.473290473222732544e-02
-2.471268922090530396e-02
-2.885036170482635498e-02
3.370967693626880646e-03
4.020026884973049164e-03
-8.798814378678798676e-03
-1.835986413061618805e-02
-2.493135817348957062e-02
-2.600343152880668640e-02
-3.294786065816879272e-02
-2.154519036412239075e-02
-3.644207864999771118e-02
8.840053342282772064e-03
-2.285834215581417084e-02
-1.209202964673750103e-04
-5.240839906036853790e-03
-1.364345662295818329e-02
-4.206678830087184906e-03
1.257704384624958038e-02
6.450079847127199173e-03
6.180412601679563522e-03
-3.245538100600242615e-02
-4.988483712077140808e-02
-3.517614305019378662e-02
3.455494297668337822e-03
1.836157054640352726e-03
-2.597404643893241882e-02
5.945784971117973328e-02
2.269624359905719757e-02
-3.792211413383483887e-02
3.229185566306114197e-02
1.449242327362298965e-02
-6.697591743431985378e-04
-1.530926395207643509e-02
-2.121074683964252472e-02
-3.231136826798319817e-03
-2.618758880998939276e-04
-5.088676232844591141e-03
-3.527565672993659973e-02
-2.784480899572372437e-02
-2.419372275471687317e-02
-3.551946207880973816e-02
-4.239584133028984070e-02
-2.763148210942745209e-02
-5.105405673384666443e-02
-6.504916399717330933e-02
-4.201217368245124817e-02
-4.027280956506729126e-02
-7.608149666339159012e-03
2.885496011003851891e-03
1.494391635060310364e-02
-2.929678373038768768e-02
-3.221509978175163269e-02
-5.622964818030595779e-03
-1.109184045344591141e-02
-3.085155412554740906e-02
-2.945197001099586487e-02
-2.869212627410888672e-02
-4.657797515392303467e-03
7.850705645978450775e-03
9.906029328703880310e-03
4.410989955067634583e-02
4.968166723847389221e-02
5.869354307651519775e-02
2.340891212224960327e-02
3.170016407966613770e-02
3.189278999343514442e-03
-1.072027906775474548e-02
-4.296806175261735916e-03
8.752477355301380157e-03
-3.062652423977851868e-03
-1.620364561676979065e-02
3.186398185789585114e-03
-7.264764979481697083e-03
-2.659529447555541992e-02
8.278451859951019287e-03
9.788748575374484062e-04
-2.748546749353408813e-02
2.843163348734378815e-02
3.184398263692855835e-02
-9.621926583349704742e-03
5.409799981862306595e-03
1.967651769518852234e-02
-2.114043198525905609e-02
-3.148001432418823242e-02
-1.646555773913860321e-02
-3.406626055948436260e-04
-3.789981827139854431e-02
-8.859829977154731750e-03
-1.924763247370719910e-02
-5.025416985154151917e-02
-4.688982293009757996e-02
-3.411855921149253845e-02
-8.293502032756805420e-03
-2.886991016566753387e-02
-1.254752464592456818e-02
8.878442458808422089e-03
-2.942563593387603760e-02
-1.153182238340377808e-02
2.569522708654403687e-03
-1.145957503467798233e-02
-2.655346691608428955e-02
-2.306800708174705505e-02
-7.445941213518381119e-03
3.587520041037350893e-04
3.579493612051010132e-03
-1.476449798792600632e-02
8.263750001788139343e-03
-1.651179790496826172e-02
-1.382361818104982376e-02
-2.298836968839168549e-02
3.614838421344757080e-02
-4.238279908895492554e-02
-1.876509375870227814e-02
2.859661169350147247e-02
-2.660511434078216553e-02
-3.341147908940911293e-03
4.954561218619346619e-02
-4.013820365071296692e-02
1.161937694996595383e-02
2.769372053444385529e-02
-2.941070497035980225e-02
-3.777369856834411621e-02
1.246829237788915634e-02
-1.994762197136878967e-02
1.144486293196678162e-02
-8.990650996565818787e-03
-8.988554589450359344e-03
1.641150377690792084e-02
4.113817121833562851e-03
-2.666316553950309753e-02
-2.084853500127792358e-02
-8.720728568732738495e-03
-1.240189652889966965e-02
-1.553960889577865601e-02
7.137385662645101547e-03
2.528795041143894196e-02
2.843600697815418243e-02
-2.889898046851158142e-02
-4.668260924518108368e-03
1.777761615812778473e-02
-3.527146950364112854e-02
-2.613166719675064087e-02
5.075141414999961853e-02
-5.650983005762100220e-02
5.329133477061986923e-03
1.017713770270347595e-01
-9.147622622549533844e-03
-2.061496302485466003e-02
-3.899131715297698975e-02
-4.194909241050481796e-03
1.025258749723434448e-02
-1.217682939022779465e-02
2.676642499864101410e-02
-5.397661123424768448e-03
2.144572092220187187e-03
-4.375411570072174072e-02
-4.903139173984527588e-02
-6.239138171076774597e-02
-1.695797406136989594e-02
-4.888084903359413147e-02
-6.664927303791046143e-02
-2.231316640973091125e-02
-2.001498639583587646e-02
-5.804188549518585205e-03
4.105161502957344055e-02
-2.340729534626007080e-02
-6.544309109449386597e-02
2.323858998715877533e-02
-3.005962260067462921e-02
-3.330853581428527832e-02
1.577262021601200104e-02
-2.515628933906555176e-02
-2.270177006721496582e-02
-9.233363904058933258e-03
1.170277129858732224e-02
6.156140193343162537e-02
9.957516565918922424e-03
6.951753166504204273e-04
6.513875722885131836e-02
-1.073558162897825241e-02
3.824415430426597595e-02
7.892293483018875122e-02
1.045368518680334091e-02
3.481263294816017151e-02
1.236663479357957840e-02
1.605071127414703369e-02
1.833832450211048126e-02
-1.951979100704193115e-02
5.841081216931343079e-02
-3.218500933144241571e-04
-7.431256771087646484e-02
-2.860780619084835052e-02
-1.934888027608394623e-02
4.522631317377090454e-02
-2.370579726994037628e-02
-2.551926858723163605e-02
4.465476423501968384e-02
-1.025756355375051498e-02
-7.629491854459047318e-03
1.025700126774609089e-03
1.058863359503448009e-03
-4.302997142076492310e-03
2.185039408504962921e-02
-3.205726295709609985e-02
-5.320619419217109680e-02
5.965735390782356262e-02
-2.163486368954181671e-02
-1.564703881740570068e-02
3.453259542584419250e-02
-2.709775418043136597e-02
1.567880809307098389e-02
6.133017316460609436e-02
-2.005635388195514679e-02
-4.248249344527721405e-03
2.689991891384124756e-02
-3.780214861035346985e-02
-4.360072314739227295e-02
-1.257463265210390091e-02
-1.068800967186689377e-02
-3.822056949138641357e-02
-5.876876413822174072e-02
-3.663505986332893372e-02
-3.634278476238250732e-02
-2.876826934516429901e-02
-4.813196882605552673e-02
-5.650261789560317993e-02
-2.868282608687877655e-02
-1.299338415265083313e-02
2.390816062688827515e-02
8.802592754364013672e-02
-4.502308741211891174e-02
1.777667901478707790e-03
4.497630149126052856e-02
3.676391765475273132e-02
-1.632304675877094269e-02
-3.303220262750983238e-03
6.252879649400711060e-02
1.959704980254173279e-02
-1.061467733234167099e-02
5.094701051712036133e-02
-7.878491654992103577e-03
-5.184439569711685181e-02
2.666909992694854736e-02
-9.647035039961338043e-03
-2.685433253645896912e-02
-1.601015217602252960e-02
-2.848766557872295380e-02
2.834113873541355133e-02
8.863595314323902130e-03
-1.757482066750526428e-02
3.257006779313087463e-02
-1.725890114903450012e-02
-3.037277981638908386e-02
2.291056513786315918e-02
-3.415263816714286804e-02
-8.260220289230346680e-03
-5.244289338588714600e-02
1.271979324519634247e-02
2.191059105098247528e-02
-2.285916544497013092e-02
-5.890251137316226959e-03
-1.092824805527925491e-02
-2.327617257833480835e-02
3.103081509470939636e-02
1.474273158237338066e-03
-1.585219614207744598e-02
4.659542813897132874e-03
-4.345328733325004578e-02
-1.918976567685604095e-02
-2.756744250655174255e-02
-4.574055224657058716e-02
-2.372932620346546173e-02
1.427796110510826111e-02
-1.348392479121685028e-02
-2.338155545294284821e-02
4.671168047934770584e-03
-8.798251510597765446e-04
1.892619207501411438e-02
-5.041999276727437973e-03
2.710314653813838959e-02
1.722761988639831543e-02
-2.680177427828311920e-02
-3.387637063860893250e-02
-2.003337815403938293e-02
3.182986378669738770e-02
-3.467590734362602234e-02
-6.733822077512741089e-02
3.108090534806251526e-02
-6.991431117057800293e-03
-3.926835954189300537e-02
1.137742120772600174e-02
1.281846594065427780e-02
1.838262192904949188e-02
3.137026727199554443e-02
-8.552325889468193054e-03
-3.031387180089950562e-02
2.915413351729512215e-03
-8.680513928993605077e-06
3.176101483404636383e-03
-1.230004802346229553e-02
6.090850010514259338e-02
4.712709039449691772e-02
-2.154087647795677185e-02
1.233686320483684540e-02
-4.920136183500289917e-03
-3.578435629606246948e-03
2.148258313536643982e-02
-3.876911476254463196e-02
1.081595383584499359e-02
-2.450963109731674194e-02
-2.422785572707653046e-02
-2.692967653274536133e-02
-2.027368359267711639e-02
-2.022000588476657867e-02
1.100318273529410362e-03
-1.445196475833654404e-02
-1.875750720500946045e-02
-7.282118778675794601e-03
-4.541113507002592087e-03
3.436030447483062744e-02
-3.449665382504463196e-02
-1.355287898331880569e-02
1.692978315986692905e-03
-8.019743487238883972e-03
7.631905376911163330e-03
-6.845863908529281616e-02
-1.002319250255823135e-02
3.275082632899284363e-02
2.709768898785114288e-02
-1.187041681259870529e-02
1.524769933894276619e-03
6.414752453565597534e-03
6.045321468263864517e-03
-2.224627695977687836e-02
-4.344480857253074646e-02
-3.558739274740219116e-02
-2.846698276698589325e-02
-1.058487128466367722e-02
-4.062788188457489014e-02
-1.244197599589824677e-03
-1.544267032295465469e-02
-4.057938605546951294e-02
1.254803687334060669e-02
-3.889613598585128784e-02
-9.761433117091655731e-03
-1.409827265888452530e-02
-1.492459233850240707e-02
-1.473086606711149216e-02
-2.763796597719192505e-02
-1.338511123321950436e-03
2.783705666661262512e-02
5.861076060682535172e-03
-6.850920617580413818e-04
-2.077000215649604797e-02
-4.210215527564287186e-03
1.416463311761617661e-02
-1.370270922780036926e-02
-4.997117072343826294e-02
-3.378577157855033875e-02
1.356660388410091400e-02
-1.014170516282320023e-02
-1.883606053888797760e-02
-1.602242514491081238e-02
7.076448528096079826e-04
7.660170085728168488e-03
-8.295225910842418671e-03
-5.341909825801849365e-03
4.513139650225639343e-02
-1.336681377142667770e-02
-1.020187325775623322e-02
7.010408490896224976e-02
-9.821405634284019470e-03
-1.962565258145332336e-02
-3.746691346168518066e-02
-3.815658017992973328e-02
-2.351933345198631287e-02
-3.361272625625133514e-03
-4.422968253493309021e-02
-2.991005778312683105e-02
-1.675200462341308594e-02
-2.018512971699237823e-02
-3.724685311317443848e-02
4.659617692232131958e-02
-4.211931675672531128e-02
-2.405911125242710114e-02
7.171629369258880615e-02
-6.883721053600311279e-02
-4.459035024046897888e-02
6.964677572250366211e-02
9.677297435700893402e-03
4.114681482315063477e-02
1.809945888817310333e-02
-1.512403879314661026e-02
2.779272943735122681e-02
-2.836217544972896576e-02
-1.576921716332435608e-02
-2.052626386284828186e-02
-5.956765636801719666e-02
-1.146750710904598236e-02
-2.560804970562458038e-02
-2.126382105052471161e-02
-1.597456634044647217e-02
8.960598148405551910e-03
-1.868941634893417358e-02
3.257625270634889603e-03
4.964395891875028610e-03
2.233996987342834473e-02
5.821749940514564514e-02
-3.786731744185090065e-03
-3.026456385850906372e-02
-4.717244009952992201e-04
1.795813068747520447e-02
3.003443218767642975e-02
-2.588013932108879089e-02
3.380893170833587646e-02
2.003975026309490204e-02
-2.273775404319167137e-03
-1.850940473377704620e-02
-2.910555573180317879e-03
1.483566313982009888e-02
-2.979097887873649597e-02
-1.972350850701332092e-02
3.606432676315307617e-02
-6.504692137241363525e-02
-4.543875530362129211e-02
3.034050203859806061e-02
9.747200645506381989e-03
-2.279478870332241058e-02
3.150652348995208740e-02
9.142950875684618950e-04
-4.577832669019699097e-02
-1.757349818944931030e-02
-1.475876942276954651e-02
-5.624144524335861206e-02
2.502165548503398895e-02
4.268879815936088562e-02
7.124071568250656128e-02
-7.749570999294519424e-03
1.567427301779389381e-03
7.672714442014694214e-02
-1.097695808857679367e-02
5.584271159023046494e-03
1.641402923269197345e-04
-3.245927020907402039e-02
-2.156774047762155533e-03
1.037158537656068802e-02
-2.934578992426395416e-02
9.785603731870651245e-03
2.715316950343549252e-04
3.508437797427177429e-02
6.638735532760620117e-02
5.609070509672164917e-02
4.282921925187110901e-02
5.041282251477241516e-02
-1.846003718674182892e-02
-2.154884859919548035e-03
4.878614097833633423e-02
7.235970348119735718e-03
-9.265500120818614960e-03
4.000838100910186768e-02
-4.150898195803165436e-03
1.723165996372699738e-02
9.410863742232322693e-03
2.296953834593296051e-02
2.821774594485759735e-02
3.893782617524266243e-03
4.499455913901329041e-02
1.247315108776092529e-02
-2.773218229413032532e-02
3.102377429604530334e-02
3.314526379108428955e-02
2.600405924022197723e-02
4.299005866050720215e-02
-1.663093268871307373e-02
-4.499866627156734467e-03
1.814992353320121765e-02
-3.173699229955673218e-02
-2.423709491267800331e-03
-2.586016803979873657e-02
2.586742630228400230e-03
-2.434962242841720581e-02
1.046077627688646317e-02
-2.092841640114784241e-02
-8.398612029850482941e-03
3.556970134377479553e-02
1.746817491948604584e-02
1.123743318021297455e-02
4.178024455904960632e-02
4.831998050212860107e-02
4.550651088356971741e-02
-1.851683482527732849e-02
2.793660946190357208e-02
1.171735767275094986e-02
-6.095324060879647732e-04
2.303169853985309601e-02
-1.714272052049636841e-02
2.406875602900981903e-03
-1.161637410405091941e-04
4.961570724844932556e-03
3.490535542368888855e-02
-1.112049818038940430e-02
-3.863440360873937607e-03
1.335281133651733398e-02
-9.895779192447662354e-03
-1.309145987033843994e-02
1.310700736939907074e-02
-2.787743881344795227e-02
-4.198156669735908508e-02
-6.974776834249496460e-02
2.734569134190678596e-03
1.339437998831272125e-02
2.845023060217499733e-03
-4.813548550009727478e-02
-4.581843316555023193e-02
-1.403923612087965012e-02
-8.643630892038345337e-03
-5.077097564935684204e-03
1.135834027081727982e-02
-3.066534176468849182e-02
-3.124517202377319336e-02
-7.640697003807872534e-05
-4.228875786066055298e-02
-1.592636667191982269e-02
3.409825265407562256e-02
1.888214424252510071e-02
7.628243882209062576e-03
2.355287224054336548e-02
1.570977084338665009e-02
-2.067223377525806427e-02
-2.824467606842517853e-02
-1.409243047237396240e-02
-4.540999233722686768e-02
-5.465415865182876587e-02
-2.562234736979007721e-02
6.899307016283273697e-03
3.881192533299326897e-03
-4.298885539174079895e-02
4.054871201515197754e-02
4.374532029032707214e-02
-2.895834622904658318e-03
9.487781673669815063e-03
5.543238949030637741e-03
-5.961390677839517593e-03
-5.368592683225870132e-04
-1.216572895646095276e-02
-2.405012212693691254e-02
-3.983386233448982239e-02
-7.948963902890682220e-03
-2.144452743232250214e-02
-2.208753302693367004e-02
9.841604158282279968e-03
1.667855866253376007e-02
2.578440681099891663e-02
-8.734821341931819916e-03
-1.952709630131721497e-02
1.668833196163177490e-02
5.925604142248630524e-03
-1.049792859703302383e-02
2.759317067102529109e-05
1.045191101729869843e-02
1.359872799366712570e-02
-7.309869397431612015e-03
-1.220201421529054642e-02
-3.225757740437984467e-03
-9.807084687054157257e-03
-4.045663774013519287e-02
-5.518381385627435520e-06
-1.108444109559059143e-02
-4.374821484088897705e-02
-5.155989900231361389e-02
-4.220051318407058716e-02
-3.360031917691230774e-02
-4.359633475542068481e-02
-1.028763875365257263e-02
-4.128368571400642395e-02
-2.612615376710891724e-02
-5.400647642090916634e-04
1.254561357200145721e-02
-3.246388584375381470e-02
-4.895208775997161865e-02
1.088859234005212784e-02
7.969644851982593536e-03
1.101428363472223282e-02
2.657079882919788361e-02
-1.756926882080733776e-03
-1.794205233454704285e-02
3.002759767696261406e-03
-2.213904447853565216e-02
-4.963934049010276794e-02
-3.770791366696357727e-02
1.063202507793903351e-02
-4.986163973808288574e-02
-4.663362354040145874e-02
-4.859330877661705017e-02
-3.207156062126159668e-02
4.444631189107894897e-02
-7.604461908340454102e-02
-2.728988602757453918e-02
1.156353391706943512e-02
-6.126793473958969116e-02
-1.448235847055912018e-02
3.654346102848649025e-03
-2.488222345709800720e-02
-4.873127490282058716e-02
-3.101716190576553345e-02
-3.469941765069961548e-02
-1.668195985257625580e-02
-3.801981359720230103e-02
2.423950098454952240e-02
1.405077613890171051e-02
-6.994324736297130585e-03
-4.461222793906927109e-03
1.077153254300355911e-03
-8.549246937036514282e-03
-1.420123968273401260e-03
3.277414944022893906e-04
4.083352629095315933e-03
-1.730528287589550018e-02
-3.986388817429542542e-02
-2.864240668714046478e-02
1.038980670273303986e-03
-4.546413943171501160e-02
-2.482242137193679810e-02
-1.541837351396679878e-03
2.313690260052680969e-02
1.432583667337894440e-02
-7.052491884678602219e-03
5.238061305135488510e-03
3.648186335340142250e-03
-4.887724295258522034e-02
-3.910963237285614014e-02
-4.837626963853836060e-02
-2.047263644635677338e-02
-1.798046007752418518e-02
-1.635000295937061310e-02
-1.334607973694801331e-02
-1.379369106143712997e-02
-1.557130645960569382e-02
-1.966854091733694077e-03
1.606463454663753510e-02
2.497015707194805145e-02
3.947601467370986938e-02
2.797172777354717255e-02
2.741293795406818390e-02
-2.554641105234622955e-04
-6.640833802521228790e-03
1.607100106775760651e-02
-2.104861848056316376e-02
-3.677191957831382751e-02
-7.832164876163005829e-03
5.943088792264461517e-03
-6.505853962153196335e-03
-2.141617052257061005e-02
1.818809285759925842e-02
3.464490175247192383e-02
-3.882291959598660469e-03
-7.806214503943920135e-03
2.166999038308858871e-03
-1.990878395736217499e-02
-1.367784477770328522e-02
2.633774711284786463e-04
-1.089255046099424362e-02
5.345302447676658630e-02
1.601288840174674988e-02
-2.162760682404041290e-02
3.031909279525279999e-02
-3.474854398518800735e-03
-3.094118088483810425e-02
8.775795809924602509e-03
1.892301626503467560e-02
2.653231844305992126e-02
2.339470200240612030e-03
-7.834208081476390362e-04
-8.616022765636444092e-03
2.503039315342903137e-03
-4.454097151756286621e-02
5.983413662761449814e-03
-1.974018104374408722e-02
6.892252247780561447e-03
5.750050302594900131e-03
8.811189793050289154e-03
2.663555555045604706e-02
4.790596663951873779e-02
-1.302971225231885910e-02
-2.177788689732551575e-02
-8.195704780519008636e-03
1.295291446149349213e-02
-5.410121288150548935e-03
5.852107889950275421e-03
3.787688910961151123e-04
-2.773395553231239319e-02
3.103700652718544006e-02
-8.361577987670898438e-03
2.523144241422414780e-03
1.059602946043014526e-02
-2.461982704699039459e-02
-1.043810974806547165e-02
-2.331773750483989716e-02
-1.700189709663391113e-02
-1.950228773057460785e-02
-2.312977612018585205e-02
-2.508597262203693390e-02
-1.076299417763948441e-02
5.042052362114191055e-03
-5.449654534459114075e-02
-3.736374527215957642e-02
-4.647298902273178101e-02
-3.217684850096702576e-02
-2.527103014290332794e-02
-4.746428877115249634e-02
-2.425702475011348724e-02
-7.912620902061462402e-03
-1.358800102025270462e-02
-1.281079184263944626e-02
-1.578694558702409267e-03
2.319575101137161255e-02
-3.792345896363258362e-02
-4.789143428206443787e-02
-3.843325749039649963e-02
-3.178673237562179565e-02
-4.290102422237396240e-02
-3.193919360637664795e-02
7.317920681089162827e-03
5.328688770532608032e-02
2.143112011253833771e-02
-5.539496778510510921e-04
3.003764897584915161e-02
9.322109632194042206e-03
2.657861076295375824e-02
3.109825961291790009e-02
1.326850894838571548e-02
2.389292046427726746e-02
1.763024018146097660e-03
3.343045711517333984e-02
-1.259021647274494171e-02
1.985443290323019028e-03
-1.108998712152242661e-02
-2.482958510518074036e-02
-3.400927409529685974e-02
-2.943484298884868622e-02
-2.935118786990642548e-02
-3.403595462441444397e-02
-2.882657572627067566e-02
1.407034229487180710e-02
2.011603303253650665e-02
2.547229267656803131e-02
4.487870261073112488e-02
5.152267869561910629e-03
2.269873395562171936e-02
-7.674214988946914673e-02
-7.839885354042053223e-02
-4.234935343265533447e-02
-2.874635718762874603e-02
-1.991896703839302063e-02
-1.433092169463634491e-02
-3.794934367761015892e-03
-2.620977582409977913e-03
4.446690529584884644e-02
-6.366532295942306519e-02
-5.372614786028862000e-02
-2.850623987615108490e-02
-1.737130060791969299e-02
8.518466725945472717e-03
3.560822084546089172e-02
-4.426770657300949097e-02
2.141439169645309448e-02
2.569997496902942657e-02
-9.236944606527686119e-04
1.753115095198154449e-02
-3.901301883161067963e-03
-1.631413213908672333e-02
-2.020812034606933594e-02
-1.466066576540470123e-02
-1.037399517372250557e-03
5.952117498964071274e-03
4.867122322320938110e-02
-2.248871698975563049e-02
-5.551833659410476685e-02
1.544394646771252155e-03
8.888449519872665405e-03
-8.731023408472537994e-03
2.268761210143566132e-02
4.939680173993110657e-02
1.373365148901939392e-02
3.386735916137695312e-02
7.552944123744964600e-02
6.268606334924697876e-02
6.550613790750503540e-02
-2.440553158521652222e-02
-3.181295469403266907e-02
-2.855773456394672394e-02
-1.352480705827474594e-02
-8.523314259946346283e-03
-3.748028352856636047e-02
-1.592591754160821438e-03
6.530885584652423859e-03
5.451012775301933289e-02
7.448188215494155884e-02
3.132029250264167786e-02
4.920740053057670593e-02
5.391296744346618652e-02
6.620189175009727478e-03
-1.141164544969797134e-02
9.287896566092967987e-03
-1.038092095404863358e-02
-1.350360922515392303e-02
-4.432506393641233444e-03
-4.691505804657936096e-03
-9.590703062713146210e-03
-2.341153100132942200e-02
-1.266393344849348068e-02
-7.892590947449207306e-03
-7.150787278078496456e-04
-2.695023454725742340e-02
-2.900087088346481323e-02
1.557195093482732773e-02
-4.468842409551143646e-03
-7.522931788116693497e-03
-4.067407920956611633e-02
-2.749025635421276093e-02
-8.965482003986835480e-03
-1.115590240806341171e-02
-1.494091376662254333e-02
-1.472345180809497833e-02
1.039759628474712372e-02
-2.172099612653255463e-02
-1.350865792483091354e-02
-3.691036486998200417e-03
-2.277190238237380981e-02
1.294044032692909241e-02
-2.112797461450099945e-02
-4.906783346086740494e-03
-1.334637217223644257e-02
-1.927443780004978180e-02
5.623732693493366241e-03
3.595077246427536011e-02
2.338814083486795425e-03
-3.792063333094120026e-03
6.221976503729820251e-02
1.290142256766557693e-02
1.013792306184768677e-02
3.695834428071975708e-02
-1.362621784210205078e-02
-4.430811852216720581e-03
-3.699054569005966187e-02
-2.354874834418296814e-02
-2.884308248758316040e-02
-6.379436701536178589e-02
3.309139236807823181e-02
2.693141251802444458e-02
4.302834719419479370e-02
-3.399134427309036255e-02
-1.851305551826953888e-02
7.366437930613756180e-03
-3.299782797694206238e-02
-5.610677599906921387e-02
-6.358177959918975830e-02
4.699407890439033508e-02
3.003053180873394012e-02
-1.921258121728897095e-02
2.937195822596549988e-02
1.416603103280067444e-02
-2.089976891875267029e-02
-2.820471301674842834e-03
4.765278659760951996e-03
-3.932437859475612640e-03
8.330129832029342651e-02
5.314634740352630615e-02
3.266044706106185913e-02
3.067672625184059143e-02
9.883590042591094971e-03
3.161441534757614136e-02
5.076942965388298035e-03
-1.706224493682384491e-02
5.006355931982398033e-04
-7.432647049427032471e-03
-1.592802442610263824e-02
-2.200565859675407410e-02
8.206527680158615112e-03
1.923642866313457489e-02
3.575033321976661682e-02
2.236328087747097015e-02
3.671732172369956970e-02
3.370441496372222900e-02
-1.273290545213967562e-04
-2.206853777170181274e-02
-2.119273645803332329e-03
2.009909413754940033e-02
-3.296888992190361023e-02
-2.015540562570095062e-02
-2.166332118213176727e-02
-4.564413428306579590e-02
-2.792318351566791534e-02
-3.201279789209365845e-03
7.332634995691478252e-04
-1.843273639678955078e-02
1.421554759144783020e-02
-2.329936996102333069e-02
-4.938350245356559753e-02
5.172258988022804260e-02
-6.880938541144132614e-03
-4.335903748869895935e-02
2.375341020524501801e-02
3.932030498981475830e-02
1.390218548476696014e-02
2.961218357086181641e-02
6.200170889496803284e-02
4.316360875964164734e-02
4.310356453061103821e-02
7.217058539390563965e-02
2.467322722077369690e-02
-5.998593196272850037e-02
-2.425721660256385803e-02
-3.499435260891914368e-02
-5.201447382569313049e-02
-4.837168008089065552e-02
-2.742922119796276093e-02
-5.354228615760803223e-02
-6.053384020924568176e-02
-3.034102916717529297e-02
-2.413610368967056274e-02
-1.535421609878540039e-02
-3.086991142481565475e-03
2.518571913242340088e-02
-1.785179413855075836e-02
-2.366535365581512451e-02
2.536908350884914398e-02
-4.856819286942481995e-03
-2.520357072353363037e-02
-2.904745191335678101e-02
-4.013547673821449280e-02
-2.089125104248523712e-02
1.182407513260841370e-02
2.591234864667057991e-03
-1.135393697768449783e-02
3.165146708488464355e-02
1.695355400443077087e-02
-3.713602200150489807e-03
6.103857606649398804e-02
2.725027687847614288e-02
3.718792274594306946e-02
-8.580822497606277466e-03
-1.553918793797492981e-02
2.104958519339561462e-02
-5.103025212883949280e-02
-3.590280935168266296e-02
-2.669184235855937004e-03
-2.105694077908992767e-02
-6.130765005946159363e-02
-5.016237124800682068e-02
4.916195292025804520e-03
-1.842606253921985626e-02
-3.421010822057723999e-02
6.668576970696449280e-03
2.020285278558731079e-02
3.115734085440635681e-02
4.562240466475486755e-02
3.437664359807968140e-02
2.328351698815822601e-02
1.545800454914569855e-02
1.125144772231578827e-02
-3.789126058109104633e-04
5.392386112362146378e-03
-2.430459298193454742e-02
-6.288105249404907227e-02
5.621545016765594482e-03
3.996101208031177521e-03
-1.100871060043573380e-02
1.022260449826717377e-02
1.463391724973917007e-02
-2.780428156256675720e-02
3.149384632706642151e-02
1.613291352987289429e-02
-1.597710326313972473e-02
-2.715033292770385742e-02
5.741280969232320786e-03
3.770171478390693665e-02
6.458287243731319904e-04
4.215808585286140442e-02
1.778645068407058716e-02
4.885017126798629761e-02
4.815569147467613220e-02
1.374979969114065170e-02
-1.675302349030971527e-02
-4.136267304420471191e-02
-5.253087729215621948e-03
3.051901512662880123e-05
6.786559242755174637e-03
1.018464099615812302e-02
-9.995648637413978577e-03
-5.997105035930871964e-04
2.346872910857200623e-02
-1.893109991215169430e-03
-2.316287532448768616e-02
-1.303423754870891571e-02
2.620090171694755554e-02
3.324964269995689392e-02
3.480071201920509338e-02
4.416093602776527405e-02
3.629781678318977356e-02
8.293028920888900757e-03
2.897769212722778320e-02
4.116989299654960632e-02
3.992975503206253052e-02
1.071896869689226151e-02
2.855993434786796570e-02
3.848687559366226196e-02
9.536202065646648407e-03
-2.304308488965034485e-02
-1.937835477292537689e-02
5.646500736474990845e-02
8.531688898801803589e-02
3.843595087528228760e-02
6.291125901043415070e-03
1.554342731833457947e-02
6.671973038464784622e-03
-1.308294292539358139e-02
-1.940028392709791660e-03
1.448890287429094315e-02
9.844116866588592529e-03
1.493655890226364136e-02
-1.414839527569711208e-03
3.849601838737726212e-03
1.962792500853538513e-02
1.427671639248728752e-03
3.804692998528480530e-02
5.924900248646736145e-02
5.086130276322364807e-02
-5.129730794578790665e-03
2.806136757135391235e-02
2.106233686208724976e-02
1.577715016901493073e-02
2.210241928696632385e-02
4.263887554407119751e-02
5.333684012293815613e-02
4.665517807006835938e-02
5.155806615948677063e-02
-4.718583822250366211e-02
-6.358629465103149414e-02
-3.975030034780502319e-02
-1.655133627355098724e-02
-4.951729997992515564e-02
-6.748178601264953613e-02
1.094288751482963562e-02
-1.836900413036346436e-02
-1.375596504658460617e-02
-4.560797289013862610e-02
-3.526657819747924805e-02
-3.782541304826736450e-02
-5.692879483103752136e-02
-2.111133374273777008e-02
-9.980920702219009399e-03
2.034091576933860779e-02
2.647122740745544434e-02
1.207427773624658585e-02
-5.090563744306564331e-02
-5.748962983489036560e-02
-3.992002829909324646e-02
-3.439859673380851746e-02
-3.787380456924438477e-02
-1.303310506045818329e-02
-1.483496278524398804e-02
7.147933822125196457e-03
3.038467140868306160e-03
-4.978196229785680771e-03
-2.903019636869430542e-02
-9.769699536263942719e-03
-3.320708870887756348e-02
-2.664049156010150909e-02
3.656171029433608055e-03
1.817885041236877441e-02
-7.194817997515201569e-03
-6.667122244834899902e-03
1.678120717406272888e-02
3.204400883987545967e-03
1.948285289108753204e-02
-3.123444505035877228e-02
-4.761388408951461315e-04
7.523986045271158218e-03
-5.073683336377143860e-02
-1.856647059321403503e-02
-6.407503969967365265e-03
-3.999558836221694946e-02
-5.977666378021240234e-02
-5.953334644436836243e-02
-2.197896363213658333e-03
-2.329261228442192078e-02
-4.262153059244155884e-02
2.273063641041517258e-03
-3.361450508236885071e-03
-1.621226221323013306e-02
-3.728776425123214722e-02
-3.806269913911819458e-02
-4.753585904836654663e-02
-7.532725483179092407e-02
-7.511847466230392456e-02
-9.479241073131561279e-02
-3.501374274492263794e-02
-2.900515124201774597e-02
-5.185745656490325928e-02
-1.713830232620239258e-02
8.653873577713966370e-03
-2.447510603815317154e-03
-1.416334183886647224e-03
1.443402469158172607e-02
2.418108284473419189e-02
1.619443483650684357e-02
-1.654155179858207703e-02
-9.833670221269130707e-03
5.072181671857833862e-02
1.115852687507867813e-02
-2.171136625111103058e-02
2.001497335731983185e-02
-1.356053282506763935e-03
-2.313043735921382904e-02
-1.187402382493019104e-02
3.920931369066238403e-03
-5.584839731454849243e-03
3.910049423575401306e-02
-1.194882392883300781e-02
-2.815404674038290977e-03
3.012843988835811615e-02
9.111378341913223267e-03
4.575439542531967163e-02
1.433606538921594620e-02
-4.595304839313030243e-03
3.625968843698501587e-02
-5.933296307921409607e-02
-6.134988740086555481e-02
-3.400595113635063171e-02
-3.313370048999786377e-02
-2.650033496320247650e-02
-1.678002625703811646e-02
4.014114663004875183e-02
2.327734604477882385e-02
5.685966927558183670e-03
4.035656154155731201e-02
3.278078138828277588e-02
6.022261455655097961e-02
4.773846641182899475e-02
2.138238213956356049e-02
3.796342760324478149e-02
6.864058226346969604e-02
5.349155515432357788e-02
1.115399412810802460e-02
-1.197823882102966309e-02
-2.364174462854862213e-02
-5.670556798577308655e-02
-2.009197697043418884e-02
-5.221962556242942810e-02
-9.176652878522872925e-02
9.500697255134582520e-03
-2.141685597598552704e-02
-6.326255202293395996e-02
-2.172454074025154114e-02
7.306239008903503418e-02
2.810641750693321228e-02
-3.741507232189178467e-02
1.524942647665739059e-02
-9.855762124061584473e-03
-3.382121771574020386e-02
-3.941413387656211853e-02
-4.821810126304626465e-02
-2.409392409026622772e-02
-2.685059979557991028e-02
-1.086610555648803711e-02
-4.378095269203186035e-02
-3.434469550848007202e-02
-8.777718059718608856e-03
-2.222888171672821045e-02
-2.835278213024139404e-02
-1.044439431279897690e-02
-3.754108399152755737e-02
-3.206498920917510986e-02
3.316330490633845329e-03
1.496384199708700180e-02
1.618475653231143951e-02
2.672266401350498199e-02
4.681346565485000610e-02
7.559692859649658203e-02
5.270177498459815979e-02
1.929761841893196106e-02
2.552248351275920868e-02
3.425842896103858948e-02
2.267829142510890961e-02
9.320622310042381287e-03
2.156887389719486237e-02
-3.988849371671676636e-02
-3.132563456892967224e-02
1.367715466767549515e-02
6.124285981059074402e-03
1.629973948001861572e-02
6.086823716759681702e-02
2.928227186203002930e-02
1.116641797125339508e-02
2.106308937072753906e-02
1.234468258917331696e-02
1.015008427202701569e-02
-7.135347463190555573e-03
2.043944085016846657e-03
3.198209451511502266e-03
-1.047453843057155609e-02
-7.498998311348259449e-04
-1.024396624416112900e-02
-1.634486392140388489e-02
-2.284334227442741394e-02
2.170434221625328064e-03
1.637393981218338013e-02
-1.721454784274101257e-02
-6.954698823392391205e-03
-2.100021950900554657e-02
-1.337282476015388966e-03
2.441789582371711731e-02
4.019349813461303711e-02
1.883432082831859589e-02
7.216338813304901123e-02
7.904019206762313843e-02
-2.402166603133082390e-03
1.942197605967521667e-02
1.490778196603059769e-02
5.507925059646368027e-03
2.218073606491088867e-02
2.235396206378936768e-02
9.650210849940776825e-03
3.564010187983512878e-02
3.546191751956939697e-02
3.737425198778510094e-03
-6.561914458870887756e-03
-2.944180555641651154e-02
-5.455565638840198517e-03
2.167521044611930847e-03
-8.647554554045200348e-03
1.545112207531929016e-02
4.703304171562194824e-02
5.514606460928916931e-02
-2.827057242393493652e-02
-3.027084842324256897e-02
-9.887098334729671478e-03
-2.554096654057502747e-02
-3.312839940190315247e-02
-2.395347133278846741e-02
-1.640703715384006500e-02
-2.920870296657085419e-02
-8.578252047300338745e-03
-3.921758010983467102e-02
-1.583302021026611328e-02
-3.621139330789446831e-03
-7.551288604736328125e-02
-3.896342962980270386e-02
-2.645667456090450287e-02
-1.133400946855545044e-02
-1.760243065655231476e-02
-2.220879308879375458e-02
4.170639812946319580e-02
3.337943926453590393e-02
3.423719480633735657e-02
1.575566129758954048e-03
-2.609559334814548492e-02
-1.107391342520713806e-02
-1.113667339086532593e-02
-2.067033946514129639e-02
-3.058135136961936951e-02
-2.637214958667755127e-02
-5.178671702742576599e-02
-6.729514896869659424e-02
-3.200538456439971924e-02
-6.252953410148620605e-02
-8.127783983945846558e-02
-3.802029788494110107e-02
-6.499302387237548828e-02
-6.087165698409080505e-02
5.655540619045495987e-03
-5.947919096797704697e-03
6.771505577489733696e-04
-2.741166576743125916e-02
3.935935348272323608e-02
6.313775479793548584e-02
7.902205106802284718e-05
1.702565141022205353e-02
2.360726334154605865e-02
2.561750821769237518e-02
1.042376551777124405e-02
3.853925317525863647e-02
1.683230698108673096e-02
-7.700964808464050293e-03
-4.636456724256277084e-03
5.611435975879430771e-03
-2.036925591528415680e-02
-4.416564106941223145e-02
-3.111186064779758453e-02
-2.644533291459083557e-02
-4.924441874027252197e-02
-7.369482424110174179e-03
-2.644254267215728760e-02
-3.288170695304870605e-02
-4.270850867033004761e-02
-5.372432246804237366e-02
-3.403795510530471802e-02
7.914454676210880280e-03
-9.446222335100173950e-03
-1.734337955713272095e-02
2.277400158345699310e-02
-2.012343145906925201e-02
-4.099452868103981018e-02
3.770219907164573669e-02
7.585634477436542511e-03
2.496255189180374146e-02
-3.352785110473632812e-02
-1.425887644290924072e-02
-3.294957801699638367e-02
-1.505449414253234863e-02
-2.753406576812267303e-02
-6.451029330492019653e-02
-6.790617853403091431e-02
-8.173690736293792725e-02
-7.664848864078521729e-02
-3.410911560058593750e-02
-4.621738195419311523e-02
2.647765539586544037e-02
-2.664413675665855408e-02
-4.680169001221656799e-02
-2.039657265413552523e-04
3.733668848872184753e-02
6.024333462119102478e-02
7.776060700416564941e-02
-3.129121288657188416e-02
-3.409353271126747131e-02
-6.558593362569808960e-02
-1.296590827405452728e-02
-9.791122749447822571e-03
-1.383939944207668304e-02
5.294288974255323410e-03
-9.262323379516601562e-03
-1.449646335095167160e-02
8.630882948637008667e-03
-2.773599512875080109e-02
2.792041748762130737e-03
1.378633640706539154e-02
-1.316427835263311863e-03
2.123684389516711235e-03
3.393449634313583374e-02
4.279333166778087616e-03
3.250773623585700989e-02
2.484809793531894684e-02
2.630192786455154419e-02
4.732884000986814499e-03
1.889547891914844513e-02
4.038239642977714539e-02
3.743016347289085388e-02
2.339896000921726227e-02
5.403387546539306641e-02
7.482956349849700928e-02
2.651447616517543793e-02
2.939520403742790222e-02
4.868924617767333984e-02
6.812889594584703445e-03
-2.307657524943351746e-02
-2.135098725557327271e-02
2.073520980775356293e-02
-1.323038060218095779e-02
-4.018920660018920898e-02
8.585884235799312592e-03
1.877086609601974487e-02
-3.417377127334475517e-03
2.566683851182460785e-02
3.210469707846641541e-02
-2.025048946961760521e-03
2.597750909626483917e-02
2.273186855018138885e-02
2.166516333818435669e-02
5.738813895732164383e-03
2.230744063854217529e-02
5.867155268788337708e-02
-1.611163467168807983e-02
7.380653172731399536e-03
3.730438277125358582e-02
1.507612224668264389e-02
1.679700613021850586e-02
3.097654320299625397e-02
5.967380478978157043e-03
1.569109037518501282e-02
3.602895885705947876e-02
-4.737253114581108093e-02
-1.878180913627147675e-02
2.979770535603165627e-03
-4.352520778775215149e-02
-4.765024408698081970e-02
-2.718456089496612549e-02
1.436034869402647018e-02
2.220955677330493927e-02
2.024231292307376862e-02
3.070978447794914246e-03
-1.299253664910793304e-02
-9.401781484484672546e-03
1.976381987333297729e-03
-2.451865747570991516e-02
8.118755184113979340e-03
5.749914795160293579e-02
4.903861507773399353e-02
4.049179330468177795e-02
2.711633779108524323e-02
7.465174049139022827e-02
8.326590061187744141e-02
-1.770906709134578705e-02
8.315565064549446106e-03
1.992943510413169861e-02
-3.011737018823623657e-02
-4.343310371041297913e-02
-5.701341852545738220e-02
-3.204635903239250183e-02
-1.604405231773853302e-02
-3.754852339625358582e-02
-2.841819263994693756e-02
-3.739356994628906250e-02
-5.032325163483619690e-02
2.083526737987995148e-02
-2.901165746152400970e-02
-4.269026219844818115e-02
2.102625742554664612e-02
-4.531959816813468933e-02
-3.503017500042915344e-02
-3.022285923361778259e-02
-5.516213551163673401e-02
-3.259994834661483765e-02
-4.508503153920173645e-02
-4.109081998467445374e-02
-2.116226591169834137e-02
-1.728425920009613037e-02
-1.675195246934890747e-02
-9.448093362152576447e-03
1.203474309295415878e-02
-4.609398543834686279e-03
9.843664243817329407e-03
-6.065398920327425003e-03
2.907783724367618561e-03
9.610221721231937408e-03
5.293211899697780609e-03
-1.606431789696216583e-02
-3.646079683676362038e-03
4.136432334780693054e-02
-6.910840515047311783e-03
2.301318943500518799e-02
2.637421945109963417e-03
1.930311322212219238e-02
5.396302323788404465e-03
-3.590776026248931885e-02
-2.836699225008487701e-02
-1.925673335790634155e-02
-3.764504194259643555e-02
-2.588005736470222473e-02
-3.138648718595504761e-02
5.521586164832115173e-03
-2.072841115295886993e-02
-3.468692768365144730e-03
-7.613947615027427673e-03
-3.294661641120910645e-02
-5.959093943238258362e-02
1.330689713358879089e-02
-2.924739196896553040e-02
-3.755164146423339844e-02
3.464798908680677414e-03
-4.850622266530990601e-03
-2.946633845567703247e-03
9.531433694064617157e-03
-1.647837576456367970e-03
-4.016797058284282684e-03
4.993315786123275757e-03
-3.473088145256042480e-03
1.292832568287849426e-02
1.855525746941566467e-02
6.933913100510835648e-04
-5.728079006075859070e-03
-2.356568537652492523e-02
-3.792307898402214050e-02
-5.971987545490264893e-02
-3.894918784499168396e-02
-6.145873665809631348e-02
-6.883808970451354980e-02
3.435717150568962097e-02
3.327993303537368774e-02
6.784988800063729286e-04
3.075953945517539978e-02
2.845439314842224121e-02
6.889937911182641983e-03
5.839220713824033737e-03
-9.276969358325004578e-03
-7.176890037953853607e-03
-1.596539467573165894e-02
-2.777347341179847717e-02
-4.890563711524009705e-02
-8.233379776356741786e-05
-1.761753112077713013e-02
-2.535304613411426544e-02
-3.963635861873626709e-02
-4.057129099965095520e-02
-4.425721243023872375e-02
5.725552793592214584e-03
9.412645362317562103e-03
3.136675059795379639e-02
-1.950800046324729919e-02
-1.637102849781513214e-02
-8.405786007642745972e-03
-8.293885737657546997e-03
-1.102756895124912262e-02
-1.891197822988033295e-02
-1.871069520711898804e-02
-3.829391207545995712e-04
3.459938243031501770e-02
-3.655664622783660889e-02
-1.072564814239740372e-02
-1.271674060262739658e-03
-1.152802631258964539e-02
5.272123590111732483e-02
5.771814659237861633e-02
7.718598470091819763e-03
-1.577127911150455475e-02
-2.811644971370697021e-02
1.873788423836231232e-02
1.530103571712970734e-02
-2.119081094861030579e-03
-1.033831294625997543e-02
-3.420935571193695068e-02
-4.329879209399223328e-02
1.405190210789442062e-02
5.516401026397943497e-03
2.705352194607257843e-02
-1.842508325353264809e-03
-4.135368019342422485e-02
-4.380732402205467224e-02
-3.508101776242256165e-02
-5.084513872861862183e-02
-4.023119434714317322e-02
-1.955915056169033051e-02
-1.242783293128013611e-02
2.619609422981739044e-02
-3.008842654526233673e-02
-3.515629470348358154e-02
-1.319495867937803268e-02
-5.939798429608345032e-02
-3.174618631601333618e-02
3.346351534128189087e-02
3.169200569391250610e-02
3.693660348653793335e-02
4.488579183816909790e-02
5.981909576803445816e-03
1.803596504032611847e-02
1.589487539604306221e-03
-2.720469050109386444e-02
-2.590374276041984558e-02
-3.404887020587921143e-02
-2.198559977114200592e-02
-2.553433924913406372e-02
-3.016137704253196716e-02
-4.010191932320594788e-02
-5.966525897383689880e-02
-4.023556411266326904e-02
-2.994191460311412811e-02
-7.607409358024597168e-02
-4.210628941655158997e-02
3.207957744598388672e-02
1.693639904260635376e-02
2.189422585070133209e-02
1.438806205987930298e-02
-3.242822363972663879e-02
-1.515848655253648758e-02
2.712673135101795197e-02
-7.880225777626037598e-03
6.917521823197603226e-03
-2.382278069853782654e-02
-2.970176748931407928e-02
-4.413995891809463501e-02
-3.155574947595596313e-02
-3.631239384412765503e-02
-5.923402681946754456e-02
-6.334426999092102051e-02
-5.602145195007324219e-02
-7.111177593469619751e-02
8.044529706239700317e-03
1.307408232241868973e-02
2.117727883160114288e-02
-8.509621955454349518e-03
5.911687854677438736e-03
1.146064139902591705e-03
-7.061505690217018127e-03
-1.550626661628484726e-02
-6.662357132881879807e-03
-2.705959230661392212e-02
-3.044780343770980835e-02
-2.909441106021404266e-02
-7.596211507916450500e-03
-6.126445531845092773e-02
-7.164147496223449707e-02
3.295714408159255981e-02
-6.856000400148332119e-04
-1.468162052333354950e-02
-7.120668888092041016e-03
-7.376965600997209549e-03
2.489878097549080849e-03
1.541869807988405228e-02
3.307440876960754395e-02
4.480633884668350220e-02
2.926115877926349640e-02
5.851349793374538422e-03
2.899882942438125610e-02
-1.357892248779535294e-02
7.232113741338253021e-03
-4.978334531188011169e-03
5.806692875921726227e-03
1.774185523390769958e-02
3.822962567210197449e-02
1.807139813899993896e-02
3.584805503487586975e-02
9.876602143049240112e-02
3.675768896937370300e-02
3.316391259431838989e-02
1.946148090064525604e-02
-1.673357002437114716e-02
-3.746452555060386658e-02
-2.077902108430862427e-02
-8.190425112843513489e-03
-2.709751948714256287e-02
-3.232172504067420959e-02
1.764792390167713165e-02
9.536501951515674591e-03
3.753074258565902710e-02
2.686899155378341675e-02
-1.194419572129845619e-03
8.094882592558860779e-03
3.761212527751922607e-02
1.779659464955329895e-02
-8.228343911468982697e-03
-2.640458382666110992e-02
-1.095270086079835892e-02
-1.665412099100649357e-03
-3.059023991227149963e-02
-4.401842877268791199e-02
5.474392790347337723e-03
-1.584748737514019012e-02
-3.029820322990417480e-02
6.889278069138526917e-03
6.632381584495306015e-03
-8.351235650479793549e-03
-1.039054710417985916e-02
1.527058519423007965e-02
-1.026290375739336014e-02
-1.514334138482809067e-02
7.201718981377780437e-04
-8.525321260094642639e-03
-2.872572839260101318e-02
5.366868525743484497e-02
3.155087307095527649e-02
4.321955144405364990e-02
3.307289257645606995e-02
1.795833557844161987e-02
1.352724712342023849e-02
2.222640998661518097e-02
2.607306092977523804e-02
4.822098091244697571e-02
1.060053985565900803e-02
-5.331646278500556946e-02
-3.962548449635505676e-02
-1.478966698050498962e-02
-6.062551587820053101e-02
-3.912184014916419983e-02
-3.900910541415214539e-02
-2.074853889644145966e-02
-3.372114151716232300e-02
6.667962670326232910e-02
3.398626297712326050e-02
6.142160668969154358e-02
2.263215370476245880e-02
1.133691053837537766e-02
1.278457604348659515e-02
6.323815789073705673e-03
1.611047540791332722e-03
7.269913330674171448e-03
-1.591163687407970428e-02
-2.430865354835987091e-02
-4.895615950226783752e-02
-5.019458383321762085e-02
-3.102930262684822083e-02
-3.293821215629577637e-02
-7.120231539011001587e-02
-5.206012353301048279e-02
-3.657609596848487854e-02
-2.523932978510856628e-02
-2.618228085339069366e-02
-4.718203470110893250e-02
1.989895664155483246e-02
2.340492606163024902e-02
2.149223536252975464e-02
5.805465206503868103e-02
4.200691357254981995e-02
8.718985319137573242e-02
3.725248202681541443e-02
1.035614032298326492e-02
8.794509805738925934e-03
3.038933500647544861e-02
1.008211448788642883e-02
1.817604643292725086e-03
2.554342336952686310e-02
3.449407592415809631e-02
1.122666057199239731e-02
1.133911870419979095e-02
-1.175187528133392334e-02
9.228622540831565857e-03
-1.863701455295085907e-02
-2.186317555606365204e-02
9.919304400682449341e-03
6.304371636360883713e-03
3.901058807969093323e-02
4.071895778179168701e-02
8.102298714220523834e-03
5.619976203888654709e-03
-7.861068006604909897e-04
-7.406039629131555557e-03
-6.164490710943937302e-03
-1.505110505968332291e-02
-3.891088813543319702e-02
-4.218744114041328430e-02
-2.666760981082916260e-02
6.472590565681457520e-02
3.731303382664918900e-03
2.204415574669837952e-02
2.285598032176494598e-02
-2.540645003318786621e-02
-2.221068926155567169e-02
3.239363059401512146e-02
4.929496441036462784e-03
-3.426694124937057495e-02
1.290332525968551636e-03
7.753534242510795593e-03
-1.685633440501987934e-03
1.399666536599397659e-02
2.134728990495204926e-02
1.701460033655166626e-02
9.441736154258251190e-03
-1.591398566961288452e-02
-1.644507236778736115e-02
2.702005766332149506e-02
1.032235100865364075e-02
-1.057545188814401627e-02
1.486083492636680603e-03
-3.279638243839144707e-03
-2.492342377081513405e-03
3.668734105303883553e-03
6.918863393366336823e-03
-1.293746381998062134e-02
2.568643353879451752e-02
4.997123614884912968e-04
4.006779566407203674e-02
-5.867347121238708496e-03
-2.847552672028541565e-02
-3.173923119902610779e-03
2.380774728953838348e-02
-1.014823210425674915e-04
1.475325599312782288e-02
2.077990770339965820e-02
1.670127734541893005e-02
1.351989223621785641e-03
9.812513366341590881e-03
2.153337700292468071e-03
-9.438464418053627014e-03
-7.374474313110113144e-03
1.296577230095863342e-02
6.947578396648168564e-03
1.429717289283871651e-03
4.005550406873226166e-03
-1.123532932251691818e-02
1.335855573415756226e-02
-8.919459069147706032e-04
-9.648420847952365875e-03
2.110155113041400909e-02
-6.505627650767564774e-03
-2.693651476874947548e-03
-7.546757347881793976e-03
1.519935321994125843e-03
-2.126701362431049347e-02
-7.723724469542503357e-03
-2.041589003056287766e-03
-3.416506201028823853e-02
-2.295133844017982483e-02
-4.133845865726470947e-02
-9.615084528923034668e-02
-3.294314071536064148e-02
-3.915051743388175964e-02
-8.508551865816116333e-03
-3.964803367853164673e-02
-4.455139394849538803e-03
1.379136182367801666e-02
2.796137519180774689e-02
3.405476361513137817e-02
1.429133117198944092e-02
1.613509096205234528e-02
1.090919785201549530e-02
-1.031154952943325043e-02
-8.916240185499191284e-03
-3.435036633163690567e-03
-1.813979260623455048e-02
-1.310115773230791092e-02
7.556920405477285385e-03
1.406744588166475296e-02
9.065607562661170959e-03
1.091052498668432236e-02
3.608950646594166756e-03
-1.473176851868629456e-02
-1.019643503241240978e-03
9.962421841919422150e-03
4.615377634763717651e-02
3.112768940627574921e-02
2.236016467213630676e-02
-2.732134051620960236e-02
-2.227745950222015381e-02
-2.244961820542812347e-02
-3.321439400315284729e-02
-2.946802601218223572e-02
-4.167669638991355896e-02
-6.670755147933959961e-02
-4.558605328202247620e-02
-5.271184071898460388e-02
-7.083656382746994495e-04
-6.964824162423610687e-03
1.016995124518871307e-02
-3.109145350754261017e-02
-2.395711839199066162e-02
-2.958696149289608002e-02
-3.505316376686096191e-02
-5.197989568114280701e-02
-4.973627626895904541e-02
4.617875814437866211e-02
2.032377757132053375e-02
8.096855133771896362e-03
-1.561162713915109634e-02
-1.489928923547267914e-02
-1.177441608160734177e-02
-3.490489721298217773e-02
-3.136382997035980225e-02
-4.284488782286643982e-02
-5.852008610963821411e-02
-6.146282702684402466e-02
-4.514956474304199219e-02
-2.328392677009105682e-02
-2.564670331776142120e-02
-2.244299836456775665e-02
6.855844054371118546e-03
8.782842196524143219e-03
2.078960463404655457e-02
2.307029999792575836e-02
-8.485391736030578613e-03
-6.569055374711751938e-03
9.035471593961119652e-04
-1.733668707311153412e-02
-2.653031982481479645e-02
1.812525279819965363e-02
4.508843272924423218e-02
2.656078524887561798e-02
-4.583439603447914124e-02
-3.307338431477546692e-02
-4.555667191743850708e-02
-1.942928694188594818e-02
-1.877555251121520996e-02
-3.610813990235328674e-02
-5.849664099514484406e-03
6.742018274962902069e-03
-2.156352996826171875e-02
-4.319340456277132034e-03
-1.232787314802408218e-02
-6.335197482258081436e-03
-5.591390654444694519e-03
-1.823144033551216125e-02
-2.403751015663146973e-02
5.028169974684715271e-02
1.124994549900293350e-02
-1.393441576510667801e-02
-3.262283653020858765e-02
-3.124727495014667511e-02
-3.996371850371360779e-02
-2.098696492612361908e-02
-1.423502154648303986e-02
3.118028631433844566e-03
5.345297604799270630e-02
5.712497234344482422e-02
6.316682696342468262e-02
-2.974988333880901337e-02
-2.214409969747066498e-02
-2.182820811867713928e-02
-4.336599260568618774e-02
-3.876268491148948669e-02
-2.786286175251007080e-02
-2.201707661151885986e-02
-3.251811116933822632e-02
-3.922277316451072693e-02
-1.358317490667104721e-02
-1.464214082807302475e-02
-2.802021801471710205e-02
-6.436754949390888214e-03
-6.928428541868925095e-03
-1.319778896868228912e-02
2.086165826767683029e-03
1.032137218862771988e-02
1.648157835006713867e-02
-2.637323923408985138e-02
-3.538965806365013123e-02
-2.565418928861618042e-02
5.657644942402839661e-03
3.277569543570280075e-03
2.058265917003154755e-02
2.698934264481067657e-02
3.489880636334419250e-02
4.608977586030960083e-02
2.613715187180787325e-04
5.610040854662656784e-03
3.821222856640815735e-02
-1.529776956886053085e-02
-3.999685402959585190e-03
8.472442626953125000e-03
1.357546634972095490e-02
2.878593653440475464e-02
-2.317225374281406403e-02
1.249295566231012344e-02
-2.580596366897225380e-03
1.578661031089723110e-03
2.641075663268566132e-02
9.167049080133438110e-03
1.003774814307689667e-02
1.363077852874994278e-02
-3.631198778748512268e-03
2.877670340240001678e-03
-2.184269018471240997e-02
-1.690763607621192932e-02
-1.399301365017890930e-02
1.921625435352325439e-02
1.040787552483379841e-03
1.877351477742195129e-02
2.077099122107028961e-02
3.018375299870967865e-02
4.761663824319839478e-02
-1.815577782690525055e-02
-4.782172385603189468e-03
-1.674262806773185730e-02
-6.994497962296009064e-03
-9.878580458462238312e-04
-2.172273397445678711e-02
-2.413527481257915497e-02
-2.098998427391052246e-02
-2.201472967863082886e-02
-2.434819005429744720e-02
-1.827137731015682220e-02
-1.084939390420913696e-02
-3.231113031506538391e-02
-1.846002042293548584e-02
-3.376162052154541016e-02
-3.829184547066688538e-02
-2.013966441154479980e-02
-4.004015028476715088e-02
1.760229654610157013e-02
-6.794271990656852722e-03
8.530186489224433899e-03
1.043693348765373230e-02
4.198860551696270704e-04
2.868907153606414795e-02
4.633602872490882874e-02
2.406345866620540619e-02
4.526200145483016968e-02
-1.014233101159334183e-02
-4.094087053090333939e-03
1.208735816180706024e-02
1.812664046883583069e-02
1.246245205402374268e-02
1.141846366226673126e-02
1.065014116466045380e-02
-1.653454266488552094e-02
-1.640489697456359863e-02
-2.241901122033596039e-02
3.071851842105388641e-02
5.028354749083518982e-02
-9.170168079435825348e-03
5.255628749728202820e-02
4.981385543942451477e-02
-4.440157487988471985e-02
4.256480897311121225e-04
1.878772489726543427e-02
-1.161546260118484497e-02
-2.814999781548976898e-02
-1.881297677755355835e-02
-3.811826556921005249e-02
-3.052294626832008362e-02
-1.083977241069078445e-02
-1.982917636632919312e-02
-1.229532714933156967e-02
-1.057983189821243286e-02
-9.044739417731761932e-03
-2.316267043352127075e-02
-2.393633686006069183e-02
2.847883850336074829e-02
2.009378932416439056e-02
2.287133038043975830e-02
-2.050308248726651073e-04
2.878015628084540367e-03
1.328937429934740067e-02
-6.217999011278152466e-02
-4.180908203125000000e-02
-9.438161738216876984e-03
-4.361488670110702515e-02
-3.047919645905494690e-02
-9.335679933428764343e-03
-1.990099251270294189e-02
-9.717782028019428253e-03
-1.674537779763340950e-03
8.835186250507831573e-03
2.152227424085140228e-02
-3.370067803189158440e-03
8.484725840389728546e-03
1.871684752404689789e-02
-1.243288908153772354e-02
-2.866760268807411194e-02
-1.481647882610559464e-02
6.049212999641895294e-03
-2.869199961423873901e-03
-1.049204450100660324e-02
-2.927668578922748566e-02
-1.351452339440584183e-02
-2.974787726998329163e-02
-4.232318699359893799e-02
-4.957168921828269958e-02
-8.447676897048950195e-02
-8.156896382570266724e-02
-4.064171761274337769e-02
-2.253242768347263336e-02
8.433029055595397949e-03
-3.356325998902320862e-02
-1.984010078012943268e-02
-1.893992722034454346e-02
-3.830327093601226807e-02
-2.349423989653587341e-02
1.162716839462518692e-02
-4.705284256488084793e-03
2.691336907446384430e-02
2.512169815599918365e-02
-2.921692840754985809e-02
-1.952372607775032520e-03
-8.661741390824317932e-03
-2.527241967618465424e-02
-1.444396097213029861e-02
-1.852326281368732452e-02
-5.582239944487810135e-03
1.341214496642351151e-02
6.885574199259281158e-03
1.638599112629890442e-02
1.759921573102474213e-02
-9.863084182143211365e-03
-4.973294679075479507e-03
5.057407077401876450e-03
-8.564440649934113026e-04
1.279472000896930695e-02
1.395911257714033127e-02
1.058107335120439529e-02
5.405423231422901154e-03
2.501055132597684860e-04
1.434986572712659836e-02
-2.074618265032768250e-02
-1.502834074199199677e-02
1.927336910739541054e-03
-1.652027480304241180e-02
-4.003519425168633461e-04
1.108081731945276260e-02
-8.254934102296829224e-03
-4.680650308728218079e-03
-9.963794611394405365e-03
-2.532584220170974731e-02
-1.486267987638711929e-02
6.724882870912551880e-03
2.476903423666954041e-02
5.494128912687301636e-03
-7.022491190582513809e-03
-1.707949116826057434e-02
-2.300164476037025452e-02
-1.923080906271934509e-02
-3.177498001605272293e-03
-1.821389538235962391e-03
1.822469383478164673e-02
-1.122580934315919876e-02
1.700796856312081218e-04
-4.441550932824611664e-03
-3.533217124640941620e-03
-7.307047024369239807e-03
-1.342082861810922623e-02
-2.508783899247646332e-02
-2.168396115303039551e-02
-1.021247729659080505e-02
-2.837170846760272980e-02
4.278334788978099823e-03
-1.536603644490242004e-02
-2.946530096232891083e-02
-3.015494160354137421e-02
-2.006515674293041229e-02
-1.440188381820917130e-02
-3.144504502415657043e-02
-2.378914877772331238e-02
2.241282723844051361e-02
-1.520618796348571777e-02
-8.474626578390598297e-03
2.138113230466842651e-02
2.048877440392971039e-02
2.156632766127586365e-02
2.574929781258106232e-02
3.887877240777015686e-02
4.522475227713584900e-02
-2.517930231988430023e-02
-7.143944036215543747e-03
1.175690907984972000e-02
-9.045251645147800446e-03
1.049659308046102524e-02
4.267392680048942566e-02
-2.670202404260635376e-02
-1.113677956163883209e-02
4.769499972462654114e-02
2.378266118466854095e-02
5.246921628713607788e-02
2.416492253541946411e-02
1.515514217317104340e-02
-1.775426976382732391e-02
-3.412274271249771118e-02
3.324583545327186584e-02
-2.521673217415809631e-02
-2.371204271912574768e-02
-3.813851159065961838e-03
1.008573919534683228e-02
8.931661956012248993e-03
9.792187251150608063e-03
1.034692279063165188e-03
-2.829218283295631409e-03
1.002865470945835114e-02
-2.018084190785884857e-02
-4.311756044626235962e-02
-4.368168488144874573e-02
-4.191805049777030945e-02
-2.503179572522640228e-02
-3.309357166290283203e-02
-1.657982729375362396e-02
1.328625343739986420e-02
-2.431838400661945343e-02
1.127448398619890213e-02
1.058449875563383102e-02
1.597285643219947815e-02
2.531199250370264053e-03
-2.063692174851894379e-02
-9.505866095423698425e-03
-3.497879207134246826e-02
-3.288988769054412842e-02
-1.011370448395609856e-03
-5.398917477577924728e-03
-1.284600142389535904e-02
1.540683209896087646e-03
1.465711183845996857e-02
-1.241518766619265079e-03
-2.612425386905670166e-02
-5.616106558591127396e-03
-5.502112209796905518e-03
-5.879907310009002686e-02
-5.344089120626449585e-02
-5.850782990455627441e-02
1.470321975648403168e-02
-4.534322023391723633e-02
-3.418521955609321594e-02
4.682142287492752075e-02
2.347537316381931305e-02
2.080244757235050201e-02
4.712796211242675781e-02
2.321477979421615601e-02
1.282758824527263641e-02
1.050939317792654037e-02
3.709790483117103577e-02
3.116524033248424530e-02
-2.276903949677944183e-02
-8.563216775655746460e-03
2.131130918860435486e-02
-1.733254874125123024e-03
-1.163738500326871872e-02
2.696332894265651703e-02
1.203354727476835251e-02
9.314668131992220879e-04
-3.893106477335095406e-03
2.356161549687385559e-02
-3.240128047764301300e-03
-5.987161770462989807e-03
5.938600003719329834e-02
4.668706655502319336e-02
1.159046217799186707e-02
-1.184645202010869980e-02
-1.122122630476951599e-02
7.377552334219217300e-03
-1.045666821300983429e-02
-1.101209223270416260e-02
1.874578744173049927e-02
-8.137075230479240417e-03
-8.615576662123203278e-03
-1.599265635013580322e-02
4.661010950803756714e-02
5.863758176565170288e-02
5.463106930255889893e-02
3.098713234066963196e-02
2.320670336484909058e-02
-7.122131995856761932e-03
-4.732565954327583313e-02
-5.718467384576797485e-02
-4.834077507257461548e-02
4.487745929509401321e-03
1.644306257367134094e-02
1.908251084387302399e-02
2.455144375562667847e-02
2.640465460717678070e-02
4.021348431706428528e-02
2.389663644134998322e-02
3.040342964231967926e-02
4.089087992906570435e-02
9.307900443673133850e-03
1.649244222790002823e-04
-3.113115206360816956e-03
-5.647112615406513214e-03
-8.990584872663021088e-03
-1.105574145913124084e-02
-1.725613698363304138e-02
-2.004498429596424103e-02
-3.397566825151443481e-02
3.540497273206710815e-02
3.817946463823318481e-02
2.145895548164844513e-02
3.441039472818374634e-02
2.082600072026252747e-02
4.122371599078178406e-02
-3.531649708747863770e-02
-1.547424774616956711e-02
2.678631059825420380e-02
4.764119628816843033e-03
-5.443263426423072815e-02
-5.469449982047080994e-02
-3.210761770606040955e-02
-5.961109325289726257e-02
-2.264018729329109192e-02
-9.737596660852432251e-02
-9.876772761344909668e-02
-3.304646909236907959e-02
-1.384724117815494537e-02
-1.868064329028129578e-02
-1.766968145966529846e-02
-2.296668104827404022e-02
-2.772830985486507416e-02
-3.189733251929283142e-02
-6.185566540807485580e-03
-2.273592911660671234e-02
-3.048015013337135315e-02
1.127231772989034653e-02
8.547322824597358704e-03
1.298044808208942413e-02
8.537868037819862366e-03
-2.540134359151124954e-03
1.813522726297378540e-02
-2.236167527735233307e-02
-5.512523464858531952e-03
-3.040620591491460800e-03
1.813944801688194275e-02
7.767495233565568924e-03
-2.685737237334251404e-02
2.471074461936950684e-02
-3.516746219247579575e-03
-2.443656139075756073e-02
4.548296704888343811e-02
3.806411847472190857e-02
2.859289571642875671e-02
-5.720014218240976334e-03
-1.901112962514162064e-03
2.340405061841011047e-02
-2.228763140738010406e-02
-4.259885847568511963e-02
-1.345602702349424362e-02
-2.384061738848686218e-02
2.478498499840497971e-03
2.766863442957401276e-03
1.327791437506675720e-02
-5.101184942759573460e-04
9.031165973283350468e-04
2.375922724604606628e-02
9.270330891013145447e-03
2.074279636144638062e-02
3.909908409696072340e-04
5.687118507921695709e-03
2.323027886450290680e-02
9.107531048357486725e-03
5.832190508954226971e-04
7.545719388872385025e-03
2.273927256464958191e-02
3.016859665513038635e-02
2.756936848163604736e-02
1.889800280332565308e-02
4.453004151582717896e-02
3.205089643597602844e-02
-5.473533179610967636e-03
-8.131776005029678345e-03
-1.766234519891440868e-03
-9.116462431848049164e-03
-1.902948133647441864e-03
3.420527325943112373e-03
-9.893313050270080566e-03
-1.054621394723653793e-02
-1.258925069123506546e-02
-3.148820251226425171e-02
-1.822737604379653931e-02
-3.087102249264717102e-02
-3.249316662549972534e-02
-3.029526025056838989e-02
-1.606554910540580750e-02
-3.245193138718605042e-02
-4.642477259039878845e-02
-3.597160428762435913e-02
2.234634198248386383e-02
-9.235500358045101166e-03
-4.369131755083799362e-03
5.191517993807792664e-02
9.377819951623678207e-04
-1.649887487292289734e-02
3.591590002179145813e-02
-2.262431941926479340e-02
-1.847250945866107941e-02
-1.345828548073768616e-02
-1.360566727817058563e-02
-2.176479669287800789e-03
1.141331531107425690e-02
1.604724302887916565e-02
2.023201622068881989e-02
5.321676284074783325e-02
5.824651569128036499e-02
3.957879915833473206e-02
5.196433048695325851e-04
7.956771180033683777e-03
-3.139043692499399185e-03
-1.316791586577892303e-02
-1.550084166228771210e-02
-2.948130108416080475e-02
-2.026502788066864014e-02
-2.170035429298877716e-02
-4.195624962449073792e-02
3.346686018630862236e-03
-1.607744838111102581e-03
-2.027628943324089050e-02
2.559161186218261719e-02
1.251607015728950500e-02
2.948301262222230434e-04
2.160583995282649994e-02
2.278335392475128174e-02
2.729515777900815010e-03
5.941455252468585968e-03
-1.487932819873094559e-02
-2.829446457326412201e-02
2.527713589370250702e-02
-9.001108817756175995e-03
-2.165766060352325439e-02
8.484175195917487144e-04
-2.807871997356414795e-02
-4.323382303118705750e-02
-2.399288490414619446e-02
-1.322189904749393463e-02
-2.366409264504909515e-02
-2.173727750778198242e-02
-1.914169453084468842e-02
-3.377865627408027649e-02
-3.408694267272949219e-02
-1.512852218002080917e-02
-1.643757522106170654e-02
-2.631239779293537140e-02
-1.086845435202121735e-02
-1.788422465324401855e-02
-3.051530383527278900e-02
-2.006623661145567894e-03
-2.722840569913387299e-02
-1.902374625205993652e-02
-8.042240515351295471e-03
-2.713616937398910522e-02
3.171593649312853813e-03
-4.184895660728216171e-03
-1.863876730203628540e-02
-1.609584689140319824e-02
-1.287799328565597534e-02
-3.970432654023170471e-02
1.790513098239898682e-02
2.655667439103126526e-02
-7.707147393375635147e-03
2.584044076502323151e-02
-3.690342418849468231e-03
6.396940909326076508e-03
2.502506040036678314e-02
-1.928971335291862488e-02
1.298620458692312241e-02
3.924838081002235413e-02
-1.531178131699562073e-02
2.011211821809411049e-03
2.476278133690357208e-02
2.908879704773426056e-02
-1.419823989272117615e-02
1.057696808129549026e-02
6.231398321688175201e-03
-2.912402711808681488e-02
-7.794135250151157379e-03
-9.021727018989622593e-04
-3.938910365104675293e-02
-3.491118922829627991e-02
-3.519284725189208984e-02
-2.304047159850597382e-02
-4.014872759580612183e-02
-2.890839986503124237e-02
-1.045798510313034058e-02
-2.123138867318630219e-02
-2.697812207043170929e-02
-2.298969775438308716e-03
-3.415266796946525574e-02
1.360060367733240128e-02
1.375854108482599258e-02
1.786223263479769230e-03
6.615407764911651611e-03
1.303773466497659683e-02
1.112576667219400406e-02
3.171671181917190552e-02
2.932917699217796326e-02
-1.551950257271528244e-02
-9.622021578252315521e-03
1.327140722423791885e-02
-1.073268428444862366e-02
-2.766316942870616913e-02
-1.325633749365806580e-02
2.667640894651412964e-02
-6.947390735149383545e-03
1.262693433091044426e-03
-2.081639878451824188e-02
-5.106937605887651443e-03
3.256721049547195435e-02
1.806079875677824020e-03
7.027510087937116623e-03
4.227219521999359131e-02
7.122708484530448914e-03
-2.434962242841720581e-02
3.525208914652466774e-03
-7.206890266388654709e-03
-3.177606686949729919e-02
-2.931972593069076538e-02
-4.678206052631139755e-03
-2.407850464805960655e-03
3.537518437951803207e-03
-5.046700127422809601e-03
-1.125866547226905823e-02
-1.912918128073215485e-02
-1.304791192524135113e-03
-1.156099420040845871e-02
8.780279196798801422e-03
-8.198929019272327423e-03
9.750646539032459259e-03
-2.057913690805435181e-02
-1.236416306346654892e-02
-7.444514427334070206e-03
-2.389167807996273041e-02
4.666953347623348236e-03
-7.733099628239870071e-03
3.869330976158380508e-03
-1.205244567245244980e-02
-4.172965511679649353e-02
-2.537054196000099182e-02
-9.217849001288414001e-03
-2.459029667079448700e-02
-2.233970724046230316e-02
1.998726837337017059e-02
5.819340702146291733e-03
2.145024482160806656e-03
4.719664901494979858e-02
3.014523349702358246e-02
3.674876317381858826e-02
2.602101489901542664e-02
2.155302092432975769e-02
2.993223629891872406e-02
6.508006248623132706e-03
-1.246638782322406769e-02
6.122030783444643021e-03
-3.327099233865737915e-02
-3.034199774265289307e-02
-3.591004293411970139e-03
-1.034978497773408890e-02
-1.693082042038440704e-02
1.861862652003765106e-02
2.570069022476673126e-02
-2.306057512760162354e-02
-3.030644543468952179e-02
3.260618820786476135e-02
-3.442370891571044922e-02
-1.552562229335308075e-02
2.810372039675712585e-02
-2.684507146477699280e-02
1.687793247401714325e-02
-2.090713568031787872e-02
-2.941972762346267700e-02
-2.833621948957443237e-02
-3.024085052311420441e-02
-5.688788834959268570e-03
-2.276374213397502899e-02
-5.537452548742294312e-02
-1.037715375423431396e-02
-1.433409098535776138e-02
-2.137071080505847931e-02
-7.176619954407215118e-03
-3.486645594239234924e-02
-2.729989774525165558e-02
-1.748540671542286873e-03
-4.269137233495712280e-02
-2.049102447926998138e-02
-2.270856406539678574e-03
-4.433593153953552246e-02
3.267365694046020508e-02
3.870123624801635742e-02
2.213792689144611359e-02
3.812417387962341309e-02
2.907452359795570374e-02
2.597780153155326843e-02
-2.520408248528838158e-03
-4.165791440755128860e-03
5.719808395951986313e-03
-8.058539242483675480e-04
2.307479828596115112e-02
9.006699547171592712e-03
1.143922656774520874e-02
1.202566921710968018e-02
4.859206732362508774e-03
1.268540509045124054e-02
1.034558471292257309e-02
1.906248158775269985e-03
-1.377619616687297821e-02
-2.978893462568521500e-03
6.087146233767271042e-03
-2.770420163869857788e-02
-2.181271277368068695e-02
-1.232830062508583069e-02
-4.740964621305465698e-02
-4.192196577787399292e-02
-2.898940443992614746e-02
-7.116192486137151718e-03
-2.587670274078845978e-02
-2.004319429397583008e-02
1.246792078018188477e-02
-1.554337562993168831e-03
1.983174867928028107e-02
1.537547726184129715e-02
-1.305255107581615448e-03
5.915010813623666763e-03
-1.411655568517744541e-03
-3.292728215456008911e-02
-1.294494606554508209e-02
-1.819112524390220642e-02
-5.344831943511962891e-02
-2.309800870716571808e-02
-4.545284435153007507e-03
-3.439871594309806824e-02
-4.121106583625078201e-03
-3.846989944577217102e-02
-6.084109470248222351e-02
-2.167760580778121948e-02
-5.207485705614089966e-02
-6.354297697544097900e-02
-2.699419111013412476e-02
7.239676546305418015e-03
-2.358783967792987823e-04
1.977728866040706635e-02
-2.494071424007415771e-02
-5.769291520118713379e-02
-4.759891424328088760e-03
-1.737597212195396423e-02
-4.569409042596817017e-02
-2.167986147105693817e-02
-2.270401082932949066e-02
-5.392226949334144592e-02
-1.924885064363479614e-02
-3.970766812562942505e-02
-1.802733354270458221e-02
-2.023517899215221405e-02
-4.434635862708091736e-02
-4.399468749761581421e-02
-3.605988621711730957e-02
-3.353740274906158447e-02
-2.578706108033657074e-02
-1.962536945939064026e-02
-1.536133978515863419e-02
-1.114861201494932175e-02
-1.148947514593601227e-02
-6.295177154242992401e-03
1.566542126238346100e-02
2.186053991317749023e-02
-3.739024978131055832e-03
8.543225936591625214e-03
6.155829411000013351e-03
2.032385207712650299e-03
2.692439779639244080e-02
1.920102350413799286e-02
7.323656231164932251e-03
4.330878611654043198e-03
-6.626393180340528488e-03
9.716380387544631958e-03
-3.098923712968826294e-03
-1.369795575737953186e-02
-2.189509943127632141e-02
-2.973870746791362762e-02
-3.594054281711578369e-02
-3.523724153637886047e-02
-3.008099086582660675e-02
-3.502124175429344177e-02
-8.542869240045547485e-03
-1.632233895361423492e-02
-2.985675260424613953e-02
-3.253395855426788330e-02
-4.281676560640335083e-02
-3.055569902062416077e-02
-3.366135060787200928e-02
-3.033115528523921967e-02
-3.167887032032012939e-02
-4.048510640859603882e-02
-5.621023848652839661e-02
-3.921314701437950134e-02
-1.445500552654266357e-02
-1.241758279502391815e-02
-3.603846952319145203e-02
-1.782130822539329529e-02
-1.372973620891571045e-02
-3.042516671121120453e-02
-2.360303699970245361e-02
-2.661452442407608032e-02
-2.824682369828224182e-02
4.770939424633979797e-02
3.875939548015594482e-02
3.406145796179771423e-02
1.537592522799968719e-02
1.884857006371021271e-02
3.126018494367599487e-02
3.116293810307979584e-02
2.148355543613433838e-02
4.323424398899078369e-02
-1.702066138386726379e-02
5.348503589630126953e-03
-2.225528843700885773e-02
6.778888404369354248e-03
-5.662372335791587830e-03
-1.597016490995883942e-02
-2.910287548729684204e-05
-6.777059286832809448e-03
-2.447913028299808502e-02
-4.001362249255180359e-02
-3.700950369238853455e-02
-3.929121047258377075e-02
-3.994207084178924561e-02
-4.408426582813262939e-02
-4.109488427639007568e-02
-3.338051214814186096e-02
-4.700946807861328125e-02
-3.837180882692337036e-02
-3.326818346977233887e-02
1.285557053051888943e-03
-2.548887208104133606e-02
-2.982978336513042450e-02
-3.565472783520817757e-03
-4.181864112615585327e-02
-2.552832104265689850e-02
1.623499789275228977e-03
-1.325730234384536743e-02
-1.727591268718242645e-02
-2.999593317508697510e-02
-1.873162202537059784e-02
-1.339103374630212784e-02
-3.350442973896861076e-03
-1.107273437082767487e-02
1.065087970346212387e-02
3.080143127590417862e-03
-1.031390111893415451e-02
2.900761738419532776e-02
-1.793880388140678406e-02
-3.967757523059844971e-02
6.821882445365190506e-03
7.638929877430200577e-03
-2.940664812922477722e-02
6.430715788155794144e-03
-2.579476684331893921e-02
-5.581585317850112915e-02
2.589903073385357857e-03
2.540065720677375793e-02
2.919444441795349121e-02
7.263750885613262653e-04
-1.251343637704849243e-03
-6.073857191950082779e-03
1.233546063303947449e-02
9.232754819095134735e-03
-2.104289596900343895e-03
-3.482170775532722473e-02
-1.206265669316053391e-02
7.281674072146415710e-03
-4.621860384941101074e-02
-1.192727498710155487e-02
8.392352610826492310e-03
-5.459768697619438171e-02
-2.966301515698432922e-02
-1.038788910955190659e-02
-1.421194523572921753e-02
-6.280372850596904755e-03
1.269745174795389175e-02
-1.376363728195428848e-02
-1.071212254464626312e-02
1.914551295340061188e-02
-2.557989582419395447e-02
-1.807141676545143127e-02
-6.494868430308997631e-04
-6.454415153712034225e-03
-1.047669723629951477e-02
1.114050485193729401e-02
-3.504101186990737915e-04
1.508997008204460144e-02
1.412779185920953751e-02
-7.730445358902215958e-03
-3.365456312894821167e-02
-4.159022867679595947e-02
2.953095827251672745e-03
2.581301890313625336e-02
-1.427535805851221085e-02
-6.734714843332767487e-03
2.983286790549755096e-02
-1.490592770278453827e-02
-3.308181837201118469e-02
4.057397600263357162e-03
-2.371705695986747742e-02
3.628304228186607361e-03
9.535393677651882172e-03
-5.689772777259349823e-03
-3.123433142900466919e-02
-2.094937302172183990e-02
-1.172897592186927795e-02
-1.352111343294382095e-02
-1.837215945124626160e-02
-9.506135247647762299e-03
-7.100174552761018276e-04
-1.055284682661294937e-02
-1.038322411477565765e-02
-5.146100185811519623e-03
-3.817645832896232605e-02
-1.596916094422340393e-02
-6.405331660062074661e-03
-2.445127256214618683e-02
-2.334683574736118317e-02
-9.860154241323471069e-03
-3.806820604950189590e-03
1.657095737755298615e-02
1.015229430049657822e-02
-9.078136645257472992e-03
-5.790485534816980362e-03
1.111020799726247787e-02
-3.813570598140358925e-03
-4.220709204673767090e-03
-1.247836928814649582e-02
1.112585701048374176e-02
8.959746919572353363e-03
-1.486971694976091385e-02
-1.333029381930828094e-02
-1.135748159140348434e-02
-2.754062972962856293e-02
-3.812911733984947205e-02
-7.189314812421798706e-03
3.224046155810356140e-02
4.079782590270042419e-02
1.830760575830936432e-02
-6.674010306596755981e-03
9.272607974708080292e-03
4.636934958398342133e-03
5.148958880454301834e-03
2.128603868186473846e-02
2.234045974910259247e-02
-3.912957385182380676e-02
-7.551265880465507507e-03
-1.074267458170652390e-02
3.795811207965016365e-03
7.411858532577753067e-03
-7.417049724608659744e-03
1.014990732073783875e-02
1.817699521780014038e-02
-3.710304852575063705e-03
1.333567500114440918e-02
3.027973137795925140e-02
-1.656502252444624901e-03
5.496986559592187405e-04
1.358705293387174606e-02
-8.084446191787719727e-03
1.569687388837337494e-02
1.919681392610073090e-02
-2.309202402830123901e-02
-8.232615888118743896e-03
-9.933809051290154457e-04
4.505797289311885834e-03
-1.046704035252332687e-02
-9.305297397077083588e-03
-1.478799898177385330e-02
-1.723600178956985474e-02
-2.679586596786975861e-02
-3.413970395922660828e-02
5.147079471498727798e-03
-1.564000360667705536e-02
-2.813812717795372009e-02
-1.031629927456378937e-02
-2.307351492345333099e-02
-2.976444922387599945e-02
-1.137280091643333435e-02
-1.000985130667686462e-02
-3.011059947311878204e-02
-2.058193273842334747e-02
-4.780600965023040771e-02
-1.841413788497447968e-02
-3.648478910326957703e-02
-4.356044158339500427e-02
-3.017353825271129608e-02
-3.082192316651344299e-02
-4.619338363409042358e-02
-1.780232414603233337e-02
-2.324006985872983932e-03
3.087737597525119781e-02
1.410587131977081299e-02
-1.068505574949085712e-03
2.282538264989852905e-02
1.441646367311477661e-02
-6.317373830825090408e-03
-1.301281061023473740e-02
-4.520852118730545044e-02
2.784752985462546349e-03
-4.931007046252489090e-03
-5.872517824172973633e-03
-2.835445292294025421e-02
-2.729624323546886444e-02
-2.156305499374866486e-02
-3.380824252963066101e-02
-2.596878819167613983e-02
-1.759296655654907227e-02
3.888088744133710861e-03
-4.215794615447521210e-03
9.971289895474910736e-03
-1.088765077292919159e-02
-2.584033086895942688e-02
2.265468239784240723e-03
1.575591415166854858e-02
-1.530681923031806946e-02
1.310514193028211594e-02
-4.363218694925308228e-02
-4.948222637176513672e-02
-3.618364408612251282e-02
-3.620553389191627502e-02
-5.581749230623245239e-02
-5.145913735032081604e-02
-1.731133647263050079e-02
-3.938755765557289124e-02
-1.893876679241657257e-02
-2.556979469954967499e-02
-2.651645243167877197e-02
-1.903933100402355194e-02
-2.458896860480308533e-02
-3.587610647082328796e-02
-1.740931160748004913e-02
-9.574240073561668396e-03
-3.878391906619071960e-02
-2.598378807306289673e-02
-4.007766768336296082e-02
-2.140967547893524170e-02
-2.589981816709041595e-02
-2.517030760645866394e-02
-2.311288146302103996e-03
-2.986196428537368774e-03
-1.670462451875209808e-02
-6.334926467388868332e-03
7.460396736860275269e-03
2.368337474763393402e-02
3.694940358400344849e-02
-7.191171403974294662e-03
-8.421061560511589050e-03
7.403910160064697266e-03
-2.666967548429965973e-02
-3.539157565683126450e-03
1.526361983269453049e-02
-1.355796679854393005e-02
4.030107229482382536e-04
2.532950602471828461e-02
9.694614447653293610e-03
-1.461893692612648010e-02
1.643894799053668976e-02
5.249569658190011978e-03
-1.534346025437116623e-02
1.278864685446023941e-02
1.246689935214817524e-03
1.321732718497514725e-02
-3.783755004405975342e-02
-6.416222080588340759e-03
2.640635520219802856e-02
-8.609008044004440308e-03
-1.342083700001239777e-02
-2.373207127675414085e-03
-1.441473327577114105e-02
-1.125113293528556824e-02
-2.328204922378063202e-02
-2.387688681483268738e-02
-4.354592040181159973e-02
-5.256283655762672424e-02
-3.735225275158882141e-02
-5.152595043182373047e-02
-3.595723211765289307e-02
-8.978361263871192932e-03
-2.551333792507648468e-02
-1.177464611828327179e-02
4.194645676761865616e-03
-2.151411026716232300e-02
-8.541165851056575775e-03
1.657196693122386932e-02
1.171312667429447174e-02
-2.683675289154052734e-02
-1.481636986136436462e-02
2.534632012248039246e-02
3.501733881421387196e-04
-1.155752036720514297e-02
-2.244401723146438599e-02
3.052141703665256500e-02
1.765469461679458618e-02
-2.276832610368728638e-02
3.001252748072147369e-02
1.752377673983573914e-02
-4.830332938581705093e-03
-3.202783316373825073e-02
-3.253961727023124695e-02
7.088473066687583923e-03
-6.081045139580965042e-04
-3.434402123093605042e-02
-8.835786022245883942e-03
1.984968595206737518e-02
-6.166390143334865570e-03
2.773133292794227600e-02
-1.113823708146810532e-02
-2.779530175030231476e-02
-4.187975078821182251e-02
-9.173464030027389526e-03
-7.935215719044208527e-03
3.430487820878624916e-03
7.108254358172416687e-03
-1.730411499738693237e-02
-9.508029557764530182e-03
-8.804450742900371552e-03
-9.357449598610401154e-03
-2.017769776284694672e-02
-1.618761103600263596e-03
-2.573601668700575829e-03
1.202801987528800964e-02
-5.595712456852197647e-03
-1.104758935980498791e-03
1.118147373199462891e-02
2.172741107642650604e-02
7.474916521459817886e-03
1.400987058877944946e-02
8.934268727898597717e-03
5.266780033707618713e-03
9.512183256447315216e-03
6.195359397679567337e-03
1.373954582959413528e-02
1.633519679307937622e-02
-1.521180733107030392e-03
-9.718959219753742218e-03
-1.605616323649883270e-02
5.743705667555332184e-03
-2.374068088829517365e-02
-3.028598055243492126e-02
1.645138859748840332e-02
-1.663948036730289459e-02
-2.246578224003314972e-02
2.670190855860710144e-02
5.224987398833036423e-03
-5.099610611796379089e-02
-2.913855016231536865e-03
-3.687879443168640137e-02
-5.882669240236282349e-02
2.760356105864048004e-02
7.801805157214403152e-03
4.864810500293970108e-03
-3.278992697596549988e-02
-3.731533512473106384e-02
-3.762868791818618774e-02
-2.732403576374053955e-03
-4.153446853160858154e-02
-1.853423775173723698e-03
6.432353984564542770e-03
-2.384108491241931915e-02
-1.343107502907514572e-02
-5.588301923125982285e-03
-3.992497455328702927e-03
-6.104833912104368210e-03
-2.646307647228240967e-02
-2.106485329568386078e-02
-2.125494554638862610e-02
-3.124223463237285614e-02
-5.302215740084648132e-02
-4.225453734397888184e-02
-4.241915419697761536e-02
-3.470277413725852966e-02
-1.505441311746835709e-02
-1.901249587535858154e-02
-1.159264054149389267e-02
-1.953053474426269531e-02
-2.060477621853351593e-03
9.498023428022861481e-03
-1.541072782129049301e-02
-5.530344322323799133e-02
-2.286656573414802551e-02
3.790812101215124130e-03
-2.220199257135391235e-02
-1.227347459644079208e-02
-1.894696615636348724e-02
-2.648618444800376892e-02
-2.020944841206073761e-02
-3.579880669713020325e-02
-7.274565752595663071e-03
-4.210395738482475281e-02
-2.725754864513874054e-02
-1.431781612336635590e-02
-2.965155430138111115e-02
-1.422217860817909241e-02
-4.906076472252607346e-03
-5.660607479512691498e-03
9.477055631577968597e-03
3.892529383301734924e-02
5.655751377344131470e-02
-1.245019864290952682e-02
-8.425338193774223328e-03
-2.531954832375049591e-02
-6.140432879328727722e-02
-3.505950048565864563e-02
-5.652531236410140991e-02
-6.056044995784759521e-02
1.756417378783226013e-02
1.871358789503574371e-02
9.927017614245414734e-03
1.367209572345018387e-02
2.430238202214241028e-02
2.898325212299823761e-03
-1.604760438203811646e-02
-6.604376249015331268e-03
-1.718919351696968079e-02
2.402244880795478821e-02
1.430349331349134445e-02
4.606987349689006805e-03
8.031296543776988983e-03
5.576388444751501083e-03
-1.975700724869966507e-03
-9.206259623169898987e-03
-2.787156216800212860e-02
-1.667844876646995544e-02
2.744008973240852356e-02
1.367854792624711990e-02
1.121178269386291504e-02
3.832417726516723633e-02
1.854549534618854523e-02
2.822586148977279663e-02
3.616624325513839722e-02
1.246613357216119766e-02
-3.867939347401261330e-03
4.651957750320434570e-02
1.630434952676296234e-02
-3.476743295323103666e-04
3.987023606896400452e-02
-2.581069013103842735e-03
-2.183979377150535583e-02
-1.751084066927433014e-02
-2.023406326770782471e-02
-2.672033011913299561e-02
3.211572766304016113e-02
4.117946699261665344e-02
2.630401402711868286e-02
-3.973186481744050980e-03
3.806025488302111626e-03
2.038735710084438324e-02
-2.840893901884555817e-02
-8.658451028168201447e-03
8.241073228418827057e-03
-2.171294204890727997e-02
-3.425338305532932281e-03
4.417720483615994453e-04
4.536928143352270126e-03
3.374062478542327881e-03
-7.608957239426672459e-04
2.222918439656496048e-03
3.999607637524604797e-02
4.448147118091583252e-02
5.929451435804367065e-03
7.006819825619459152e-03
1.951845921576023102e-02
-2.359114028513431549e-02
5.866328720003366470e-03
2.524249255657196045e-02
-4.922743886709213257e-02
-2.091757208108901978e-02
-2.312956936657428741e-02
-3.711348772048950195e-02
-5.422524735331535339e-02
-5.208142101764678955e-02
-3.144910186529159546e-02
-5.181984603404998779e-02
-3.901146352291107178e-02
-3.497326746582984924e-02
-2.488857135176658630e-02
-1.966445706784725189e-02
-1.345849223434925079e-02
1.050666626542806625e-02
-2.869824878871440887e-03
-1.446411479264497757e-02
6.152586080133914948e-03
-2.502315677702426910e-03
-5.434407293796539307e-02
-5.013684555888175964e-02
-5.159104987978935242e-02
-5.461315438151359558e-02
-3.753265738487243652e-02
-7.352348417043685913e-03
-5.750966258347034454e-03
-2.616298571228981018e-02
-3.528999164700508118e-02
-1.966418325901031494e-02
-2.439896948635578156e-02
-2.225896529853343964e-02
-5.343819968402385712e-03
-2.658638730645179749e-02
-3.122295811772346497e-02
-1.947126910090446472e-02
-2.503630332648754120e-02
-1.067608501762151718e-02
-2.038106881082057953e-02
-4.429913684725761414e-02
-2.238136157393455505e-02
-1.521517802029848099e-02
-9.454124607145786285e-03
5.876144021749496460e-02
-2.773943543434143066e-02
-1.993347704410552979e-02
6.861638743430376053e-03
-1.103112008422613144e-02
-5.503934342414140701e-03
-4.727813415229320526e-03
1.379847899079322815e-02
-1.326947752386331558e-02
-1.249446254223585129e-02
-7.915693335235118866e-03
-1.638801023364067078e-02
7.019850891083478928e-03
-2.130261436104774475e-02
-1.300002261996269226e-02
1.489814557135105133e-02
-1.747987419366836548e-02
-2.660231292247772217e-02
-3.525654599070549011e-02
-2.091694064438343048e-02
-4.426033049821853638e-02
-1.352942921221256256e-02
1.466200035065412521e-02
-1.562702842056751251e-02
2.356191165745258331e-02
-4.466943442821502686e-02
-2.693678997457027435e-02
-3.391600772738456726e-02
-3.173166513442993164e-02
-9.258281439542770386e-03
8.735378272831439972e-03
6.117054447531700134e-02
5.929300189018249512e-02
3.001212887465953827e-02
-1.754086115397512913e-03
1.309734885580837727e-03
5.969978868961334229e-03
-9.070518426597118378e-03
-7.917094044387340546e-03
-1.066427025943994522e-02
3.892663493752479553e-02
4.307862371206283569e-02
3.522545844316482544e-02
-1.112600509077310562e-02
-1.495293923653662205e-03
6.792759150266647339e-02
-1.760831847786903381e-02
1.332024694420397282e-03
3.392833471298217773e-02
2.650118665769696236e-03
2.738656848669052124e-02
-4.722106270492076874e-03
-4.291944205760955811e-02
-2.763947099447250366e-02
-3.424001112580299377e-02
-4.207598790526390076e-02
-3.040997311472892761e-02
-1.804444752633571625e-02
-2.251123078167438507e-02
-1.738213934004306793e-02
7.124934811145067215e-03
-5.588408093899488449e-03
-5.241007078438997269e-03
-9.219749830663204193e-03
-3.293120488524436951e-02
-4.444954916834831238e-02
-3.403608500957489014e-02
-3.670598194003105164e-02
-4.155381023883819580e-02
-3.242304176092147827e-02
-2.122999355196952820e-02
-1.376275904476642609e-02
-1.601010211743414402e-03
-2.374063432216644287e-02
-1.608452200889587402e-02
-1.527343131601810455e-02
-1.363644097000360489e-02
-8.757630363106727600e-03
-4.605268593877553940e-03
6.096931919455528259e-02
5.352378264069557190e-02
1.698502525687217712e-02
2.087616361677646637e-02
-1.230212301015853882e-02
-1.003788504749536514e-02
1.086299400776624680e-02
-1.146417763084173203e-02
-1.089904922991991043e-02
3.003092668950557709e-02
4.357546567916870117e-03
1.041984278708696365e-02
3.404625505208969116e-02
3.171854419633746147e-03
3.063657786697149277e-03
5.485667660832405090e-02
4.145199060440063477e-02
4.546342045068740845e-02
-3.674864768981933594e-02
-2.934706769883632660e-02
-3.573132306337356567e-02
-3.160827234387397766e-02
-4.142167419195175171e-02
-2.886018902063369751e-02
1.792951673269271851e-02
1.107237534597516060e-03
3.221349907107651234e-04
-1.741032488644123077e-02
-1.530480943620204926e-02
-4.262714087963104248e-02
9.372869506478309631e-03
5.396779160946607590e-03
-1.591175049543380737e-02
3.605256229639053345e-02
2.547305077314376831e-02
1.500678528100252151e-02
-1.079504564404487610e-02
-8.084784261882305145e-03
2.134301699697971344e-02
-4.929242655634880066e-03
-1.334484200924634933e-02
-1.627401635050773621e-02
5.726141389459371567e-03
-3.455477068200707436e-03
-8.975157514214515686e-03
-1.689590699970722198e-02
-3.127523139119148254e-02
-2.808332815766334534e-02
-9.516915306448936462e-03
1.553277578204870224e-02
4.948262125253677368e-03
-1.929401047527790070e-02
-6.510300096124410629e-03
-1.334098819643259048e-02
2.395741268992424011e-02
2.648384124040603638e-02
2.330954931676387787e-02
4.497954621911048889e-03
3.158066421747207642e-02
1.989689283072948456e-02
-5.655277520418167114e-03
2.103976160287857056e-02
9.400523267686367035e-03
2.937407046556472778e-02
3.069492615759372711e-02
-6.025417242199182510e-03
4.707382991909980774e-02
1.702063344419002533e-02
-5.357405636459589005e-03
2.995918970555067062e-03
-1.108942646533250809e-02
-2.050337754189968109e-02
7.464992813766002655e-03
2.165663801133632660e-02
1.875856146216392517e-02
3.231490403413772583e-02
2.394056692719459534e-02
-2.492501866072416306e-03
2.586591802537441254e-02
3.793056309223175049e-02
1.599084027111530304e-02
2.008054405450820923e-02
2.986885234713554382e-02
6.275182217359542847e-02
2.025870420038700104e-02
2.776407822966575623e-02
3.604089468717575073e-02
-3.049291204661130905e-03
-4.593606106936931610e-03
-1.502937823534011841e-02
-1.428372785449028015e-02
1.029964722692966461e-02
-1.246437150985002518e-02
-1.251025497913360596e-02
-9.588875807821750641e-03
-1.198877952992916107e-02
-1.497875200584530830e-03
-1.979047805070877075e-02
-3.340715169906616211e-02
-1.238264422863721848e-02
7.490094285458326340e-03
7.774128578603267670e-03
1.816891320049762726e-02
2.094894275069236755e-02
3.732386976480484009e-02
7.060329895466566086e-03
1.482157222926616669e-02
1.294550579041242599e-02
-1.041443087160587311e-02
7.835697382688522339e-03
9.903916157782077789e-03
-2.401199191808700562e-02
-6.853181868791580200e-03
-4.355090204626321793e-04
-7.708333898335695267e-03
-5.270075984299182892e-03
6.006342358887195587e-03
2.055137977004051208e-02
2.191167138516902924e-02
1.550941914319992065e-02
3.866781294345855713e-02
4.234358668327331543e-02
3.364958614110946655e-02
-5.692100152373313904e-03
9.653736837208271027e-03
2.940284647047519684e-02
2.090886794030666351e-02
4.832252860069274902e-03
-3.402205882593989372e-03
2.841698192059993744e-02
8.828471414744853973e-03
8.271052502095699310e-03
4.371761158108711243e-02
1.735228300094604492e-02
8.596258237957954407e-03
3.129892423748970032e-02
-1.515146996825933456e-02
-2.979152277112007141e-02
2.220700308680534363e-02
-3.352217376232147217e-03
-2.844732813537120819e-02
1.430657412856817245e-02
-1.750743249431252480e-03
-6.710755173116922379e-03
-2.802718244493007660e-02
-3.355765715241432190e-02
2.964767627418041229e-02
4.517930559813976288e-03
-3.392484970390796661e-03
1.620562188327312469e-02
2.359238080680370331e-02
2.579072723165154457e-03
5.556873511523008347e-03
-1.576647162437438965e-03
-5.525754764676094055e-03
1.462929416447877884e-02
3.664113581180572510e-03
4.399402067065238953e-03
2.670783177018165588e-02
2.820919454097747803e-02
2.561557851731777191e-02
2.019415609538555145e-02
1.014081947505474091e-02
-1.100897323340177536e-02
-1.194769237190485001e-02
4.382411390542984009e-02
-1.041063340380787849e-03
-1.870930381119251251e-02
4.678145051002502441e-02
2.559237740933895111e-02
2.630182169377803802e-02
9.925821796059608459e-03
9.148862445726990700e-04
-2.069871686398983002e-02
-2.868377231061458588e-02
-2.564377710223197937e-02
-1.407138165086507797e-02
-5.045344308018684387e-02
-3.522217273712158203e-02
-2.251650579273700714e-02
7.311208173632621765e-03
-1.643866300582885742e-02
1.903435029089450836e-02
1.876144483685493469e-02
1.339931599795818329e-02
2.913850732147693634e-02
-3.415204817429184914e-03
-1.380010787397623062e-02
-2.821784000843763351e-03
-1.456023287028074265e-02
-6.267899181693792343e-03
7.743369787931442261e-03
-1.774697378277778625e-02
-8.167401887476444244e-03
-9.654682944528758526e-04
1.018023770302534103e-02
1.294116675853729248e-02
4.210117738693952560e-03
-4.733417555689811707e-02
-3.744286671280860901e-02
-4.014584422111511230e-02
-3.272624313831329346e-02
-1.948852464556694031e-02
-3.627692162990570068e-02
-4.146362096071243286e-02
-1.439414732158184052e-02
-2.652398869395256042e-02
-3.941487893462181091e-02
-3.782089427113533020e-02
-1.273261941969394684e-02
-2.835987880825996399e-02
-2.628571912646293640e-02
-7.045365404337644577e-03
-2.324345987290143967e-03
-1.768003217875957489e-02
-8.808849379420280457e-04
-3.814340755343437195e-02
-3.800809010863304138e-02
-4.011013358831405640e-02
2.118228748440742493e-02
1.238294783979654312e-02
1.601421087980270386e-02
4.252467676997184753e-02
2.895960398018360138e-02
3.981769457459449768e-02
-2.300288155674934387e-02
-2.814692445099353790e-02
-3.407868323847651482e-03
-1.463448256254196167e-02
-1.250847801566123962e-02
-1.486506965011358261e-02
3.278707736171782017e-04
7.154100574553012848e-03
2.198716159909963608e-03
-2.382989414036273956e-02
-3.184304013848304749e-02
-1.486888527870178223e-02
-1.502224593423306942e-03
-1.688788831233978271e-02
2.233884064480662346e-03
-2.759067714214324951e-02
-4.937745258212089539e-02
-5.862350109964609146e-03
7.807331159710884094e-03
-3.415143350139260292e-03
-1.535270269960165024e-02
-3.655390348285436630e-03
-9.487070143222808838e-03
1.021477626636624336e-03
-3.337412327527999878e-02
-1.042363047599792480e-02
-6.485371850430965424e-03
8.846378885209560394e-03
-1.074929069727659225e-02
-2.464438602328300476e-02
-3.207522677257657051e-03
-2.456381358206272125e-02
-2.458845078945159912e-02
-6.704939529299736023e-03
-8.469198830425739288e-03
-1.941074803471565247e-02
-9.804040193557739258e-03
-2.308472804725170135e-02
-2.075906144455075264e-03
-7.286021951586008072e-03
-1.484177540987730026e-02
4.237019922584295273e-03
1.718011312186717987e-02
-1.677465252578258514e-02
-1.324498094618320465e-02
-5.221331492066383362e-02
-4.312453046441078186e-02
-2.928457222878932953e-02
4.910917021334171295e-03
-2.252201177179813385e-02
-6.241112947463989258e-03
-1.617639791220426559e-03
-1.848780922591686249e-02
-1.609723112778738141e-04
1.206312980502843857e-02
-8.084316737949848175e-03
1.575404964387416840e-02
1.496115513145923615e-02
2.198419161140918732e-02
3.645121306180953979e-02
9.281161241233348846e-03
2.019523642957210541e-02
6.742877513170242310e-02
-8.153188973665237427e-03
7.579165510833263397e-03
-4.327817820012569427e-03
-2.526165731251239777e-02
-3.470985591411590576e-02
-4.148189723491668701e-02
2.450039610266685486e-02
-8.935178630053997040e-03
-3.678020834922790527e-02
-8.866622112691402435e-03
-6.205067504197359085e-03
9.633315727114677429e-03
-4.490350559353828430e-02
-2.571289055049419403e-02
1.708541996777057648e-02
-3.233201801776885986e-02
1.495369360782206059e-03
-3.114009276032447815e-02
5.126943811774253845e-03
6.938590668141841888e-03
3.377101197838783264e-02
4.970507696270942688e-03
-6.598900072276592255e-03
3.659110050648450851e-03
1.241055433638393879e-03
3.511943854391574860e-03
4.227660596370697021e-02
-2.627602778375148773e-02
-5.019712820649147034e-02
-3.280827030539512634e-02
-1.220147311687469482e-02
-1.745560579001903534e-02
-2.370001189410686493e-02
1.256135408766567707e-03
1.098069921135902405e-02
-7.105058990418910980e-03
-4.732343833893537521e-03
-5.123705603182315826e-03
-2.612517448142170906e-03
-1.769295707345008850e-02
-1.085195504128932953e-02
-9.827607311308383942e-03
-4.707652702927589417e-02
-2.071615494787693024e-02
-1.862612925469875336e-02
1.696722023189067841e-02
2.719416655600070953e-02
6.860216613858938217e-03
1.359796430915594101e-02
4.826824739575386047e-02
1.982862688601016998e-02
1.193463616073131561e-02
3.974778950214385986e-02
4.639917984604835510e-02
4.040632862597703934e-03
-1.500193960964679718e-02
-4.969745129346847534e-02
-4.283041134476661682e-02
-4.173035547137260437e-02
-4.095251485705375671e-02
-3.296094015240669250e-02
-1.654349267482757568e-02
5.107686389237642288e-03
-3.720324486494064331e-02
-2.297949232161045074e-02
-3.472627326846122742e-02
-3.717772662639617920e-02
-4.341099411249160767e-02
-2.821901626884937286e-02
-6.436968594789505005e-02
-6.742266565561294556e-02
-4.890975728631019592e-02
8.295806497335433960e-02
1.077539101243019104e-01
1.047792136669158936e-01
8.143822103738784790e-02
4.018944874405860901e-02
3.496307507157325745e-02
8.030784130096435547e-02
4.353142902255058289e-02
3.979004174470901489e-02
3.371405228972434998e-02
2.208160003647208214e-04
3.695023432374000549e-02
-9.236553451046347618e-04
-4.153212904930114746e-02
-4.343897476792335510e-02
2.765451185405254364e-02
-4.236600175499916077e-02
-7.392691820859909058e-02
3.112330799922347069e-03
1.769277639687061310e-02
2.098869346082210541e-02
-3.461410524323582649e-03
2.342106308788061142e-03
2.240236103534698486e-02
5.248311790637671947e-04
-9.704984724521636963e-03
2.625020593404769897e-02
3.190276678651571274e-03
-9.966024663299322128e-04
2.749494463205337524e-02
-3.886232525110244751e-02
-5.210467800498008728e-02
-2.696985937654972076e-02
-3.781479597091674805e-02
-3.220847994089126587e-02
-2.924938313663005829e-02
1.458496600389480591e-02
4.909908398985862732e-02
3.551964834332466125e-02
9.462737478315830231e-03
3.782245889306068420e-02
2.578235417604446411e-02
-7.321965694427490234e-02
-2.942721173167228699e-02
-5.659841932356357574e-03
6.680045276880264282e-03
-1.121466327458620071e-02
-1.380625367164611816e-02
2.089774608612060547e-02
-1.084597781300544739e-02
-5.581472069025039673e-04
-3.932465240359306335e-02
-5.211193859577178955e-02
-4.660347849130630493e-02
2.880582585930824280e-02
2.293595857918262482e-02
5.393618484959006310e-04
5.886530131101608276e-02
4.983147978782653809e-02
5.468694865703582764e-02
2.291011996567249298e-02
5.022569000720977783e-02
7.753103040158748627e-03
-4.360043257474899292e-02
-9.184505790472030640e-02
-9.213314205408096313e-02
-2.853352576494216919e-02
-7.062837481498718262e-02
-6.038652360439300537e-02
-1.559279486536979675e-02
-1.694632507860660553e-02
-1.183862704783678055e-02
-7.789635099470615387e-03
-1.669554226100444794e-02
-4.317091032862663269e-02
3.297846019268035889e-02
6.233581528067588806e-02
1.293868478387594223e-02
2.013386785984039307e-02
5.325337126851081848e-02
1.642073318362236023e-02
-2.519887872040271759e-02
-8.723384700715541840e-03
-1.830934919416904449e-02
-3.462819010019302368e-02
-1.734940335154533386e-02
-2.119685895740985870e-02
-1.640110649168491364e-02
-8.543559350073337555e-03
8.170987479388713837e-03
-3.252082318067550659e-02
-4.070752859115600586e-02
-4.171058163046836853e-02
-8.843541145324707031e-03
-2.110134623944759369e-02
-1.570650190114974976e-02
7.517340779304504395e-02
5.931549146771430969e-02
1.814224012196063995e-02
4.844051226973533630e-02
-4.050428047776222229e-03
3.231695666909217834e-02
-1.173705328255891800e-02
-4.483947530388832092e-02
-2.669524773955345154e-02
6.461510807275772095e-02
3.282941132783889771e-02
7.805971801280975342e-02
-1.795650832355022430e-02
1.515219919383525848e-02
1.160267833620309830e-02
-5.146064213477075100e-04
1.364898495376110077e-02
1.897516287863254547e-02
-4.296595230698585510e-02
-2.755058743059635162e-02
6.058640778064727783e-03
1.638303278014063835e-03
-1.538616418838500977e-02
-1.202851720154285431e-02
-2.655827626585960388e-02
-5.899382382631301880e-02
-3.546772524714469910e-02
-3.437590319663286209e-03
-2.239090576767921448e-02
1.472012954764068127e-03
-2.895744144916534424e-02
1.960530644282698631e-03
2.269615419209003448e-03
-9.827264584600925446e-03
-3.869184525683522224e-03
6.050068419426679611e-03
-3.746778145432472229e-02
3.613817272707819939e-03
-2.883559651672840118e-02
-5.089088156819343567e-02
-3.228167816996574402e-02
-2.258625254034996033e-02
-2.727215923368930817e-02
-1.823022030293941498e-02
-4.443212226033210754e-02
5.687829689122736454e-04
-2.180735394358634949e-02
-6.914683431386947632e-02
-3.779724240303039551e-02
-5.571728944778442383e-02
-5.044981837272644043e-02
-1.052762195467948914e-02
-3.519993275403976440e-02
-2.762745134532451630e-02
-6.452944129705429077e-02
-6.749064475297927856e-02
-6.317961215972900391e-02
1.220094133168458939e-02
-9.374847635626792908e-03
-1.842040754854679108e-02
4.868711112067103386e-04
2.596331201493740082e-02
1.869674213230609894e-02
3.484039381146430969e-02
6.272974610328674316e-02
5.328707024455070496e-02
-1.392618659883737564e-02
-3.054114989936351776e-02
-2.345778606832027435e-02
-9.062951430678367615e-03
-8.652810007333755493e-03
-3.502220148220658302e-03
2.534356340765953064e-02
1.727288588881492615e-02
-1.558001432567834854e-02
-1.310975942760705948e-02
6.554028484970331192e-03
2.177760563790798187e-02
-2.149926312267780304e-02
-1.089926250278949738e-02
1.025249157100915909e-02
-9.043359197676181793e-03
8.418476209044456482e-03
1.827698387205600739e-02
-8.753554895520210266e-03
2.035247534513473511e-02
7.792292628437280655e-03
1.566763035953044891e-02
-9.854629635810852051e-03
2.107341028749942780e-02
2.193398959934711456e-02
-2.958858571946620941e-02
-2.272533020004630089e-03
-3.619626164436340332e-02
-8.372080512344837189e-03
-6.981631275266408920e-03
-3.132279217243194580e-02
1.028546411544084549e-02
4.973964393138885498e-02
7.477720268070697784e-03
5.873450543731451035e-03
6.965380907058715820e-02
6.575759500265121460e-02
5.505299568176269531e-02
3.636823594570159912e-02
5.667726695537567139e-02
5.955981090664863586e-03
2.410637214779853821e-02
2.911513857543468475e-02
8.182764053344726562e-03
5.089969187974929810e-02
-1.206272654235363007e-02
-9.820061968639492989e-04
3.002028446644544601e-03
-5.727354437112808228e-03
-1.914768479764461517e-02
6.591536104679107666e-03
4.904047027230262756e-02
5.351638793945312500e-02
1.323696412146091461e-02
-6.218160036951303482e-03
9.760382585227489471e-03
-2.060552127659320831e-02
-2.014366164803504944e-02
-5.015825852751731873e-03
-2.571135386824607849e-02
-6.507310271263122559e-02
-3.317587822675704956e-02
-1.831003651022911072e-02
-1.858909428119659424e-02
-3.036790527403354645e-02
-1.326612662523984909e-03
-3.840314224362373352e-02
-7.028317451477050781e-02
-4.925717040896415710e-02
-4.096167907118797302e-02
-5.209588259458541870e-02
-1.235945057123899460e-02
-6.020725122652947903e-04
-6.807263940572738647e-03
4.810956120491027832e-02
-1.440735440701246262e-02
-3.741665929555892944e-02
8.375378325581550598e-03
1.447507645934820175e-03
1.316394656896591187e-02
1.552748307585716248e-02
-4.109180066734552383e-03
-1.107079442590475082e-02
-1.250929292291402817e-02
-1.432516053318977356e-02
-2.410028502345085144e-02
-3.748326003551483154e-02
-5.110856518149375916e-02
-6.980765610933303833e-02
-3.077249787747859955e-02
-3.620653972029685974e-02
-1.447505597025156021e-02
1.567240618169307709e-02
-3.423834219574928284e-02
-1.999258808791637421e-02
2.794392965734004974e-02
-3.274172544479370117e-02
-1.279413327574729919e-02
1.016898080706596375e-02
3.045208379626274109e-02
1.306422147899866104e-02
2.485007233917713165e-02
-6.200161296874284744e-03
-2.975888550281524658e-03
1.013951282948255539e-02
-1.906147040426731110e-02
-3.830014169216156006e-02
-2.237793244421482086e-02
3.544973209500312805e-02
1.741234958171844482e-02
1.049215905368328094e-02
4.845384135842323303e-02
2.061570808291435242e-02
1.405815221369266510e-02
3.672812134027481079e-02
1.100848056375980377e-02
-1.251748576760292053e-02
-2.024178579449653625e-02
-8.135702461004257202e-03
5.971750244498252869e-03
-1.937668770551681519e-02
-3.511173650622367859e-02
-3.728170180693268776e-03
-6.537628918886184692e-02
-8.350836485624313354e-02
-3.369345143437385559e-02
1.270499825477600098e-02
-5.891221575438976288e-03
-2.039539627730846405e-02
7.697681430727243423e-03
-8.860232308506965637e-03
-5.778407678008079529e-03
-1.960479468107223511e-02
-7.411438506096601486e-03
1.562758907675743103e-02
4.383433610200881958e-03
-6.264891009777784348e-03
-7.994672283530235291e-03
6.358246784657239914e-03
-7.978599751368165016e-05
-3.063569590449333191e-02
-3.192443773150444031e-02
-2.229431830346584320e-02
-4.274936765432357788e-02
-1.345669198781251907e-02
-1.425141841173171997e-02
-9.245101362466812134e-03
-2.928754687309265137e-02
-2.377354353666305542e-02
-9.422010742127895355e-03
-3.206934407353401184e-02
-1.698940247297286987e-02
-2.356668375432491302e-02
1.497570239007472992e-02
6.488740444183349609e-03
-1.668935269117355347e-02
2.380659617483615875e-02
1.447895914316177368e-02
-1.148369256407022476e-02
-4.505385004449635744e-04
-6.697918754070997238e-03
1.107221562415361404e-02
1.240901555866003036e-02
-3.796440083533525467e-03
2.875144220888614655e-02
-2.070002071559429169e-02
-8.339040912687778473e-03
1.849689707159996033e-02
-4.580764099955558777e-03
-1.233160309493541718e-02
-4.773175809532403946e-03
1.855303347110748291e-02
-5.165419424884021282e-04
-4.581091925501823425e-03
1.187317259609699249e-02
-2.612690255045890808e-02
-2.573697082698345184e-02
-4.924099892377853394e-03
-1.546486932784318924e-02
-4.911741614341735840e-02
2.799383178353309631e-02
1.346341217868030071e-03
1.526922732591629028e-02
1.250126119703054428e-02
-1.305801887065172195e-02
-1.348384190350770950e-03
-1.366691198199987411e-02
-4.043621569871902466e-02
-3.485139831900596619e-02
1.612243428826332092e-02
3.786025568842887878e-02
9.038932621479034424e-03
5.821006000041961670e-02
7.700676470994949341e-02
5.202781036496162415e-02
-8.269207552075386047e-03
-1.055324822664260864e-02
-3.651329874992370605e-02
5.588117241859436035e-02
4.672869294881820679e-02
1.377970725297927856e-02
6.300183385610580444e-02
6.480855494737625122e-02
8.156988769769668579e-02
7.415226101875305176e-02
7.531800121068954468e-02
7.696722447872161865e-02
-2.741367323324084282e-03
4.239981621503829956e-02
1.855375058948993683e-02
-1.798189990222454071e-02
2.948215929791331291e-03
1.592041924595832825e-02
7.463888265192508698e-03
-2.162759937345981598e-02
-1.023535151034593582e-02
6.941070407629013062e-02
2.097735181450843811e-02
4.135533794760704041e-02
4.839633777737617493e-02
2.955880761146545410e-02
3.887147828936576843e-02
-1.430483255535364151e-02
-3.367931395769119263e-02
-1.150520797818899155e-02
-2.427550405263900757e-02
2.305672690272331238e-02
-3.411785140633583069e-02
-2.380247227847576141e-02
4.141067911405116320e-04
1.453287992626428604e-02
-4.985733702778816223e-02
-3.525593131780624390e-02
-2.430253848433494568e-02
1.080362498760223389e-02
-4.116374067962169647e-03
6.053510587662458420e-03
-1.254177186638116837e-02
-2.513271197676658630e-02
-2.816068008542060852e-02
-4.549127817153930664e-02
-5.435081198811531067e-02
-5.260032415390014648e-02
-2.173074893653392792e-02
-1.907932944595813751e-02
1.004911307245492935e-02
-3.780873864889144897e-02
-5.333883687853813171e-02
-2.916522510349750519e-02
-1.257994677871465683e-02
-2.643031254410743713e-02
-4.501836374402046204e-02
3.048670478165149689e-02
-8.477212861180305481e-03
-4.970278590917587280e-02
1.842351816594600677e-02
-4.080925602465867996e-03
-2.535582147538661957e-02
-1.630270294845104218e-02
7.194852456450462341e-03
1.684088259935379028e-02
4.388193134218454361e-03
-4.757282789796590805e-03
-2.128438092768192291e-02
9.581347927451133728e-03
-7.520534563809633255e-03
-1.632899232208728790e-02
1.124266088008880615e-01
1.079861074686050415e-01
7.186677306890487671e-02
4.116274416446685791e-03
-1.631124876439571381e-02
-8.344874717295169830e-03
-1.763757504522800446e-02
-5.857123807072639465e-02
-2.018501423299312592e-02
-2.767894417047500610e-02
-7.226566225290298462e-02
-6.332880258560180664e-02
-1.491096103563904762e-03
-1.779800280928611755e-02
-2.410878799855709076e-02
-1.894140616059303284e-02
-2.015630714595317841e-02
-2.387634105980396271e-02
-5.208124965429306030e-02
-3.874127939343452454e-02
2.180150477215647697e-03
-1.000431273132562637e-02
1.102095376700162888e-02
1.387802138924598694e-02
2.450394816696643829e-02
1.440133526921272278e-02
2.275920473039150238e-02
2.204808220267295837e-02
2.203659899532794952e-02
4.420851543545722961e-02
-9.543806314468383789e-02
-9.679277241230010986e-02
-5.627436935901641846e-02
-1.609386689960956573e-02
-4.689929261803627014e-02
-3.022377938032150269e-02
1.226241737604141235e-01
8.915401995182037354e-02
1.017298921942710876e-01
-3.215469419956207275e-02
-2.545838989317417145e-02
-4.255430772900581360e-03
6.867356598377227783e-03
-2.717783488333225250e-02
-7.639506366103887558e-03
-5.656974017620086670e-02
-5.517618358135223389e-02
-1.356971636414527893e-02
7.083590142428874969e-03
4.201864823698997498e-03
6.283339112997055054e-03
-9.639411233365535736e-03
-7.503505330532789230e-03
-2.751759625971317291e-02
4.603860434144735336e-03
-3.548965090885758400e-03
2.845658687874674797e-03
-2.757877344265580177e-03
-1.146107725799083710e-02
-1.334875915199518204e-02
3.719218075275421143e-02
1.844344101846218109e-02
9.739585220813751221e-03
2.611928246915340424e-02
-1.875498492154292762e-05
-1.392372697591781616e-02
-2.604221925139427185e-02
-4.001163318753242493e-02
-1.286787353456020355e-02
5.276339128613471985e-03
1.873706816695630550e-03
1.415606029331684113e-02
2.099328208714723587e-03
7.674622815102338791e-03
1.145008765161037445e-02
4.585660621523857117e-02
4.165737703442573547e-02
2.751261368393898010e-02
-3.237629309296607971e-03
-2.729430049657821655e-02
-2.934352494776248932e-02
-1.290867198258638382e-02
-1.805899664759635925e-02
-2.851453423500061035e-02
2.838901430368423462e-02
2.379329316318035126e-02
3.113584220409393311e-02
2.022824808955192566e-02
7.631172426044940948e-03
2.935435995459556580e-02
-3.165515372529625893e-03
-7.614212110638618469e-03
1.829313486814498901e-02
-2.798263356089591980e-02
-2.513987012207508087e-02
-2.671018801629543304e-02
5.514482472790405154e-05
2.021154388785362244e-02
4.871197510510683060e-03
1.624572835862636566e-02
2.247747592628002167e-02
3.594882553443312645e-03
-6.915906071662902832e-02
-5.079470202326774597e-02
-5.701142922043800354e-02
-5.532834306359291077e-02
-3.536800667643547058e-02
-3.574712947010993958e-02
-1.282523758709430695e-02
-8.968801237642765045e-03
-5.483081098645925522e-03
-1.078500598669052124e-02
-3.665477037429809570e-02
3.893556538969278336e-03
2.831150777637958527e-02
-2.081816084682941437e-02
6.176890805363655090e-03
8.635016158223152161e-03
-3.147011995315551758e-02
-2.461286634206771851e-02
-1.394419651478528976e-02
-4.491622373461723328e-02
-9.685119614005088806e-03
-8.977668359875679016e-03
-2.198126167058944702e-02
1.497660204768180847e-02
-6.023948546499013901e-03
-2.627969533205032349e-02
2.386980049777776003e-04
-5.413500592112541199e-03
-1.778625138103961945e-02
-1.987009495496749878e-02
5.959440022706985474e-03
-2.687556296586990356e-02
-1.849721744656562805e-02
-2.888191491365432739e-03
-5.264371261000633240e-02
-3.441085666418075562e-02
-2.958987466990947723e-02
-3.562660887837409973e-02
-3.273971006274223328e-02
-2.524503692984580994e-02
-2.312879264354705811e-02
-1.038194075226783752e-02
4.116396978497505188e-02
3.560926765203475952e-02
4.247399419546127319e-02
-3.252099826931953430e-02
-4.638877138495445251e-02
-2.409764565527439117e-02
-8.166673593223094940e-03
-3.021537698805332184e-02
-1.183408219367265701e-02
1.704866252839565277e-02
5.236104596406221390e-03
6.408297922462224960e-03
-3.871250152587890625e-02
-2.546609565615653992e-02
-1.666582934558391571e-02
-4.242566600441932678e-02
-4.660190269351005554e-02
-3.484003245830535889e-02
-5.346460267901420593e-02
-3.267819434404373169e-02
-3.480239212512969971e-02
-4.921828862279653549e-03
-2.661788277328014374e-02
-5.243211612105369568e-02
-4.736687056720256805e-03
-2.359528094530105591e-02
-5.574908107519149780e-03
-1.445660740137100220e-02
-3.192534670233726501e-02
-2.377200685441493988e-02
1.375809498131275177e-02
-2.374113351106643677e-02
-3.824685886502265930e-02
-1.629721256904304028e-03
-2.385009080171585083e-02
-2.686443552374839783e-02
-1.962513290345668793e-02
-1.459960173815488815e-02
-1.912890374660491943e-02
-1.904729939997196198e-02
-4.183716326951980591e-02
-4.070736840367317200e-02
2.735392889007925987e-03
-1.128485612571239471e-02
-6.973834242671728134e-03
-5.169325973838567734e-03
-2.434554509818553925e-02
-2.066221646964550018e-02
3.016460128128528595e-02
3.191709518432617188e-02
3.591643273830413818e-02
-1.310522085987031460e-03
8.282271213829517365e-03
1.002344489097595215e-02
1.093616615980863571e-02
-2.116392180323600769e-02
-7.667787838727235794e-03
-3.125448152422904968e-02
-3.044362552464008331e-02
-1.735428161919116974e-02
-3.967133536934852600e-02
-5.836430564522743225e-02
-7.253588642925024033e-03
-3.214850276708602905e-02
-3.760625794529914856e-02
1.604517921805381775e-02
-4.759476985782384872e-03
-2.716145291924476624e-02
-5.558175221085548401e-02
1.767946407198905945e-02
-2.224635332822799683e-02
-4.028210416436195374e-02
6.201446056365966797e-03
-1.759959943592548370e-02
-3.234546259045600891e-02
2.099884115159511566e-02
2.502891235053539276e-02
2.549892291426658630e-02
3.001594357192516327e-02
3.569863038137555122e-03
2.162631414830684662e-02
7.769818417727947235e-03
-1.053665578365325928e-02
-3.629875602200627327e-03
-4.498774651437997818e-03
4.480755887925624847e-03
3.697108849883079529e-02
4.324896726757287979e-03
5.164635926485061646e-02
7.795461267232894897e-02
8.231801912188529968e-03
4.602675512433052063e-02
5.924534425139427185e-02
2.016720682149752975e-04
-2.937183715403079987e-02
-4.721061512827873230e-02
-1.705994829535484314e-02
-4.867464769631624222e-03
-2.517364546656608582e-02
-5.394250527024269104e-02
-3.366010636091232300e-02
-4.494431242346763611e-02
-1.217246241867542267e-02
9.695363231003284454e-03
1.267126644961535931e-03
-9.778612293303012848e-03
3.804144682362675667e-03
-2.028121799230575562e-02
-1.499352790415287018e-02
-2.023098058998584747e-03
-2.624233812093734741e-02
-8.570063859224319458e-03
1.005948334932327271e-02
3.436187282204627991e-02
-3.101376816630363464e-02
-3.430655226111412048e-02
2.299236692488193512e-02
-7.398811727762222290e-02
-4.366762191057205200e-02
-1.926298253238201141e-02
-3.659575479105114937e-03
-5.387932527810335159e-03
1.568131521344184875e-02
-1.850610040128231049e-02
-1.596403680741786957e-02
-2.057479321956634521e-02
1.227480918169021606e-02
-1.443543471395969391e-03
-1.059509068727493286e-02
3.309809044003486633e-02
1.192964240908622742e-02
1.662407815456390381e-02
3.341329842805862427e-02
1.114558428525924683e-02
1.530590746551752090e-02
1.575999148190021515e-02
-8.661134168505668640e-03
-1.169842015951871872e-02
3.188352286815643311e-02
2.602529153227806091e-02
6.187670305371284485e-02
3.195130079984664917e-02
1.977606117725372314e-02
2.113220840692520142e-02
-1.320621836930513382e-02
-2.603847719728946686e-02
-3.283389285206794739e-02
-1.077172625809907913e-02
-3.445777297019958496e-02
-3.372235968708992004e-02
-9.265286847949028015e-03
-6.370596587657928467e-03
-1.581133157014846802e-02
-2.014192985370755196e-03
3.531810361891984940e-03
5.371190141886472702e-03
7.127511780709028244e-03
2.357582747936248779e-02
3.435920178890228271e-02
3.584403172135353088e-02
5.014790222048759460e-02
7.008616626262664795e-02
6.780548393726348877e-02
2.417875267565250397e-02
1.533662807196378708e-02
1.802963577210903168e-02
3.003752976655960083e-02
1.478307787328958511e-02
6.557089835405349731e-02
4.326703399419784546e-02
4.597022756934165955e-02
5.987508594989776611e-02
3.649948164820671082e-02
5.992036685347557068e-02
-3.936417773365974426e-02
-6.045946851372718811e-03
3.741826163604855537e-03
-6.589473690837621689e-03
-2.049741800874471664e-03
-9.029407985508441925e-03
5.150392185896635056e-03
-1.265812758356332779e-02
-2.142469398677349091e-02
4.176212474703788757e-02
4.866209253668785095e-02
6.369636207818984985e-02
4.612014442682266235e-02
4.554361477494239807e-02
3.823769092559814453e-02
1.570877991616725922e-02
-6.372442003339529037e-03
2.347690751776099205e-03
-5.466957017779350281e-02
-4.004022479057312012e-02
-1.733162067830562592e-02
1.049315324053168297e-03
7.019859272986650467e-03
-1.274154335260391235e-02
2.738183550536632538e-02
1.329299621284008026e-02
-2.941106213256716728e-03
-2.059714496135711670e-02
-9.296623058617115021e-03
5.832363851368427277e-03
2.891237288713455200e-02
4.348801448941230774e-03
9.058854542672634125e-03
3.439486771821975708e-02
1.389938592910766602e-02
2.500918135046958923e-02
6.800924427807331085e-03
2.257710322737693787e-02
1.954847946763038635e-02
-8.424440398812294006e-03
-6.923587061464786530e-03
2.222964167594909668e-02
-8.249518577940762043e-04
-2.535067312419414520e-02
-2.056571887806057930e-03
-3.617994114756584167e-02
-5.636846274137496948e-02
-3.151712939143180847e-02
-7.117852102965116501e-03
-2.787787839770317078e-02
-1.302273757755756378e-02
1.726770401000976562e-02
9.542185813188552856e-03
3.010981343686580658e-02
3.616918250918388367e-02
2.737120725214481354e-02
2.390998415648937225e-02
-6.299183703958988190e-03
1.153008453547954559e-02
2.109232917428016663e-02
-7.474090438336133957e-03
-3.567788284271955490e-03
1.661244221031665802e-02
-7.873027585446834564e-03
-4.018947947770357132e-03
-1.320789474993944168e-02
-2.337035536766052246e-02
-3.438374772667884827e-02
-4.194756224751472473e-02
1.557070668786764145e-02
1.212825533002614975e-03
5.418765358626842499e-03
-3.751364350318908691e-02
-2.392693888396024704e-03
-1.855320669710636139e-02
-4.875155538320541382e-02
-3.825729712843894958e-02
-2.925419807434082031e-02
-4.132705554366111755e-02
-4.315900802612304688e-02
-8.052473887801170349e-03
-3.515966609120368958e-02
-2.772870101034641266e-02
-1.899112202227115631e-02
-2.250605635344982147e-02
-4.058030620217323303e-02
-1.720400713384151459e-02
-1.803164742887020111e-02
-3.258274868130683899e-02
-2.340545319020748138e-02
3.257103264331817627e-02
1.330573298037052155e-02
1.103680673986673355e-02
2.973033115267753601e-02
1.033417694270610809e-02
5.150927696377038956e-03
-1.641170866787433624e-02
-2.747901529073715210e-02
-5.376167222857475281e-02
-5.343944579362869263e-02
-5.487092211842536926e-02
-4.337259009480476379e-02
-7.539225369691848755e-02
-4.729361832141876221e-02
-1.612007431685924530e-02
-2.025333978235721588e-02
-4.884578287601470947e-03
9.303524158895015717e-03
2.760265255346894264e-03
7.926609367132186890e-03
5.693960934877395630e-02
-1.705975388176739216e-03
3.467273199930787086e-03
3.217760846018791199e-02
-7.853733375668525696e-03
-8.603140711784362793e-03
6.181681994348764420e-03
-2.903039194643497467e-02
-7.893744856119155884e-03
1.184281427413225174e-02
-1.484067365527153015e-02
-1.468794140964746475e-02
2.103646472096443176e-02
2.070625498890876770e-02
-3.332948312163352966e-02
-2.222063019871711731e-02
3.108876524493098259e-03
1.890100724995136261e-02
-5.009343381971120834e-03
-8.813629858195781708e-03
4.296552855521440506e-03
-1.950290054082870483e-02
1.628657616674900055e-02
3.795329108834266663e-02
2.532656118273735046e-02
1.413798332214355469e-02
-5.738171283155679703e-03
-1.648896839469671249e-03
3.048812039196491241e-02
6.335618440061807632e-03
-3.993636928498744965e-03
1.872211880981922150e-02
-1.789325848221778870e-02
-1.461350475437939167e-03
-3.851150721311569214e-02
-2.808054350316524506e-02
-1.243276800960302353e-02
1.154960878193378448e-02
3.291417285799980164e-02
4.103371128439903259e-02
4.580109566450119019e-02
4.615519940853118896e-02
4.122767597436904907e-02
-4.672841355204582214e-02
-1.525080576539039612e-02
-2.681002952158451080e-02
-3.822342306375503540e-02
-1.000706572085618973e-02
-3.517241030931472778e-02
7.837176322937011719e-03
4.453428089618682861e-02
1.393137220293283463e-02
-3.445274382829666138e-02
-1.697683893144130707e-02
-2.627253346145153046e-02
5.144853889942169189e-02
2.751240320503711700e-02
6.232107989490032196e-03
4.148187115788459778e-02
8.991874754428863525e-03
1.843269355595111847e-02
-8.806727826595306396e-03
-1.868027821183204651e-02
-2.581590972840785980e-02
9.445965290069580078e-03
-5.669386591762304306e-03
-7.214852608740329742e-03
1.893992722034454346e-02
-4.206859506666660309e-03
5.310131702572107315e-03
2.063630521297454834e-02
2.821580274030566216e-03
3.180395439267158508e-02
-2.767323702573776245e-02
-3.651379793882369995e-02
-2.187240496277809143e-02
-5.134369060397148132e-02
-6.503319740295410156e-02
-6.363129615783691406e-02
5.146032944321632385e-02
1.831919327378273010e-02
1.835704036056995392e-02
7.749713957309722900e-03
-1.835822872817516327e-02
-3.282783553004264832e-03
-1.798591949045658112e-02
-2.269550971686840057e-02
-1.412142254412174225e-02
-5.744257941842079163e-02
-4.393425956368446350e-02
-5.588130280375480652e-02
-2.870874106884002686e-02
-1.159275695681571960e-02
-4.239844530820846558e-02
1.032068277709186077e-03
-1.247922331094741821e-02
-2.967186272144317627e-02
-3.303780406713485718e-02
-2.971570380032062531e-02
-3.990738838911056519e-02
7.581138052046298981e-03
3.680270398035645485e-03
1.754824072122573853e-03
1.860123313963413239e-02
-1.261972542852163315e-02
-8.230241946876049042e-03
-1.601161062717437744e-02
-4.001353681087493896e-02
-3.885013982653617859e-02
-3.721250966191291809e-02
-4.256112873554229736e-02
-3.922889754176139832e-02
-8.146332576870918274e-03
-2.547431737184524536e-02
-1.718224026262760162e-02
1.892656274139881134e-02
3.961130604147911072e-02
5.361689999699592590e-02
8.486319333314895630e-03
-2.683806791901588440e-02
-3.818931058049201965e-02
-2.493448322638869286e-03
-4.785128869116306305e-03
-1.173301413655281067e-02
-6.228885147720575333e-03
-1.766334101557731628e-02
1.324219442903995514e-02
-4.771002568304538727e-04
4.994122777134180069e-03
2.332005091011524200e-02
-2.397975884377956390e-02
-3.831088542938232422e-02
-2.084512636065483093e-02
3.046385757625102997e-02
3.824368119239807129e-02
1.787285506725311279e-02
2.418733574450016022e-02
-4.229057114571332932e-03
-2.339224301977083087e-04
-2.358743734657764435e-02
-2.782314084470272064e-02
-4.563709720969200134e-03
-2.846215479075908661e-02
-4.375990480184555054e-02
-2.773386240005493164e-02
-1.903358846902847290e-02
4.729443229734897614e-03
3.503150772303342819e-03
2.137606777250766754e-02
3.996543958783149719e-02
1.368776522576808929e-02
1.321487501263618469e-02
2.160742878913879395e-02
1.656122691929340363e-02
1.620992831885814667e-02
1.060085929930210114e-02
4.071816802024841309e-02
4.446700215339660645e-02
2.474038675427436829e-02
3.395888954401016235e-02
-9.493204765021800995e-03
1.746668107807636261e-02
1.568502187728881836e-02
-1.558896433562040329e-02
1.362788141705095768e-03
-1.070526428520679474e-02
-2.177710831165313721e-02
-1.370257325470447540e-02
-1.113372389227151871e-02
9.625156410038471222e-03
-1.188225019723176956e-02
-3.174743801355361938e-02
5.226983502507209778e-02
4.163891449570655823e-02
4.988396167755126953e-02
4.377433285117149353e-02
4.547776654362678528e-02
4.915809258818626404e-02
-5.521932989358901978e-02
-5.295876786112785339e-02
-4.255544394254684448e-02
-2.422194369137287140e-02
-2.612399123609066010e-02
-2.882311679422855377e-02
-2.497262321412563324e-02
-1.822498999536037445e-02
-3.182833641767501831e-02
-2.211456373333930969e-02
-3.037536889314651489e-02
-1.702808588743209839e-02
2.235400862991809845e-02
1.471511088311672211e-02
2.157900296151638031e-02
2.620474994182586670e-02
-8.383901789784431458e-03
-2.693957462906837463e-02
-2.323414012789726257e-02
-2.190125547349452972e-02
-5.903586745262145996e-03
1.259073056280612946e-02
3.270163759589195251e-02
5.379716306924819946e-02
-9.601422585546970367e-03
-9.958865121006965637e-03
-6.843052804470062256e-03
-2.072487771511077881e-02
-4.602558538317680359e-02
-5.155447870492935181e-02
-1.359972171485424042e-02
-1.212348509579896927e-02
-8.313734084367752075e-03
-6.523951888084411621e-02
-4.235694184899330139e-02
-1.143555715680122375e-02
-3.497755154967308044e-02
-4.973466973751783371e-03
-8.330415003001689911e-03
-3.137849643826484680e-02
3.625323995947837830e-03
-2.883502654731273651e-02
-5.132966861128807068e-02
4.489183193072676659e-04
-1.508423592895269394e-02
-1.186796836555004120e-02
-1.467052288353443146e-02
4.058865830302238464e-02
3.286391869187355042e-02
3.698501735925674438e-02
4.117467626929283142e-02
-1.669560372829437256e-02
-1.949661038815975189e-02
-2.408928051590919495e-02
-1.918959431350231171e-02
-4.309388622641563416e-02
-2.352041751146316528e-02
-3.497041063383221626e-03
-4.756571725010871887e-03
2.463466301560401917e-02
4.150494001805782318e-03
2.630802057683467865e-02
3.264854103326797485e-02
4.432756453752517700e-03
5.403978284448385239e-04
7.544442545622587204e-03
-4.312330391258001328e-03
1.030480116605758667e-02
3.046863945201039314e-03
1.065985672175884247e-02
-1.077805086970329285e-02
-2.341375127434730530e-02
-1.886698417365550995e-02
-2.435438334941864014e-02
-2.603721991181373596e-02
3.362257033586502075e-02
1.150411833077669144e-02
7.100783288478851318e-03
-1.007975265383720398e-02
-2.143769152462482452e-02
-1.099702250212430954e-02
5.645801313221454620e-03
-5.083386786282062531e-03
-6.256503984332084656e-03
-1.536392793059349060e-02
-2.002392709255218506e-02
8.106186054646968842e-03
-1.058808527886867523e-02
-3.052988031413406134e-04
6.136827869340777397e-04
-8.427514694631099701e-03
3.474224824458360672e-03
-1.569541404023766518e-03
9.668180719017982483e-04
7.362991105765104294e-03
4.955897107720375061e-03
-2.821911685168743134e-02
-1.953428238630294800e-02
3.287236904725432396e-03
3.553706035017967224e-02
1.199357304722070694e-02
-3.039125539362430573e-02
1.969999261200428009e-02
2.580876275897026062e-02
1.320789288729429245e-02
-4.233556985855102539e-02
-3.358134254813194275e-02
-4.724539816379547119e-02
-2.544718980789184570e-02
-2.945879288017749786e-02
-2.416801638901233673e-02
-2.590367943048477173e-02
-1.774664968252182007e-02
3.547402098774909973e-02
-4.263743385672569275e-02
-1.895473711192607880e-02
6.333009898662567139e-02
-1.240344252437353134e-03
-3.279023244976997375e-02
2.362365648150444031e-02
3.002516180276870728e-02
-6.865730392746627331e-04
2.272408688440918922e-03
2.296365611255168915e-02
-4.648892953991889954e-02
-6.110923737287521362e-02
-3.939548879861831665e-02
-2.813645265996456146e-02
2.882979437708854675e-02
1.706290803849697113e-02
1.762547716498374939e-02
1.474067941308021545e-02
-3.557711897883564234e-04
2.181438729166984558e-03
-6.714454386383295059e-03
-3.714999929070472717e-02
-3.409449011087417603e-02
-5.580742657184600830e-02
-2.207437762990593910e-03
-3.669845685362815857e-02
-5.910372361540794373e-02
8.293262869119644165e-02
-3.616406023502349854e-02
-4.081144928932189941e-02
-4.453264921903610229e-02
-2.612703479826450348e-02
-1.990270242094993591e-02
4.517930094152688980e-03
3.384596668183803558e-03
-3.345309570431709290e-02
5.459426715970039368e-02
1.842875033617019653e-02
4.569540033116936684e-04
-3.689676523208618164e-02
5.974646657705307007e-03
-4.089433234184980392e-03
-3.223526850342750549e-02
-2.632397040724754333e-02
-5.312985740602016449e-03
-2.670323848724365234e-02
-4.485601931810379028e-02
-3.530509769916534424e-02
-6.475327163934707642e-02
-2.223077043890953064e-02
1.139380596578121185e-02
-3.945543617010116577e-02
1.521712634712457657e-03
4.752538725733757019e-02
-1.486206706613302231e-02
-5.554024246521294117e-04
4.548605158925056458e-02
-6.762745231389999390e-02
-2.748418971896171570e-02
-5.255369842052459717e-02
-1.519066933542490005e-02
-5.047626793384552002e-02
-3.030839376151561737e-02
8.466813713312149048e-02
1.289532985538244247e-02
-1.323432475328445435e-02
5.047882907092571259e-03
2.215134538710117340e-02
-1.694598421454429626e-02
-4.551761224865913391e-02
-2.003337955102324486e-03
1.588935498148202896e-03
-5.198691785335540771e-02
2.384132891893386841e-02
6.903296709060668945e-02
-1.744841225445270538e-03
2.059890190139412880e-03
7.751826196908950806e-03
5.858454853296279907e-03
7.638397160917520523e-03
4.915855452418327332e-02
-2.979558892548084259e-03
1.400802005082368851e-02
7.022097706794738770e-02
4.468342661857604980e-02
-5.877980496734380722e-03
-1.171721424907445908e-02
1.283566467463970184e-02
-2.524464391171932220e-02
8.761337958276271820e-03
2.561131864786148071e-02
2.277953177690505981e-02
2.022367529571056366e-02
-2.194643020629882812e-02
-3.818723559379577637e-02
-5.874057114124298096e-02
2.881995588541030884e-02
1.306812651455402374e-02
-1.142232865095138550e-02
4.905467852950096130e-02
6.259805709123611450e-02
7.345217466354370117e-02
-5.976975895464420319e-03
4.810744151473045349e-02
6.431536376476287842e-02
-7.326897233724594116e-03
7.167825847864151001e-02
3.274455294013023376e-02
-8.489090949296951294e-02
-3.117554355412721634e-03
-1.617469452321529388e-02
1.683115214109420776e-02
2.362204529345035553e-02
1.362500246614217758e-02
-3.439418505877256393e-03
4.723127465695142746e-03
6.815661210566759109e-03
-4.465006664395332336e-02
-2.087588794529438019e-02
-4.599776002578437328e-04
2.640062756836414337e-02
5.280179530382156372e-02
5.102059245109558105e-02
-1.019139192067086697e-03
3.252906026318669319e-03
8.662870153784751892e-03
-4.465482756495475769e-02
-5.402332544326782227e-02
-2.194292098283767700e-02
-2.884966507554054260e-02
-4.694603011012077332e-02
-2.961701340973377228e-02
3.920639306306838989e-02
-2.065088599920272827e-02
-1.383010949939489365e-02
3.187057375907897949e-02
-3.325359523296356201e-02
-1.037925202399492264e-02
-2.372201904654502869e-02
-2.277069911360740662e-02
4.917095880955457687e-03
-1.216878835111856461e-02
-1.972828060388565063e-02
-8.984550833702087402e-03
2.527336589992046356e-03
-1.345459837466478348e-02
-2.027456648647785187e-02
3.368091955780982971e-02
1.417410466820001602e-02
2.785472897812724113e-03
-3.287401748821139336e-03
1.897803135216236115e-02
9.066660888493061066e-03
-3.078850172460079193e-02
-2.091466635465621948e-02
-2.577007748186588287e-02
9.529286180622875690e-04
-3.752819960936903954e-03
-1.043104202835820615e-04
-4.559134598821401596e-03
-1.213723793625831604e-02
-9.401962161064147949e-03
-1.858992502093315125e-02
-2.279802970588207245e-02
-1.939534582197666168e-02
-5.598576739430427551e-02
-3.583865985274314880e-02
-3.897125273942947388e-02
-4.952603951096534729e-02
-1.516786869615316391e-02
-2.793329954147338867e-02
8.813555352389812469e-03
-7.585206534713506699e-03
-1.712867058813571930e-02
-3.949096892029047012e-03
3.630946390330791473e-03
-3.078966401517391205e-03
-2.734257839620113373e-02
1.705562928691506386e-03
-1.731757447123527527e-02
-4.555144160985946655e-02
-3.325900062918663025e-02
1.591529510915279388e-02
6.471107900142669678e-02
4.752606153488159180e-02
3.420922439545392990e-04
-9.483597241342067719e-03
-9.500204585492610931e-03
1.428600493818521500e-02
-2.161364629864692688e-02
-2.279852889478206635e-02
-1.391938794404268265e-02
-6.023897323757410049e-03
-4.269545432180166245e-03
2.693989686667919159e-02
-2.145152352750301361e-02
-1.337740197777748108e-02
-2.212345413863658905e-02
-4.170414060354232788e-02
-1.258583832532167435e-02
-4.378232359886169434e-02
-1.451027579605579376e-02
3.389959782361984253e-02
1.252370327711105347e-02
-2.870426140725612640e-02
2.410826459527015686e-02
2.292741276323795319e-02
6.868975237011909485e-03
5.297393538057804108e-03
-9.241659194231033325e-03
3.729833289980888367e-02
2.932717092335224152e-03
-1.433009654283523560e-02
-2.187033556401729584e-02
-2.116441319230943918e-04
-1.113952510058879852e-02
-2.169592492282390594e-02
-2.583447843790054321e-02
-9.967155754566192627e-03
6.356723606586456299e-04
-9.114978834986686707e-03
-2.356677688658237457e-02
2.238523028790950775e-02
-1.976315863430500031e-02
-1.639012806117534637e-02
-1.370859239250421524e-02
-9.906058199703693390e-03
-1.202578470110893250e-02
-1.117345504462718964e-02
-3.592722350731492043e-03
-1.576822623610496521e-02
1.573159545660018921e-02
-2.541769482195377350e-02
-4.003892093896865845e-02
2.100852085277438164e-03
-2.258847234770655632e-03
-1.409891434013843536e-02
-3.476944193243980408e-02
-1.959700509905815125e-02
1.321365404874086380e-02
-1.763741672039031982e-02
2.001073211431503296e-03
6.011259742081165314e-03
1.151131372898817062e-02
2.116682007908821106e-02
1.314489077776670456e-02
-9.520258754491806030e-03
-3.096822462975978851e-02
-5.255915969610214233e-02
2.157510630786418915e-02
-1.110651064664125443e-02
-4.009518027305603027e-02
2.810140699148178101e-02
-1.659444719552993774e-02
-1.234373636543750763e-02
-3.699658811092376709e-02
3.338322415947914124e-02
4.223012551665306091e-02
-2.892564982175827026e-02
6.032301578670740128e-03
-5.503062158823013306e-03
2.785879932343959808e-02
7.141301035881042480e-02
1.971210725605487823e-02
2.656943909823894501e-02
-5.506283417344093323e-02
-7.515496015548706055e-02
6.164049729704856873e-02
-1.189036481082439423e-02
-1.771348342299461365e-02
1.144918426871299744e-01
5.274356529116630554e-02
6.558454595506191254e-03
-1.825654320418834686e-02
1.991483755409717560e-02
1.063755806535482407e-02
-2.150932513177394867e-02
1.903326623141765594e-02
2.390978671610355377e-02
-5.566073954105377197e-02
-2.687948197126388550e-02
-6.977074779570102692e-03
-1.911791600286960602e-02
-7.417210377752780914e-03
-1.504059322178363800e-02
-3.047294914722442627e-03
-1.490719709545373917e-02
2.161222937502316199e-06
-4.166048765182495117e-02
2.604227978736162186e-03
-7.624999154359102249e-03
-3.630936145782470703e-02
-2.439317665994167328e-02
2.379923686385154724e-02
7.704095914959907532e-03
-2.077572606503963470e-02
-6.762603297829627991e-03
-9.870481677353382111e-03
2.317123347893357277e-03
3.535978123545646667e-02
2.929810062050819397e-02
6.313452869653701782e-02
4.633350297808647156e-02
-3.680473193526268005e-02
-7.391110528260469437e-03
1.572651788592338562e-02
-5.583973601460456848e-02
-1.810090616345405579e-02
-6.043352652341127396e-03
5.333116743713617325e-03
8.891040459275245667e-03
-3.583121346309781075e-03
-2.341006137430667877e-02
-3.010120056569576263e-02
1.147503312677145004e-02
-2.326973713934421539e-02
-5.617567896842956543e-02
-1.581571809947490692e-02
5.183811858296394348e-02
-5.012204404920339584e-03
-6.940457969903945923e-02
9.288810938596725464e-02
5.276075750589370728e-02
-2.362630888819694519e-02
6.911689043045043945e-02
5.361644178628921509e-02
1.640160568058490753e-03
2.223597280681133270e-02
5.781455896794795990e-03
-1.651801541447639465e-02
-3.074503131210803986e-02
1.124060805886983871e-02
-1.558777783066034317e-02
-2.853276766836643219e-02
6.936672329902648926e-02
4.318033531308174133e-02
6.037104874849319458e-03
-2.945714630186557770e-02
-1.296929921954870224e-02
7.685561478137969971e-02
-3.894438222050666809e-02
-2.295114286243915558e-02
4.688967391848564148e-02
-1.454123668372631073e-02
-2.138179168105125427e-02
-6.647040601819753647e-03
-2.231181366369128227e-03
1.375312451273202896e-02
-1.842658221721649170e-02
-3.474926203489303589e-02
3.479459136724472046e-02
-3.146940097212791443e-02
-4.401500150561332703e-02
-3.139489144086837769e-02
1.203468302264809608e-03
1.151945721358060837e-02
6.669373065233230591e-02
1.941845566034317017e-02
-2.609437704086303711e-02
-1.500175683759152889e-03
-2.717798948287963867e-02
-1.564444601535797119e-02
3.287192061543464661e-02
1.322459150105714798e-02
-2.635652013123035431e-02
-5.105789005756378174e-02
2.917627245187759399e-02
2.076865173876285553e-02
-2.047959901392459869e-02
4.456060938537120819e-03
3.709641471505165100e-02
1.024287752807140350e-02
-3.780917823314666748e-02
-8.562488481402397156e-03
5.719271488487720490e-03
-5.563099682331085205e-02
-2.194995433092117310e-02
-8.570749312639236450e-03
1.856897398829460144e-02
3.150416910648345947e-02
2.572930650785565376e-03
3.347011283040046692e-02
1.814110763370990753e-02
-1.321115996688604355e-02
-2.886341826524585485e-04
4.762443155050277710e-02
-4.077637568116188049e-03
-9.653332643210887909e-03
5.734167248010635376e-02
8.159498684108257294e-03
-1.754199340939521790e-02
-1.906156353652477264e-02
-1.969258487224578857e-02
-3.799809142947196960e-02
-1.688248105347156525e-02
-6.434744596481323242e-02
-9.831652045249938965e-03
-4.061169922351837158e-03
-5.678789690136909485e-02
2.016627974808216095e-02
-2.451536245644092560e-02
-1.052114553749561310e-02
-4.134054295718669891e-03
-3.202830627560615540e-02
-1.833061128854751587e-02
-9.879183955490589142e-03
-1.462055742740631104e-02
-1.445710938423871994e-02
6.145971640944480896e-02
2.044865489006042480e-02
-1.502164825797080994e-02
-1.567534729838371277e-02
1.380923762917518616e-02
2.436494454741477966e-02
-2.869792049750685692e-03
1.197520922869443893e-02
1.415954902768135071e-02
2.942541800439357758e-02
-1.359316054731607437e-02
-1.373524963855743408e-02
1.150774117559194565e-02
-2.577957138419151306e-02
-5.131690576672554016e-02
-1.731584034860134125e-02
-1.870306581258773804e-02
-2.665344811975955963e-02
-5.338147748261690140e-03
1.623501069843769073e-02
2.954220399260520935e-02
-2.797891851514577866e-03
-1.517243683338165283e-02
2.311703376471996307e-02
-9.526624344289302826e-03
4.106246866285800934e-03
3.518841788172721863e-02
5.679233744740486145e-02
-1.614446402527391911e-03
-4.705286771059036255e-02
4.296452179551124573e-02
5.437645013444125652e-04
-7.580251246690750122e-02
3.768377751111984253e-02
2.631310559809207916e-02
-5.831108614802360535e-02
-1.792397932149469852e-03
3.101390227675437927e-02
1.306025870144367218e-02
-2.634295262396335602e-02
-2.862390503287315369e-02
-1.989592425525188446e-02
-9.936110116541385651e-03
-2.693209238350391388e-02
-3.393900021910667419e-02
3.232467174530029297e-02
1.591617055237293243e-02
-1.567192375659942627e-02
2.501429989933967590e-03
-3.422884969040751457e-03
-1.700248196721076965e-02
-1.615783758461475372e-02
-2.570037730038166046e-03
-2.538092434406280518e-03
-2.231331914663314819e-02
-1.490942947566509247e-02
1.437404286116361618e-02
1.153974421322345734e-02
-1.437121443450450897e-02
-2.054655225947499275e-03
4.597378149628639221e-02
2.607547305524349213e-02
1.528460532426834106e-02
-7.134131342172622681e-02
-1.562981680035591125e-02
1.525401324033737183e-02
-1.617564819753170013e-02
-2.213661372661590576e-02
-3.743326058611273766e-03
4.455744847655296326e-02
-1.779767684638500214e-02
-2.877665683627128601e-02
5.170090869069099426e-02
4.274882748723030090e-02
1.249296311289072037e-02
-3.930023871362209320e-03
3.261866793036460876e-02
3.351888433098793030e-02
-9.324368089437484741e-03
-1.782079227268695831e-02
4.631570354104042053e-02
-1.863919384777545929e-02
-2.243465976789593697e-03
-2.545964904129505157e-02
-1.439750846475362778e-02
-1.418565306812524796e-02
-1.659933105111122131e-02
9.067353792488574982e-03
-8.119508624076843262e-03
-7.763264235109090805e-03
1.563912443816661835e-02
2.024037204682826996e-02
-7.513965480029582977e-03
-6.969551090151071548e-03
2.266930823680013418e-04
-2.376344986259937286e-02
-2.572816237807273865e-02
-2.806577831506729126e-02
-3.184395655989646912e-02
-2.256220206618309021e-02
-3.085956908762454987e-02
2.752938680350780487e-02
-2.102136984467506409e-02
-2.002135850489139557e-02
1.886837556958198547e-02
-2.277880348265171051e-02
-4.011288285255432129e-02
1.583404652774333954e-02
6.401898572221398354e-04
1.069371122866868973e-02
8.541163988411426544e-03
1.514094509184360504e-02
2.619719831272959709e-03
1.532190013676881790e-02
-2.768112113699316978e-03
-5.780741572380065918e-03
-7.661371491849422455e-03
-2.040384896099567413e-02
-1.371805462986230850e-02
-1.483201514929533005e-02
-2.524203248322010040e-02
-1.933292672038078308e-02
-1.138308085501194000e-02
1.265516318380832672e-02
1.508620008826255798e-02
9.080761112272739410e-03
5.299165844917297363e-03
8.413126692175865173e-03
3.028486482799053192e-02
8.163209073245525360e-03
1.610481925308704376e-02
2.182126790285110474e-02
2.375243976712226868e-02
2.833057008683681488e-02
2.760069444775581360e-02
-1.906326389871537685e-03
3.093567211180925369e-03
2.573610842227935791e-02
7.180329877883195877e-03
-4.676228389143943787e-03
1.095503196120262146e-02
2.564201876521110535e-02
1.636684127151966095e-02
-7.193315774202346802e-03
3.250830247998237610e-02
3.998979926109313965e-02
2.284484542906284332e-02
-8.743167854845523834e-03
-4.075683653354644775e-03
-1.748324558138847351e-02
-1.629969291388988495e-02
-1.908796373754739761e-03
-1.330833416432142258e-02
-2.432698942720890045e-02
-3.565948456525802612e-02
-1.848565973341464996e-02
4.445374477654695511e-03
2.167537063360214233e-02
5.570374056696891785e-02
4.166341095697134733e-04
3.355518728494644165e-02
4.439430683851242065e-02
-2.005391009151935577e-02
9.701500646770000458e-03
-1.683322945609688759e-03
-1.928444020450115204e-02
3.392338752746582031e-02
2.473523654043674469e-02
-3.581774071790277958e-04
2.950725518167018890e-02
1.398005173541605473e-03
3.193758428096771240e-02
2.692823298275470734e-02
5.118876695632934570e-03
6.710749864578247070e-02
7.185794413089752197e-02
4.036578908562660217e-02
4.960550926625728607e-03
7.847211323678493500e-03
-2.277598157525062561e-02
-4.922707378864288330e-02
-4.949416592717170715e-02
-5.975863678031601012e-05
-1.367914676666259766e-02
-3.930236771702766418e-02
2.398846112191677094e-02
6.364700850099325180e-03
-3.597313910722732544e-02
5.545626208186149597e-02
-1.990602351725101471e-02
-1.864387094974517822e-02
-1.442771870642900467e-02
1.023022737354040146e-02
-4.998555406928062439e-03
-1.846592873334884644e-02
3.674015402793884277e-02
3.529021516442298889e-02
1.870336569845676422e-02
5.080918967723846436e-02
2.409198507666587830e-02
3.401296213269233704e-02
1.247189124114811420e-03
-3.518831450492143631e-03
-8.768422529101371765e-03
-4.595520719885826111e-02
-3.461331874132156372e-02
-3.664022684097290039e-02
1.111428719013929367e-02
1.260363962501287460e-02
-1.664823666214942932e-02
1.248925831168889999e-02
-1.219574734568595886e-02
-3.241376252844929695e-03
-2.052725292742252350e-02
-5.098253116011619568e-02
-3.235488757491111755e-02
2.573912218213081360e-02
5.287785828113555908e-02
3.538156300783157349e-02
1.374817366013303399e-04
2.878229692578315735e-02
1.324686221778392792e-02
-3.445097431540489197e-02
-2.357448823750019073e-02
-4.833209887146949768e-02
-3.610870242118835449e-02
-3.504504263401031494e-02
9.504063054919242859e-03
-7.741701323539018631e-03
-1.378113869577646255e-02
1.579922996461391449e-02
2.208844386041164398e-02
3.065467625856399536e-02
1.934669911861419678e-02
1.886277645826339722e-02
3.996585682034492493e-02
4.889474250376224518e-03
-2.477191761136054993e-02
-3.591382876038551331e-03
2.000854164361953735e-02
-2.361263148486614227e-02
-8.511438034474849701e-03
2.867294475436210632e-03
-2.205817960202693939e-02
-1.399085740558803082e-03
-2.949273213744163513e-02
8.223911747336387634e-03
3.587903454899787903e-02
2.941608428955078125e-02
-9.293408133089542389e-03
-1.742296665906906128e-02
-1.717472635209560394e-02
2.401650138199329376e-02
5.706766620278358459e-02
4.082098975777626038e-02
-7.569205481559038162e-03
4.146216087974607944e-05
-7.019447162747383118e-03
-1.956480182707309723e-02
-2.415779232978820801e-02
-2.119494788348674774e-02
-1.776570826768875122e-02
-3.118571452796459198e-02
-3.584057465195655823e-02
-3.806566447019577026e-02
-4.285497590899467468e-02
-3.116098977625370026e-02
9.692735970020294189e-03
1.040824968367815018e-02
3.318252041935920715e-02
1.616923720575869083e-03
-1.495417580008506775e-02
-5.272744596004486084e-02
2.986100444104522467e-04
3.625217825174331665e-03
-1.432599779218435287e-02
1.348615624010562897e-02
8.205149322748184204e-03
1.190346665680408478e-02
2.972283773124217987e-02
1.354027446359395981e-02
-1.638404279947280884e-02
4.397466313093900681e-03
2.000338770449161530e-02
2.492606639862060547e-03
-4.826683923602104187e-02
-3.599656373262405396e-02
-7.008871529251337051e-03
4.173742607235908508e-02
4.941564053297042847e-02
2.557576633989810944e-02
1.066508051007986069e-02
1.917530409991741180e-02
-1.247947197407484055e-02
-3.580566495656967163e-02
-2.439107932150363922e-02
-5.653874576091766357e-02
-1.671819016337394714e-02
-3.023291751742362976e-02
8.720091544091701508e-03
-2.721796743571758270e-02
-3.784410655498504639e-02
-1.828140765428543091e-02
-1.383201591670513153e-02
-5.145017802715301514e-02
-3.429028764367103577e-02
3.503052517771720886e-02
3.150822222232818604e-02
1.586133055388927460e-02
3.450640290975570679e-02
5.151335522532463074e-02
4.963584616780281067e-02
1.769340783357620239e-02
5.230008158832788467e-03
-6.810631020925939083e-04
-2.216141112148761749e-02
1.606117148185148835e-04
-1.694824174046516418e-02
-2.453671954572200775e-02
-3.499010950326919556e-02
-1.122541353106498718e-02
-2.299220673739910126e-02
-1.287599187344312668e-02
4.151909053325653076e-02
2.070751599967479706e-02
-6.857236148789525032e-04
-3.288900479674339294e-02
1.096959691494703293e-02
-1.766799017786979675e-02
-9.206202812492847443e-03
-6.692906375974416733e-03
-7.797732017934322357e-03
1.338093541562557220e-02
-8.552397601306438446e-03
-2.344986889511346817e-03
-9.028949774801731110e-03
2.263537608087062836e-02
3.236638009548187256e-02
1.516417786478996277e-02
7.651011459529399872e-03
1.806947030127048492e-02
-1.133494917303323746e-02
-6.068635731935501099e-03
-2.906274609267711639e-02
1.489157602190971375e-02
1.493277144618332386e-03
-1.520000118762254715e-02
-1.457123365253210068e-02
4.091510176658630371e-02
1.696478575468063354e-02
3.502805903553962708e-02
-2.722678892314434052e-02
-2.581613697111606598e-02
-2.126126782968640327e-03
-4.792736098170280457e-02
-4.074151813983917236e-02
-2.371908724308013916e-02
-1.605275273323059082e-02
-1.233389601111412048e-02
-7.474302779883146286e-03
-1.824921928346157074e-02
-2.005128748714923859e-02
-3.474095836281776428e-02
-2.826591022312641144e-03
4.690832924097776413e-03
-1.775341294705867767e-02
-6.452342960983514786e-03
-1.725379959680140018e-03
-9.948876686394214630e-03
-1.753325201570987701e-02
-2.120485901832580566e-02
-4.126736894249916077e-03
1.571880094707012177e-02
4.529034718871116638e-03
2.860423550009727478e-02
-9.462011803407222033e-06
1.830814033746719360e-02
2.528743818402290344e-02
1.209068577736616135e-02
7.056759670376777649e-03
2.857931703329086304e-02
2.149227447807788849e-02
2.083355933427810669e-02
9.248478338122367859e-03
2.905062772333621979e-02
2.858731336891651154e-02
2.671084925532341003e-02
6.269279401749372482e-03
-5.117132794111967087e-03
-2.376386895775794983e-03
-3.151083365082740784e-03
8.651532116346061230e-04
-1.658938266336917877e-02
-3.052879311144351959e-02
-1.923773251473903656e-02
-2.046069875359535217e-02
4.698031023144721985e-02
3.149044141173362732e-02
-9.461050853133201599e-03
-3.313547698780894279e-03
-9.080452844500541687e-03
-3.277441114187240601e-02
-3.903060406446456909e-02
-4.596112668514251709e-02
-6.384292244911193848e-02
2.234431449323892593e-03
-2.799526415765285492e-02
8.172218687832355499e-03
-1.717745140194892883e-02
-2.528570964932441711e-02
3.671724582090973854e-03
-9.647020138800144196e-03
-2.642128802835941315e-02
-4.173883702605962753e-03
4.188477993011474609e-03
-8.219700306653976440e-03
-3.032264672219753265e-02
1.695190928876399994e-02
5.441067740321159363e-03
-3.651714697480201721e-02
7.518320810049772263e-03
-1.909704878926277161e-02
-3.680514171719551086e-02
-2.989814383909106255e-04
2.978111058473587036e-02
4.988451302051544189e-02
-4.254445061087608337e-02
-6.452428642660379410e-03
2.235533110797405243e-02
-5.417943466454744339e-03
-5.083512514829635620e-03
-1.221479941159486771e-02
-1.243444159626960754e-02
-2.541310153901576996e-02
-2.987661585211753845e-02
2.907049283385276794e-02
-2.217294275760650635e-02
-4.539055749773979187e-02
8.285481482744216919e-02
5.407121032476425171e-02
1.484564039856195450e-02
-3.557137027382850647e-02
-1.524631213396787643e-02
-1.369442511349916458e-02
-2.725578658282756805e-02
-1.978223584592342377e-02
-2.685371227562427521e-02
5.028854589909315109e-03
-1.099163200706243515e-02
-2.242194674909114838e-02
8.274438790977001190e-03
-2.936845272779464722e-02
-2.758652903139591217e-02
-2.576013840734958649e-02
-4.697568342089653015e-02
-2.838115394115447998e-02
-1.882717944681644440e-02
-3.615440800786018372e-02
-2.215773798525333405e-02
3.725053369998931885e-02
2.634877152740955353e-02
2.555518411099910736e-02
5.462552886456251144e-03
-1.853524707257747650e-02
-6.683625746518373489e-03
-6.141530466265976429e-04
-2.470669522881507874e-02
2.109253313392400742e-03
6.758115254342556000e-03
-1.252224296331405640e-02
-3.116874210536479950e-02
-6.411748472601175308e-03
-2.259713970124721527e-02
-3.087927959859371185e-02
-9.172582067549228668e-03
4.436834249645471573e-03
-1.568034477531909943e-02
1.308934111148118973e-02
2.883561514317989349e-02
2.070731483399868011e-02
-1.040936727076768875e-02
-2.520950511097908020e-02
-3.844330087304115295e-02
-3.769431263208389282e-02
-3.142551332712173462e-02
-5.641358345746994019e-02
-1.129601243883371353e-02
-1.538405846804380417e-02
-3.837980329990386963e-02
-1.500407117418944836e-03
4.311766941100358963e-03
-3.043003007769584656e-02
-2.265326306223869324e-02
1.929158717393875122e-02
3.001156076788902283e-02
1.697767525911331177e-02
-1.434011291712522507e-02
-1.995920948684215546e-02
-2.598994411528110504e-02
-6.580739747732877731e-03
-7.519246544688940048e-03
-1.557642035186290741e-02
1.053089369088411331e-02
8.135517127811908722e-03
-3.902422264218330383e-02
-1.072086859494447708e-02
1.867823116481304169e-02
-9.101158007979393005e-03
3.541964665055274963e-02
4.479905217885971069e-02
-6.356968544423580170e-03
7.845676504075527191e-03
9.903945028781890869e-03
-1.817000284790992737e-02
-2.825938723981380463e-02
9.739917702972888947e-03
2.757957577705383301e-02
7.013151422142982483e-03
1.867043226957321167e-02
7.540567778050899506e-03
-2.564982138574123383e-02
-1.871342584490776062e-02
-2.099557034671306610e-02
-2.160537242889404297e-02
2.630640193819999695e-02
5.714662373065948486e-02
5.110763385891914368e-02
7.108776271343231201e-02
-2.624297700822353363e-02
-3.059136867523193359e-02
-6.887897383421659470e-03
-1.838714070618152618e-02
-5.880477838218212128e-03
1.983076892793178558e-02
-1.553198043256998062e-02
1.495015062391757965e-02
1.824880950152873993e-02
1.540230400860309601e-02
4.841369017958641052e-02
2.648096717894077301e-02
1.709520630538463593e-02
1.638196967542171478e-02
2.511224942281842232e-03
3.393710777163505554e-02
4.384708404541015625e-02
2.103926055133342743e-02
2.257388085126876831e-02
4.162311926484107971e-02
5.617914348840713501e-02
-5.464253947138786316e-03
1.600592024624347687e-02
2.237726189196109772e-02
-6.134974304586648941e-03
-1.132604759186506271e-02
1.733616110868752003e-03
-1.081132609397172928e-02
-2.809376083314418793e-02
-1.722495816648006439e-02
-2.709372667595744133e-03
-4.788310453295707703e-02
-5.239196866750717163e-02
7.663150876760482788e-02
2.287781424820423126e-02
3.153865400236099958e-04
-1.478190824855118990e-06
-4.623173177242279053e-02
-2.214716374874114990e-02
-4.788956418633460999e-02
-2.483862638473510742e-02
-3.460335358977317810e-02
3.829372115433216095e-03
4.057298414409160614e-03
5.570656619966030121e-03
3.739460930228233337e-02
-1.236721966415643692e-02
-1.915402710437774658e-03
-4.852355923503637314e-03
1.656462065875530243e-02
1.484502200037240982e-02
-3.736011683940887451e-02
-2.380791679024696350e-02
-3.142245858907699585e-02
-2.620706893503665924e-02
-1.036794483661651611e-02
-1.751306094229221344e-02
-2.717955410480499268e-02
-2.898784168064594269e-02
-3.563557937741279602e-02
-1.535413134843111038e-02
-1.306799706071615219e-02
-2.096799947321414948e-02
-3.620783984661102295e-02
-1.775462366640567780e-02
-5.568001419305801392e-03
1.373817492276430130e-02
7.411980535835027695e-03
2.407569438219070435e-03
3.257106989622116089e-03
-1.206643972545862198e-02
-1.952182315289974213e-02
-9.915431961417198181e-03
-4.380778968334197998e-02
-2.097192592918872833e-02
-3.140876768156886101e-03
7.807961199432611465e-03
1.730606332421302795e-02
3.274955973029136658e-02
5.442957580089569092e-02
1.961188204586505890e-02
2.518282458186149597e-02
2.422371320426464081e-02
-1.471226848661899567e-02
-1.125217601656913757e-02
-1.084178965538740158e-02
-3.967303410172462463e-02
7.409460376948118210e-03
2.615838311612606049e-03
-2.226635999977588654e-02
1.190578844398260117e-02
6.025286857038736343e-03
1.833636488299816847e-04
2.290271222591400146e-02
2.369041368365287781e-02
-7.590826600790023804e-03
-5.012124404311180115e-02
-4.162004962563514709e-02
-4.196515306830406189e-02
-1.675589941442012787e-02
-2.219104953110218048e-02
-2.741592563688755035e-02
-2.434991300106048584e-02
6.667403969913721085e-03
2.797269262373447418e-02
-5.684723146259784698e-03
-6.366572808474302292e-03
-1.475424389354884624e-03
-1.834847964346408844e-02
-3.087240830063819885e-02
-1.345843169838190079e-02
2.237447537481784821e-02
-1.573272049427032471e-02
2.508262917399406433e-02
3.978349268436431885e-02
1.034458447247743607e-02
1.276304852217435837e-02
1.814248412847518921e-02
-1.186179462820291519e-02
-2.633887901902198792e-02
1.063252054154872894e-02
8.167149499058723450e-03
-3.930090740323066711e-02
3.808624809607863426e-03
-1.457837782800197601e-02
-2.181332744657993317e-02
-2.118583954870700836e-02
-2.237155847251415253e-02
-2.740371599793434143e-02
-1.581984758377075195e-02
-1.490325480699539185e-02
5.506210960447788239e-03
-4.966127127408981323e-02
-2.471288107335567474e-02
-2.357445098459720612e-02
-7.005666196346282959e-02
-4.817945882678031921e-02
-2.552843093872070312e-02
-4.475266858935356140e-02
-6.755977869033813477e-02
-2.732568606734275818e-02
-8.469833992421627045e-03
-4.231533408164978027e-02
-1.784291304647922516e-02
-2.218051441013813019e-02
-4.090629890561103821e-02
-1.111943554133176804e-02
1.842523179948329926e-02
-7.386833894997835159e-03
2.724303491413593292e-02
-4.224873147904872894e-03
-4.635413177311420441e-03
6.587918382138013840e-03
3.395421802997589111e-02
1.760405674576759338e-02
9.176152758300304413e-03
-2.414548303931951523e-03
-2.076156437397003174e-02
-1.879372075200080872e-02
-9.782321285456418991e-04
1.514468248933553696e-02
1.741613075137138367e-02
3.110840916633605957e-02
4.966380447149276733e-02
4.337787628173828125e-02
-3.065975010395050049e-02
-1.001424621790647507e-02
-2.966366335749626160e-02
-5.008511245250701904e-02
-3.769538551568984985e-02
-2.101772278547286987e-02
-3.443861380219459534e-02
-2.806678600609302521e-02
-3.014319203794002533e-02
2.369946800172328949e-02
1.055163331329822540e-02
3.896250389516353607e-03
-2.792898565530776978e-02
-1.153658796101808548e-02
-5.349770653992891312e-03
-4.239219706505537033e-03
3.688469761982560158e-03
-1.618383638560771942e-02
2.767038159072399139e-02
-5.564716178923845291e-03
-3.721569478511810303e-02
4.627026990056037903e-02
4.147104453295469284e-03
-1.258386299014091492e-02
-3.630811721086502075e-02
-6.581667810678482056e-02
-5.538809299468994141e-02
3.095814026892185211e-02
-1.108981017023324966e-02
-2.102707140147686005e-02
4.054170101881027222e-03
-2.408558875322341919e-02
-4.550790786743164062e-02
4.410523921251296997e-02
2.118921466171741486e-02
6.473842076957225800e-03
-2.668053843080997467e-03
2.680067904293537140e-02
5.063447356224060059e-02
-2.785966545343399048e-02
-3.489822894334793091e-02
-1.355463522486388683e-03
-2.333793789148330688e-02
-1.987467519938945770e-02
-8.774472400546073914e-03
-4.885965585708618164e-02
-6.623452901840209961e-02
-5.033978074789047241e-02
-4.603888094425201416e-02
-3.054074384272098541e-02
-9.124145843088626862e-03
-6.414539180696010590e-03
-2.663129754364490509e-02
4.036604426801204681e-03
-2.333066798746585846e-02
-2.580249495804309845e-02
-3.378526121377944946e-02
1.507490780204534531e-02
-1.305339857935905457e-02
-3.008385933935642242e-02
-1.677086763083934784e-02
-4.705689474940299988e-02
-3.905669227242469788e-02
4.940213635563850403e-02
-6.736942566931247711e-03
1.621260121464729309e-02
2.563547156751155853e-02
-2.473700046539306641e-02
-7.537466939538717270e-03
-9.411691688001155853e-03
-3.498904779553413391e-02
2.661837032064795494e-03
-1.452479604631662369e-02
-3.836901113390922546e-02
-3.827933222055435181e-02
-9.053830988705158234e-03
-1.411810982972383499e-03
-3.976092115044593811e-02
-9.510004892945289612e-03
5.334163084626197815e-03
5.863832775503396988e-03
-2.212759107351303101e-02
-1.066084671765565872e-02
3.187077818438410759e-03
-3.350882790982723236e-03
-1.786136627197265625e-02
1.283516176044940948e-02
-2.022693865001201630e-03
6.991937290877103806e-03
3.994241356849670410e-02
4.336668644100427628e-03
-1.994546968489885330e-03
-4.745277576148509979e-03
-1.024495810270309448e-02
-2.171425893902778625e-02
-1.577604748308658600e-02
3.378735482692718506e-02
5.884387530386447906e-03
-9.579496458172798157e-03
-2.887517958879470825e-02
-5.564716085791587830e-02
-3.874019533395767212e-02
6.866659969091415405e-04
-1.885194517672061920e-02
-3.473390638828277588e-02
1.837776601314544678e-02
1.378167513757944107e-02
6.935845594853162766e-03
2.049658074975013733e-02
3.227705508470535278e-02
1.123123895376920700e-02
9.854257106781005859e-03
-1.308782957494258881e-02
-2.744228951632976532e-02
3.322536358609795570e-03
-9.722675196826457977e-03
-1.501437555998563766e-02
-6.986795365810394287e-02
-6.542566418647766113e-02
-3.893492370843887329e-02
-1.164865563623607159e-03
8.702253922820091248e-03
9.734030812978744507e-03
-1.258002128452062607e-03
1.911940425634384155e-02
2.541699446737766266e-02
-4.260291531682014465e-02
-4.209800437092781067e-02
-2.871665731072425842e-02
-1.733974367380142212e-02
-1.099616568535566330e-02
-2.367101609706878662e-02
-3.210637345910072327e-02
-2.220102585852146149e-02
-1.991010829806327820e-02
-4.002430010586977005e-03
4.594995081424713135e-02
3.194939717650413513e-02
1.968407258391380310e-02
5.539969354867935181e-02
2.150723896920681000e-02
4.198031092528253794e-05
3.266114741563796997e-02
-1.627079909667372704e-03
-1.587851345539093018e-02
-3.346059471368789673e-02
1.598536968231201172e-02
2.815660089254379272e-02
-7.763847243040800095e-03
-6.683873943984508514e-03
1.757910847663879395e-02
2.600795356556773186e-03
2.904010005295276642e-03
4.571929201483726501e-02
4.199119657278060913e-02
-3.488497575744986534e-03
5.329924076795578003e-02
3.520275279879570007e-02
1.674158312380313873e-02
1.568469963967800140e-02
1.279610022902488708e-02
1.021940959617495537e-03
5.104394629597663879e-03
-1.161504653282463551e-03
1.282966602593660355e-02
-2.731851674616336823e-02
-1.503062155097723007e-02
-1.747081987559795380e-02
-1.020561531186103821e-02
-8.659802377223968506e-03
-3.847287595272064209e-02
-2.697208710014820099e-02
-5.139480531215667725e-02
-1.823476515710353851e-02
2.028934657573699951e-02
1.082312501966953278e-02
5.160332657396793365e-03
2.551368437707424164e-02
2.610759250819683075e-02
9.888840839266777039e-03
2.751263976097106934e-02
1.903717033565044403e-02
3.518833220005035400e-02
1.733994297683238983e-02
2.261674217879772186e-02
3.346298262476921082e-02
1.061540469527244568e-02
2.858153171837329865e-02
3.529817238450050354e-02
-6.791108753532171249e-04
-4.038646072149276733e-02
1.537174545228481293e-02
-8.662441745400428772e-03
-2.234886027872562408e-02
3.907684981822967529e-02
1.706946454942226410e-02
1.424516178667545319e-02
2.822236530482769012e-02
-5.326969549059867859e-02
-3.955733031034469604e-02
-7.822539657354354858e-02
-2.711532451212406158e-02
-4.613973945379257202e-02
-2.947566099464893341e-02
4.576382634695619345e-04
-2.849524281919002533e-02
-1.099873892962932587e-02
1.030632108449935913e-02
1.018353179097175598e-02
2.007334865629673004e-02
2.147414721548557281e-02
6.947734393179416656e-03
2.074749208986759186e-02
1.617453061044216156e-02
2.024005167186260223e-02
2.079468965530395508e-02
-6.542710121721029282e-03
2.546500414609909058e-02
-1.741726137697696686e-02
-2.752618491649627686e-02
-1.965936040505766869e-03
-5.620758980512619019e-03
-2.687461487948894501e-02
-8.661662228405475616e-03
9.624170139431953430e-03
4.885681904852390289e-03
9.323389269411563873e-03
4.169969819486141205e-03
-3.780148178339004517e-02
-5.724217742681503296e-02
-3.552382439374923706e-02
-1.152132917195558548e-02
-2.028048597276210785e-02
-1.307470537722110748e-02
-4.654604941606521606e-02
5.977699998766183853e-03
7.979506626725196838e-03
1.312753744423389435e-02
3.680497407913208008e-02
3.719430044293403625e-02
1.647499389946460724e-03
2.537008561193943024e-02
5.318211764097213745e-02
7.163885980844497681e-02
-1.770081929862499237e-02
-3.669898584485054016e-02
2.684672921895980835e-02
-4.209258779883384705e-02
-5.261117592453956604e-02
-2.136467583477497101e-02
-4.457666352391242981e-02
-3.067145869135856628e-02
3.217795118689537048e-02
-6.665826775133609772e-03
-1.369209401309490204e-02
-6.196332629770040512e-03
-1.347139850258827209e-02
-6.029916927218437195e-03
-1.763084158301353455e-02
-2.753487415611743927e-02
-2.735335752367973328e-02
7.071232050657272339e-02
7.822931557893753052e-02
3.883393108844757080e-02
5.424043908715248108e-02
1.775587908923625946e-02
2.262371405959129333e-02
3.227659966796636581e-03
-5.967683624476194382e-03
2.889760769903659821e-02
-3.486992046236991882e-02
-4.024899378418922424e-02
-6.173590570688247681e-02
-1.481764297932386398e-02
3.474574303254485130e-03
1.238567871041595936e-03
-5.846625939011573792e-02
-1.993574900552630424e-03
-5.864165257662534714e-03
-4.233509302139282227e-02
-5.448611453175544739e-02
-6.082824990153312683e-02
2.727584913372993469e-02
3.195176646113395691e-02
1.856970787048339844e-02
2.152333594858646393e-02
4.894059896469116211e-02
4.450520128011703491e-02
-3.103216923773288727e-02
6.553201237693428993e-04
-2.560335211455821991e-02
-5.319553241133689880e-02
-2.127978391945362091e-02
-2.626592107117176056e-02
-7.500063627958297729e-02
-7.077807933092117310e-02
-7.311101257801055908e-02
3.183035412803292274e-03
2.637987397611141205e-02
1.948454417288303375e-02
-4.526190832257270813e-02
-9.630936197936534882e-03
6.208889652043581009e-03
9.140054695308208466e-03
8.695973083376884460e-03
1.195922959595918655e-02
-3.170075640082359314e-02
-3.807563707232475281e-02
-1.290747150778770447e-02
-2.326902374625205994e-02
-4.998470656573772430e-03
3.077685832977294922e-02
-8.236529305577278137e-03
3.552311286330223083e-02
7.860956341028213501e-02
3.548097237944602966e-02
6.469547748565673828e-02
4.881117865443229675e-02
-1.767578534781932831e-02
-3.426219150424003601e-02
-1.896421983838081360e-02
2.720181131735444069e-03
-2.105357870459556580e-02
-3.182416781783103943e-02
1.020071841776371002e-02
2.181872405344620347e-04
1.564462855458259583e-02
-3.330930694937705994e-02
-4.215828329324722290e-02
-4.501991719007492065e-02
-2.429719083011150360e-02
-3.234207630157470703e-02
-4.510796815156936646e-02
1.380279660224914551e-02
3.497584536671638489e-02
-1.164725422859191895e-02
2.967724204063415527e-02
4.673280566930770874e-02
-2.380743855610489845e-03
4.910874366760253906e-02
5.262237414717674255e-02
1.327781821601092815e-03
-3.372306004166603088e-02
-2.250727498903870583e-03
-1.026988122612237930e-02
2.767168171703815460e-02
3.253021463751792908e-02
4.047391191124916077e-02
4.068752750754356384e-02
4.821476340293884277e-02
8.438342809677124023e-02
-1.837316900491714478e-02
-3.625021502375602722e-02
-6.311669945716857910e-03
1.544257067143917084e-02
6.291382014751434326e-03
7.175308652222156525e-03
-2.805365435779094696e-02
-5.870124697685241699e-02
-2.176676504313945770e-02
1.044373959302902222e-03
-5.355447996407747269e-03
-1.300764642655849457e-02
-4.028949514031410217e-02
-3.791346773505210876e-02
-5.211101472377777100e-02
-2.697674371302127838e-02
-1.751513592898845673e-02
-2.502953261137008667e-02
4.406547173857688904e-02
3.757577762007713318e-02
4.884188249707221985e-02
2.638816460967063904e-02
1.498330384492874146e-02
9.148115292191505432e-03
2.398075349628925323e-02
1.084500551223754883e-02
-5.301029887050390244e-03
2.669533481821417809e-03
4.018129035830497742e-02
1.352051459252834320e-02
7.654574699699878693e-03
2.903342433273792267e-02
-4.754241090267896652e-03
1.326799485832452774e-02
-9.788722964003682137e-04
-2.904148958623409271e-02
4.664202034473419189e-02
1.989189907908439636e-02
1.436584442853927612e-02
1.939019933342933655e-02
2.629303559660911560e-02
-8.473154157400131226e-03
2.202358096837997437e-02
2.550694905221462250e-02
1.365839038044214249e-02
-7.609448861330747604e-03
-2.001658454537391663e-02
-4.705243554781191051e-05
-5.568103864789009094e-02
-3.439373150467872620e-02
7.843715138733386993e-03
-3.652082756161689758e-02
-3.168378397822380066e-02
-1.127126044593751431e-03
-7.941113784909248352e-03
-5.723134055733680725e-02
-3.713661432266235352e-02
-6.658946722745895386e-02
-7.845601439476013184e-02
-3.181145712733268738e-02
-4.146272689104080200e-02
-3.344458341598510742e-02
-1.699147559702396393e-02
6.059410423040390015e-02
2.641735412180423737e-02
-1.216899789869785309e-02
5.102148279547691345e-02
1.709382794797420502e-02
-3.990618977695703506e-03
8.957325480878353119e-03
2.110853418707847595e-02
2.541126497089862823e-02
-2.997467108070850372e-02
-1.685649342834949493e-02
-2.149850130081176758e-02
-1.585811749100685120e-02
8.205427788197994232e-03
1.347600482404232025e-03
-4.156934097409248352e-02
-7.791651878505945206e-03
7.443818030878901482e-04
-3.483425453305244446e-02
-4.623482003808021545e-02
-2.300467155873775482e-02
-1.760297082364559174e-02
-1.107416115701198578e-02
3.697813954204320908e-04
3.031224012374877930e-03
1.666792668402194977e-02
4.195316135883331299e-02
2.179996483027935028e-02
9.047790430486202240e-03
-1.699501648545265198e-02
-2.436528913676738739e-02
-4.249157384037971497e-02
-2.938693389296531677e-02
-3.204428404569625854e-02
-4.329861328005790710e-02
4.838083696085959673e-04
-1.725280471146106720e-02
-1.608559861779212952e-02
2.941655926406383514e-03
-1.805008761584758759e-02
-9.171029552817344666e-03
7.843490689992904663e-03
-1.351113338023424149e-02
-4.284237045794725418e-03
6.189271807670593262e-03
1.989356987178325653e-02
-2.057906240224838257e-02
6.358707323670387268e-03
-8.744853548705577850e-03
-5.191434640437364578e-03
-2.067311666905879974e-03
-9.989261627197265625e-03
-1.819652132689952850e-02
-3.548398613929748535e-02
2.447801828384399414e-02
2.654111012816429138e-02
5.261432006955146790e-02
1.868086494505405426e-02
8.584694936871528625e-03
2.637230046093463898e-02
1.642936654388904572e-02
-3.785912413150072098e-03
-8.587982505559921265e-03
2.374717965722084045e-02
3.205549344420433044e-02
3.501328080892562866e-02
2.575255697593092918e-03
2.554862387478351593e-02
1.944199018180370331e-02
-3.519232943654060364e-02
-2.747647464275360107e-02
-1.760080270469188690e-02
-2.773947454988956451e-02
-5.114303156733512878e-02
-5.411944910883903503e-02
1.190436445176601410e-02
2.943629212677478790e-02
5.542379803955554962e-03
-4.097442701458930969e-02
-1.645781472325325012e-02
-2.725522406399250031e-02
8.769241161644458771e-03
-3.303232789039611816e-02
-5.450051277875900269e-02
-2.335085347294807434e-02
-1.151552703231573105e-02
-3.256522864103317261e-02
-2.669386565685272217e-02
-1.491469796746969223e-02
-2.398787438869476318e-02
5.023511592298746109e-03
7.627921178936958313e-03
-1.904601790010929108e-02
-1.218491350300610065e-03
-1.193513977341353893e-03
-1.822094805538654327e-02
3.774453653022646904e-03
1.555944979190826416e-02
5.330726504325866699e-03
9.187800437211990356e-02
5.438610166311264038e-02
6.187898665666580200e-02
3.228107094764709473e-02
-1.244079670868813992e-03
2.539734169840812683e-02
-8.159183897078037262e-03
-3.782720537856221199e-03
-1.005424372851848602e-02
5.008414387702941895e-02
-1.414254121482372284e-02
-1.003593089990317822e-03
1.192965731024742126e-02
-2.247356437146663666e-02
-5.687627010047435760e-03
3.212372958660125732e-02
3.027908736839890480e-03
6.369084119796752930e-03
-3.330916538834571838e-02
-1.023465022444725037e-02
8.766489103436470032e-03
-3.921506553888320923e-02
-3.830160573124885559e-02
-1.614081673324108124e-02
-4.677731916308403015e-02
-2.532059326767921448e-02
-5.388307850807905197e-03
-5.358824878931045532e-02
-3.802165016531944275e-02
-4.804687947034835815e-02
-5.570522043853998184e-03
-1.040464174002408981e-02
-1.730094291269779205e-02
2.737402915954589844e-02
4.796816781163215637e-02
5.907130986452102661e-02
-3.856868669390678406e-02
-2.597126550972461700e-02
-3.837783634662628174e-02
7.661624345928430557e-03
-5.257262964732944965e-04
-1.552381459623575211e-02
1.946377567946910858e-02
1.536673493683338165e-02
2.054292149841785431e-02
-7.479137741029262543e-03
-3.253947570919990540e-02
4.598947986960411072e-02
2.357747592031955719e-02
-1.766410470008850098e-02
-2.996994554996490479e-02
-3.428988158702850342e-02
-2.853598631918430328e-02
-1.192318461835384369e-02
1.199534907937049866e-02
1.891674660146236420e-02
8.924810215830802917e-03
1.733008585870265961e-02
7.295319810509681702e-03
5.845139268785715103e-03
3.061869740486145020e-02
-7.828067056834697723e-03
-1.638554967939853668e-02
-2.583068236708641052e-02
-5.892189964652061462e-02
-4.109085351228713989e-02
-2.103909291326999664e-02
-2.799732238054275513e-02
-3.473959863185882568e-02
3.828929504379630089e-03
1.356575917452573776e-02
4.609525669366121292e-03
-5.237692967057228088e-03
-2.682702429592609406e-02
-3.546945378184318542e-02
8.107425644993782043e-03
1.743129920214414597e-03
-3.695840388536453247e-02
-8.369248360395431519e-03
2.097966847941279411e-03
-2.133883349597454071e-02
8.598835766315460205e-02
6.036999821662902832e-02
2.832648530602455139e-02
1.342778746038675308e-02
1.905167475342750549e-02
2.780477050691843033e-03
-6.616151332855224609e-02
-3.263748064637184143e-02
-4.329419136047363281e-02
5.475725629366934299e-04
-5.226243752986192703e-03
1.884333230555057526e-02
4.835748579353094101e-03
-7.195435930043458939e-03
2.274053543806076050e-02
-1.632171124219894409e-02
-2.537803351879119873e-02
-1.103300601243972778e-02
2.702856063842773438e-02
4.166052490472793579e-02
4.923962056636810303e-02
4.445597156882286072e-02
5.319395661354064941e-02
3.838881850242614746e-02
-8.334974758327007294e-03
-3.886280581355094910e-03
-2.173748798668384552e-02
4.731716122478246689e-03
-2.448026498313993216e-04
-5.226775538176298141e-03
-1.982989348471164703e-02
-3.930063918232917786e-02
-3.986502438783645630e-02
-1.651932485401630402e-02
-2.626312337815761566e-02
-1.052367780357599258e-02
-1.170611474663019180e-02
-4.120805114507675171e-02
-3.762368857860565186e-02
-8.321745321154594421e-03
-2.901571802794933319e-02
-1.681217364966869354e-02
2.266346244141459465e-03
2.153167501091957092e-02
2.032202668488025665e-02
4.684725031256675720e-02
8.905140683054924011e-03
1.055881753563880920e-01
4.890451207756996155e-02
-4.520715028047561646e-02
2.889483934268355370e-03
-1.541323121637105942e-02
-4.582286626100540161e-02
-2.834589034318923950e-02
-3.050800785422325134e-02
-1.493145432323217392e-02
-7.316279690712690353e-03
-6.117780506610870361e-02
-2.857001498341560364e-02
-2.420020103454589844e-02
-1.737886480987071991e-02
-7.950619794428348541e-03
-1.379007357172667980e-03
-1.281778514385223389e-02
-2.877242863178253174e-03
-3.454200550913810730e-02
-3.119279071688652039e-02
-2.999661024659872055e-03
6.900561042129993439e-03
-3.313324972987174988e-02
-2.611046284437179565e-02
-2.944912947714328766e-02
1.064348872750997543e-02
3.131031244993209839e-02
8.045651018619537354e-03
7.421591319143772125e-03
3.347416594624519348e-02
1.413774490356445312e-02
4.542407020926475525e-02
6.531801074743270874e-02
3.517145290970802307e-02
-1.009038928896188736e-02
-4.093890544027090073e-03
-1.558568910695612431e-03
-6.695585325360298157e-03
-2.201893180608749390e-02
-5.407031858339905739e-05
3.363803774118423462e-02
1.652081869542598724e-02
2.872221544384956360e-02
1.728111645206809044e-03
-4.746759310364723206e-03
7.473822683095932007e-03
1.848392933607101440e-02
-1.068136561661958694e-02
-1.388630270957946777e-02
-3.921610768884420395e-03
-1.812954805791378021e-02
-2.359300851821899414e-02
-2.549299225211143494e-02
-2.031303197145462036e-02
-7.572481036186218262e-02
4.070044308900833130e-02
5.565052852034568787e-03
1.398415490984916687e-02
1.163131296634674072e-01
5.312742665410041809e-02
5.170574411749839783e-02
-1.118507329374551773e-02
-1.216257363557815552e-02
-5.133003741502761841e-02
-2.886604145169258118e-02
-1.501207333058118820e-02
-1.494554616510868073e-02
-3.538514301180839539e-02
-3.264642879366874695e-02
-6.729786284267902374e-03
1.263497304171323776e-02
1.686942204833030701e-02
6.009299680590629578e-02
-2.469353005290031433e-02
-3.324135020375251770e-02
1.598179154098033905e-02
-1.276306062936782837e-02
-6.017330661416053772e-02
-4.615311697125434875e-02
3.166395705193281174e-03
3.325622528791427612e-03
-3.309960290789604187e-02
2.201791852712631226e-02
1.172291208058595657e-02
-5.482953507453203201e-03
1.876441016793251038e-02
2.728678472340106964e-02
2.248445898294448853e-02
4.032436013221740723e-02
-1.372675877064466476e-03
1.513901446014642715e-02
3.965866565704345703e-02
2.013453777180984616e-04
-6.259182933717966080e-03
-1.791676133871078491e-02
7.179214619100093842e-03
-1.352152507752180099e-02
-3.775606676936149597e-02
-2.414025552570819855e-02
-1.300256513059139252e-02
-5.609531700611114502e-02
-3.145930171012878418e-02
-1.219633780419826508e-02
-3.256721794605255127e-02
-1.989588839933276176e-03
1.406823564320802689e-02
4.971143323928117752e-03
1.703774556517601013e-02
1.251376885920763016e-02
1.853419095277786255e-02
1.796141266822814941e-02
4.510672017931938171e-02
2.708767913281917572e-02
-2.964273840188980103e-02
2.913868241012096405e-02
-3.307333216071128845e-02
-2.880120649933815002e-02
-4.868238698691129684e-03
1.259722467511892319e-02
-2.710617519915103912e-02
7.418842520564794540e-03
-2.491881512105464935e-02
-3.776805102825164795e-02
1.483568269759416580e-02
-4.495699889957904816e-03
-2.814562804996967316e-02
2.065562643110752106e-02
-3.574381396174430847e-02
-2.955406159162521362e-02
-5.383295938372612000e-02
-9.791416116058826447e-03
1.054752711206674576e-02
-1.697503216564655304e-02
2.429733984172344208e-02
1.729153655469417572e-02
-3.803774341940879822e-02
-1.772617734968662262e-02
8.433252223767340183e-04
-8.510378189384937286e-03
-3.795772045850753784e-02
-3.389939293265342712e-02
-3.526905179023742676e-02
-3.551949188113212585e-02
-2.098059467971324921e-02
-2.166733704507350922e-02
-2.970198728144168854e-02
1.076205354183912277e-02
9.555692784488201141e-03
-1.244780793786048889e-02
2.559620700776576996e-02
1.432900875806808472e-02
7.638823986053466797e-02
1.704284735023975372e-02
-2.207816019654273987e-02
6.674927473068237305e-02
-1.646360568702220917e-02
-2.370008081197738647e-02
1.352248899638652802e-02
-1.286627911031246185e-02
-1.201813295483589172e-02
3.381894901394844055e-02
2.751084789633750916e-02
2.678672969341278076e-02
-2.715181931853294373e-02
-2.185437642037868500e-02
-3.531509637832641602e-02
-1.869167573750019073e-02
-4.497915040701627731e-03
-2.722534537315368652e-02
-7.315044105052947998e-02
-5.881464108824729919e-02
-4.101404175162315369e-02
4.438809584826231003e-03
1.157596707344055176e-02
3.912595286965370178e-02
4.632610827684402466e-02
3.641702234745025635e-02
3.939025849103927612e-02
1.431725826114416122e-02
4.347703605890274048e-02
2.520186081528663635e-02
-4.143995419144630432e-02
-2.276206389069557190e-02
-1.112965494394302368e-02
1.317670289427042007e-02
-1.768622547388076782e-02
-1.185104623436927795e-02
-2.740639960393309593e-03
-1.717627421021461487e-02
9.331374312750995159e-04
-5.577399861067533493e-03
-4.781729727983474731e-02
-1.544140093028545380e-02
-1.233631279319524765e-02
-3.897091001272201538e-02
-1.138847880065441132e-02
1.046436652541160583e-02
-4.420883953571319580e-03
-4.147798940539360046e-02
5.224970355629920959e-02
5.758809670805931091e-02
4.014025442302227020e-03
3.282679989933967590e-02
5.450410768389701843e-02
3.796227276325225830e-02
-1.267153490334749222e-02
-4.653420764952898026e-03
4.820453003048896790e-03
2.186450175940990448e-02
2.821838669478893280e-02
-8.559957146644592285e-03
1.005388610064983368e-02
2.929646894335746765e-02
3.543956577777862549e-02
-1.819944381713867188e-02
4.944789689034223557e-03
-2.197793917730450630e-03
2.443159231916069984e-03
4.283213056623935699e-03
-4.537377099040895700e-04
-5.778842605650424957e-03
1.435174513608217239e-02
2.224450558423995972e-02
1.273406855762004852e-02
2.812751568853855133e-02
3.169031441211700439e-02
1.985911093652248383e-02
1.025838078930974007e-03
1.842865347862243652e-02
-7.856707088649272919e-03
-4.062781110405921936e-02
-2.769041061401367188e-02
1.391375251114368439e-02
9.070239961147308350e-03
-1.410079654306173325e-02
-1.492342725396156311e-02
-1.757828705012798309e-02
-1.219022553414106369e-02
-1.055158209055662155e-02
-3.696080297231674194e-02
-1.118244789540767670e-02
-7.934122695587575436e-04
-9.236914105713367462e-03
-3.681191010400652885e-03
-2.372482977807521820e-02
-1.534571405500173569e-02
-1.714506931602954865e-02
8.110299706459045410e-03
1.024895068258047104e-02
2.667010016739368439e-02
6.617977470159530640e-02
3.349185362458229065e-02
1.135860662907361984e-02
3.441767022013664246e-02
1.006080582737922668e-02
-1.664693094789981842e-02
-1.630946062505245209e-02
-3.151935338973999023e-02
-2.257905527949333191e-02
2.983874641358852386e-02
-3.599362215027213097e-03
1.816393621265888214e-02
-4.959414899349212646e-02
-6.398451328277587891e-02
-5.360145121812820435e-02
-3.505238518118858337e-02
-3.096622042357921600e-02
-3.880593553185462952e-02
-8.024472743272781372e-03
-1.464484911412000656e-02
4.411349073052406311e-03
-5.319305881857872009e-02
-7.221276313066482544e-02
-3.290371596813201904e-02
1.008572150021791458e-02
-2.681503770872950554e-03
-1.116473600268363953e-02
3.943648934364318848e-02
3.247122466564178467e-02
4.258003830909729004e-02
-2.493802690878510475e-03
-1.815290562808513641e-02
-3.452458977699279785e-02
3.721208497881889343e-02
1.165048312395811081e-02
1.381432730704545975e-02
-2.665918692946434021e-02
-1.649862527847290039e-02
7.023823563940823078e-04
6.088798865675926208e-03
-5.816654302179813385e-03
1.859993860125541687e-02
5.209335312247276306e-02
1.446579699404537678e-03
-9.936062851920723915e-04
-2.708589471876621246e-02
-5.372709408402442932e-02
-5.934767052531242371e-02
3.177511272951960564e-03
-1.850790530443191528e-02
-3.477346617728471756e-03
3.606940805912017822e-02
3.914201632142066956e-02
6.235769018530845642e-02
-2.007137425243854523e-02
-1.242113579064607620e-02
4.793440923094749451e-03
3.246701881289482117e-02
5.256707966327667236e-02
6.226719170808792114e-02
5.431949719786643982e-02
3.202069178223609924e-02
2.580389194190502167e-02
-5.431075394153594971e-02
-3.750281035900115967e-02
-6.657300982624292374e-03
-7.470685057342052460e-03
6.380592938512563705e-03
2.949132397770881653e-02
1.240052096545696259e-02
4.696333780884742737e-03
2.784281410276889801e-02
-6.517498195171356201e-02
-2.988969348371028900e-02
-3.578401810955256224e-05
-3.450693935155868530e-02
-6.535313557833433151e-03
-1.960218884050846100e-02
1.590706221759319305e-02
1.703275553882122040e-02
-9.067871607840061188e-03
-1.802484039217233658e-03
-1.590208034031093121e-03
3.796663833782076836e-03
-9.240512736141681671e-03
9.452977217733860016e-03
-2.397278882563114166e-02
-2.951381728053092957e-03
1.836782693862915039e-02
-3.334336727857589722e-02
-2.101142331957817078e-02
-2.724200300872325897e-02
-5.324850324541330338e-03
-4.778127744793891907e-02
-4.357559233903884888e-02
-5.154126137495040894e-02
-2.433267980813980103e-02
-1.928435452282428741e-02
-3.635649010539054871e-02
3.854189440608024597e-02
4.029650986194610596e-02
9.966685622930526733e-02
-3.284969553351402283e-02
-3.685867646709084511e-03
4.401694238185882568e-02
-4.618219658732414246e-02
-1.280927378684282303e-02
4.035947844386100769e-02
3.023920580744743347e-02
1.068274583667516708e-02
-4.949255287647247314e-02
3.260498121380805969e-02
1.789070852100849152e-02
-1.828377135097980499e-02
-3.338205441832542419e-02
-8.804166689515113831e-03
-4.627399146556854248e-02
-1.258834823966026306e-02
-1.901892758905887604e-02
1.715088076889514923e-02
1.794845797121524811e-02
-1.572052389383316040e-02
7.142828404903411865e-02
4.481366276741027832e-02
2.736895345151424408e-02
6.919093430042266846e-02
-6.284986436367034912e-02
-5.975916609168052673e-02
-4.657841473817825317e-02
-5.694534257054328918e-02
-6.191216036677360535e-02
-3.517735376954078674e-02
-4.476116970181465149e-02
-4.874423146247863770e-02
-3.670097514986991882e-02
-1.245608460158109665e-02
-2.707358263432979584e-02
-2.661554142832756042e-03
2.701225690543651581e-02
-7.524862419813871384e-03
5.702240858227014542e-03
-2.212048694491386414e-02
-3.864442929625511169e-02
-1.752291247248649597e-02
-2.495703101158142090e-02
-4.937187954783439636e-02
1.301331631839275360e-02
-5.047090351581573486e-03
-2.838978730142116547e-02
2.912423573434352875e-02
-1.726140640676021576e-02
1.640029810369014740e-02
6.619288772344589233e-02
-6.185156293213367462e-03
-2.484562434256076813e-02
-3.467362374067306519e-02
1.700969226658344269e-02
-1.175636705011129379e-02
-1.800394034944474697e-03
1.004282478243112564e-02
-2.238939702510833740e-02
-2.735887840390205383e-02
-1.848273724317550659e-02
-2.207410708069801331e-02
-2.558257617056369781e-02
3.860111907124519348e-02
1.252495031803846359e-02
1.056552119553089142e-02
3.595737507566809654e-04
2.537394873797893524e-03
4.874077066779136658e-02
-2.063896879553794861e-02
-5.237046629190444946e-02
-3.453514352440834045e-02
-1.327098067849874496e-02
-2.195217274129390717e-02
3.721042722463607788e-02
-8.493327535688877106e-03
-6.253654137253761292e-04
4.008290916681289673e-02
-3.327568247914314270e-02
-2.826331555843353271e-02
-2.865023165941238403e-02
-1.890428364276885986e-02
2.154012909159064293e-03
-9.386316873133182526e-03
-7.847988046705722809e-03
4.861582536250352859e-03
-2.188492938876152039e-02
-6.355622317641973495e-03
-2.831932529807090759e-02
-2.748254500329494476e-02
1.416868064552545547e-02
-1.928322389721870422e-02
-1.149210799485445023e-02
4.128811880946159363e-02
2.691331692039966583e-02
7.051293272525072098e-03
2.680513449013233185e-02
2.953243628144264221e-02
5.175504460930824280e-02
2.202648483216762543e-02
9.209628216922283173e-03
3.418677672743797302e-02
-4.324042797088623047e-02
-3.836089000105857849e-02
-1.622437499463558197e-02
3.313307464122772217e-02
-8.772267960011959076e-03
-1.838470064103603363e-02
-1.883054338395595551e-02
9.240478277206420898e-03
-3.281107405200600624e-03
1.676513440907001495e-02
1.049953605979681015e-02
1.803539693355560303e-03
-2.949698455631732941e-02
-2.172509394586086273e-02
-1.617894880473613739e-02
8.816007524728775024e-03
-1.444513536989688873e-02
1.572941243648529053e-02
2.801435766741633415e-03
-3.831617161631584167e-02
-3.880799934267997742e-02
2.383876964449882507e-02
1.525880396366119385e-02
-7.916567847132682800e-03
-1.524806953966617584e-02
-4.702834878116846085e-03
-1.964392513036727905e-02
-2.676014229655265808e-02
4.198350012302398682e-03
-2.797151450067758560e-03
3.761925734579563141e-03
5.345030222088098526e-03
7.578230928629636765e-03
-4.084788635373115540e-02
-3.638788685202598572e-02
-1.848521456122398376e-02
-6.838845461606979370e-02
-6.067234277725219727e-02
-1.309616584330797195e-02
-2.095819264650344849e-02
-8.983728475868701935e-03
-1.021515484899282455e-02
-2.623535692691802979e-02
-3.435413911938667297e-02
-5.947719514369964600e-02
-1.718807499855756760e-03
1.167035009711980820e-02
-3.459130972623825073e-02
-1.548103336244821548e-02
-4.278909787535667419e-02
-7.582969032227993011e-03
1.913385838270187378e-02
2.500678645446896553e-03
1.946044340729713440e-02
3.907585050910711288e-03
2.797090820968151093e-02
6.675510108470916748e-02
-2.065186947584152222e-02
-4.209828749299049377e-02
-4.913018643856048584e-02
2.804880216717720032e-02
1.768382452428340912e-02
1.633948273956775665e-02
3.527385368943214417e-02
-5.646684672683477402e-03
-2.553925104439258575e-02
5.377283319830894470e-03
3.076279768720269203e-03
1.216922793537378311e-02
6.081453524529933929e-03
-8.017932996153831482e-03
-8.816764689981937408e-03
-2.801695652306079865e-02
-2.237660810351371765e-03
-4.981686361134052277e-03
2.856552042067050934e-02
3.204670920968055725e-02
1.066720020025968552e-02
3.402671590447425842e-02
4.293527081608772278e-02
3.392891585826873779e-02
-2.375167049467563629e-02
1.619242504239082336e-02
-1.649390161037445068e-02
4.862026777118444443e-03
-1.579034514725208282e-02
-3.328704833984375000e-02
1.264238543808460236e-02
-9.042100864462554455e-04
-2.309065870940685272e-02
-4.419363662600517273e-02
-4.308989644050598145e-02
-3.501771390438079834e-02
-2.625689469277858734e-02
6.398891098797321320e-03
3.705050051212310791e-02
-3.593312203884124756e-02
-3.219938604161143303e-03
1.903933659195899963e-02
-4.826829303056001663e-03
-2.930089272558689117e-02
-4.641954600811004639e-02
-4.137115925550460815e-02
-2.505432814359664917e-03
-1.752703823149204254e-02
2.977978670969605446e-03
4.100523144006729126e-02
3.748240321874618530e-02
-1.803320832550525665e-02
4.283670708537101746e-02
3.324017673730850220e-02
2.567246370017528534e-02
1.722528599202632904e-02
-1.384199876338243484e-02
6.003094837069511414e-03
-1.752486452460289001e-02
-3.649784950539469719e-03
-1.187656074762344360e-02
-1.319384481757879257e-02
-3.725608065724372864e-02
-1.592070981860160828e-02
-1.844227954279631376e-04
1.743088476359844208e-02
-6.933575496077537537e-03
1.046598888933658600e-02
1.870808005332946777e-02
-6.064679101109504700e-02
-1.207735575735569000e-02
-2.490579336881637573e-02
2.488607726991176605e-02
-1.214636024087667465e-03
4.590877331793308258e-03
3.092650137841701508e-02
1.326683536171913147e-02
2.406422607600688934e-02
-2.312385290861129761e-02
-1.473299786448478699e-02
-3.268650174140930176e-02
-4.059424623847007751e-02
-4.092046618461608887e-02
-1.675251498818397522e-02
1.752706244587898254e-02
1.455475203692913055e-02
2.917096763849258423e-02
-9.927838109433650970e-03
-2.831517159938812256e-02
-1.853832043707370758e-02
-1.777523942291736603e-02
-1.949039287865161896e-02
5.491196177899837494e-03
1.628548605367541313e-03
-1.575215160846710205e-02
2.448004111647605896e-02
1.114316470921039581e-02
-1.314989849925041199e-02
1.687678508460521698e-02
-3.078002855181694031e-02
-1.176776178181171417e-02
1.490407809615135193e-02
-3.102001734077930450e-02
-3.771943226456642151e-02
2.079708967357873917e-03
2.351527102291584015e-02
1.993921585381031036e-02
5.024250596761703491e-02
5.139496643096208572e-03
1.107705384492874146e-02
1.763672567903995514e-02
4.144502058625221252e-02
7.119625806808471680e-03
3.201536089181900024e-02
5.248922109603881836e-02
3.411753103137016296e-02
2.258522622287273407e-02
1.667479285970330238e-03
2.443784847855567932e-02
4.911923781037330627e-03
1.273654494434595108e-02
5.507714673876762390e-02
2.835843153297901154e-02
-1.788543350994586945e-02
9.360593743622303009e-03
1.531792059540748596e-02
-3.107179142534732819e-02
-1.482864934951066971e-02
8.284363895654678345e-03
-4.556565731763839722e-02
-4.539152234792709351e-02
7.568583358079195023e-03
-1.066265720874071121e-02
2.334616705775260925e-02
6.190399453043937683e-02
3.342860937118530273e-02
1.403701119124889374e-02
-5.350761581212282181e-03
-2.418328076601028442e-03
-2.732585184276103973e-02
-3.949306160211563110e-02
1.188042201101779938e-02
-3.678421303629875183e-02
-4.553369060158729553e-02
-2.582043223083019257e-02
-4.363419488072395325e-02
-2.310032956302165985e-02
1.174006238579750061e-02
2.871893718838691711e-02
1.754680089652538300e-02
-2.928670123219490051e-02
1.182285416871309280e-02
2.404860593378543854e-02
-3.910979256033897400e-03
-1.862182281911373138e-02
-8.434174582362174988e-03
7.314594089984893799e-02
6.543199717998504639e-02
5.892250314354896545e-02
1.085164118558168411e-02
2.665586024522781372e-02
-3.077352186664938927e-03
1.403797185048460960e-03
7.249047514051198959e-03
-1.526797935366630554e-02
-5.311408545821905136e-03
-1.609834097325801849e-02
-3.504302725195884705e-02
9.383842349052429199e-03
8.516231551766395569e-03
-1.984436064958572388e-02
-4.487856291234493256e-03
3.868949040770530701e-02
5.357900634407997131e-02
-1.801414228975772858e-02
-1.195934484712779522e-03
-6.141531281173229218e-03
4.321760684251785278e-02
3.838653489947319031e-02
-2.127240411937236786e-02
2.582667581737041473e-02
1.978198625147342682e-02
4.130834341049194336e-02
6.266675889492034912e-03
-7.333575189113616943e-02
-5.145646259188652039e-02
-1.842830330133438110e-02
-3.590426594018936157e-02
-3.794239461421966553e-02
-5.813084170222282410e-02
-4.535513371229171753e-02
-5.304307863116264343e-02
-4.028036445379257202e-02
-1.859109103679656982e-02
-3.941058740019798279e-02
1.120254676789045334e-02
1.937177032232284546e-02
2.413522824645042419e-02
9.061960503458976746e-03
-1.019019447267055511e-02
-1.073016785085201263e-02
-4.574481397867202759e-02
-8.374074473977088928e-03
1.285252161324024200e-02
1.759553444571793079e-03
2.132802270352840424e-02
9.794753976166248322e-03
-1.891826093196868896e-02
-2.771600708365440369e-02
-7.549091707915067673e-03
-1.632769405841827393e-02
-2.025128901004791260e-02
-1.866497099399566650e-02
-3.919702954590320587e-03
-1.672290265560150146e-02
4.799771122634410858e-03
3.329201787710189819e-02
2.837719023227691650e-02
-4.186032339930534363e-03
-2.382891066372394562e-02
-4.241960495710372925e-02
-4.327214136719703674e-02
-6.788620352745056152e-02
-7.710886001586914062e-02
-7.750593125820159912e-02
-3.932467661798000336e-03
-1.687068119645118713e-02
-2.614237135276198387e-03
-1.990661025047302246e-02
-8.084626868367195129e-03
4.108484834432601929e-03
-7.510645687580108643e-02
-4.783539846539497375e-02
-3.191741928458213806e-02
-3.489917516708374023e-02
-5.197322368621826172e-02
-5.132369324564933777e-02
-3.012512810528278351e-03
-2.351722121238708496e-02
-4.177994560450315475e-03
3.028240613639354706e-02
1.650503952987492085e-03
1.536715868860483170e-02
2.117429487407207489e-02
2.582766674458980560e-02
-9.005234460346400738e-04
-2.113619819283485413e-02
-9.500159882009029388e-03
-7.956206798553466797e-03
-1.033046282827854156e-02
8.119319565594196320e-03
2.674918062984943390e-02
-5.076602846384048462e-02
-2.027952484786510468e-02
1.099921576678752899e-02
-1.876327767968177795e-02
-1.472964324057102203e-02
8.822529576718807220e-03
-1.343074440956115723e-02
-1.211547758430242538e-02
3.380765265319496393e-04
2.416917867958545685e-02
6.150986533612012863e-03
2.765340730547904968e-02
5.848776921629905701e-02
9.757699444890022278e-03
-8.052469231188297272e-03
-4.604020621627569199e-03
1.131017506122589111e-02
9.249521419405937195e-03
-3.755291551351547241e-02
-4.464140161871910095e-02
-4.323869571089744568e-02
3.912343457341194153e-02
3.979359567165374756e-02
5.551767349243164062e-02
5.627485364675521851e-02
7.952337712049484253e-02
9.332752227783203125e-02
4.190932027995586395e-03
-6.013516336679458618e-03
-2.838098630309104919e-02
1.826368831098079681e-02
-8.986666798591613770e-03
-1.877944730222225189e-02
9.920305758714675903e-02
8.721853792667388916e-02
8.959829807281494141e-02
5.884217098355293274e-03
-1.452473370591178536e-04
9.421360446140170097e-04
1.815756037831306458e-02
-4.644268658012151718e-03
-4.182249307632446289e-03
1.767909526824951172e-02
2.205300331115722656e-02
2.391339279711246490e-02
-2.946516685187816620e-02
-4.319375753402709961e-02
-4.649047553539276123e-02
-4.242976754903793335e-02
-1.895903982222080231e-02
-3.643370047211647034e-02
-3.794065117835998535e-02
3.269869461655616760e-02
2.465832792222499847e-02
-1.598153635859489441e-02
-4.763835668563842773e-02
-4.657798260450363159e-02
-1.014831848442554474e-02
-8.748616091907024384e-03
-4.669897630810737610e-02
-2.211508341133594513e-02
2.699651988223195076e-03
-2.354932576417922974e-02
5.281677469611167908e-03
-4.254037921782582998e-04
-3.439544513821601868e-02
8.941387757658958435e-03
-3.616850357502698898e-03
-5.531285703182220459e-02
-9.131439030170440674e-03
-1.225431263446807861e-02
-3.366301953792572021e-02
9.853155165910720825e-02
9.709299355745315552e-02
5.867807567119598389e-02
7.342856377363204956e-02
9.283604472875595093e-02
6.751015037298202515e-02
-5.505129694938659668e-02
3.357386961579322815e-02
1.910695806145668030e-02
-2.913407050073146820e-02
-4.594056680798530579e-02
-2.017039805650711060e-02
-3.476052358746528625e-02
-3.902632743120193481e-02
-1.858629100024700165e-02
1.798969879746437073e-02
3.653129795566201210e-03
1.978894695639610291e-03
3.289562091231346130e-02
1.716752536594867706e-02
7.808335125446319580e-02
-2.316630631685256958e-02
1.083534769713878632e-02
8.530634455382823944e-03
6.867828778922557831e-03
2.052952907979488373e-02
1.145809795707464218e-02
7.659552618861198425e-03
1.923613063991069794e-02
3.110141307115554810e-02
-1.338905561715364456e-02
1.600177725777029991e-03
1.498822122812271118e-02
-1.112635713070631027e-02
1.150050759315490723e-02
3.236199915409088135e-02
6.728301290422677994e-03
1.019241940230131149e-02
-1.429661735892295837e-02
-4.846837371587753296e-03
1.266496255993843079e-02
1.208406034857034683e-02
-6.204714253544807434e-02
-2.286593988537788391e-02
-1.338126789778470993e-02
2.619914337992668152e-02
-1.198627986013889313e-02
-4.829656798392534256e-03
2.883222512900829315e-02
1.641997136175632477e-02
-1.851361058652400970e-02
-3.691074997186660767e-02
-5.055733770132064819e-02
-2.235694043338298798e-02
1.556122861802577972e-02
-9.472710080444812775e-03
8.055264130234718323e-03
1.514416560530662537e-02
2.972922287881374359e-02
1.565174572169780731e-02
2.190807368606328964e-03
3.088204422965645790e-03
-1.733533572405576706e-03
7.824319414794445038e-03
2.572620101273059845e-02
1.019252743571996689e-02
-1.026563812047243118e-02
1.675154827535152435e-02
3.751330077648162842e-03
-5.016494169831275940e-02
-1.804907806217670441e-02
-1.071409415453672409e-02
-1.565234549343585968e-02
-9.962716139853000641e-03
-8.247081190347671509e-03
5.806988570839166641e-03
1.292838132940232754e-03
4.405037686228752136e-02
-3.304756944999098778e-03
4.205901641398668289e-03
4.290699586272239685e-02
5.919190496206283569e-02
4.450730513781309128e-03
2.602850832045078278e-02
5.495765805244445801e-02
3.318802267313003540e-02
-9.270098060369491577e-03
1.692453213036060333e-02
4.282776266336441040e-02
4.955645650625228882e-02
-2.535748668015003204e-02
-3.843934834003448486e-02
-3.548454865813255310e-02
-3.631985560059547424e-02
-4.203994572162628174e-02
-3.549781814217567444e-02
2.586088143289089203e-02
7.958839647471904755e-03
-4.053435847163200378e-02
-1.079424284398555756e-03
1.898618228733539581e-02
1.240601297467947006e-02
3.139322623610496521e-02
4.284654185175895691e-02
3.352770581841468811e-02
4.126864671707153320e-02
4.236740991473197937e-03
2.119141258299350739e-02
2.269197441637516022e-02
1.635053940117359161e-02
1.992993801832199097e-02
4.005403071641921997e-02
2.502908930182456970e-02
5.424877256155014038e-02
-3.562468290328979492e-02
-1.986080966889858246e-02
5.165583919733762741e-03
-1.780264079570770264e-02
1.179828681051731110e-02
-1.184492022730410099e-03
-3.215077146887779236e-02
6.336963735520839691e-03
-4.835405852645635605e-03
-6.886835675686597824e-03
1.585563272237777710e-02
-1.420495100319385529e-02
-3.870116546750068665e-02
-3.234261181205511093e-03
-1.479692850261926651e-02
2.139360830187797546e-02
5.059413984417915344e-02
3.024132922291755676e-02
5.579816922545433044e-02
9.090711176395416260e-02
7.606283575296401978e-02
2.180421724915504456e-02
1.393485441803932190e-02
9.763772599399089813e-03
1.654365845024585724e-02
4.571434576064348221e-03
-9.153759106993675232e-03
-2.331444621086120605e-02
-3.395060449838638306e-02
-2.502905763685703278e-02
5.006381310522556305e-03
4.148700460791587830e-02
7.500249147415161133e-02
-2.617186680436134338e-02
4.773779772222042084e-03
1.966525800526142120e-02
-7.670096587389707565e-03
-1.966874487698078156e-02
-1.866403408348560333e-02
-2.752064727246761322e-02
-6.824407726526260376e-02
-2.735145390033721924e-02
1.729982905089855194e-03
1.058421470224857330e-02
-1.194136217236518860e-02
4.494665656238794327e-03
-1.154971588402986526e-02
7.427596487104892731e-03
-5.119779333472251892e-02
-1.246330980211496353e-02
-1.773827150464057922e-02
-1.558282691985368729e-02
-1.223713438957929611e-02
-6.055571138858795166e-02
3.523500263690948486e-02
3.804129362106323242e-02
-1.119110826402902603e-02
-7.191710174083709717e-03
2.787724137306213379e-02
2.450483851134777069e-02
-1.049599595717154443e-04
6.245636846870183945e-03
9.535865683574229479e-05
-5.189022049307823181e-02
-2.731606364250183105e-02
-1.460891123861074448e-02
-1.519522536545991898e-02
1.847607456147670746e-02
9.389562532305717468e-03
-5.522175226360559464e-03
2.079713903367519379e-02
9.053981862962245941e-03
8.691880851984024048e-03
3.761249408125877380e-02
3.759695682674646378e-03
2.649173513054847717e-02
3.007389418780803680e-02
2.834019809961318970e-02
3.755978867411613464e-02
2.896700613200664520e-02
2.298957109451293945e-02
-2.820988930761814117e-02
-2.756467275321483612e-02
-1.013207528740167618e-02
3.617168217897415161e-02
2.014479972422122955e-02
5.950901657342910767e-03
-1.338439993560314178e-02
-3.398257493972778320e-02
-2.833956852555274963e-02
-2.257222868502140045e-02
-3.188335895538330078e-02
-2.909137494862079620e-02
-1.947815157473087311e-02
-1.202270481735467911e-02
-2.390933968126773834e-02
-7.627218961715698242e-03
-1.742758043110370636e-02
-4.130613431334495544e-02
-3.802039474248886108e-02
-6.060012429952621460e-02
-4.167783260345458984e-02
5.980822723358869553e-03
3.333013132214546204e-02
5.506829172372817993e-02
-1.120148506015539169e-02
-8.633124642074108124e-03
1.581882871687412262e-02
-5.245530977845191956e-02
-3.210135176777839661e-02
-3.656599670648574829e-02
3.453536704182624817e-02
2.498680539429187775e-02
-3.527703229337930679e-03
-2.941363118588924408e-02
-7.845210842788219452e-03
-5.107479542493820190e-02
-6.086253002285957336e-02
-1.555923838168382645e-02
-7.255590055137872696e-03
2.553170919418334961e-02
-1.374048274010419846e-02
-3.060356155037879944e-02
-7.981168106198310852e-03
-1.657706871628761292e-02
5.101888906210660934e-03
-1.237828843295574188e-02
-3.563363105058670044e-02
-3.883296623826026917e-02
7.225833367556333542e-03
-8.822412230074405670e-03
-2.235580980777740479e-02
1.037212274968624115e-02
3.621993819251656532e-03
-2.367649413645267487e-02
4.688681662082672119e-02
1.172664109617471695e-02
-2.092108875513076782e-02
2.540771849453449249e-03
7.683712989091873169e-03
1.879938505589962006e-02
-3.506456734612584114e-03
1.267007458955049515e-02
1.062929723411798477e-02
2.671535126864910126e-03
6.642882362939417362e-04
1.718707755208015442e-02
-3.835586458444595337e-02
-1.137349661439657211e-02
4.657116718590259552e-03
-5.662738811224699020e-03
-1.261499058455228806e-02
-1.390589959919452667e-02
-2.506141178309917450e-02
-5.020500626415014267e-03
-4.028850048780441284e-02
-4.847397282719612122e-02
-3.034584596753120422e-02
-3.859825059771537781e-02
-3.185518085956573486e-02
-2.305706962943077087e-02
-3.238861635327339172e-02
2.727073244750499725e-02
6.123742554336786270e-03
-1.012520282529294491e-03
-2.068527974188327789e-02
-2.075497806072235107e-02
4.890130087733268738e-02
-9.646930731832981110e-03
2.164987474679946899e-02
5.284037813544273376e-02
-1.099239662289619446e-02
-5.195843521505594254e-03
-5.183114204555749893e-03
6.766370683908462524e-02
7.056399434804916382e-02
5.818464234471321106e-02
3.483152389526367188e-02
2.239433676004409790e-02
2.578042447566986084e-02
-7.366417441517114639e-03
3.215062897652387619e-04
4.406285297591239214e-04
-2.987678721547126770e-02
-4.037802293896675110e-02
-3.436379879713058472e-02
5.961230490356683731e-03
-2.245443465653806925e-04
1.402960903942584991e-02
3.602517768740653992e-02
1.057879067957401276e-02
4.020754713565111160e-03
-3.714076057076454163e-02
-3.779486194252967834e-02
-5.575871467590332031e-02
-1.974198967218399048e-02
-1.087778713554143906e-02
-1.333741471171379089e-02
1.210308261215686798e-02
2.120323712006211281e-03
1.085829734802246094e-02
5.334182456135749817e-02
2.969991602003574371e-02
5.332663655281066895e-02
5.271752830594778061e-03
-2.796089649200439453e-02
1.479031704366207123e-02
-1.706988178193569183e-02
-3.126998990774154663e-02
-4.636463709175586700e-03
1.271749846637248993e-02
3.243673965334892273e-02
4.192334040999412537e-02
-3.117046505212783813e-02
-2.923774719238281250e-02
-1.567014493048191071e-02
-3.560199588537216187e-02
-5.769534409046173096e-02
-1.430267747491598129e-02
-3.949886560440063477e-02
2.559899003244936466e-04
-9.430035948753356934e-03
1.297932956367731094e-02
2.278729155659675598e-02
-1.615462824702262878e-04
3.335502371191978455e-02
-1.562174223363399506e-02
-3.398656845092773438e-02
5.413867160677909851e-02
2.917496673762798309e-02
4.578234627842903137e-02
1.292944792658090591e-02
3.159196581691503525e-03
-7.334603928029537201e-03
-1.831719465553760529e-02
-1.827649585902690887e-02
-5.049802362918853760e-03
-3.530308895278722048e-04
6.665489170700311661e-03
-7.211978547275066376e-03
1.015514321625232697e-02
2.767345635220408440e-03
1.305932644754648209e-02
-5.669632460922002792e-03
1.307933125644922256e-02
2.938033267855644226e-02
-6.138031929731369019e-02
-5.331431701779365540e-02
-2.219660207629203796e-02
-1.385261584073305130e-02
-3.339811461046338081e-03
-1.974548399448394775e-02
5.305539816617965698e-03
1.318954490125179291e-02
-2.128339745104312897e-02
-2.889223210513591766e-02
-3.867261111736297607e-02
-8.351945132017135620e-02
9.184294380247592926e-03
-1.318766735494136810e-02
-4.976019635796546936e-02
4.499442502856254578e-02
2.721461281180381775e-02
2.731464058160781860e-02
4.292972851544618607e-03
3.640218824148178101e-02
9.864377789199352264e-03
-1.083648391067981720e-02
1.424251031130552292e-02
1.818065345287322998e-02
1.543240388855338097e-03
2.334136515855789185e-02
4.543073941022157669e-03
5.153534561395645142e-02
3.293641656637191772e-02
2.853253111243247986e-02
-2.509344741702079773e-02
-3.444116562604904175e-02
-3.492242470383644104e-02
-2.417588420212268829e-02
-5.396435153670608997e-04
-2.943429723381996155e-02
8.324266411364078522e-03
4.885182902216911316e-02
4.440590855665504932e-04
-1.502904202789068222e-02
-7.828754372894763947e-03
-4.581650719046592712e-02
-2.703327499330043793e-02
-2.662799879908561707e-02
-3.483765572309494019e-02
2.743304334580898285e-02
1.512602251023054123e-02
7.012564688920974731e-02
1.317310426384210587e-02
-5.300405900925397873e-03
4.019279032945632935e-02
-1.458458136767148972e-03
8.931083604693412781e-03
6.494400557130575180e-03
-1.838412135839462280e-02
-5.000452324748039246e-02
-3.789617493748664856e-02
-4.866098053753376007e-03
-1.604565978050231934e-02
-6.125421263277530670e-03
-4.633979871869087219e-03
9.119159542024135590e-03
-3.410952910780906677e-02
2.544790133833885193e-02
2.219266071915626526e-02
4.896011203527450562e-02
9.544234722852706909e-03
-2.432091569062322378e-04
8.886194787919521332e-03
7.201825268566608429e-03
1.401542220264673233e-02
2.309167571365833282e-02
-4.872010275721549988e-02
-4.022333770990371704e-02
-3.995190188288688660e-02
-1.564717106521129608e-02
-2.322255633771419525e-02
-2.446583658456802368e-02
-1.327949482947587967e-02
-3.693997487425804138e-02
-1.640428602695465088e-02
-2.253944985568523407e-02
-4.398452490568161011e-02
-4.462626948952674866e-02
-1.903508789837360382e-02
-2.728923689574003220e-03
-1.037371251732110977e-02
2.332661300897598267e-03
1.137825101613998413e-02
2.231721766293048859e-02
-1.001552585512399673e-02
-1.184801384806632996e-02
-8.102443069219589233e-03
-1.539064291864633560e-02
-1.998165622353553772e-02
-3.333687782287597656e-02
-2.630149573087692261e-02
-4.574633762240409851e-02
-3.933059796690940857e-02
-8.274232037365436554e-03
-1.294968370348215103e-02
-4.751438274979591370e-03
-3.463613241910934448e-02
-1.854528486728668213e-02
-2.503767795860767365e-02
-5.607633385807275772e-03
3.292669355869293213e-02
4.785968363285064697e-02
-2.090582624077796936e-03
-1.105341129004955292e-02
-1.033784728497266769e-02
6.346177309751510620e-03
-1.134652551263570786e-02
8.714115247130393982e-04
-1.137140765786170959e-02
1.309283543378114700e-02
1.273632142692804337e-02
2.626989595592021942e-02
-8.573789149522781372e-03
-5.179363768547773361e-03
-2.343468740582466125e-02
-3.696564957499504089e-02
-1.502363197505474091e-02
7.738375104963779449e-03
1.467246934771537781e-02
1.803800836205482483e-02
5.313496105372905731e-03
-1.373006962239742279e-02
-2.642425708472728729e-02
1.725200377404689789e-02
1.519947312772274017e-02
3.170582279562950134e-02
1.699256943538784981e-03
1.512892823666334152e-02
5.142628028988838196e-02
-1.720094680786132812e-02
-2.135822363197803497e-02
-3.517100960016250610e-02
-2.858044579625129700e-02
-1.457875780761241913e-02
-2.969844266772270203e-02
-3.091935627162456512e-02
-6.646756082773208618e-03
-3.432991728186607361e-02
-2.113639190793037415e-02
-3.264902904629707336e-02
6.066409405320882797e-03
-6.735625118017196655e-02
-6.383471935987472534e-02
-5.337157845497131348e-02
-4.015645384788513184e-02
-6.169660016894340515e-02
-5.633799359202384949e-02
-1.580507680773735046e-02
-1.178454328328371048e-02
-3.544405847787857056e-02
1.354467775672674179e-02
1.888749306090176105e-03
-5.210989154875278473e-03
3.739430382847785950e-02
3.132940828800201416e-02
4.780673235654830933e-02
1.025439240038394928e-02
9.418841451406478882e-03
-5.464809481054544449e-03
-1.339139882475137711e-03
-1.123925298452377319e-02
3.845758736133575439e-03
-2.086089178919792175e-02
-4.888154566287994385e-02
-3.123727068305015564e-02
1.968593150377273560e-02
-7.237927988171577454e-03
-2.714808471500873566e-02
-1.751504652202129364e-02
-2.817954868078231812e-02
-5.351821333169937134e-02
9.721198119223117828e-03
-8.203750476241111755e-03
-2.362550236284732819e-02
-5.287547037005424500e-02
-5.292674154043197632e-02
-5.350336059927940369e-02
-1.493527367711067200e-02
-2.369933389127254486e-02
-3.530397638678550720e-02
1.018859259784221649e-02
1.844246312975883484e-02
2.374528720974922180e-02
3.347216919064521790e-02
4.486047849059104919e-02
-1.711545698344707489e-02
1.034398283809423447e-02
3.351346775889396667e-02
-7.177494466304779053e-03
-4.437699168920516968e-02
-2.514146827161312103e-02
-4.128498584032058716e-02
-2.109185978770256042e-02
-4.242827370762825012e-02
-1.595069468021392822e-02
4.598608706146478653e-03
-8.560924790799617767e-03
-6.819827016443014145e-03
5.981136113405227661e-02
5.009856820106506348e-02
2.346791140735149384e-02
2.452015690505504608e-02
-2.826417423784732819e-02
-3.540736064314842224e-02
1.453404687345027924e-02
-4.155385121703147888e-02
-1.036017015576362610e-02
2.106017433106899261e-02
-5.057997535914182663e-03
-1.162540260702371597e-02
1.388121745549142361e-03
-5.108932382427155972e-04
-1.822760887444019318e-02
-1.746668107807636261e-02
-1.948601379990577698e-02
-2.453465200960636139e-02
-3.197617828845977783e-02
-4.711784794926643372e-02
-5.210543423891067505e-02
5.510170385241508484e-02
8.394757751375436783e-04
-2.912937663495540619e-02
4.602478072047233582e-02
-9.125594049692153931e-03
-3.034405235666781664e-04
2.765887044370174408e-02
1.309960335493087769e-02
-7.509279996156692505e-03
-2.426580898463726044e-02
-3.800267353653907776e-02
-4.149453341960906982e-02
3.613307327032089233e-02
2.213176712393760681e-02
9.256009943783283234e-03
1.761486195027828217e-02
3.854622691869735718e-02
5.181401222944259644e-02
-4.901359602808952332e-02
-2.151139266788959503e-02
-2.389018237590789795e-02
-2.941820072010159492e-03
1.650100760161876678e-02
2.835261262953281403e-02
5.386958643794059753e-02
3.322427347302436829e-02
3.034395910799503326e-02
1.055598538368940353e-02
-6.547321099787950516e-03
1.481605600565671921e-02
1.910442113876342773e-02
2.609241195023059845e-02
3.252955153584480286e-02
-2.081274241209030151e-02
-4.120106995105743408e-02
-1.252161059528589249e-02
5.973447486758232117e-02
4.985058680176734924e-02
2.186316251754760742e-02
2.347825467586517334e-02
2.359910495579242706e-02
2.183255553245544434e-02
4.439763724803924561e-02
5.940112471580505371e-02
4.713937267661094666e-02
8.036719373194500804e-05
-5.917013157159090042e-03
-1.966835372149944305e-02
-4.206836223602294922e-02
-5.904801189899444580e-02
-4.735809192061424255e-02
-2.210950106382369995e-02
-2.602151781320571899e-02
-1.293343491852283478e-02
-1.306287758052349091e-02
-3.235325962305068970e-02
-4.185241647064685822e-03
-2.959045208990573883e-02
-2.605383843183517456e-02
2.671421272680163383e-03
-1.719889603555202484e-02
2.661570720374584198e-02
6.598761677742004395e-02
-5.961094424128532410e-02
-5.330342054367065430e-02
-3.776556625962257385e-02
-2.578164637088775635e-02
-1.869878545403480530e-02
-2.815005742013454437e-02
7.398904766887426376e-03
4.061396233737468719e-03
-3.883257135748863220e-02
-2.138656750321388245e-02
-9.859145618975162506e-03
2.272805944085121155e-02
-3.525036945939064026e-02
-1.856296323239803314e-02
-1.356711797416210175e-02
-2.183170616626739502e-02
-9.480720385909080505e-03
-1.588635891675949097e-02
7.752652280032634735e-03
2.593798190355300903e-02
-1.156459376215934753e-02
1.493368763476610184e-02
1.404477562755346298e-02
-5.056382156908512115e-03
-2.925693755969405174e-03
1.883380860090255737e-02
-1.163887232542037964e-02
-2.735114097595214844e-02
-4.424928128719329834e-02
-1.725412346422672272e-02
-2.814913541078567505e-02
-3.116345405578613281e-02
-2.935583004727959633e-03
-1.662478223443031311e-02
-1.906842738389968872e-02
-5.411499179899692535e-03
-1.298975292593240738e-02
-1.461437903344631195e-02
-1.741996966302394867e-02
-9.127175435423851013e-03
1.066586840897798538e-02
-8.930969983339309692e-03
3.597286716103553772e-02
5.494105815887451172e-02
2.473048120737075806e-02
-9.478386491537094116e-03
-4.821531474590301514e-02
-2.578488178551197052e-02
-1.748611405491828918e-02
-2.406938746571540833e-02
-1.249371934682130814e-02
-1.167920138686895370e-02
-1.201866311021149158e-03
2.193914353847503662e-02
-2.484603412449359894e-02
-2.336935326457023621e-02
-7.785188034176826477e-03
7.736199186183512211e-04
7.344506680965423584e-03
3.997090086340904236e-02
-8.902515284717082977e-03
-1.604199409484863281e-02
5.239069927483797073e-03
1.134399324655532837e-02
1.913042739033699036e-02
6.886144727468490601e-02
6.736191455274820328e-03
2.386199310421943665e-03
5.858266726136207581e-02
-1.577829010784626007e-02
-1.898191496729850769e-02
1.862425729632377625e-02
1.801057718694210052e-02
2.182316407561302185e-02
9.267697110772132874e-03
-9.147464297711849213e-03
2.258382970467209816e-03
3.479703515768051147e-02
-9.593354538083076477e-03
4.351938609033823013e-03
1.552749332040548325e-02
3.029917180538177490e-02
-1.812440343201160431e-03
-1.919244974851608276e-02
8.087288588285446167e-03
-1.073289569467306137e-02
3.200977342203259468e-03
1.351783797144889832e-02
7.085677701979875565e-03
3.654367849230766296e-02
-5.128098651766777039e-03
-2.994849346578121185e-02
-4.913603886961936951e-03
5.964705720543861389e-03
-1.309390924870967865e-02
-4.341035149991512299e-03
2.540707588195800781e-02
3.048669546842575073e-02
2.062326110899448395e-02
1.592347398400306702e-02
-3.765341825783252716e-03
2.007797360420227051e-02
1.253705658018589020e-02
-2.866217168048024178e-03
4.989906772971153259e-02
-5.233266390860080719e-03
-1.369320321828126907e-02
-1.196613069623708725e-02
-5.742593482136726379e-02
-5.102028325200080872e-02
-4.472732916474342346e-02
-6.983586400747299194e-02
-4.063687473535537720e-02
-2.626203000545501709e-02
6.619281135499477386e-03
-3.253758698701858521e-02
-2.419392764568328857e-02
-1.349875982850790024e-02
-7.582861464470624924e-03
-3.133206814527511597e-02
1.216687960550189018e-03
8.251834660768508911e-03
1.564234122633934021e-02
-2.580992318689823151e-02
-1.725399866700172424e-03
4.088607802987098694e-02
6.205066666007041931e-02
-1.501837931573390961e-02
4.214578773826360703e-03
5.349027365446090698e-02
-2.129276515915989876e-03
-1.447422895580530167e-03
8.283746242523193359e-02
-1.863501779735088348e-02
-3.043028153479099274e-02
3.443456487730145454e-03
-1.719942199997603893e-03
6.689535919576883316e-03
-3.012626059353351593e-02
-2.769610285758972168e-02
-1.921407505869865417e-02
-3.420559689402580261e-02
-2.477786038070917130e-03
-2.375529380515217781e-03
-4.205117933452129364e-03
1.221379265189170837e-02
3.781161271035671234e-03
-7.931908592581748962e-03
1.631977036595344543e-02
1.156186219304800034e-03
-4.155150055885314941e-02
-1.037803478538990021e-02
-2.971476875245571136e-02
2.010600408539175987e-03
-2.551690116524696350e-02
-2.785233967006206512e-02
-1.942183263599872589e-02
-1.857907697558403015e-02
-1.530452817678451538e-02
-1.274917623959481716e-03
2.916453592479228973e-02
2.938905544579029083e-02
-2.570795267820358276e-02
-2.162118442356586456e-02
-2.688318677246570587e-02
-2.122468501329421997e-02
-1.644555665552616119e-02
5.984370000078342855e-05
-3.879135847091674805e-02
-3.085799142718315125e-02
-9.759520762600004673e-04
-5.747419781982898712e-03
7.009192369878292084e-03
1.898601301945745945e-03
4.997953306883573532e-03
-3.191106487065553665e-03
4.685876425355672836e-03
-1.350570097565650940e-02
-3.381953388452529907e-02
-1.942006871104240417e-02
-8.427769877016544342e-03
1.250881142914295197e-02
-5.215431563556194305e-03
-1.635388121940195560e-03
1.127592113334685564e-04
-2.890146337449550629e-02
5.266325175762176514e-02
2.674693800508975983e-02
3.262915462255477905e-02
-3.650414943695068359e-02
-3.613053262233734131e-02
-1.846800744533538818e-02
-6.548716221004724503e-03
-6.795864552259445190e-03
2.340403944253921509e-02
-1.018132269382476807e-02
-1.253870222717523575e-02
3.881686553359031677e-02
-2.922789379954338074e-02
-3.502511978149414062e-02
1.534986891783773899e-03
-4.121077805757522583e-02
-4.837354645133018494e-02
-2.991645783185958862e-02
-6.222646683454513550e-02
-6.894399970769882202e-02
-4.891570284962654114e-02
-1.485975459218025208e-03
-4.503590241074562073e-02
-5.922993179410696030e-03
1.091000065207481384e-02
-3.322243317961692810e-02
-1.480347849428653717e-02
1.130155520513653755e-03
-3.454384580254554749e-02
-3.595764562487602234e-02
1.940962858498096466e-02
-4.698925651609897614e-03
-1.282679289579391479e-02
9.021825157105922699e-03
-1.614038087427616119e-02
-3.148949146270751953e-02
9.333765134215354919e-03
-4.082683846354484558e-02
-2.963948436081409454e-02
-4.498433694243431091e-02
2.377321757376194000e-02
-1.572258025407791138e-02
-2.785047050565481186e-03
4.897969588637351990e-02
-3.192792460322380066e-02
1.874951086938381195e-02
1.601531519554555416e-03
-6.057063117623329163e-02
2.811907976865768433e-02
1.886404678225517273e-02
6.178710982203483582e-02
-2.180297113955020905e-02
-1.719829626381397247e-02
-1.548260822892189026e-02
-4.891483485698699951e-02
-5.790551193058490753e-03
-3.894740948453545570e-03
3.251314908266067505e-02
3.072933852672576904e-02
-7.455708924680948257e-03
7.297355681657791138e-03
1.908924989402294159e-02
-2.983881533145904541e-02
-1.958779618144035339e-02
2.653214847669005394e-03
-1.800608262419700623e-02
7.819356978870928288e-04
-3.123789280652999878e-02
-1.116469223052263260e-02
-1.600559987127780914e-02
-3.839002922177314758e-02
-1.936883479356765747e-02
-2.856615558266639709e-02
-4.608539864420890808e-03
3.574384748935699463e-02
4.524744302034378052e-02
-2.266905969008803368e-03
-1.620491221547126770e-02
1.636722125113010406e-02
-1.420202013105154037e-02
-5.161201115697622299e-03
1.719030551612377167e-02
-1.008868683129549026e-02
-5.409372504800558090e-03
-6.059779599308967590e-02
-6.626518070697784424e-02
-4.169304668903350830e-02
-3.851855918765068054e-02
-6.810366362333297729e-02
-2.944358438253402710e-02
-4.446258023381233215e-02
-4.300053045153617859e-02
-3.300906345248222351e-02
-1.707532070577144623e-02
-1.937461667694151402e-03
-3.836981207132339478e-02
1.872416026890277863e-02
1.233855634927749634e-02
-2.795359306037425995e-02
2.251312509179115295e-02
-6.923820474185049534e-04
-4.281903430819511414e-02
-1.112399343401193619e-02
5.019260570406913757e-03
2.940839342772960663e-02
-1.476987451314926147e-02
-1.185315195471048355e-02
2.918591722846031189e-02
-1.379341538995504379e-02
-1.166948303580284119e-02
1.478737033903598785e-02
7.309684529900550842e-03
4.316025599837303162e-02
3.941131383180618286e-02
1.957347244024276733e-02
2.672475576400756836e-02
2.590572647750377655e-02
3.203572332859039307e-02
7.352886721491813660e-03
-1.211670786142349243e-02
-2.253373339772224426e-02
1.096406858414411545e-02
2.795439399778842926e-02
-3.224309906363487244e-02
-2.105808118358254433e-03
2.313963137567043304e-02
-1.595872454345226288e-02
-1.317645236849784851e-02
-2.279885485768318176e-02
-2.319633774459362030e-02
-2.883674018085002899e-02
-5.441376566886901855e-02
-6.639192346483469009e-03
-1.592782698571681976e-02
-6.825739145278930664e-02
-1.594699174165725708e-02
-6.169430911540985107e-03
-9.448558092117309570e-03
-6.259107589721679688e-02
-3.292363509535789490e-02
-3.172983648255467415e-03
-9.952310938388109207e-05
-4.403510130941867828e-03
2.352014370262622833e-02
4.348347336053848267e-02
-1.000643335282802582e-02
-3.984854090958833694e-03
3.273605182766914368e-02
3.375070169568061829e-02
1.505431439727544785e-02
-1.767395809292793274e-02
-2.610478550195693970e-02
-3.675322234630584717e-02
2.314569428563117981e-02
-6.808110047131776810e-03
1.024721562862396240e-02
-6.748202722519636154e-04
-2.726830076426267624e-03
2.324987202882766724e-03
5.874102935194969177e-03
6.786699872463941574e-03
-2.479530870914459229e-02
-5.991640500724315643e-03
1.334721967577934265e-02
-1.417130324989557266e-02
2.391546778380870819e-02
3.602053597569465637e-02
2.153058163821697235e-02
-1.899902336299419403e-02
-1.521658524870872498e-02
-1.852465793490409851e-02
8.305013179779052734e-03
1.181233022361993790e-02
5.619818810373544693e-03
-3.857996687293052673e-02
-3.106137551367282867e-02
-2.934893593192100525e-02
-3.957323729991912842e-03
3.723667189478874207e-02
7.040938828140497208e-03
4.276515450328588486e-03
2.691651508212089539e-02
-5.287334788590669632e-03
1.203350443392992020e-02
4.732288420200347900e-02
2.064988948404788971e-02
1.661821641027927399e-02
3.852774947881698608e-02
3.862672718241810799e-03
1.340330578386783600e-02
3.264671564102172852e-02
-1.092087756842374802e-02
-3.363643214106559753e-02
-9.163920767605304718e-03
-3.788156062364578247e-02
9.511331096291542053e-03
1.961743831634521484e-02
5.251960828900337219e-03
3.851772472262382507e-02
4.114484414458274841e-02
1.820471696555614471e-02
-2.028999291360378265e-02
-1.920943707227706909e-02
-2.633622661232948303e-02
-2.014136314392089844e-02
-1.965635642409324646e-02
-1.348701678216457367e-02
-2.395085059106349945e-03
-2.489420119673013687e-03
5.018050316721200943e-03
-3.685752302408218384e-02
-1.378216966986656189e-02
3.131594881415367126e-02
-3.063498437404632568e-02
-2.625017259560991079e-05
5.074395239353179932e-02
-8.905439637601375580e-03
9.781650267541408539e-03
6.339546293020248413e-02
2.233447134494781494e-02
2.997147291898727417e-02
-3.002129495143890381e-03
-1.158386075985617936e-04
-9.843101724982261658e-03
-1.210021227598190308e-02
3.110725432634353638e-02
-8.254169486463069916e-03
-8.989050402306020260e-04
2.184066688641905785e-03
6.150970701128244400e-03
-9.683866985142230988e-03
-6.578898523002862930e-03
1.114702969789505005e-02
-2.046426199376583099e-02
5.172845441848039627e-03
5.051802378147840500e-03
1.345788710750639439e-03
-1.686900854110717773e-02
4.925841838121414185e-02
-2.827530540525913239e-02
4.983510449528694153e-02
1.141067221760749817e-01
3.544273227453231812e-02
-3.980272449553012848e-03
4.861828312277793884e-02
-4.469209816306829453e-03
2.559405192732810974e-02
2.727501839399337769e-02
5.851595103740692139e-02
1.659775385633111000e-03
1.039354712702333927e-03
-2.562675857916474342e-03
3.810022259131073952e-03
1.760355755686759949e-02
1.825842075049877167e-02
3.992418944835662842e-02
-1.929733902215957642e-02
-8.632881566882133484e-03
5.901450291275978088e-03
-1.961268857121467590e-02
-5.033622030168771744e-03
-2.281557396054267883e-02
-3.990187868475914001e-02
-2.413083054125308990e-02
2.220677584409713745e-02
3.309282707050442696e-03
-1.687541790306568146e-02
-7.480062544345855713e-03
-1.233858335763216019e-02
-1.043707784265279770e-02
-4.799108486622571945e-03
-1.315533649176359177e-02
-3.101087734103202820e-02
1.387007161974906921e-02
2.416029339656233788e-03
-1.845823787152767181e-02
2.406257390975952148e-02
-4.934815689921379089e-03
-2.154556289315223694e-02
7.416085153818130493e-02
3.480676934123039246e-02
1.675432082265615463e-03
-1.482053473591804504e-02
2.897775033488869667e-03
-5.275901407003402710e-02
-3.145990893244743347e-02
5.074503831565380096e-03
-4.568295180797576904e-02
-1.193495653569698334e-02
8.455485105514526367e-03
-1.834994368255138397e-02
-1.869631931185722351e-02
-3.529091924428939819e-02
-1.751948893070220947e-02
1.259175315499305725e-02
4.612052813172340393e-03
9.149473160505294800e-03
6.672314484603703022e-04
1.538522262126207352e-02
5.312839057296514511e-03
2.549148164689540863e-02
-1.771610975265502930e-02
-5.384225398302078247e-02
2.634182013571262360e-02
-5.041227559559047222e-04
-4.290537908673286438e-02
2.583244629204273224e-02
1.046610251069068909e-02
-4.397073760628700256e-02
9.260349906980991364e-03
-1.907230541110038757e-02
-1.956908218562602997e-02
-1.177270244807004929e-02
3.447485342621803284e-02
7.133017480373382568e-02
-8.404930122196674347e-03
9.768840391188859940e-04
3.563674539327621460e-02
-3.137263283133506775e-02
3.489207476377487183e-02
-8.392273448407649994e-03
-1.245249900966882706e-02
5.023719742894172668e-02
4.122224077582359314e-02
-1.743195019662380219e-02
5.436151102185249329e-02
1.307887863367795944e-02
-1.090564113110303879e-02
-3.136365860700607300e-02
2.037560753524303436e-02
-3.336965292692184448e-02
-4.702895507216453552e-02
-2.322788536548614502e-02
-1.923423632979393005e-02
-1.535726245492696762e-02
-1.715378463268280029e-02
-2.121808566153049469e-02
1.529303565621376038e-02
-2.046357654035091400e-02
-1.811338006518781185e-03
7.552661700174212456e-04
-3.006381541490554810e-02
6.175037473440170288e-03
-2.966006286442279816e-02
-2.422489598393440247e-02
3.383250534534454346e-02
1.239524874836206436e-02
-7.365852128714323044e-03
1.106479018926620483e-02
-2.494186162948608398e-02
-3.463440015912055969e-02
-2.788046188652515411e-02
-5.274703353643417358e-02
-7.319501787424087524e-02
-1.860854914411902428e-03
1.198295596987009048e-02
1.162222493439912796e-02
-1.444053370505571365e-02
1.088736951351165771e-02
1.213733805343508720e-03
-1.674355193972587585e-02
-3.073427593335509300e-03
1.939035952091217041e-02
-2.605295507237315178e-03
2.288456307724118233e-03
-2.107535488903522491e-02
-2.267883392050862312e-03
-9.586016647517681122e-03
4.808031953871250153e-03
5.889820866286754608e-03
-3.138534724712371826e-02
-7.670389488339424133e-03
-3.363565355539321899e-02
-4.492663964629173279e-02
-2.522107958793640137e-02
1.971026882529258728e-03
-4.402614384889602661e-02
-2.984816022217273712e-02
1.830376125872135162e-02
-4.719598591327667236e-02
-2.877382002770900726e-02
-1.645268313586711884e-02
-3.660650178790092468e-02
-2.362748235464096069e-02
-1.714473008178174496e-03
-2.347481669858098030e-03
4.541585221886634827e-03
-4.326345771551132202e-02
-2.399020828306674957e-03
3.354724124073982239e-02
3.664264455437660217e-02
6.848996132612228394e-02
-1.214069779962301254e-02
2.699919603765010834e-02
2.257036790251731873e-02
-4.527084529399871826e-02
8.103743195533752441e-03
-3.098909743130207062e-03
-8.457340300083160400e-03
2.692248299717903137e-02
-1.618901023903163150e-06
1.350868400186300278e-02
-3.639663383364677429e-02
-4.487945884466171265e-02
5.490403855219483376e-04
-4.951818287372589111e-02
-6.509943306446075439e-02
-6.040206551551818848e-02
4.757932573556900024e-02
2.314949594438076019e-02
5.280027538537979126e-02
4.226226359605789185e-02
-1.363071706146001816e-02
1.147131249308586121e-02
4.569802898913621902e-03
-5.310861021280288696e-02
-2.687238343060016632e-02
3.799163177609443665e-02
3.680125251412391663e-02
1.633638329803943634e-02
-7.501276209950447083e-03
2.878135070204734802e-03
-1.145176496356725693e-02
-7.457203697413206100e-03
-2.120158076286315918e-02
-4.032022505998611450e-02
-2.637710422277450562e-02
6.526151206344366074e-03
3.498885408043861389e-02
-2.824432775378227234e-02
-4.703284241259098053e-03
7.613555528223514557e-03
-8.394295349717140198e-03
-6.133927963674068451e-03
-1.943640410900115967e-02
-3.460095077753067017e-02
5.339610856026411057e-03
-7.053384091705083847e-03
-3.240883722901344299e-02
-5.804548971354961395e-03
-8.764966391026973724e-03
-2.341620437800884247e-02
-7.869473658502101898e-03
-8.620207197964191437e-03
-6.947900983504951000e-04
-2.691192552447319031e-02
-3.644737973809242249e-02
1.197142992168664932e-02
1.181530393660068512e-02
-1.805057376623153687e-02
-1.693633012473583221e-02
-1.843989826738834381e-02
-2.683231048285961151e-02
-3.897578641772270203e-02
-4.351931437849998474e-02
-2.103943005204200745e-02
-4.436964169144630432e-02
-4.122696071863174438e-02
8.616319857537746429e-03
-5.446787923574447632e-02
-4.588219150900840759e-02
-2.894676104187965393e-02
-5.054154247045516968e-02
-2.851926907896995544e-02
-1.763002946972846985e-02
7.067786995321512222e-03
4.686350934207439423e-03
1.283662021160125732e-02
2.712427265942096710e-02
-2.209708094596862793e-03
-8.459717035293579102e-03
1.554780267179012299e-02
4.554400965571403503e-02
8.199218660593032837e-02
-4.133356735110282898e-02
-1.051468029618263245e-02
1.220163423568010330e-02
1.866510324180126190e-02
-8.146884851157665253e-03
-1.168411131948232651e-02
1.920717582106590271e-02
3.032355010509490967e-02
1.438166946172714233e-02
5.504662171006202698e-03
4.105114936828613281e-02
2.331747673451900482e-02
-1.159925200045108795e-02
1.780039630830287933e-02
2.596159465610980988e-02
1.673003844916820526e-02
1.031988020986318588e-02
-1.400784309953451157e-02
-3.582307836040854454e-03
2.851864509284496307e-02
8.722106926143169403e-03
-3.627299889922142029e-02
-2.418539673089981079e-02
-3.049823082983493805e-02
-2.591182850301265717e-02
-6.821297854185104370e-02
-2.704105898737907410e-02
1.543780695647001266e-02
-2.526928298175334930e-02
-5.090589169412851334e-03
4.393351078033447266e-02
2.686949446797370911e-02
3.328553214669227600e-02
-9.865555912256240845e-03
-3.372102603316307068e-02
-1.169726718217134476e-02
-1.701260358095169067e-02
-1.209168136119842529e-02
3.738449141383171082e-02
-1.629684492945671082e-02
5.785905290395021439e-03
7.820318639278411865e-02
1.062709931284189224e-02
-2.348357578739523888e-03
2.015099488198757172e-02
1.073158346116542816e-02
-9.848399087786674500e-03
-2.058268524706363678e-02
-3.701105713844299316e-02
-2.372810989618301392e-02
-2.793692285194993019e-03
3.552363440394401550e-02
-9.032337926328182220e-03
-8.486093953251838684e-03
2.156399004161357880e-02
-2.447343058884143829e-02
-1.117577310651540756e-02
2.457371912896633148e-02
-1.604527793824672699e-02
2.780492044985294342e-02
6.149876490235328674e-02
5.320726707577705383e-02
2.431205287575721741e-02
1.950359903275966644e-02
4.060161113739013672e-02
2.119977399706840515e-02
-3.897832334041595459e-02
-2.655461989343166351e-02
-1.530415844172239304e-02
5.098978523164987564e-03
-2.044844068586826324e-02
-2.977005578577518463e-02
2.627615816891193390e-03
4.518620297312736511e-02
-1.096039265394210815e-02
-2.363108843564987183e-02
-8.557133376598358154e-03
-4.374680109322071075e-03
-3.904877975583076477e-02
-2.986798249185085297e-02
-1.595964538864791393e-03
-3.228045627474784851e-02
-1.319560408592224121e-02
6.040804088115692139e-03
-5.063086282461881638e-03
1.173780765384435654e-02
5.043809115886688232e-02
2.475498430430889130e-02
2.648029662668704987e-02
-1.388779375702142715e-02
-3.386944532394409180e-02
-3.694581612944602966e-02
-2.135518379509449005e-02
-1.681468635797500610e-02
2.341987565159797668e-03
1.099665369838476181e-02
4.261791333556175232e-02
5.326129496097564697e-02
4.269187152385711670e-02
-1.876042969524860382e-02
-2.825310267508029938e-02
-3.977645188570022583e-02
-2.066451869904994965e-02
4.349401686340570450e-03
-3.407489135861396790e-02
2.067619375884532928e-02
1.057676970958709717e-02
-8.497376926243305206e-03
2.385475486516952515e-02
1.753273978829383850e-02
-2.823614981025457382e-03
2.675717510282993317e-02
2.341656945645809174e-02
7.817484438419342041e-03
-2.171650528907775879e-02
-2.291785739362239838e-02
-5.920867435634136200e-03
3.107358468696475029e-03
2.166391117498278618e-03
-1.296763774007558823e-02
-1.024950016289949417e-02
3.585190512239933014e-03
-1.628962904214859009e-02
3.624062519520521164e-03
-1.422409527003765106e-02
-7.826739922165870667e-03
-3.071089088916778564e-02
-4.245032370090484619e-02
-3.313879296183586121e-02
-2.425454370677471161e-02
-1.454511098563671112e-02
-3.113209828734397888e-02
-4.071898758411407471e-02
2.529337815940380096e-02
1.632482558488845825e-02
-1.367515418678522110e-02
-1.522159762680530548e-02
-1.393049582839012146e-02
-4.916195571422576904e-02
-4.169609025120735168e-02
-3.262316063046455383e-02
2.539505437016487122e-02
-3.577957674860954285e-02
-2.199018374085426331e-02
-2.779985545203089714e-03
-3.514027222990989685e-02
-3.042637370526790619e-02
3.526414558291435242e-02
-7.656341884285211563e-03
-1.811141148209571838e-02
6.871429085731506348e-02
8.365120738744735718e-02
6.325922906398773193e-02
-2.052807249128818512e-02
-4.068710282444953918e-02
-2.157606743276119232e-02
7.221043575555086136e-03
-3.847276419401168823e-02
-3.979468718171119690e-02
-3.497008979320526123e-02
-8.461202494800090790e-03
8.776014670729637146e-03
-2.067147940397262573e-02
2.794278088913415559e-07
1.293659792281687260e-03
1.145549700595438480e-03
-8.789075538516044617e-03
-4.329034686088562012e-02
-3.432870283722877502e-02
-4.182316362857818604e-02
-4.215387627482414246e-02
-1.878417097032070160e-02
-6.102861836552619934e-03
-2.613686956465244293e-02
-1.705168932676315308e-02
-2.500168047845363617e-02
-2.196962758898735046e-02
7.640815805643796921e-03
7.964141666889190674e-03
9.609506814740598202e-04
-6.501590833067893982e-04
-4.159724712371826172e-02
-4.364103078842163086e-02
2.756833843886852264e-02
-3.244413062930107117e-03
1.669733412563800812e-02
1.112877763807773590e-02
1.685784012079238892e-02
-1.731086522340774536e-02
-1.514054927974939346e-02
1.473521254956722260e-02
4.447885975241661072e-02
1.566254300996661186e-03
9.146549738943576813e-03
2.159812487661838531e-02
-2.075308468192815781e-03
1.354805193841457367e-02
2.364347316324710846e-02
-1.024784799665212631e-02
-3.414957784116268158e-03
1.320608239620923996e-02
1.368307229131460190e-02
1.789372414350509644e-02
4.062220081686973572e-02
-3.080250509083271027e-02
-2.125269733369350433e-02
2.359558129683136940e-03
2.787279663607478142e-03
4.733499605208635330e-03
4.187169298529624939e-02
2.085480093955993652e-02
2.803118526935577393e-02
3.796631470322608948e-02
6.095365155488252640e-03
4.525863565504550934e-03
4.067878704518079758e-03
-3.826980292797088623e-02
4.114665463566780090e-02
2.732687816023826599e-02
-2.498730830848217010e-02
-2.198216132819652557e-02
-3.241244703531265259e-02
-3.061710298061370850e-02
-3.843609988689422607e-02
-3.158331662416458130e-02
1.803996041417121887e-03
6.977261509746313095e-03
-3.537005977705121040e-03
1.182464417070150375e-02
1.663961075246334076e-02
1.621901802718639374e-02
4.107229411602020264e-02
5.866810306906700134e-02
4.928893595933914185e-02
-2.075618878006935120e-02
1.161100715398788452e-02
-1.062238588929176331e-02
-6.428325176239013672e-02
-4.760560765862464905e-02
-6.192612275481224060e-02
-2.335476130247116089e-02
-3.869220614433288574e-02
-5.393451452255249023e-02
-9.351860731840133667e-03
1.895212917588651180e-03
-3.103009611368179321e-02
1.244646031409502029e-02
1.613119989633560181e-02
-1.300464943051338196e-02
1.754163391888141632e-02
-1.953275175765156746e-03
-2.221868932247161865e-02
1.970409788191318512e-02
-1.003761216998100281e-02
-3.761137649416923523e-02
2.375185285927727818e-04
1.464901026338338852e-02
-1.641226746141910553e-02
1.338688540272414684e-03
-1.028197910636663437e-02
-3.281956538558006287e-02
-1.120374724268913269e-02
-7.102161645889282227e-03
-3.314999490976333618e-02
-5.629639700055122375e-02
-3.878685086965560913e-02
-4.269396141171455383e-02
3.496521711349487305e-02
2.352064661681652069e-02
-4.325109068304300308e-03
2.766837924718856812e-02
2.349636983126401901e-03
-2.300159633159637451e-02
-9.571520611643791199e-03
-1.442532520741224289e-02
-2.767730690538883209e-02
3.469794616103172302e-02
8.133884519338607788e-02
5.739820189774036407e-03
3.017740137875080109e-02
5.174431949853897095e-02
3.105781227350234985e-02
4.455679096281528473e-03
-1.942558027803897858e-02
-1.123620197176933289e-02
-3.629261627793312073e-02
-3.522547334432601929e-02
-2.082042209804058075e-02
-9.372560307383537292e-03
-2.785802818834781647e-03
1.358792278915643692e-02
-2.740361168980598450e-02
-1.732143759727478027e-02
6.748337764292955399e-03
-2.594069391489028931e-02
1.850702683441340923e-04
-3.248982597142457962e-03
-2.631358243525028229e-02
2.298276685178279877e-02
2.238659933209419250e-02
-5.706427618861198425e-03
-2.298398874700069427e-02
7.150914985686540604e-03
2.475946908816695213e-03
-2.135894820094108582e-02
-2.001426555216312408e-02
-2.979829721152782440e-02
-2.242822758853435516e-02
-2.302526310086250305e-02
-2.524910122156143188e-02
-8.920078165829181671e-03
1.158724166452884674e-02
8.087115362286567688e-03
4.001934212283231318e-05
3.114324249327182770e-02
7.648064754903316498e-03
-4.676747601479291916e-03
-1.584256999194622040e-02
5.943244788795709610e-03
-1.605697162449359894e-02
-2.728982456028461456e-02
7.031367858871817589e-04
-8.334799669682979584e-03
-4.424608498811721802e-02
-1.799418963491916656e-02
-2.104416675865650177e-02
-4.461742937564849854e-02
-2.315240539610385895e-02
-2.633649110794067383e-02
-1.130462903529405594e-02
-1.596502610482275486e-03
1.037803478538990021e-02
-3.210148215293884277e-02
-1.825180277228355408e-02
-7.641562260687351227e-03
-3.260628134012222290e-02
-2.262362278997898102e-02
-2.034845948219299316e-02
3.125201677903532982e-03
-5.714183789677917957e-04
-4.775781650096178055e-03
1.152725517749786377e-02
1.747828442603349686e-03
6.577020045369863510e-03
3.867577388882637024e-02
1.066654454916715622e-02
1.078430842608213425e-02
4.029889032244682312e-02
7.760630687698721886e-04
2.177084982395172119e-02
1.173771172761917114e-02
-2.014868892729282379e-02
-1.374094653874635696e-02
-8.815382607281208038e-03
-2.159009128808975220e-02
4.896718892268836498e-04
1.266072690486907959e-02
-5.382254021242260933e-04
-7.261259481310844421e-03
-1.583661139011383057e-02
-1.384753547608852386e-02
-2.444641664624214172e-03
-1.921864924952387810e-03
-2.567555941641330719e-02
4.175080452114343643e-03
1.010370440781116486e-02
-6.354290992021560669e-02
-5.918069276958703995e-03
3.588601946830749512e-03
-2.690523304045200348e-02
8.899268694221973419e-03
4.330753162503242493e-02
-2.901871874928474426e-02
2.180116064846515656e-02
4.862873256206512451e-02
1.326278317719697952e-02
4.588935058563947678e-03
-1.316102594137191772e-02
2.405674662441015244e-03
-1.383405271917581558e-02
1.495295390486717224e-02
1.962319947779178619e-02
8.107579313218593597e-03
8.182578720152378082e-03
-9.240423329174518585e-03
-1.459936238825321198e-02
-6.978241261094808578e-03
4.442568402737379074e-03
-2.644306747242808342e-03
-7.765048649162054062e-03
6.822978612035512924e-03
1.071937382221221924e-02
2.256706729531288147e-02
-1.711297035217285156e-02
-4.088242724537849426e-02
-2.489187940955162048e-02
-1.474736724048852921e-02
-2.104644104838371277e-02
-2.951076813042163849e-02
2.142346464097499847e-02
2.070362865924835205e-02
8.586870506405830383e-03
-4.429176822304725647e-02
-3.450395539402961731e-02
1.481822039932012558e-02
-3.447125107049942017e-02
-1.095326803624629974e-02
1.681248471140861511e-02
-3.583749756217002869e-02
-6.179455085657536983e-04
2.011214010417461395e-02
1.800692640244960785e-02
4.931120947003364563e-02
-9.944704361259937286e-03
-3.295056521892547607e-02
2.217749878764152527e-02
7.840931066311895847e-04
-7.192771881818771362e-02
-2.796527929604053497e-02
2.469553845003247261e-03
4.278219863772392273e-02
2.229898236691951752e-02
2.357564680278301239e-02
1.107596140354871750e-02
-7.889385335147380829e-03
7.237293291836977005e-03
-2.953536249697208405e-02
-5.121502652764320374e-02
-2.467397041618824005e-02
5.754923913627862930e-03
-1.487206202000379562e-03
-7.603875128552317619e-04
-3.194902092218399048e-02
-2.979009598493576050e-02
-2.753784880042076111e-02
-3.469454497098922729e-02
-3.653545305132865906e-02
-2.538645826280117035e-02
4.376371577382087708e-02
5.264059081673622131e-02
2.112541161477565765e-02
-1.297707931371405721e-04
5.473289266228675842e-02
4.275855049490928650e-02
-3.658381465356796980e-04
4.009813535958528519e-03
3.648038953542709351e-02
-3.401920571923255920e-02
-4.684326425194740295e-02
-7.041188329458236694e-02
-3.110907785594463348e-02
-2.151222340762615204e-02
-6.084155663847923279e-02
2.323418855667114258e-02
5.161712318658828735e-02
-1.688682241365313530e-03
2.364107407629489899e-03
-1.691791345365345478e-03
7.552742492407560349e-03
-2.829016745090484619e-02
-2.202120795845985413e-02
-2.927532186731696129e-03
-2.991650439798831940e-02
-2.491326816380023956e-02
5.262408871203660965e-03
2.126662433147430420e-02
1.152440346777439117e-02
2.264194004237651825e-02
4.068170487880706787e-02
4.871663823723793030e-02
9.854437783360481262e-03
3.924910724163055420e-02
2.666626824066042900e-04
-2.567099779844284058e-02
-1.590816304087638855e-02
2.305264817550778389e-03
-3.304625302553176880e-02
-1.964053325355052948e-02
-1.993889734148979187e-02
-3.852119296789169312e-02
-4.103791341185569763e-02
-4.912889376282691956e-02
-5.225617438554763794e-02
-1.687398366630077362e-02
-5.305304192006587982e-03
4.545889794826507568e-02
9.513268247246742249e-03
6.790450774133205414e-03
4.080971702933311462e-02
1.649200171232223511e-02
2.606977336108684540e-02
3.104432858526706696e-02
-9.899860247969627380e-03
-2.056278102099895477e-02
-3.801123797893524170e-02
-3.549517691135406494e-02
-3.595803305506706238e-02
-3.276706859469413757e-02
-3.622889146208763123e-02
-4.098844900727272034e-02
-4.498742520809173584e-02
-8.270950987935066223e-03
4.016023129224777222e-02
2.034341014223173261e-04
-1.518930401653051376e-02
-1.081335172057151794e-02
3.867817670106887817e-02
-1.691548270173370838e-03
-3.933906927704811096e-02
1.157031510956585407e-03
-3.397768363356590271e-02
-3.614249825477600098e-02
-4.230868443846702576e-02
1.532589644193649292e-02
2.664803527295589447e-02
-1.105771306902170181e-02
1.678628101944923401e-02
1.169093605130910873e-02
-1.631149090826511383e-02
-1.928854733705520630e-02
-1.942430622875690460e-02
-2.441484481096267700e-02
-1.419484615325927734e-02
-3.734950348734855652e-02
-1.926899887621402740e-02
1.482319366186857224e-02
-1.046733371913433075e-02
-1.129706017673015594e-02
8.280835300683975220e-02
8.374903351068496704e-02
3.146534413099288940e-02
4.543053731322288513e-02
2.777928672730922699e-02
3.202267456799745560e-03
-9.465503506362438202e-03
-4.711673408746719360e-02
-2.079599164426326752e-02
-4.057943448424339294e-02
-5.194665491580963135e-02
8.009875193238258362e-03
-2.881439402699470520e-02
-6.135721877217292786e-02
-2.841653674840927124e-02
-2.275621891021728516e-02
-3.428954631090164185e-02
-4.542435333132743835e-02
6.545508280396461487e-03
-4.765873309224843979e-03
1.091810222715139389e-02
-8.485183119773864746e-03
-2.794058620929718018e-02
-1.469465438276529312e-02
7.095023058354854584e-03
6.818144116550683975e-03
-9.582816623151302338e-03
-1.423582248389720917e-02
-2.386139333248138428e-02
-3.709947690367698669e-02
-3.266506269574165344e-02
-2.306019328534603119e-02
-2.721207402646541595e-02
-6.192409992218017578e-02
-2.055963501334190369e-02
-3.613391518592834473e-02
1.896944595500826836e-03
-3.741756454110145569e-02
-9.490417432971298695e-04
5.768344271928071976e-03
-2.934110909700393677e-02
-2.258286811411380768e-02
3.848104551434516907e-02
4.512132331728935242e-02
1.845743972808122635e-03
3.837217763066291809e-02
3.643333539366722107e-02
3.740530088543891907e-02
8.427521213889122009e-03
7.571445312350988388e-03
2.974886819720268250e-02
-2.051505818963050842e-02
-3.886724356561899185e-03
-1.705989614129066467e-02
-4.144444596022367477e-03
5.445081274956464767e-03
4.544474184513092041e-02
7.881709374487400055e-03
-6.263555958867073059e-03
2.319372072815895081e-02
-1.577529124915599823e-02
-1.779269985854625702e-02
-1.140688080340623856e-02
2.749713137745857239e-03
-6.807789759477600455e-05
1.850621774792671204e-02
-5.561703816056251526e-03
3.958046901971101761e-03
-1.323997974395751953e-02
1.066714525222778320e-03
8.849478326737880707e-03
-3.050189698114991188e-04
-1.625285483896732330e-02
-4.229698795825242996e-03
3.981890529394149780e-02
2.687073312699794769e-02
7.951257750391960144e-03
1.642305776476860046e-02
4.733989760279655457e-02
6.598745286464691162e-02
3.006615117192268372e-02
3.564556315541267395e-02
-1.139188837260007858e-02
-2.122281119227409363e-02
-1.794981304556131363e-03
-1.096348837018013000e-02
-3.266301751136779785e-02
-1.889639720320701599e-02
3.330145031213760376e-03
3.464441047981381416e-03
-3.741152584552764893e-02
-3.332373499870300293e-02
-2.405599132180213928e-02
1.713904179632663727e-02
6.525496952235698700e-03
-2.248190576210618019e-03
-5.566500592976808548e-03
-1.231321040540933609e-02
-7.135992869734764099e-03
-2.202494442462921143e-02
-4.642182216048240662e-02
-2.761214273050427437e-05
-4.978235065937042236e-02
-3.515936434268951416e-02
-1.586278155446052551e-02
-8.484149351716041565e-03
4.406983032822608948e-03
-6.476961425505578518e-04
-3.243234008550643921e-02
-3.004457429051399231e-02
-3.470183163881301880e-02
-2.025742828845977783e-02
-2.207300812005996704e-02
-3.671748191118240356e-02
-1.106457971036434174e-02
-1.540204882621765137e-02
-2.799507230520248413e-02
1.392160728573799133e-02
1.092781531042419374e-04
1.727630570530891418e-02
-9.335766546428203583e-03
-3.557594865560531616e-02
-1.962838880717754364e-02
-6.644274573773145676e-03
-3.021257556974887848e-02
-2.121873013675212860e-02
-9.055391885340213776e-03
-1.318382006138563156e-02
-3.008441999554634094e-03
-1.936024054884910583e-02
-1.953698135912418365e-02
-2.195791527628898621e-02
-8.811015635728836060e-03
-8.325875736773014069e-03
-1.161333732306957245e-02
8.887539617717266083e-03
-1.134313177317380905e-03
-1.153748296201229095e-02
4.987547290511429310e-04
-4.744697071146219969e-04
-2.376279979944229126e-02
-1.093088649213314056e-02
-1.362222898751497269e-02
-1.220339722931385040e-02
-1.945723034441471100e-02
-1.159880030900239944e-02
-2.258689329028129578e-02
-1.205280795693397522e-02
3.982081543654203415e-04
-3.648306243121623993e-03
-2.169356867671012878e-02
-1.186638697981834412e-02
-2.008166350424289703e-02
1.520941872149705887e-02
2.948312461376190186e-02
-9.569815360009670258e-03
6.491820793598890305e-03
1.124372612684965134e-02
1.773982308804988861e-03
2.741812542080879211e-02
2.783192880451679230e-02
3.708817809820175171e-02
-2.574833296239376068e-02
-3.466714173555374146e-02
-2.752818167209625244e-02
-1.237142086029052734e-02
-7.026519160717725754e-03
-8.278479799628257751e-03
-1.984221860766410828e-02
-1.000870019197463989e-02
-2.687900140881538391e-02
5.335035268217325211e-03
-1.032503508031368256e-02
6.353089585900306702e-03
-1.665760204195976257e-02
-2.095544524490833282e-02
-2.013780921697616577e-02
1.342753414064645767e-03
-7.100713439285755157e-03
-1.296818256378173828e-02
-2.904799021780490875e-02
-2.103861793875694275e-02
-2.197950892150402069e-02
5.704043433070182800e-03
-4.137204028666019440e-03
-6.248082499951124191e-03
1.305749267339706421e-02
-6.079126149415969849e-03
-1.066205464303493500e-02
-1.644406095147132874e-02
-2.905567362904548645e-02
-2.525852434337139130e-02
9.007350541651248932e-03
-2.300618961453437805e-02
-4.773225635290145874e-03
-1.294607855379581451e-02
-2.164962701499462128e-02
-9.511802345514297485e-03
-8.324824273586273193e-03
9.200761094689369202e-03
-8.543740957975387573e-03
-5.211227573454380035e-03
1.232361234724521637e-02
-4.020160995423793793e-04
-2.250588312745094299e-02
-6.414487957954406738e-03
-2.406224521109834313e-04
8.713533170521259308e-03
-3.527867142111063004e-03
-1.103147212415933609e-02
1.011967472732067108e-02
5.354824941605329514e-03
2.018813276663422585e-03
-2.225734759122133255e-03
-7.384330499917268753e-03
-1.091522350907325745e-02
1.318887574598193169e-03
-1.746289199218153954e-03
2.665659599006175995e-02
1.286655012518167496e-02
3.684317693114280701e-03
2.019580081105232239e-02
1.710054278373718262e-02
1.236840151250362396e-02
1.062923111021518707e-02
-2.265949733555316925e-02
-1.639586687088012695e-02
-8.209839463233947754e-03
-3.111869795247912407e-03
1.881003263406455517e-03
4.176938906311988831e-03
9.044601581990718842e-03
3.461685962975025177e-03
-4.162175580859184265e-03
-1.312499493360519409e-02
1.591887697577476501e-02
-5.440358538180589676e-03
-1.111882645636796951e-02
5.889412946999073029e-03
-3.202036023139953613e-03
-6.002883426845073700e-03
-4.748898558318614960e-03
5.686227697879076004e-03
-1.916140667162835598e-03
-1.558211352676153183e-02
-2.034064847975969315e-03
-5.239989608526229858e-03
-1.043006684631109238e-02
-1.692432351410388947e-02
-1.762574538588523865e-02
-1.766757294535636902e-02
-2.097228541970252991e-02
2.956287469714879990e-03
1.571117714047431946e-02
8.791964501142501831e-03
3.214925527572631836e-02
5.259988456964492798e-02
2.188893966376781464e-02
1.617417111992835999e-02
3.524918481707572937e-02
-1.710923574864864349e-02
-3.328762203454971313e-02
-9.077628143131732941e-03
-2.515631727874279022e-02
-7.574922405183315277e-03
4.481952637434005737e-03
3.443437395617365837e-03
-6.678359117358922958e-03
-1.620179042220115662e-02
7.485425099730491638e-03
-6.252486258745193481e-03
2.626044675707817078e-03
-1.342739630490541458e-02
2.682934748008847237e-03
1.097381673753261566e-02
2.388010965660214424e-03
1.831267401576042175e-02
1.718261465430259705e-02
2.945695538073778152e-03
-2.769749425351619720e-02
-3.242305247113108635e-03
-3.133763000369071960e-02
-1.300349179655313492e-02
-8.944252505898475647e-03
-2.399884723126888275e-02
-3.117522411048412323e-02
-3.717971220612525940e-02
-3.016445413231849670e-02
-2.075200714170932770e-02
-8.187706582248210907e-03
-3.134277090430259705e-02
-2.247689105570316315e-02
-6.395776290446519852e-03
-2.260852418839931488e-02
-1.577396877110004425e-02
-4.770639818161725998e-03
-1.419675070792436600e-02
8.065701462328433990e-03
-6.179478950798511505e-03
-5.299026612192392349e-03
-2.278273366391658783e-02
-1.517984177917242050e-02
-1.595159061253070831e-02
-3.759668022394180298e-02
-2.072505652904510498e-02
-3.363389149308204651e-02
-1.620597019791603088e-02
-1.816495321691036224e-02
-2.388545684516429901e-02
2.039888873696327209e-02
1.682088524103164673e-02
-4.720755678135901690e-04
1.396674942225217819e-02
1.259360089898109436e-02
-7.933407905511558056e-04
-1.327917445451021194e-02
-1.585075818002223969e-02
1.629002764821052551e-02
7.512072101235389709e-03
-7.774455007165670395e-03
-2.110106172040104866e-03
1.949024759232997894e-02
-1.225860882550477982e-02
-7.352625019848346710e-03
-4.655721131712198257e-03
1.379537768661975861e-02
2.055147662758827209e-03
5.174903199076652527e-03
1.349050365388393402e-02
1.421732641756534576e-02
1.162369735538959503e-02
-1.380949281156063080e-02
1.974388211965560913e-02
-3.245171159505844116e-02
-3.755249455571174622e-02
-2.747198753058910370e-02
1.334105897694826126e-02
-7.533616153523325920e-04
-1.188515964895486832e-02
7.805584464222192764e-03
1.383018586784601212e-02
-5.504057276993989944e-03
-4.108275100588798523e-02
-3.879098594188690186e-02
-2.069102600216865540e-02
-4.191715270280838013e-02
-4.525507241487503052e-02
-3.522454947233200073e-02
2.188075333833694458e-03
-3.758871927857398987e-02
-5.639252718538045883e-03
2.517868764698505402e-02
2.248657867312431335e-02
2.507367730140686035e-02
-1.476810872554779053e-02
6.397232878953218460e-03
1.785205863416194916e-02
-3.012479469180107117e-02
2.999818418174982071e-03
3.804318141192197800e-03
7.757064420729875565e-03
1.496254932135343552e-02
1.570304110646247864e-02
1.079639047384262085e-02
2.073210664093494415e-02
1.659850217401981354e-02
-1.224256493151187897e-02
-8.347565308213233948e-03
-2.012008428573608398e-02
-1.743462868034839630e-02
-1.967493258416652679e-02
5.581471603363752365e-03
-1.699195802211761475e-02
-8.152700029313564301e-03
-3.662485163658857346e-03
-1.987851224839687347e-02
-1.350258197635412216e-02
-1.642183400690555573e-02
2.269660495221614838e-02
1.918195746839046478e-02
-2.641568426042795181e-03
1.059009227901697159e-02
1.023838203400373459e-02
3.334784647449851036e-03
2.213975042104721069e-02
1.601723395287990570e-02
5.859049037098884583e-03
-1.391931530088186264e-02
-2.847448922693729401e-02
-1.328064594417810440e-02
-2.180415019392967224e-02
-4.052911698818206787e-02
-2.042965404689311981e-02
3.415368264541029930e-03
-4.311621561646461487e-02
-1.528265513479709625e-02
-8.275325410068035126e-03
-1.282900292426347733e-02
5.422155372798442841e-03
-1.317254267632961273e-02
-2.094400487840175629e-02
-7.213390897959470749e-03
1.273895241320133209e-02
-8.758928161114454269e-04
3.115267492830753326e-03
-2.961861528456211090e-02
-1.655342988669872284e-02
-1.912841014564037323e-02
-1.612779498100280762e-02
-1.191189978271722794e-02
-7.606981322169303894e-03
-1.040091388858854771e-03
-1.851393841207027435e-02
-1.829143054783344269e-02
-1.129045896232128143e-02
-3.216966753825545311e-03
9.541557170450687408e-03
-1.596103981137275696e-02
-1.221213769167661667e-02
-3.536264412105083466e-03
-2.985268598422408104e-03
-1.442432031035423279e-02
-6.681527942419052124e-03
-1.750061288475990295e-02
-2.077618800103664398e-02
-4.769841209053993225e-03
-1.382384821772575378e-02
-2.646377310156822205e-02
-9.571881033480167389e-03
1.658098213374614716e-02
8.766678161919116974e-03
2.147691883146762848e-02
-1.642715372145175934e-02
-3.871635766699910164e-03
2.395664341747760773e-02
1.294488646090030670e-02
2.201869152486324310e-02
3.699215501546859741e-02
-1.331045478582382202e-02
-2.798256697133183479e-03
-7.521924562752246857e-03
-2.477927319705486298e-02
-8.036035113036632538e-03
1.233406458050012589e-02
-2.726217545568943024e-02
-2.175718918442726135e-02
1.173738017678260803e-02
-2.022921852767467499e-02
3.568338463082909584e-03
1.611913181841373444e-02
2.472074469551444054e-03
-1.009477488696575165e-02
3.394665941596031189e-02
4.170828964561223984e-03
-5.963269621133804321e-03
3.399688750505447388e-02
7.345151971094310284e-06
-8.823539130389690399e-03
1.816697604954242706e-02
-1.577483024448156357e-03
-1.813506893813610077e-02
-1.783306896686553955e-02
-3.899413347244262695e-02
-4.015502706170082092e-02
-4.656959697604179382e-02
-1.825136877596378326e-02
-2.921302337199449539e-03
-1.662993989884853363e-02
-6.801015231758356094e-03
-1.901981420814990997e-02
-1.014405582100152969e-02
1.380671095103025436e-02
3.101839916780591011e-03
-1.397313456982374191e-02
3.480977145954966545e-03
-1.942483521997928619e-02
-3.295997157692909241e-02
-3.193163126707077026e-02
-2.692391723394393921e-02
4.011254385113716125e-02
-2.467596344649791718e-02
-2.355724573135375977e-02
8.186160586774349213e-03
-2.111480105668306351e-03
-1.841579214669764042e-03
1.024758350104093552e-02
-2.257573185488581657e-03
2.797132590785622597e-03
4.901622422039508820e-03
-9.118340909481048584e-03
-1.055236533284187317e-02
5.474453791975975037e-03
-4.466076567769050598e-02
-2.965167537331581116e-02
-1.146292965859174728e-02
-2.576662227511405945e-03
-7.886704057455062866e-03
1.720452681183815002e-02
-1.966404914855957031e-02
-6.033130735158920288e-02
-6.916799116879701614e-03
4.922284744679927826e-03
-1.662915572524070740e-02
1.074357703328132629e-02
-2.883860841393470764e-02
-3.860195353627204895e-02
-1.439031399786472321e-02
-9.838336147367954254e-03
-3.759196726605296135e-03
9.494888596236705780e-03
2.668505907058715820e-02
3.000544756650924683e-02
3.704060241580009460e-02
-3.835234791040420532e-02
-1.961904577910900116e-02
-1.984653435647487640e-02
-7.155370898544788361e-03
1.688170619308948517e-02
1.856851018965244293e-02
-1.012678374536335468e-03
1.652258448302745819e-02
1.130457874387502670e-02
-6.108381785452365875e-03
-8.693216368556022644e-03
-2.562407590448856354e-02
-9.725591167807579041e-03
-6.017327308654785156e-03
-2.721136808395385742e-02
-3.300159052014350891e-02
-6.623075809329748154e-03
-3.101353533565998077e-02
1.258889585733413696e-02
1.406083628535270691e-02
9.624084457755088806e-03
1.879483461380004883e-02
5.676782224327325821e-03
-1.057282742112874985e-02
1.181004010140895844e-02
-8.204553276300430298e-03
-2.833678945899009705e-02
-1.529185567051172256e-02
-2.531274594366550446e-02
-4.425149783492088318e-02
-1.051234919577836990e-02
-3.247714042663574219e-02
-3.420649841427803040e-02
-1.780619099736213684e-02
-3.216128051280975342e-02
-2.711129374802112579e-02
-2.212342247366905212e-02
9.089721366763114929e-03
-9.585286490619182587e-03
-1.701831445097923279e-02
-4.499712493270635605e-03
2.633954165503382683e-03
-7.058964576572179794e-03
-1.626482419669628143e-02
4.400196019560098648e-03
6.123055703938007355e-03
-1.437843893654644489e-03
-1.903855800628662109e-02
9.082593955099582672e-03
6.864625960588455200e-03
-1.458114478737115860e-02
-1.424124557524919510e-02
-2.214496023952960968e-02
-3.782258927822113037e-02
-4.980788566172122955e-03
-3.476047189906239510e-03
-6.576936226338148117e-03
1.297258539125323296e-03
4.454792011529207230e-03
-4.253775347024202347e-03
-1.412018202245235443e-02
-4.298847913742065430e-02
-4.469088464975357056e-02
-8.708127425052225590e-04
2.077518403530120850e-02
6.110218819230794907e-04
-1.757748192176222801e-03
1.134680956602096558e-02
-2.208480425179004669e-02
-1.761559210717678070e-02
-2.093668654561042786e-02
-2.077087759971618652e-02
1.040462497621774673e-02
1.027944311499595642e-02
9.996750392019748688e-03
6.429371424019336700e-03
-2.806308306753635406e-02
-1.283901557326316833e-02
2.200591750442981720e-02
1.358690485358238220e-02
-1.701470278203487396e-02
1.380255259573459625e-02
-2.500117756426334381e-03
-1.404298748821020126e-02
3.700419561937451363e-03
-3.410548204556107521e-03
-1.839504390954971313e-02
-1.098884455859661102e-02
-5.405910778790712357e-03
-1.573738455772399902e-02
-2.185756526887416840e-02
-8.100328966975212097e-03
-3.348710760474205017e-02
-2.666195295751094818e-02
-8.609281852841377258e-03
-4.102524369955062866e-02
-2.661611884832382202e-02
-8.883078582584857941e-03
-3.830152004957199097e-02
-4.598842468112707138e-03
-1.213470473885536194e-02
-1.536523550748825073e-02
2.846969990059733391e-03
-1.308991387486457825e-02
-2.187707647681236267e-02
-1.207956299185752869e-02
-7.992881350219249725e-03
-2.749133668839931488e-02
6.861995905637741089e-03
4.038178548216819763e-02
-1.197472680360078812e-03
-7.632060442119836807e-03
2.059198543429374695e-02
-1.551245059818029404e-02
-3.231340274214744568e-02
-2.338215475901961327e-03
-1.002525351941585541e-02
1.210753247141838074e-02
1.113606616854667664e-02
1.023912616074085236e-02
8.075789548456668854e-03
4.035283811390399933e-03
-1.540853083133697510e-02
-7.684509269893169403e-03
-1.055850088596343994e-02
1.304115285165607929e-03
-3.970410674810409546e-03
5.793380085378885269e-03
2.038402296602725983e-02
-1.287051849067211151e-02
-1.127297896891832352e-02
-1.163442037068307400e-03
-9.983988478779792786e-03
-2.616932801902294159e-02
-1.217421609908342361e-02
-1.024586427956819534e-02
-2.117557078599929810e-02
3.286551916971802711e-03
-5.833618342876434326e-03
-1.222558133304119110e-02
8.873879909515380859e-03
-4.385068081319332123e-03
2.120481338351964951e-03
1.593040116131305695e-02
1.030349638313055038e-02
7.822407409548759460e-03
5.935689434409141541e-03
2.141671068966388702e-02
1.257301680743694305e-02
1.770787127315998077e-02
-1.166573166847229004e-02
-2.192851342260837555e-02
-2.052222006022930145e-02
-9.186433628201484680e-03
4.694274161010980606e-03
-2.445158734917640686e-02
-1.275978609919548035e-02
-4.205596633255481720e-03
-1.393623836338520050e-02
-1.040831580758094788e-02
3.006240120157599449e-03
-1.511099003255367279e-02
1.220269501209259033e-02
8.382635191082954407e-03
-4.717218689620494843e-03
1.719073019921779633e-02
-1.141856331378221512e-02
3.919402137398719788e-03
1.140762702561914921e-03
-7.825016044080257416e-03
-1.019726227968931198e-02
-3.176541626453399658e-02
-2.303582802414894104e-02
-1.258783694356679916e-02
-4.484375193715095520e-02
-3.317892178893089294e-02
-3.069512918591499329e-02
-4.714538156986236572e-02
-3.738846629858016968e-02
-6.532480567693710327e-02
-9.880444966256618500e-03
-1.383630838245153427e-02
-2.154880762100219727e-02
-1.338293123990297318e-02
-8.215675479732453823e-04
7.565505802631378174e-03
2.494544489309191704e-03
7.232300937175750732e-03
2.883129194378852844e-02
3.186528757214546204e-02
2.211303071817383170e-04
2.420855499804019928e-02
6.346438080072402954e-02
4.387857764959335327e-02
6.238145381212234497e-02
1.996709592640399933e-02
-2.798992907628417015e-03
6.821225862950086594e-03
-3.081894293427467346e-02
-6.012658588588237762e-03
3.027019463479518890e-02
1.030157506465911865e-02
2.727019973099231720e-02
7.524773478507995605e-02
1.053509651683270931e-03
2.710147388279438019e-02
2.953019738197326660e-02
2.080571837723255157e-02
2.497664093971252441e-02
2.518453076481819153e-02
4.282409697771072388e-02
3.258386254310607910e-02
5.691577494144439697e-02
1.232568919658660889e-02
4.588283132761716843e-03
2.273809351027011871e-02
3.853400051593780518e-02
4.200928658246994019e-02
2.340762130916118622e-02
-5.239091347903013229e-03
-3.192237345501780510e-03
-1.203566882759332657e-02
2.313272655010223389e-02
8.001773618161678314e-03
1.621497794985771179e-02
-1.027293037623167038e-02
-1.926848851144313812e-02
-2.508921734988689423e-02
-1.456455606967210770e-02
-8.616763167083263397e-03
4.039407707750797272e-03
1.994914934039115906e-02
2.490033209323883057e-02
3.612945228815078735e-02
-1.237810356542468071e-03
-3.218529280275106430e-03
-1.674895361065864563e-02
-3.687406331300735474e-02
-4.213485121726989746e-02
-4.840851947665214539e-02
7.159158587455749512e-02
2.796176075935363770e-02
-9.693061001598834991e-03
1.116799283772706985e-02
2.012378722429275513e-02
-9.354866109788417816e-03
-2.311179414391517639e-02
3.893292159773409367e-04
-1.535246334969997406e-02
-4.224830865859985352e-02
-4.316619783639907837e-02
-5.203078687191009521e-02
-8.481785655021667480e-03
-8.217344060540199280e-03
-1.284384541213512421e-02
-3.533038496971130371e-02
-2.709402143955230713e-02
-4.655434191226959229e-02
-1.691734045743942261e-02
-9.300426580011844635e-03
-1.697625033557415009e-02
-1.236043497920036316e-02
-2.333803847432136536e-02
-1.708196289837360382e-02
-4.213673528283834457e-03
2.489250153303146362e-02
2.771894261240959167e-02
-3.953256085515022278e-02
-2.658752724528312683e-02
-1.294983085244894028e-02
5.970321130007505417e-03
3.424192545935511589e-03
2.264831215143203735e-03
-2.905852533876895905e-02
-1.558820810168981552e-02
-1.882078126072883606e-02
-2.625092305243015289e-02
-4.247691482305526733e-02
-5.597864463925361633e-02
-1.339900679886341095e-02
-2.889102697372436523e-02
-2.883181348443031311e-02
-6.630057934671640396e-03
-1.658445224165916443e-02
-2.297656144946813583e-03
-3.998499363660812378e-02
-3.481866791844367981e-02
-1.431454438716173172e-02
5.020650476217269897e-02
4.591551795601844788e-02
2.716127783060073853e-02
8.933529257774353027e-03
1.548686809837818146e-02
1.817724853754043579e-02
-3.591585159301757812e-02
-1.608547009527683258e-02
-1.815964281558990479e-02
-1.403117552399635315e-03
-1.450246199965476990e-02
1.386534329503774643e-02
-2.672847546637058258e-02
-4.033311083912849426e-02
-1.073195133358240128e-02
-1.624524965882301331e-02
-1.787621155381202698e-02
-7.338384166359901428e-03
-5.191303789615631104e-02
-4.028202220797538757e-02
-6.246167421340942383e-02
-1.385947689414024353e-02
7.894874550402164459e-03
-2.473823027685284615e-03
-1.293818186968564987e-02
2.232375741004943848e-02
3.843471035361289978e-02
-1.186522375792264938e-02
-1.681593805551528931e-02
-2.447946928441524506e-02
5.195087566971778870e-02
5.276922509074211121e-02
5.190091207623481750e-02
-1.524351257830858231e-02
-2.075821161270141602e-02
-1.409138552844524384e-02
1.352573372423648834e-02
3.629300743341445923e-02
4.232275858521461487e-02
-2.580925077199935913e-02
2.694674767553806305e-02
2.040896378457546234e-02
4.531341604888439178e-03
5.164462327957153320e-02
2.737732976675033569e-02
-2.261797711253166199e-02
2.866834867745637894e-03
-9.322219528257846832e-03
-2.194331772625446320e-02
-1.793925464153289795e-02
-4.768519429489970207e-04
-2.684436924755573273e-02
-3.794960677623748779e-02
-1.334427855908870697e-02
3.174199536442756653e-02
-2.493448927998542786e-02
-1.662547886371612549e-02
8.679416961967945099e-03
-5.630147457122802734e-02
-5.709607526659965515e-02
5.221299827098846436e-02
3.578572347760200500e-02
6.928008981049060822e-03
-2.213006280362606049e-02
-3.751252964138984680e-02
-1.816001534461975098e-02
-1.204233849421143532e-03
-7.094239350408315659e-03
-5.086399149149656296e-03
-1.358949393033981323e-02
-7.887200452387332916e-03
1.300689531490206718e-03
9.861808503046631813e-04
8.344172500073909760e-03
-4.913362208753824234e-03
2.085735462605953217e-02
-9.452112950384616852e-03
-8.194093592464923859e-03
2.418779954314231873e-02
-1.538339722901582718e-02
-3.275132179260253906e-02
-2.043972350656986237e-02
-1.437288243323564529e-02
-1.022999640554189682e-02
-4.768884554505348206e-02
-4.509421810507774353e-02
-2.183901891112327576e-02
2.740696631371974945e-02
8.166646584868431091e-03
4.609605297446250916e-03
1.372956484556198120e-02
7.733649574220180511e-03
-1.396009325981140137e-02
2.272552810609340668e-02
2.229776978492736816e-02
3.112317295745015144e-03
2.490470930933952332e-02
4.019899293780326843e-02
8.549627847969532013e-03
-1.338406931608915329e-02
-7.620986551046371460e-03
-1.345418579876422882e-02
-3.339479863643646240e-02
-3.385628759860992432e-02
-2.055408805608749390e-02
-1.447669416666030884e-02
-4.899246618151664734e-02
-3.876996785402297974e-02
-1.428250130265951157e-02
-3.515931591391563416e-02
-7.332972250878810883e-03
2.987771853804588318e-02
3.106333315372467041e-02
5.567008256912231445e-02
6.718927994370460510e-03
1.722300983965396881e-02
2.341989055275917053e-02
6.564420647919178009e-03
2.781420573592185974e-02
3.094203211367130280e-02
3.353182226419448853e-02
6.357254832983016968e-02
3.609819337725639343e-02
-4.268861934542655945e-02
-2.873056195676326752e-02
-3.210369125008583069e-02
-1.199793070554733276e-02
-3.360274480655789375e-03
-8.078642189502716064e-03
-3.467195481061935425e-02
-1.595532335340976715e-02
-3.200503438711166382e-02
-6.144122034311294556e-02
-2.626566961407661438e-02
-2.580562420189380646e-02
-9.910728782415390015e-03
-1.908490061759948730e-02
-2.640591003000736237e-02
-3.623365482781082392e-04
-7.337966002523899078e-03
2.152647264301776886e-02
5.045893415808677673e-02
3.182838484644889832e-02
6.629883497953414917e-02
-4.205330088734626770e-02
-2.278867550194263458e-02
-2.190113067626953125e-02
-1.391217857599258423e-02
-1.238407380878925323e-02
-2.144760265946388245e-02
8.440134115517139435e-03
3.082531038671731949e-03
-5.907940212637186050e-03
1.711765187792479992e-03
2.451595105230808258e-02
4.295045975595712662e-03
9.730466641485691071e-03
3.836902603507041931e-02
3.932710736989974976e-02
-1.405173633247613907e-02
1.960130035877227783e-02
4.329039528965950012e-02
-1.627953909337520599e-02
-2.709360979497432709e-02
-2.108832448720932007e-02
-3.044085949659347534e-02
-2.410722151398658752e-02
-3.563772886991500854e-02
4.915829375386238098e-02
4.275429993867874146e-02
2.432340756058692932e-02
1.540528889745473862e-02
9.888250380754470825e-03
-4.843937698751688004e-03
2.263208292424678802e-02
6.461528129875659943e-03
-2.073156833648681641e-02
5.150531069375574589e-04
1.651152223348617554e-02
-3.284611972048878670e-03
1.968934386968612671e-02
8.931153453886508942e-03
1.313390210270881653e-03
-2.184371463954448700e-02
-3.326293453574180603e-02
-4.441000893712043762e-02
-2.709478512406349182e-02
-3.588157147169113159e-02
-2.388539537787437439e-02
2.314579673111438751e-02
2.563722990453243256e-02
2.648295834660530090e-02
-1.759238913655281067e-02
1.477581169456243515e-02
1.640735194087028503e-02
-3.445702418684959412e-02
5.627346690744161606e-03
2.177540771663188934e-02
-2.722365222871303558e-02
-1.739719882607460022e-02
-9.089867584407329559e-03
-1.717870309948921204e-02
-2.895970642566680908e-02
-1.626815460622310638e-02
1.303042471408843994e-02
7.729197386652231216e-03
-3.293156391009688377e-03
-3.465559333562850952e-02
-6.490605324506759644e-02
-7.461731135845184326e-02
1.860152557492256165e-02
8.597860112786293030e-03
-8.187084458768367767e-03
4.239170625805854797e-02
1.934998482465744019e-02
5.631329957395792007e-03
1.473455224186182022e-02
2.111769840121269226e-02
1.326346024870872498e-02
-1.127645559608936310e-02
-8.871028199791908264e-03
-6.568329874426126480e-03
9.527608752250671387e-03
3.062555752694606781e-02
2.228054776787757874e-02
1.256702234968543053e-04
9.079899638891220093e-03
-2.185258828103542328e-02
1.398798916488885880e-02
1.444642618298530579e-02
-1.153721567243337631e-02
4.330772906541824341e-02
3.681354969739913940e-02
1.772507838904857635e-02
-1.146241929382085800e-02
-4.611665848642587662e-03
-8.218210190534591675e-03
-1.761559396982192993e-03
2.369843190535902977e-03
-1.136256149038672447e-03
1.932948268949985504e-02
3.624381870031356812e-02
4.154020547866821289e-02
-3.310652822256088257e-02
-3.171436488628387451e-02
3.214049793314188719e-04
1.312639005482196808e-02
-3.252359107136726379e-02
-3.996813669800758362e-02
5.530308187007904053e-02
5.718724802136421204e-02
3.856078535318374634e-02
-2.682759054005146027e-02
5.044028628617525101e-03
2.496642246842384338e-02
-3.228693082928657532e-02
-7.821723818778991699e-03
-7.427882403135299683e-03
-2.891284227371215820e-02
-3.770120441913604736e-02
-3.148025646805763245e-02
-1.266400446183979511e-03
6.070957053452730179e-03
1.938687823712825775e-02
1.042321440763771534e-03
1.519395690411329269e-02
5.216893926262855530e-02
-2.102089300751686096e-02
5.979031790047883987e-03
2.671634219586849213e-02
-1.363630173727869987e-03
1.669667288661003113e-02
-4.760622978210449219e-03
-3.167123068124055862e-03
1.234104204922914505e-02
-1.007577776908874512e-02
-3.597465530037879944e-02
-3.528926894068717957e-02
-3.945700451731681824e-02
-1.200788281857967377e-02
-6.998089142143726349e-03
-9.329906664788722992e-03
2.730687614530324936e-03
-4.465000238269567490e-03
1.897697150707244873e-02
-2.939068898558616638e-02
-1.629337109625339508e-02
-2.228313684463500977e-02
-8.340315893292427063e-03
-9.721265174448490143e-03
1.612180285155773163e-02
-3.068003430962562561e-02
-3.520898893475532532e-02
-1.834325119853019714e-02
1.793499849736690521e-02
2.148411609232425690e-02
1.477404218167066574e-02
-3.790402039885520935e-02
-3.461737185716629028e-02
-4.188366979360580444e-02
-2.585904486477375031e-02
-3.110069036483764648e-02
-3.544540330767631531e-02
-6.367941386997699738e-03
1.403024420142173767e-03
2.692675916478037834e-03
3.291076049208641052e-02
1.711358316242694855e-02
-5.869434215128421783e-03
1.432647649198770523e-02
-2.077078819274902344e-02
-2.135387621819972992e-02
1.757247559726238251e-02
-5.860662553459405899e-03
-1.249633356928825378e-02
3.331715241074562073e-02
6.159735098481178284e-02
5.101827904582023621e-02
-5.191047489643096924e-02
-2.408889867365360260e-02
-3.716522827744483948e-02
-1.603659242391586304e-02
-2.792126685380935669e-02
-4.365750774741172791e-02
3.206275030970573425e-02
4.613924399018287659e-02
4.509564861655235291e-02
-1.013619359582662582e-02
1.946828886866569519e-02
1.002231240272521973e-02
-3.718319162726402283e-02
-2.509244717657566071e-02
-4.586840793490409851e-02
-2.513853600248694420e-03
1.352490042336285114e-03
-1.701808907091617584e-02
-1.469663996249437332e-02
-1.704050786793231964e-02
-3.509549051523208618e-02
8.088704198598861694e-03
-1.155647821724414825e-02
4.472034517675638199e-03
-2.380242757499217987e-02
-1.417251303791999817e-02
-2.825664589181542397e-03
-4.369666054844856262e-02
-2.991444244980812073e-02
-3.211311250925064087e-02
2.833702019415795803e-04
2.072418667376041412e-02
1.078775897622108459e-02
1.673888415098190308e-02
-3.915311302989721298e-03
7.112493738532066345e-03
1.838434115052223206e-02
2.514360845088958740e-02
1.608313433825969696e-02
2.096943324431777000e-03
2.099690027534961700e-02
1.397282071411609650e-02
-7.935472531244158745e-04
4.249005019664764404e-02
2.997874468564987183e-02
-2.751090377569198608e-02
-6.307469308376312256e-02
-9.923333302140235901e-03
5.787688773125410080e-03
-1.955344900488853455e-02
1.060114125721156597e-03
1.497312262654304504e-02
-1.346508506685495377e-03
-1.440179720520973206e-02
-2.860537543892860413e-02
-2.622997388243675232e-02
-1.594789884984493256e-02
-1.212340034544467926e-02
-2.928387839347124100e-03
8.307679556310176849e-03
-2.128552645444869995e-02
-2.907978557050228119e-02
-2.556176856160163879e-02
-1.122775208204984665e-02
2.990169636905193329e-02
2.396900206804275513e-02
2.525877580046653748e-02
-5.430646706372499466e-03
9.790241718292236328e-03
-3.450521826744079590e-02
-4.360265284776687622e-02
-4.408867284655570984e-02
-2.422382682561874390e-02
-3.551166132092475891e-02
-1.347941625863313675e-02
-7.428205572068691254e-03
-2.348465658724308014e-02
-4.680697806179523468e-03
-1.913608424365520477e-02
-2.800418995320796967e-02
-6.590462289750576019e-03
-2.200137078762054443e-02
-6.873578298836946487e-03
1.400289870798587799e-02
-2.492688409984111786e-02
6.724624894559383392e-03
5.731839220970869064e-03
-3.256741911172866821e-02
-3.334006667137145996e-02
-3.732400387525558472e-02
-8.687733672559261322e-03
-1.008817460387945175e-02
-1.034642569720745087e-02
2.943143015727400780e-03
9.639061056077480316e-03
1.109652034938335419e-02
2.415676228702068329e-02
1.450065802782773972e-02
-6.284333765506744385e-03
-6.215955596417188644e-03
-4.513817373663187027e-03
-1.300993468612432480e-02
1.308660022914409637e-02
9.904290549457073212e-03
9.167556650936603546e-03
-4.458684474229812622e-02
-1.145998947322368622e-02
-1.475528720766305923e-02
6.681376602500677109e-03
4.722910001873970032e-02
2.749980799853801727e-02
1.215760316699743271e-02
2.915627881884574890e-02
2.252501621842384338e-02
1.344224554486572742e-03
4.167501349002122879e-03
7.872673682868480682e-03
-2.410140261054039001e-02
-2.067951485514640808e-02
1.225265674293041229e-02
1.032721810042858124e-02
-2.205597423017024994e-02
-1.505903527140617371e-02
3.124720975756645203e-02
2.960188873112201691e-02
4.509662277996540070e-03
3.219727426767349243e-02
1.553294062614440918e-02
-1.716046035289764404e-02
6.493220571428537369e-03
-1.382916886359453201e-02
-2.070737630128860474e-02
8.666717261075973511e-02
1.028364002704620361e-01
9.334891289472579956e-02
-2.608680864796042442e-03
2.018114086240530014e-03
1.155617553740739822e-02
-2.578372880816459656e-02
-3.622770309448242188e-02
-3.249461576342582703e-02
2.643790841102600098e-02
-7.477295584976673126e-03
-1.203089766204357147e-02
4.417766816914081573e-03
-1.219936367124319077e-02
5.574783310294151306e-03
-3.887899219989776611e-02
-6.029046699404716492e-02
-3.262255340814590454e-02
-1.584363542497158051e-02
-1.582055166363716125e-02
1.152101438492536545e-03
-1.712867990136146545e-02
1.873977109789848328e-02
3.338349051773548126e-03
-2.484776079654693604e-02
1.774290949106216431e-02
-4.893561359494924545e-03
-6.758445408195257187e-03
1.353642321191728115e-03
5.412469152361154556e-03
-2.639413811266422272e-02
-2.262128330767154694e-02
-2.150480076670646667e-02
-6.398796290159225464e-02
-2.488645911216735840e-02
-2.971590310335159302e-02
-5.122424103319644928e-03
1.739348284900188446e-02
4.000694677233695984e-02
-1.290448562940582633e-04
3.227594122290611267e-02
3.131554648280143738e-02
-3.436815692111849785e-03
2.171461470425128937e-02
2.325546741485595703e-02
2.181969583034515381e-02
-4.092629533261060715e-03
-3.823225200176239014e-02
-1.190276164561510086e-02
-3.051273338496685028e-02
-2.520431764423847198e-02
-2.274654991924762726e-02
3.028172533959150314e-03
7.502802647650241852e-03
-8.712223730981349945e-03
2.225169353187084198e-02
3.184026479721069336e-02
3.902960941195487976e-02
4.301558062434196472e-02
2.792749740183353424e-02
5.339154973626136780e-02
1.702816225588321686e-02
-2.980260550975799561e-02
1.232028845697641373e-02
8.573640137910842896e-03
4.736327100545167923e-03
-7.533852476626634598e-03
-1.174087449908256531e-02
-2.467950247228145599e-02
-6.121104955673217773e-02
-5.071907490491867065e-02
-5.473956093192100525e-02
-7.362306118011474609e-02
-2.665257826447486877e-02
7.457489147782325745e-03
-7.849368453025817871e-02
-4.544541239738464355e-02
-1.717190630733966827e-02
-4.673115164041519165e-02
-3.204173594713211060e-02
-4.024049267172813416e-02
-2.105904556810855865e-02
1.183096691966056824e-02
-2.286815084517002106e-02
-5.248595029115676880e-02
-1.175506878644227982e-02
-2.033712808042764664e-03
1.577604562044143677e-02
4.207478370517492294e-03
2.100896462798118591e-02
4.418025491759181023e-04
-2.900500595569610596e-02
-3.606989746913313866e-03
5.517909768968820572e-03
-3.660005331039428711e-02
-9.101834148168563843e-03
-4.772803559899330139e-02
-3.486826643347740173e-02
4.264384508132934570e-02
2.777378074824810028e-02
1.827937550842761993e-02
3.556774556636810303e-02
5.028189159929752350e-03
1.065552979707717896e-02
3.611041756812483072e-04
-1.385532785207033157e-02
7.137084845453500748e-03
3.689465811476111412e-03
-1.310412958264350891e-02
1.428173109889030457e-02
-1.486215554177761078e-02
-3.366402536630630493e-02
3.055492881685495377e-03
-5.502672120928764343e-02
-4.088363423943519592e-02
-3.026065044105052948e-02
-5.137767270207405090e-02
-3.374494239687919617e-02
-4.982138052582740784e-03
1.820277073420584202e-03
-8.263630792498588562e-03
1.829612255096435547e-02
2.250609360635280609e-02
5.117119848728179932e-02
7.435929775238037109e-02
7.546743378043174744e-03
-2.150901965796947479e-02
-2.798231318593025208e-02
1.854595961049199104e-03
1.087084505707025528e-02
-1.619846001267433167e-02
4.426270723342895508e-03
-5.602440331131219864e-03
-1.145876478403806686e-02
8.684836328029632568e-03
-1.510491501539945602e-02
-2.957928366959095001e-02
-3.206201642751693726e-02
2.940126694738864899e-03
-1.722483523190021515e-02
-2.033026888966560364e-02
3.411291912198066711e-02
6.137004238553345203e-04
-6.065346300601959229e-03
3.457491751760244370e-03
-2.011983282864093781e-02
-2.907492220401763916e-03
-1.619346626102924347e-02
-3.344166651368141174e-02
-2.087234146893024445e-02
-3.126752749085426331e-02
3.014324000105261803e-03
3.914831951260566711e-02
-1.548311766237020493e-02
1.696330867707729340e-02
1.035461109131574631e-02
3.108554333448410034e-02
4.192630574107170105e-02
4.298400133848190308e-02
5.963292717933654785e-02
8.716433309018611908e-03
2.336604706943035126e-02
-3.011766076087951660e-02
-1.596559211611747742e-02
-2.628023922443389893e-02
-2.339080721139907837e-02
-3.658608347177505493e-02
-2.910106256604194641e-02
-2.448939904570579529e-02
-6.009733304381370544e-02
-3.746383264660835266e-02
-1.991973258554935455e-03
3.173506259918212891e-02
2.874486893415451050e-02
2.936444059014320374e-02
5.423058569431304932e-02
3.730194643139839172e-02
-1.515746489167213440e-02
-1.175250578671693802e-02
6.032085977494716644e-03
-3.534268820658326149e-03
-1.488166302442550659e-02
8.224596269428730011e-03
-2.041370421648025513e-02
-6.388182751834392548e-03
2.083385130390524864e-03
5.357711110264062881e-03
4.315687343478202820e-02
5.392930656671524048e-02
1.263725608587265015e-01
6.524995714426040649e-02
7.096959650516510010e-02
2.776590175926685333e-02
-8.731032721698284149e-03
1.158433128148317337e-02
-5.731714516878128052e-02
-3.187529742717742920e-02
-1.002977602183818817e-02
-4.223835095763206482e-02
-5.705249309539794922e-02
-5.753713846206665039e-02
-8.950552903115749359e-03
-2.575488016009330750e-02
-4.768315702676773071e-02
-4.403565078973770142e-03
9.798984043300151825e-03
-2.660832554101943970e-02
7.486658543348312378e-02
5.650174338370561600e-03
-3.256020694971084595e-02
2.419281005859375000e-02
-1.014309097081422806e-02
-2.181280404329299927e-02
3.907471150159835815e-02
-1.014852151274681091e-02
-2.499265037477016449e-02
1.387841347604990005e-02
-1.751890219748020172e-02
9.647765196859836578e-03
-2.891152165830135345e-02
-2.871095947921276093e-02
1.932989060878753662e-02
-1.946786046028137207e-02
-1.524432003498077393e-02
3.771672025322914124e-02
8.336441591382026672e-03
-2.784986793994903564e-02
-1.216000528074800968e-03
2.538315765559673309e-02
-1.823525875806808472e-02
-2.375150844454765320e-02
1.059755310416221619e-02
5.330559797585010529e-03
1.020290236920118332e-02
2.080381475389003754e-02
1.207855064421892166e-02
6.110820453613996506e-03
1.208612136542797089e-02
-3.336009103804826736e-03
-1.966608129441738129e-02
-3.281521052122116089e-02
-2.452685497701168060e-02
-9.023923426866531372e-03
5.089791491627693176e-02
2.421749196946620941e-02
2.422604896128177643e-02
-2.613222785294055939e-02
-1.853001303970813751e-02
2.910680882632732391e-02
-2.364322543144226074e-02
-2.445519343018531799e-02
5.295330192893743515e-03
1.818641275167465210e-02
-2.770655089989304543e-03
-6.400817073881626129e-05
3.631338104605674744e-02
-5.990058183670043945e-03
-2.193723618984222412e-02
6.901232898235321045e-02
2.284622937440872192e-02
3.098659915849566460e-03
1.190778892487287521e-02
-1.278356276452541351e-02
-1.531291287392377853e-03
-6.085510551929473877e-02
-4.613056033849716187e-02
-1.755854347720742226e-03
-6.551638990640640259e-02
-3.338536992669105530e-02
2.243652939796447754e-02
-1.141564082354307175e-02
-1.492159254848957062e-02
-1.997873559594154358e-02
-2.475382573902606964e-02
-4.466596990823745728e-03
2.009099908173084259e-02
-2.141642617061734200e-03
2.277067117393016815e-02
4.269611835479736328e-02
8.741738647222518921e-02
6.766848266124725342e-02
2.622544392943382263e-02
3.307367116212844849e-02
7.056172471493482590e-03
1.285367831587791443e-02
3.307372797280550003e-03
1.021325588226318359e-02
3.125372529029846191e-02
-3.439406678080558777e-02
-2.041472680866718292e-02
-1.809614524245262146e-02
-3.428363054990768433e-02
-4.935673996806144714e-02
-5.645656585693359375e-02
-3.121617250144481659e-02
-3.056962415575981140e-02
-3.143056482076644897e-02
4.423019662499427795e-02
1.437946502119302750e-02
4.945449065417051315e-03
6.472449749708175659e-02
-2.663155319169163704e-03
-3.807627782225608826e-02
5.300071090459823608e-02
-1.748868264257907867e-02
-2.263768389821052551e-02
1.705455221235752106e-02
1.440730970352888107e-02
3.092220239341259003e-02
1.769953221082687378e-02
2.292868215590715408e-03
-1.608931832015514374e-02
-4.132610559463500977e-02
-1.411269698292016983e-02
-2.808966906741261482e-03
-7.463810965418815613e-03
-6.543543655425310135e-03
-5.182963982224464417e-02
1.946699433028697968e-02
3.127666423097252846e-03
-1.875304430723190308e-02
-6.521846633404493332e-03
-1.979822292923927307e-02
-2.723243832588195801e-02
1.192782260477542877e-02
1.319431606680154800e-02
-1.619322225451469421e-02
1.186437997967004776e-02
-1.445492822676897049e-02
-1.758402399718761444e-02
-1.050851866602897644e-02
-2.353889495134353638e-02
-8.815242908895015717e-03
-2.771202288568019867e-02
-4.704628512263298035e-02
-1.823629625141620636e-02
-4.985823482275009155e-02
-2.641621418297290802e-02
8.800674229860305786e-03
-6.746759265661239624e-02
-2.837409079074859619e-02
2.872317330911755562e-03
-1.638525910675525665e-02
3.648911416530609131e-02
3.891374170780181885e-02
-1.860562153160572052e-02
4.935588687658309937e-03
-5.169102456420660019e-03
3.979933448135852814e-03
-2.272257022559642792e-02
-3.375370055437088013e-02
1.747844181954860687e-02
4.146641120314598083e-03
5.265444982796907425e-03
1.489318162202835083e-02
-1.746801659464836121e-02
2.129979617893695831e-02
-2.673539565876126289e-03
6.750207976438105106e-04
5.507992208003997803e-02
7.726871222257614136e-02
3.528249263763427734e-02
4.017962887883186340e-02
3.339337930083274841e-02
4.193418473005294800e-02
2.080065011978149414e-02
-2.418318763375282288e-02
-1.915951259434223175e-02
-2.958382107317447662e-02
1.335937436670064926e-02
8.953895419836044312e-03
1.552659645676612854e-02
4.135899990797042847e-02
3.064647689461708069e-02
2.783909998834133148e-02
1.527429930865764618e-02
-3.065669164061546326e-02
-1.556082814931869507e-02
-7.195999380201101303e-03
2.748426795005798340e-02
2.600896172225475311e-03
-1.427711267024278641e-02
-2.594730816781520844e-03
-1.562783867120742798e-02
3.785015642642974854e-02
4.982968792319297791e-03
-4.108358547091484070e-02
-9.238803759217262268e-03
-3.201632574200630188e-02
-2.992204623296856880e-03
-4.723258689045906067e-02
-3.092789091169834137e-02
-2.117089461535215378e-03
-2.028644271194934845e-02
-5.351618397980928421e-03
-1.027367450296878815e-02
4.753560759127140045e-03
1.508389133960008621e-02
1.568567380309104919e-02
-1.964270696043968201e-02
2.646391279995441437e-02
2.041923254728317261e-02
-3.098433464765548706e-02
3.645981475710868835e-02
3.488251939415931702e-02
-3.182636201381683350e-02
-6.660476326942443848e-02
-2.163334563374519348e-02
-5.369675904512405396e-02
-8.142576366662979126e-02
-1.726964116096496582e-02
-4.533226788043975830e-02
-3.880512341856956482e-02
4.437078256160020828e-03
1.454483345150947571e-02
3.030046261847019196e-02
6.038692221045494080e-02
2.309151180088520050e-02
5.291286483407020569e-02
5.088876560330390930e-02
-2.786919102072715759e-02
-7.073649321682751179e-04
-1.013794541358947754e-02
-3.212043642997741699e-02
-1.690942980349063873e-02
-2.530137449502944946e-02
-2.341953851282596588e-02
-1.443487126380205154e-02
-2.164088189601898193e-02
1.668908633291721344e-02
3.592035174369812012e-02
1.194821204990148544e-03
-1.845267973840236664e-02
-3.472246974706649780e-02
-2.566266991198062897e-02
3.365861997008323669e-02
-7.450533099472522736e-03
-5.156778264790773392e-03
2.560490742325782776e-02
-1.550562883494421840e-04
2.216004999354481697e-03
-3.054597787559032440e-02
-2.761622518301010132e-02
3.750008530914783478e-03
-4.734447970986366272e-02
-3.232515230774879456e-02
-1.074587926268577576e-02
1.726825535297393799e-02
1.157465067080920562e-05
-1.440398860722780228e-02
3.786609321832656860e-02
3.265985473990440369e-02
2.417310886085033417e-02
8.136036805808544159e-03
-9.275552816689014435e-03
-2.827583067119121552e-02
-5.641441047191619873e-02
-3.902357816696166992e-02
-2.509921602904796600e-02
-4.091136157512664795e-03
-1.621203497052192688e-02
2.672518044710159302e-02
-3.027518093585968018e-02
-1.261273957788944244e-02
3.034750930964946747e-02
-2.287536486983299255e-02
-3.031868673861026764e-02
1.053408905863761902e-02
-5.122761428356170654e-02
-4.293880984187126160e-02
-1.551727484911680222e-02
-4.543125629425048828e-02
-2.582871355116367340e-02
6.866899784654378891e-04
2.387203648686408997e-02
5.400785058736801147e-02
5.406656488776206970e-02
1.824477687478065491e-02
3.037833375856280327e-03
1.062071789056062698e-02
4.474258795380592346e-02
-7.769387215375900269e-03
-2.472738735377788544e-02
1.846189051866531372e-02
1.679424382746219635e-02
-2.089604968205094337e-03
-9.898000955581665039e-02
-8.004997670650482178e-02
-4.887661710381507874e-02
-6.286371499300003052e-02
-5.982231348752975464e-02
-6.054500862956047058e-02
1.364873023703694344e-03
-1.597564294934272766e-02
-2.539449743926525116e-02
-2.654210291802883148e-02
-3.746134694665670395e-03
2.690980769693851471e-02
-3.620379790663719177e-02
-1.983639970421791077e-02
-3.909687802661210299e-04
1.188597455620765686e-02
3.324852511286735535e-02
2.234607189893722534e-02
4.483263939619064331e-02
2.033829875290393829e-02
4.045692831277847290e-02
-1.115328073501586914e-02
4.905005451291799545e-03
-5.555047187954187393e-03
-4.263963922858238220e-02
-2.740453369915485382e-02
-4.271012544631958008e-02
1.612944528460502625e-02
-1.315659750252962112e-02
-2.251460030674934387e-02
2.397781983017921448e-02
-8.215005509555339813e-03
-4.988431558012962341e-02
-4.065307974815368652e-02
-4.710640758275985718e-02
-2.226966992020606995e-02
3.597914054989814758e-02
4.876193776726722717e-02
5.290949717164039612e-03
1.273414492607116699e-02
1.392838638275861740e-02
8.465133607387542725e-03
3.987609670730307698e-05
1.468843407928943634e-02
5.046770349144935608e-02
-2.349081449210643768e-02
-2.390257082879543304e-02
-6.065367255359888077e-03
-5.962602328509092331e-03
-2.711907774209976196e-02
-2.810776606202125549e-02
-2.220488619059324265e-03
-3.379377722740173340e-02
-1.706773228943347931e-02
-9.505002759397029877e-03
-2.745777927339076996e-02
-6.195827387273311615e-03
-3.804011968895792961e-03
-2.398491464555263519e-02
-2.223215624690055847e-02
-3.016081452369689941e-02
-2.232332341372966766e-02
-1.628440059721469879e-02
1.722690463066101074e-02
3.292927145957946777e-02
-1.778142177499830723e-03
-3.271875903010368347e-03
-1.888581737875938416e-02
-4.035237431526184082e-02
-8.565207011997699738e-03
-1.808093301951885223e-02
-3.088225983083248138e-02
-4.780970513820648193e-02
2.648916095495223999e-03
-2.921306295320391655e-03
-2.366507239639759064e-02
-1.103871408849954605e-02
-3.630685806274414062e-02
2.743920497596263885e-02
-1.637039892375469208e-02
-4.759053140878677368e-02
-7.149199396371841431e-02
-3.479875251650810242e-02
1.270447764545679092e-02
-1.049569174647331238e-01
-6.486126780509948730e-02
-1.929295365698635578e-03
-6.371914595365524292e-02
-9.901123121380805969e-03
2.467258088290691376e-02
-1.070537045598030090e-02
-3.095508087426424026e-03
1.494368910789489746e-02
-1.087938994169235229e-02
3.573959926143288612e-03
-4.227780445944517851e-04
-2.663819678127765656e-02
-2.125214971601963043e-02
-1.853618212044239044e-02
2.654226310551166534e-02
2.412841841578483582e-02
-2.576273982413113117e-04
-1.633686944842338562e-03
-1.488870824687182903e-03
-1.770935766398906708e-02
5.841664969921112061e-03
-3.994307480752468109e-03
-1.766619458794593811e-02
-2.382985781878232956e-03
7.697495631873607635e-03
5.883098114281892776e-03
-1.687170378863811493e-02
-8.313151076436042786e-03
3.353345906361937523e-03
-1.695751585066318512e-02
-2.844102680683135986e-02
-1.530476100742816925e-02
-1.453766971826553345e-02
-1.005295850336551666e-02
-1.163247320801019669e-02
6.388794165104627609e-03
-3.778152912855148315e-02
-3.078429400920867920e-02
1.479729264974594116e-02
-1.930881664156913757e-02
-1.427220366895198822e-02
3.578437864780426025e-02
-3.207185864448547363e-02
-3.112060390412807465e-02
2.504863776266574860e-02
-2.347896061837673187e-02
-3.470674529671669006e-02
6.787995249032974243e-02
2.378541044890880585e-02
1.583119295537471771e-02
1.375134382396936417e-02
7.295514456927776337e-03
-2.348619326949119568e-02
-1.023261249065399170e-02
-1.948636770248413086e-02
-4.197424277663230896e-02
-2.367923781275749207e-02
-2.996994182467460632e-02
-5.444731935858726501e-02
3.264807537198066711e-02
1.421235967427492142e-02
-7.031334564089775085e-03
-5.606668535619974136e-03
-1.350478362292051315e-02
-3.665959835052490234e-02
1.145519595593214035e-02
4.731079097837209702e-03
-9.098578244447708130e-03
-1.021886430680751801e-02
1.235985476523637772e-02
-1.472496334463357925e-02
-1.515391003340482712e-02
1.316307019442319870e-02
-2.370622940361499786e-02
1.098869554698467255e-02
4.048442468047142029e-03
-2.940121851861476898e-02
1.224497519433498383e-02
3.156141145154833794e-03
-9.815844241529703140e-04
-3.897369652986526489e-02
-4.158505424857139587e-02
-3.987712785601615906e-02
-4.554046783596277237e-03
5.840546800754964352e-04
8.850649464875459671e-04
-1.329026557505130768e-02
6.602850276976823807e-03
6.232189945876598358e-03
-1.319912541657686234e-02
1.608661748468875885e-02
7.993669249117374420e-03
2.177583053708076477e-02
4.772491380572319031e-02
4.395412653684616089e-02
-3.289692476391792297e-02
-9.475385770201683044e-03
1.589377224445343018e-02
-4.292622208595275879e-02
-7.241434417665004730e-03
5.871023051440715790e-03
-9.033209830522537231e-02
-5.884042754769325256e-02
-4.617642983794212341e-02
-5.918070208281278610e-03
-2.682883525267243385e-03
-1.062329486012458801e-02
2.649398287758231163e-03
-1.532916096039116383e-03
2.110923669533804059e-04
-2.604467049241065979e-02
-1.424725726246833801e-02
-3.736005746759474277e-04
-4.502317681908607483e-02
3.652727929875254631e-03
-2.427150961011648178e-03
-3.077420964837074280e-02
-1.160234585404396057e-02
4.245844902470707893e-04
-6.448024418205022812e-03
1.305416226387023926e-02
2.409648895263671875e-02
-4.393938928842544556e-02
-1.513504702597856522e-02
-3.508429229259490967e-02
-3.023039922118186951e-02
-1.153937075287103653e-02
-2.780668996274471283e-02
-4.384296387434005737e-02
-2.044967189431190491e-02
-2.121853828430175781e-02
1.761112734675407410e-02
1.006690785288810730e-02
-5.130089353770017624e-03
-7.407262455672025681e-03
-1.800345070660114288e-02
-1.936883106827735901e-02
-1.971874758601188660e-02
-2.458727359771728516e-02
-8.982703089714050293e-03
-2.380016632378101349e-02
-1.236052997410297394e-02
2.643824554979801178e-03
-9.697137400507926941e-03
1.401679590344429016e-03
1.120825298130512238e-02
-1.777147315442562103e-02
-9.927313774824142456e-03
1.376666780561208725e-02
-4.011273384094238281e-02
-3.763368353247642517e-02
-1.777778938412666321e-02
-1.750374957919120789e-02
-1.363092660903930664e-02
-1.219427026808261871e-02
-2.964465180411934853e-03
1.209265086799860001e-03
-1.000301074236631393e-02
-1.943504065275192261e-02
-2.561028813943266869e-04
-1.202659122645854950e-02
-2.483451552689075470e-02
5.514207878150045872e-04
-2.975724171847105026e-03
-5.028267577290534973e-02
-2.646285109221935272e-02
-3.016246855258941650e-02
2.060350775718688965e-02
1.048483327031135559e-02
5.419292487204074860e-03
1.249303761869668961e-02
2.521346788853406906e-03
-7.407699245959520340e-03
7.080005016177892685e-03
-4.209025297313928604e-03
-9.698725305497646332e-03
-3.030106658115983009e-03
-6.090406328439712524e-03
-1.252161618322134018e-02
1.791808567941188812e-02
1.180495019070804119e-03
-1.957966387271881104e-02
4.511221125721931458e-02
3.193424642086029053e-02
1.466922555118799210e-02
2.950041554868221283e-02
3.509041666984558105e-02
4.298029094934463501e-02
1.550013013184070587e-02
7.806982845067977905e-03
3.934047743678092957e-02
4.981375299394130707e-03
-8.940633386373519897e-03
1.487244851887226105e-02
-1.612667180597782135e-02
-3.349891677498817444e-02
-5.184501409530639648e-02
-7.811216171830892563e-03
-2.641503512859344482e-02
-4.971093684434890747e-02
-2.457604184746742249e-02
-2.554065361618995667e-02
-2.675614133477210999e-02
-2.890199236571788788e-02
-2.384941279888153076e-02
-2.917777560651302338e-02
-1.245706994086503983e-02
-6.706466898322105408e-03
-4.137733951210975647e-03
-2.484996616840362549e-02
-2.343895286321640015e-02
-2.330414392054080963e-02
3.007611259818077087e-02
1.994845271110534668e-02
1.175085548311471939e-03
1.843736693263053894e-02
-3.415890038013458252e-03
-1.378132402896881104e-02
3.891529748216271400e-03
-9.650857187807559967e-03
-2.147715725004673004e-02
-2.604031004011631012e-02
-2.904307842254638672e-02
-1.755921542644500732e-02
-1.332247070968151093e-02
-1.181459799408912659e-02
-1.588830607943236828e-03
2.410626411437988281e-02
6.698688026517629623e-03
1.030941028147935867e-02
-7.227274589240550995e-03
-2.064328640699386597e-02
3.630967810750007629e-02
7.856245501898229122e-04
-1.625860482454299927e-02
-5.167032126337289810e-03
1.688307709991931915e-02
4.747847560793161392e-03
-1.425537001341581345e-02
4.010683856904506683e-03
-9.666679543443024158e-04
2.163491770625114441e-02
7.812143303453922272e-03
-1.110588200390338898e-02
-5.286442115902900696e-03
6.497130729258060455e-03
-2.676940895617008209e-02
-1.672559976577758789e-02
-5.041266232728958130e-02
-7.431592326611280441e-03
-1.058528572320938110e-02
-4.586799442768096924e-02
-1.639006845653057098e-02
-2.745977602899074554e-02
-5.142173543572425842e-02
-4.382438585162162781e-02
-4.894628003239631653e-02
-2.166081964969635010e-02
-1.961752772331237793e-02
-2.633493766188621521e-02
-1.751540973782539368e-02
-1.317504420876502991e-02
-3.477599844336509705e-02
-3.968723118305206299e-03
-2.466127043589949608e-03
-1.332824304699897766e-02
-1.878599449992179871e-02
-2.582100918516516685e-03
-5.806434899568557739e-03
-3.709204029291868210e-03
7.763873320072889328e-03
-6.162727717310190201e-03
1.619338057935237885e-02
1.074917986989021301e-02
-4.743202123790979385e-03
-8.295720443129539490e-03
-1.283766794949769974e-02
-6.436642725020647049e-04
2.116702497005462646e-02
9.113484993577003479e-04
4.762650001794099808e-03
1.469566673040390015e-02
-2.777889370918273926e-02
-1.414725463837385178e-02
-1.543477084487676620e-02
-1.638231799006462097e-03
-1.707219704985618591e-02
-1.326094567775726318e-02
-1.616986468434333801e-02
-2.818018384277820587e-02
-4.046208411455154419e-02
-2.917212806642055511e-02
-2.884850651025772095e-02
-5.105964466929435730e-02
-2.247678674757480621e-02
5.117072258144617081e-03
-2.353626303374767303e-02
4.902096930891275406e-03
2.074315398931503296e-02
-1.799421384930610657e-02
-2.234145940747112036e-04
2.685743011534214020e-02
-2.561414986848831177e-02
-1.115221157670021057e-02
-2.030577324330806732e-02
-4.327652975916862488e-02
-2.798346057534217834e-02
-3.216760605573654175e-02
-6.847940385341644287e-02
-3.836194798350334167e-02
-5.023553967475891113e-02
-3.504385799169540405e-02
-1.372203230857849121e-02
-5.799318198114633560e-03
-2.621276862919330597e-02
6.584255956113338470e-03
9.535652934573590755e-04
-1.403889432549476624e-02
1.487710140645503998e-02
1.335629634559154510e-02
-7.257091347128152847e-03
-1.058123074471950531e-02
-1.092943083494901657e-02
-1.234611845575273037e-03
-3.053299951716326177e-05
-1.149817463010549545e-02
-2.417731471359729767e-02
-1.027656998485326767e-02
-1.927282474935054779e-02
1.001998595893383026e-02
2.826646529138088226e-02
6.843298324383795261e-04
7.122287643142044544e-04
3.829613327980041504e-02
2.720460854470729828e-02
2.595463581383228302e-02
2.653233706951141357e-02
6.885084323585033417e-03
4.573590680956840515e-02
8.998847566545009613e-03
1.041381899267435074e-02
-1.701239612884819508e-03
-5.907645449042320251e-02
-6.525174528360366821e-02
2.390358038246631622e-02
-4.816672205924987793e-02
-5.001615360379219055e-02
5.363078787922859192e-03
1.096864510327577591e-02
-2.087115123867988586e-02
1.180126238614320755e-02
2.222445420920848846e-02
-9.275405900552868843e-04
-5.949118174612522125e-03
-6.462838035076856613e-03
-4.276593029499053955e-02
-3.859482705593109131e-02
1.585220918059349060e-02
3.581536561250686646e-02
-4.567714408040046692e-02
1.643733493983745575e-02
2.332842908799648285e-02
-6.199943646788597107e-02
-1.696348749101161957e-02
-1.680256985127925873e-02
2.129524247720837593e-03
3.732705116271972656e-02
1.984644494950771332e-02
2.307516708970069885e-02
3.636953234672546387e-02
-6.001370493322610855e-03
-1.845838618464767933e-03
-2.779827220365405083e-03
-1.209646277129650116e-02
4.646292701363563538e-02
8.476202376186847687e-03
-4.141228739172220230e-03
3.153570368885993958e-02
2.514086291193962097e-02
2.927769720554351807e-02
-2.211846970021724701e-02
-2.408969961106777191e-02
-1.747990399599075317e-02
-3.309382498264312744e-02
-2.807287685573101044e-02
-2.394641749560832977e-02
-3.564639016985893250e-02
-2.133140526711940765e-02
5.771197844296693802e-03
-4.093870520591735840e-02
-1.307869330048561096e-02
5.222593434154987335e-03
2.228025905787944794e-02
2.636576257646083832e-02
4.756896290928125381e-03
1.442738343030214310e-02
1.851839013397693634e-02
1.062070578336715698e-02
1.279389951378107071e-03
1.187817752361297607e-02
9.901360608637332916e-04
-4.565385356545448303e-02
-2.057684212923049927e-02
-2.739166654646396637e-02
-5.181061103940010071e-02
-2.002563886344432831e-02
-3.050054982304573059e-02
-7.187897711992263794e-02
-3.660847619175910950e-02
-3.629806265234947205e-02
-2.855705097317695618e-03
5.001649726182222366e-03
1.865256018936634064e-02
-1.872646994888782501e-02
-3.719176352024078369e-02
-1.841004379093647003e-02
-1.525586191564798355e-02
-3.482677415013313293e-02
-3.101775608956813812e-02
1.030135317705571651e-03
8.023540489375591278e-03
8.720750920474529266e-03
3.881915938109159470e-03
-2.485264465212821960e-02
-4.555813595652580261e-02
-1.823114044964313507e-02
-4.977391660213470459e-02
-5.171714723110198975e-02
-1.553045306354761124e-02
-4.397471994161605835e-02
-4.115819558501243591e-02
-4.868604242801666260e-03
4.662141203880310059e-03
-1.409937348216772079e-02
-1.304048020392656326e-02
2.891726046800613403e-02
2.776178717613220215e-02
-6.136941723525524139e-03
-1.093314215540885925e-02
-2.134258858859539032e-02
1.241198182106018066e-02
1.504895556718111038e-02
-1.318128593266010284e-02
2.174194902181625366e-02
3.113535791635513306e-02
-1.055009849369525909e-02
-1.241138018667697906e-02
-6.022569257766008377e-03
1.550324261188507080e-02
-8.688265457749366760e-03
-1.994475536048412323e-02
1.820671185851097107e-02
-3.045646101236343384e-02
-2.250432968139648438e-02
1.409073639661073685e-02
2.274584770202636719e-02
-1.728060655295848846e-02
-5.305724684149026871e-03
7.102186325937509537e-03
-9.102337993681430817e-03
-1.952476613223552704e-02
7.805417757481336594e-03
2.752729225903749466e-03
-7.974572479724884033e-03
5.145929753780364990e-03
-1.280239224433898926e-02
1.232114620506763458e-03
9.256034158170223236e-03
2.264861017465591431e-03
1.140652876347303391e-02
-1.856264844536781311e-02
-1.185663137584924698e-02
5.211476236581802368e-03
-2.546332590281963348e-02
-7.170464843511581421e-03
2.493463270366191864e-02
-1.847422309219837189e-02
-3.820625133812427521e-03
3.120184689760208130e-02
-2.714078873395919800e-02
-8.471007458865642548e-03
2.533377707004547119e-02
8.233519271016120911e-03
1.103523280471563339e-02
1.130460854619741440e-02
-1.377863925881683826e-03
-2.335432916879653931e-02
-2.296407893300056458e-02
-1.380120310932397842e-02
-4.394512996077537537e-02
-4.629311338067054749e-02
-5.137380585074424744e-02
7.682714611291885376e-03
-1.063145045191049576e-02
-7.987419515848159790e-02
-2.254422008991241455e-02
-2.507712878286838531e-02
-7.742145657539367676e-02
-2.637392282485961914e-02
-1.882796548306941986e-02
-4.215530585497617722e-03
2.842724882066249847e-02
5.034780129790306091e-02
1.396393030881881714e-02
1.605403795838356018e-02
2.539528906345367432e-02
2.147689089179039001e-02
2.452368289232254028e-02
1.928887516260147095e-02
4.799863323569297791e-02
1.472296845167875290e-02
1.207565143704414368e-02
1.389572490006685257e-02
-3.932534903287887573e-02
-3.513526171445846558e-02
2.306473627686500549e-02
-2.171887271106243134e-02
-1.377658732235431671e-02
-3.248977300245314837e-04
-2.783056348562240601e-03
-1.721748709678649902e-02
7.979424670338630676e-03
1.130649633705615997e-02
-1.398216560482978821e-02
-8.761532604694366455e-03
1.086503849364817142e-03
-2.665817365050315857e-02
-1.173913851380348206e-02
-2.247422747313976288e-02
9.496424347162246704e-03
9.232083684764802456e-04
-3.315662732347846031e-03
2.016263827681541443e-02
1.277409377507865429e-03
4.900985397398471832e-03
1.763447746634483337e-02
2.854759059846401215e-02
1.672281697392463684e-02
1.162183471024036407e-02
2.519000880420207977e-02
-1.383892726153135300e-02
-9.421643917448818684e-04
1.316298916935920715e-02
1.169731467962265015e-02
8.211776614189147949e-03
1.541304634883999825e-03
-7.458024192601442337e-03
2.845328766852617264e-03
-9.046887047588825226e-03
-1.018316298723220825e-02
3.372928360477089882e-03
-3.179122135043144226e-02
-2.303871884942054749e-02
-6.786674261093139648e-03
2.892936812713742256e-03
2.577727474272251129e-02
3.689477220177650452e-02
-2.919149771332740784e-02
4.290419630706310272e-03
7.243114989250898361e-03
-3.165029361844062805e-02
-2.076861448585987091e-03
-7.262887666001915932e-04
-4.026407375931739807e-02
-3.034510090947151184e-02
-4.804300609976053238e-03
-2.392217703163623810e-02
-2.226061001420021057e-02
-1.711391843855381012e-03
-3.106281161308288574e-02
-3.512829914689064026e-02
-2.502708137035369873e-02
-1.189513877034187317e-02
-3.441033884882926941e-02
-2.347835339605808258e-02
-4.638884216547012329e-02
-4.733281955122947693e-02
-2.113526687026023865e-02
-5.212708562612533569e-02
-3.055325523018836975e-02
1.778208184987306595e-03
-2.371012233197689056e-02
-2.194725908339023590e-03
-7.235174532979726791e-03
-2.030239067971706390e-02
-6.959978025406599045e-03
-6.605125032365322113e-03
3.196664154529571533e-03
2.123912423849105835e-02
-5.275030620396137238e-03
-4.057269834447652102e-04
-3.334081918001174927e-02
-3.084129840135574341e-02
-1.289424579590559006e-02
-3.819663822650909424e-02
-5.204630643129348755e-02
4.561520740389823914e-02
-7.029639091342687607e-03
-3.286409750580787659e-02
-1.069355662912130356e-02
-1.542436052113771439e-02
-1.792931556701660156e-02
2.025693841278553009e-02
1.854854635894298553e-02
2.188452146947383881e-02
2.696612104773521423e-02
-9.469506912864744663e-04
7.637187954969704151e-04
-2.129519730806350708e-02
-2.296094410121440887e-02
-1.959246024489402771e-02
-8.404830470681190491e-03
-8.514899760484695435e-03
-1.066540367901325226e-02
-1.030319742858409882e-02
4.215577617287635803e-03
1.257161982357501984e-02
-2.169699035584926605e-02
-8.356144651770591736e-03
-8.595855906605720520e-03
-2.419856749475002289e-02
1.310099009424448013e-02
8.660569787025451660e-03
1.237187255173921585e-02
3.179249912500381470e-02
3.070881590247154236e-02
6.009688600897789001e-03
5.671289283782243729e-03
1.828100346028804779e-02
3.445516899228096008e-02
1.678045652806758881e-02
1.122891344130039215e-02
2.788594365119934082e-02
2.291531302034854889e-02
5.407520011067390442e-02
4.230681806802749634e-02
2.025630138814449310e-02
3.329330310225486755e-02
1.005243510007858276e-02
-1.638195477426052094e-02
-4.039286635816097260e-03
-1.555260457098484039e-02
-4.029570519924163818e-02
-7.051129639148712158e-02
-6.505645811557769775e-02
-4.828704893589019775e-02
-3.580255061388015747e-02
-1.120839640498161316e-02
-5.316740367561578751e-03
-9.543929249048233032e-03
2.192574087530374527e-03
1.116335764527320862e-02
-2.183177275583148003e-03
3.290155157446861267e-02
1.277128048241138458e-02
1.201224233955144882e-02
2.306985855102539062e-02
2.839192515239119530e-03
-1.088597718626260757e-02
4.037601873278617859e-02
5.006501823663711548e-02
3.993235900998115540e-02
-2.533568814396858215e-02
-5.127709009684622288e-04
-1.489941496402025223e-02
2.012567222118377686e-02
2.103520557284355164e-02
-9.370172396302223206e-03
2.515079686418175697e-03
3.629699349403381348e-04
-6.231840234249830246e-04
-7.478159386664628983e-03
-3.647830570116639137e-03
1.482215151190757751e-02
-9.709555655717849731e-03
-3.326207026839256287e-02
-1.401913072913885117e-02
9.348908439278602600e-03
-3.596315393224358559e-03
6.212955340743064880e-03
-3.135976381599903107e-03
2.889920212328433990e-02
8.747216314077377319e-03
-2.966473344713449478e-03
5.808846559375524521e-03
-2.109487913548946381e-02
-1.201698277145624161e-02
-1.404413394629955292e-02
-2.273295633494853973e-02
-3.186098858714103699e-02
-4.197825118899345398e-02
-6.617403775453567505e-02
2.264241687953472137e-02
4.412816371768712997e-03
-2.833920530974864960e-02
1.418676041066646576e-02
1.109566073864698410e-02
8.470177650451660156e-03
1.171352062374353409e-02
-4.128602519631385803e-02
-3.728479892015457153e-02
-1.229534298181533813e-02
-4.671679064631462097e-02
-2.277682535350322723e-02
-1.858872920274734497e-02
-5.005778744816780090e-02
-4.884804040193557739e-02
-1.056763157248497009e-02
-3.017449751496315002e-02
-9.624226950109004974e-03
1.631234027445316315e-02
-1.432194188237190247e-02
-8.321864530444145203e-03
-2.118151821196079254e-02
4.861733410507440567e-03
-1.952205039560794830e-02
2.247124165296554565e-02
-1.614074595272541046e-02
-6.253316067159175873e-03
4.992898553609848022e-02
1.305096317082643509e-02
-1.230407785624265671e-02
-1.225686445832252502e-02
-3.241424635052680969e-02
-2.956694550812244415e-02
-3.338502347469329834e-02
-2.151880413293838501e-02
-4.145911708474159241e-02
-2.922643534839153290e-02
-8.223569020628929138e-03
-1.574109494686126709e-02
5.901589524000883102e-03
1.845871657133102417e-02
3.342711552977561951e-02
-3.209706395864486694e-02
-1.980120781809091568e-03
1.236739289015531540e-02
-4.063061904162168503e-03
3.359400853514671326e-02
1.432325039058923721e-02
-3.085167147219181061e-02
-1.050574518740177155e-02
-3.326596459373831749e-03
-3.875144943594932556e-02
-4.068568721413612366e-02
-4.302705451846122742e-02
-3.185322880744934082e-02
-3.000700101256370544e-02
-1.253625610843300819e-03
-1.775240153074264526e-02
-1.330950297415256500e-02
1.073546335101127625e-02
2.586966846138238907e-03
-4.758021794259548187e-03
-1.212542876601219177e-02
2.500209584832191467e-02
4.594293609261512756e-02
5.016339570283889771e-02
1.154680829495191574e-02
3.340454027056694031e-02
4.058933258056640625e-02
-2.645512484014034271e-02
1.029873173683881760e-02
2.453084662556648254e-02
-5.858969874680042267e-03
2.424712758511304855e-03
1.599179930053651333e-03
-1.418237388134002686e-02
-1.563891209661960602e-02
-1.255326904356479645e-02
-1.174927968531847000e-02
9.089486673474311829e-03
7.034220732748508453e-03
2.092943992465734482e-03
4.364248737692832947e-02
1.338532567024230957e-02
-1.251257024705410004e-02
2.888880111277103424e-02
3.610507771372795105e-02
3.628411889076232910e-02
4.505543503910303116e-03
1.008722465485334396e-02
-4.885580856353044510e-03
-4.439814388751983643e-02
-3.631198033690452576e-02
3.981222584843635559e-02
-1.258717384189367294e-03
-1.746044680476188660e-02
-7.018354535102844238e-02
-5.236167833209037781e-02
-7.056750357151031494e-02
3.971247002482414246e-03
-2.611426403746008873e-03
-4.785096645355224609e-02
3.795795608311891556e-03
-1.456611556932330132e-03
-2.151190303266048431e-02
1.179676782339811325e-02
-1.814845763146877289e-02
-3.937320783734321594e-02
3.776959702372550964e-02
3.351237252354621887e-02
-2.328953851247206330e-04
2.131475694477558136e-02
-2.844837494194507599e-03
-4.520678427070379257e-03
-1.985768415033817291e-02
-3.770649805665016174e-02
-5.611288174986839294e-02
-2.110521309077739716e-02
-3.475704044103622437e-02
-5.444897338747978210e-02
-4.048962611705064774e-03
7.267042528837919235e-03
-2.260916633531451225e-03
4.074274748563766479e-02
3.189210221171379089e-02
5.192792415618896484e-02
-2.084501832723617554e-02
-4.558785259723663330e-02
1.212203968316316605e-02
-1.359912846237421036e-02
-2.958986349403858185e-02
-6.514256820082664490e-03
-4.492097999900579453e-03
1.211008522659540176e-02
4.077452234923839569e-03
1.118334010243415833e-02
3.111349418759346008e-02
-9.760818444192409515e-03
-4.564236477017402649e-02
-5.260920152068138123e-02
-5.967074632644653320e-02
-7.023700512945652008e-03
-1.018527615815401077e-02
1.096708583645522594e-03
-5.209433846175670624e-03
3.139641880989074707e-02
3.161090984940528870e-02
-1.534393522888422012e-02
-1.594029250554740429e-03
-7.774553727358579636e-03
1.960569620132446289e-02
3.617454320192337036e-02
2.718521095812320709e-02
-6.495759822428226471e-03
-2.723028184846043587e-03
1.806304417550563812e-02
5.274681374430656433e-03
2.969852648675441742e-03
-1.038070581853389740e-02
4.248017212375998497e-04
-2.375913970172405243e-02
-3.215234354138374329e-02
8.820966468192636967e-04
-1.805083267390727997e-02
-2.543132007122039795e-02
1.335817482322454453e-02
-1.870987564325332642e-02
-1.674179546535015106e-02
3.916789963841438293e-02
4.051536694169044495e-02
9.939908050000667572e-03
4.687852412462234497e-02
7.784955203533172607e-03
-2.625425718724727631e-02
1.308087632060050964e-02
1.895539578981697559e-03
-2.340076677501201630e-02
2.018615603446960449e-02
7.477150298655033112e-03
2.568223886191844940e-02
-5.233569815754890442e-02
-4.915855079889297485e-02
-2.186501026153564453e-02
8.832008577883243561e-03
3.460881486535072327e-02
1.725226081907749176e-02
-1.969873532652854919e-02
2.353320270776748657e-02
2.865381725132465363e-02
-4.179834946990013123e-02
-3.490840271115303040e-02
-3.523443266749382019e-02
-1.438990794122219086e-02
-1.947726495563983917e-02
2.251134999096393585e-02
-9.155331645160913467e-04
-1.141732931137084961e-02
-6.767423474229872227e-04
4.131609201431274414e-02
5.048455670475959778e-03
1.377536356449127197e-02
3.763134777545928955e-02
3.388601168990135193e-02
3.011093102395534515e-02
-3.046315908432006836e-02
-3.634582832455635071e-02
-2.703980915248394012e-02
-3.772595897316932678e-03
-2.300200611352920532e-02
-3.590058907866477966e-02
2.320187352597713470e-02
-1.170618832111358643e-02
2.205397468060255051e-03
-3.476545959711074829e-02
-3.052084334194660187e-02
-1.140140276402235031e-02
1.941571012139320374e-02
6.728780269622802734e-02
3.368204087018966675e-02
4.058878123760223389e-02
3.966470062732696533e-02
3.577456995844841003e-02
-9.527095407247543335e-02
-8.167048543691635132e-02
-5.315244570374488831e-02
-3.798328340053558350e-02
-2.218254283070564270e-02
-2.051518671214580536e-02
-6.586669944226741791e-03
-9.084870107471942902e-03
-5.441837478429079056e-03
4.750340804457664490e-02
5.316037312150001526e-02
3.294007107615470886e-02
-1.141369249671697617e-02
9.247679263353347778e-03
-1.963105984032154083e-02
-2.821439318358898163e-02
-2.249951846897602081e-02
-3.456884250044822693e-02
-8.917275816202163696e-03
1.415868988260626793e-03
8.554141037166118622e-03
-4.069758579134941101e-02
-5.784015171229839325e-03
1.448668632656335831e-02
-3.704527765512466431e-02
3.027187101542949677e-02
3.394675254821777344e-02
-2.085288614034652710e-02
-2.045230241492390633e-03
-8.170471526682376862e-03
6.172954570502042770e-03
1.365695148706436157e-02
6.812278297729790211e-04
9.376100264489650726e-03
-4.532257153186947107e-04
-1.779001019895076752e-02
5.225192755460739136e-03
-1.344820600934326649e-03
4.492950439453125000e-02
-2.934679202735424042e-02
-2.656608074903488159e-02
-5.680697970092296600e-03
-3.265786170959472656e-02
-5.072947219014167786e-02
-4.284096136689186096e-02
-1.152212359011173248e-02
-2.539619989693164825e-02
-4.888162016868591309e-02
1.990126632153987885e-02
-2.275424264371395111e-02
-3.119385801255702972e-02
1.707351207733154297e-02
8.727577514946460724e-03
2.573036821559071541e-03
-1.721191592514514923e-02
-2.388214319944381714e-02
-2.365000732243061066e-02
-9.662817232310771942e-03
2.081820927560329437e-02
6.396977230906486511e-03
6.972226314246654510e-03
7.717154920101165771e-03
-1.385804265737533569e-03
9.306106716394424438e-03
4.351681470870971680e-02
2.666498720645904541e-02
3.000808507204055786e-02
4.816247895359992981e-02
2.694249711930751801e-02
1.993435062468051910e-02
6.139721721410751343e-02
5.037617310881614685e-02
6.248409673571586609e-02
4.409218579530715942e-02
3.892764449119567871e-02
-3.830342029687017202e-04
-3.665218537207692862e-04
1.268488261848688126e-02
-3.295911103487014771e-02
-1.666321791708469391e-02
-2.509773708879947662e-03
1.389123592525720596e-02
3.931667190045118332e-03
1.998787559568881989e-02
2.700061723589897156e-02
5.789584666490554810e-02
4.911257326602935791e-02
-3.677249327301979065e-02
-2.652566693723201752e-02
-2.600886300206184387e-02
-1.136862859129905701e-02
-9.644833393394947052e-03
-1.239236094988882542e-03
-2.708960324525833130e-03
8.037225343286991119e-03
-1.055496558547019958e-02
3.302652016282081604e-02
5.570244044065475464e-02
1.787804439663887024e-02
9.190500713884830475e-03
2.234984375536441803e-02
7.994448766112327576e-03
3.646720945835113525e-02
3.601606935262680054e-02
1.680144667625427246e-02
1.934884488582611084e-02
2.052768599241971970e-03
-2.612408623099327087e-02
-3.570067510008811951e-02
-5.044986680150032043e-02
-3.857408091425895691e-02
-2.553461492061614990e-02
1.827155007049441338e-03
4.008696600794792175e-02
-4.034435749053955078e-02
-1.080533210188150406e-02
-1.087472075596451759e-03
-4.913672432303428650e-02
-2.506905235350131989e-02
-4.471931606531143188e-02
-1.071827206760644913e-02
-2.930394932627677917e-02
-4.894275590777397156e-02
5.032355897128582001e-03
-3.309805691242218018e-02
-4.778786376118659973e-02
-2.622436732053756714e-02
-4.414715245366096497e-02
-1.611555181443691254e-02
1.301113609224557877e-02
-1.600778102874755859e-02
-1.802230370230972767e-03
4.795826505869626999e-03
2.233207039535045624e-02
1.666286587715148926e-02
4.855384118854999542e-03
1.701441220939159393e-02
6.142990197986364365e-03
6.268620491027832031e-03
2.204829081892967224e-02
1.430956181138753891e-02
-2.101334929466247559e-02
-1.279460173100233078e-02
2.806387469172477722e-02
-4.331599175930023193e-02
-3.295107185840606689e-02
1.377887930721044540e-02
-2.861196361482143402e-02
-3.952176123857498169e-02
-1.947389729321002960e-02
7.209055591374635696e-03
3.467729082331061363e-03
-7.139326073229312897e-03
-3.928845375776290894e-02
-2.811741642653942108e-02
-1.451034005731344223e-02
-5.585739389061927795e-02
-3.949517756700515747e-02
-2.382868528366088867e-02
-5.939359962940216064e-02
-3.137364983558654785e-02
-9.534431621432304382e-03
-3.360053151845932007e-02
-3.549818415194749832e-03
-8.911290206015110016e-03
-6.450288742780685425e-02
-5.353861302137374878e-02
-5.224286019802093506e-02
-4.424324259161949158e-02
-2.517072297632694244e-02
-9.877425618469715118e-03
-1.978130079805850983e-02
-2.151769585907459259e-02
-7.555771619081497192e-03
-2.357313968241214752e-02
-2.561827190220355988e-02
-2.204569242894649506e-02
-1.768442243337631226e-02
-1.875169761478900909e-02
-5.941021721810102463e-03
-2.760964259505271912e-02
-2.182877622544765472e-02
4.296169616281986237e-03
-1.340986322611570358e-02
1.267253980040550232e-02
1.046281773597002029e-02
-2.901026606559753418e-02
-1.213154755532741547e-03
-8.138998411595821381e-03
-2.232379652559757233e-02
-1.423495449125766754e-02
-1.178853586316108704e-02
6.949844304472208023e-03
4.260910302400588989e-02
1.174982637166976929e-02
2.344045229256153107e-02
2.768934145569801331e-02
4.426303133368492126e-02
2.311445772647857666e-02
2.377746254205703735e-02
8.595669642090797424e-03
-2.245765551924705505e-02
-2.857761457562446594e-02
-8.851223625242710114e-03
-3.975788503885269165e-02
-6.022256985306739807e-02
-2.548546344041824341e-02
-9.599854238331317902e-03
1.612683199346065521e-02
2.864982001483440399e-02
-7.731207180768251419e-03
-6.070441100746393204e-03
4.344523325562477112e-02
-2.374518848955631256e-02
-3.019526228308677673e-02
7.829731330275535583e-03
-4.784096777439117432e-02
-5.000655725598335266e-02
-4.827922582626342773e-02
-3.668307885527610779e-02
-3.707270324230194092e-02
-4.755283519625663757e-02
1.130624953657388687e-02
2.365477848798036575e-03
-1.411531865596771240e-02
3.868697583675384521e-02
5.506589636206626892e-02
5.513747781515121460e-02
-8.565858937799930573e-03
-1.817043870687484741e-02
2.031106129288673401e-02
-4.784514009952545166e-02
-2.195365726947784424e-02
-1.388613507151603699e-02
-3.689840808510780334e-02
-4.371636733412742615e-02
-5.037593841552734375e-02
-7.323423866182565689e-03
-1.299706939607858658e-02
-4.464646801352500916e-02
-7.739171385765075684e-03
7.726971060037612915e-03
-7.967923767864704132e-03
-1.708970032632350922e-02
-2.664357796311378479e-02
8.852673636283725500e-05
9.085551835596561432e-03
1.652060449123382568e-02
-9.033433161675930023e-03
3.448426350951194763e-02
2.318136021494865417e-02
1.928537152707576752e-03
-4.316549748182296753e-03
5.408290773630142212e-03
9.561297483742237091e-03
-2.743775770068168640e-02
-1.033237669616937637e-02
5.681900307536125183e-03
-5.608515441417694092e-02
-4.293556883931159973e-02
-2.762592583894729614e-02
-1.879728771746158600e-02
-1.928291656076908112e-02
-1.364053599536418915e-02
-9.080890566110610962e-03
1.006215158849954605e-02
6.761248409748077393e-02
-9.984793141484260559e-03
1.414572726935148239e-02
6.821169704198837280e-02
1.640366949141025543e-02
9.632108733057975769e-03
7.082178257405757904e-03
-1.457758247852325439e-02
-9.427267126739025116e-03
-1.298477407544851303e-02
-2.065412141382694244e-02
-2.761925011873245239e-02
-2.825375087559223175e-02
-7.829830981791019440e-03
-5.240033846348524094e-03
-7.342502474784851074e-03
-2.521265670657157898e-02
3.864304348826408386e-02
9.826291352510452271e-03
-3.145189583301544189e-02
5.327684059739112854e-02
1.326158363372087479e-02
2.426622435450553894e-02
1.297507155686616898e-02
-1.473818207159638405e-03
-6.208744645118713379e-02
-2.358010224997997284e-02
-3.600688651204109192e-02
-2.623938024044036865e-02
-1.946772448718547821e-02
-4.420753568410873413e-02
-6.517227739095687866e-03
-5.883086938410997391e-03
-1.166504900902509689e-02
-2.852808916941285133e-03
2.726770192384719849e-02
1.897913520224392414e-03
1.800344325602054596e-02
3.656985983252525330e-02
4.916694760322570801e-02
-2.058982290327548981e-02
-4.067731648683547974e-02
-4.382653161883354187e-02
-2.396293170750141144e-02
-4.022173583507537842e-02
-5.551953986287117004e-02
-1.241408754140138626e-02
9.026055224239826202e-03
-9.679873473942279816e-03
-7.582122832536697388e-02
-6.195750460028648376e-02
-4.659489914774894714e-02
-6.103500723838806152e-02
-3.665958344936370850e-02
-2.325407043099403381e-02
-5.740868300199508667e-02
-5.428340286016464233e-02
-4.013055190443992615e-02
-2.451847493648529053e-02
7.053609588183462620e-04
2.759530954062938690e-02
-2.423409745097160339e-02
-2.508610859513282776e-02
-2.186834998428821564e-02
-6.288789212703704834e-03
-1.018027123063802719e-02
-1.683856546878814697e-02
-3.408140316605567932e-02
-9.509685449302196503e-03
-7.783825974911451340e-03
-9.342133998870849609e-03
-4.051461815834045410e-02
-4.620358347892761230e-02
6.375141441822052002e-02
1.474158000200986862e-02
-2.204901538789272308e-02
-8.569281548261642456e-03
-1.656862534582614899e-02
1.318138092756271362e-02
2.715859794989228249e-03
9.097648435272276402e-04
-1.500253658741712570e-02
1.925168000161647797e-02
2.586053684353828430e-02
2.361063845455646515e-03
-8.757063769735395908e-04
-5.933827534317970276e-02
-3.540015965700149536e-02
-8.005565963685512543e-03
-5.444067716598510742e-02
-4.097946360707283020e-02
4.520595073699951172e-02
-2.897470071911811829e-02
-1.275311317294836044e-02
-7.950213737785816193e-03
4.515494033694267273e-02
5.153036490082740784e-02
2.540605328977108002e-02
7.014404516667127609e-03
-1.380520174279808998e-03
8.514806628227233887e-02
2.072865888476371765e-02
-2.716808766126632690e-02
-6.859420984983444214e-02
-1.254492625594139099e-02
-1.213638577610254288e-02
-4.024573042988777161e-02
-2.086086897179484367e-03
1.021904963999986649e-02
3.412586823105812073e-02
4.164648056030273438e-02
2.994234859943389893e-02
-1.950833201408386230e-02
1.100792828947305679e-02
-1.117351185530424118e-02
-3.014955855906009674e-02
1.899370574392378330e-03
1.020487863570451736e-02
-1.846364699304103851e-02
-8.125526830554008484e-03
-1.410011295229196548e-02
1.273649465292692184e-02
5.159986764192581177e-02
6.045776233077049255e-02
-1.293546869419515133e-03
3.851315379142761230e-02
2.375897951424121857e-03
-2.230865322053432465e-02
4.570790100842714310e-03
-3.304051980376243591e-02
2.143356762826442719e-02
1.201507914811372757e-02
2.514798427000641823e-03
-2.384916506707668304e-02
-6.243654061108827591e-03
8.955228142440319061e-03
9.831801056861877441e-03
1.853277906775474548e-02
5.832824483513832092e-02
1.470750197768211365e-02
-1.065486297011375427e-02
1.392643433064222336e-02
-4.185145348310470581e-02
-1.720145344734191895e-02
3.290742635726928711e-02
-1.893292739987373352e-02
6.277930922806262970e-03
3.585242852568626404e-02
3.326749801635742188e-02
3.938034176826477051e-02
1.970048621296882629e-02
2.357752062380313873e-02
1.716065779328346252e-02
-3.096170909702777863e-02
-4.447256680577993393e-03
-3.064634650945663452e-02
-6.904202699661254883e-02
-4.116253554821014404e-02
-3.157746046781539917e-02
-1.515710074454545975e-02
-1.880495622754096985e-02
-1.315020676702260971e-02
-2.127701044082641602e-02
-4.857230931520462036e-03
1.892985403537750244e-02
5.159267410635948181e-02
1.475333236157894135e-02
4.702100530266761780e-02
1.713070087134838104e-02
-4.653074778616428375e-03
2.620405703783035278e-02
-5.724342539906501770e-03
-2.807723730802536011e-02
-2.981302700936794281e-02
-8.010020107030868530e-02
2.419514954090118408e-02
-9.551398456096649170e-03
-2.973257750272750854e-02
4.596271738409996033e-02
2.148284018039703369e-02
-2.284445241093635559e-02
-8.745123632252216339e-03
-5.604658741503953934e-03
9.346251375973224640e-03
-3.124658204615116119e-02
3.027399629354476929e-02
-1.223450759425759315e-03
-3.957926109433174133e-02
-1.546372566372156143e-02
-2.634091302752494812e-02
-3.453206270933151245e-02
-1.036877091974020004e-02
-2.283947542309761047e-02
2.575614955276250839e-03
-1.529788132756948471e-02
1.872400380671024323e-02
2.725594677031040192e-02
1.852848008275032043e-02
4.383371211588382721e-03
3.330825641751289368e-02
3.418916836380958557e-02
4.678047075867652893e-02
5.328885838389396667e-02
1.617897488176822662e-02
4.292794037610292435e-03
1.353726349771022797e-02
2.099185623228549957e-02
5.626156926155090332e-03
-6.121242046356201172e-02
-4.216632619500160217e-02
-4.128772765398025513e-03
8.418108336627483368e-03
4.308177158236503601e-02
8.915782673284411430e-04
-1.462567504495382309e-02
1.881771162152290344e-02
1.379216928035020828e-02
-2.310392883373424411e-04
1.205572299659252167e-02
3.664461895823478699e-02
-3.235197812318801880e-02
-5.323604121804237366e-02
-7.597019523382186890e-02
-2.985544875264167786e-02
-2.359958924353122711e-02
-5.050691962242126465e-02
5.222159903496503830e-03
4.765072464942932129e-02
3.425541147589683533e-02
-2.246643789112567902e-02
7.084820885211229324e-03
1.592821814119815826e-02
-3.982904925942420959e-02
-2.849599719047546387e-02
-2.263588458299636841e-02
-2.863204292953014374e-02
-4.079957958310842514e-03
-6.702964194118976593e-03
-2.940124645829200745e-02
-1.269030570983886719e-02
-4.487606231123209000e-03
-2.164120040833950043e-02
-5.285457707941532135e-03
5.214498843997716904e-03
1.690006256103515625e-02
9.845227003097534180e-03
1.904083602130413055e-02
3.551919385790824890e-02
-9.473533136770129204e-04
-3.321994794532656670e-03
2.699342928826808929e-02
-2.473404165357351303e-03
-1.330391876399517059e-02
-1.430021040141582489e-02
7.931862957775592804e-03
-1.532062049955129623e-02
1.423632912337779999e-02
5.313126370310783386e-03
-4.124828055500984192e-02
5.396449193358421326e-02
9.188921190798282623e-03
-5.166153982281684875e-02
1.734843105077743530e-02
-1.540884841233491898e-03
-2.176410146057605743e-02
-5.018774420022964478e-02
-2.641574107110500336e-02
-2.538608200848102570e-02
-6.488887220621109009e-02
-1.850130409002304077e-02
-1.489753369241952896e-02
-6.371866166591644287e-02
-7.191037386655807495e-02
-5.386510491371154785e-02
2.636362425982952118e-02
2.467536553740501404e-02
1.366283278912305832e-02
1.000273320823907852e-02
-9.271527640521526337e-03
-4.419038444757461548e-02
-2.753953449428081512e-02
-3.748487308621406555e-02
-4.386007785797119141e-02
1.661755889654159546e-02
3.033951111137866974e-02
2.359072305262088776e-02
6.980833597481250763e-03
2.847936004400253296e-03
2.441080473363399506e-02
8.067346177995204926e-03
-1.097328308969736099e-02
8.681169711053371429e-03
-9.171096608042716980e-04
-1.028102356940507889e-02
1.984759978950023651e-02
-2.787918085232377052e-03
1.699759857729077339e-03
-1.312942244112491608e-03
3.557290509343147278e-02
3.683716058731079102e-03
2.024441957473754883e-02
-1.645858399569988251e-03
-6.779528688639402390e-03
4.877992905676364899e-04
9.432319551706314087e-03
-3.964652772992849350e-03
1.709849201142787933e-02
-3.585655987262725830e-02
-1.672234758734703064e-02
1.175916753709316254e-03
-3.627258539199829102e-02
-2.710789814591407776e-02
-9.734390303492546082e-03
-2.836679853498935699e-02
-2.799137867987155914e-02
-2.056150697171688080e-02
-3.327369317412376404e-02
-4.385896772146224976e-02
-3.690037876367568970e-02
-2.631018869578838348e-02
-6.075420975685119629e-02
-2.914379164576530457e-02
-6.191875785589218140e-03
-3.786564618349075317e-02
-5.928412545472383499e-03
-3.290880238637328148e-03
-2.674674056470394135e-02
-4.441681317985057831e-03
-2.655144594609737396e-02
-2.890050970017910004e-02
-4.156015813350677490e-02
8.261346258223056793e-03
-2.078281342983245850e-02
-3.638906031847000122e-02
9.378749132156372070e-02
4.718825966119766235e-02
3.239881619811058044e-02
3.316312795504927635e-04
2.084360830485820770e-02
4.754049703478813171e-03
-3.727809339761734009e-02
1.510941982269287109e-02
1.773670315742492676e-02
2.010621689260005951e-02
1.289694476872682571e-02
-7.032787427306175232e-03
1.146840211004018784e-02
1.446956209838390350e-02
3.854588046669960022e-02
-1.128013478592038155e-03
1.654656790196895599e-02
5.456722527742385864e-02
-2.475135959684848785e-02
-3.780584665946662426e-04
2.652216143906116486e-02
-2.150802686810493469e-02
-3.716757521033287048e-02
-1.211206801235675812e-02
2.430522628128528595e-02
9.818706661462783813e-03
-2.545607276260852814e-03
1.364325173199176788e-02
3.005805239081382751e-02
1.384313963353633881e-02
4.907215479761362076e-03
1.642345078289508820e-02
3.378465026617050171e-02
7.861902937293052673e-03
-4.773844964802265167e-03
-3.008319623768329620e-02
3.837256133556365967e-02
3.672865778207778931e-02
2.136147394776344299e-02
-4.000468552112579346e-02
-1.938901655375957489e-02
-1.468016486614942551e-02
-8.387408219277858734e-03
-4.318995401263237000e-02
-2.866856195032596588e-02
2.722674421966075897e-02
-2.262316644191741943e-02
-1.337996963411569595e-02
1.723951287567615509e-02
2.853441610932350159e-02
5.072552710771560669e-02
-3.804546594619750977e-02
2.987414598464965820e-03
6.994815543293952942e-03
-4.109060019254684448e-02
-4.865848645567893982e-02
-4.536970332264900208e-02
1.232799794524908066e-02
2.453717030584812164e-02
3.598809242248535156e-02
2.008348889648914337e-02
-1.351938489824533463e-02
5.114566069096326828e-03
1.914584822952747345e-02
4.270598874427378178e-04
-1.060225069522857666e-02
-4.293187707662582397e-02
-1.416933722794055939e-02
-9.884525090456008911e-03
-3.558807075023651123e-02
5.664976313710212708e-03
9.212731383740901947e-03
-4.477360472083091736e-02
2.634873054921627045e-02
1.875085569918155670e-02
1.696444489061832428e-02
-1.684613409452140331e-03
-4.041815409436821938e-04
-2.906373888254165649e-02
-3.296687826514244080e-02
1.779046654701232910e-02
-2.060975879430770874e-02
-3.314767032861709595e-02
5.078592337667942047e-03
2.643530722707509995e-03
8.195298723876476288e-03
2.004948444664478302e-02
5.373844411224126816e-03
-9.343892335891723633e-03
9.414500556886196136e-03
1.472668908536434174e-02
-6.888718344271183014e-03
1.195329520851373672e-02
3.500275313854217529e-02
6.013448908925056458e-02
4.283988475799560547e-02
1.633247174322605133e-02
4.169866442680358887e-02
3.045846708118915558e-02
-2.720668166875839233e-02
-1.808332838118076324e-02
-6.166407838463783264e-03
-4.259563982486724854e-03
-1.566677726805210114e-02
-3.726443275809288025e-02
6.291321944445371628e-03
-8.544508367776870728e-03
-4.187220335006713867e-02
2.127929031848907471e-02
-2.371332608163356781e-03
-1.786025799810886383e-02
-1.821186393499374390e-02
-1.054798346012830734e-02
-1.497249677777290344e-02
-3.242104873061180115e-02
-3.975965827703475952e-02
-3.723590075969696045e-02
2.440465148538351059e-03
-1.780428551137447357e-02
-7.158312015235424042e-03
-2.175010554492473602e-02
-3.128730133175849915e-02
-3.145696222782135010e-02
5.469536874443292618e-03
1.280718296766281128e-02
8.717874996364116669e-03
3.130377456545829773e-02
6.370013952255249023e-02
5.734581127762794495e-02
-6.963303312659263611e-04
6.977671291679143906e-03
2.497861860319972038e-03
-3.491617972031235695e-03
-1.213714759796857834e-02
-2.672903612256050110e-02
-3.010932542383670807e-02
-5.033724382519721985e-02
-3.022862039506435394e-02
4.658151417970657349e-02
-1.890503102913498878e-03
-1.245369901880621910e-03
4.600973799824714661e-02
-1.749651134014129639e-02
-1.768289133906364441e-02
4.066868498921394348e-02
6.955660064704716206e-04
-4.292539134621620178e-02
2.843847312033176422e-02
4.354435484856367111e-03
-6.939105223864316940e-03
-6.387981586158275604e-03
4.002992529422044754e-03
-9.713643230497837067e-03
-2.351094596087932587e-02
-3.228249400854110718e-02
-2.990217134356498718e-02
5.983176827430725098e-02
3.774641826748847961e-02
5.038750171661376953e-02
6.412021070718765259e-02
8.777325972914695740e-03
-4.322471562772989273e-03
5.243695806711912155e-03
-8.337832055985927582e-03
-6.150747090578079224e-02
1.223656907677650452e-02
-2.839508838951587677e-02
-3.663131967186927795e-02
8.997747674584388733e-03
1.800102181732654572e-02
2.000166848301887512e-02
-1.920000091195106506e-02
2.189927175641059875e-02
5.895566195249557495e-02
5.379304289817810059e-03
2.396692521870136261e-03
-1.073908805847167969e-02
1.221783831715583801e-02
1.338813919574022293e-02
-6.308919284492731094e-03
2.995610935613512993e-03
9.156700223684310913e-03
-5.154680460691452026e-03
-1.029555313289165497e-02
-3.023944329470396042e-03
-6.448334548622369766e-03
2.886912599205970764e-02
6.477667018771171570e-03
-3.450132533907890320e-02
5.675359070301055908e-02
3.821180015802383423e-02
-2.955563366413116455e-02
2.373866504058241844e-03
8.342743851244449615e-03
5.145044997334480286e-04
-9.913587942719459534e-03
9.340313263237476349e-03
2.558429725468158722e-02
-2.864243462681770325e-02
-1.320927962660789490e-02
2.312048524618148804e-02
-2.132366597652435303e-02
-4.501017928123474121e-02
-3.718094155192375183e-02
-2.263386361300945282e-02
-2.547440491616725922e-02
-2.247565425932407379e-02
-3.457522019743919373e-02
-3.234020993113517761e-02
-6.464073807001113892e-02
-2.280219644308090210e-02
-1.745451614260673523e-02
-3.394393995404243469e-02
2.560301311314105988e-02
8.846895769238471985e-03
-3.126772865653038025e-02
2.801900357007980347e-02
1.575953140854835510e-02
-2.512622624635696411e-02
9.899551980197429657e-03
-3.389684110879898071e-02
-3.543211147189140320e-02
-5.245583597570657730e-03
-5.439623259007930756e-03
-1.986822672188282013e-02
2.271401137113571167e-02
1.091824099421501160e-02
-1.014158315956592560e-02
-2.608613343909382820e-03
2.162870392203330994e-02
5.559798702597618103e-02
-3.438069298863410950e-02
-1.849025674164295197e-02
-2.636075660120695829e-04
-2.993521466851234436e-02
-2.983674220740795135e-02
-2.650045976042747498e-02
-3.316468000411987305e-02
-4.002928361296653748e-02
3.993064910173416138e-02
-4.804933443665504456e-02
-1.471323985606431961e-02
7.737248390913009644e-02
-2.121745608747005463e-02
-2.717876993119716644e-02
7.191552221775054932e-02
4.306147806346416473e-03
1.525513827800750732e-02
-9.444990195333957672e-03
-1.427339669317007065e-02
-1.201990246772766113e-02
-5.299404636025428772e-02
-1.990763284265995026e-02
7.199410814791917801e-03
-5.076885968446731567e-02
-1.938394829630851746e-02
-1.854669302701950073e-02
-3.866391256451606750e-02
-1.988716050982475281e-02
-2.527359500527381897e-02
-2.097636833786964417e-02
9.140643291175365448e-03
2.409072406589984894e-02
4.861094930674880743e-04
-1.850950717926025391e-02
-5.822502821683883667e-02
-4.287884384393692017e-02
1.163600943982601166e-02
-2.336096577346324921e-02
-2.100537763908505440e-03
1.958710607141256332e-03
1.805378589779138565e-03
2.079289965331554413e-02
-3.165151551365852356e-02
-3.187905251979827881e-02
-2.422616258263587952e-02
-1.396200153976678848e-02
2.486278535798192024e-03
8.865638636052608490e-03
-1.852350868284702301e-02
8.909373544156551361e-03
1.406705938279628754e-02
-3.031572559848427773e-03
-2.180158905684947968e-02
-4.913068190217018127e-02
-3.185202926397323608e-02
-2.477390505373477936e-02
-4.631097614765167236e-02
-3.442154452204704285e-02
-9.524782188236713409e-03
1.182210724800825119e-02
-2.887904085218906403e-02
-1.217234507203102112e-02
2.771623991429805756e-02
-2.426164969801902771e-02
-4.549900069832801819e-02
-2.322460711002349854e-02
2.325660921633243561e-02
3.660077054519206285e-04
5.166965536773204803e-03
-2.152639441192150116e-02
-7.848822511732578278e-03
1.888938061892986298e-02
4.472200293093919754e-03
-2.454652637243270874e-02
-2.622852660715579987e-02
7.210490759462118149e-03
-2.272616326808929443e-02
-1.872886717319488525e-02
-2.609621174633502960e-02
-1.954381354153156281e-02
-3.179639205336570740e-02
-1.734143681824207306e-02
-1.903687976300716400e-02
1.187609788030385971e-02
5.004515871405601501e-02
4.061916470527648926e-02
6.247250363230705261e-02
1.737739704549312592e-02
9.082132950425148010e-03
-1.124397572129964828e-02
1.613480225205421448e-02
-1.651996374130249023e-02
-6.156687065958976746e-02
1.640801690518856049e-02
4.366908222436904907e-03
-4.846866795560345054e-05
-3.838739916682243347e-02
-1.934369653463363647e-02
3.473965823650360107e-02
-3.987320512533187866e-02
-1.672686822712421417e-02
6.418745964765548706e-02
-3.702066838741302490e-02
2.549535967409610748e-02
5.641146749258041382e-02
4.144107922911643982e-02
1.242093648761510849e-02
3.542646020650863647e-02
-2.312668599188327789e-02
-1.487042102962732315e-02
1.991784572601318359e-02
-4.193865507841110229e-02
-2.645569480955600739e-02
-3.397629829123616219e-03
1.022417191416025162e-02
4.237838089466094971e-02
3.257418051362037659e-02
-1.395883318036794662e-02
2.169873751699924469e-02
2.033561281859874725e-02
-2.139726094901561737e-02
6.392495241016149521e-03
1.205544546246528625e-02
-3.099263273179531097e-02
-1.594859175384044647e-02
-2.184397727251052856e-02
-1.290029287338256836e-02
-1.204839558340609074e-03
-2.722339145839214325e-02
9.701846167445182800e-03
1.884143613278865814e-02
3.834183141589164734e-02
-3.168940544128417969e-02
2.147945202887058258e-02
2.701899036765098572e-02
-1.678299717605113983e-02
-1.188984699547290802e-02
2.872607670724391937e-02
-2.422727271914482117e-02
-2.047961950302124023e-02
6.854039616882801056e-03
5.428719520568847656e-02
1.488776504993438721e-02
-1.295219641178846359e-02
4.398562014102935791e-02
-5.166051909327507019e-03
-4.237869381904602051e-02
4.011052101850509644e-02
5.521782441064715385e-04
-2.891618385910987854e-02
-3.651781473308801651e-03
2.887121774256229401e-02
-1.550958375446498394e-03
-6.723353639245033264e-03
2.745338715612888336e-02
-3.471138188615441322e-03
1.385883521288633347e-02
3.606686368584632874e-02
5.057842284440994263e-02
1.628829725086688995e-02
1.835259608924388885e-02
-2.962733805179595947e-02
-1.663259230554103851e-02
-1.900249719619750977e-02
-7.115184515714645386e-02
9.097506292164325714e-03
3.703364403918385506e-03
-4.267777130007743835e-02
-2.457867003977298737e-02
-2.432132139801979065e-02
1.066519413143396378e-02
-1.010422408580780029e-02
-9.804444387555122375e-03
-1.009650900959968567e-02
3.129873424768447876e-02
-4.228418227285146713e-03
1.475435402244329453e-02
2.265111915767192841e-02
1.259991899132728577e-02
8.307620882987976074e-03
6.460429728031158447e-02
-4.971692338585853577e-03
-3.181822970509529114e-02
7.904497534036636353e-02
-1.936414162628352642e-03
1.845675893127918243e-02
-4.612224921584129333e-02
-3.278117254376411438e-02
1.610211841762065887e-02
-4.659449309110641479e-02
-2.302213571965694427e-02
1.431629434227943420e-02
-6.611517164856195450e-03
2.036365121603012085e-02
5.518548935651779175e-02
1.353826746344566345e-02
1.646298356354236603e-02
1.364926155656576157e-02
8.395314798690378666e-04
-2.839371375739574432e-02
-3.130226209759712219e-02
8.604996837675571442e-03
-3.678042069077491760e-02
-6.712082773447036743e-02
3.216870501637458801e-02
1.322782784700393677e-02
-2.828859351575374603e-02
-5.877891089767217636e-03
-2.905832789838314056e-02
-5.797881633043289185e-02
-1.376960705965757370e-02
-1.107400469481945038e-02
-2.596258558332920074e-02
3.345245495438575745e-02
-1.623824588023126125e-03
-3.491012321319431067e-04
-8.985497988760471344e-03
-1.884481869637966156e-02
3.810808295384049416e-03
2.249818854033946991e-02
-1.394017878919839859e-02
2.500914968550205231e-02
-8.912336081266403198e-03
-2.529424801468849182e-02
-7.071692496538162231e-02
3.825706196948885918e-03
-1.757338456809520721e-02
-7.899620383977890015e-02
3.636192157864570618e-02
2.983160503208637238e-02
-5.110924690961837769e-02
-1.560271903872489929e-02
-6.271896883845329285e-03
-1.881882920861244202e-02
2.262168750166893005e-02
2.317478647455573082e-03
6.978042889386415482e-03
-2.240784838795661926e-02
-4.860067740082740784e-02
-4.520173743367195129e-02
-1.821495941840112209e-03
2.335877157747745514e-02
3.259824961423873901e-02
-3.110812045633792877e-02
-4.126433283090591431e-03
3.594430908560752869e-02
-8.345611393451690674e-03
9.823167696595191956e-03
2.640487812459468842e-02
1.117552281357347965e-03
8.621481247246265411e-03
2.300534397363662720e-03
2.279725112020969391e-02
-3.569679800420999527e-03
2.228165417909622192e-02
-1.196797378361225128e-02
-5.795255675911903381e-02
1.297107711434364319e-02
-1.057525258511304855e-02
5.630405154079198837e-03
2.906170673668384552e-02
2.107510343194007874e-02
1.402667071670293808e-02
1.320227794349193573e-02
2.381063764914870262e-03
-2.224919444415718317e-04
4.234749358147382736e-03
-2.239732630550861359e-02
-3.202670812606811523e-02
-3.907826263457536697e-03
-1.828114688396453857e-02
-3.332386910915374756e-02
4.801855888217687607e-03
-1.990646310150623322e-02
-1.730789057910442352e-02
-1.076861377805471420e-02
1.096313726156949997e-02
-3.768287226557731628e-02
-4.970875754952430725e-02
1.649533514864742756e-03
-3.341343998908996582e-02
-3.674764931201934814e-02
-2.023995295166969299e-02
-2.993734553456306458e-02
-5.256916210055351257e-02
-5.135416612029075623e-02
-3.119929507374763489e-02
6.493301689624786377e-02
-3.086387924849987030e-02
-6.817062199115753174e-02
9.517910331487655640e-02
-3.306325152516365051e-02
-5.680663511157035828e-02
7.409732043743133545e-02
-3.182746469974517822e-02
-1.768292486667633057e-02
1.171346101909875870e-02
9.480732493102550507e-03
4.279345273971557617e-03
2.672912366688251495e-02
2.439622022211551666e-02
3.541418164968490601e-02
-4.346027970314025879e-03
1.954130828380584717e-02
-1.966355368494987488e-02
-4.482150450348854065e-02
-3.426508978009223938e-03
-1.955882646143436432e-02
-4.418962448835372925e-02
3.058440517634153366e-03
4.663253203034400940e-04
-2.852835133671760559e-02
-4.724448919296264648e-02
-5.849204957485198975e-02
-5.466137453913688660e-02
-2.104981569573283195e-03
-5.219510756433010101e-03
-4.944822285324335098e-03
5.600111559033393860e-02
3.562202304601669312e-02
9.212024509906768799e-03
-2.146356366574764252e-02
-5.905097723007202148e-02
-7.262792438268661499e-02
-1.881904527544975281e-02
-5.111991986632347107e-02
-8.334080874919891357e-02
-2.605656906962394714e-02
-5.882250890135765076e-02
-8.269673585891723633e-02
9.473019093275070190e-02
6.098741665482521057e-02
1.808458566665649414e-02
4.738865047693252563e-02
4.024983569979667664e-02
-1.304706092923879623e-02
1.277690380811691284e-02
9.428794146515429020e-04
-7.646001130342483521e-02
5.641962401568889618e-03
1.398266293108463287e-02
7.310426328331232071e-03
3.872869070619344711e-03
2.328008040785789490e-02
4.292873293161392212e-02
-2.721093595027923584e-02
-7.226221496239304543e-04
1.532065682113170624e-02
1.130915526300668716e-02
-7.338789757341146469e-03
-4.612671956419944763e-02
-4.252141807228326797e-03
9.612200781702995300e-03
-3.222689032554626465e-02
-7.073145825415849686e-03
-4.145056940615177155e-03
-1.875111274421215057e-02
2.528670616447925568e-02
4.958644509315490723e-03
4.322001710534095764e-02
-2.905920706689357758e-02
-3.999018575996160507e-03
-1.080473605543375015e-02
-4.032921418547630310e-02
-5.385090596973896027e-03
-1.482226140797138214e-02
-6.152009218931198120e-02
-2.979122288525104523e-02
-2.340037375688552856e-03
-3.056809306144714355e-02
5.410699639469385147e-03
1.582770608365535736e-02
-1.155143696814775467e-02
5.000766366720199585e-02
1.249003037810325623e-02
2.694498747587203979e-02
2.349608391523361206e-02
-2.873392589390277863e-02
1.044885627925395966e-02
2.757194824516773224e-02
6.435407325625419617e-03
-2.648561447858810425e-02
1.354732736945152283e-02
2.330319583415985107e-02
-1.804851926863193512e-02
-2.911935932934284210e-02
1.335470471531152725e-02
-1.325204316526651382e-02
-4.137613996863365173e-02
1.797341182827949524e-02
1.813949085772037506e-02
8.997300639748573303e-03
3.088445216417312622e-02
-3.171790018677711487e-02
-6.743196863681077957e-03
3.802085993811488152e-03
-9.316522628068923950e-02
-5.663876235485076904e-02
-2.714229933917522430e-02
-4.626265913248062134e-02
-2.885758690536022186e-02
-1.152903400361537933e-02
4.263848811388015747e-02
6.950353831052780151e-02
-1.064763288013637066e-03
7.896929746493697166e-04
2.539470419287681580e-02
3.775222226977348328e-02
1.403851062059402466e-02
6.897114682942628860e-03
2.165736071765422821e-02
-3.540079342201352119e-03
-6.029940675944089890e-03
-1.342926733195781708e-02
-1.151139382272958755e-03
2.533177100121974945e-02
3.741924185305833817e-03
3.853600099682807922e-02
4.306615516543388367e-02
1.051806565374135971e-02
1.516532804816961288e-02
-2.703581936657428741e-03
9.938696399331092834e-03
1.896284893155097961e-02
2.873554639518260956e-02
3.367151692509651184e-02
-2.832672931253910065e-02
2.242179960012435913e-02
2.351768687367439270e-02
1.158429868519306183e-02
-1.046880861395038664e-04
-9.224366396665573120e-03
2.067830972373485565e-02
-1.281003654003143311e-02
-2.105843275785446167e-02
-1.054227724671363831e-02
-3.700374066829681396e-02
-5.332458391785621643e-02
2.319469675421714783e-02
-2.618285361677408218e-03
-1.695224642753601074e-02
-2.767771296203136444e-02
-2.616303227841854095e-02
-4.860325530171394348e-02
-3.098168969154357910e-02
-1.187018398195505142e-02
-2.438315004110336304e-02
1.450186036527156830e-02
2.787635475397109985e-02
-2.702097035944461823e-02
2.729471400380134583e-02
4.442308098077774048e-02
1.443451922386884689e-02
2.102668583393096924e-02
4.607780650258064270e-02
3.202252835035324097e-02
-1.541001535952091217e-02
1.260337885469198227e-02
-1.662357943132519722e-03
-1.928525045514106750e-02
-2.009915187954902649e-03
-8.695365861058235168e-03
-8.086031302809715271e-03
-5.092114675790071487e-03
-1.579732447862625122e-02
-3.766208887100219727e-02
-2.489479072391986847e-02
2.642581984400749207e-02
-5.076476931571960449e-02
-4.200654104351997375e-02
3.102233447134494781e-02
-3.266248852014541626e-02
-2.421150542795658112e-02
1.946798153221607208e-02
-3.396998345851898193e-02
-4.117951542139053345e-02
-5.960436072200536728e-03
-1.881869696080684662e-02
-8.600078523159027100e-02
-4.902640357613563538e-02
3.703763009980320930e-03
-5.465291067957878113e-02
-3.081719391047954559e-02
-1.045672502368688583e-02
-8.811907842755317688e-03
-1.177540887147188187e-02
-5.787270609289407730e-03
9.110078099183738232e-04
1.214623800478875637e-03
-2.532816492021083832e-02
-4.847932606935501099e-03
-1.081374753266572952e-02
1.659613475203514099e-02
3.458369523286819458e-02
1.087012887001037598e-02
-2.302761748433113098e-02
5.948687903583049774e-03
1.531757693737745285e-02
-4.342878237366676331e-02
-1.217572204768657684e-02
-3.034398192539811134e-03
4.630589857697486877e-03
-1.416706666350364685e-02
1.494911778718233109e-02
-6.510963197797536850e-03
-2.769826911389827728e-02
-2.758376486599445343e-02
-1.221172418445348740e-02
-3.033085353672504425e-02
-2.062181197106838226e-02
4.211183264851570129e-02
1.567364111542701721e-02
-2.031278423964977264e-02
1.464237924665212631e-02
-6.894115824252367020e-03
-2.629412524402141571e-02
3.605587035417556763e-02
1.099330279976129532e-02
-1.072125625796616077e-03
2.076536044478416443e-02
1.936514303088188171e-02
2.527886070311069489e-02
1.240462064743041992e-02
6.363081745803356171e-03
3.036063909530639648e-02
-3.941494971513748169e-03
-1.857190206646919250e-02
1.726220175623893738e-02
-1.450884621590375900e-02
3.766261041164398193e-02
6.577520817518234253e-02
-6.847834214568138123e-03
3.790815919637680054e-02
6.137442216277122498e-02
8.573040366172790527e-03
5.240725819021463394e-03
3.761987388134002686e-02
-4.958976060152053833e-02
1.716301403939723969e-02
3.123981878161430359e-02
-3.831474855542182922e-02
2.510553039610385895e-02
5.889413878321647644e-02
-1.607872918248176575e-02
2.553829923272132874e-02
1.699154637753963470e-02
-1.381683070212602615e-02
-3.744793648365885019e-04
4.484222456812858582e-02
5.581888370215892792e-03
9.117124602198600769e-03
4.501308780163526535e-03
-1.044562365859746933e-02
7.475872989743947983e-04
-5.054949596524238586e-02
-1.349429693073034286e-02
-4.486376792192459106e-02
-7.020111382007598877e-02
2.534865960478782654e-02
4.750720225274562836e-03
-2.520268969237804413e-02
4.369984939694404602e-02
4.723281785845756531e-02
-1.018978748470544815e-02
-1.860786043107509613e-02
6.658370606601238251e-03
8.495044894516468048e-03
-2.572098001837730408e-02
-3.606061637401580811e-02
-2.498613670468330383e-02
-2.735316194593906403e-02
-6.964703649282455444e-02
-6.929186731576919556e-02
-1.303613744676113129e-02
-2.593886665999889374e-02
-3.451437130570411682e-02
4.239338636398315430e-02
9.583119302988052368e-03
-5.531740840524435043e-03
-6.141325924545526505e-03
-3.433805704116821289e-02
-1.623836345970630646e-02
-1.209169160574674606e-02
-1.447873562574386597e-02
-5.029508611187338829e-04
-1.571230404078960419e-02
-1.956464722752571106e-02
1.519468240439891815e-02
-2.197429537773132324e-02
-9.645011276006698608e-03
9.054671972990036011e-03
2.241078391671180725e-02
-1.290231384336948395e-02
-6.282584276050329208e-03
4.812255036085844040e-03
-2.728095569182187319e-04
-1.575662381947040558e-02
-8.043824695050716400e-03
-9.290385060012340546e-03
-4.394709132611751556e-03
2.380738221108913422e-02
1.303759962320327759e-02
1.501908153295516968e-02
-2.301396802067756653e-03
-1.569831930100917816e-02
-7.939388044178485870e-03
1.151489093899726868e-03
4.039727151393890381e-03
1.223831064999103546e-02
-1.818560622632503510e-02
-9.786120615899562836e-03
-1.269579771906137466e-02
-6.501589901745319366e-03
4.198322072625160217e-03
-3.803752828389406204e-03
-4.177371785044670105e-02
-2.869110926985740662e-02
-2.200809866189956665e-02
-4.475836083292961121e-02
-6.126591935753822327e-02
-6.607784330844879150e-02
-2.686062827706336975e-02
-1.422930322587490082e-02
-3.494871407747268677e-02
-1.993022672832012177e-02
-4.090250935405492783e-03
-1.766578853130340576e-02
2.364926505833864212e-03
-1.701009646058082581e-02
3.866293653845787048e-02
-1.978857070207595825e-02
-6.004496663808822632e-02
9.330797009170055389e-03
-1.002109237015247345e-02
-5.740311741828918457e-02
-3.978318721055984497e-02
-3.407956287264823914e-02
-4.029309377074241638e-02
2.576311305165290833e-02
-2.746315114200115204e-02
-4.817145317792892456e-02
-2.047435007989406586e-02
-2.180420048534870148e-02
-9.097995236515998840e-03
-3.271915391087532043e-02
-1.268648635596036911e-02
8.402868174016475677e-03
-1.873346045613288879e-03
-5.359607283025979996e-03
-4.362289037089794874e-04
6.675813347101211548e-03
-2.041308954358100891e-02
-3.433832153677940369e-02
-1.646365411579608917e-02
-3.665635734796524048e-02
-2.950835041701793671e-02
-1.842477172613143921e-02
-3.836790844798088074e-02
-4.036683216691017151e-02
-4.057646542787551880e-02
-5.986611824482679367e-03
-3.336299583315849304e-02
-3.490079939365386963e-02
6.520222406834363937e-03
-2.596761099994182587e-02
-1.938513107597827911e-02
2.792627364397048950e-02
2.466922625899314880e-02
6.483443081378936768e-03
2.077685855329036713e-02
3.222588822245597839e-02
3.176230192184448242e-02
-3.490687347948551178e-03
4.241445101797580719e-03
1.677985303103923798e-02
-1.377880759537220001e-02
-1.015631295740604401e-02
-2.998894546180963516e-03
-2.270756475627422333e-02
-1.219759602099657059e-02
-2.616721577942371368e-02
5.431504105217754841e-04
1.131304446607828140e-02
-1.075514778494834900e-02
1.337815541774034500e-02
2.602333948016166687e-02
4.322674497961997986e-02
5.978724453598260880e-03
7.061331998556852341e-03
1.843274012207984924e-02
-3.938625752925872803e-02
-1.983548328280448914e-02
-1.971138641238212585e-02
-1.871314458549022675e-02
-2.872563526034355164e-02
-4.749443754553794861e-02
1.866387017071247101e-02
9.717196226119995117e-03
-4.160489421337842941e-03
1.282496377825737000e-02
2.198163606226444244e-02
7.057001348584890366e-03
-7.635440211743116379e-03
9.980926290154457092e-03
-6.819568108767271042e-03
-3.108493611216545105e-02
-3.352641686797142029e-02
-1.750985905528068542e-02
-2.678223513066768646e-02
-2.081588655710220337e-02
-2.419482357800006866e-02
1.404629927128553391e-02
1.740631647408008575e-02
1.140878908336162567e-02
6.778614968061447144e-02
5.117030441761016846e-02
5.931060016155242920e-02
1.416887971572577953e-04
2.308117039501667023e-02
5.389743018895387650e-03
-2.641188539564609528e-02
-1.844599656760692596e-02
-2.451914548873901367e-02
-1.156798377633094788e-02
-8.997818455100059509e-03
-2.386540174484252930e-02
4.564445465803146362e-02
3.757180273532867432e-02
5.216760933399200439e-02
3.148556128144264221e-02
1.258021948160603642e-04
2.719802968204021454e-02
5.911569111049175262e-03
-3.525067493319511414e-02
-1.697873231023550034e-03
-1.992029137909412384e-02
-1.912021264433860779e-02
-1.282873842865228653e-02
3.366806730628013611e-02
1.999196596443653107e-02
1.858942396938800812e-02
-9.928763844072818756e-03
1.456072088330984116e-02
1.022089924663305283e-02
7.402426097542047501e-03
2.019360428676009178e-03
9.274328127503395081e-03
-1.974209770560264587e-02
-1.135390717536211014e-03
1.247192267328500748e-02
-3.787918016314506531e-02
4.454982001334428787e-03
1.534987706691026688e-02
-1.324024889618158340e-02
-1.368945837020874023e-02
5.247236695140600204e-03
-1.291857007890939713e-02
-4.257386084645986557e-03
3.929661586880683899e-03
-3.950835019350051880e-02
-1.944629848003387451e-02
2.639649668708443642e-03
-5.311159417033195496e-02
-2.751082368195056915e-02
-2.503344789147377014e-02
-2.370663732290267944e-02
-2.909887582063674927e-03
6.419267971068620682e-03
-1.628524437546730042e-02
-9.458044660277664661e-04
-8.334677666425704956e-03
1.477833744138479233e-02
1.332445815205574036e-02
2.982369065284729004e-02
-1.564775942824780941e-03
3.154029836878180504e-03
4.311064258217811584e-03
-2.465329505503177643e-02
-1.459486782550811768e-02
-1.346356794238090515e-02
1.230712793767452240e-02
2.257689461112022400e-02
2.937507256865501404e-02
1.718925870954990387e-02
3.620452014729380608e-03
6.242992356419563293e-03
-1.995324902236461639e-02
-1.612563990056514740e-02
-1.909532467834651470e-03
-1.880913414061069489e-02
3.792692348361015320e-02
5.272247362881898880e-03
-2.672473713755607605e-02
8.608732372522354126e-03
-1.111271511763334274e-02
-2.600641176104545593e-02
-1.212268136441707611e-02
-4.102344065904617310e-02
7.800937443971633911e-02
-2.573115983977913857e-03
2.129888720810413361e-02
6.520318798720836639e-03
-4.238808527588844299e-02
-3.387882187962532043e-02
-2.164173126220703125e-02
-3.248855099081993103e-02
-3.376688808202743530e-02
-5.174125730991363525e-02
-1.218776218593120575e-02
-2.414060942828655243e-02
-3.191144391894340515e-02
-3.161144256591796875e-02
-4.198778420686721802e-02
-1.589848659932613373e-02
-2.492872811853885651e-02
-4.272141307592391968e-02
-4.207722097635269165e-02
-4.360777139663696289e-02
-4.730171710252761841e-02
4.128519073128700256e-02
2.106892131268978119e-02
-5.276128067634999752e-04
1.273264735937118530e-02
-2.560018002986907959e-02
-1.717369630932807922e-02
4.457608610391616821e-02
5.144143477082252502e-02
2.841040864586830139e-02
3.440496744588017464e-03
-2.086450345814228058e-02
-1.945048011839389801e-02
-1.245124358683824539e-02
-4.382959753274917603e-02
-3.376961871981620789e-02
-3.728457167744636536e-02
-3.152723982930183411e-02
-2.629269473254680634e-02
-1.686558686196804047e-02
-4.337075166404247284e-03
-9.059958159923553467e-03
-1.463141478598117828e-02
-1.298108417540788651e-02
-2.382928133010864258e-02
1.645457930862903595e-02
3.592885658144950867e-02
1.770373061299324036e-02
5.197021644562482834e-03
-3.951381891965866089e-03
-5.477282218635082245e-03
-8.008779841475188732e-04
-7.981624454259872437e-03
-7.152061909437179565e-03
2.806675620377063751e-02
2.970524365082383156e-03
1.721442118287086487e-02
1.393373403698205948e-02
1.907209865748882294e-02
2.890359424054622650e-02
-3.936840966343879700e-02
-3.114832565188407898e-02
-2.187701500952243805e-02
-4.479875043034553528e-02
-3.153862804174423218e-02
-2.215441316366195679e-02
-1.227719429880380630e-02
-9.719541296362876892e-03
-8.833284489810466766e-03
3.551249206066131592e-02
2.959993109107017517e-02
1.213552989065647125e-02
9.034989401698112488e-03
-6.040087318979203701e-04
1.323895901441574097e-02
2.326935715973377228e-02
3.261792287230491638e-02
3.808441013097763062e-02
-3.927417565137147903e-03
-3.526822256390005350e-04
1.081105973571538925e-02
3.255967423319816589e-02
2.129843644797801971e-02
4.593432694673538208e-02
1.749026402831077576e-02
-1.246046274900436401e-02
9.605280123651027679e-03
2.474493160843849182e-02
4.627570044249296188e-03
7.154195569455623627e-03
1.322608813643455505e-02
6.151964422315359116e-03
1.031565386801958084e-02
-2.199230156838893890e-02
-1.873112469911575317e-02
-1.971042715013027191e-02
1.329608913511037827e-02
1.659456640481948853e-02
1.965780183672904968e-02
8.575200289487838745e-02
3.590516000986099243e-02
1.844898983836174011e-02
2.367652952671051025e-02
-1.900123432278633118e-02
-2.778190374374389648e-02
-3.886432200670242310e-02
-4.962441325187683105e-02
-3.544571623206138611e-02
-1.085651479661464691e-02
-2.150537818670272827e-02
-1.759781688451766968e-02
3.852212976198643446e-04
1.625400036573410034e-02
1.534282509237527847e-02
-4.650942573789507151e-04
-1.408024877309799194e-02
-7.911746390163898468e-03
1.427210494875907898e-02
-1.649552141316235065e-03
2.192010288126766682e-04
3.279590979218482971e-02
5.323420837521553040e-02
5.771243944764137268e-02
4.985950887203216553e-02
4.985841363668441772e-02
2.139727585017681122e-02
3.616706654429435730e-02
-1.837775483727455139e-02
-2.707799896597862244e-02
4.182450473308563232e-02
2.363999560475349426e-02
6.653172429651021957e-03
-9.302205406129360199e-03
-1.016450021415948868e-02
-2.012908086180686951e-02
-2.911610528826713562e-02
-2.547058276832103729e-02
-7.479488849639892578e-03
-4.629311338067054749e-02
-2.497733384370803833e-02
-1.652257144451141357e-02
-2.015931159257888794e-02
-1.693521998822689056e-02
-3.496612235903739929e-02
1.832818961702287197e-03
-4.063799511641263962e-03
1.166111510246992111e-02
-1.868892088532447815e-02
-8.889035321772098541e-03
-1.966447010636329651e-02
-4.987160116434097290e-02
-2.866190858185291290e-02
-1.720246858894824982e-02
-1.336566824465990067e-02
5.071590188890695572e-03
-8.861790411174297333e-03
-1.065757684409618378e-02
-1.856117695569992065e-02
-2.945888414978981018e-02
2.082335390150547028e-02
-1.917348615825176239e-02
-1.610319316387176514e-02
-5.746524408459663391e-02
-2.740972116589546204e-02
-2.129347622394561768e-02
-1.018884591758251190e-02
3.659076243638992310e-02
7.096111774444580078e-03
2.730931714177131653e-02
3.490218147635459900e-02
-1.196253485977649689e-02
2.037991210818290710e-02
1.876664115116000175e-03
1.658562757074832916e-02
6.076502799987792969e-02
5.297824740409851074e-02
4.454956576228141785e-02
5.141512304544448853e-02
4.585807770490646362e-02
5.782753229141235352e-02
3.835560381412506104e-02
4.367400333285331726e-02
4.426670074462890625e-02
-1.283647306263446808e-02
-1.553352270275354385e-02
1.822133176028728485e-02
-3.494519740343093872e-02
-1.595238968729972839e-02
-2.519912552088499069e-03
2.455620653927326202e-02
2.594582177698612213e-02
2.154602669179439545e-02
7.520576938986778259e-03
4.857661202549934387e-03
2.326197549700737000e-02
1.286614686250686646e-03
-6.862570997327566147e-03
5.199300125241279602e-03
-2.188864350318908691e-02
1.189543306827545166e-02
-2.753977198153734207e-03
-6.827295292168855667e-03
8.585099130868911743e-03
7.805989589542150497e-03
1.573370886035263538e-03
-1.724848989397287369e-03
1.131771691143512726e-02
-2.321911044418811798e-02
-1.456120051443576813e-02
-2.883152803406119347e-03
-6.913424469530582428e-03
-1.794040575623512268e-02
5.081346724182367325e-03
-3.037786483764648438e-02
-1.710268855094909668e-02
-2.048212289810180664e-02
-3.928972408175468445e-02
-5.208065733313560486e-02
-5.183045193552970886e-02
-3.230980411171913147e-02
-5.874193459749221802e-02
-5.809543654322624207e-02
-1.551935449242591858e-03
-6.207163911312818527e-03
1.748758833855390549e-03
4.770196229219436646e-02
2.429269999265670776e-02
1.508701592683792114e-02
1.507200859487056732e-02
5.978957284241914749e-03
1.664975099265575409e-02
-2.142481738701462746e-03
1.043087989091873169e-02
1.322717405855655670e-02
1.640092208981513977e-02
4.484182596206665039e-02
7.636947929859161377e-02
-6.778935343027114868e-02
6.348045426420867443e-04
3.762943437322974205e-03
-4.239104315638542175e-02
-2.189523912966251373e-02
-2.109281718730926514e-02
9.057874791324138641e-03
4.926616325974464417e-02
5.314206704497337341e-02
-8.682380430400371552e-04
6.728015840053558350e-03
2.592202834784984589e-02
6.821135058999061584e-03
1.871316926553845406e-04
-5.049661733210086823e-03
1.368312817066907883e-02
-8.975739590823650360e-03
-1.241352688521146774e-02
2.385598793625831604e-02
1.438781432807445526e-02
-2.802273258566856384e-02
-3.144438564777374268e-02
-2.304431982338428497e-02
-3.267185389995574951e-02
-4.306850954890251160e-03
-1.296240277588367462e-02
-1.787919551134109497e-02
3.566283732652664185e-03
2.111203968524932861e-03
1.972082816064357758e-02
-1.772004365921020508e-02
-3.851530374959111214e-03
2.163720782846212387e-03
-6.591700017452239990e-03
-5.571079999208450317e-02
4.629741236567497253e-02
5.602883175015449524e-02
3.866440802812576294e-02
7.402977347373962402e-02
2.786413766443729401e-02
2.242929488420486450e-02
2.464343421161174774e-02
-4.394795373082160950e-02
-3.127516433596611023e-02
-2.445089444518089294e-02
2.977873431518673897e-03
8.830090053379535675e-03
1.953703351318836212e-03
-6.543391384184360504e-03
-7.833641953766345978e-03
-2.319683879613876343e-02
2.870439924299716949e-02
5.708144977688789368e-02
2.400695905089378357e-02
3.404041007161140442e-02
6.410352885723114014e-02
4.766940325498580933e-02
4.214418586343526840e-03
5.334805324673652649e-02
6.529927253723144531e-02
1.395117118954658508e-02
4.370828624814748764e-03
2.412680722773075104e-02
1.214547362178564072e-02
-2.626511827111244202e-02
1.862860168330371380e-03
1.220716349780559540e-02
6.918808910995721817e-03
1.300607807934284210e-02
-2.793720364570617676e-02
-7.019264157861471176e-03
-4.709987260866910219e-04
-1.015744358301162720e-02
-7.634387584403157234e-04
-1.585547812283039093e-02
-5.478172563016414642e-03
9.304388076998293400e-04
-1.072787865996360779e-02
-2.524370141327381134e-02
-4.255355894565582275e-02
-4.006149992346763611e-02
-7.094147149473428726e-03
-6.341203115880489349e-03
-2.122387476265430450e-02
-1.402086485177278519e-02
-1.318274904042482376e-02
3.358712419867515564e-02
-8.470938540995121002e-03
-2.004432491958141327e-02
-2.655981481075286865e-02
-4.410880152136087418e-03
-1.473957952111959457e-02
-2.656544372439384460e-02
-7.693148683756589890e-03
-1.367357373237609863e-02
1.062513794749975204e-02
-2.220596931874752045e-02
-3.825733438134193420e-02
-1.949005015194416046e-02
1.670604571700096130e-02
-1.033376087434589863e-03
-8.272382430732250214e-03
1.430449541658163071e-02
3.549057990312576294e-02
2.737505920231342316e-02
-4.978788271546363831e-02
-5.803520232439041138e-02
-5.337969958782196045e-02
-2.880956605076789856e-02
-7.424639072269201279e-03
6.674431497231125832e-04
3.209158405661582947e-02
5.014850571751594543e-02
5.907460674643516541e-02
3.965097665786743164e-02
3.441191092133522034e-02
-1.504615135490894318e-02
2.658053860068321228e-02
2.535998448729515076e-02
-7.959681749343872070e-02
-1.943542808294296265e-02
-3.015206754207611084e-02
-1.018524765968322754e-01
7.596841454505920410e-02
8.791230618953704834e-02
1.548647601157426834e-02
5.943845584988594055e-02
6.008580327033996582e-02
4.589404445141553879e-03
-2.163537405431270599e-02
-2.029097639024257660e-02
-3.301842883229255676e-02
-3.420577570796012878e-02
-1.842705719172954559e-02
-1.881912536919116974e-02
-2.336608618497848511e-02
-2.471884526312351227e-02
-1.724284701049327850e-02
2.810276579111814499e-03
4.252794198691844940e-03
-4.073605686426162720e-02
1.782239601016044617e-02
-1.460277196019887924e-02
-3.493088856339454651e-02
2.413748065009713173e-03
-3.965465724468231201e-02
-5.091979354619979858e-02
-1.862665079534053802e-02
-2.798027591779828072e-03
2.994208782911300659e-02
3.149745240807533264e-02
4.973094165325164795e-02
8.308841288089752197e-02
1.189644541591405869e-02
1.713370159268379211e-02
3.852497413754463196e-02
7.626984734088182449e-03
3.461447730660438538e-02
3.288601711392402649e-02
-2.359081991016864777e-02
-2.746437909081578255e-03
3.382887225598096848e-03
-2.579480223357677460e-02
-1.573418639600276947e-02
-3.811883041635155678e-03
-6.112740375101566315e-03
-2.047524414956569672e-02
-3.000177443027496338e-02
-1.437209546566009521e-03
-1.102654449641704559e-02
-4.661274701356887817e-02
1.829003728926181793e-02
3.374994918704032898e-02
-2.302676439285278320e-02
-1.456013601273298264e-02
7.456446997821331024e-03
-4.556151106953620911e-02
4.549900442361831665e-02
1.277603209018707275e-02
-3.679145127534866333e-02
2.256726613268256187e-03
-6.207006052136421204e-03
-4.606185108423233032e-02
1.967145316302776337e-02
3.783345595002174377e-02
1.164209563285112381e-02
6.917237769812345505e-03
1.845323108136653900e-02
-7.204828318208456039e-03
7.123274728655815125e-03
1.736039295792579651e-02
2.074991539120674133e-02
3.646766766905784607e-02
6.379805505275726318e-02
3.299980238080024719e-02
-1.975865289568901062e-02
2.861134894192218781e-02
1.273994613438844681e-02
3.622657433152198792e-02
1.628384366631507874e-02
2.134830504655838013e-02
4.282882809638977051e-02
1.473619323223829269e-02
-5.813066381961107254e-04
-2.360878325998783112e-02
-9.208231233060359955e-03
7.772539276629686356e-03
-5.371677502989768982e-02
-5.539541319012641907e-02
-3.448121994733810425e-02
-7.234498858451843262e-02
-6.352292001247406006e-02
-2.787471981719136238e-03
6.352131813764572144e-02
3.557906299829483032e-02
1.980737969279289246e-02
-9.750679135322570801e-03
-2.707263641059398651e-02
1.460809819400310516e-02
-1.313737593591213226e-02
-2.940163202583789825e-02
-1.581175625324249268e-02
7.378139346837997437e-02
4.976485297083854675e-02
5.932423844933509827e-02
3.085646033287048340e-02
-1.175000797957181931e-02
8.471022360026836395e-03
-3.060474805533885956e-02
-6.896615494042634964e-03
-3.460432961583137512e-02
-3.869243664667010307e-03
-3.179721068590879440e-03
5.485649220645427704e-03
-6.993184797465801239e-03
-1.998719759285449982e-02
-5.118381697684526443e-03
-5.335376784205436707e-02
-7.028195261955261230e-02
-1.457204949110746384e-02
4.024760052561759949e-02
1.151221152395009995e-02
-2.864211611449718475e-02
5.340559035539627075e-02
-9.661406511440873146e-04
-3.288058191537857056e-02
-6.697939243167638779e-03
-7.304346654564142227e-03
-1.448705326765775681e-02
5.467855185270309448e-02
1.352531183511018753e-02
-5.151102319359779358e-02
2.635883912444114685e-02
1.310427859425544739e-02
-5.820645019412040710e-03
-2.154078707098960876e-02
-1.338077592663466930e-03
1.784541085362434387e-02
-8.395192772150039673e-02
-4.831083863973617554e-02
7.086948025971651077e-03
-7.831588387489318848e-03
-6.342432927340269089e-03
5.092534050345420837e-02
1.580223254859447479e-02
3.244659304618835449e-02
4.733745381236076355e-02
-5.920330807566642761e-02
-6.543056666851043701e-02
-4.378648847341537476e-02
-3.370013460516929626e-02
-6.254737079143524170e-02
-7.100002467632293701e-02
-1.310685556381940842e-02
-1.631786674261093140e-02
-1.330165658146142960e-02
-9.955753386020660400e-02
-8.322538435459136963e-02
-6.602137535810470581e-02
-8.644938468933105469e-02
-7.580799609422683716e-02
-1.382710295729339123e-03
-5.525303632020950317e-02
-2.894395962357521057e-02
1.671147160232067108e-02
9.720475971698760986e-02
4.211309179663658142e-02
4.626772180199623108e-02
6.205337494611740112e-02
8.181886747479438782e-03
1.001304714009165764e-03
2.188775688409805298e-02
1.247186865657567978e-02
1.879063062369823456e-02
6.883275508880615234e-02
2.126030437648296356e-02
5.371602997183799744e-02
-1.794508309103548527e-03
-3.402134403586387634e-02
4.804956726729869843e-03
-5.524661391973495483e-02
-4.525770246982574463e-02
-3.943269327282905579e-02
3.582044504582881927e-03
1.436025602743029594e-03
-5.267734639346599579e-03
3.757131844758987427e-02
4.672099277377128601e-02
2.305747568607330322e-02
6.807596236467361450e-02
5.883877351880073547e-02
8.608199656009674072e-02
-2.796636894345283508e-02
-5.085389688611030579e-02
-4.778488725423812866e-02
-3.124916367232799530e-02
-1.680019684135913849e-02
-1.396155450493097305e-02
1.682610623538494110e-02
1.082848873920738697e-03
-2.190958522260189056e-02
-3.819589316844940186e-02
-4.302843287587165833e-02
-6.991683039814233780e-03
-7.305354345589876175e-03
1.450796332210302353e-02
1.483002025634050369e-02
4.034598544239997864e-02
5.777863785624504089e-02
5.372224003076553345e-02
-3.477476164698600769e-02
1.501249265857040882e-03
1.443920191377401352e-03
-2.417751401662826538e-02
9.923068806529045105e-03
-1.086420565843582153e-02
-4.848809912800788879e-02
-3.339198231697082520e-02
-3.446784615516662598e-02
-6.164373084902763367e-02
-5.975455045700073242e-02
-5.715792067348957062e-03
-4.430411756038665771e-02
-4.928226023912429810e-02
-3.058760426938533783e-03
1.686077937483787537e-02
1.655958779156208038e-02
7.168510556221008301e-02
-5.620608106255531311e-03
-3.884674748405814171e-03
-2.177862683311104774e-03
-8.109426498413085938e-02
-6.301314383745193481e-02
-2.682102099061012268e-02
-6.485743820667266846e-02
-6.827098131179809570e-02
-4.212560877203941345e-02
3.882026672363281250e-02
-2.660888480022549629e-03
-4.626526311039924622e-02
3.039484471082687378e-02
-9.287063032388687134e-03
-4.070517420768737793e-02
6.546139717102050781e-02
3.579996526241302490e-02
4.280443489551544189e-02
-6.839297711849212646e-04
-2.806412056088447571e-02
-7.626699749380350113e-03
-1.866588136181235313e-03
-1.831673434935510159e-03
-1.084402296692132950e-02
-2.623855508863925934e-02
-2.321328036487102509e-02
-3.051381558179855347e-02
2.361319027841091156e-02
-3.241446986794471741e-02
-3.534437343478202820e-02
3.716114908456802368e-02
-1.324817258864641190e-02
-5.444817617535591125e-02
8.379399776458740234e-02
5.734923854470252991e-02
3.088715486228466034e-02
7.523478567600250244e-02
4.874508082866668701e-02
5.401738360524177551e-02
2.308217808604240417e-03
6.560477893799543381e-03
3.333297744393348694e-02
4.176532384008169174e-03
-1.258239429444074631e-02
5.639329180121421814e-02
-2.455495530739426613e-03
-4.141941666603088379e-03
-1.746624708175659180e-02
-1.664765551686286926e-02
-1.343138609081506729e-02
-1.131567265838384628e-02
-8.549100905656814575e-02
-8.666110783815383911e-02
-4.822979494929313660e-02
4.147407039999961853e-02
4.337928071618080139e-02
-4.135338217020034790e-02
-5.434162542223930359e-02
-2.105209976434707642e-02
-7.185311615467071533e-02
-7.908266037702560425e-02
-5.308513343334197998e-02
-6.397677958011627197e-02
1.310865394771099091e-02
3.388702869415283203e-02
3.860355541110038757e-02
-4.929433763027191162e-02
-2.128422260284423828e-02
1.408899389207363129e-02
-3.596739843487739563e-02
-1.507489290088415146e-02
-3.526209853589534760e-03
-4.837762564420700073e-02
-4.325940832495689392e-02
-4.301046952605247498e-02
-4.330151528120040894e-02
-5.301655083894729614e-02
-1.585200242698192596e-02
-2.533484064042568207e-02
1.820898964069783688e-03
3.137495741248130798e-02
2.697638422250747681e-02
-2.008698182180523872e-03
-2.696001902222633362e-02
2.178278937935829163e-02
-4.572255536913871765e-03
-9.061187156476080418e-04
4.700786247849464417e-02
-2.067936398088932037e-02
4.783013463020324707e-02
-4.819508641958236694e-02
-5.837247590534389019e-04
6.273240782320499420e-03
-4.182211309671401978e-02
-1.491202693432569504e-02
-1.169019564986228943e-02
-5.173333361744880676e-02
-3.345834463834762573e-02
-5.724662169814109802e-02
-1.654283888638019562e-02
-5.935689434409141541e-02
-2.735798992216587067e-02
-9.781087283045053482e-04
-4.262223839759826660e-03
3.520068526268005371e-02
-2.289077267050743103e-03
-6.120299920439720154e-03
2.422239631414413452e-02
-2.252440340816974640e-02
-4.892100766301155090e-02
-1.932363584637641907e-02
-1.900252513587474823e-02
-5.437373369932174683e-02
2.544298302382230759e-03
-4.564440250396728516e-02
-4.090196453034877777e-03
5.834822729229927063e-02
1.670309342443943024e-02
5.645420774817466736e-02
5.524105951189994812e-02
-9.071260690689086914e-03
2.341715246438980103e-02
-1.331292092800140381e-02
-1.171027868986129761e-02
3.296725451946258545e-02
1.582360942848026752e-03
5.198894813656806946e-02
6.942205876111984253e-02
1.080229785293340683e-02
1.539940573275089264e-02
4.981052875518798828e-02
5.015350505709648132e-02
-1.702226139605045319e-02
2.406943961977958679e-02
4.044430330395698547e-02
-1.490673609077930450e-02
-4.177991673350334167e-02
-1.677236333489418030e-02
2.997382776811718941e-03
-1.918803900480270386e-02
1.875386200845241547e-02
2.720646373927593231e-02
-1.496569160372018814e-02
-1.428147498518228531e-02
-6.742764264345169067e-02
-6.331361830234527588e-02
-1.106060692109167576e-03
-9.523524343967437744e-02
-8.815104514360427856e-02
-2.857565507292747498e-02
-4.091569781303405762e-02
-2.074896544218063354e-02
1.054582092911005020e-02
-3.045923449099063873e-02
-5.492485314607620239e-02
-1.016243733465671539e-02
-4.882172495126724243e-02
-6.098847836256027222e-02
-2.718194387853145599e-02
2.641454711556434631e-02
-1.163969561457633972e-02
-8.133713155984878540e-03
1.739684678614139557e-02
4.891723021864891052e-02
2.350088674575090408e-03
-4.925179760903120041e-03
-2.774497307837009430e-02
-8.581256843172013760e-04
-1.238641445524990559e-03
-7.556052878499031067e-05
1.432194001972675323e-02
5.769815668463706970e-02
-2.664648927748203278e-02
-4.685794562101364136e-02
2.975986897945404053e-02
-2.632646262645721436e-02
-1.271016243845224380e-02
3.986992314457893372e-02
3.151217708364129066e-03
-3.796338569372892380e-03
-4.242348298430442810e-02
-1.602611504495143890e-02
2.071816101670265198e-02
-7.431406527757644653e-02
-2.745116315782070160e-02
-1.185124856419861317e-03
-5.827305465936660767e-02
-4.093169420957565308e-02
-1.272031944245100021e-02
-1.576939970254898071e-02
6.065434427000582218e-04
1.328099425882101059e-02
1.256653945893049240e-02
-1.093090698122978210e-02
2.999360300600528717e-02
9.444496035575866699e-02
8.093464374542236328e-02
7.705653458833694458e-02
-7.018343359231948853e-02
-4.642060771584510803e-02
-3.508237376809120178e-02
-7.354173809289932251e-02
-5.737083405256271362e-02
-5.289105325937271118e-02
-4.658783227205276489e-02
-2.488710358738899231e-02
-3.071696870028972626e-02
-3.969838377088308334e-03
-3.424141928553581238e-02
-4.101223126053810120e-02
6.427133921533823013e-03
-2.656916342675685883e-02
-3.444880992174148560e-02
2.815673686563968658e-02
2.981767803430557251e-02
8.618853054940700531e-03
-4.880831763148307800e-02
-4.038228839635848999e-02
-3.917053807526826859e-03
-2.664624527096748352e-02
-1.618747599422931671e-02
2.174042537808418274e-02
-1.744825020432472229e-02
-2.718149125576019287e-02
2.492910251021385193e-03
3.955138102173805237e-02
3.718943893909454346e-02
1.841689459979534149e-02
-2.194883301854133606e-03
3.356426581740379333e-02
4.318781138863414526e-04
-3.047269955277442932e-02
-3.722590953111648560e-02
-1.141017209738492966e-02
3.904558345675468445e-02
3.215665742754936218e-02
-9.096780791878700256e-03
5.751476436853408813e-02
5.392709374427795410e-02
2.736609801650047302e-02
3.734524175524711609e-02
7.239607721567153931e-02
7.616110146045684814e-02
-6.089447438716888428e-02
-5.080252885818481445e-02
-4.445362463593482971e-02
-2.762219868600368500e-02
-9.646192193031311035e-03
-3.590964898467063904e-02
-1.049017300829291344e-03
6.040357053279876709e-03
-1.205097883939743042e-02
-6.021940335631370544e-02
-4.440440982580184937e-02
-1.701319962739944458e-02
5.850940477102994919e-03
-2.857178216800093651e-03
-2.979595400393009186e-02
-2.092869579792022705e-02
-1.884344965219497681e-02
-1.181907299906015396e-02
1.354968920350074768e-02
-3.796049393713474274e-03
-1.815468631684780121e-02
2.365497127175331116e-02
1.899304799735546112e-02
-5.362263694405555725e-02
6.129062548279762268e-02
7.224968820810317993e-02
-6.753116613253951073e-04
5.613933317363262177e-03
-5.201360210776329041e-03
-1.678179204463958740e-02
1.123625133186578751e-02
9.456504136323928833e-03
-5.871379398740828037e-04
-1.857907697558403015e-02
1.653239130973815918e-02
2.256368519738316536e-03
-3.200579062104225159e-02
-4.145428538322448730e-02
-7.891873829066753387e-03
2.644776366651058197e-03
-3.555631265044212341e-02
-3.400316834449768066e-02
-1.849497109651565552e-02
-4.052858799695968628e-02
3.857367485761642456e-02
7.709975540637969971e-02
3.382830694317817688e-02
-9.423350915312767029e-03
4.692054912447929382e-02
2.003355138003826141e-02
-3.821361809968948364e-02
5.738707631826400757e-02
1.623230241239070892e-02
-4.872944951057434082e-02
4.462346434593200684e-02
2.062093652784824371e-02
-7.106098812073469162e-03
1.545697264373302460e-02
6.593022495508193970e-03
2.973421104252338409e-02
-6.507845828309655190e-04
-4.344267398118972778e-02
1.584194414317607880e-02
-3.326181322336196899e-02
-1.670870557427406311e-02
-2.149441279470920563e-02
-7.137793302536010742e-02
-3.152123838663101196e-02
-4.680075868964195251e-02
7.158514577895402908e-03
4.035185649991035461e-02
-1.024632994085550308e-02
-7.763212919235229492e-02
-4.682346433401107788e-02
-3.560325130820274353e-02
4.920750856399536133e-02
2.112612128257751465e-02
2.507318742573261261e-02
6.089505553245544434e-02
5.495323613286018372e-02
7.376635074615478516e-02
-1.092791091650724411e-02
2.467332221567630768e-02
5.374611169099807739e-02
1.245155290234833956e-04
1.447311509400606155e-02
5.036832019686698914e-02
-5.514889582991600037e-02
-4.053696990013122559e-02
1.241209264844655991e-02
-1.833255775272846222e-02
-1.873712427914142609e-02
-9.433416416868567467e-04
-3.644277527928352356e-02
-2.413980290293693542e-02
1.083499565720558167e-02
-4.779073968529701233e-02
3.487452119588851929e-02
9.252321720123291016e-02
-2.186420746147632599e-02
1.258479990065097809e-02
3.062137216329574585e-02
-1.592382788658142090e-02
6.940634339116513729e-04
1.059374399483203888e-02
1.028376791509799659e-04
8.264950476586818695e-03
8.490792475640773773e-03
-1.060392055660486221e-02
4.770444706082344055e-03
4.434450063854455948e-03
-1.217980869114398956e-02
6.803051568567752838e-03
1.664545573294162750e-02
-5.729710217565298080e-03
-6.005172617733478546e-03
5.674156825989484787e-03
-5.815916135907173157e-02
-3.706368058919906616e-02
-4.069611430168151855e-02
-1.733289845287799835e-02
1.272003748454153538e-03
-4.665655549615621567e-03
-3.442563489079475403e-02
-1.023393962532281876e-02
-2.101771347224712372e-02
3.498513624072074890e-02
2.479088865220546722e-02
1.783460751175880432e-02
6.707787979394197464e-03
3.699437249451875687e-03
-1.734304387355223298e-04
1.026497967541217804e-02
1.912682130932807922e-02
1.638166233897209167e-02
1.600066572427749634e-02
2.294541522860527039e-02
2.236918173730373383e-02
-2.723177336156368256e-02
-2.171501703560352325e-02
-2.395856007933616638e-02
2.936724340543150902e-03
2.125495113432407379e-02
2.646861411631107330e-02
-3.572984039783477783e-02
-2.379481494426727295e-02
-3.074956312775611877e-02
-1.391454413533210754e-02
-3.606908256188035011e-03
-1.345112267881631851e-02
-2.519579976797103882e-02
-1.827175356447696686e-02
-1.998554170131683350e-02
-3.028714284300804138e-02
1.869498938322067261e-02
-5.797874182462692261e-03
-3.459168225526809692e-02
4.551947582513093948e-03
-1.561218313872814178e-02
-3.615536168217658997e-02
1.135197188705205917e-02
-2.036075107753276825e-03
1.402441132813692093e-02
2.477457188069820404e-02
-9.978690184652805328e-03
1.955423131585121155e-02
3.217915073037147522e-02
-2.476647682487964630e-02
1.097359228879213333e-02
4.456581175327301025e-02
9.364669211208820343e-03
-1.369935274124145508e-02
2.812018245458602905e-02
4.431551322340965271e-03
8.189502172172069550e-03
2.334406599402427673e-02
1.089941430836915970e-02
5.381291732192039490e-03
-1.396789215505123138e-02
-1.166456006467342377e-02
2.893410623073577881e-02
4.431785270571708679e-02
5.773044005036354065e-02
2.223809435963630676e-02
2.831462398171424866e-02
4.913341626524925232e-02
5.571721121668815613e-03
1.699515618383884430e-02
1.816127635538578033e-02
2.158384956419467926e-02
6.348143331706523895e-03
7.447360549122095108e-03
-1.171803101897239685e-02
-1.471035741269588470e-02
-1.355207432061433792e-02
1.109625771641731262e-02
3.878079354763031006e-02
2.502870559692382812e-02
-3.137248381972312927e-02
-1.311305351555347443e-02
-2.196904644370079041e-02
-1.764756441116333008e-02
-4.314746242016553879e-03
-2.774711698293685913e-02
-5.993607919663190842e-03
2.174982614815235138e-02
-5.213412456214427948e-03
-1.693498715758323669e-02
-1.209692284464836121e-02
-2.593812532722949982e-02
-2.565300650894641876e-02
-1.874119788408279419e-02
-1.786931417882442474e-02
-2.446845918893814087e-02
-1.152813807129859924e-02
-2.603953331708908081e-02
-2.599780913442373276e-03
3.523280320223420858e-04
1.182704139500856400e-02
-9.319691918790340424e-03
-1.444883760996162891e-03
-2.771001122891902924e-02
-1.782320090569555759e-03
2.461225166916847229e-02
-2.127752173691987991e-03
1.418111845850944519e-02
8.012959733605384827e-03
-7.032345049083232880e-03
-2.916323719546198845e-03
-9.493829682469367981e-03
1.630860846489667892e-03
-1.781268790364265442e-02
-6.487382110208272934e-03
5.966638680547475815e-03
-1.488204952329397202e-02
-1.054352987557649612e-02
-4.963804502040147781e-03
1.671065576374530792e-02
2.034985227510333061e-03
2.148773986846208572e-03
-1.040212716907262802e-02
-1.821343973278999329e-02
-3.184448555111885071e-02
-6.680611521005630493e-03
-9.969810955226421356e-03
-4.149241838604211807e-03
1.388981752097606659e-02
-1.739229075610637665e-03
-4.934631753712892532e-03
-3.326674224808812141e-03
-1.993994414806365967e-02
1.415960490703582764e-03
-1.834900118410587311e-02
-1.685694418847560883e-02
-1.816451735794544220e-02
-5.706530995666980743e-03
-7.803140208125114441e-03
-7.758656516671180725e-03
9.045661427080631256e-03
-1.632648333907127380e-02
-1.646249555051326752e-02
-3.858589380979537964e-02
-2.926084026694297791e-02
-2.389676682651042938e-02
4.351286217570304871e-03
-1.733414013870060444e-03
-9.738864377140998840e-03
6.430361885577440262e-03
-1.373946852982044220e-02
-1.690309494733810425e-02
3.000613115727901459e-02
1.470679696649312973e-02
1.084727700799703598e-02
2.024488151073455811e-02
-2.182343974709510803e-03
2.150225080549716949e-02
6.075051054358482361e-02
4.438502341508865356e-02
5.031700432300567627e-02
-5.737081635743379593e-03
-2.750602725427597761e-04
-1.288878452032804489e-02
-2.128644287586212158e-02
-1.145817060023546219e-02
-1.557237282395362854e-02
-2.084138616919517517e-02
-4.779187496751546860e-03
-2.894138684496283531e-03
-6.766781210899353027e-03
-9.971515275537967682e-03
-1.662919856607913971e-02
-1.498237811028957367e-02
9.658211842179298401e-03
-2.341741463169455528e-03
-1.884873211383819580e-02
1.110228244215250015e-02
1.392326597124338150e-02
1.723621273413300514e-03
-2.115833386778831482e-02
-3.735626488924026489e-02
7.062988355755805969e-03
-1.213731430470943451e-02
-3.233389696106314659e-03
1.391796953976154327e-02
-1.413139700889587402e-02
5.622111726552248001e-03
1.384282950311899185e-03
1.901344954967498779e-02
-1.075126323848962784e-02
-4.286353359930217266e-04
1.872555166482925415e-02
-1.336323283612728119e-02
5.916397785767912865e-04
2.228738740086555481e-02
-3.823273815214633942e-03
-3.129041986539959908e-03
-2.769469842314720154e-02
-1.982239261269569397e-02
9.499696083366870880e-03
-4.950257763266563416e-02
-2.802313119173049927e-02
2.669047005474567413e-02
-1.152559276670217514e-02
1.354190055280923843e-02
-8.246585726737976074e-03
-4.059147089719772339e-02
-1.728338003158569336e-02
4.518305417150259018e-03
-7.192748598754405975e-03
5.140902940183877945e-03
4.783417098224163055e-03
-1.016010646708309650e-03
-3.796920645982027054e-03
-9.907254949212074280e-03
-1.251515559852123260e-02
-3.518095239996910095e-02
3.183116391301155090e-02
1.360105443745851517e-02
-9.050676599144935608e-03
-7.276574149727821350e-03
-1.060153078287839890e-02
1.690483652055263519e-03
9.874958544969558716e-03
5.069908685982227325e-03
-9.726948104798793793e-03
3.080040216445922852e-02
3.273629769682884216e-02
2.412324585020542145e-02
1.165663730353116989e-02
1.886379718780517578e-02
1.386009249836206436e-02
1.785237342119216919e-02
1.852166466414928436e-02
1.517758797854185104e-02
1.152463816106319427e-02
1.891090534627437592e-02
2.174799889326095581e-02
-1.803228951757773757e-05
-7.319227792322635651e-03
2.115091541782021523e-03
-3.345509245991706848e-02
-3.281878679990768433e-02
-3.904021531343460083e-02
-1.922648027539253235e-02
-1.557862386107444763e-02
-3.325375542044639587e-02
-7.689489051699638367e-03
1.114639639854431152e-02
2.778807654976844788e-03
-6.874789297580718994e-02
-4.717051237821578979e-02
-3.162535652518272400e-02
-1.992256380617618561e-02
-2.789792371913790703e-03
1.750740595161914825e-02
-3.045298345386981964e-02
-2.423560433089733124e-02
-1.009751693345606327e-03
7.848264649510383606e-03
6.957767065614461899e-03
-3.181065432727336884e-03
-1.809607073664665222e-02
-2.420186437666416168e-02
-1.604391634464263916e-02
-2.684136666357517242e-02
-2.058520168066024780e-02
-9.220427833497524261e-03
-1.699121296405792236e-02
-1.647420413792133331e-02
-3.413201868534088135e-02
-2.275142259895801544e-02
-1.301181316375732422e-02
-2.891130559146404266e-02
5.067411344498395920e-03
1.605769619345664978e-02
-9.720504167489707470e-04
-9.664064273238182068e-03
3.139481181278824806e-03
-1.785984961315989494e-03
-3.436335129663348198e-03
2.310469280928373337e-03
1.194831728935241699e-02
-1.203004550188779831e-02
-1.203375216573476791e-02
-3.469473682343959808e-03
-5.753335426561534405e-04
1.472090277820825577e-02
-2.579142805188894272e-03
-2.600804157555103302e-02
-7.509347517043352127e-03
-1.852073706686496735e-02
-2.968873456120491028e-02
-1.304254680871963501e-02
-3.386079519987106323e-02
2.049440331757068634e-02
1.362099964171648026e-02
2.969992905855178833e-02
-1.627898216247558594e-02
-1.418271753937005997e-02
-6.364920176565647125e-03
1.413299795240163803e-02
1.327157602645456791e-03
2.627265080809593201e-02
7.812464144080877304e-03
6.199870258569717407e-03
1.583050936460494995e-02
-2.232018625363707542e-03
-2.184646576642990112e-02
-4.245388135313987732e-02
-8.679118007421493530e-03
-1.988536305725574493e-02
-2.257795073091983795e-02
-7.159788161516189575e-03
-2.907956577837467194e-02
-5.678516626358032227e-02
-1.347376848571002483e-03
-7.919318042695522308e-03
-2.951347827911376953e-02
2.357814664719626307e-04
-1.005494315177202225e-02
-2.372679859399795532e-02
-3.914104402065277100e-02
-2.900807559490203857e-02
-1.385156810283660889e-02
-1.336580235511064529e-02
-4.275789484381675720e-03
7.304727332666516304e-04
2.070790622383356094e-03
2.221291698515415192e-02
5.785106215626001358e-03
-5.368799716234207153e-02
-2.385549992322921753e-02
-1.291710697114467621e-02
-2.282620966434478760e-02
-4.547630087472498417e-04
3.114138729870319366e-02
-1.265736389905214310e-02
4.358173813670873642e-03
1.685872860252857208e-02
-2.224204875528812408e-02
-1.431521726772189140e-03
-3.480323404073715210e-02
-7.204447407275438309e-03
1.138510834425687790e-02
-2.335497736930847168e-02
-1.022587064653635025e-02
4.629977978765964508e-03
-4.037641733884811401e-02
-1.134491246193647385e-02
-4.012898355722427368e-02
-4.531409591436386108e-02
-9.159875102341175079e-03
-1.849831454455852509e-02
-2.041419595479965210e-02
-1.193219330161809921e-03
-4.416609648615121841e-03
-1.804664358496665955e-02
1.296338159590959549e-02
5.773400887846946716e-03
5.012829322367906570e-03
-5.371479317545890808e-03
6.505420897156000137e-03
-3.127360250800848007e-03
-1.831356808543205261e-02
1.571883074939250946e-02
3.428353695198893547e-03
-4.989483207464218140e-02
-5.212961137294769287e-02
-6.786065548658370972e-02
-1.744488254189491272e-02
-8.022375404834747314e-03
-1.173038408160209656e-02
-3.459227457642555237e-02
-3.172090277075767517e-02
-1.826892234385013580e-02
-1.661068759858608246e-02
-7.508649956434965134e-03
-6.275389343500137329e-03
4.043953027576208115e-03
1.289022807031869888e-02
1.074302848428487778e-02
5.305488128215074539e-03
4.494437482208013535e-03
5.868408363312482834e-03
2.016438171267509460e-02
1.247797068208456039e-02
2.864123508334159851e-02
-4.463132470846176147e-03
9.717665612697601318e-03
1.239335630089044571e-02
-1.974586956202983856e-02
-4.204076714813709259e-03
-1.900685764849185944e-02
6.683029700070619583e-03
1.619536429643630981e-03
1.935627497732639313e-02
-4.614187031984329224e-02
-4.789645224809646606e-02
-5.245291069149971008e-02
-3.620414063334465027e-02
-1.259284559637308121e-02
-1.551775354892015457e-02
1.316487044095993042e-02
1.821639249101281166e-03
-1.600544434040784836e-03
1.437177509069442749e-02
7.342687342315912247e-03
3.119143366347998381e-04
1.913408748805522919e-02
-9.169572032988071442e-03
-2.042402513325214386e-02
-4.080069437623023987e-02
-1.833002828061580658e-02
-2.973923273384571075e-02
6.526990793645381927e-03
1.732156053185462952e-02
1.380117796361446381e-02
9.157472290098667145e-03
-3.229511203244328499e-03
2.836898900568485260e-03
-1.243648398667573929e-02
1.667329855263233185e-02
-2.677458338439464569e-02
-1.700659282505512238e-02
2.212379127740859985e-02
-6.432782858610153198e-03
-3.915173932909965515e-02
-3.413174767047166824e-03
-2.862050011754035950e-02
1.661642268300056458e-02
-5.778736434876918793e-03
9.400174953043460846e-03
-5.677417386323213577e-03
1.257625501602888107e-02
-7.914165966212749481e-03
2.143920771777629852e-02
4.143854230642318726e-02
-2.762975404039025307e-03
-6.589310243725776672e-03
-1.087090838700532913e-02
-1.636780612170696259e-02
-3.769753873348236084e-02
-5.021432042121887207e-02
-3.612831234931945801e-02
-2.803616411983966827e-02
-4.455219209194183350e-02
-3.201115876436233521e-02
-3.016174957156181335e-02
-1.585130952298641205e-02
-1.111634168773889542e-02
-2.775475941598415375e-02
-1.577479392290115356e-02
-1.228461135178804398e-02
-2.582830004394054413e-02
1.005975180305540562e-03
-3.812343580648303032e-03
-1.479901280254125595e-02
-6.009792443364858627e-03
-9.998064488172531128e-03
1.093390677124261856e-02
1.755267003318294883e-04
4.926265217363834381e-03
1.604953221976757050e-02
5.261152982711791992e-03
1.421168167144060135e-02
-8.151439949870109558e-03
8.129318244755268097e-03
2.509425859898328781e-03
-3.894430585205554962e-03
1.255652308464050293e-02
3.032732522115111351e-03
2.059030719101428986e-02
3.395587950944900513e-02
1.426376309245824814e-02
-2.198876254260540009e-02
-2.310532517731189728e-02
-3.521384671330451965e-02
-1.728293299674987793e-02
-1.383672934025526047e-02
-4.605660960078239441e-02
3.242425154894590378e-04
5.450495053082704544e-03
-2.105817943811416626e-02
4.633757285773754120e-03
-2.083104802295565605e-03
1.491075661033391953e-02
-1.035320945084095001e-02
7.252336945384740829e-04
5.833019036799669266e-03
-3.828752413392066956e-02
-1.915453374385833740e-02
-1.990993134677410126e-02
1.756532862782478333e-02
-1.448105275630950928e-02
-4.929431597702205181e-04
-1.320294942706823349e-02
-2.373117767274379730e-02
-3.045766986906528473e-02
-1.931040361523628235e-02
-1.887041702866554260e-02
-4.022561758756637573e-02
-6.941450294107198715e-03
4.825415555387735367e-03
-1.851985976099967957e-02
2.832692116498947144e-03
3.604277735576033592e-03
4.788972903043031693e-03
-3.843970829620957375e-03
7.177977357059717178e-03
3.723062109202146530e-03
-2.829146198928356171e-02
-1.790678501129150391e-02
-1.291658543050289154e-02
-1.877512410283088684e-02
-1.289115566760301590e-02
-8.669530041515827179e-03
-1.289800461381673813e-02
-4.637431353330612183e-03
-1.006297674030065536e-02
-1.537246722728013992e-02
1.263620704412460327e-02
6.827736506238579750e-04
-1.693699695169925690e-02
1.755607128143310547e-02
-9.478765539824962616e-03
-8.445537649095058441e-03
-2.240832691313698888e-04
-1.246465370059013367e-02
-2.208642102777957916e-02
-2.327245660126209259e-02
-3.008951619267463684e-02
-1.308113988488912582e-02
-1.848942600190639496e-02
-1.080940943211317062e-02
1.066623814404010773e-02
2.232596836984157562e-02
1.206406205892562866e-02
8.029472082853317261e-03
-5.664910189807415009e-03
3.433470055460929871e-02
-2.476460300385951996e-03
-9.374693967401981354e-03
3.816774487495422363e-02
-2.144852187484502792e-03
-2.085828594863414764e-02
2.231669053435325623e-02
-2.200833894312381744e-02
-2.247966267168521881e-02
-1.059980317950248718e-02
7.346129510551691055e-03
-6.956936791539192200e-03
1.118481066077947617e-02
4.095772653818130493e-02
-8.029255084693431854e-03
3.116865828633308411e-02
2.722850814461708069e-02
2.667758986353874207e-02
2.557080984115600586e-02
7.664214819669723511e-02
7.029660791158676147e-02
6.828421354293823242e-02
3.598614037036895752e-02
3.802591189742088318e-02
4.935030639171600342e-02
1.074749678373336792e-01
8.889733254909515381e-02
3.874203935265541077e-02
3.116432577371597290e-02
-1.280777435749769211e-02
-6.531678885221481323e-02
-1.633382029831409454e-02
-3.533212468028068542e-02
-9.130968153476715088e-02
-4.123654961585998535e-02
-2.073618769645690918e-02
-5.172213912010192871e-02
-1.096398849040269852e-02
1.616621157154440880e-04
-1.126050483435392380e-02
-1.887290179729461670e-02
-2.042208984494209290e-02
-2.394176460802555084e-02
-1.509489770978689194e-02
-1.913301460444927216e-02
6.520660594105720520e-03
9.588904678821563721e-03
3.822212805971503258e-03
-1.521961414255201817e-03
1.189118623733520508e-02
-2.549673244357109070e-02
-4.301972687244415283e-02
-4.285613074898719788e-03
4.542713984847068787e-03
5.129221826791763306e-03
-5.232667550444602966e-02
-2.590164169669151306e-02
-1.595737971365451813e-02
-4.657182097434997559e-02
-2.109803818166255951e-02
-5.629183258861303329e-03
-6.068503111600875854e-02
-2.940372936427593231e-02
-4.810063168406486511e-03
-2.623953297734260559e-02
-1.521570957265794277e-03
-1.341654080897569656e-02
1.111866813153028488e-02
6.589362863451242447e-03
-2.235542051494121552e-03
-1.067754253745079041e-02
-1.704493910074234009e-02
-1.971560716629028320e-02
1.454032491892576218e-02
-4.068255890160799026e-03
-2.814410720020532608e-03
1.220155507326126099e-03
2.485471544787287712e-03
2.817778848111629486e-02
1.647230982780456543e-02
1.365004014223814011e-02
1.827754266560077667e-02
-3.468200564384460449e-02
-4.628907889127731323e-02
-1.871770806610584259e-02
-3.457797691226005554e-02
-3.655017912387847900e-02
-4.721983522176742554e-02
-3.500446211546659470e-03
1.132955867797136307e-02
1.029653195291757584e-02
-1.617600396275520325e-02
2.187755703926086426e-02
4.858761094510555267e-03
-2.325036004185676575e-02
-2.828126773238182068e-02
-2.483423613011837006e-02
-2.267178380861878395e-03
-1.344168744981288910e-02
-4.259029403328895569e-03
-1.121124718338251114e-02
-2.311245352029800415e-02
-2.879486605525016785e-02
-2.821978181600570679e-03
-5.494955927133560181e-03
-2.447579428553581238e-02
1.531512476503849030e-02
2.433600835502147675e-02
3.320745236123912036e-05
-4.871497862040996552e-03
1.848803274333477020e-02
2.216068655252456665e-02
-1.299243420362472534e-02
-6.349253002554178238e-03
-8.372974582016468048e-03
1.530579989776015282e-03
-8.223770186305046082e-03
-2.993201464414596558e-02
1.542666740715503693e-02
2.266273647546768188e-02
4.395357333123683929e-03
2.136880904436111450e-02
4.490516707301139832e-02
3.165271878242492676e-02
-3.732618317008018494e-02
-1.442921720445156097e-02
-3.077968396246433258e-02
7.518841885030269623e-03
4.543874785304069519e-02
2.451326698064804077e-02
2.933569718152284622e-03
6.216239556670188904e-02
5.899515375494956970e-02
2.013960666954517365e-02
3.452239558100700378e-02
3.731689229607582092e-02
6.005519255995750427e-02
3.727328032255172729e-02
3.114680014550685883e-02
3.821733593940734863e-02
5.071740224957466125e-02
1.772650890052318573e-02
-8.222763426601886749e-03
-5.894933361560106277e-03
-5.172426346689462662e-03
1.024549128487706184e-03
-1.529892534017562866e-02
-2.916945330798625946e-02
-3.000211901962757111e-02
-3.441355004906654358e-02
-2.902083657681941986e-02
1.766086788848042488e-03
-1.958037167787551880e-02
-3.185323998332023621e-02
3.009691681654658169e-05
-8.766392245888710022e-03
-4.476246610283851624e-02
1.531035266816616058e-02
3.472079709172248840e-02
3.061361797153949738e-02
-1.988206431269645691e-02
-1.868259045295417309e-03
-5.937769077718257904e-03
-8.795244619250297546e-03
1.630951836705207825e-02
3.331307088956236839e-03
-1.640109345316886902e-02
2.110473997890949249e-02
-1.355024799704551697e-02
-2.925742790102958679e-02
3.485872223973274231e-02
3.602080047130584717e-02
-1.246785093098878860e-02
2.426238544285297394e-02
3.609282895922660828e-02
-2.766534127295017242e-02
-3.852615132927894592e-02
-2.381097711622714996e-02
-3.652712702751159668e-02
-4.502420127391815186e-02
-4.380088299512863159e-02
-1.703467033803462982e-02
-4.031427577137947083e-02
-5.105320736765861511e-02
-2.584789320826530457e-02
-3.672694787383079529e-02
-2.071175351738929749e-02
-1.588950492441654205e-02
2.219693548977375031e-02
4.182326048612594604e-02
-2.527069067582488060e-03
1.541256904602050781e-03
-2.090492285788059235e-03
-4.713678732514381409e-02
-4.636565595865249634e-02
-4.585563763976097107e-02
-1.598097011446952820e-02
8.866094052791595459e-03
-4.014592245221138000e-02
-1.001697313040494919e-02
-5.262421909719705582e-04
-2.846522815525531769e-02
-7.261177524924278259e-03
-2.821306884288787842e-02
-2.795879961922764778e-03
1.064385846257209778e-02
6.005757674574851990e-02
1.935432292520999908e-02
4.098468925803899765e-03
3.731377050280570984e-02
2.776078507304191589e-02
-9.477978572249412537e-03
-2.434491924941539764e-02
-2.471515908837318420e-02
-1.263324823230504990e-02
-2.143896371126174927e-02
-3.462706878781318665e-02
1.129716169089078903e-02
1.267460919916629791e-02
-1.153616979718208313e-02
-4.475939646363258362e-02
-4.466322809457778931e-02
-3.017796203494071960e-02
1.986095868051052094e-02
2.719780616462230682e-02
4.484841600060462952e-02
-1.697601750493049622e-02
2.147078886628150940e-02
5.642732232809066772e-02
-3.829764947295188904e-02
-1.103877183049917221e-02
1.512423343956470490e-02
-1.261079031974077225e-02
2.193976379930973053e-02
1.667438447475433350e-02
1.771982177160680294e-03
-1.468503032810986042e-03
-1.679230667650699615e-02
-2.365919388830661774e-02
-6.781736854463815689e-03
-9.362190961837768555e-03
-1.502949744462966919e-02
-1.500764582306146622e-02
-1.612866180948913097e-03
-2.158311754465103149e-02
-1.469064131379127502e-02
-3.006556362379342318e-04
-4.744144529104232788e-02
-1.186310220509767532e-02
-1.395365409553050995e-02
6.561579182744026184e-03
4.473783075809478760e-03
1.361679006367921829e-02
6.055377889424562454e-04
-1.793756522238254547e-02
-2.566279843449592590e-02
3.233826905488967896e-02
2.332621999084949493e-02
1.574780419468879700e-02
-2.082929201424121857e-02
-3.331341594457626343e-02
-2.259258553385734558e-02
-4.810078069567680359e-03
4.932821029797196388e-04
3.392437705770134926e-03
-7.167131640017032623e-03
2.762414887547492981e-02
2.800420485436916351e-02
-2.827954012900590897e-03
-2.924454212188720703e-02
-2.105089835822582245e-03
3.987194970250129700e-02
4.473915696144104004e-02
2.917921356856822968e-02
2.999457158148288727e-02
6.037013977766036987e-02
5.086316540837287903e-02
5.162515677511692047e-03
-8.924067020416259766e-03
-9.044636040925979614e-03
3.622595220804214478e-02
5.844682455062866211e-02
5.204648151993751526e-02
3.048219345510005951e-02
8.291245251893997192e-02
4.630806669592857361e-02
-5.706106498837471008e-02
-3.729512169957160950e-02
-3.250047098845243454e-03
-3.153200075030326843e-02
2.409619651734828949e-02
2.527945116162300110e-02
-3.792725503444671631e-03
-2.246993035078048706e-02
-3.247375832870602608e-03
-5.856529995799064636e-02
-4.722616076469421387e-02
-2.456467226147651672e-02
-1.560033671557903290e-02
-3.429653495550155640e-02
-2.551469020545482635e-02
1.840816438198089600e-02
5.791087169200181961e-03
-1.083186641335487366e-02
-4.975046962499618530e-02
-6.851609051227569580e-02
-4.407023265957832336e-02
-2.907732874155044556e-02
-9.295906871557235718e-03
-1.600982621312141418e-02
9.253148455172777176e-04
9.951804764568805695e-03
1.671191304922103882e-02
2.553003653883934021e-02
1.681752502918243408e-03
-8.349634706974029541e-03
3.088233433663845062e-02
4.331703111529350281e-02
2.743273042142391205e-02
1.428480818867683411e-02
2.183910831809043884e-02
2.689152024686336517e-02
5.067116022109985352e-02
4.364728182554244995e-02
4.328536987304687500e-02
2.111816965043544769e-02
3.000473044812679291e-02
4.683098942041397095e-02
2.326924353837966919e-02
1.979653537273406982e-02
1.961706206202507019e-02
-2.361624315381050110e-02
-4.529316350817680359e-02
-3.358957543969154358e-02
-1.509946677833795547e-02
-2.697031013667583466e-02
-2.612913399934768677e-02
5.158153548836708069e-02
7.300522178411483765e-02
2.887731976807117462e-02
-2.104472741484642029e-02
-3.530433401465415955e-02
-4.938019439578056335e-02
-2.127157151699066162e-02
-2.892808243632316589e-02
-1.278010848909616470e-02
-2.606877312064170837e-02
-2.274450473487377167e-02
1.040433906018733978e-02
-4.139681532979011536e-02
-5.129628255963325500e-02
-5.962067097425460815e-02
-2.823717147111892700e-02
-4.830668494105339050e-02
-4.836265742778778076e-02
-1.605822704732418060e-02
-1.758644916117191315e-02
-2.427652664482593536e-02
-1.904352940618991852e-02
-3.326741233468055725e-02
-1.148386765271425247e-02
2.509082853794097900e-02
4.235736094415187836e-03
4.544609040021896362e-02
1.116457395255565643e-02
4.276011884212493896e-02
6.723310798406600952e-02
-4.557195305824279785e-02
-2.796087972819805145e-02
-1.785763911902904510e-02
-6.308543961495161057e-03
-2.316770609468221664e-03
1.968783885240554810e-02
2.784091793000698090e-02
1.305298879742622375e-02
4.341431427747011185e-03
9.883686434477567673e-04
-1.375218108296394348e-02
-1.050869282335042953e-02
-9.882110171020030975e-03
-1.429455913603305817e-02
-1.960165239870548248e-02
2.115448750555515289e-02
-2.198622189462184906e-02
-2.959836833178997040e-02
3.252736479043960571e-02
-8.290942758321762085e-03
-4.210392758250236511e-02
3.275045379996299744e-02
-1.084478851407766342e-02
-1.813033223152160645e-02
1.434121374040842056e-02
1.718356646597385406e-02
-1.892561838030815125e-02
-1.501857396215200424e-02
1.805668137967586517e-02
4.456215538084506989e-03
-3.603251650929450989e-02
-1.674501691013574600e-03
-1.645673811435699463e-02
-1.495387684553861618e-02
-1.279003638774156570e-02
-6.928484421223402023e-03
3.276665508747100830e-02
-1.024717465043067932e-03
-2.162419632077217102e-02
6.089842692017555237e-02
3.333664312958717346e-02
3.958780784159898758e-03
4.853687807917594910e-02
4.013950377702713013e-02
9.394367225468158722e-03
-1.096770353615283966e-02
-1.003283821046352386e-02
-1.333431061357259750e-02
-2.707173302769660950e-02
-2.863435447216033936e-02
-3.532612696290016174e-02
-4.417462646961212158e-02
-6.388056278228759766e-02
-5.981377884745597839e-02
2.312054671347141266e-02
2.092569693922996521e-02
6.264063064008951187e-03
-1.716917380690574646e-02
-1.464289706200361252e-02
-3.321057930588722229e-02
-1.082848012447357178e-02
1.692213350906968117e-03
7.416481152176856995e-03
-1.755737513303756714e-02
-3.531777113676071167e-02
-2.596836350858211517e-02
-4.428143147379159927e-03
-3.225909546017646790e-02
-2.693564631044864655e-02
-5.379098001867532730e-04
-7.181839551776647568e-03
-1.520769018679857254e-02
-8.785984478890895844e-03
3.564259270206093788e-03
3.362296149134635925e-02
3.921092674136161804e-02
1.794446073472499847e-02
2.386591956019401550e-02
2.438018657267093658e-02
-2.344554057344794273e-03
1.938625820912420750e-03
-2.619228907860815525e-04
6.303743924945592880e-03
-1.478415913879871368e-03
-1.933542452752590179e-02
-2.617192640900611877e-02
9.362941607832908630e-03
-3.912339732050895691e-02
-2.784381993114948273e-02
-5.720255896449089050e-02
-4.248717427253723145e-02
-3.469518572092056274e-02
1.054051984101533890e-02
-2.529601380228996277e-02
-5.224027857184410095e-02
-3.727429732680320740e-02
2.233494073152542114e-03
-2.953710220754146576e-02
-3.816873207688331604e-02
3.002777695655822754e-02
2.880550920963287354e-02
4.659786075353622437e-02
-2.546851336956024170e-02
-9.848092682659626007e-03
-1.715688034892082214e-02
-1.235368102788925171e-02
-2.099736034870147705e-02
-1.013483386486768723e-02
-1.931416057050228119e-02
-4.134764894843101501e-03
6.309109274297952652e-03
2.466518059372901917e-02
-5.154754966497421265e-03
1.013579219579696655e-02
7.725813984870910645e-02
2.543704397976398468e-02
2.978043444454669952e-02
-3.638275712728500366e-02
-1.561131235212087631e-02
2.027932088822126389e-03
-1.000885851681232452e-02
-6.541424896568059921e-03
1.827510818839073181e-02
-2.775632590055465698e-02
1.509730797260999680e-02
1.906426250934600830e-02
-9.770286269485950470e-03
-4.925553500652313232e-02
-5.955575034022331238e-02
-3.693296387791633606e-02
-2.355533838272094727e-02
-3.516621887683868408e-02
-6.463991850614547729e-02
-5.833879113197326660e-02
-7.598165422677993774e-02
-3.955569118261337280e-02
-6.491261534392833710e-03
-3.059802018105983734e-02
-3.517671674489974976e-02
1.594384945929050446e-02
2.296401560306549072e-02
-4.743540659546852112e-02
-5.486777797341346741e-02
-4.728281870484352112e-02
4.441657103598117828e-03
-1.087969914078712463e-02
-3.029903396964073181e-03
-8.806311525404453278e-03
-5.019897129386663437e-03
-1.939702965319156647e-02
-1.595996320247650146e-02
1.515683811157941818e-02
-1.824842579662799835e-02
1.146542001515626907e-02
3.131282329559326172e-02
-2.012148499488830566e-02
-5.094658210873603821e-02
-3.531582653522491455e-02
-3.392759338021278381e-02
-3.844651952385902405e-02
-1.466632261872291565e-02
-2.593330107629299164e-02
-1.701535657048225403e-03
-4.036796838045120239e-02
-1.854964159429073334e-02
2.078045904636383057e-02
-3.034146968275308609e-03
1.077122893184423447e-02
2.016999945044517517e-02
2.544274367392063141e-02
5.409620329737663269e-02
3.634761646389961243e-02
3.596934676170349121e-02
2.611256390810012817e-02
2.582503296434879303e-02
-9.452571248402819037e-05
1.966871321201324463e-03
3.246285393834114075e-02
6.630952470004558563e-03
-1.492702029645442963e-02
2.076503820717334747e-02
7.077506277710199356e-03
-1.120037585496902466e-02
-1.157058216631412506e-02
2.208491601049900055e-02
-1.755061559379100800e-02
5.240289610810577869e-04
-3.865661844611167908e-02
-5.929385870695114136e-02
-2.594039030373096466e-02
-1.406658068299293518e-02
-4.871661216020584106e-02
-1.186208054423332214e-02
-1.531475875526666641e-02
-4.709016159176826477e-02
-2.578899636864662170e-02
-4.613852128386497498e-02
-5.188722908496856689e-02
-1.751272939145565033e-02
-1.390374638140201569e-02
-4.025739058852195740e-02
-5.382663104683160782e-03
4.333455581218004227e-04
-9.234038181602954865e-03
1.675708033144474030e-02
2.673935145139694214e-03
-6.776093039661645889e-03
-3.986307233572006226e-02
-4.279232025146484375e-02
-4.963649064302444458e-02
-2.943894825875759125e-02
-4.317522421479225159e-02
-3.403148055076599121e-02
2.302272617816925049e-02
-7.071436382830142975e-03
-8.445535786449909210e-03
2.563877217471599579e-02
4.843225330114364624e-02
1.970515213906764984e-02
2.038222923874855042e-02
8.809481747448444366e-03
2.283089235424995422e-02
-1.003802753984928131e-02
-5.046696588397026062e-02
-3.953321650624275208e-02
-4.883407801389694214e-02
-2.537532709538936615e-02
-3.581443801522254944e-02
-4.779755696654319763e-02
-1.524866279214620590e-02
-4.863143712282180786e-02
-1.875323988497257233e-02
-2.001556940376758575e-02
-4.617257788777351379e-02
-2.250374853610992432e-02
-4.291372373700141907e-02
-6.513339281082153320e-02
3.923078533262014389e-03
-2.358827367424964905e-02
-5.158901587128639221e-02
5.432358942925930023e-03
-2.617771178483963013e-02
-6.401883810758590698e-02
1.699645631015300751e-02
-1.069637946784496307e-03
2.002988010644912720e-02
-2.728650718927383423e-02
-4.088368266820907593e-02
-2.396221831440925598e-02
5.496280500665307045e-04
1.005659066140651703e-02
-3.560713306069374084e-02
-1.674224995076656342e-02
-1.073057483881711960e-02
1.387659925967454910e-02
4.198492038995027542e-03
9.347244165837764740e-03
1.977403648197650909e-02
-3.103968501091003418e-02
-2.036580815911293030e-02
-2.809002809226512909e-02
4.987722635269165039e-02
3.912837058305740356e-02
4.612876847386360168e-02
-1.518806722015142441e-02
-4.374989122152328491e-02
-1.811361685395240784e-02
8.079682447714731097e-05
1.535547315143048763e-03
7.599028758704662323e-03
3.561615571379661560e-02
3.007054561749100685e-03
-9.244919754564762115e-03
-1.681498810648918152e-02
-6.042692065238952637e-02
-4.706848040223121643e-02
-5.143153481185436249e-03
-3.933676332235336304e-02
-3.183526173233985901e-02
-1.006170548498630524e-02
-4.211029037833213806e-02
-3.872486203908920288e-02
-2.012248523533344269e-02
-4.920136928558349609e-02
-4.051952064037322998e-02
-1.653947122395038605e-02
-6.715118419378995895e-03
-3.669086843729019165e-03
-1.607684977352619171e-02
-1.679152436554431915e-02
-2.488755807280540466e-02
5.543925240635871887e-02
5.350691825151443481e-02
-1.233514049090445042e-03
4.156215861439704895e-02
1.855630427598953247e-02
-3.060482069849967957e-02
-1.492381468415260315e-02
-1.219296362251043320e-02
6.057846825569868088e-03
-2.247243653982877731e-03
1.769678085111081600e-03
-1.178913749754428864e-03
-9.388673119246959686e-03
-1.603592745959758759e-02
-1.780609972774982452e-02
1.185879018157720566e-02
-5.214764550328254700e-02
1.055496744811534882e-02
-1.889533363282680511e-02
-3.432960808277130127e-02
-1.856219023466110229e-02
2.860141685232520103e-03
9.541213512420654297e-03
5.021181423217058182e-03
2.767871133983135223e-02
2.800664165988564491e-03
2.117061801254749298e-02
-3.198627382516860962e-03
-3.761553019285202026e-02
-4.329245910048484802e-02
8.366264402866363525e-03
1.666797511279582977e-02
-1.077797822654247284e-02
7.107398007065057755e-03
-3.310330677777528763e-03
1.632578857243061066e-02
-6.200020667165517807e-03
-2.367299282923340797e-03
-5.167989060282707214e-03
-4.298513755202293396e-02
-2.872311137616634369e-02
-1.244756113737821579e-02
-2.692851237952709198e-02
-1.728365756571292877e-02
-3.212363272905349731e-02
-5.516383424401283264e-02
-1.521505136042833328e-02
-1.626733504235744476e-02
-3.933808952569961548e-02
-1.048347260802984238e-02
3.507426474243402481e-03
4.477094113826751709e-02
3.639343008399009705e-02
2.978467382490634918e-02
1.027565076947212219e-02
2.618014346808195114e-03
1.951780170202255249e-02
-2.838166244328022003e-02
-5.636624991893768311e-02
-5.606827139854431152e-02
-1.729629933834075928e-02
1.282436493784189224e-02
8.166655153036117554e-02
-4.383740574121475220e-02
-3.786762803792953491e-02
-9.812485426664352417e-03
-4.395313095301389694e-03
-2.760281600058078766e-02
-5.578892771154642105e-03
-2.977672498673200607e-03
6.700415629893541336e-03
4.347648937255144119e-03
-3.909838199615478516e-02
1.221180893480777740e-02
2.544284611940383911e-02
-1.540046837180852890e-02
-9.404146112501621246e-03
1.469464786350727081e-02
2.872850000858306885e-02
-4.521529655903577805e-03
1.933414116501808167e-02
4.731809347867965698e-02
1.580604165792465210e-02
1.629475690424442291e-02
5.922570824623107910e-03
3.100508823990821838e-03
-2.566066198050975800e-02
6.254846230149269104e-03
-2.823930978775024414e-02
8.349636482307687402e-05
-2.835913747549057007e-02
-5.085929110646247864e-02
-2.043786272406578064e-02
8.111809380352497101e-03
7.639710325747728348e-03
3.070018999278545380e-02
2.637324854731559753e-02
-1.870146207511425018e-02
-3.931019455194473267e-02
4.124680534005165100e-02
2.646343968808650970e-02
3.610788146033883095e-03
1.525926589965820312e-02
-5.781350657343864441e-03
-2.778624370694160461e-02
-3.201924264430999756e-02
-2.906717546284198761e-02
2.776350639760494232e-02
-2.099103294312953949e-02
-2.334561944007873535e-02
2.946833148598670959e-02
4.438945651054382324e-02
2.982635051012039185e-02
6.235006824135780334e-02
-3.025212883949279785e-02
-3.001324273645877838e-02
5.285896826535463333e-03
-2.459602989256381989e-02
-4.095952957868576050e-02
-1.265270356088876724e-02
-2.326343394815921783e-02
-4.794965963810682297e-03
1.660916768014431000e-02
2.659957297146320343e-02
1.424444839358329773e-02
2.161086350679397583e-02
-9.450465440750122070e-04
-2.647985238581895828e-03
6.582277710549533367e-04
-3.247087448835372925e-02
-1.966859214007854462e-02
-2.990779094398021698e-02
-2.862243540585041046e-02
-2.854554913938045502e-02
-1.218618359416723251e-02
8.503716439008712769e-03
-1.310921739786863327e-02
-6.876236759126186371e-03
2.655605040490627289e-02
-1.382138486951589584e-02
-2.970643155276775360e-02
-1.180284377187490463e-02
-2.159899845719337463e-02
-7.603408768773078918e-03
-2.113761752843856812e-02
-2.047829516232013702e-02
-1.722663827240467072e-02
2.784336544573307037e-02
1.803959137760102749e-03
1.193683035671710968e-02
5.386966513469815254e-04
1.884616445749998093e-03
-1.830189605243504047e-03
2.133679948747158051e-02
2.049970626831054688e-02
1.504702586680650711e-02
-6.791091989725828171e-03
-3.454938158392906189e-02
-6.634188815951347351e-03
7.402476854622364044e-03
1.174256857484579086e-02
1.652878895401954651e-02
5.207713320851325989e-02
3.176352754235267639e-02
2.284817956387996674e-02
3.662289679050445557e-02
7.875540293753147125e-03
-1.300690323114395142e-02
-7.078491151332855225e-03
1.524412352591753006e-02
1.940418966114521027e-02
2.861388400197029114e-02
-1.626593805849552155e-02
-6.214801222085952759e-03
4.465478286147117615e-02
-1.506148744374513626e-02
-1.032107602804899216e-02
-1.563521102070808411e-02
-2.905903942883014679e-02
-4.617273434996604919e-02
-2.856312878429889679e-02
-5.000835284590721130e-02
-4.467312619090080261e-02
7.055012043565511703e-03
-2.227858267724514008e-02
5.675092106685042381e-04
4.207977093756198883e-03
-9.178517939290031791e-05
7.612219545990228653e-03
-6.395496893674135208e-03
-1.296467427164316177e-02
3.849282162263989449e-03
3.088574111461639404e-02
5.405738577246665955e-02
4.761619865894317627e-02
-1.003504637628793716e-02
-1.050235051661729813e-02
-6.597877014428377151e-03
-4.018485173583030701e-02
-6.456787139177322388e-02
-5.442532524466514587e-02
-3.569670766592025757e-02
-9.907141327857971191e-03
-2.982526086270809174e-02
-2.648635953664779663e-02
-3.004676476120948792e-02
8.635643869638442993e-03
1.381376665085554123e-02
-2.820102497935295105e-02
9.998324327170848846e-03
5.976923927664756775e-02
3.749701753258705139e-02
8.093354105949401855e-02
4.839414358139038086e-02
1.305414829403162003e-02
-1.052266824990510941e-02
6.668153405189514160e-02
8.531145751476287842e-03
-1.053914707154035568e-02
7.492821197956800461e-03
-2.679131925106048584e-02
-3.013008739799261093e-03
-4.521494358777999878e-02
-3.429150208830833435e-02
-4.644535481929779053e-02
-1.667956821620464325e-02
-1.253013149835169315e-03
1.579844509251415730e-03
-1.344036310911178589e-02
-3.150923922657966614e-02
-5.614942405372858047e-03
3.189039230346679688e-02
9.293094277381896973e-03
-4.893401172012090683e-03
-3.186368197202682495e-02
-2.193430997431278229e-02
-5.039499606937170029e-03
-1.365917548537254333e-02
-2.657597512006759644e-02
1.069438643753528595e-02
-6.999566219747066498e-03
-2.533183805644512177e-02
2.955449186265468597e-02
7.111322134733200073e-03
-1.734046638011932373e-02
4.824206978082656860e-02
4.361403360962867737e-02
-2.359136380255222321e-02
-9.014623239636421204e-03
-4.675984755158424377e-02
-2.005108259618282318e-02
1.574943773448467255e-02
-3.620368195697665215e-03
2.039548009634017944e-02
4.976334422826766968e-02
-2.137681283056735992e-02
-3.683738783001899719e-02
1.175206899642944336e-02
-2.599704079329967499e-02
-1.537172868847846985e-02
-1.066803652793169022e-02
-1.949313841760158539e-02
1.073143817484378815e-02
4.170643910765647888e-02
-4.043960571289062500e-02
4.141949117183685303e-03
1.792962104082107544e-02
3.752938657999038696e-02
4.432061314582824707e-02
-1.045369915664196014e-02
2.019017003476619720e-02
1.897841691970825195e-02
-4.585016891360282898e-02
-3.854558244347572327e-02
-1.854351349174976349e-02
1.281079952605068684e-03
7.726382929831743240e-03
-1.646050810813903809e-02
-2.212188439443707466e-03
-3.304530307650566101e-02
-2.102135866880416870e-02
-3.675283119082450867e-02
-1.166053954511880875e-02
-9.206888265907764435e-03
-3.635107725858688354e-02
2.086280286312103271e-02
4.781321063637733459e-02
5.561650544404983521e-02
1.384107954800128937e-02
3.534650430083274841e-02
6.030499935150146484e-02
-3.526581451296806335e-02
-6.335623096674680710e-03
7.448284421116113663e-03
9.564413130283355713e-02
7.116828858852386475e-02
6.792023032903671265e-02
1.509041525423526764e-02
-8.441764861345291138e-03
-1.847224682569503784e-02
-5.609365552663803101e-02
-6.997696310281753540e-02
-5.358615145087242126e-02
1.551816798746585846e-02
3.224633634090423584e-02
1.816693134605884552e-02
-2.777009271085262299e-02
-4.680363461375236511e-03
-1.054351567290723324e-03
-2.248584665358066559e-02
-9.764102869667112827e-04
-1.410637423396110535e-02
4.370843060314655304e-03
-1.830403320491313934e-02
1.407568342983722687e-02
-2.205038443207740784e-02
-4.631985723972320557e-02
-1.483692135661840439e-02
-3.916579298675060272e-03
-4.571189731359481812e-02
1.284186821430921555e-02
-3.710640885401517153e-04
-1.176227349787950516e-02
-4.450152069330215454e-02
2.437893301248550415e-02
3.270663553848862648e-03
-5.187392607331275940e-02
-5.205224733799695969e-03
-5.590040236711502075e-03
-4.197300598025321960e-02
-5.469430238008499146e-02
-2.532589808106422424e-02
-6.886160932481288910e-03
-5.495085567235946655e-02
-5.771324411034584045e-02
-5.524398013949394226e-02
-2.930904366075992584e-02
-6.856699939817190170e-03
7.879739627242088318e-03
-1.331039797514677048e-02
-1.091217994689941406e-02
6.358364596962928772e-03
-3.104291670024394989e-02
1.707224058918654919e-03
2.464076504111289978e-02
3.700950369238853455e-02
4.795967787504196167e-02
3.040835447609424591e-02
6.636518519371747971e-03
5.358787719160318375e-03
-3.783382847905158997e-02
1.615391299128532410e-02
2.564053284004330635e-03
-6.480858195573091507e-03
2.928758785128593445e-02
2.998037030920386314e-03
1.734840869903564453e-02
2.650240063667297363e-02
-2.039169427007436752e-03
-2.282221335917711258e-03
-1.494237035512924194e-02
-3.886128962039947510e-02
-1.720952801406383514e-02
5.794580094516277313e-03
-2.402404090389609337e-03
2.896737679839134216e-02
-1.457215286791324615e-02
-2.896480262279510498e-02
-1.742678694427013397e-02
3.359013423323631287e-02
3.133301436901092529e-02
2.218035236001014709e-02
1.947164721786975861e-02
1.644761860370635986e-02
-1.803554035723209381e-02
1.920462964335456491e-04
-1.084849517792463303e-02
3.563601523637771606e-02
-1.880923286080360413e-02
-1.196495816111564636e-02
1.867902465164661407e-02
-3.373619168996810913e-02
-5.016972869634628296e-02
-1.359871961176395416e-02
3.317983075976371765e-02
1.023736112983897328e-04
3.184582805261015892e-03
4.065287113189697266e-02
2.498023025691509247e-02
1.859837397933006287e-02
1.284741330891847610e-02
3.607243672013282776e-02
1.892355829477310181e-02
-3.917533159255981445e-02
1.978603890165686607e-03
9.499384090304374695e-03
-2.972076088190078735e-02
1.835549436509609222e-02
3.341779112815856934e-02
3.410182520747184753e-02
1.688261702656745911e-02
3.592386096715927124e-02
-2.306808484718203545e-03
1.529314927756786346e-02
5.693425983190536499e-02
-2.707449719309806824e-03
-9.044672362506389618e-03
2.813227241858839989e-03
1.202950533479452133e-02
-1.455713715404272079e-02
-1.973453722894191742e-02
-2.595327422022819519e-02
-7.805833965539932251e-02
-4.007508233189582825e-02
-2.463289722800254822e-02
-3.499284759163856506e-02
-5.003094207495450974e-03
-5.639661476016044617e-02
-4.613016918301582336e-02
4.351773895905353129e-05
2.203452773392200470e-02
1.946520060300827026e-02
1.757998391985893250e-02
4.965149238705635071e-02
2.910136058926582336e-02
6.192145869135856628e-03
-7.888651452958583832e-03
3.839362645521759987e-03
-4.341855645179748535e-02
2.257372811436653137e-02
2.929455973207950592e-02
1.992391794919967651e-02
-8.004285395145416260e-03
1.074775587767362595e-03
-2.111698128283023834e-02
9.077749215066432953e-03
-3.525480255484580994e-02
-5.836420506238937378e-02
-3.060184605419635773e-02
-1.386115886270999908e-02
1.501739397644996643e-02
-4.713825136423110962e-02
-4.026629403233528137e-02
1.113688573241233826e-03
-4.832779243588447571e-02
-7.180507760494947433e-03
-2.298788866028189659e-03
-2.987035550177097321e-02
-1.495942939072847366e-02
1.060163415968418121e-02
-3.885757550597190857e-02
-8.412704803049564362e-03
-3.986473195254802704e-03
-2.533069252967834473e-02
-4.488879442214965820e-02
-3.620491363108158112e-03
-3.341798484325408936e-02
-2.334364131093025208e-02
-7.242921274155378342e-03
8.104811422526836395e-03
4.322085063904523849e-03
6.619519554078578949e-03
-1.524235215038061142e-02
5.596906994469463825e-04
8.047077804803848267e-03
-7.732144091278314590e-03
-2.731193229556083679e-02
-2.684717439115047455e-02
-1.002924749627709389e-03
-1.303641684353351593e-02
-2.449060790240764618e-02
-2.631287463009357452e-02
-1.738583482801914215e-02
-2.555334009230136871e-02
5.890201311558485031e-03
-2.296490967273712158e-02
-2.610618621110916138e-02
-4.043166991323232651e-03
-2.182759530842304230e-02
-1.938786543905735016e-02
1.615538261830806732e-02
-1.860721595585346222e-02
-1.915428042411804199e-02
2.720835059881210327e-02
4.526688531041145325e-02
3.532711043953895569e-02
3.177192807197570801e-02
3.638811036944389343e-02
3.266025707125663757e-02
1.058262027800083160e-02
2.495121583342552185e-02
-7.088195066899061203e-03
-2.480874955654144287e-02
-2.442158199846744537e-02
3.471613163128495216e-03
-7.670851796865463257e-02
-1.594392396509647369e-02
2.616935409605503082e-02
-2.677986957132816315e-02
2.794055081903934479e-02
5.431287363171577454e-02
1.710767671465873718e-02
-3.347211983054876328e-03
9.403375908732414246e-03
-1.319083198904991150e-02
-2.947334945201873779e-02
-4.239919036626815796e-02
-1.730008982121944427e-02
-8.970512077212333679e-03
-2.110106498003005981e-02
-6.387630850076675415e-02
-5.879395455121994019e-02
-2.936505340039730072e-02
-6.728148553520441055e-03
-1.768587529659271240e-02
-9.915084578096866608e-03
2.060713060200214386e-02
1.425676885992288589e-02
-2.737134881317615509e-02
1.976757484953850508e-04
-2.525614388287067413e-02
-2.957827970385551453e-02
9.433370083570480347e-03
-1.410466618835926056e-03
-1.600462011992931366e-02
-2.408162690699100494e-02
1.663353107869625092e-02
1.440556906163692474e-02
-3.917712345719337463e-02
-2.386997826397418976e-02
-1.643548347055912018e-02
-4.961677640676498413e-02
-3.774989396333694458e-02
-3.989392146468162537e-02
-4.955035820603370667e-02
-3.681457415223121643e-02
-3.019864857196807861e-02
1.422439236193895340e-02
1.747882738709449768e-02
4.083763808012008667e-02
-1.480452436953783035e-02
1.221449766308069229e-02
1.760334707796573639e-02
1.482536084949970245e-02
5.792271113023161888e-04
1.384797412902116776e-02
4.778872057795524597e-02
9.852798655629158020e-03
-2.966164238750934601e-02
4.262195527553558350e-02
5.448645912110805511e-03
-1.625557616353034973e-02
5.439621582627296448e-02
5.024041607975959778e-02
2.946372143924236298e-02
-3.855274245142936707e-02
-2.742531895637512207e-02
-4.915695264935493469e-02
-2.928414009511470795e-02
-2.440491318702697754e-02
-5.313661694526672363e-02
1.112592173740267754e-03
1.358397677540779114e-02
-3.352283313870429993e-02
-6.734841037541627884e-03
-2.063142880797386169e-02
-2.766087092459201813e-02
2.574417553842067719e-02
-5.158763960935175419e-04
-3.603201359510421753e-02
2.150400541722774506e-02
2.200227230787277222e-02
1.086443895474076271e-03
-1.737298071384429932e-02
2.508712187409400940e-02
-7.011193316429853439e-03
2.069854410365223885e-03
2.365509793162345886e-02
-3.788037924095988274e-03
5.656932014971971512e-03
-1.264459453523159027e-02
-3.075923305004835129e-03
-3.243429958820343018e-02
-4.279596358537673950e-02
2.205432951450347900e-02
-3.052913956344127655e-02
-2.975694090127944946e-02
1.398799009621143341e-02
1.743818633258342743e-02
2.226943615823984146e-03
3.103055059909820557e-02
-2.354261092841625214e-02
-4.559619724750518799e-02
-1.703976839780807495e-02
-1.563462987542152405e-02
-2.707817964255809784e-02
-1.034580916166305542e-02
1.286227814853191376e-02
3.551979083567857742e-03
1.835342310369014740e-02
-2.299974299967288971e-02
2.837869152426719666e-02
1.577154733240604401e-02
-3.731091693043708801e-02
-1.975276134908199310e-02
-8.490481413900852203e-03
-5.962964147329330444e-02
-2.695403620600700378e-02
-2.944135665893554688e-02
-8.535620570182800293e-02
-3.449975699186325073e-02
2.067537792026996613e-02
-3.776793926954269409e-02
-1.632106862962245941e-02
-3.070026403293013573e-03
-6.031886115670204163e-02
-3.467584401369094849e-02
-7.902790792286396027e-03
-2.949801087379455566e-02
-3.189487010240554810e-02
-2.352101728320121765e-02
-5.853966344147920609e-03
-1.709769852459430695e-02
-5.085752345621585846e-03
-3.459781408309936523e-02
-4.341129213571548462e-02
-2.233568020164966583e-02
-1.000617630779743195e-03
1.126396190375089645e-02
5.514854099601507187e-03
-9.221626678481698036e-04
6.501624826341867447e-03
9.142929688096046448e-03
-1.437634229660034180e-02
-8.476785384118556976e-03
5.860500503331422806e-03
1.722476631402969360e-02
3.112595528364181519e-02
1.480244938284158707e-02
-6.952198687940835953e-03
-8.993091993033885956e-03
1.605519652366638184e-02
-7.931349799036979675e-03
1.085779443383216858e-02
3.130133077502250671e-02
1.816399395465850830e-03
-5.511406561709009111e-05
-4.440645873546600342e-02
1.156847085803747177e-02
-2.115814574062824249e-02
-2.691534720361232758e-02
-3.083996998611837626e-04
5.479724612087011337e-03
-2.422297839075326920e-03
-5.745090171694755554e-02
-3.939007595181465149e-02
-2.999643608927726746e-02
-5.402438342571258545e-03
1.487447414547204971e-02
4.272534977644681931e-03
-2.017939463257789612e-02
-7.029490545392036438e-03
2.107490785419940948e-02
7.393188774585723877e-03
-7.460582535713911057e-03
-1.249671075493097305e-02
-2.388252690434455872e-02
-1.651310920715332031e-02
-2.078059315681457520e-02
-2.786126360297203064e-02
-1.191967260092496872e-02
-4.422586876899003983e-03
1.448829844594001770e-02
1.327670272439718246e-02
-3.793207556009292603e-02
9.784993715584278107e-03
1.022518519312143326e-02
-8.241713047027587891e-03
3.671002559713087976e-05
-5.114376172423362732e-02
-3.360475227236747742e-02
8.630489930510520935e-03
1.893896423280239105e-02
2.888424322009086609e-02
-1.959889382123947144e-02
-3.578873351216316223e-02
1.446940004825592041e-02
3.556880634278059006e-03
-1.481348648667335510e-02
3.042827546596527100e-02
2.497558109462261200e-02
8.725629188120365143e-03
6.031480152159929276e-03
3.707443922758102417e-02
2.047875337302684784e-02
3.655373677611351013e-02
-2.265752758830785751e-03
6.809287238866090775e-03
9.174484759569168091e-03
3.385737538337707520e-02
4.062651842832565308e-02
-1.616750098764896393e-02
3.858799487352371216e-02
4.968467727303504944e-02
1.650768145918846130e-02
3.984744194895029068e-03
8.468000590801239014e-02
5.958336591720581055e-02
-3.849928826093673706e-02
-3.023800998926162720e-02
-1.313784159719944000e-02
-4.205035790801048279e-02
-2.085158787667751312e-02
-2.291506342589855194e-02
-5.425274372100830078e-02
-1.455229893326759338e-02
-1.549062598496675491e-02
-1.047344692051410675e-02
-3.135649487376213074e-02
-7.094516768120229244e-04
1.369247399270534515e-02
-1.795695908367633820e-02
7.351899053901433945e-03
7.162629161030054092e-03
-2.643302269279956818e-02
-1.264062128029763699e-03
1.759590581059455872e-03
6.548688397742807865e-04
-8.591091260313987732e-03
-1.617483049631118774e-02
-2.610935829579830170e-02
1.511354814283549786e-03
9.692616760730743408e-03
-2.007144875824451447e-02
-9.256994962925091386e-05
4.923863708972930908e-02
2.286507748067378998e-02
-1.366578391753137112e-03
6.807381659746170044e-02
4.007538780570030212e-02
4.504983499646186829e-02
1.807149872183799744e-02
2.539897337555885315e-02
1.476934924721717834e-02
3.394207358360290527e-02
3.023964352905750275e-02
3.935559093952178955e-02
1.096489932388067245e-02
5.511799361556768417e-03
2.487796172499656677e-02
-4.365031421184539795e-02
-1.143748406320810318e-02
4.388623870909214020e-03
1.529922243207693100e-03
-7.061596028506755829e-03
-1.803913153707981110e-02
-2.170403860509395599e-02
-2.311799488961696625e-02
-1.824934966862201691e-02
-5.845941137522459030e-03
1.771136070601642132e-03
1.252492051571607590e-02
-4.045098647475242615e-02
-4.453771188855171204e-02
-4.603744298219680786e-02
-1.852222904562950134e-02
1.925366814248263836e-03
-1.827272772789001465e-02
3.134521842002868652e-02
5.308873206377029419e-02
4.371349513530731201e-02
1.176738645881414413e-02
1.238156575709581375e-02
-3.082218952476978302e-02
3.150167316198348999e-02
3.459896892309188843e-02
-4.493002779781818390e-03
-1.557007199153304100e-03
1.587064005434513092e-02
1.917606778442859650e-02
-1.066997181624174118e-02
5.073507502675056458e-02
3.458982706069946289e-02
5.159033834934234619e-02
4.330582916736602783e-02
-7.713298313319683075e-03
1.315992232412099838e-02
9.238418191671371460e-03
-3.672726079821586609e-02
-3.277975833043456078e-03
-1.548126712441444397e-02
1.982143335044384003e-02
-2.626124024391174316e-02
-2.788057550787925720e-02
-5.475283600389957428e-03
-2.779761143028736115e-02
-1.556804124265909195e-02
-2.588942646980285645e-02
1.067073922604322433e-02
-4.218169953674077988e-03
-1.108681969344615936e-02
3.439870476722717285e-02
-1.131155528128147125e-02
-1.452376949600875378e-03
-3.736459091305732727e-02
-1.992203481495380402e-02
-3.776539117097854614e-02
1.126956287771463394e-02
2.539237588644027710e-02
2.493389137089252472e-02
-8.132653310894966125e-03
4.155831120442599058e-04
3.707745418068952858e-05
5.223484244197607040e-03
2.156266011297702789e-02
2.779291942715644836e-02
-1.049916073679924011e-02
3.077727928757667542e-02
-2.739046886563301086e-02
-1.035357546061277390e-02
-2.848404110409319401e-04
-2.405268140137195587e-02
-5.936542153358459473e-02
-3.164124488830566406e-02
-3.919177502393722534e-02
1.526242587715387344e-02
3.554380312561988831e-02
-1.217687386088073254e-03
3.430224582552909851e-02
3.888041153550148010e-02
7.690414320677518845e-03
4.320630431175231934e-02
6.918608397245407104e-02
2.393764071166515350e-02
-1.431787945330142975e-02
-3.456618264317512512e-02
-5.809695646166801453e-02
-1.752195693552494049e-02
-1.515918038785457611e-02
-2.922067046165466309e-02
-2.194538526237010956e-02
-2.574186073616147041e-03
3.158879000693559647e-03
4.900875687599182129e-02
7.507176697254180908e-02
1.052791625261306763e-02
3.396161645650863647e-02
4.751438647508621216e-02
3.088489547371864319e-02
4.218855127692222595e-02
2.315655816346406937e-03
1.863388903439044952e-02
3.875920176506042480e-02
2.062921039760112762e-02
5.874131247401237488e-02
-1.320176851004362106e-02
-1.762703061103820801e-03
3.684880211949348450e-02
-3.406634554266929626e-02
-1.727754808962345123e-02
2.605287544429302216e-02
-8.361303247511386871e-03
2.079336903989315033e-02
-1.549578737467527390e-02
-1.426590047776699066e-02
3.055532462894916534e-02
4.943929146975278854e-03
-3.108714520931243896e-02
-7.921444252133369446e-03
-1.534572523087263107e-02
5.525180604308843613e-03
2.761535719037055969e-02
-3.013813309371471405e-02
-3.563613817095756531e-02
-8.516903966665267944e-03
-2.850770950317382812e-02
-2.177771367132663727e-02
-1.066901837475597858e-03
-4.067621659487485886e-03
1.530114095658063889e-02
5.315125361084938049e-02
3.609293326735496521e-02
-3.530994290485978127e-03
1.297719683498144150e-02
1.860553584992885590e-02
-1.364438515156507492e-02
7.231681142002344131e-03
3.163442388176918030e-02
-5.466518178582191467e-02
-3.297967836260795593e-02
-2.652381174266338348e-02
-2.415438368916511536e-02
-9.542210958898067474e-03
-4.173521010670810938e-04
-1.801030151546001434e-02
-2.319725975394248962e-02
-1.911724917590618134e-02
-2.327120304107666016e-02
-2.272190712392330170e-02
3.840117156505584717e-02
-3.414691425859928131e-03
-1.948599517345428467e-02
-1.703186891973018646e-02
2.038982231169939041e-03
-1.991544105112552643e-02
-2.288193441927433014e-02
-3.700873628258705139e-02
-7.918966002762317657e-03
8.542612195014953613e-04
3.741701692342758179e-02
1.191083065350539982e-04
-1.342142093926668167e-02
5.487973801791667938e-03
-4.448281228542327881e-02
-3.370935097336769104e-02
-3.802816942334175110e-02
-3.114523831754922867e-03
-1.730675576254725456e-03
3.369234502315521240e-02
3.371918946504592896e-02
7.485927548259496689e-03
4.482639953494071960e-02
3.623910481110215187e-03
-8.336660452187061310e-03
-9.593166410923004150e-03
-1.819658465683460236e-02
-1.839168742299079895e-02
-3.543436527252197266e-02
-4.860683158040046692e-02
-5.843782052397727966e-02
-1.303045731037855148e-02
-1.076238695532083511e-02
-2.109866775572299957e-02
-2.969099767506122589e-02
-3.364259749650955200e-02
-2.891512401401996613e-02
-6.985536310821771622e-03
-5.324243102222681046e-03
3.467876464128494263e-02
6.754565984010696411e-02
5.992511287331581116e-02
7.337482273578643799e-02
-7.069887127727270126e-03
-8.503988385200500488e-03
-1.003009639680385590e-02
-5.826213583350181580e-02
-5.209358781576156616e-02
-3.880448639392852783e-02
-2.185335382819175720e-02
-2.502549067139625549e-02
-1.759448088705539703e-02
4.491824656724929810e-03
2.340418659150600433e-02
1.390607468783855438e-02
1.850133575499057770e-02
4.388930648565292358e-02
3.474057093262672424e-02
2.567001059651374817e-02
2.143986523151397705e-02
2.920905360952019691e-03
-3.765458706766366959e-03
3.260815888643264771e-02
9.717025095596909523e-04
6.766043603420257568e-03
-1.568288169801235199e-02
-1.256155595183372498e-02
2.525571733713150024e-02
-5.142590403556823730e-02
-2.870469167828559875e-02
2.078723162412643433e-02
4.814633168280124664e-03
2.892190217971801758e-02
-9.661378338932991028e-03
1.564024202525615692e-02
4.945900291204452515e-02
-2.870128490030765533e-02
-8.578667184337973595e-04
1.165069825947284698e-02
4.374579526484012604e-03
2.891182154417037964e-02
3.284491971135139465e-02
-2.720955014228820801e-02
6.392834242433309555e-03
2.119728736579418182e-02
-1.704925671219825745e-02
-3.062657080590724945e-02
-1.127571519464254379e-02
-2.365564182400703430e-02
-2.469456754624843597e-02
-1.075064484030008316e-02
-2.240479551255702972e-02
-3.309949487447738647e-02
-4.589967429637908936e-02
-6.198936142027378082e-03
-1.016910653561353683e-02
-5.234247818589210510e-02
7.201383262872695923e-02
5.223637074232101440e-02
5.374049395322799683e-02
6.343301385641098022e-02
3.692812472581863403e-02
2.582925558090209961e-02
2.459875031490810215e-05
-2.925952197983860970e-03
1.736297644674777985e-02
-6.342411506921052933e-03
-1.658261008560657501e-02
-1.031398400664329529e-02
2.212033793330192566e-02
7.667386089451611042e-04
-1.141293998807668686e-02
8.750488981604576111e-03
-3.997906111180782318e-03
-9.036687202751636505e-03
-1.761620491743087769e-02
-2.488704863935709000e-03
1.994767226278781891e-02
-1.076198741793632507e-02
-4.048145189881324768e-02
-1.685862801969051361e-02
-3.060621023178100586e-02
-3.237356990575790405e-02
-3.373481705784797668e-02
-3.877272829413414001e-02
-2.550337277352809906e-02
-2.609588764607906342e-02
-6.140821147710084915e-03
-1.704364828765392303e-02
-1.098395138978958130e-02
6.315793842077255249e-02
2.020337991416454315e-02
1.471840497106313705e-02
8.878000080585479736e-03
5.386776290833950043e-03
1.629473641514778137e-02
3.224743157625198364e-02
5.395333748310804367e-03
-1.035350840538740158e-02
-9.351489134132862091e-03
-6.902360823005437851e-03
-1.194480806589126587e-02
1.795366406440734863e-02
8.333766832947731018e-03
-1.036492642015218735e-03
-1.009066682308912277e-02
1.095682010054588318e-02
5.225431523285806179e-04
2.821889333426952362e-02
4.812443256378173828e-02
2.691300585865974426e-02
-3.406120091676712036e-02
-1.004013791680335999e-02
-1.461733132600784302e-02
-6.201239302754402161e-02
-3.742652386426925659e-02
-2.455089427530765533e-02
-5.121720209717750549e-02
-1.943382434546947479e-02
-4.041975364089012146e-03
-1.161087490618228912e-02
-1.904338714666664600e-03
3.783815074712038040e-03
-3.523400798439979553e-02
-1.160031557083129883e-02
-1.690822467207908630e-02
-1.135321240872144699e-02
-3.970857709646224976e-03
1.197310816496610641e-02
-2.379417978227138519e-02
-2.535285800695419312e-02
-1.422975491732358932e-02
-2.754126116633415222e-02
-4.372624680399894714e-02
-2.908408269286155701e-02
4.406865686178207397e-02
1.898740045726299286e-02
7.088361890055239201e-04
6.648028647759929299e-05
-1.621029153466224670e-02
-2.374360524117946625e-02
-1.862149313092231750e-02
-1.761085540056228638e-02
-2.009239420294761658e-02
-8.256157860159873962e-03
1.227633445523679256e-03
1.793851703405380249e-02
4.424593411386013031e-03
2.138202078640460968e-02
-1.585297286510467529e-02
-1.125943195074796677e-02
-1.637366251088678837e-03
-5.259036552160978317e-03
-5.400626361370086670e-02
-5.854972824454307556e-02
-5.256140977144241333e-02
-6.123197823762893677e-02
-5.514525994658470154e-02
-5.646329745650291443e-02
-2.864189073443412781e-02
-2.503641694784164429e-02
-2.509943768382072449e-02
1.957430690526962280e-02
3.463937714695930481e-02
1.713169552385807037e-02
-5.356686934828758240e-02
-2.183398976922035217e-02
-2.548019215464591980e-02
-5.020747333765029907e-02
-4.487687721848487854e-02
-5.416169390082359314e-02
-2.269356884062290192e-02
-3.832232952117919922e-02
-4.678685590624809265e-02
-2.143652364611625671e-02
-4.121033102273941040e-02
-1.318728085607290268e-02
-1.879450306296348572e-02
-2.705628238618373871e-02
-1.305610127747058868e-02
-5.514112487435340881e-02
-1.805852539837360382e-02
-1.861363649368286133e-02
3.564526140689849854e-02
1.517903711646795273e-02
4.267723858356475830e-02
3.490576148033142090e-02
5.456997826695442200e-02
5.572352558374404907e-02
-2.817375026643276215e-02
-2.440374903380870819e-02
-1.822312176227569580e-02
1.671093050390481949e-03
-2.218004316091537476e-02
-4.284632578492164612e-02
-1.566686481237411499e-02
-1.935337297618389130e-02
-3.649820387363433838e-02
3.568224236369132996e-02
5.054932087659835815e-02
1.700391620397567749e-02
-2.144359983503818512e-02
-2.744569070637226105e-02
-5.754259228706359863e-02
-1.050787046551704407e-02
1.530179288238286972e-03
-3.407992422580718994e-02
-3.317570686340332031e-02
-4.954017698764801025e-02
-8.562448620796203613e-02
-6.854346953332424164e-03
1.613726466894149780e-02
2.007226832211017609e-02
-2.549695409834384918e-02
1.776343397796154022e-02
5.803783237934112549e-02
-1.490536145865917206e-02
-1.340720243752002716e-02
1.815814711153507233e-02
-1.835286431014537811e-02
-1.089252252131700516e-02
2.412475459277629852e-02
-2.023831754922866821e-02
-1.545430812984704971e-02
2.387176267802715302e-02
1.696765981614589691e-02
5.087674129754304886e-03
3.549236804246902466e-02
3.941807895898818970e-02
-1.054368354380130768e-02
-2.272989600896835327e-02
-4.959070589393377304e-03
-5.812580510973930359e-02
-5.066950619220733643e-02
5.378549918532371521e-03
-1.098189223557710648e-02
2.845057286322116852e-02
-9.253438562154769897e-03
2.003864385187625885e-02
6.136832758784294128e-02
-1.330480072647333145e-02
-1.205402892082929611e-02
1.793450862169265747e-02
6.522826850414276123e-03
-1.372366398572921753e-02
-1.800492638722062111e-03
-4.725652933120727539e-02
-4.064325615763664246e-02
-2.161000482738018036e-02
-1.608080603182315826e-02
1.259899232536554337e-02
-8.503469638526439667e-03
-3.430117294192314148e-02
2.802336588501930237e-02
-2.269278978928923607e-03
4.261319991201162338e-04
-3.562199344742111862e-05
2.233781851828098297e-02
5.117151141166687012e-02
3.113730996847152710e-02
3.418627381324768066e-02
-3.820774611085653305e-03
-4.784563183784484863e-02
-3.504918515682220459e-02
-7.497154001612216234e-06
-3.063070960342884064e-02
-2.583196014165878296e-02
2.199578098952770233e-02
-1.982242800295352936e-03
6.349420174956321716e-03
1.274624932557344437e-02
-1.116593088954687119e-02
-4.865293204784393311e-02
-3.639238886535167694e-03
3.899421542882919312e-02
7.651546597480773926e-02
-2.178779989480972290e-02
-9.041203884407877922e-04
5.680148303508758545e-02
-4.990264773368835449e-02
-2.772300876677036285e-02
-3.283658251166343689e-02
-3.531870990991592407e-02
6.358325481414794922e-03
1.324376929551362991e-02
-2.992043085396289825e-02
3.819723613560199738e-03
-1.028696168214082718e-02
1.302230078727006912e-02
7.090227678418159485e-03
-4.563459381461143494e-02
-2.412510849535465240e-02
-1.946293283253908157e-03
1.739064604043960571e-02
-1.867184299044311047e-03
-5.633759312331676483e-03
1.474581472575664520e-02
3.807463496923446655e-02
-2.321535022929310799e-03
1.728279143571853638e-02
-1.188445836305618286e-03
-2.732582204043865204e-02
-5.379432067275047302e-02
-1.777275465428829193e-02
-1.248098351061344147e-02
-1.859588548541069031e-02
-3.601197525858879089e-02
-4.470176994800567627e-03
-1.387913245707750320e-02
-8.625056594610214233e-03
8.811885491013526917e-03
-4.355868697166442871e-02
2.094148471951484680e-02
3.099617734551429749e-02
1.763341762125492096e-02
-5.362866795621812344e-04
1.260822638869285583e-03
-7.202493958175182343e-03
-1.833782880567014217e-03
-1.258304249495267868e-02
2.254347316920757294e-02
-1.186382491141557693e-02
-2.462487481534481049e-02
-9.037469513714313507e-03
2.607953548431396484e-02
1.966203935444355011e-02
-2.796176075935363770e-02
3.397218137979507446e-02
1.913795806467533112e-02
5.132377147674560547e-02
3.646626323461532593e-02
2.831872738897800446e-02
6.652900949120521545e-03
1.665150560438632965e-02
3.804682521149516106e-03
-4.964214935898780823e-02
-1.554449088871479034e-02
-3.541905060410499573e-02
-3.208240866661071777e-02
1.174389012157917023e-02
4.725048691034317017e-02
8.163775503635406494e-02
-7.219933718442916870e-02
4.601107910275459290e-03
-9.455133695155382156e-04
1.556563470512628555e-02
-1.316245831549167633e-02
-3.219256177544593811e-02
-9.013449773192405701e-03
-3.451012074947357178e-02
-5.136886239051818848e-02
-2.149097435176372528e-02
-3.553079813718795776e-02
-5.805511400103569031e-02
-1.116424333304166794e-02
-2.566330879926681519e-02
-5.359303904697299004e-04
7.426670752465724945e-03
-1.927153207361698151e-02
-2.498088404536247253e-02
3.665357455611228943e-02
1.526079420000314713e-02
-3.522597253322601318e-02
-2.176411682739853859e-03
1.573469117283821106e-02
3.775566071271896362e-02
-3.644052520394325256e-02
-1.958330348134040833e-02
-5.970622878521680832e-03
-4.764382261782884598e-03
-1.863630674779415131e-02
-2.914104796946048737e-02
-4.397365823388099670e-02
-2.680927142500877380e-02
-3.275195136666297913e-02
-2.632390521466732025e-02
3.158784005790948868e-03
3.401064546778798103e-03
-2.719074115157127380e-02
2.034900337457656860e-02
3.032841160893440247e-02
-1.812018267810344696e-02
4.188801720738410950e-02
3.798128664493560791e-02
-1.546249818056821823e-02
-3.565986827015876770e-02
2.865154063329100609e-03
5.126466229557991028e-02
-2.854469418525695801e-02
-2.178733423352241516e-02
-1.204082742333412170e-02
-1.198694761842489243e-02
-2.378767728805541992e-02
6.407374050468206406e-03
1.223223563283681870e-02
1.883982867002487183e-02
1.869524270296096802e-02
3.599742799997329712e-02
4.273630306124687195e-02
-5.028862971812486649e-03
-5.064836144447326660e-02
-6.455673277378082275e-02
3.686437755823135376e-02
2.144233323633670807e-02
1.598643325269222260e-02
1.414448022842407227e-02
8.759475313127040863e-03
1.457403041422367096e-02
9.173973463475704193e-03
1.096463762223720551e-03
2.602614648640155792e-02
-3.228826448321342468e-02
-1.906619966030120850e-02
-1.997389458119869232e-02
-8.398963138461112976e-03
-1.009869109839200974e-02
-9.570380672812461853e-03
-1.968550868332386017e-02
-3.321988275274634361e-03
6.269089132547378540e-02
6.259200163185596466e-03
4.543833434581756592e-02
6.555779278278350830e-02
1.316826138645410538e-02
4.563479870557785034e-02
3.875734284520149231e-02
-9.092865511775016785e-03
-5.830569658428430557e-03
1.189608965069055557e-02
-1.469132024794816971e-02
-9.614800801500678062e-04
1.001762505620718002e-02
-4.137818515300750732e-02
3.489375812932848930e-03
1.610324904322624207e-02
-5.298056174069643021e-03
3.707931563258171082e-02
-1.460264530032873154e-02
-1.686534099280834198e-02
1.416778843849897385e-02
-9.149407967925071716e-03
2.160762809216976166e-02
1.319917291402816772e-02
-9.889435954391956329e-03
-2.749530784785747528e-02
5.524456035345792770e-03
2.166219986975193024e-03
5.101843271404504776e-04
3.563656285405158997e-02
1.979210041463375092e-02
4.118453245609998703e-03
2.702417410910129547e-02
-2.275332662975415587e-04
-1.878242380917072296e-02
9.234598837792873383e-03
1.653410494327545166e-02
1.436549937352538109e-03
1.818542368710041046e-02
3.569629974663257599e-03
-9.249743074178695679e-03
-2.664300845935940742e-03
8.777687326073646545e-03
-1.704748719930648804e-02
3.592005232349038124e-03
2.641411870718002319e-02
-7.578577846288681030e-03
-9.159873239696025848e-03
-1.936549507081508636e-02
1.642110757529735565e-02
2.625914663076400757e-02
-1.496366504579782486e-02
-2.809776552021503448e-02
-5.719244852662086487e-02
-5.815525352954864502e-02
-4.163499921560287476e-02
-7.118161767721176147e-02
-7.926867902278900146e-02
-4.349669814109802246e-02
-4.782376810908317566e-02
-3.593127429485321045e-02
5.180886387825012207e-02
3.879830613732337952e-02
1.256711781024932861e-02
4.419763758778572083e-02
-1.590927480719983578e-03
1.778593752533197403e-03
1.750796101987361908e-02
-1.146923843771219254e-02
7.920977659523487091e-03
-3.100031986832618713e-02
-4.815185070037841797e-02
-3.640868887305259705e-02
1.159231615019962192e-04
-1.420696824789047241e-02
-3.357296064496040344e-02
-1.014117524027824402e-02
-2.073557674884796143e-02
-4.351668059825897217e-02
1.198498625308275223e-02
2.220193855464458466e-02
4.158499464392662048e-02
-4.414261877536773682e-02
-2.172629162669181824e-02
3.399510751478374004e-04
-2.802518196403980255e-02
-2.990169264376163483e-02
-3.692996501922607422e-02
1.423810608685016632e-02
-2.762360963970422745e-04
8.718320168554782867e-03
-6.882876623421907425e-03
-3.299260139465332031e-02
-4.423861682880669832e-04
-2.218521013855934143e-02
-1.464382000267505646e-02
-2.315978752449154854e-03
-5.079444032162427902e-03
-2.772539854049682617e-02
-3.339224308729171753e-02
3.896451555192470551e-03
1.007480360567569733e-02
-7.856955751776695251e-03
4.165906459093093872e-03
-3.403349965810775757e-02
-2.847669273614883423e-02
-1.055343169718980789e-02
-1.749307103455066681e-02
-1.339216716587543488e-02
-1.838085055351257324e-02
-1.670879125595092773e-02
-3.781946748495101929e-02
-1.939562894403934479e-02
-8.601841516792774200e-03
-2.531542442739009857e-02
-4.508911166340112686e-03
-2.101809531450271606e-02
-5.354643613100051880e-02
3.200171142816543579e-02
2.129021659493446350e-02
-1.842479803599417210e-03
5.211812444031238556e-03
-5.499333143234252930e-02
-3.348765894770622253e-02
5.050703417509794235e-03
5.419595167040824890e-03
3.659580135717988014e-03
-1.867727935314178467e-02
-2.670066058635711670e-02
-2.895008027553558350e-02
-1.709609478712081909e-02
-9.593970142304897308e-03
-2.720891498029232025e-02
1.188868470489978790e-02
-2.967021464428398758e-05
-1.991208828985691071e-02
-7.796543184667825699e-03
-1.044337078928947449e-02
1.073235739022493362e-02
2.561855688691139221e-02
3.630198165774345398e-02
4.246337711811065674e-02
6.655536592006683350e-02
4.486270993947982788e-02
6.323944777250289917e-02
-5.882330704480409622e-03
-1.091413199901580811e-03
-2.400836208835244179e-03
3.316871449351310730e-02
6.549405306577682495e-02
4.521716758608818054e-02
2.569258026778697968e-02
2.426227554678916931e-02
-3.255338594317436218e-02
-4.457355476915836334e-03
-3.436737135052680969e-02
-6.648999452590942383e-02
2.719301171600818634e-02
1.325994450598955154e-02
1.816901005804538727e-02
6.439179182052612305e-03
-2.103172242641448975e-02
-5.830842070281505585e-03
-1.455582585185766220e-02
-1.108483877032995224e-02
1.462830323725938797e-02
-3.514464944601058960e-02
-3.677708655595779419e-02
-2.701796591281890869e-03
-7.484284229576587677e-03
3.628901392221450806e-02
5.747653171420097351e-02
-5.637207254767417908e-02
-3.381266817450523376e-02
-1.141968183219432831e-02
-1.204775646328926086e-02
5.511817289516329765e-04
3.777103498578071594e-02
4.375896975398063660e-02
3.378004208207130432e-02
4.851379245519638062e-02
1.431872043758630753e-02
1.150481216609477997e-02
1.373972510918974876e-03
-1.628689840435981750e-02
-4.617320839315652847e-03
-1.461988501250743866e-02
4.204900935292243958e-03
1.664276048541069031e-02
4.528273269534111023e-02
1.376733556389808655e-02
-2.965960279107093811e-02
-2.343017980456352234e-02
1.497303834185004234e-03
-4.746234416961669922e-02
-2.394552901387214661e-02
3.855031728744506836e-02
5.031203851103782654e-02
4.029428586363792419e-02
-2.728255279362201691e-02
-2.262212336063385010e-02
-1.494155451655387878e-02
-2.514431066811084747e-02
-1.295429654419422150e-02
-1.591031439602375031e-02
-4.768123477697372437e-02
-8.854208886623382568e-02
-6.703674793243408203e-02
-6.105776503682136536e-02
-8.340392261743545532e-02
-9.058614075183868408e-02
-4.364428296685218811e-02
-3.455921635031700134e-02
-5.313354358077049255e-02
2.007655240595340729e-02
7.072569802403450012e-03
5.376449786126613617e-03
4.127978906035423279e-02
2.286620251834392548e-02
-1.058540027588605881e-02
9.533722884953022003e-03
-9.895285591483116150e-03
-5.548092722892761230e-02
-7.654558401554822922e-03
-1.271642744541168213e-02
-1.990802958607673645e-02
-3.379883244633674622e-02
-2.734607085585594177e-02
-2.490604668855667114e-02
-5.301707983016967773e-02
-2.955644764006137848e-02
-4.465918987989425659e-02
1.455272454768419266e-02
2.369427867233753204e-02
2.052490599453449249e-02
2.040711976587772369e-02
-1.455773506313562393e-02
-2.160249464213848114e-02
2.055267430841922760e-02
2.186062000691890717e-02
4.031452408526092768e-04
-3.403576835989952087e-02
-3.568369895219802856e-02
-1.952991448342800140e-02
-1.353779993951320648e-02
-2.959656156599521637e-02
-2.411085739731788635e-02
-2.652997151017189026e-03
3.420513123273849487e-02
1.900720223784446716e-02
-3.281823918223381042e-02
-1.480633020401000977e-02
-3.582353889942169189e-02
2.190516144037246704e-02
-2.330258302390575409e-02
-4.988873377442359924e-02
2.984494902193546295e-02
-8.474089205265045166e-03
-1.811525039374828339e-02
7.969735888764262199e-04
-2.756066806614398956e-02
-4.282063245773315430e-02
5.285738408565521240e-02
4.988508298993110657e-03
-6.020693853497505188e-02
2.484014257788658142e-02
1.691901870071887970e-02
-2.222502790391445160e-02
-7.811691612005233765e-03
-6.220299284905195236e-03
5.753290373831987381e-03
1.377168018370866776e-02
9.726556949317455292e-03
1.511721126735210419e-02
2.635905402712523937e-04
-5.910860374569892883e-03
-3.486871346831321716e-02
-2.974788844585418701e-02
-4.700975865125656128e-02
-2.184831909835338593e-02
3.178106993436813354e-02
4.077917709946632385e-02
6.511735171079635620e-02
-5.941382423043251038e-02
-2.729712054133415222e-03
3.650141134858131409e-02
1.877544075250625610e-02
-3.705581650137901306e-02
-3.767862170934677124e-02
-3.496162826195359230e-03
-6.616481393575668335e-02
-3.115654550492763519e-02
8.707728236913681030e-03
-2.695584110915660858e-02
-1.400520559400320053e-02
4.279784858226776123e-02
8.049431256949901581e-03
-4.143098369240760803e-03
-1.944377203471958637e-03
-1.461809780448675156e-02
1.351436483673751354e-03
-9.639512747526168823e-03
-1.682637666817754507e-04
5.878942552953958511e-03
-4.174204915761947632e-02
-5.032176151871681213e-02
-9.015449881553649902e-02
-2.178173279389739037e-03
1.736442185938358307e-02
-1.226701866835355759e-02
-7.372989319264888763e-03
1.717158965766429901e-02
1.036935299634933472e-02
-5.255007371306419373e-02
-3.351865336298942566e-02
-5.455480515956878662e-02
-2.409134060144424438e-02
8.881784044206142426e-03
-8.837838657200336456e-03
-1.069424487650394440e-02
-6.145476363599300385e-03
-7.275013718754053116e-03
-4.459889605641365051e-02
-3.421448171138763428e-02
-3.577972576022148132e-02
2.128852717578411102e-02
2.823637425899505615e-02
3.401206806302070618e-03
3.849039599299430847e-02
2.496934309601783752e-02
1.994280889630317688e-02
-2.007715962827205658e-02
-3.414477780461311340e-02
-3.480752557516098022e-02
-1.012853346765041351e-02
-1.827858202159404755e-02
-8.521101437509059906e-03
-5.654801861965097487e-05
8.460056036710739136e-03
3.607416525483131409e-02
-6.492856191471219063e-04
-7.943943142890930176e-03
-2.507589198648929596e-02
1.310232095420360565e-02
1.847118884325027466e-02
2.492532692849636078e-02
5.238119047135114670e-03
-3.642968460917472839e-02
-2.730174362659454346e-02
-8.828254789113998413e-02
-5.911970511078834534e-02
-5.695376172661781311e-02
-1.583395525813102722e-02
-4.315877798944711685e-03
9.626428596675395966e-03
-3.303525736555457115e-03
-1.825562864542007446e-02
-1.277236081659793854e-02
-3.155487403273582458e-02
-1.512980181723833084e-02
-5.977123510092496872e-03
-2.838158747181296349e-03
-1.104474533349275589e-02
-3.770729526877403259e-04
-2.078995667397975922e-02
-2.141444943845272064e-02
2.065267879515886307e-03
-2.166578918695449829e-02
-3.911898005753755569e-03
-1.578054018318653107e-02
-6.951776449568569660e-04
7.823222316801548004e-03
-1.482486724853515625e-03
5.408635362982749939e-02
6.195306405425071716e-02
3.735484182834625244e-02
5.233572423458099365e-02
4.998056963086128235e-02
2.730099949985742569e-03
3.450460731983184814e-02
3.223759308457374573e-02
6.568045821040868759e-03
3.417092934250831604e-02
2.824440412223339081e-02
1.129470393061637878e-02
2.863480895757675171e-02
-4.113643895834684372e-03
-9.108276106417179108e-03
-2.506834827363491058e-02
-3.589034080505371094e-02
-3.000358119606971741e-02
-6.520117167383432388e-03
-1.897783763706684113e-02
-2.716961130499839783e-02
-2.514760568737983704e-02
-5.605517327785491943e-02
-1.707458868622779846e-02
7.236092817038297653e-03
-1.296096760779619217e-02
-1.817384618334472179e-03
2.126267179846763611e-02
-6.241566967219114304e-03
1.390263158828020096e-02
-2.462465548887848854e-03
-1.250699441879987717e-02
2.378883585333824158e-02
-4.664079099893569946e-02
-2.674299292266368866e-02
-2.180432900786399841e-02
8.498783223330974579e-03
2.278717048466205597e-02
-3.385312110185623169e-02
-4.957266896963119507e-02
-1.749996654689311981e-02
-3.104750998318195343e-02
-4.263365641236305237e-02
-3.476863354444503784e-02
-3.706088289618492126e-02
2.395169343799352646e-03
3.478363389149308205e-03
5.689660087227821350e-03
-9.423171170055866241e-03
-2.816977165639400482e-02
-6.431960314512252808e-02
-1.339855138212442398e-02
-4.335695877671241760e-02
-9.686565399169921875e-02
-1.020092144608497620e-02
-4.216677695512771606e-02
-5.555398762226104736e-02
-3.451545909047126770e-02
-4.832778126001358032e-03
-1.432397495955228806e-02
1.245429459959268570e-02
-2.220234833657741547e-02
-5.441341549158096313e-03
3.361488878726959229e-02
-6.214234977960586548e-03
4.634111188352108002e-03
-1.560280681587755680e-03
-8.937554433941841125e-03
1.883632130920886993e-02
3.266979707404971123e-03
1.456843502819538116e-02
2.891338802874088287e-02
4.538198001682758331e-03
-1.380472257733345032e-02
1.058155670762062073e-03
6.741571240127086639e-03
-1.848779385909438133e-03
1.006612088531255722e-02
2.654906921088695526e-02
3.505554283037781715e-03
6.494400091469287872e-03
-1.209304109215736389e-02
-1.190138328820466995e-02
-2.158773859264329076e-04
6.162201054394245148e-03
-9.226070716977119446e-03
-5.162517074495553970e-03
-3.192181512713432312e-02
-5.538345314562320709e-03
1.856808178126811981e-02
-1.082314737141132355e-02
-1.074290135875344276e-03
8.173285983502864838e-03
2.957105822861194611e-02
2.997500821948051453e-02
4.007981717586517334e-02
-1.648941822350025177e-02
-9.463960304856300354e-03
-1.540055032819509506e-03
5.085191223770380020e-03
-4.283863585442304611e-03
-1.733835414052009583e-02
6.234091892838478088e-02
5.656551569700241089e-02
3.907397389411926270e-02
3.672905638813972473e-02
7.563364692032337189e-03
-6.257590372115373611e-03
5.426138266921043396e-02
4.690679162740707397e-02
1.030728220939636230e-02
1.363230310380458832e-02
9.007233195006847382e-03
-6.487888097763061523e-02
2.075024321675300598e-02
1.878459192812442780e-02
-3.811063617467880249e-02
1.008045673370361328e-02
3.078982792794704437e-02
4.751701839268207550e-03
-1.863728649914264679e-02
-2.513569965958595276e-02
1.250614784657955170e-02
-3.118414059281349182e-02
-4.169060289859771729e-02
-3.206723183393478394e-02
-1.809601113200187683e-02
-2.800822630524635315e-02
-2.927043102681636810e-02
4.179228842258453369e-02
-3.528710920363664627e-03
-3.154623135924339294e-02
1.632270775735378265e-02
-8.152946829795837402e-03
-2.627226151525974274e-02
-2.791845053434371948e-02
-1.928518153727054596e-02
-3.508190065622329712e-02
1.982134208083152771e-02
2.791558392345905304e-02
6.894337479025125504e-03
1.220063585788011551e-02
3.033995628356933594e-02
2.559910714626312256e-02
-3.334815800189971924e-02
-6.669480353593826294e-03
3.031196817755699158e-02
2.923334715887904167e-03
3.762135282158851624e-02
1.889838650822639465e-02
4.806281067430973053e-03
1.739823631942272186e-02
-3.793736174702644348e-02
3.549770265817642212e-02
3.774907439947128296e-02
-7.178343366831541061e-03
6.100371945649385452e-03
-1.919229701161384583e-02
3.081111237406730652e-02
4.446426872164011002e-03
-1.768998987972736359e-02
2.531898440793156624e-03
-2.098198048770427704e-02
-3.038832545280456543e-02
-6.062407791614532471e-02
-3.765946254134178162e-02
-2.072496525943279266e-02
-9.829942882061004639e-02
-5.403725802898406982e-02
-6.475855410099029541e-02
-6.326888501644134521e-02
-4.447579011321067810e-02
-4.315615817904472351e-02
-2.219325490295886993e-02
-3.906142711639404297e-02
-6.005930155515670776e-02
-6.073038280010223389e-02
3.846020624041557312e-02
1.237355172634124756e-02
-1.532064743514638394e-06
6.148308515548706055e-02
3.617352619767189026e-02
3.706522285938262939e-02
-1.876641064882278442e-02
-8.945999667048454285e-03
-3.608847409486770630e-02
5.672522634267807007e-02
5.256314575672149658e-02
2.299298159778118134e-02
-7.446259725838899612e-03
-1.382273714989423752e-02
2.879282110370695591e-04
-2.372319810092449188e-03
-3.027920052409172058e-02
-3.456617146730422974e-02
8.731001988053321838e-03
-6.448589265346527100e-03
-1.934272423386573792e-02
2.180381212383508682e-03
7.543147075921297073e-03
-2.438774518668651581e-02
8.441835641860961914e-02
3.497158735990524292e-02
1.329653114080429077e-01
3.659760113805532455e-03
-3.501941263675689697e-02
3.998728841543197632e-02
-4.331221804022789001e-03
-2.955236099660396576e-02
1.301302295178174973e-02
-8.885200321674346924e-02
-6.997406482696533203e-02
-6.099409237504005432e-02
-3.070125356316566467e-02
-3.017323277890682220e-02
-2.909150719642639160e-02
-5.276793614029884338e-03
-5.155817139893770218e-03
-1.466628443449735641e-02
9.070689976215362549e-02
6.762845069169998169e-02
6.638884544372558594e-02
7.041960954666137695e-03
-1.701296493411064148e-02
-4.263693117536604404e-04
-3.519901633262634277e-02
-3.279546275734901428e-02
-3.108730353415012360e-02
-1.259247306734323502e-02
-1.409903448075056076e-02
-2.706363610923290253e-02
1.191574893891811371e-02
5.386532843112945557e-02
1.500787958502769470e-02
2.187484316527843475e-02
2.979848161339759827e-02
2.115843445062637329e-02
2.363938465714454651e-02
5.508882459253072739e-03
6.220129504799842834e-02
1.912242732942104340e-02
6.216444075107574463e-03
4.444826394319534302e-03
-1.746028847992420197e-02
8.135376847349107265e-04
-2.293507196009159088e-02
7.878381758928298950e-03
2.028520219027996063e-02
4.390180483460426331e-02
7.377750240266323090e-03
-1.937716454267501831e-02
-4.109694622457027435e-03
-2.596355043351650238e-03
-3.980894759297370911e-02
-3.738630190491676331e-02
-5.461763218045234680e-02
-4.110968485474586487e-02
-2.902051806449890137e-02
-5.699154734611511230e-02
-4.885868355631828308e-02
-4.116592556238174438e-02
-5.763764306902885437e-02
-5.920168384909629822e-02
-7.285220175981521606e-02
-2.824820764362812042e-02
1.723602227866649628e-02
-2.089790254831314087e-02
-3.671604022383689880e-02
5.753034353256225586e-02
3.748999163508415222e-02
1.600855845026671886e-03
3.412968292832374573e-02
4.459301941096782684e-03
-2.371548861265182495e-02
3.794743120670318604e-02
1.301987934857606888e-02
-4.172604531049728394e-02
4.479979723691940308e-02
3.154409676790237427e-02
-9.784494526684284210e-03
1.174300257116556168e-02
9.726320393383502960e-03
6.179757881909608841e-03
-3.369050100445747375e-02
-1.401917450129985809e-02
1.447171904146671295e-02
-1.581626757979393005e-02
-1.049005240201950073e-02
-2.691754838451743126e-03
-1.866088248789310455e-02
-3.332675620913505554e-02
-4.116118326783180237e-02
-3.190671280026435852e-02
-5.063194781541824341e-02
-3.774537146091461182e-02
-4.263482615351676941e-02
-6.397829949855804443e-02
-2.214130386710166931e-02
-2.171548828482627869e-02
-2.986568771302700043e-02
2.312033064663410187e-02
4.002007097005844116e-02
6.322255730628967285e-02
-1.033869571983814240e-02
-2.739360556006431580e-02
1.919601298868656158e-02
-3.065337799489498138e-02
-5.480188503861427307e-02
-1.132067013531923294e-02
9.605976752936840057e-03
-2.829222939908504486e-03
3.173575550317764282e-02
3.648991137742996216e-02
3.521039709448814392e-02
6.078042089939117432e-02
4.601455479860305786e-02
2.584981732070446014e-02
3.947671130299568176e-02
1.474649645388126373e-02
-1.491288770921528339e-03
-1.239383965730667114e-02
-1.247060392051935196e-02
-5.614423658698797226e-03
4.625032655894756317e-03
-4.312654957175254822e-02
-2.563941292464733124e-02
-5.478520877659320831e-03
7.663894444704055786e-03
-1.544428057968616486e-02
-8.464549668133258820e-03
2.473578415811061859e-02
4.766068607568740845e-02
5.739407613873481750e-03
-3.110865689814090729e-02
4.362271167337894440e-03
6.843067705631256104e-03
4.596431180834770203e-02
1.819783635437488556e-02
2.827915176749229431e-02
4.182624444365501404e-02
3.776866570115089417e-02
3.482683748006820679e-02
1.656435988843441010e-02
-9.867255575954914093e-03
-3.812761232256889343e-02
-2.256838604807853699e-02
2.658524550497531891e-02
1.693556085228919983e-02
6.270714104175567627e-03
1.495829224586486816e-02
5.455904640257358551e-03
5.318957194685935974e-02
2.646770514547824860e-02
1.808517612516880035e-02
2.703005820512771606e-02
4.985472187399864197e-03
-2.288671582937240601e-02
1.993521675467491150e-02
-4.007498268038034439e-03
1.254235208034515381e-02
1.926779001951217651e-02
-1.689674146473407745e-02
4.201975185424089432e-03
2.824118360877037048e-02
4.072089865803718567e-02
3.188776969909667969e-02
2.568678744137287140e-02
-6.139760836958885193e-03
-8.813353255391120911e-03
1.639973185956478119e-02
-3.601063508540391922e-03
1.001650188118219376e-02
-1.131219603121280670e-02
-5.299318581819534302e-02
1.873673126101493835e-02
-3.231405979022383690e-03
-3.808468580245971680e-02
-1.026601344347000122e-02
-6.330153346061706543e-02
-7.779669016599655151e-02
-5.080880969762802124e-02
-1.440714113414287567e-02
-1.552586629986763000e-02
-1.553718931972980499e-03
1.477190665900707245e-02
-3.887079888954758644e-03
1.024327799677848816e-02
9.122297912836074829e-02
5.793232470750808716e-02
6.660572439432144165e-02
2.670193091034889221e-02
2.002294547855854034e-02
1.878824830055236816e-02
1.754125021398067474e-02
-1.672453060746192932e-02
-8.978555910289287567e-03
-2.342552319169044495e-02
-4.145103693008422852e-02
-2.592555433511734009e-02
1.508204918354749680e-02
-2.423070929944515228e-02
-1.120259426534175873e-02
2.310961112380027771e-02
4.977551288902759552e-03
1.957620680332183838e-02
3.164990618824958801e-02
-3.942147828638553619e-03
1.604575663805007935e-02
-7.046163827180862427e-02
-8.604797720909118652e-02
-8.110410720109939575e-02
-2.327462099492549896e-02
1.264483947306871414e-02
-1.768277399241924286e-02
-3.310799971222877502e-02
9.333540685474872589e-03
-1.361761987209320068e-02
1.848355494439601898e-02
-2.406332409009337425e-03
3.481026738882064819e-02
-2.917498536407947540e-02
-3.075252287089824677e-02
-2.791326120495796204e-02
-5.980659276247024536e-03
1.601891592144966125e-02
1.747337542474269867e-02
-4.142957925796508789e-02
-3.447334095835685730e-02
-4.957570508122444153e-02
-4.719791933894157410e-02
-4.668477922677993774e-02
-5.818800255656242371e-02
-4.437110573053359985e-02
-3.782039135694503784e-02
-4.277525842189788818e-02
1.005147490650415421e-02
7.904774509370326996e-03
1.090970449149608612e-02
1.257061678916215897e-02
4.010736569762229919e-02
4.592413827776908875e-02
-4.366719163954257965e-03
2.895409800112247467e-02
4.182520508766174316e-02
-1.497532613575458527e-02
-2.090431563556194305e-02
-6.652206648141145706e-03
1.053872704505920410e-02
-2.235366031527519226e-02
-2.058494649827480316e-02
-6.664467044174671173e-03
3.652126993983983994e-03
1.424307352863252163e-03
1.543970592319965363e-02
-2.301336731761693954e-03
-2.155583724379539490e-02
4.024532064795494080e-02
3.339036600664258003e-03
-5.356106441468000412e-03
1.187292300164699554e-02
-1.277549425140023232e-03
-1.597762480378150940e-02
-5.179640650749206543e-02
-7.061087340116500854e-02
-5.411857739090919495e-02
-4.345399513840675354e-02
-2.749818377196788788e-02
-8.350988849997520447e-03
-1.583928428590297699e-02
-8.558760397136211395e-03
-1.157766766846179962e-02
-2.856655977666378021e-02
-3.366499394178390503e-02
-1.816089265048503876e-02
-1.041631493717432022e-02
4.726074635982513428e-03
1.078865211457014084e-02
1.106113661080598831e-02
1.318682916462421417e-02
2.340009994804859161e-02
-2.423637732863426208e-02
-8.989492431282997131e-03
1.624876819550991058e-02
-2.898994460701942444e-02
-2.664461731910705566e-02
9.861191501840949059e-04
6.969616282731294632e-03
-3.916269633919000626e-03
-3.249863162636756897e-02
1.407963037490844727e-02
-6.615075282752513885e-03
2.026406116783618927e-02
5.363485217094421387e-02
3.066376410424709320e-02
5.319857969880104065e-02
2.252192609012126923e-02
-7.719915825873613358e-03
1.439497433602809906e-02
-3.551452979445457458e-02
-2.710992656648159027e-02
-2.096701227128505707e-02
-3.344116732478141785e-02
-3.765515610575675964e-02
-3.728201240301132202e-02
-2.712857164442539215e-02
-2.594406902790069580e-02
-4.150796309113502502e-02
-6.419853866100311279e-02
-3.712541237473487854e-02
-2.662583440542221069e-02
-7.058332860469818115e-02
-6.627248972654342651e-02
-5.692095682024955750e-02
-5.153445154428482056e-02
-3.375208377838134766e-02
-2.719340659677982330e-02
-1.544072851538658142e-02
-6.230901461094617844e-03
-6.014100741595029831e-03
3.277740208432078362e-03
-5.529764530365355313e-05
2.365851029753684998e-02
-2.824940718710422516e-02
-4.781968146562576294e-02
-2.590489014983177185e-02
1.573354005813598633e-02
-1.669255085289478302e-02
-1.926677301526069641e-02
1.391056925058364868e-02
-1.351200160570442677e-03
3.032146766781806946e-02
-4.159925132989883423e-02
-1.073393598198890686e-02
-1.321143750101327896e-02
1.174627244472503662e-02
1.226582471281290054e-02
4.118774458765983582e-02
-5.535451229661703110e-03
-1.161408144980669022e-02
4.948381334543228149e-03
-4.795774072408676147e-02
-4.440907761454582214e-02
-4.341437295079231262e-02
3.741893172264099121e-02
4.288823157548904419e-02
2.850108407437801361e-02
1.168245915323495865e-03
1.028170343488454819e-02
-3.106370568275451660e-03
-3.983485046774148941e-03
-6.400064099580049515e-03
-2.365870866924524307e-03
4.111655801534652710e-02
3.179458901286125183e-02
8.174565620720386505e-03
1.204110588878393173e-02
-1.752893812954425812e-02
-3.429617732763290405e-02
-2.248300239443778992e-03
-4.214680939912796021e-02
-5.612475425004959106e-02
-3.671472147107124329e-02
-3.598924353718757629e-02
-4.028071463108062744e-02
-8.876676671206951141e-03
1.832207548432052135e-03
-2.445679530501365662e-02
4.267888143658638000e-03
3.658346831798553467e-02
6.589356809854507446e-02
-1.907444372773170471e-02
-1.406312081962823868e-02
-1.925789937376976013e-02
-2.076008543372154236e-02
-8.000506088137626648e-03
1.982163079082965851e-02
3.237963840365409851e-02
4.806328937411308289e-02
9.807779639959335327e-02
-2.376856748014688492e-03
-1.538341585546731949e-02
-1.881925738416612148e-03
-2.919459482654929161e-03
-1.021627616137266159e-02
-2.135295607149600983e-02
1.624703407287597656e-02
2.186068892478942871e-02
7.435134146362543106e-03
-4.158640652894973755e-02
-4.289078339934349060e-02
-8.692145347595214844e-03
-2.669691108167171478e-02
-1.619214564561843872e-02
9.089994709938764572e-04
-2.821429399773478508e-03
2.153645828366279602e-02
2.795978263020515442e-02
3.603619337081909180e-02
2.104182541370391846e-02
-7.797100697644054890e-04
-2.198806405067443848e-02
-3.552954271435737610e-02
-2.209964394569396973e-02
-2.470768615603446960e-02
-6.718301028013229370e-02
-7.440940290689468384e-02
-1.142589561641216278e-02
-1.723426766693592072e-02
-2.397556602954864502e-02
3.080683015286922455e-02
6.041035521775484085e-03
9.443896822631359100e-03
2.129974775016307831e-02
2.384953200817108154e-03
2.588814310729503632e-02
-1.485990453511476517e-02
-1.115335058420896530e-02
-1.156265381723642349e-02
2.155640861019492149e-03
2.138264104723930359e-02
1.016491092741489410e-02
-3.963637351989746094e-02
6.309724412858486176e-03
1.539149601012468338e-02
1.152900047600269318e-02
3.415828943252563477e-02
3.194555640220642090e-02
-5.712411366403102875e-04
5.303556099534034729e-02
4.704817011952400208e-02
9.387522935867309570e-03
3.667849581688642502e-03
1.671496313065290451e-03
-2.179175429046154022e-02
-1.745569403283298016e-03
-2.803392522037029266e-02
-1.553512457758188248e-02
-5.096790194511413574e-02
-6.365878134965896606e-02
-1.841150596737861633e-02
-1.173679530620574951e-02
5.472393706440925598e-03
-7.400258909910917282e-04
3.348938189446926117e-03
-1.545739173889160156e-02
-2.294900640845298767e-02
-3.600192489102482796e-03
-2.134153805673122406e-02
-3.023013845086097717e-02
-2.704373374581336975e-02
-4.156019166111946106e-02
2.968659810721874237e-02
1.805493608117103577e-02
2.561570517718791962e-02
-4.223567899316549301e-03
-2.676656842231750488e-02
-4.690187517553567886e-03
2.547618001699447632e-03
-3.710714727640151978e-02
-1.443653646856546402e-02
-3.743024542927742004e-02
-1.912782341241836548e-02
-3.252351284027099609e-02
1.003948040306568146e-02
-6.461392622441053391e-03
-6.504955142736434937e-02
6.036172434687614441e-02
-1.901406794786453247e-02
-3.342035040259361267e-02
1.576027460396289825e-02
1.422409154474735260e-02
-5.896246060729026794e-03
-8.386650122702121735e-03
-1.601907610893249512e-02
-3.637947887182235718e-02
-4.287765920162200928e-02
-3.718509525060653687e-02
-3.776049613952636719e-02
2.982556633651256561e-02
-1.126486109569668770e-03
3.117757849395275116e-02
2.841269783675670624e-02
2.986026927828788757e-02
5.018711462616920471e-02
2.461219206452369690e-02
6.166455522179603577e-02
3.132857382297515869e-02
-2.185787307098507881e-03
-7.208237424492835999e-03
-4.710781387984752655e-03
4.624981060624122620e-02
2.108622156083583832e-02
-1.399826724082231522e-02
2.869947068393230438e-02
8.723440580070018768e-03
-2.822773531079292297e-02
-2.997204475104808807e-02
-3.949898108839988708e-02
-2.129554003477096558e-02
-2.046497352421283722e-02
-2.578824292868375778e-03
-1.837178133428096771e-02
2.418753691017627716e-02
-9.747645817697048187e-03
2.582931192591786385e-03
-3.971139434725046158e-03
-1.121367886662483215e-02
-1.441024802625179291e-02
-5.529162287712097168e-02
-4.585685953497886658e-02
-4.039919376373291016e-02
-8.716524578630924225e-03
-9.066222235560417175e-03
-2.700402215123176575e-02
1.517775189131498337e-02
3.681374015286564827e-03
4.972343333065509796e-03
2.089851349592208862e-02
1.113548688590526581e-02
3.110912628471851349e-02
3.205718100070953369e-02
1.189532689750194550e-03
5.738672241568565369e-02
2.931921742856502533e-02
-1.066940836608409882e-02
-1.540689636021852493e-02
6.739327684044837952e-03
-1.863454841077327728e-02
-1.963173039257526398e-02
-1.113604567945003510e-02
4.012152086943387985e-03
-1.236956682987511158e-03
1.195392291992902756e-02
2.595444209873676300e-02
2.408446744084358215e-02
3.338415548205375671e-02
3.157812729477882385e-02
4.650112614035606384e-02
1.269036531448364258e-02
2.153884246945381165e-02
4.376585595309734344e-03
1.870290376245975494e-03
-9.718754328787326813e-03
-1.044208742678165436e-02
-1.991806179285049438e-02
-4.051971808075904846e-02
-2.208987437188625336e-02
-8.419148623943328857e-02
-6.288129836320877075e-02
-7.139727473258972168e-02
-3.136338898912072182e-03
-3.540290053933858871e-04
-2.136692404747009277e-02
-3.497747704386711121e-02
-4.438036307692527771e-02
-3.657359257340431213e-02
1.576745696365833282e-02
2.583850175142288208e-02
-3.196247620508074760e-03
-4.566666856408119202e-02
-4.207703843712806702e-02
-2.579075098037719727e-02
-1.110375672578811646e-02
9.860572405159473419e-03
7.964295335114002228e-03
4.991861060261726379e-02
3.035058081150054932e-02
2.198667824268341064e-02
-1.435844507068395615e-02
-1.311247609555721283e-02
-2.140187658369541168e-02
-1.735315285623073578e-02
-3.104587458074092865e-02
-3.381840884685516357e-02
6.462410092353820801e-04
-2.008733898401260376e-02
-3.182889521121978760e-02
-3.590796841308474541e-03
4.069374408572912216e-03
2.073881030082702637e-02
1.272622030228376389e-03
1.293393317610025406e-02
-6.895636674016714096e-03
-1.345553435385227203e-02
1.508562918752431870e-02
-6.185562349855899811e-03
-3.927788510918617249e-02
-5.000143498182296753e-02
-4.681602492928504944e-02
-2.908670110628008842e-03
-2.149255573749542236e-02
-7.171359378844499588e-03
-5.118847358971834183e-03
-2.303084544837474823e-02
1.042295899242162704e-02
3.249375522136688232e-02
4.525574296712875366e-02
4.636242985725402832e-02
6.510858982801437378e-02
7.323400676250457764e-02
8.950404822826385498e-02
-6.532707065343856812e-02
-4.007174819707870483e-02
-1.369409449398517609e-02
1.790140639059245586e-03
-7.799342740327119827e-03
-1.158852223306894302e-02
1.026131864637136459e-02
-1.219336502254009247e-02
-1.838133111596107483e-02
2.861839905381202698e-02
8.969780057668685913e-03
-6.213961751200258732e-04
-3.125010058283805847e-02
-2.213711291551589966e-02
-5.277419090270996094e-02
-3.560803085565567017e-02
-1.663890667259693146e-02
-6.456558406352996826e-02
-6.108462065458297729e-02
-6.536420434713363647e-02
-9.945993125438690186e-02
-6.727247964590787888e-03
2.352551184594631195e-02
3.648747131228446960e-02
3.232817724347114563e-02
4.553347453474998474e-02
4.551551863551139832e-02
7.735649496316909790e-02
5.888177454471588135e-02
5.012295767664909363e-02
-2.576526999473571777e-02
-1.814427971839904785e-02
2.532146871089935303e-03
-2.594590932130813599e-02
-1.681866124272346497e-02
1.296223886311054230e-02
3.074412699788808823e-03
1.755346916615962982e-02
3.775055706501007080e-02
-2.246464416384696960e-02
-3.029724583029747009e-02
-1.603541150689125061e-02
-2.806326746940612793e-02
-2.034701779484748840e-02
-1.199910603463649750e-02
1.363625284284353256e-02
9.545511566102504730e-03
4.434153065085411072e-02
-4.166709631681442261e-02
-5.016165319830179214e-03
1.776962168514728546e-02
4.785430792253464460e-04
-1.681431941688060760e-02
-4.825044795870780945e-02
9.701505303382873535e-03
-3.255306184291839600e-02
-6.679959595203399658e-02
-9.870281442999839783e-03
1.037810556590557098e-02
1.559605635702610016e-02
-2.346929861232638359e-03
-1.252432819455862045e-02
-2.729394659399986267e-02
2.348841726779937744e-02
1.378994621336460114e-02
3.973310347646474838e-03
1.604648306965827942e-02
3.414013423025608063e-03
6.858634948730468750e-02
7.099758088588714600e-02
6.127122417092323303e-02
6.731475144624710083e-02
1.800292171537876129e-02
1.750005222856998444e-02
6.692088674753904343e-03
-3.355371206998825073e-02
-1.622747443616390228e-02
-2.470131963491439819e-03
-1.165436115115880966e-02
-2.236096002161502838e-02
-2.593720518052577972e-02
-2.241165935993194580e-02
-7.126109674572944641e-03
-2.930760942399501801e-02
5.545854568481445312e-02
4.845287278294563293e-02
2.514685690402984619e-02
-9.785871021449565887e-03
-2.946184389293193817e-02
-3.139509260654449463e-02
1.022655237466096878e-02
3.690677694976329803e-03
-1.460028439760208130e-02
1.639830879867076874e-02
-1.497115939855575562e-02
-6.872185040265321732e-03
-8.115653879940509796e-03
-5.202671512961387634e-02
-3.838232159614562988e-02
1.965050213038921356e-02
-1.927652768790721893e-02
-1.514137606136500835e-03
-3.462403267621994019e-02
-2.161966823041439056e-02
-4.026019200682640076e-02
-3.427207842469215393e-02
-2.646620571613311768e-02
-1.087831798940896988e-02
-1.294770743697881699e-02
-2.078350633382797241e-02
-2.957212366163730621e-02
1.641882210969924927e-02
-1.403816230595111847e-02
-4.848209396004676819e-02
4.389318451285362244e-02
3.940038383007049561e-02
-5.736773367971181870e-03
2.959072589874267578e-02
2.945223450660705566e-02
2.382842265069484711e-02
4.417226184159517288e-03
-9.905704297125339508e-03
2.666298300027847290e-03
-2.635543933138251305e-03
-6.823458708822727203e-03
2.278399420902132988e-03
-1.887668855488300323e-02
-4.174746945500373840e-02
-3.317090496420860291e-02
1.763885840773582458e-02
4.240236058831214905e-02
1.695396006107330322e-02
2.097791992127895355e-02
9.082968346774578094e-03
-1.543035358190536499e-02
-3.206117078661918640e-02
-4.528553038835525513e-02
-4.189145192503929138e-02
1.205200329422950745e-02
-1.104987226426601410e-02
3.024780657142400742e-03
-2.708881534636020660e-02
-4.362650960683822632e-02
-3.256177157163619995e-02
-3.357053175568580627e-02
-1.653293333947658539e-02
-8.736521936953067780e-03
1.451705303043127060e-02
4.362034052610397339e-02
4.803048074245452881e-02
1.016773562878370285e-02
1.501804683357477188e-03
-6.003920920193195343e-03
-1.839175820350646973e-02
8.180475560948252678e-04
-6.951996590942144394e-03
-1.624057628214359283e-02
-3.113118372857570648e-02
-3.822336345911026001e-02
-1.370475441217422485e-02
-3.654919192194938660e-02
-3.459404036402702332e-02
1.100002788007259369e-02
1.768223196268081665e-02
3.334006667137145996e-02
-7.095279637724161148e-03
-1.536327414214611053e-02
-3.435230627655982971e-02
3.851245716214179993e-02
-1.191237010061740875e-02
-4.147727973759174347e-03
3.021154180169105530e-02
-1.591524295508861542e-02
2.658258378505706787e-02
-2.989554032683372498e-02
8.985997177660465240e-03
-3.322280943393707275e-02
-3.712793439626693726e-02
-2.666950225830078125e-02
-2.714409492909908295e-02
-3.269469738006591797e-02
1.579606533050537109e-02
1.095180772244930267e-02
-3.620574995875358582e-02
-8.062875270843505859e-02
-4.211115837097167969e-02
-5.692339316010475159e-02
-6.549739092588424683e-02
-5.527877807617187500e-02
-4.295338317751884460e-02
-7.773881405591964722e-02
-7.429723441600799561e-02
2.922741137444972992e-02
2.430540323257446289e-02
1.834849826991558075e-02
-3.415511455386877060e-03
-1.169956009835004807e-02
4.418682307004928589e-03
1.060984283685684204e-02
-1.000443659722805023e-02
9.513475000858306885e-03
-7.341677322983741760e-03
7.853828370571136475e-03
1.857193745672702789e-02
-1.559774857014417648e-02
-4.090144648216664791e-04
1.334776752628386021e-03
3.618736984208226204e-03
3.367151366546750069e-03
-1.799976825714111328e-02
-3.872540080919861794e-03
-2.556674368679523468e-02
-6.494497507810592651e-02
-1.517999358475208282e-02
-2.450126782059669495e-02
-8.349801599979400635e-02
-4.042276740074157715e-02
-5.891201645135879517e-02
-4.174656048417091370e-02
1.764626055955886841e-02
6.295510102063417435e-03
1.265835482627153397e-03
-3.115016967058181763e-02
-1.892940513789653778e-02
-2.125813812017440796e-02
2.639089711010456085e-02
-4.962369333952665329e-03
1.437478512525558472e-02
5.071685183793306351e-03
-1.320109236985445023e-02
-3.363621234893798828e-02
1.471911557018756866e-02
2.012407965958118439e-02
2.187065035104751587e-02
-5.429515149444341660e-04
7.096813060343265533e-03
1.258451305329799652e-02
-5.835789488628506660e-04
2.874080277979373932e-02
2.601731196045875549e-02
3.375632315874099731e-02
1.153364032506942749e-02
2.497674711048603058e-02
8.232151158154010773e-03
-1.738955825567245483e-02
-1.896157301962375641e-02
-1.501886453479528427e-02
-4.011079203337430954e-03
-2.867873199284076691e-02
-5.157491657882928848e-03
-1.717760926112532616e-03
-2.510698698461055756e-02
-6.535814702510833740e-02
-6.818274408578872681e-02
-6.049561873078346252e-02
2.584521844983100891e-02
2.596626430749893188e-02
4.430829081684350967e-03
7.133902981877326965e-03
1.910727471113204956e-02
-4.613974131643772125e-03
3.669849783182144165e-02
2.889700420200824738e-02
8.728166110813617706e-03
-4.097050521522760391e-03
-2.332608588039875031e-02
-2.965234033763408661e-02
-2.184680849313735962e-02
-1.595353893935680389e-02
2.809192053973674774e-03
-1.860983856022357941e-02
-3.089819289743900299e-02
1.340041868388652802e-02
-1.243045553565025330e-02
4.935561446473002434e-04
3.643019869923591614e-02
-4.305994510650634766e-02
-2.041088975965976715e-02
1.041161548346281052e-02
2.665462088771164417e-04
2.864395454525947571e-02
2.852392941713333130e-02
-2.051354572176933289e-02
-2.254776842892169952e-02
-3.378864377737045288e-02
-2.616612426936626434e-02
-1.219397131353616714e-02
-3.570079803466796875e-02
-4.207330942153930664e-02
-4.752399772405624390e-02
-4.211264103651046753e-02
-1.295003481209278107e-02
1.007939875125885010e-02
5.639299750328063965e-03
-2.583810500800609589e-02
-5.061223171651363373e-03
-2.140562795102596283e-02
1.194675453007221222e-02
1.212819293141365051e-02
-1.667152158915996552e-02
-5.227827932685613632e-03
2.896628342568874359e-02
3.976926952600479126e-02
1.588469953276216984e-03
-1.483847480267286301e-02
2.864670194685459137e-02
2.141694771125912666e-03
-1.998537592589855194e-02
1.869060471653938293e-02
4.753997549414634705e-03
2.361994795501232147e-02
7.244476117193698883e-03
-5.729490891098976135e-03
2.173966541886329651e-02
2.605865709483623505e-02
-4.146982729434967041e-02
-1.414720434695482254e-02
-2.020254172384738922e-02
-2.234109491109848022e-02
-6.156887859106063843e-03
-1.313137356191873550e-02
-8.209495805203914642e-03
1.398904807865619659e-02
5.113268736749887466e-03
-1.959855109453201294e-02
-1.507533807307481766e-02
-9.708676487207412720e-03
5.342258955352008343e-04
1.672594808042049408e-02
2.851181896403431892e-03
-1.185986306518316269e-02
1.501571241533383727e-04
-2.244526147842407227e-02
-2.634329907596111298e-02
-1.049755048006772995e-02
-1.351327635347843170e-02
-3.964327648282051086e-02
-2.365670353174209595e-02
-1.406399160623550415e-02
-4.113300517201423645e-02
-1.357383839786052704e-02
-2.382618933916091919e-02
6.880153436213731766e-03
-8.859258145093917847e-03
-7.745572831481695175e-03
2.054762467741966248e-02
-2.513899467885494232e-03
-1.506523881107568741e-02
2.258472843095660210e-03
-2.268625103170052171e-04
-6.336196325719356537e-03
2.201176621019840240e-02
3.067412786185741425e-02
2.039818838238716125e-02
3.493163362145423889e-02
6.592452526092529297e-02
5.739445239305496216e-02
-1.921799406409263611e-02
-5.055733397603034973e-02
-8.903387188911437988e-02
1.831439696252346039e-02
-3.450194839388132095e-03
-1.208324637264013290e-02
-2.526676841080188751e-02
-4.666338488459587097e-02
-4.447150975465774536e-02
-1.544697768986225128e-02
-2.779216691851615906e-02
-2.737118303775787354e-02
-1.238107774406671524e-02
-2.317919954657554626e-02
-4.955473914742469788e-02
-1.719096302986145020e-02
-2.157964743673801422e-02
-2.346484549343585968e-02
-3.705558925867080688e-02
-3.250553086400032043e-02
-4.836370795965194702e-02
2.112765610218048096e-02
-9.501774795353412628e-03
-1.321073900908231735e-02
-6.540874484926462173e-03
-2.911303006112575531e-02
-3.473348543047904968e-02
1.472240500152111053e-02
-7.886288687586784363e-03
-2.826999127864837646e-02
3.682982549071311951e-02
6.659795064479112625e-03
-4.012093320488929749e-02
4.905466735363006592e-02
3.497973829507827759e-02
2.768537774682044983e-02
-1.597851864062249660e-03
1.500929705798625946e-03
-6.319992709904909134e-03
-3.190279006958007812e-02
-1.275508292019367218e-02
-1.527687814086675644e-02
-2.403129590675234795e-03
2.094413526356220245e-02
1.418946031481027603e-02
-5.206650588661432266e-03
-4.710448533296585083e-02
-4.803518578410148621e-02
2.188554033637046814e-03
-1.125663518905639648e-02
-3.518998995423316956e-02
-2.078347094357013702e-02
-5.044796317815780640e-02
-4.237518459558486938e-02
-3.016158752143383026e-02
-4.861000925302505493e-02
-5.340478196740150452e-02
-2.385126240551471710e-02
-5.758473649621009827e-03
-4.872475285083055496e-03
1.568178832530975342e-02
-2.085765823721885681e-02
1.808166317641735077e-02
1.745977438986301422e-02
1.897697336971759796e-02
5.319789052009582520e-02
8.236424624919891357e-02
7.371664047241210938e-02
8.493745326995849609e-02
8.240759372711181641e-02
3.807590901851654053e-02
1.371543202549219131e-02
4.767678305506706238e-02
1.521861087530851364e-02
-2.603424526751041412e-02
5.012653768062591553e-02
2.941722609102725983e-02
1.222913619130849838e-02
7.776271551847457886e-03
-2.257783710956573486e-02
4.043154418468475342e-03
-2.457529865205287933e-02
-6.504303961992263794e-02
-2.120748907327651978e-02
-1.372857484966516495e-02
-3.757653385400772095e-02
-3.035264275968074799e-02
3.416844829916954041e-02
5.821777135133743286e-02
4.055875539779663086e-02
-3.086950455326586962e-04
9.909466840326786041e-03
2.860173769295215607e-02
-2.277966029942035675e-02
-1.559120137244462967e-02
-2.249302715063095093e-02
2.684259414672851562e-02
9.606788866221904755e-03
-7.843754254281520844e-03
2.621918171644210815e-02
3.370920196175575256e-02
2.509891800582408905e-02
1.154411770403385162e-02
5.929718166589736938e-02
6.370770931243896484e-02
2.744341641664505005e-02
3.402228280901908875e-02
5.654079467058181763e-02
-2.982014417648315430e-02
-2.666985429823398590e-02
-1.330446451902389526e-02
-4.333340376615524292e-02
-3.160713613033294678e-02
-3.490126132965087891e-02
-2.141898870468139648e-02
-2.357791550457477570e-02
-3.334451094269752502e-02
-4.208752512931823730e-02
-2.330880612134933472e-02
-1.749345846474170685e-02
-3.167350590229034424e-02
-3.157094866037368774e-02
-1.700555905699729919e-02
4.230123013257980347e-02
1.022394280880689621e-02
-1.189575530588626862e-02
3.531196387484669685e-03
9.339273907244205475e-03
-9.287749417126178741e-03
1.492930017411708832e-02
7.412078324705362320e-03
-2.825631236191838980e-04
-6.607738882303237915e-02
-7.624135911464691162e-02
-4.453143104910850525e-02
-4.293116182088851929e-02
-2.728951536118984222e-02
2.624522149562835693e-02
1.684646867215633392e-02
4.203094914555549622e-02
5.994749441742897034e-02
-8.995639160275459290e-03
-3.966469317674636841e-02
-2.809876576066017151e-02
2.784580364823341370e-02
1.311201136559247971e-03
-3.844649298116564751e-03
2.596981450915336609e-02
6.254150718450546265e-02
6.807705760002136230e-02
-1.242220122367143631e-02
-4.244096577167510986e-02
-6.213261932134628296e-02
-4.361055791378021240e-02
-6.650651246309280396e-02
-7.737508416175842285e-02
-3.642145916819572449e-02
-3.873443603515625000e-02
-2.851210720837116241e-02
1.144445128738880157e-02
-1.571713015437126160e-02
-3.420392051339149475e-03
3.173166885972023010e-02
2.128846198320388794e-02
3.496246784925460815e-02
3.784602740779519081e-03
1.507226563990116119e-02
-1.731400750577449799e-02
-3.700368106365203857e-02
-4.677240550518035889e-02
-3.370925784111022949e-02
-6.393528543412685394e-03
9.111400577239692211e-04
2.705600857734680176e-02
2.251323871314525604e-02
2.348848804831504822e-02
1.223078276962041855e-02
-3.519644727930426598e-03
1.030408032238483429e-02
-1.607055775821208954e-02
-1.819474436342716217e-02
-4.803511314094066620e-03
-2.296654693782329559e-02
-5.028796568512916565e-02
-1.887593232095241547e-02
-8.714811876416206360e-03
7.895583286881446838e-03
3.498921170830726624e-02
4.815119504928588867e-02
4.509763047099113464e-02
4.851305857300758362e-03
4.267402738332748413e-02
4.470100998878479004e-02
4.584919661283493042e-02
6.490831077098846436e-02
4.463801905512809753e-02
1.940495707094669342e-02
3.352992609143257141e-02
-1.056211348623037338e-02
1.605554018169641495e-03
2.843186724931001663e-03
-4.206043109297752380e-02
-3.172776103019714355e-02
-2.072940766811370850e-02
2.940545557066798210e-03
-5.572188645601272583e-03
-3.042567521333694458e-02
1.449672598391771317e-02
2.616476640105247498e-02
2.068512141704559326e-02
-6.768374238163232803e-03
1.122225727885961533e-02
2.774028573185205460e-03
-2.998152002692222595e-02
-1.897086575627326965e-02
-3.335712105035781860e-02
1.178986299782991409e-02
1.091436203569173813e-02
-1.360436715185642242e-02
2.366040647029876709e-02
-1.690941280685365200e-03
-9.825162589550018311e-03
-3.166861366480588913e-03
2.009222656488418579e-02
1.561461947858333588e-02
-2.725160308182239532e-02
-3.036265494301915169e-03
-2.073998376727104187e-02
-4.761814326047897339e-02
-3.386571630835533142e-02
-4.104988649487495422e-02
-1.385215204209089279e-03
-1.784683577716350555e-02
-1.677224785089492798e-02
-5.971043370664119720e-03
8.355264435522258282e-04
-3.103484632447361946e-03
-2.455688640475273132e-02
-3.295604139566421509e-02
-2.154363505542278290e-02
1.762305758893489838e-02
-1.459311461076140404e-03
-1.566704735159873962e-02
6.688008550554513931e-03
2.069235593080520630e-02
1.500772591680288315e-02
-4.271333292126655579e-02
-1.240601949393749237e-02
1.301734242588281631e-02
2.442477643489837646e-02
6.341949105262756348e-02
4.417037591338157654e-02
-2.862676233053207397e-02
-1.645684824325144291e-03
-6.155828014016151428e-03
1.054968335665762424e-03
1.765576750040054321e-02
4.139599576592445374e-02
2.061169035732746124e-02
-7.603566627949476242e-03
-7.026991806924343109e-04
-4.008460789918899536e-03
5.731157958507537842e-03
1.741149649024009705e-02
-9.669618681073188782e-03
-8.418182842433452606e-03
5.023251753300428391e-03
5.070079863071441650e-02
2.469155564904212952e-02
-3.086857963353395462e-03
3.811853379011154175e-02
1.105885952711105347e-02
-1.920680887997150421e-02
1.064128987491130829e-02
-3.676480799913406372e-02
-3.078831732273101807e-02
-2.011028816923499107e-03
2.501966804265975952e-02
3.628842905163764954e-02
-4.078771919012069702e-02
2.645137952640652657e-03
2.673731930553913116e-02
-2.529697120189666748e-02
-3.588476218283176422e-03
-1.303816679865121841e-02
3.783126547932624817e-02
2.390734851360321045e-02
4.746806342154741287e-03
3.824734687805175781e-02
1.810532249510288239e-02
5.995668005198240280e-03
1.964230276644229889e-02
-2.656309492886066437e-02
-6.239425018429756165e-02
-3.852231020573526621e-04
6.438251119107007980e-03
1.279814448207616806e-02
-6.240473128855228424e-03
1.029475033283233643e-02
1.661668531596660614e-02
-9.179413318634033203e-03
8.499833755195140839e-03
1.948083192110061646e-02
-1.885362900793552399e-02
-3.977103531360626221e-02
-5.943217128515243530e-02
-2.151733450591564178e-02
1.526058465242385864e-02
1.532805152237415314e-02
-1.333600562065839767e-02
2.161851711571216583e-02
5.735803022980690002e-02
-8.012584410607814789e-03
2.800961490720510483e-03
9.514836128801107407e-04
1.995571516454219818e-02
1.267440523952245712e-02
-1.274961046874523163e-02
3.835986182093620300e-02
3.483916819095611572e-02
2.020152285695075989e-02
9.908094070851802826e-03
-4.379777610301971436e-02
-5.052812397480010986e-02
7.320930249989032745e-03
-3.331174328923225403e-02
-4.388801753520965576e-02
2.190633967984467745e-04
-1.577419042587280273e-02
-3.481951728463172913e-02
1.355450320988893509e-02
1.650407165288925171e-02
3.320491313934326172e-02
-1.528015546500682831e-02
1.706924987956881523e-03
2.336004003882408142e-02
-7.502270862460136414e-03
-2.424628846347332001e-02
-3.475016355514526367e-02
-8.342794142663478851e-03
-2.274992875754833221e-02
-3.233091905713081360e-02
-5.579165648669004440e-03
-9.661868214607238770e-03
-1.888097263872623444e-02
-6.509404629468917847e-02
-7.041497528553009033e-02
-6.780370324850082397e-02
-1.635620929300785065e-02
-1.283619273453950882e-02
-4.853504896163940430e-02
-3.610955178737640381e-02
-1.659254427067935467e-03
-2.110226079821586609e-02
-7.829902321100234985e-02
-4.011317342519760132e-02
-1.383209601044654846e-02
-3.475112840533256531e-02
-7.038643117994070053e-03
1.604658737778663635e-02
-6.426145136356353760e-02
-1.157419569790363312e-02
-1.094285026192665100e-02
-6.467258185148239136e-02
-1.991723291575908661e-02
-9.692979045212268829e-03
-1.308367680758237839e-02
1.403222419321537018e-02
9.631847031414508820e-03
-3.651300072669982910e-02
1.273799128830432892e-02
3.666587173938751221e-02
-5.594102293252944946e-02
-5.599065870046615601e-02
-2.966567315161228180e-02
5.782758072018623352e-02
4.421246424317359924e-02
1.066523045301437378e-02
5.948524922132492065e-02
2.053668536245822906e-02
-1.994764432311058044e-02
3.473541513085365295e-02
-3.726447373628616333e-02
-1.853181049227714539e-02
1.353022176772356033e-02
1.740365475416183472e-02
1.369171589612960815e-02
4.846204537898302078e-03
8.348404429852962494e-03
1.949145109392702579e-03
-2.572820521891117096e-02
-8.295750245451927185e-03
-1.631187647581100464e-02
4.178018495440483093e-02
4.470226913690567017e-02
4.373544082045555115e-02
3.913979977369308472e-02
3.063996694982051849e-02
3.727169474586844444e-03
1.188264694064855576e-02
3.178336471319198608e-02
2.811963297426700592e-02
1.915853354148566723e-03
-1.647867821156978607e-02
1.585293561220169067e-02
-5.012891814112663269e-02
-6.553310155868530273e-02
-6.300476193428039551e-02
-2.757650427520275116e-02
-2.982398495078086853e-02
-4.317295923829078674e-02
9.746754541993141174e-03
4.130768403410911560e-02
4.021646454930305481e-02
-6.289027631282806396e-03
9.759641252458095551e-04
-4.080486483871936798e-03
-1.731865457259118557e-03
-3.174273297190666199e-02
-3.805702179670333862e-02
1.411113049834966660e-02
7.573550101369619370e-03
-3.608248010277748108e-02
-2.268747426569461823e-02
-2.070530131459236145e-02
-4.226918891072273254e-02
-3.732576593756675720e-02
-4.366044700145721436e-02
-7.800121605396270752e-02
-3.482241928577423096e-02
-3.176860744133591652e-03
1.303089899010956287e-03
-3.755367652047425508e-04
2.779443562030792236e-02
1.827730610966682434e-02
3.018637560307979584e-02
1.381859835237264633e-02
1.800016313791275024e-02
-5.008834414184093475e-03
-4.198899120092391968e-02
-5.046923086047172546e-02
-8.373242802917957306e-03
-5.374221596866846085e-03
1.278632972389459610e-02
-1.411877293139696121e-02
-4.477232694625854492e-03
-1.873294264078140259e-02
1.402694266289472580e-02
-1.074398588389158249e-02
-4.559578374028205872e-02
-2.361741289496421814e-02
-1.536608301103115082e-02
-3.796143457293510437e-02
-1.465677190572023392e-02
-3.913561627268791199e-02
-3.981288895010948181e-02
-8.620465174317359924e-03
-1.740637584589421749e-03
-8.643481880426406860e-03
-1.190351694822311401e-02
-2.450300566852092743e-02
-3.069561533629894257e-02
-1.641229726374149323e-02
-2.153231576085090637e-02
-3.336431831121444702e-02
1.086031179875135422e-02
2.178768627345561981e-02
3.655338287353515625e-02
-1.280332356691360474e-02
-3.613720089197158813e-02
-4.011812433600425720e-02
-1.619462482631206512e-02
-4.361146315932273865e-02
-2.809198759496212006e-02
-7.478449027985334396e-03
-1.035579107701778412e-02
-5.090051796287298203e-03
1.075275428593158722e-02
5.863583181053400040e-03
-1.630302332341670990e-02
-2.234320715069770813e-02
-8.185734041035175323e-03
-2.197314612567424774e-02
2.522914437577128410e-03
3.854177426546812057e-03
1.775352284312248230e-02
-5.517278611660003662e-02
-5.312111973762512207e-02
-2.031814120709896088e-02
-4.874769598245620728e-02
-4.899241775274276733e-02
-4.824460297822952271e-02
1.842510187998414040e-03
-2.392538636922836304e-02
-3.648339956998825073e-02
-9.338793344795703888e-03
-2.061989903450012207e-02
-1.717179827392101288e-02
1.783778704702854156e-02
3.780153021216392517e-02
2.668592147529125214e-02
-7.176234503276646137e-04
-1.257256045937538147e-02
-3.089415095746517181e-02
3.206294402480125427e-02
-1.045707892626523972e-02
-1.914865151047706604e-02
2.364403381943702698e-02
-1.149240974336862564e-02
-1.720043597742915154e-03
-1.736653619445860386e-03
-2.565446496009826660e-02
-3.437775745987892151e-02
-9.655385278165340424e-03
-7.724162656813859940e-03
-4.921768233180046082e-02
-5.939304828643798828e-02
-2.669429033994674683e-02
-5.784676969051361084e-02
3.172482596710324287e-03
2.601503161713480949e-03
1.258239708840847015e-02
1.214733533561229706e-02
5.698669701814651489e-03
8.601516485214233398e-03
-4.605742916464805603e-02
-5.562186613678932190e-02
-4.387862607836723328e-02
4.210434854030609131e-02
4.124918021261692047e-03
4.758457094430923462e-02
4.130841419100761414e-02
2.245132066309452057e-02
1.739174313843250275e-02
-1.036583259701728821e-02
3.204957116395235062e-03
-1.072804257273674011e-02
-4.507695883512496948e-02
-4.414203017950057983e-02
-3.810263425111770630e-02
2.406942192465066910e-03
-2.692075073719024658e-02
-3.822088474407792091e-03
2.046169340610504150e-02
7.114885840564966202e-03
5.425160750746726990e-02
-5.125392973423004150e-02
-2.904960885643959045e-02
-5.367681756615638733e-02
-3.731486946344375610e-02
-4.572127480059862137e-03
-3.458991646766662598e-02
-3.417956456542015076e-02
-2.821157500147819519e-02
-6.020820140838623047e-02
-3.514286503195762634e-02
-4.069947823882102966e-02
-3.677324205636978149e-02
-3.320124372839927673e-02
-5.121108889579772949e-02
-3.503636270761489868e-02
-2.528125047683715820e-02
-3.436827287077903748e-02
-1.904808357357978821e-02
-4.019368439912796021e-02
-2.874610945582389832e-02
1.190884388051927090e-03
-2.331333089387044311e-04
1.643829233944416046e-02
5.080198124051094055e-02
7.800552528351545334e-03
5.571068078279495239e-02
4.808397218585014343e-02
7.829076610505580902e-03
1.752247475087642670e-02
1.067676115781068802e-02
1.610008534044027328e-03
1.257210131734609604e-02
-1.628846861422061920e-02
-2.199982851743698120e-02
-1.542204897850751877e-02
-4.243217408657073975e-02
1.031503546983003616e-02
-1.405267696827650070e-02
-1.961506344377994537e-02
-1.970070600509643555e-02
-8.097753673791885376e-02
-7.592058926820755005e-02
3.517381846904754639e-02
-2.311715297400951385e-02
-2.511243335902690887e-02
-2.377801720285788178e-04
-5.449133459478616714e-03
-2.297476865351200104e-02
1.782807521522045135e-02
-9.989426471292972565e-03
-1.019771955907344818e-02
3.146205330267548561e-03
2.067958563566207886e-02
-1.223129685968160629e-02
5.394686013460159302e-03
1.727046631276607513e-02
-2.721370756626129150e-02
-1.505845040082931519e-02
3.117158263921737671e-02
-1.302701234817504883e-02
-1.948611624538898468e-02
5.520232394337654114e-02
9.899974800646305084e-03
-5.296140536665916443e-02
-3.390653431415557861e-02
-4.384046420454978943e-02
-4.238583147525787354e-03
-2.589921653270721436e-02
3.018716350197792053e-03
7.110964506864547729e-02
2.442095242440700531e-02
3.980700671672821045e-02
-1.611573249101638794e-02
-1.579733379185199738e-02
2.220288664102554321e-02
-9.381219744682312012e-03
3.518528491258621216e-02
8.003208786249160767e-02
-1.546833105385303497e-02
1.589240692555904388e-02
5.078624468296766281e-03
-1.048236619681119919e-03
-2.322808839380741119e-02
2.240183576941490173e-02
-3.962336853146553040e-02
-1.170774176716804504e-02
1.036371756345033646e-02
2.529631927609443665e-02
3.906213119626045227e-02
3.671643137931823730e-02
-7.597951218485832214e-03
-1.233599334955215454e-02
-1.318840775638818741e-02
2.269110555062070489e-04
-2.497847937047481537e-02
-1.133884582668542862e-02
5.083765834569931030e-02
1.623793505132198334e-02
8.526248857378959656e-03
4.602043330669403076e-02
2.833666047081351280e-03
1.006205566227436066e-02
5.548904836177825928e-02
1.773671433329582214e-02
3.279291093349456787e-03
-2.966671716421842575e-03
-1.217944268137216568e-02
-1.910972781479358673e-02
1.184442453086376190e-02
1.654674299061298370e-02
1.739030890166759491e-02
-4.559644032269716263e-03
3.015221562236547470e-03
7.719629909843206406e-03
-2.284123934805393219e-02
3.779677441343665123e-03
1.025438541546463966e-04
-8.926421403884887695e-03
-1.156664639711380005e-02
-1.840764284133911133e-02
1.671501807868480682e-02
-2.764859423041343689e-02
-6.072878465056419373e-02
-4.174168035387992859e-02
-8.246742188930511475e-02
-7.413166016340255737e-02
-4.790684208273887634e-03
-3.981598094105720520e-02
1.323669683188199997e-03
4.274898674339056015e-03
1.857359707355499268e-02
2.490423060953617096e-02
2.249982766807079315e-02
2.527261711657047272e-02
1.340567786246538162e-02
6.724551785737276077e-03
1.918790489435195923e-02
4.156605154275894165e-02
-4.020144790410995483e-02
1.621787995100021362e-02
2.355631999671459198e-02
-3.231463208794593811e-02
5.231388285756111145e-02
2.724587172269821167e-02
-3.180534765124320984e-02
-5.339743942022323608e-02
-4.611014947295188904e-02
-2.556845359504222870e-02
-7.182274013757705688e-02
-4.681856185197830200e-02
-2.290432108566164970e-03
7.657045498490333557e-03
8.765022270381450653e-03
-2.323447354137897491e-02
-3.639718983322381973e-03
1.362458989024162292e-02
-1.172035001218318939e-02
-1.259448099881410599e-02
1.766254281392320991e-04
-3.211134299635887146e-02
-3.257913514971733093e-02
-3.691197186708450317e-02
-7.117398083209991455e-02
-6.794665940105915070e-03
-9.193032979965209961e-03
-3.317278251051902771e-02
6.507679354399442673e-04
-1.075206231325864792e-02
-9.773008059710264206e-04
1.403133012354373932e-02
3.908831253647804260e-02
-2.387958392500877380e-02
4.467776045203208923e-02
4.410989210009574890e-02
1.734812743961811066e-02
8.252063393592834473e-02
7.259761542081832886e-02
3.282658755779266357e-02
2.296930365264415741e-02
-7.311732973903417587e-03
-1.390584930777549744e-02
-1.911927759647369385e-02
4.192151594907045364e-03
-1.817102730274200439e-02
-5.399868357926607132e-03
-1.829677075147628784e-02
1.305111101828515530e-03
-1.176999695599079132e-02
-9.692831081338226795e-04
3.309161635115742683e-03
-9.887651540338993073e-03
8.824806660413742065e-03
-9.919759817421436310e-03
-5.385467782616615295e-03
-1.399985142052173615e-02
5.807302892208099365e-03
-3.502209438011050224e-04
2.450805902481079102e-02
-8.452670648694038391e-03
-3.075700812041759491e-02
-3.819170966744422913e-02
-4.212484695017337799e-03
-4.661672934889793396e-02
-5.200781300663948059e-02
-1.431625802069902420e-02
-6.915459781885147095e-02
-5.469029396772384644e-02
1.356801111251115799e-02
7.723043672740459442e-03
9.629805572330951691e-03
-1.312075089663267136e-02
3.484820481389760971e-03
2.901955507695674896e-02
-7.861054502427577972e-03
5.295767332427203655e-04
5.072441417723894119e-03
-6.258982233703136444e-03
-1.133238710463047028e-02
-3.876657783985137939e-02
-2.655470278114080429e-03
-1.039960328489542007e-02
-4.188716411590576172e-02
-5.526944249868392944e-02
-4.986268654465675354e-02
-7.824912667274475098e-02
-3.346604481339454651e-02
-2.486780658364295959e-02
-8.720176294445991516e-03
-1.161941699683666229e-02
-2.382733859121799469e-02
2.428284659981727600e-02
9.144072420895099640e-03
-2.604899741709232330e-02
-3.211579518392682076e-03
-4.543052054941654205e-03
-1.015659887343645096e-02
8.769875392317771912e-03
-5.151399411261081696e-03
-6.547090131789445877e-03
2.047039195895195007e-02
2.901525050401687622e-02
3.832428902387619019e-02
1.906488277018070221e-02
-2.345510199666023254e-02
-4.816542938351631165e-02
6.314695347100496292e-03
1.948518864810466766e-02
-3.731457144021987915e-02
1.560682896524667740e-02
7.004326581954956055e-02
4.252482578158378601e-02
3.291992843151092529e-02
-3.766826912760734558e-02
-3.854596614837646484e-02
-1.331002544611692429e-02
-3.018851578235626221e-02
-1.870978809893131256e-02
-1.421934831887483597e-02
1.922070235013961792e-02
-7.848625071346759796e-03
-1.738403923809528351e-02
-1.141820289194583893e-02
-4.914955049753189087e-02
-3.008292429149150848e-02
1.679643988609313965e-02
-4.071181267499923706e-02
-1.729536801576614380e-02
4.021108523011207581e-02
3.348496928811073303e-02
5.405192077159881592e-02
-1.476130913943052292e-02
-4.834481328725814819e-02
-2.047530189156532288e-02
1.127579808235168457e-02
-1.025440637022256851e-02
-3.446107963100075722e-03
2.713408134877681732e-02
1.206555869430303574e-02
2.303747460246086121e-02
-2.698599733412265778e-02
-2.968131192028522491e-02
-2.894417848438024521e-03
1.696765981614589691e-02
1.388231106102466583e-02
1.808888092637062073e-02
1.808036677539348602e-02
-2.775996178388595581e-02
-2.803650312125682831e-02
-7.155623286962509155e-02
-8.529586717486381531e-03
1.341648027300834656e-02
-3.807267919182777405e-02
-1.347963605076074600e-02
1.866129413247108459e-02
2.816115692257881165e-02
-1.107714418321847916e-02
3.389297053217887878e-02
2.879463508725166321e-02
4.251634702086448669e-02
3.574341535568237305e-02
-3.015351109206676483e-02
-1.952501200139522552e-02
-1.108555868268013000e-02
-7.695445325225591660e-03
-4.090283473487943411e-04
-1.808955706655979156e-02
-1.578326337039470673e-02
-5.995384417474269867e-04
-2.246001269668340683e-03
1.203073095530271530e-02
2.337801270186901093e-02
1.729480177164077759e-02
1.473173685371875763e-02
1.862757839262485504e-02
-2.749865688383579254e-02
3.012105822563171387e-02
-5.836268421262502670e-03
-1.054918579757213593e-02
3.081328980624675751e-02
-2.791923703625798225e-03
-2.277880720794200897e-02
1.878182031214237213e-02
-9.328640997409820557e-03
-2.037331461906433105e-02
-3.620824590325355530e-02
-2.497249469161033630e-02
-1.128563564270734787e-02
-3.043019585311412811e-02
-1.009046286344528198e-02
-4.577149823307991028e-02
-2.806354081258177757e-03
-1.330762356519699097e-02
-4.914776608347892761e-02
9.955555200576782227e-03
-4.863907583057880402e-03
-1.725609041750431061e-02
3.890314698219299316e-02
1.174218393862247467e-02
-3.263885155320167542e-02
-1.013141870498657227e-02
-2.225738391280174255e-02
-4.047333449125289917e-02
2.784285880625247955e-02
3.038843348622322083e-02
2.102158404886722565e-02
-1.181930582970380783e-02
1.624253811314702034e-03
-1.909632701426744461e-03
-4.609427973628044128e-02
-2.419961243867874146e-02
-1.066750101745128632e-02
-2.822623215615749359e-02
3.129443898797035217e-02
4.368803638499230146e-04
1.390019524842500687e-02
1.497311145067214966e-02
-3.266797214746475220e-02
2.719537355005741119e-02
2.203671075403690338e-02
4.370460752397775650e-03
5.382269620895385742e-03
-7.739217951893806458e-03
-5.493456497788429260e-03
8.208154700696468353e-03
-2.957807108759880066e-02
-2.407720126211643219e-02
2.239847183227539062e-02
-2.624988183379173279e-02
3.058874048292636871e-03
-1.480883453041315079e-02
-3.823367133736610413e-02
-3.938587009906768799e-02
-3.476875275373458862e-02
-4.156633466482162476e-02
-2.850886993110179901e-02
-5.125802010297775269e-03
1.297002565115690231e-02
-2.134604752063751221e-02
-3.210682794451713562e-02
6.556688807904720306e-03
4.590461961925029755e-03
4.333808552473783493e-03
-7.354523055255413055e-03
-1.753758266568183899e-02
3.038567956537008286e-03
-3.202272206544876099e-02
-2.726476825773715973e-02
-2.682540006935596466e-02
-1.932725124061107635e-02
1.406671665608882904e-02
-1.886551268398761749e-02
2.029510214924812317e-02
2.330302074551582336e-02
-4.033215343952178955e-02
-9.014778188429772854e-04
-5.247870925813913345e-03
-2.489092946052551270e-02
-1.552586816251277924e-02
-3.837616182863712311e-03
-1.108303479850292206e-02
-4.466553800739347935e-04
1.010052207857370377e-02
-9.278104640543460846e-03
-2.292624488472938538e-02
-2.222060039639472961e-02
-4.073166847229003906e-02
-5.268998071551322937e-02
-3.919646888971328735e-02
-3.885537758469581604e-02
-3.876066952943801880e-02
-6.446432322263717651e-02
-5.546712875366210938e-02
-4.031810164451599121e-02
-4.538544639945030212e-02
1.487546693533658981e-02
-4.181649273959919810e-06
-1.509193889796733856e-02
9.336033836007118225e-03
1.396949030458927155e-02
1.482374686747789383e-02
4.807577654719352722e-02
5.928047373890876770e-02
5.439738556742668152e-02
1.233881339430809021e-02
-1.970068924129009247e-02
-8.431537076830863953e-03
3.746885433793067932e-02
4.055464640259742737e-02
3.338655084371566772e-02
1.453348528593778610e-02
2.469356916844844818e-02
1.152513548731803894e-02
-3.637570887804031372e-02
-3.807225823402404785e-02
4.536396823823451996e-03
-3.540866449475288391e-02
-8.925908058881759644e-02
-6.431472022086381912e-03
-3.347391262650489807e-02
-1.046322584152221680e-01
-5.889050289988517761e-02
3.806940512731671333e-03
-5.866786465048789978e-02
-3.910412639379501343e-02
-2.074464038014411926e-02
-6.138400360941886902e-02
-4.658551514148712158e-02
-1.052799634635448456e-02
-2.044419758021831512e-02
-1.294979732483625412e-02
-6.704298779368400574e-03
7.513574790209531784e-03
3.786196466535329819e-04
-2.433969452977180481e-02
-3.892172873020172119e-02
-2.551790513098239899e-02
-2.114464901387691498e-02
-3.826511278748512268e-02
-3.857560455799102783e-03
9.740795008838176727e-03
-1.435535214841365814e-02
-1.012769248336553574e-02
3.629362955689430237e-02
-1.290677697397768497e-03
5.813718307763338089e-03
1.571165397763252258e-02
-1.069781649857759476e-02
2.475503459572792053e-02
3.753804834559559822e-03
2.420155145227909088e-02
1.723363250494003296e-02
1.950503326952457428e-02
3.931754454970359802e-02
1.204611547291278839e-02
1.155112963169813156e-02
-1.549798622727394104e-02
-2.029731310904026031e-02
-1.639034599065780640e-02
-5.224735662341117859e-02
-2.978192456066608429e-02
-1.171875279396772385e-02
-2.687153220176696777e-02
-1.289911940693855286e-02
-1.428124494850635529e-02
-3.129295632243156433e-02
-6.854051258414983749e-03
-2.168204635381698608e-02
-9.463087655603885651e-03
2.152138575911521912e-02
-4.755744244903326035e-03
-2.066332101821899414e-02
1.980191562324762344e-03
2.724222280085086823e-02
-2.266031876206398010e-02
-3.113934583961963654e-02
-1.023286581039428711e-02
-2.696320042014122009e-02
-1.859745196998119354e-02
-4.412687383592128754e-03
-5.095171928405761719e-02
-2.713816612958908081e-02
-4.290064424276351929e-02
-4.970173910260200500e-02
-3.646171838045120239e-02
-1.569770090281963348e-02
-1.223996840417385101e-02
4.664042498916387558e-03
-3.625443670898675919e-03
2.435395494103431702e-02
8.144016377627849579e-03
1.320537738502025604e-02
-1.884664967656135559e-02
-2.449240721762180328e-02
4.255004692822694778e-03
2.368149533867835999e-02
4.119863267987966537e-03
-3.946423530578613281e-02
-2.611380815505981445e-02
-2.273980528116226196e-03
-1.770248822867870331e-02
6.630919408053159714e-03
-2.165313344448804855e-03
4.731802269816398621e-03
-3.145326673984527588e-02
1.585645601153373718e-03
1.139198429882526398e-02
-2.655228413641452789e-02
-3.998478502035140991e-02
2.615498751401901245e-02
-3.154996549710631371e-03
-1.292214263230562210e-02
2.556239999830722809e-02
5.628604441881179810e-03
-1.091759745031595230e-02
-1.220909878611564636e-02
-1.332622766494750977e-02
-1.591161079704761505e-02
-5.330665782094001770e-02
-3.560391813516616821e-02
-4.373409226536750793e-02
-9.162036702036857605e-03
-5.759157938882708549e-04
-3.125599026679992676e-02
-3.100319765508174896e-02
-2.582721225917339325e-02
-2.621561661362648010e-02
-3.907093778252601624e-02
-3.481962531805038452e-02
-2.100021950900554657e-02
-2.230490744113922119e-02
-3.311018645763397217e-02
-6.068755686283111572e-02
3.188476711511611938e-02
-3.202622989192605019e-03
3.122078999876976013e-02
7.714335620403289795e-02
3.237442672252655029e-02
5.145929381251335144e-02
-6.113265175372362137e-03
-4.327368922531604767e-03
-2.371924184262752533e-02
8.164787665009498596e-03
3.940435592085123062e-03
2.196641266345977783e-02
-1.270715054124593735e-02
-1.906737685203552246e-03
2.575259469449520111e-02
-1.860338076949119568e-02
5.795705132186412811e-03
2.515785861760377884e-03
-3.902773186564445496e-02
-1.543402299284934998e-02
-2.210820093750953674e-02
-3.703728318214416504e-02
-3.153177723288536072e-02
-4.234083741903305054e-02
2.294371835887432098e-02
1.896331086754798889e-02
2.523922361433506012e-03
1.746670342981815338e-02
1.082109753042459488e-03
-1.410093344748020172e-02
1.039350964128971100e-02
-1.267860084772109985e-02
-2.913673780858516693e-02
-1.317215897142887115e-02
4.707104060798883438e-03
-1.205764152109622955e-02
-2.006721310317516327e-02
-1.014860719442367554e-02
-3.261164575815200806e-02
-4.547300934791564941e-02
-3.678546845912933350e-02
-6.346834450960159302e-02
1.238403189927339554e-02
4.155100788921117783e-03
1.254415512084960938e-02
2.686800621449947357e-02
2.723105251789093018e-02
2.668374590575695038e-02
-1.710126176476478577e-02
-1.988678611814975739e-02
-1.881545968353748322e-02
-6.160560995340347290e-03
1.571952924132347107e-02
4.243205767124891281e-03
2.230514213442802429e-02
7.105410844087600708e-02
3.096311911940574646e-02
1.942038536071777344e-02
3.144893422722816467e-02
1.466011977754533291e-03
-4.401576519012451172e-02
-2.202750556170940399e-02
-2.492813766002655029e-02
-1.914574205875396729e-02
-2.792691113427281380e-03
-6.239640060812234879e-04
2.840064093470573425e-02
6.104058586061000824e-03
1.652880012989044189e-02
-7.098935544490814209e-03
-1.685868017375469208e-02
-2.190699987113475800e-02
-1.102629303932189941e-02
-1.188212167471647263e-02
1.033182255923748016e-02
-1.626021927222609520e-03
6.479532457888126373e-03
3.376187384128570557e-02
-7.781969010829925537e-02
-8.833792060613632202e-02
-2.535449340939521790e-02
6.208291277289390564e-03
-3.278366476297378540e-02
1.737175509333610535e-02
9.910334646701812744e-02
3.096209093928337097e-02
5.695378780364990234e-02
2.455564774572849274e-02
-2.565694041550159454e-03
9.121085517108440399e-03
2.625693939626216888e-02
2.711113775148987770e-03
9.726099669933319092e-03
-4.442629218101501465e-02
-2.752757258713245392e-02
-2.946475148200988770e-02
6.629376858472824097e-02
4.808253794908523560e-02
2.856192924082279205e-02
2.479721978306770325e-02
-7.844188250601291656e-03
2.231503371149301529e-03
-2.977464534342288971e-02
-3.860035166144371033e-02
-4.818609356880187988e-02
3.804030269384384155e-02
3.105320036411285400e-02
2.037218958139419556e-02
1.882553659379482269e-02
8.551872335374355316e-03
1.898916438221931458e-02
-1.965397223830223083e-02
-1.994384452700614929e-02
-1.337524782866239548e-02
-3.713815531227737665e-04
-2.745395468082278967e-04
-5.237307865172624588e-03
-3.966965898871421814e-02
-1.355265732854604721e-02
1.421397645026445389e-02
-9.533024579286575317e-02
-6.699075549840927124e-02
4.891061224043369293e-03
-2.221874706447124481e-02
-1.905086077749729156e-02
-2.554678916931152344e-02
9.000677615404129028e-03
1.446653902530670166e-02
6.140831392258405685e-04
4.799992218613624573e-02
2.736040391027927399e-02
-1.422695466317236423e-03
1.314529497176408768e-02
2.948204055428504944e-02
2.027300372719764709e-02
-7.823829539120197296e-03
-1.013687159866094589e-02
-7.260634563863277435e-03
-2.775068022310733795e-02
-5.781689193099737167e-03
2.489498630166053772e-02
1.344819739460945129e-02
2.943341061472892761e-02
3.877428919076919556e-02
-5.938827060163021088e-03
-6.411954760551452637e-03
1.288737915456295013e-02
-3.282574564218521118e-02
-3.469933196902275085e-02
-3.842564299702644348e-02
-2.830021455883979797e-02
-3.208287060260772705e-02
-4.789268970489501953e-02
-2.247767522931098938e-03
-2.221019379794597626e-02
2.797490451484918594e-03
1.429871842265129089e-02
2.939955890178680420e-02
4.378935694694519043e-02
6.809855112805962563e-04
-2.543989382684230804e-02
-4.247080907225608826e-02
-1.761254295706748962e-02
-3.283871337771415710e-02
-1.985658705234527588e-02
-8.988062851130962372e-03
5.201574531383812428e-04
4.394012968987226486e-03
-2.651229314506053925e-02
-3.825799748301506042e-02
-9.821700863540172577e-03
1.201839558780193329e-02
2.278343774378299713e-02
4.251158982515335083e-02
1.763891614973545074e-02
2.255620248615741730e-02
2.764856815338134766e-02
-8.274699561297893524e-03
-1.386892050504684448e-02
-2.939763106405735016e-02
-4.106920212507247925e-02
-2.326855622231960297e-02
-1.899080909788608551e-02
-2.265386655926704407e-02
4.868249408900737762e-03
9.212515316903591156e-03
3.736251965165138245e-02
2.795509621500968933e-02
2.643876150250434875e-02
1.752192899584770203e-02
1.025291625410318375e-02
6.817961577326059341e-03
-4.285650327801704407e-02
-3.939419984817504883e-02
-1.264873053878545761e-02
-8.730798214673995972e-02
-7.420027256011962891e-02
-4.563768953084945679e-02
-2.054003626108169556e-02
-2.353353984653949738e-02
-1.089375093579292297e-02
-9.587894193828105927e-03
-3.225072845816612244e-02
-1.604360900819301605e-02
2.220336161553859711e-02
1.834310032427310944e-02
1.260163821280002594e-02
2.712539397180080414e-03
-3.540546167641878128e-03
8.433403447270393372e-03
-3.459131345152854919e-02
-2.585473842918872833e-02
-7.982132956385612488e-03
-4.149939864873886108e-02
-3.648648038506507874e-02
-3.769559413194656372e-02
-2.452919818460941315e-02
-1.321463007479906082e-02
1.176561578176915646e-03
1.636342494748532772e-03
7.683784700930118561e-03
-1.226505823433399200e-02
-1.112575363367795944e-02
-1.390409761370392516e-05
3.328355494886636734e-03
6.617080071009695530e-04
-6.247107870876789093e-03
-2.744897454977035522e-02
-2.489537000656127930e-02
-3.277223557233810425e-02
-2.271919324994087219e-02
-2.645194716751575470e-02
-1.548286527395248413e-02
-1.257247012108564377e-02
1.412868034094572067e-02
2.689975127577781677e-02
5.411898251622915268e-03
2.700503543019294739e-02
-1.652252115309238434e-02
-1.386546995490789413e-02
-1.380205806344747543e-02
2.020069770514965057e-02
3.964248672127723694e-02
-2.340489625930786133e-02
-2.142463438212871552e-02
2.299024723470211029e-03
-1.941646263003349304e-02
-2.864511311054229736e-02
3.186478978022933006e-03
-4.078386351466178894e-03
2.114541456103324890e-02
3.852532058954238892e-02
-4.374868422746658325e-02
-2.176876366138458252e-02
-2.979359216988086700e-02
-3.227440267801284790e-02
-1.687822304666042328e-02
-2.550219371914863586e-02
1.904137432575225830e-02
4.348003771156072617e-03
1.107770949602127075e-02
1.143145002424716949e-02
2.011284232139587402e-03
5.304587539285421371e-03
-7.807710207998752594e-03
-1.370270084589719772e-02
-1.637578010559082031e-02
-1.278255879878997803e-02
-1.081221550703048706e-02
-8.407021872699260712e-03
1.954934932291507721e-02
-8.388361893594264984e-03
1.766019314527511597e-02
-2.573440223932266235e-02
-2.342944219708442688e-02
2.122915163636207581e-02
3.950189426541328430e-02
3.970508277416229248e-02
4.052317142486572266e-02
2.779669314622879028e-02
1.497302390635013580e-02
-1.168075110763311386e-02
-1.124016288667917252e-02
-2.130522392690181732e-02
-2.159998938441276550e-02
-1.282910909503698349e-02
-1.427297014743089676e-02
-1.429012417793273926e-02
1.047128438949584961e-02
-9.541816078126430511e-03
-3.631854802370071411e-02
-6.416299194097518921e-02
-4.626378789544105530e-02
-3.961749374866485596e-02
1.211373042315244675e-02
2.275487408041954041e-02
-4.521735478192567825e-03
-1.524576451629400253e-02
-1.474830415099859238e-02
-4.226788505911827087e-02
-6.459531933069229126e-02
-6.174872443079948425e-02
-7.051207870244979858e-02
-4.138045012950897217e-02
-3.239771723747253418e-02
-1.108871214091777802e-02
-1.824382692575454712e-02
-1.282925717532634735e-02
8.326289826072752476e-04
-1.374240778386592865e-02
-3.031213395297527313e-02
-4.838436096906661987e-02
-7.433503866195678711e-03
-4.421601071953773499e-02
-2.597203478217124939e-02
3.550865920260548592e-03
-9.919758886098861694e-03
-1.025781687349081039e-02
-3.087341412901878357e-02
-2.187676168978214264e-02
-2.899261750280857086e-02
-2.990527637302875519e-02
-1.780027896165847778e-02
2.039354061707854271e-03
-3.030332177877426147e-02
-3.872637078166007996e-02
-1.841376349329948425e-02
-4.001563414931297302e-02
-6.169582158327102661e-02
-4.003095999360084534e-02
-3.703185124322772026e-03
1.423799712210893631e-02
3.447640687227249146e-02
2.006834186613559723e-02
1.791055500507354736e-02
3.643430396914482117e-02
1.959416270256042480e-02
1.739893108606338501e-02
4.811225831508636475e-02
3.387482464313507080e-02
3.682212205603718758e-03
9.681955911219120026e-03
3.068160824477672577e-02
1.282067131251096725e-02
4.613021016120910645e-02
1.594071649014949799e-02
4.327031492721289396e-04
2.052914910018444061e-02
-3.096254169940948486e-02
-2.555610425770282745e-02
-3.622715547680854797e-02
-1.686670444905757904e-02
-2.339706011116504669e-02
-2.726832777261734009e-02
2.221146598458290100e-02
3.498603776097297668e-02
2.296249195933341980e-02
1.070894068107008934e-04
-2.697505801916122437e-02
6.896371953189373016e-03
-4.104699939489364624e-02
-5.370751023292541504e-02
-1.572778262197971344e-02
-1.073839142918586731e-02
-1.769994560163468122e-04
3.138255700469017029e-02
3.044034168124198914e-02
2.137270942330360413e-02
3.082500398159027100e-02
-1.612084545195102692e-02
-1.094317343086004257e-02
1.637429930269718170e-02
4.092425480484962463e-02
2.899581380188465118e-02
3.963689506053924561e-02
4.052048083394765854e-03
1.034165848977863789e-03
2.729627769440412521e-03
-3.888587234541773796e-03
-5.327587947249412537e-03
-5.806569010019302368e-03
-4.212132841348648071e-02
-6.596174091100692749e-02
-2.865161001682281494e-02
-1.713908463716506958e-02
-2.849105559289455414e-02
-3.872807323932647705e-02
-4.164886474609375000e-02
-3.875970840454101562e-02
-1.914673298597335815e-02
-1.681959256529808044e-02
-1.140287518501281738e-02
1.917621679604053497e-02
-1.259683165699243546e-02
-3.159837797284126282e-02
-3.156019002199172974e-02
-2.817120589315891266e-02
-3.574765101075172424e-02
-3.363602235913276672e-02
-9.913248941302299500e-03
6.418108474463224411e-03
-1.003137789666652679e-02
5.227926000952720642e-02
6.670134514570236206e-02
3.903470933437347412e-02
4.540059342980384827e-02
1.070607174187898636e-02
-1.565077155828475952e-02
2.253807149827480316e-02
-6.547460332512855530e-03
-1.297016814351081848e-02
-7.708685472607612610e-03
6.742322351783514023e-03
2.925167419016361237e-02
-4.746844060719013214e-03
1.816322910599410534e-03
4.389293026179075241e-03
-1.133840437978506088e-02
-1.217540260404348373e-02
-8.804236538708209991e-03
6.498246639966964722e-02
1.447040680795907974e-02
1.821824908256530762e-02
3.356774523854255676e-02
2.358723618090152740e-02
5.316202528774738312e-03
1.818116381764411926e-02
1.852511614561080933e-02
7.447379175573587418e-03
-1.011539995670318604e-02
9.348100982606410980e-03
9.222872555255889893e-03
-2.354495786130428314e-02
7.051562890410423279e-03
-5.666974466294050217e-03
3.784893080592155457e-02
3.184991329908370972e-02
1.536071486771106720e-02
-1.387359574437141418e-02
-3.638956695795059204e-02
-3.610929474234580994e-02
5.136086046695709229e-02
3.267445787787437439e-02
5.358223337680101395e-03
6.673108041286468506e-02
4.468227922916412354e-02
-7.168559823185205460e-03
-3.044489305466413498e-03
-1.784130185842514038e-02
-2.422949485480785370e-02
-3.134530968964099884e-03
-4.859891161322593689e-02
-1.622898876667022705e-02
9.944027289748191833e-03
-4.439906775951385498e-02
-5.952175706624984741e-03
-2.376949973404407501e-02
-4.164596274495124817e-02
6.268686149269342422e-03
-3.862618282437324524e-02
-2.171911299228668213e-02
-2.380980178713798523e-02
-3.975331410765647888e-02
-2.962039224803447723e-02
-4.053697362542152405e-02
1.524313469417393208e-03
-1.204349007457494736e-02
-1.155381673015654087e-03
2.854260057210922241e-02
1.536181848496198654e-02
1.593277789652347565e-02
8.373031765222549438e-02
7.733041048049926758e-02
6.343041360378265381e-02
1.310250628739595413e-02
1.593783125281333923e-02
9.231929667294025421e-03
-8.309464319609105587e-04
-4.032498225569725037e-03
1.515970658510923386e-02
-1.288550160825252533e-02
-2.165675163269042969e-02
-1.450974494218826294e-03
1.139516104012727737e-02
1.369785051792860031e-02
-8.276634849607944489e-03
3.741490468382835388e-02
2.203243784606456757e-02
-6.805657874792814255e-03
4.905233508907258511e-04
3.503772243857383728e-02
2.259358204901218414e-02
2.977205626666545868e-02
3.380485624074935913e-02
2.533959411084651947e-02
1.453087572008371353e-02
3.098013252019882202e-02
3.871720656752586365e-02
3.668627887964248657e-02
7.169810682535171509e-02
4.110422357916831970e-02
2.193173393607139587e-02
3.574860165826976299e-04
-5.214931297814473510e-05
-3.122519142925739288e-02
-5.407478287816047668e-02
-5.548477545380592346e-02
-4.969746619462966919e-02
-7.138872146606445312e-02
-7.222924381494522095e-02
-2.570232027210295200e-04
-1.325314398854970932e-02
5.861869081854820251e-03
1.090951729565858841e-02
-1.234770286828279495e-02
2.029452845454216003e-02
3.886053338646888733e-02
1.276863925158977509e-02
1.496511278674006462e-03
-1.415699440985918045e-02
-2.619887702167034149e-02
-1.097137108445167542e-02
-2.072242088615894318e-02
-2.558572404086589813e-02
-7.010305998846888542e-04
-4.419267177581787109e-02
-4.601872339844703674e-02
-2.098809368908405304e-02
7.058449555188417435e-03
6.769137107767164707e-04
8.496396243572235107e-03
-1.996526960283517838e-03
9.001026861369609833e-03
8.512358181178569794e-03
-1.707530464045703411e-04
2.478074049577116966e-03
-4.076212178915739059e-03
-3.028436936438083649e-02
-2.966032922267913818e-02
-1.317511033266782761e-02
-1.909286901354789734e-02
-1.851327531039714813e-02
-5.456173326820135117e-03
7.604804821312427521e-03
2.589389448985457420e-03
3.807108849287033081e-02
-3.685950115323066711e-02
-3.695597872138023376e-02
-5.490104481577873230e-02
-1.762952469289302826e-02
-9.531497955322265625e-03
1.941947452723979950e-02
-1.500681415200233459e-02
-9.004429914057254791e-03
8.919212967157363892e-03
-1.377316843718290329e-02
-1.063647400587797165e-02
-2.282866649329662323e-02
-3.536921367049217224e-02
-4.432478919625282288e-02
-4.005201160907745361e-02
-1.577349193394184113e-02
-7.816251367330551147e-03
4.483173135668039322e-03
1.197023037821054459e-02
3.392959712073206902e-03
1.532389200292527676e-03
7.891452871263027191e-03
1.887852698564529419e-02
1.483380887657403946e-02
-3.914689645171165466e-02
-2.353518642485141754e-02
-2.270840574055910110e-03
-3.695470839738845825e-02
-4.629758186638355255e-03
-9.716865606606006622e-03
-3.337595984339714050e-02
-4.161662980914115906e-02
-1.667775958776473999e-02
5.048157647252082825e-02
9.244510903954505920e-03
3.654961660504341125e-02
6.334920413792133331e-03
1.286132447421550751e-02
7.822485640645027161e-03
5.205374583601951599e-02
6.174711138010025024e-02
2.282676473259925842e-02
1.045382861047983170e-02
1.622262969613075256e-02
-2.452851040288805962e-03
6.526569370180368423e-03
1.962204277515411377e-02
4.731741268187761307e-03
2.449749270454049110e-03
2.577301859855651855e-02
1.425459701567888260e-02
-1.419742777943611145e-02
-7.741065230220556259e-03
1.451459247618913651e-02
1.618180889636278152e-03
3.176437690854072571e-02
2.226439071819186211e-03
-1.235288847237825394e-02
-1.626669801771640778e-02
-1.714297011494636536e-02
-3.014248609542846680e-02
-3.836521133780479431e-02
-3.888257965445518494e-02
7.976867258548736572e-03
2.277597412467002869e-02
-8.976733312010765076e-03
-3.769874200224876404e-02
-2.501021511852741241e-02
-2.514368481934070587e-02
-2.945676818490028381e-02
-1.538238301873207092e-02
-2.466639503836631775e-02
-2.653356455266475677e-02
-2.016977593302726746e-02
-4.855326935648918152e-02
-2.908306382596492767e-02
4.492341075092554092e-03
4.930989351123571396e-03
-1.225341018289327621e-02
-1.858625747263431549e-02
2.907795133069157600e-04
-2.496648393571376801e-02
8.879830129444599152e-03
1.079810503870248795e-02
-1.841417141258716583e-02
-1.645967550575733185e-02
-1.434371620416641235e-02
-2.528563141822814941e-02
-3.142591565847396851e-02
3.345742123201489449e-03
-2.868675068020820618e-02
-1.624025963246822357e-02
-1.980835804715752602e-03
-2.713019587099552155e-02
-1.257781870663166046e-02
9.588867425918579102e-03
3.459336934611201286e-03
-1.120429299771785736e-02
-2.669791132211685181e-02
5.582930892705917358e-02
1.757423393428325653e-02
2.375010028481483459e-02
1.298210583627223969e-02
1.585091836750507355e-02
2.361539006233215332e-02
-2.390743978321552277e-02
-5.538570508360862732e-02
-1.703901216387748718e-02
3.959245979785919189e-02
2.929502725601196289e-02
-1.677526161074638367e-02
3.612899407744407654e-02
-6.723070982843637466e-03
-3.365674242377281189e-02
2.405754290521144867e-02
-2.872426528483629227e-03
-1.989803276956081390e-02
-1.110828714445233345e-03
2.060257270932197571e-02
2.473215572535991669e-02
-3.442326560616493225e-02
-1.790374517440795898e-02
-2.339629828929901123e-02
1.433703862130641937e-02
8.014449849724769592e-03
-8.103907108306884766e-03
-7.742711808532476425e-03
-3.859806805849075317e-03
-8.795521222054958344e-03
-2.773754112422466278e-02
1.485502114519476891e-03
1.774378307163715363e-02
-8.344709873199462891e-03
5.660302937030792236e-03
3.240571543574333191e-02
4.279790911823511124e-03
-6.518228445202112198e-03
-3.188500180840492249e-02
1.468695048242807388e-02
5.593138746917247772e-03
-9.728468023240566254e-03
3.661520779132843018e-02
2.050581574440002441e-02
1.489056367427110672e-02
1.795269176363945007e-02
8.387601003050804138e-03
-6.212064065039157867e-03
6.797247566282749176e-03
-1.369152683764696121e-02
-1.681687496602535248e-02
1.352238468825817108e-02
-2.226039581000804901e-02
-2.729643695056438446e-02
1.890525966882705688e-02
3.926085308194160461e-03
-1.288417074829339981e-02
2.760781720280647278e-02
3.848907351493835449e-02
2.765163779258728027e-02
-2.705746516585350037e-02
-1.220307592302560806e-02
1.486265193670988083e-02
-5.423114052973687649e-04
-1.380900200456380844e-02
1.292748935520648956e-02
-2.249059453606605530e-02
-9.155124425888061523e-04
-2.847230061888694763e-03
-3.644018620252609253e-02
-3.786227852106094360e-02
-7.106555998325347900e-02
-4.733700677752494812e-02
-5.328307393938302994e-03
1.126444339752197266e-02
1.034554734360426664e-04
1.766863279044628143e-02
2.047428116202354431e-02
-3.877033479511737823e-03
5.776743404567241669e-03
1.527917571365833282e-02
-3.247480466961860657e-02
-5.067718401551246643e-02
-4.811060801148414612e-02
-4.831484518945217133e-03
-2.577788941562175751e-02
-5.501036532223224640e-03
3.359717503190040588e-02
9.754364378750324249e-03
3.168747527524828911e-03
2.117255888879299164e-02
2.054034359753131866e-02
6.940033286809921265e-02
2.664692699909210205e-03
-4.311699420213699341e-03
4.797191172838211060e-02
7.196523994207382202e-02
4.601566493511199951e-02
8.360947668552398682e-02
2.856610808521509171e-03
-5.653371568769216537e-03
-1.084947865456342697e-02
-3.631693869829177856e-02
-3.756802529096603394e-02
-4.486197605729103088e-02
-4.036368802189826965e-02
-6.007363647222518921e-02
-8.973093330860137939e-02
-9.613969596102833748e-04
-3.728308016434311867e-03
-2.148928306996822357e-02
-2.394284820184111595e-03
-6.606457754969596863e-03
-2.278279699385166168e-02
-2.175854332745075226e-02
1.532215718179941177e-02
3.303131088614463806e-02
1.651143096387386322e-02
2.018102072179317474e-02
4.605140909552574158e-02
9.811029769480228424e-03
1.687255874276161194e-02
1.283675618469715118e-02
2.764830924570560455e-02
2.413044124841690063e-02
1.372545678168535233e-02
-9.715426713228225708e-03
9.427078068256378174e-03
7.996376603841781616e-03
-3.094848431646823883e-02
-2.905450202524662018e-02
-1.890668272972106934e-02
-2.860623784363269806e-02
-4.383568465709686279e-02
-1.981185749173164368e-02
-1.452191732823848724e-02
-2.250424586236476898e-02
-1.680488325655460358e-02
-1.894136518239974976e-02
-2.553744800388813019e-02
-1.414964068681001663e-02
-1.736692897975444794e-02
-1.439585001207888126e-03
-1.508202590048313141e-02
2.155525377020239830e-03
3.471299633383750916e-02
4.373370856046676636e-02
3.811283782124519348e-02
6.117274984717369080e-03
6.420544814318418503e-03
-1.131621561944484711e-02
-5.550516769289970398e-02
-1.871990598738193512e-02
6.334228673949837685e-04
-2.372539602220058441e-02
-6.527819484472274780e-02
4.133783280849456787e-02
2.675318717956542969e-02
-2.199141774326562881e-03
4.689942672848701477e-02
7.275848183780908585e-03
2.996921772137284279e-03
1.520911697298288345e-02
2.358371019363403320e-02
3.629038576036691666e-03
-1.353431958705186844e-02
-3.227580711245536804e-02
-2.557924389839172363e-02
-5.018219724297523499e-02
-4.983362555503845215e-02
-4.660740867257118225e-02
1.259403489530086517e-02
2.125331573188304901e-02
1.708140037953853607e-02
2.711636759340763092e-02
1.691385544836521149e-02
-2.243915805593132973e-03
-4.298232030123472214e-03
-1.126410625874996185e-02
-2.447984926402568817e-02
-1.168507267720997334e-03
-8.431901223957538605e-03
-5.185710638761520386e-02
3.660406684502959251e-03
-1.305832411162555218e-03
-1.125691807828843594e-03
3.063189424574375153e-02
4.335860908031463623e-02
4.632832482457160950e-02
-1.042830199003219604e-02
5.596803501248359680e-03
3.745861724019050598e-02
-1.751753687858581543e-02
-4.145364463329315186e-02
2.911720424890518188e-03
-1.826080679893493652e-02
-4.185143485665321350e-02
-2.396963909268379211e-02
-2.546151354908943176e-02
-5.670748278498649597e-02
-5.001539364457130432e-02
4.287047684192657471e-02
-8.740789256989955902e-03
-4.719824995845556259e-03
5.857548490166664124e-02
2.201866731047630310e-02
2.868956886231899261e-02
3.857551375404000282e-03
-2.553618745878338814e-03
-3.831340745091438293e-02
1.322614587843418121e-02
1.008644141256809235e-02
-1.922339387238025665e-02
1.257712487131357193e-02
3.633974411059170961e-04
1.797625795006752014e-02
-3.477330878376960754e-02
-1.431510876864194870e-02
-2.535040862858295441e-02
-5.070246383547782898e-02
-1.920298114418983459e-02
-4.305157810449600220e-02
-3.542698919773101807e-02
-3.033770807087421417e-02
-7.909840345382690430e-02
-8.666590787470340729e-03
-2.448607934638857841e-03
-2.149591222405433655e-03
-2.335952036082744598e-02
2.826314419507980347e-02
3.370090201497077942e-02
-1.425493508577346802e-02
1.162636559456586838e-02
5.717325024306774139e-03
-2.596678212285041809e-02
1.356717944145202637e-02
3.024796769022941589e-02
-5.031178891658782959e-02
-2.111807232722640038e-03
1.469504926353693008e-02
-4.348945617675781250e-02
7.180654443800449371e-03
-1.879432424902915955e-02
-4.765027202665805817e-03
-3.016442246735095978e-02
-3.408034145832061768e-02
-3.557262197136878967e-02
-2.400179393589496613e-02
-1.881627179682254791e-02
-7.036795467138290405e-02
-2.284012176096439362e-02
-6.497282069176435471e-03
-2.292413264513015747e-02
-3.793830052018165588e-02
-3.026032121852040291e-03
-2.374009974300861359e-02
-2.040563523769378662e-02
2.795934444293379784e-03
-5.358353629708290100e-02
-6.271163374185562134e-02
-1.686522550880908966e-02
2.036318182945251465e-02
-2.292089484399184585e-04
8.034300990402698517e-04
-3.578108036890625954e-03
-1.274807937443256378e-02
7.800501305609941483e-03
6.055025756359100342e-02
5.737573280930519104e-02
6.472910195589065552e-02
2.159512601792812347e-02
1.598557457327842712e-02
1.252074167132377625e-02
3.820184245705604553e-02
2.454410865902900696e-02
1.062095910310745239e-02
6.468968838453292847e-02
4.064808785915374756e-02
1.086830720305442810e-02
-1.228119432926177979e-02
-5.277793970890343189e-04
-1.770712248980998993e-02
-1.346804387867450714e-02
-2.968248911201953888e-03
-1.485566236078739166e-02
-2.137967944145202637e-02
-1.135797053575515747e-02
-1.409824192523956299e-02
6.621310114860534668e-02
7.298522442579269409e-02
8.897770196199417114e-02
-1.276423223316669464e-03
-3.448757156729698181e-02
1.784218661487102509e-02
-4.394491016864776611e-02
-6.595040112733840942e-02
-5.312253162264823914e-02
-3.846534062176942825e-03
-2.006695419549942017e-02
-3.796582296490669250e-02
1.724405027925968170e-02
2.441840991377830505e-02
6.472372915595769882e-03
-1.797071471810340881e-02
-9.190090931951999664e-03
8.631817065179347992e-03
2.070635370910167694e-02
-3.935018088668584824e-03
-3.122798912227153778e-02
1.911220327019691467e-02
-1.814716681838035583e-02
-6.711300462484359741e-02
6.040686368942260742e-02
1.511949859559535980e-02
-9.093847125768661499e-03
-2.354159578680992126e-02
-4.633084870874881744e-03
-1.568409800529479980e-02
-2.984616160392761230e-02
-3.064187429845333099e-02
-7.978844456374645233e-03
-2.351545542478561401e-02
-5.607684608548879623e-03
4.457719996571540833e-02
3.494477644562721252e-02
2.355470508337020874e-02
2.447334118187427521e-02
4.853545874357223511e-02
3.425675258040428162e-02
6.313844025135040283e-02
3.927390277385711670e-02
6.936186552047729492e-02
5.112234503030776978e-02
2.886702306568622589e-03
2.779113687574863434e-02
2.971831709146499634e-02
1.877338439226150513e-02
2.921184897422790527e-02
1.697180792689323425e-02
-2.284229500219225883e-03
2.226569876074790955e-02
-5.882022902369499207e-03
-1.621059887111186981e-02
2.047995850443840027e-02
2.811956219375133514e-03
9.948621300281956792e-05
4.518106952309608459e-02
6.687312573194503784e-02
-3.230992704629898071e-02
-9.027869440615177155e-03
2.367469854652881622e-02
1.462953258305788040e-02
2.061260631307959557e-03
1.186031382530927658e-02
4.430169705301523209e-03
-1.085225027054548264e-02
1.422591414302587509e-02
5.900507792830467224e-03
-4.145739367231726646e-04
2.736866287887096405e-02
2.843530476093292236e-02
4.569778963923454285e-02
5.013635754585266113e-02
-9.408348123542964458e-04
1.214807946234941483e-02
1.820277608931064606e-02
1.080574560910463333e-02
5.407248623669147491e-03
1.250597275793552399e-02
1.952219940721988678e-02
-6.510944571346044540e-03
1.002368330955505371e-02
4.999920725822448730e-02
-3.791436087340116501e-03
-3.028567321598529816e-02
5.211841687560081482e-02
4.184642434120178223e-02
2.706728316843509674e-02
-1.866031624376773834e-02
-9.341613389551639557e-03
-2.528991177678108215e-02
-2.664444595575332642e-02
-3.223127871751785278e-02
-5.690878257155418396e-02
-4.255020245909690857e-02
-6.108187139034271240e-02
-6.349737197160720825e-02
-3.580890363082289696e-03
-1.895172148942947388e-02
-8.311493322253227234e-03
-3.866220265626907349e-02
-5.323893204331398010e-02
-6.677164882421493530e-02
-4.538264125585556030e-02
-4.623194038867950439e-02
-5.163459852337837219e-02
7.933374494314193726e-03
-1.166197378188371658e-02
-2.623693831264972687e-02
-2.281057089567184448e-02
-1.925119571387767792e-02
-2.337582968175411224e-02
-1.540389005094766617e-02
-1.604018732905387878e-02
-1.063525304198265076e-02
-2.510683797299861908e-02
-3.083520755171775818e-02
-1.649675890803337097e-02
-3.827184066176414490e-02
-3.157833591103553772e-02
-2.289934083819389343e-02
3.021370247006416321e-02
1.152816228568553925e-02
9.369995445013046265e-03
6.552278529852628708e-03
-1.152035314589738846e-02
-2.036403492093086243e-02
1.515602786093950272e-02
6.094448268413543701e-03
-2.461636438965797424e-02
-1.894688233733177185e-03
-6.761059165000915527e-03
-5.445536971092224121e-02
1.701670326292514801e-02
-6.879258900880813599e-03
1.349571160972118378e-02
1.699524931609630585e-02
5.172608420252799988e-03
2.089292928576469421e-02
-1.269037555903196335e-02
-2.942146547138690948e-02
-2.207020856440067291e-02
3.484008088707923889e-02
-8.771635591983795166e-03
3.263382241129875183e-03
4.074225947260856628e-02
-4.089958965778350830e-03
1.109699066728353500e-02
8.397381752729415894e-03
8.565641939640045166e-03
1.746291480958461761e-02
1.951127429492771626e-03
-2.958176471292972565e-02
-2.702336385846138000e-02
2.730944938957691193e-02
1.285012811422348022e-03
-1.744063757359981537e-02
1.607479900121688843e-02
1.490901876240968704e-02
-6.178399082273244858e-03
-2.145493961870670319e-02
-2.544410340487957001e-02
-2.833222597837448120e-02
2.958594821393489838e-02
3.865263238549232483e-02
3.449114039540290833e-02
1.514598354697227478e-02
-1.150801591575145721e-02
-1.905499608255922794e-03
-2.329951524734497070e-02
-1.568651758134365082e-03
-2.682822197675704956e-02
-2.558393031358718872e-02
-3.172165714204311371e-03
-1.477610319852828979e-02
-4.116602614521980286e-02
-2.962091192603111267e-02
-4.110280424356460571e-02
-1.102840807288885117e-02
-7.859306409955024719e-03
-7.381814531981945038e-03
-4.341124370694160461e-02
-3.134817630052566528e-02
-1.621041633188724518e-02
-3.707098588347434998e-02
-3.565702587366104126e-02
-2.609238587319850922e-02
2.015401376411318779e-03
3.421959280967712402e-02
1.822924986481666565e-02
-3.812828287482261658e-02
-4.479414317756891251e-03
-1.016857195645570755e-02
-6.063576322048902512e-03
8.700680918991565704e-03
1.585496589541435242e-02
-8.281233720481395721e-03
-9.747032076120376587e-03
-1.047086087055504322e-03
-2.572557714302092791e-04
3.448523115366697311e-03
8.717509917914867401e-03
-1.419254392385482788e-02
5.056075751781463623e-03
2.176159294322133064e-03
-5.294557660818099976e-02
-5.123059824109077454e-02
-3.603871911764144897e-02
2.901360206305980682e-02
2.444302849471569061e-02
5.908079445362091064e-02
1.401088982820510864e-01
6.906082481145858765e-02
1.176334694027900696e-01
5.299732089042663574e-03
-1.194400154054164886e-02
-1.969189010560512543e-02
-1.502281753346323967e-03
-6.633643060922622681e-03
-2.842571213841438293e-02
-4.940246418118476868e-02
-1.464291382580995560e-02
-3.711485490202903748e-02
1.095650810748338699e-02
8.011406287550926208e-03
3.477510064840316772e-03
-2.361954562366008759e-02
5.178864579647779465e-03
-9.189703851006925106e-04
1.439734641462564468e-02
1.097055990248918533e-02
-2.393354102969169617e-02
1.850711414590477943e-03
1.839830540120601654e-02
-5.074902903288602829e-03
3.590515581890940666e-03
2.014212869107723236e-02
-1.475728582590818405e-02
1.700185611844062805e-02
3.819913789629936218e-02
2.444947324693202972e-02
6.586875766515731812e-02
6.201810017228126526e-02
5.895300582051277161e-02
2.016578428447246552e-02
3.057188168168067932e-02
1.434028241783380508e-02
1.624207361601293087e-03
2.403447963297367096e-02
5.844137817621231079e-02
5.157530307769775391e-03
-2.253973856568336487e-03
1.423980720574036241e-04
-6.325682159513235092e-03
-6.679245270788669586e-04
-8.517575450241565704e-03
-2.977156266570091248e-02
-1.238754950463771820e-02
-2.464033290743827820e-02
-9.301573969423770905e-03
-1.714544184505939484e-02
-1.162911951541900635e-02
-1.237151119858026505e-02
-2.835209947079420090e-03
6.354890298098325729e-03
5.257074255496263504e-03
-1.006826013326644897e-02
-2.614779397845268250e-02
-3.440758213400840759e-03
5.036144051700830460e-03
2.592594362795352936e-02
3.687106072902679443e-04
9.770117700099945068e-03
1.095969043672084808e-02
2.633070945739746094e-02
-1.467354316264390945e-02
-7.453681435436010361e-03
-2.023926936089992523e-02
1.096993335522711277e-03
1.467126607894897461e-02
7.633826229721307755e-03
-2.090265974402427673e-02
-1.267360989004373550e-02
-5.501445848494768143e-03
-5.729016661643981934e-02
-5.658417195081710815e-02
8.643278852105140686e-03
1.712327823042869568e-02
-5.969278514385223389e-03
-6.364829372614622116e-03
2.307153539732098579e-03
-2.949642948806285858e-02
-1.327819842845201492e-02
2.773239277303218842e-02
-6.572692655026912689e-03
-3.427228331565856934e-02
-2.204982377588748932e-02
-2.218284457921981812e-02
-3.485580533742904663e-02
-3.569881245493888855e-02
-8.281151764094829559e-03
1.875606831163167953e-03
-1.777743361890316010e-02
-1.351801585406064987e-02
-4.159261938184499741e-03
1.455168426036834717e-02
1.407471392303705215e-02
-2.619501762092113495e-02
-1.743686757981777191e-02
-2.442096918821334839e-02
1.763927750289440155e-03
-3.586142510175704956e-02
-5.546792224049568176e-02
-2.599516324698925018e-02
-3.517704084515571594e-02
7.302415557205677032e-03
-5.142965912818908691e-02
-2.776468172669410706e-02
1.881530135869979858e-02
-1.610433310270309448e-02
6.008774787187576294e-02
9.293922036886215210e-02
1.215791609138250351e-02
2.479578927159309387e-02
-6.038818974047899246e-03
1.951411366462707520e-02
-4.625311121344566345e-03
9.608783759176731110e-03
2.002112194895744324e-02
-3.662146627902984619e-02
-1.586401835083961487e-02
1.544902799651026726e-03
-2.270367369055747986e-02
-6.747016217559576035e-03
-2.759735099971294403e-02
-2.528475038707256317e-02
-2.474039560183882713e-03
-4.227327182888984680e-02
-3.543636575341224670e-02
6.351310876198112965e-04
1.055765151977539062e-02
-1.358249131590127945e-02
1.628234796226024628e-02
2.470577601343393326e-03
-1.653815992176532745e-02
-6.874978076666593552e-03
-1.981880515813827515e-02
-9.860917925834655762e-03
9.856201708316802979e-03
-1.893736771307885647e-03
-8.448524400591850281e-03
1.862600445747375488e-02
-1.293676812201738358e-02
-4.573000594973564148e-03
4.706353321671485901e-02
1.182857342064380646e-02
3.796300664544105530e-02
2.377966791391372681e-02
1.877556182444095612e-02
4.902143776416778564e-02
2.777552790939807892e-02
-1.790004782378673553e-03
8.420374244451522827e-03
2.490644156932830811e-02
-2.377755241468548775e-03
-6.355877965688705444e-03
1.674382016062736511e-02
-3.722543269395828247e-02
-3.493068367242813110e-02
-1.355161610990762711e-02
-2.254786528646945953e-02
-4.051122069358825684e-02
-2.080729790031909943e-02
5.148708820343017578e-02
1.192941982299089432e-02
1.743986457586288452e-02
1.957236556336283684e-03
2.314417995512485504e-02
4.277641326189041138e-02
-2.477062121033668518e-02
-2.087371796369552612e-02
2.463408978655934334e-03
-3.411093726754188538e-03
-6.158418580889701843e-02
-5.924869328737258911e-02
-2.205240726470947266e-02
-2.329919859766960144e-02
-1.920577883720397949e-02
-3.511383756995201111e-02
-4.282007366418838501e-02
-4.661588743329048157e-02
1.548600662499666214e-02
-1.656215637922286987e-02
-6.714883726090192795e-03
1.063968054950237274e-02
1.050909701734781265e-02
1.574110239744186401e-03
-4.545683413743972778e-02
-3.192561492323875427e-02
-3.642961755394935608e-02
-1.391317043453454971e-02
5.076616536825895309e-03
-1.208363007754087448e-02
1.355827320367097855e-02
-4.503528773784637451e-02
-2.885108813643455505e-02
2.112673595547676086e-02
-4.694150760769844055e-03
-1.809709891676902771e-02
5.142851173877716064e-02
3.702524676918983459e-02
5.868396162986755371e-02
-7.621570490300655365e-03
1.241837535053491592e-02
1.829103752970695496e-02
-3.292710334062576294e-02
-1.581643894314765930e-02
-5.138796754181385040e-03
9.454534389078617096e-03
-1.184788811951875687e-02
-2.649212442338466644e-02
2.205841802060604095e-02
-1.499672885984182358e-02
-1.008230075240135193e-02
2.663339488208293915e-03
-1.029713265597820282e-02
-2.697826363146305084e-02
-7.781990338116884232e-03
-1.575416186824440956e-03
-2.265747450292110443e-02
-2.068743295967578888e-02
-3.507040441036224365e-02
-3.622407466173171997e-02
-3.315529599785804749e-02
-4.534617066383361816e-02
-2.961634099483489990e-02
-3.375494107604026794e-02
-3.335512429475784302e-02
-1.745606586337089539e-02
4.033647850155830383e-02
4.991731606423854828e-03
-1.463882066309452057e-02
3.351326659321784973e-02
2.070855535566806793e-02
4.140173259656876326e-04
-2.535413391888141632e-02
-2.012432925403118134e-02
1.609453000128269196e-02
-4.552410449832677841e-03
-1.612321659922599792e-02
-1.928000710904598236e-02
-1.970407925546169281e-02
-1.391768269240856171e-02
-2.049027010798454285e-02
1.444169040769338608e-02
2.449174411594867706e-03
-1.971705257892608643e-02
2.519946731626987457e-02
5.569336935877799988e-03
-2.118900790810585022e-02
-2.470087073743343353e-02
-1.292782742530107498e-02
-2.817221917212009430e-02
-3.724247962236404419e-02
6.373964715749025345e-03
8.649612776935100555e-03
-3.120397031307220459e-02
-4.238810017704963684e-02
-1.075773686170578003e-02
-5.399839021265506744e-03
-1.731199398636817932e-02
7.885471917688846588e-03
1.549378875643014908e-02
1.477453974075615406e-03
2.013192139565944672e-02
1.341202761977910995e-02
-2.389195375144481659e-03
5.714331753551959991e-03
-1.763727399520576000e-03
-1.180946361273527145e-03
-9.092847816646099091e-03
-2.222317084670066833e-02
-2.519002743065357208e-02
-1.758245937526226044e-02
5.711382254958152771e-03
3.508678823709487915e-02
2.505025640130043030e-02
1.538508455269038677e-03
1.330006774514913559e-02
-4.305576439946889877e-03
4.959958046674728394e-02
3.305551409721374512e-02
7.390575017780065536e-03
6.917163729667663574e-03
-1.972982846200466156e-02
-3.317629545927047729e-02
-9.503442794084548950e-03
-1.261034049093723297e-02
-1.695316843688488007e-02
3.062817850150167942e-04
-1.079644542187452316e-02
-1.597112976014614105e-02
-1.154921017587184906e-02
-1.568297855556011200e-02
7.092936430126428604e-03
-2.720578387379646301e-02
-3.102745674550533295e-02
-2.093331888318061829e-02
-4.542186390608549118e-03
7.775083184242248535e-03
5.573743022978305817e-03
-1.730922376736998558e-03
-7.535502314567565918e-03
-3.142768144607543945e-02
-6.189385429024696350e-03
-1.612719520926475525e-02
-6.641654763370752335e-03
-2.369140833616256714e-02
-3.613706678152084351e-02
-8.852433413267135620e-03
5.537958815693855286e-03
-5.132535472512245178e-03
9.220893494784832001e-03
-2.811487356666475534e-04
-1.968028023838996887e-02
-3.105999156832695007e-02
-3.005271404981613159e-02
-4.147527739405632019e-02
-3.712119907140731812e-02
-2.761826850473880768e-02
-3.562177345156669617e-02
-2.743775397539138794e-02
-1.053257565945386887e-02
-1.236104755662381649e-03
1.720149628818035126e-02
-2.108691446483135223e-02
-1.191019732505083084e-02
-9.106290526688098907e-04
-4.338852688670158386e-02
-4.942711815237998962e-02
-1.494581717997789383e-02
-1.964460685849189758e-02
-5.187895894050598145e-02
-1.434243749827146530e-04
3.976187109947204590e-02
5.299265310168266296e-02
3.916565701365470886e-02
-1.634453237056732178e-02
1.981620443984866142e-03
5.852387100458145142e-02
-3.208324313163757324e-02
-3.053038194775581360e-02
2.621569670736789703e-03
-4.837092012166976929e-02
-5.636585131287574768e-02
-6.269700080156326294e-02
4.519740492105484009e-02
3.808156773447990417e-02
3.160675615072250366e-02
-1.550784148275852203e-02
-1.317808637395501137e-03
5.810278467833995819e-03
1.526667643338441849e-02
4.110344126820564270e-02
4.434772953391075134e-02
1.676378585398197174e-02
-2.480087801814079285e-02
-2.910914272069931030e-02
8.665962377563118935e-04
-2.153665758669376373e-02
7.213749457150697708e-03
1.990926638245582581e-02
3.204153478145599365e-02
4.430296272039413452e-02
5.591008346527814865e-03
8.465664461255073547e-03
1.314239809289574623e-03
-2.294136956334114075e-02
-3.355602547526359558e-02
-1.518118474632501602e-02
-2.621664665639400482e-02
6.829338613897562027e-03
1.244816184043884277e-02
-5.106559023261070251e-02
-4.964374005794525146e-02
-4.819019138813018799e-02
1.350953429937362671e-02
-3.134424984455108643e-02
-4.814677685499191284e-02
1.681915484368801117e-02
-5.444897711277008057e-02
-1.768033578991889954e-02
4.488921537995338440e-02
6.310178898274898529e-03
4.062080755829811096e-02
1.568432338535785675e-02
1.188348233699798584e-02
2.352599240839481354e-02
2.164138946682214737e-03
7.309439592063426971e-03
-1.917425170540809631e-02
3.199341520667076111e-02
5.665384978055953979e-02
5.306059867143630981e-02
3.744041780009865761e-03
4.105037660337984562e-04
2.130575105547904968e-02
-1.073045190423727036e-02
-9.759811684489250183e-03
2.876768819987773895e-02
-1.691041514277458191e-02
-8.788228034973144531e-03
-1.686813496053218842e-02
1.139549724757671356e-02
1.452784612774848938e-02
-2.392854774370789528e-03
5.751673597842454910e-03
4.181778058409690857e-03
-4.774494562298059464e-03
-5.592977255582809448e-02
-2.499976009130477905e-02
-8.308196440339088440e-03
-1.131263282150030136e-02
-2.321368642151355743e-02
-6.281299050897359848e-03
-4.022252932190895081e-02
-3.028555959463119507e-02
-2.821073494851589203e-02
2.521543577313423157e-02
6.094684824347496033e-03
-2.462357049807906151e-03
2.566960826516151428e-02
-1.840870641171932220e-02
-2.858092263340950012e-02
-3.467301651835441589e-02
-3.276857361197471619e-02
-4.410609975457191467e-02
2.319679409265518188e-02
4.119891673326492310e-02
5.468075349926948547e-02
5.003802478313446045e-02
5.553689971566200256e-02
4.310509935021400452e-02
-1.577439717948436737e-02
-2.218645252287387848e-02
-5.657839775085449219e-02
3.571182116866111755e-02
2.185661904513835907e-02
-1.055454928427934647e-02
1.384070515632629395e-02
1.097232941538095474e-02
1.862858422100543976e-02
-2.471166430041193962e-03
-2.514464315026998520e-03
2.750135771930217743e-02
4.459894075989723206e-02
2.787693776190280914e-02
4.602868109941482544e-02
1.728625409305095673e-02
4.584790731314569712e-04
-1.069795805960893631e-03
-2.461164817214012146e-02
-4.072783514857292175e-02
-4.063144326210021973e-02
2.745110075920820236e-03
-2.476253733038902283e-02
-3.664504736661911011e-02
5.453560128808021545e-02
-3.369580255821347237e-03
3.369475528597831726e-02
6.657817959785461426e-02
5.266965180635452271e-02
4.009963199496269226e-02
-4.567660018801689148e-02
-2.273529395461082458e-02
-1.869817450642585754e-02
-3.911287337541580200e-02
-5.255540832877159119e-02
-3.771365433931350708e-02
-2.418627776205539703e-02
-5.629656463861465454e-02
-1.994217187166213989e-02
-3.530257940292358398e-02
1.801539398729801178e-02
2.334925532341003418e-02
-2.506754919886589050e-02
1.376862986944615841e-03
-1.534021459519863129e-02
-4.081797972321510315e-02
-4.233563318848609924e-02
-4.695137590169906616e-02
2.495870925486087799e-02
3.954220935702323914e-02
1.609296910464763641e-02
-2.467093057930469513e-02
-2.796279825270175934e-02
-4.359534755349159241e-02
-1.160118728876113892e-02
-2.236637659370899200e-02
-2.783872187137603760e-02
3.281742706894874573e-02
4.130407702177762985e-03
-2.749399840831756592e-02
3.539035469293594360e-02
2.996813692152500153e-02
-3.636932233348488808e-03
8.091357536613941193e-03
-3.106252849102020264e-02
-3.954159095883369446e-02
1.251380983740091324e-02
1.874142885208129883e-02
4.594767931848764420e-03
2.674277685582637787e-02
4.868131596595048904e-03
-1.264344155788421631e-02
-2.764268219470977783e-02
-3.014737367630004883e-02
-4.444389790296554565e-02
-1.230934541672468185e-02
-3.195197787135839462e-03
1.321859285235404968e-02
1.731136813759803772e-02
3.605383681133389473e-03
2.593392133712768555e-02
3.928435593843460083e-02
1.737150177359580994e-02
3.524083644151687622e-02
-3.236204758286476135e-02
-4.871019721031188965e-02
-3.536054491996765137e-02
-1.649177167564630508e-03
-3.631101176142692566e-02
-2.457959577441215515e-02
9.782389551401138306e-02
2.949198335409164429e-02
4.393978510051965714e-03
-5.399708822369575500e-02
6.047486094757914543e-04
2.562240464612841606e-03
1.691187033429741859e-03
3.135456889867782593e-02
3.174060955643653870e-02
2.195240929722785950e-02
-1.840608543716371059e-03
-5.875148344784975052e-03
-7.653761189430952072e-03
-3.060890175402164459e-02
-3.297150880098342896e-02
-7.420291658490896225e-03
-1.873026043176651001e-02
-3.501884639263153076e-02
-1.149248983711004257e-02
-1.509738899767398834e-02
-2.851974405348300934e-02
-1.302630174905061722e-02
-1.691377349197864532e-02
-6.360339932143688202e-03
-9.642810327932238579e-04
-2.042686194181442261e-02
-8.283978328108787537e-03
-8.147910237312316895e-03
-2.962760813534259796e-02
-4.687020182609558105e-02
-2.052574604749679565e-02
-3.290294855833053589e-02
-3.766579180955886841e-02
9.199150837957859039e-03
-1.055151876062154770e-02
-1.921809837222099304e-02
3.930280357599258423e-02
1.396186836063861847e-02
2.799405716359615326e-02
3.503784909844398499e-02
9.771133773028850555e-03
2.373967692255973816e-02
5.942346062511205673e-03
1.361783593893051147e-02
3.660636395215988159e-02
-1.533965487033128738e-02
1.206342969089746475e-02
1.636449620127677917e-02
7.406144589185714722e-02
4.109563305974006653e-02
1.506800763309001923e-02
1.921229623258113861e-02
-1.048024650663137436e-02
-5.570537596940994263e-02
-1.172444038093090057e-02
-2.347656339406967163e-02
-5.174548923969268799e-02
3.196747228503227234e-02
-2.061995491385459900e-02
-2.386702224612236023e-02
3.293749410659074783e-03
-4.585531353950500488e-02
-2.632454782724380493e-02
-3.595906496047973633e-02
-4.894322901964187622e-02
-4.125003702938556671e-03
3.460630774497985840e-02
2.730635367333889008e-02
2.125760726630687714e-02
7.866795174777507782e-03
1.319494936615228653e-02
3.290057182312011719e-02
1.418619602918624878e-02
1.457286905497312546e-02
1.903095096349716187e-02
-3.410577308386564255e-03
-6.525717675685882568e-03
-3.968042321503162384e-03
-1.138613559305667877e-02
-1.756498962640762329e-02
-2.171244472265243530e-02
-4.256477206945419312e-02
-2.875996567308902740e-02
-2.181524643674492836e-03
-6.384226959198713303e-03
-1.121809706091880798e-02
-5.782630294561386108e-03
-1.819533295929431915e-02
5.303767393343150616e-04
-1.947978511452674866e-03
-1.057970430701971054e-02
7.804682478308677673e-03
1.120028272271156311e-02
-9.160548448562622070e-03
-2.443145774304866791e-02
-4.032192006707191467e-02
-9.115071035921573639e-03
-3.328964486718177795e-02
-4.905845597386360168e-02
3.963720984756946564e-03
-2.045376971364021301e-02
-4.827935621142387390e-02
-6.242604926228523254e-02
-3.782425448298454285e-02
-2.395725250244140625e-02
-5.777059122920036316e-02
-3.521497920155525208e-02
-4.046672955155372620e-02
-1.983525604009628296e-02
-3.816183423623442650e-03
-1.302666589617729187e-02
2.744909189641475677e-02
3.365426138043403625e-02
7.073945552110671997e-02
1.652579940855503082e-02
1.034018467180430889e-03
2.623914740979671478e-02
1.780430553480982780e-03
-2.740903198719024658e-02
-3.960803151130676270e-02
-4.132742062211036682e-02
-5.274082720279693604e-02
-3.008542815223336220e-03
-6.929543614387512207e-02
-3.417468443512916565e-02
6.082464009523391724e-03
-4.897315800189971924e-02
-3.858423605561256409e-02
1.824953220784664154e-02
-3.096511401236057281e-02
-3.838070482015609741e-02
3.307788074016571045e-02
9.124360978603363037e-03
-2.137152245268225670e-03
3.622504323720932007e-02
-7.479904219508171082e-03
-1.754929497838020325e-02
-6.475949659943580627e-03
1.135542094707489014e-01
3.157768398523330688e-02
9.023264981806278229e-03
2.745781093835830688e-02
-3.636529296636581421e-02
-5.811481550335884094e-02
-4.166490212082862854e-02
-7.089609652757644653e-02
-4.678371921181678772e-02
-2.671533450484275818e-02
-2.704537473618984222e-02
-1.236442849040031433e-02
-1.958274841308593750e-02
5.075091496109962463e-03
2.045389823615550995e-02
-6.791471038013696671e-03
9.223436005413532257e-03
4.873833060264587402e-02
5.364744365215301514e-02
1.985972002148628235e-02
1.285342872142791748e-02
2.373598702251911163e-02
-8.943931199610233307e-03
1.647098734974861145e-02
1.637341454625129700e-02
-3.858763026073575020e-03
-6.077276077121496201e-03
-6.338203698396682739e-02
-3.572833165526390076e-02
-1.943838549777865410e-03
-3.714897483587265015e-02
-2.097389427945017815e-03
3.666656790301203728e-03
-1.367372646927833557e-02
1.028744131326675415e-02
8.714488707482814789e-03
-1.317426282912492752e-02
-1.991951838135719299e-03
-1.942964270710945129e-02
1.838736422359943390e-02
-1.509856153279542923e-02
-1.426417846232652664e-02
7.791837304830551147e-02
4.487091302871704102e-02
1.911516301333904266e-02
2.317501418292522430e-02
2.186645381152629852e-02
-9.031310677528381348e-03
-4.463705234229564667e-03
-1.896372850751504302e-04
-1.899381866678595543e-03
-8.828712627291679382e-03
-1.901615038514137268e-02
-1.048300135880708694e-02
2.782004326581954956e-02
2.978757256641983986e-03
1.205258071422576904e-02
8.847241988405585289e-04
6.414354429580271244e-04
-1.534556970000267029e-02
-1.833450864069163799e-03
-1.669823075644671917e-03
8.300234563648700714e-03
1.298920065164566040e-02
2.026119967922568321e-03
1.656140200793743134e-03
-1.299446076154708862e-02
-2.511614561080932617e-02
-2.298248559236526489e-02
-1.065918337553739548e-02
-6.101315841078758240e-03
1.557216141372919083e-02
1.622013188898563385e-02
4.887199774384498596e-02
1.622396893799304962e-02
3.995478898286819458e-02
7.726977765560150146e-02
-2.917681075632572174e-02
-2.133833244442939758e-02
-2.137587964534759521e-02
-6.387781351804733276e-02
-1.119793020188808441e-02
-2.222453011199831963e-03
-3.276539267972111702e-03
-2.632043324410915375e-02
-1.730560138821601868e-02
-3.681027446873486042e-04
-3.030444495379924774e-02
-2.712708897888660431e-02
9.621379896998405457e-03
1.267724670469760895e-02
1.385459769517183304e-02
4.348856955766677856e-02
6.411748006939888000e-03
1.210610102862119675e-02
5.201309453696012497e-03
-1.607269234955310822e-02
-1.897521689534187317e-02
-4.190750792622566223e-02
7.121427450329065323e-03
-5.117197521030902863e-03
-1.595793664455413818e-02
2.517971768975257874e-02
1.560665108263492584e-02
-3.065624972805380821e-03
-2.801821380853652954e-02
-2.942046336829662323e-02
-1.330652367323637009e-02
1.237855385988950729e-02
-3.356237709522247314e-02
-2.151003666222095490e-02
-4.212628118693828583e-04
-1.182360853999853134e-02
4.783782060258090496e-04
3.780860453844070435e-02
1.664590556174516678e-03
-6.095526274293661118e-03
6.093549542129039764e-03
-1.223030779510736465e-02
4.350984469056129456e-02
1.501258928328752518e-02
-2.323505096137523651e-02
2.280670218169689178e-02
2.935681119561195374e-02
-2.045988477766513824e-02
-2.231034450232982635e-02
-3.924194350838661194e-02
-1.369990408420562744e-02
-1.591943763196468353e-02
-7.725610863417387009e-03
-3.720968728885054588e-03
-1.856452412903308868e-02
1.848712377250194550e-02
-9.267827495932579041e-03
3.871762193739414215e-03
-2.663735672831535339e-02
-2.058737538754940033e-02
-3.915251791477203369e-02
-1.566911302506923676e-02
-9.850806556642055511e-03
-2.511786669492721558e-02
-6.791276391595602036e-03
-1.972033455967903137e-02
-1.345342490822076797e-02
-2.144278027117252350e-02
-2.797469263896346092e-03
-2.340704761445522308e-02
2.385159209370613098e-02
1.579469256103038788e-02
1.037966180592775345e-02
5.218175705522298813e-03
-1.773126423358917236e-02
-9.290772490203380585e-03
-2.661638148128986359e-02
-3.915033861994743347e-02
-1.933233998715877533e-02
-1.298359688371419907e-02
-2.196423336863517761e-02
1.836648210883140564e-03
1.717908121645450592e-02
6.533950101584196091e-03
1.161324791610240936e-02
6.602630764245986938e-02
-1.795932278037071228e-02
-3.016211278736591339e-02
2.237643674015998840e-02
-4.839139804244041443e-02
-3.169016540050506592e-02
1.264156028628349304e-02
1.616258756257593632e-03
-1.740440726280212402e-02
-4.087008535861968994e-02
-1.367723196744918823e-02
-1.757582277059555054e-02
1.019799709320068359e-02
1.569353044033050537e-02
3.665556386113166809e-02
-9.690481238067150116e-03
2.628137916326522827e-02
4.082916304469108582e-02
-4.677870497107505798e-02
-3.557808697223663330e-02
-3.753239288926124573e-02
-5.116530507802963257e-02
-4.104371741414070129e-02
-2.467769756913185120e-02
-1.373192481696605682e-02
-6.808173377066850662e-03
2.542937733232975006e-02
-1.476714480668306351e-02
-4.879125859588384628e-03
-1.129031553864479065e-02
-2.455998398363590240e-02
-1.899803616106510162e-02
-6.172518245875835419e-03
1.047644671052694321e-02
-1.761600933969020844e-02
-2.449149824678897858e-02
7.676681503653526306e-03
-1.663698581978678703e-03
5.817094817757606506e-02
2.004479244351387024e-02
4.366193432360887527e-03
7.575263082981109619e-02
3.772894153371453285e-03
-1.254169829189777374e-02
6.885584909468889236e-03
-1.779173687100410461e-02
-2.458915673196315765e-02
-2.522625774145126343e-02
-7.968569174408912659e-03
-4.527358338236808777e-03
-1.297729089856147766e-02
1.713751844363287091e-04
9.274590411223471165e-04
-1.878737844526767731e-02
-8.876776322722434998e-03
-2.865512669086456299e-02
-3.665420413017272949e-02
-2.727774716913700104e-02
-4.025359172374010086e-03
-4.294868558645248413e-04
3.485036268830299377e-02
5.107937753200531006e-02
2.305335365235805511e-02
3.747137635946273804e-02
6.287054158747196198e-03
-1.193320844322443008e-02
2.275362610816955566e-02
-6.862090900540351868e-03
4.766266327351331711e-03
1.314341183751821518e-02
5.504632368683815002e-03
3.326307982206344604e-02
-2.571394108235836029e-02
-2.181494235992431641e-02
-2.206782251596450806e-02
-2.671292982995510101e-02
-1.500403881072998047e-02
-4.299531504511833191e-02
-1.483478816226124763e-03
1.610562391579151154e-02
-1.018495857715606689e-02
-3.111577033996582031e-02
-3.920251876115798950e-02
-3.325764834880828857e-02
-6.449110340327024460e-03
-2.018921822309494019e-02
-2.069585770368576050e-02
9.120438247919082642e-03
4.091004282236099243e-02
5.308219417929649353e-02
3.558777645230293274e-02
3.102786839008331299e-02
4.484521690756082535e-03
-1.333252154290676117e-02
-1.325119286775588989e-02
-2.758056484162807465e-02
-3.000155650079250336e-02
-2.561847306787967682e-02
-2.251749113202095032e-02
1.044412981718778610e-02
-1.619171909987926483e-02
-1.970576122403144836e-02
-2.417027950286865234e-02
-2.154069393873214722e-02
-2.618551813066005707e-02
-6.510030478239059448e-02
-4.776605591177940369e-02
-3.513064607977867126e-02
3.106279298663139343e-02
6.401011254638433456e-03
-2.966806851327419281e-02
-1.822450570762157440e-02
-3.755199955776333809e-03
-1.964204944670200348e-02
8.455790521111339331e-05
6.560687441378831863e-03
-2.980051375925540924e-02
5.035970360040664673e-03
-1.322932261973619461e-02
-1.210215594619512558e-02
5.634497106075286865e-02
6.042170524597167969e-02
4.835359007120132446e-02
1.239376422017812729e-02
-1.428972464054822922e-02
-4.096654802560806274e-02
6.547988858073949814e-03
-5.693648476153612137e-03
-2.736643142998218536e-02
4.350698366761207581e-02
2.649265341460704803e-03
-4.846775531768798828e-02
2.333641052246093750e-02
-1.117144152522087097e-02
-5.312673002481460571e-02
-2.767506614327430725e-02
-2.400791831314563751e-02
-3.210732713341712952e-02
-4.111900925636291504e-02
-5.112356692552566528e-02
-3.703239560127258301e-02
-2.755173668265342712e-02
-4.591020569205284119e-02
-2.544816397130489349e-02
-9.950045496225357056e-03
-2.208227477967739105e-02
-2.333923801779747009e-02
4.006271809339523315e-02
4.195810109376907349e-02
1.810183748602867126e-02
5.268851667642593384e-02
4.673492163419723511e-02
1.334912609308958054e-02
3.347127884626388550e-02
2.744462713599205017e-02
2.205785922706127167e-02
1.289646257646381855e-03
1.091748010367155075e-02
-1.757746189832687378e-02
6.219022325240075588e-04
-1.852449029684066772e-02
-4.561739414930343628e-02
1.271860115230083466e-02
1.819017715752124786e-02
1.315744966268539429e-02
5.880551412701606750e-03
2.059303224086761475e-02
2.152845077216625214e-02
4.341978207230567932e-02
3.104265592992305756e-02
9.602404199540615082e-03
-3.820095211267471313e-02
-3.829231113195419312e-02
-6.897896993905305862e-03
-3.108178824186325073e-02
-1.966720446944236755e-02
4.013296216726303101e-03
1.960147172212600708e-02
9.765295311808586121e-03
2.434744872152805328e-02
3.342273831367492676e-02
1.567725464701652527e-02
5.664952564984560013e-03
-1.055415626615285873e-02
-4.987620562314987183e-02
-3.153294324874877930e-02
-2.183352410793304443e-02
-2.193458750844001770e-02
2.699284115806221962e-03
3.888500109314918518e-02
-1.048703491687774658e-02
-4.016187414526939392e-02
2.538086287677288055e-02
4.983624909073114395e-03
-1.394169777631759644e-02
1.620898395776748657e-02
6.549333687871694565e-03
2.429124340415000916e-02
-1.884940639138221741e-02
-1.442621648311614990e-02
-1.965997740626335144e-02
-1.577879302203655243e-02
-3.672770783305168152e-02
-4.352922365069389343e-02
-2.448247931897640228e-02
-2.670092694461345673e-02
-2.535532787442207336e-02
4.434015136212110519e-03
-4.768541082739830017e-03
1.213823631405830383e-02
3.258218243718147278e-02
4.205920547246932983e-02
6.226627528667449951e-02
2.710451185703277588e-02
-4.661696497350931168e-03
-1.071388646960258484e-02
-4.141672700643539429e-02
-5.428993701934814453e-02
-8.268639445304870605e-03
-2.530603297054767609e-02
-1.988491229712963104e-02
2.110435627400875092e-03
-2.802191115915775299e-02
-2.802438102662563324e-02
-1.814433746039867401e-02
4.281428083777427673e-02
2.960825338959693909e-02
-1.065467018634080887e-02
5.128248035907745361e-02
9.591186419129371643e-03
-1.611506566405296326e-02
2.254014648497104645e-02
-7.749499753117561340e-03
3.423543530516326427e-04
-1.502001890912652016e-03
-1.329710008576512337e-03
3.901756182312965393e-02
-4.528302699327468872e-03
-1.754019409418106079e-02
2.985875681042671204e-02
-4.660586419049650431e-04
-1.723270118236541748e-02
-3.694947808980941772e-04
1.009636186063289642e-02
-9.482612367719411850e-04
-8.522970601916313171e-04
2.142193540930747986e-02
-1.737947016954421997e-02
-5.788987502455711365e-03
-1.801138557493686676e-02
-5.741288885474205017e-02
-2.843044325709342957e-02
2.647247165441513062e-02
2.431484684348106384e-02
1.855647936463356018e-02
9.290468879044055939e-03
1.682726107537746429e-02
1.454757153987884521e-02
-4.051116853952407837e-02
-1.799379847943782806e-02
-2.751131914556026459e-02
2.537971921265125275e-02
3.323099762201309204e-02
6.053238734602928162e-02
-2.876756247133016586e-03
-2.295599691569805145e-02
2.114129625260829926e-02
-2.081071957945823669e-02
-3.125628829002380371e-02
7.818637415766716003e-03
-2.448613941669464111e-02
-1.917687058448791504e-02
-4.918456543236970901e-03
-2.518333680927753448e-02
-2.207988500595092773e-02
2.009807620197534561e-03
-2.165215462446212769e-02
-1.586956903338432312e-02
-1.228703092783689499e-02
-3.136421320959925652e-03
-3.967881575226783752e-02
-3.810799494385719299e-02
1.110827084630727768e-02
-4.093208536505699158e-02
-5.193519964814186096e-02
9.338996373116970062e-03
6.880922708660364151e-03
1.528381486423313618e-03
-2.078019781038165092e-03
-1.374944485723972321e-02
8.092306554317474365e-03
-1.005373802036046982e-02
-1.437764428555965424e-02
-1.434772647917270660e-02
-2.221519127488136292e-02
-3.702005604282021523e-03
4.271738231182098389e-03
-1.857215911149978638e-02
-1.422410178929567337e-02
6.658431608229875565e-03
1.438859011977910995e-02
2.370771765708923340e-02
2.044814266264438629e-02
-8.716618642210960388e-03
3.934463486075401306e-03
-2.603065781295299530e-02
2.394197881221771240e-02
4.690031707286834717e-02
2.255313284695148468e-02
-2.565310150384902954e-02
-1.069527678191661835e-02
-1.509821880608797073e-02
-4.716943204402923584e-02
-5.482925102114677429e-02
-1.420960482209920883e-02
-3.370226547122001648e-02
-2.224432304501533508e-02
-4.938900237902998924e-04
-1.773077994585037231e-02
-1.001219637691974640e-02
-1.661202870309352875e-03
1.088421791791915894e-02
-7.800718303769826889e-03
4.025129135698080063e-03
4.108588211238384247e-03
7.836911082267761230e-02
5.991432070732116699e-02
1.240784768015146255e-03
1.971418503671884537e-03
-1.274292916059494019e-02
-5.645360052585601807e-02
-5.230491980910301208e-02
-3.505886718630790710e-02
-1.804774999618530273e-02
5.065810400992631912e-03
1.034401939250528812e-03
1.740142144262790680e-02
-1.279057748615741730e-02
2.418292127549648285e-02
5.094994604587554932e-02
2.643448114395141602e-02
5.084688216447830200e-02
1.716414093971252441e-02
2.128776907920837402e-02
-1.724015362560749054e-02
2.236967533826828003e-02
3.441133722662925720e-02
4.928208654746413231e-04
4.239172674715518951e-03
-5.731445271521806717e-03
-3.724273992702364922e-03
-4.469324275851249695e-02
-7.066898513585329056e-03
-6.813063519075512886e-04
-1.890529133379459381e-02
-1.594137772917747498e-02
-4.857474472373723984e-03
1.517304871231317520e-02
2.859063679352402687e-03
2.784421108663082123e-02
-1.932686194777488708e-02
-3.074640594422817230e-02
-1.552219782024621964e-02
-8.809690363705158234e-03
9.939269162714481354e-03
-9.001681581139564514e-03
4.274022951722145081e-02
2.269344590604305267e-02
-7.862213999032974243e-03
1.682896167039871216e-02
1.791264861822128296e-02
2.281479723751544952e-02
-2.044855849817395210e-03
8.437356911599636078e-03
-2.722910372540354729e-03
-2.752263657748699188e-02
-1.661157980561256409e-02
-4.735348001122474670e-02
7.252791896462440491e-03
3.208667738363146782e-03
-3.054266422986984253e-02
-1.918406225740909576e-02
-9.606313891708850861e-03
-4.879591241478919983e-02
-6.658556405454874039e-03
5.976718384772539139e-03
-2.672187518328428268e-03
2.266563102602958679e-02
1.395170344039797783e-03
-7.699128985404968262e-02
-1.124520669691264629e-03
3.397966793272644281e-05
-4.985566064715385437e-02
-4.930832982063293457e-02
-3.598000481724739075e-02
-3.636540845036506653e-02
-7.785350084304809570e-03
-1.808787323534488678e-02
-2.851907163858413696e-02
-2.995717898011207581e-02
-5.008601117879152298e-03
-3.444164060056209564e-03
4.096543416380882263e-02
4.803523793816566467e-02
3.731130063533782959e-02
2.306677401065826416e-02
4.675210919231176376e-03
1.547655276954174042e-02
2.215998061001300812e-02
3.795009851455688477e-02
6.850111484527587891e-02
2.519891411066055298e-02
2.934151701629161835e-02
5.391056463122367859e-02
3.282268717885017395e-02
7.511457428336143494e-03
-4.181355983018875122e-02
2.001485601067543030e-02
-2.793374285101890564e-02
-5.665242299437522888e-02
2.817698009312152863e-02
1.359533146023750305e-02
8.189547806978225708e-03
6.510996818542480469e-02
6.055802572518587112e-03
7.560997270047664642e-03
-1.285557355731725693e-02
-1.389006339013576508e-02
-1.230173744261264801e-02
-4.606461897492408752e-02
-1.024795789271593094e-02
2.867297269403934479e-03
-2.013618685305118561e-02
-6.346251070499420166e-02
-7.359065115451812744e-02
1.252772659063339233e-02
-2.553977817296981812e-02
-5.421560630202293396e-02
-6.975986529141664505e-03
-3.177727386355400085e-02
-7.250088453292846680e-02
-4.794347286224365234e-02
-1.370474137365818024e-02
-4.623760282993316650e-02
-3.116663917899131775e-02
-3.596131876111030579e-02
-4.090436547994613647e-02
-2.278186008334159851e-02
-3.757468983530998230e-02
-1.800269261002540588e-02
-4.036991298198699951e-02
-1.549383159726858139e-02
-1.268948614597320557e-02
-6.060085073113441467e-02
-5.381137877702713013e-02
-3.612750023603439331e-02
-6.516923010349273682e-02
-4.690062254667282104e-02
-1.758680678904056549e-02
-2.927488274872303009e-02
-2.152311056852340698e-02
-1.922871544957160950e-02
-9.119460359215736389e-03
-5.044971127063035965e-03
3.664129180833697319e-03
-4.538695886731147766e-02
-2.709400467574596405e-02
3.420609282329678535e-03
-3.078742511570453644e-02
-2.516703866422176361e-02
-4.176210239529609680e-02
-2.432359755039215088e-02
-2.663648501038551331e-02
-6.253121048212051392e-02
-2.775556780397891998e-02
-3.879996761679649353e-02
-5.898773670196533203e-02
5.366978794336318970e-02
1.374136563390493393e-02
1.959703862667083740e-02
3.331560641527175903e-02
1.387996692210435867e-02
1.437483076006174088e-02
1.651131734251976013e-02
5.816258024424314499e-03
3.674416569992899895e-03
-3.533666953444480896e-02
-8.352262899279594421e-03
2.721192687749862671e-02
1.570623181760311127e-02
2.680679596960544586e-02
5.237742885947227478e-02
4.759795218706130981e-02
1.528298575431108475e-02
3.331246972084045410e-02
-2.759253606200218201e-02
-1.495437696576118469e-02
7.445021066814661026e-03
-3.657158836722373962e-02
-4.282176122069358826e-02
-4.002913087606430054e-02
-2.681174129247665405e-02
-2.647769078612327576e-02
-2.171966619789600372e-02
-4.795042052865028381e-02
-1.364619378000497818e-02
5.903411190956830978e-03
-2.754421532154083252e-02
-1.527800690382719040e-03
-6.165099795907735825e-03
4.798629134893417358e-02
3.023740719072520733e-04
-8.253271691501140594e-03
-2.942412346601486206e-02
3.571708220988512039e-03
-1.218055933713912964e-02
-4.598789289593696594e-02
-1.332216430455446243e-02
2.170626976294443011e-04
-3.969690203666687012e-02
-3.244442492723464966e-02
-4.533007740974426270e-03
-1.574066653847694397e-02
2.408518642187118530e-02
5.963423103094100952e-02
-4.058416932821273804e-02
2.394915791228413582e-03
2.456232532858848572e-02
-5.328584834933280945e-02
-3.485926240682601929e-02
-1.407114882022142410e-02
1.415435317903757095e-02
2.309307083487510681e-02
5.209576804190874100e-03
-2.259449567645788193e-03
-1.137528941035270691e-02
-4.555244464427232742e-03
-2.322153560817241669e-02
4.398629826027899981e-04
1.022128853946924210e-02
2.700200863182544708e-02
3.302522748708724976e-02
9.004495106637477875e-03
-3.561086952686309814e-02
1.414046529680490494e-02
2.374113537371158600e-02
-3.550487756729125977e-02
-3.166260942816734314e-02
-4.167331382632255554e-03
6.989770103245973587e-03
4.323325410950928926e-04
-9.964075870811939240e-03
5.951126664876937866e-02
2.814183011651039124e-02
2.170026302337646484e-02
5.186384171247482300e-02
4.270034283399581909e-02
6.097405776381492615e-02
-8.595481514930725098e-03
-8.287625387310981750e-03
-6.002029404044151306e-03
-2.230738289654254913e-03
-1.585645228624343872e-02
-1.892026886343955994e-02
3.504237160086631775e-02
2.051801607012748718e-02
-4.201575648039579391e-03
7.614692207425832748e-03
5.191054660826921463e-03
-3.968418575823307037e-03
-7.974467240273952484e-03
9.616894647479057312e-03
2.192272245883941650e-02
-5.952953547239303589e-02
1.955027878284454346e-02
2.232332341372966766e-02
-1.875633560121059418e-02
-3.829413652420043945e-02
-3.192339837551116943e-02
-6.180773302912712097e-02
-7.047230005264282227e-02
-2.935178391635417938e-02
-3.206993266940116882e-02
-7.685401011258363724e-03
4.668514057993888855e-02
-2.759029343724250793e-02
-2.546424791216850281e-02
1.534215058200061321e-03
8.629837248008698225e-05
5.594729445874691010e-03
5.780999734997749329e-02
4.411432892084121704e-02
7.376046478748321533e-02
8.506952226161956787e-02
1.190190576016902924e-02
-7.839932106435298920e-03
-3.155771270394325256e-02
-2.396712265908718109e-02
-2.159526757895946503e-02
-4.692575708031654358e-02
-6.274499930441379547e-03
5.549007561057806015e-03
-1.042194571346044540e-02
-1.988153159618377686e-02
-8.781880140304565430e-03
-2.959563583135604858e-02
-1.237826980650424957e-02
-5.332860630005598068e-03
1.743220025673508644e-03
-4.238336905837059021e-02
-1.316964440047740936e-02
2.990048669744282961e-04
1.623811945319175720e-02
-2.007281035184860229e-02
-2.426603808999061584e-02
1.467778347432613373e-02
-2.856214530766010284e-03
-2.302455157041549683e-02
-5.712289735674858093e-02
-3.431042656302452087e-02
-4.863062500953674316e-02
5.171215627342462540e-03
7.681396789848804474e-03
1.510332338511943817e-02
-1.929867267608642578e-02
-2.858059853315353394e-02
1.092129200696945190e-02
-1.070033013820648193e-02
-2.370972931385040283e-02
2.793249674141407013e-03
-2.394355461001396179e-02
-9.673574008047580719e-03
-2.312755770981311798e-02
-6.724149920046329498e-03
-5.305070430040359497e-03
-2.453382872045040131e-02
-7.304650545120239258e-02
-4.300753772258758545e-02
-2.341118268668651581e-02
-2.740941010415554047e-02
-9.536841884255409241e-03
-2.036963216960430145e-02
-1.272689457982778549e-02
-1.141952630132436752e-02
-9.642249904572963715e-03
-1.657719723880290985e-02
-3.350988030433654785e-02
-2.139205299317836761e-02
5.134195089340209961e-03
-9.503222070634365082e-03
-4.143587872385978699e-02
1.381216198205947876e-02
-8.554223459213972092e-04
-5.744970217347145081e-02
3.133779391646385193e-02
1.717581297270953655e-03
-2.224346064031124115e-02
4.631388932466506958e-02
5.151559133082628250e-03
4.032218712382018566e-04
4.914235696196556091e-02
1.160007901489734650e-02
7.287625223398208618e-02
-2.124623768031597137e-02
-3.888648061547428370e-04
4.252145811915397644e-02
-6.067230179905891418e-02
-5.689154937863349915e-02
-4.281590506434440613e-02
-3.950322046875953674e-02
-4.421367496252059937e-02
-2.763966657221317291e-02
-5.456314235925674438e-02
-2.613765373826026917e-02
1.574317924678325653e-03
1.027724426239728928e-02
1.909477077424526215e-02
-4.488692618906497955e-03
4.063305445015430450e-03
-5.518567282706499100e-03
-1.868004677817225456e-03
-1.228923816233873367e-02
-1.140160206705331802e-02
-2.190793864428997040e-02
-1.223973743617534637e-02
1.970293931663036346e-02
1.250944845378398895e-02
-1.133765373378992081e-02
-8.968136273324489594e-03
-3.124609589576721191e-02
-2.038946375250816345e-02
-4.996849223971366882e-02
-8.844202011823654175e-02
-2.697210447877296247e-06
1.904473267495632172e-02
2.955153351649641991e-03
2.073474414646625519e-02
-2.020689862547442317e-04
9.307174943387508392e-03
3.565026819705963135e-02
3.281433880329132080e-02
5.391995981335639954e-02
1.501109544187784195e-02
2.268993109464645386e-02
-3.316116519272327423e-03
-2.998217381536960602e-02
-5.392700433731079102e-03
-4.237985238432884216e-02
-3.370943292975425720e-02
1.052864547818899155e-02
-4.789818078279495239e-02
-3.581502661108970642e-02
-2.027353458106517792e-02
-5.610881373286247253e-02
-4.932895675301551819e-02
-2.446414530277252197e-02
-3.312189877033233643e-02
-3.168403729796409607e-02
6.818978115916252136e-03
1.028465759009122849e-02
4.311041906476020813e-02
2.113090455532073975e-02
-2.223760075867176056e-02
3.662353381514549255e-02
-1.524921972304582596e-02
-4.312572255730628967e-02
2.789667807519435883e-02
-3.257342427968978882e-02
-3.121373802423477173e-02
-2.237734384834766388e-02
-2.611459791660308838e-02
-4.622025415301322937e-03
-1.140482071787118912e-02
1.924077607691287994e-02
1.956186257302761078e-02
2.243553474545478821e-02
1.280509401112794876e-02
1.811534911394119263e-02
-2.054219134151935577e-02
1.559617090970277786e-02
4.662524908781051636e-02
4.680906713474541903e-04
2.365016378462314606e-02
2.400661632418632507e-02
2.167199552059173584e-02
4.076408594846725464e-02
-1.506008766591548920e-02
-2.687321417033672333e-02
-5.201199650764465332e-02
-4.830162599682807922e-02
9.808992967009544373e-03
2.472594939172267914e-02
5.144539102911949158e-02
3.113101609051227570e-02
2.834922075271606445e-02
3.777427598834037781e-02
7.898841053247451782e-03
3.996815159916877747e-02
3.152658417820930481e-02
-1.814163848757743835e-02
-2.791257947683334351e-02
-2.437236532568931580e-02
-4.292216897010803223e-02
-4.289545491337776184e-02
-2.493314817547798157e-02
-3.172308951616287231e-02
-5.405540650826878846e-05
-7.229496724903583527e-03
-2.621074439957737923e-03
-6.856129039078950882e-03
-2.167353406548500061e-03
1.432771328836679459e-02
6.021979264914989471e-03
2.729448489844799042e-03
-1.742702163755893707e-02
1.210378389805555344e-02
3.910318773705512285e-04
-1.403013430535793304e-02
5.087430123239755630e-03
-1.717250049114227295e-02
-2.323973737657070160e-02
-2.048156596720218658e-02
-2.868826128542423248e-02
6.216897070407867432e-02
1.067679598927497864e-01
5.940598994493484497e-02
5.796261504292488098e-02
5.030246451497077942e-02
5.390525236725807190e-02
4.890897870063781738e-02
9.714330546557903290e-03
-1.066441647708415985e-02
-3.235009685158729553e-02
-4.633221402764320374e-02
1.049214228987693787e-02
-4.839041084051132202e-02
-2.498997002840042114e-02
3.789095208048820496e-02
-1.831224933266639709e-02
-3.498613461852073669e-02
-2.457083761692047119e-02
-7.118140347301959991e-03
-6.248909514397382736e-03
-3.038524463772773743e-02
1.944577135145664215e-02
2.129631116986274719e-02
2.364517189562320709e-02
1.541714463382959366e-02
-1.328006014227867126e-02
8.351727388799190521e-03
-2.662328444421291351e-02
-1.711136102676391602e-02
-9.643379598855972290e-03
3.343293210491538048e-03
5.144690163433551788e-03
-3.498625941574573517e-03
-1.324238348752260208e-02
-2.450663596391677856e-02
-1.829852163791656494e-02
-5.701247975230216980e-02
-2.086492069065570831e-02
3.994939103722572327e-02
-1.915045827627182007e-02
2.573494799435138702e-02
6.823788583278656006e-02
-1.475539244711399078e-02
1.600492186844348907e-02
8.657524734735488892e-02
6.630893331021070480e-03
8.052336052060127258e-03
-3.199164196848869324e-02
1.219971571117639542e-02
1.245414838194847107e-02
-3.793711587786674500e-02
-4.972314462065696716e-03
-2.655278367456048727e-04
-6.108181178569793701e-02
9.476841427385807037e-03
-5.359526257961988449e-03
3.437285497784614563e-02
-1.359527115710079670e-03
-9.910251013934612274e-03
6.401346623897552490e-02
1.353096123784780502e-02
5.305705964565277100e-02
7.961844652891159058e-02
-5.012990441173315048e-03
-1.682416163384914398e-02
-6.928173825144767761e-03
1.411711517721414566e-02
6.742196530103683472e-02
1.017144918441772461e-01
-1.339330989867448807e-02
1.483910344541072845e-02
3.293832764029502869e-02
4.687184840440750122e-02
-9.031240828335285187e-03
-1.801454648375511169e-02
3.962640836834907532e-02
9.121549315750598907e-03
-2.983711101114749908e-02
1.822134293615818024e-02
-1.525089144706726074e-03
-2.608828432857990265e-02
-5.863451585173606873e-02
-2.342334017157554626e-02
-1.797116547822952271e-02
-4.025502130389213562e-02
-1.397953089326620102e-02
-4.408538807183504105e-03
1.853616535663604736e-02
9.293566457927227020e-03
5.750357359647750854e-02
-2.900706604123115540e-03
-8.528118953108787537e-03
1.007189392112195492e-03
-1.448863837867975235e-02
-3.242478240281343460e-03
-9.596844203770160675e-03
-4.148917272686958313e-02
-5.789195187389850616e-03
-5.642791278660297394e-03
-1.956712454557418823e-02
-2.571188285946846008e-02
-2.833670191466808319e-02
1.584187336266040802e-02
-1.201220881193876266e-02
-2.613557875156402588e-02
-3.029746375977993011e-02
-5.032633896917104721e-03
2.053277194499969482e-02
-9.023494087159633636e-03
5.335717927664518356e-03
-9.578968398272991180e-03
-5.080620944499969482e-02
-2.505845762789249420e-02
-5.189707130193710327e-02
-7.544632256031036377e-02
-2.785390056669712067e-02
-4.964229464530944824e-02
-2.468655072152614594e-02
-8.601845242083072662e-03
-6.938421633094549179e-03
-2.766511216759681702e-02
-1.036859117448329926e-02
1.488292217254638672e-02
-1.159096509218215942e-02
1.943588256835937500e-02
1.228318549692630768e-02
2.513863146305084229e-02
1.345045771449804306e-02
-4.900949541479349136e-03
-1.093164645135402679e-02
-3.813374787569046021e-02
-3.686646372079849243e-02
2.504796534776687622e-02
-1.852124184370040894e-02
-2.833897620439529419e-02
-1.731096394360065460e-02
-3.300242498517036438e-02
1.663534552790224552e-03
-1.432025711983442307e-02
9.121131151914596558e-03
4.082294180989265442e-02
-1.261777151376008987e-02
-9.394224733114242554e-03
3.070628270506858826e-02
-2.469277242198586464e-04
-2.101979404687881470e-02
-2.763463556766510010e-02
4.926747642457485199e-03
-5.902659613639116287e-03
4.268355201929807663e-03
1.614923216402530670e-02
-2.156654372811317444e-02
-6.292712409049272537e-03
-3.219578042626380920e-02
-5.306183919310569763e-02
-3.927280381321907043e-02
-1.359369885176420212e-02
-4.074449837207794189e-02
-4.098391532897949219e-02
-1.162606757134199142e-03
1.590274088084697723e-02
-1.338132377713918686e-02
-2.479519322514533997e-02
-9.428220801055431366e-03
-1.617032289505004883e-02
-6.932049244642257690e-02
-2.251331508159637451e-02
-5.043110344558954239e-03
-6.538971513509750366e-02
-4.440314695239067078e-02
-4.967983812093734741e-02
2.230003708973526955e-03
-8.066877722740173340e-03
-5.051966756582260132e-03
-4.839931614696979523e-03
-3.822642192244529724e-02
-2.726076170802116394e-02
1.221376378089189529e-02
-4.742911085486412048e-02
-4.508027434349060059e-02
2.510254830121994019e-02
8.262750692665576935e-03
4.387146793305873871e-03
-3.907884005457162857e-03
4.691669717431068420e-03
5.306769162416458130e-03
-1.912401616573333740e-02
6.813535466790199280e-03
2.725717797875404358e-02
-2.621991559863090515e-02
-2.192086912691593170e-02
-2.764633670449256897e-02
-6.721032317727804184e-03
-2.116080373525619507e-02
-4.319303855299949646e-02
1.326359435915946960e-02
1.225993596017360687e-02
-8.297109045088291168e-03
5.478430911898612976e-02
3.654997423291206360e-02
5.183728411793708801e-02
-2.162993513047695160e-02
3.694595070555806160e-03
-5.498472135514020920e-03
2.703961357474327087e-02
4.689252749085426331e-02
-2.374191768467426300e-02
-1.485630217939615250e-02
2.138232812285423279e-02
3.932081162929534912e-02
-1.125552412122488022e-02
1.451344811357557774e-03
-3.058855608105659485e-02
-3.578802943229675293e-02
-1.539601013064384460e-02
-3.348287940025329590e-02
-3.625462204217910767e-02
-4.649983346462249756e-02
-4.894828051328659058e-02
-1.913497596979141235e-02
-3.192158043384552002e-02
-2.382940379902720451e-03
-2.950697578489780426e-02
-5.318553373217582703e-02
-4.026485979557037354e-02
-3.624594584107398987e-02
-4.147149994969367981e-02
-2.431677421554923058e-03
-3.620002046227455139e-02
-1.261248625814914703e-02
1.566346362233161926e-02
-2.499235048890113831e-02
1.686417614109814167e-03
-4.823980387300252914e-03
-4.841435234993696213e-03
4.182677343487739563e-02
-2.886191196739673615e-02
4.241609945893287659e-02
7.151729613542556763e-02
-7.583846803754568100e-03
-1.810636185109615326e-02
-9.126488119363784790e-03
-2.962930686771869659e-02
-1.155410520732402802e-02
-2.779871225357055664e-03
2.445394918322563171e-02
-4.828055948019027710e-02
-1.590590737760066986e-02
3.764890506863594055e-02
-1.624809950590133667e-02
-1.450936216861009598e-02
1.658731326460838318e-02
2.114530280232429504e-02
2.602832159027457237e-03
-1.641904376447200775e-02
1.484711002558469772e-02
-5.452937446534633636e-03
-1.281369011849164963e-02
4.861661698669195175e-03
-1.306151598691940308e-02
-2.105795592069625854e-02
1.027779188007116318e-02
-9.029969573020935059e-03
-9.370620362460613251e-03
1.485146116465330124e-02
-2.917571365833282471e-02
-3.891903907060623169e-02
-2.975540049374103546e-02
-3.416577726602554321e-02
-1.741784252226352692e-02
7.583903521299362183e-02
4.732178151607513428e-02
3.115779906511306763e-02
3.203921765089035034e-02
1.655644970014691353e-03
-1.887380704283714294e-02
2.042254805564880371e-02
2.344202622771263123e-02
-1.407451368868350983e-02
-2.864951267838478088e-02
-8.687158115208148956e-03
-1.914432388730347157e-03
-1.467917859554290771e-02
2.076164074242115021e-02
-3.197410609573125839e-03
1.693923212587833405e-02
2.098947949707508087e-02
3.942484501749277115e-03
-1.192864868789911270e-02
-3.030990250408649445e-02
-1.720851846039295197e-02
8.649352937936782837e-03
-2.207863610237836838e-03
1.497360318899154663e-02
5.369498394429683685e-03
2.030944451689720154e-02
-1.823195070028305054e-02
4.963994957506656647e-03
-3.573215799406170845e-03
1.259198971092700958e-02
2.632214501500129700e-02
-5.819011013954877853e-03
3.679189365357160568e-03
1.040251553058624268e-02
1.014242996461689472e-03
-2.857228368520736694e-02
-1.952714845538139343e-02
-8.521203882992267609e-03
-3.085602633655071259e-02
-1.987801492214202881e-02
-1.491053402423858643e-02
-4.032190889120101929e-02
5.423404742032289505e-03
3.148480900563299656e-04
-3.835645690560340881e-02
-3.627100586891174316e-02
-3.118149191141128540e-02
-1.160721201449632645e-02
-5.107076093554496765e-02
-2.332643419504165649e-02
-1.586061157286167145e-02
-2.871415205299854279e-02
-6.330492906272411346e-03
-3.951327875256538391e-03
-1.237327139824628830e-02
1.689854776486754417e-03
2.986486069858074188e-02
-3.492724895477294922e-02
-5.156491417437791824e-03
-4.032884316984564066e-04
-1.887574791908264160e-02
3.857221221551299095e-03
1.060901582241058350e-02
2.880258858203887939e-02
-1.657410059124231339e-03
-2.824797295033931732e-02
-6.735378876328468323e-03
1.194258034229278564e-02
-5.756380502134561539e-03
-5.836816504597663879e-02
-2.216015383601188660e-02
-3.410513699054718018e-02
-4.968572407960891724e-02
-2.610657550394535065e-02
-6.925768405199050903e-02
-7.046101614832878113e-03
-8.866395801305770874e-03
-3.115014545619487762e-02
5.428698379546403885e-03
-2.380366995930671692e-02
-3.227103874087333679e-02
-2.814677730202674866e-02
-1.478914543986320496e-02
1.514577306807041168e-02
-2.057478018105030060e-02
-1.244866941124200821e-02
5.808096379041671753e-03
1.670966297388076782e-02
2.617253176867961884e-02
3.345204889774322510e-02
9.149787016212940216e-03
-2.071657218039035797e-02
-3.513573855161666870e-02
-1.052979379892349243e-02
-1.020104065537452698e-02
-1.304431911557912827e-02
2.430807612836360931e-02
4.909537732601165771e-02
2.288882993161678314e-02
-2.107241377234458923e-02
7.646466605365276337e-03
-2.158227376639842987e-02
-2.248100750148296356e-02
1.438238192349672318e-03
-2.757243067026138306e-02
1.952845370396971703e-03
5.383824557065963745e-02
-3.608960285782814026e-02
-1.493269018828868866e-02
-1.581970974802970886e-02
-3.016041405498981476e-02
-1.592896506190299988e-02
-1.211945991963148117e-02
2.766532637178897858e-02
2.754766866564750671e-02
3.769077360630035400e-02
5.130386352539062500e-02
2.851485274732112885e-02
3.629729524254798889e-02
1.391137018799781799e-02
3.890794515609741211e-02
1.354624424129724503e-02
4.482695087790489197e-02
8.182701654732227325e-03
-2.238268218934535980e-02
3.119130432605743408e-02
-9.048414416611194611e-03
-2.183902636170387268e-02
-6.941436231136322021e-02
1.000261120498180389e-02
4.040689393877983093e-02
4.987876862287521362e-03
6.921053864061832428e-03
2.064149739453569055e-04
-4.108695313334465027e-02
2.287272363901138306e-03
3.077670745551586151e-02
8.733846247196197510e-03
2.662590704858303070e-02
2.854618057608604431e-02
-9.783606044948101044e-03
-2.281130664050579071e-02
1.440112572163343430e-02
2.912388008553534746e-04
1.028815656900405884e-02
-3.533477662131190300e-03
7.453591562807559967e-03
-1.892377622425556183e-02
-5.019570142030715942e-02
-7.335749687626957893e-04
1.999570056796073914e-03
-7.726109120994806290e-03
2.175140008330345154e-02
5.489064007997512817e-02
5.871191620826721191e-02
5.238291993737220764e-02
6.300787627696990967e-02
2.306725829839706421e-02
1.475680712610483170e-02
5.082414671778678894e-02
2.710955590009689331e-02
-1.300227176398038864e-02
2.799674123525619507e-02
5.429451912641525269e-02
4.693930596113204956e-02
-2.851462922990322113e-02
-9.648378938436508179e-03
-1.545895729213953018e-02
-7.179894298315048218e-02
-2.450958453118801117e-02
-7.107359915971755981e-02
3.372388705611228943e-02
-1.951209641993045807e-02
-2.454452775418758392e-02
5.632659047842025757e-02
8.310598321259021759e-03
-4.125250037759542465e-03
4.539637640118598938e-02
3.268106281757354736e-02
-8.696911856532096863e-03
-2.674805559217929840e-02
-1.064483541995286942e-02
3.078725561499595642e-02
-2.307945489883422852e-02
-1.600800896994769573e-05
5.425149202346801758e-02
-5.597144737839698792e-02
-5.688752979040145874e-02
1.981287635862827301e-02
-5.509240925312042236e-02
-3.682760056108236313e-03
2.979990467429161072e-02
-2.053820528090000153e-02
1.119512692093849182e-02
1.735386252403259277e-02
-1.582829281687736511e-02
1.884111203253269196e-02
9.491885080933570862e-03
7.685068063437938690e-03
-6.540941540151834488e-03
-1.214086893014609814e-03
-2.104861848056316376e-02
-2.897599153220653534e-02
-1.151106692850589752e-02
-6.453986465930938721e-02
-1.971616223454475403e-02
-1.766859181225299835e-02
-9.151629172265529633e-03
2.428571879863739014e-02
-5.641189869493246078e-03
-1.340235397219657898e-02
-1.916449703276157379e-02
-2.274941466748714447e-02
-1.604986935853958130e-02
-2.791017293930053711e-02
-2.091356553137302399e-02
5.557274818420410156e-02
3.726009652018547058e-02
3.557695448398590088e-02
4.193405155092477798e-03
-2.509112283587455750e-02
-7.225687615573406219e-03
3.925594314932823181e-02
-2.685780823230743408e-02
1.064678188413381577e-02
-4.393984004855155945e-02
-1.902701891958713531e-02
-3.516894206404685974e-02
7.249418646097183228e-03
3.722403198480606079e-03
-2.069914713501930237e-02
2.407620288431644440e-02
7.728694938123226166e-03
1.681943610310554504e-02
2.518136752769351006e-04
1.773517765104770660e-02
-1.638285466469824314e-03
-3.151857107877731323e-02
-1.619525067508220673e-02
-1.342206355184316635e-02
-3.635823354125022888e-02
-1.405008789151906967e-02
-1.427647750824689865e-02
4.872487857937812805e-03
-1.325716078281402588e-02
-4.476546496152877808e-02
2.281946502625942230e-02
-1.080356305465102196e-03
-4.764670878648757935e-02
3.636571764945983887e-02
3.643499314785003662e-02
-4.801314324140548706e-03
-6.586752086877822876e-02
-3.403110429644584656e-02
-5.139391496777534485e-02
4.449640400707721710e-03
-2.080996986478567123e-03
-2.251973934471607208e-02
3.545705601572990417e-02
2.975016273558139801e-02
4.454669356346130371e-02
8.656425401568412781e-03
-8.206882514059543610e-03
1.939989067614078522e-02
1.145867258310317993e-02
-3.431371226906776428e-02
-9.498306550085544586e-03
2.937205135822296143e-02
1.654351502656936646e-02
3.702100738883018494e-02
-2.446737140417098999e-03
-2.734907157719135284e-02
-2.003201097249984741e-02
-3.183395043015480042e-02
-5.009168013930320740e-02
-5.142176151275634766e-02
-2.536458894610404968e-02
-1.060542557388544083e-02
-2.438728325068950653e-02
3.461901843547821045e-02
5.243377387523651123e-02
4.036300629377365112e-02
4.529198631644248962e-02
1.748841069638729095e-02
4.673334304243326187e-03
-5.242517683655023575e-03
-4.921640083193778992e-02
-4.016291350126266479e-03
2.587552927434444427e-02
3.080982528626918793e-02
1.512329373508691788e-02
-3.252716362476348877e-02
-9.105416014790534973e-03
-4.324972163885831833e-03
-3.029224229976534843e-03
2.174404636025428772e-02
-1.807488314807415009e-02
-6.106309592723846436e-03
2.146862971130758524e-04
-8.174791932106018066e-03
-1.342133991420269012e-02
-2.218228019773960114e-02
-4.339165985584259033e-03
1.537776086479425430e-02
-1.474894490092992783e-02
2.815605257637798786e-04
3.390841558575630188e-02
-1.637330837547779083e-02
-1.724555902183055878e-02
-7.489141076803207397e-03
-1.002638228237628937e-02
1.194099895656108856e-02
1.497143064625561237e-03
1.045835576951503754e-02
3.446524590253829956e-02
-6.202661991119384766e-02
-8.834657073020935059e-02
-5.918911099433898926e-02
-5.658327043056488037e-02
-6.478266417980194092e-02
-4.696623980998992920e-02
-6.024110317230224609e-02
-3.928730264306068420e-02
-3.794077038764953613e-02
3.227059915661811829e-02
4.867952316999435425e-02
8.332546800374984741e-02
3.112322092056274414e-02
1.762123405933380127e-02
2.121480740606784821e-02
-1.194663252681493759e-02
1.013812515884637833e-02
-2.220247872173786163e-02
-5.470154434442520142e-02
-2.643776684999465942e-02
-5.873763933777809143e-02
-3.523782640695571899e-02
-5.040562245994806290e-03
-3.966020420193672180e-02
-5.330951884388923645e-02
-4.163764417171478271e-02
-4.910587146878242493e-02
2.856764756143093109e-02
-8.149789646267890930e-03
3.200465440750122070e-02
6.441921461373567581e-03
-2.894447883591055870e-03
4.718138650059700012e-02
-2.617645449936389923e-02
4.777992609888315201e-03
3.445348516106605530e-02
1.067957375198602676e-02
4.284822940826416016e-02
-9.952840395271778107e-03
2.842233888804912567e-02
2.646482363343238831e-02
-1.819616928696632385e-02
4.143394902348518372e-02
4.504515975713729858e-02
-1.517718564718961716e-02
-8.181211538612842560e-03
-2.250150591135025024e-02
-1.530525553971529007e-02
-4.512046650052070618e-02
-4.811799526214599609e-02
-9.914032183587551117e-03
-1.904918812215328217e-02
1.525286235846579075e-03
4.100599326193332672e-03
-3.519716486334800720e-02
-2.746355347335338593e-02
-5.568666756153106689e-02
-6.231334432959556580e-02
-4.169397428631782532e-02
-4.497583955526351929e-02
-4.678348824381828308e-02
9.640040807425975800e-03
5.502205807715654373e-03
-1.689278869889676571e-03
-1.039394736289978027e-02
-8.839424699544906616e-03
-4.300591070204973221e-03
-4.292625561356544495e-02
-1.996944658458232880e-02
-4.882607609033584595e-03
-5.953274294734001160e-02
-2.516935393214225769e-02
-1.809587143361568451e-02
3.987840935587882996e-02
-2.604176476597785950e-02
6.650672107934951782e-02
8.926806598901748657e-02
2.347750123590230942e-03
1.303117256611585617e-02
3.056909190490841866e-03
-1.256563887000083923e-02
5.464493855834007263e-02
1.804747432470321655e-02
-6.947040557861328125e-03
4.318805411458015442e-02
1.654095388948917389e-02
2.980083227157592773e-02
1.749671064317226410e-02
2.202634327113628387e-02
2.093284577131271362e-02
-6.017712876200675964e-04
-1.218552887439727783e-02
5.787701159715652466e-02
3.049565665423870087e-02
1.746384426951408386e-02
6.068150326609611511e-02
3.813205286860466003e-02
8.889375254511833191e-03
1.472273096442222595e-02
4.547741264104843140e-02
5.357037857174873352e-02
6.000200286507606506e-02
-2.889943495392799377e-02
-3.265751153230667114e-02
-1.967919617891311646e-02
-5.097360908985137939e-02
-7.069089263677597046e-02
-2.698145061731338501e-02
-4.798064753413200378e-02
8.212066255509853363e-03
2.776786684989929199e-02
-1.100374571979045868e-02
2.483174204826354980e-03
-3.224799036979675293e-02
2.431690879166126251e-02
-3.236074699088931084e-03
-1.982165314257144928e-02
-5.214882548898458481e-03
1.685041934251785278e-02
2.499939501285552979e-02
3.864571452140808105e-02
1.447497215121984482e-02
4.769530519843101501e-02
2.053057402372360229e-02
-2.275822311639785767e-02
2.208001678809523582e-04
-3.894871100783348083e-02
-2.277686074376106262e-02
2.611435484141111374e-03
-2.573610097169876099e-02
-2.337460871785879135e-03
-1.796780154109001160e-03
1.286315359175205231e-02
5.393779277801513672e-02
1.974051445722579956e-02
-2.242255769670009613e-02
8.919536485336720943e-04
-3.707990515977144241e-03
-2.343059517443180084e-02
-1.019533257931470871e-02
-6.485475227236747742e-03
-3.084100037813186646e-02
-2.037874422967433929e-02
-4.852900281548500061e-03
1.489933487027883530e-02
-4.701341502368450165e-03
-2.153270132839679718e-02
4.610023275017738342e-02
3.626877442002296448e-02
1.670931652188301086e-02
8.237823843955993652e-03
5.131752695888280869e-04
1.663679070770740509e-02
-5.233275145292282104e-02
-5.868671834468841553e-02
-4.460593685507774353e-02
-3.547580540180206299e-02
-2.429110184311866760e-02
-1.086013484746217728e-02
-3.111493214964866638e-02
-3.004070743918418884e-02
-1.453597005456686020e-02
5.114803090691566467e-02
4.685601592063903809e-02
1.130176614969968796e-02
7.629750296473503113e-03
-1.964811794459819794e-02
-2.480235137045383453e-02
7.954043336212635040e-03
1.711055170744657516e-03
3.125219792127609253e-02
-2.102626301348209381e-02
-2.116500586271286011e-02
-3.474917262792587280e-02
-2.169454097747802734e-02
-2.751122228801250458e-02
-3.351724892854690552e-02
-1.151433959603309631e-02
-2.499512629583477974e-03
-2.852533012628555298e-03
-3.681232780218124390e-02
-3.665746375918388367e-02
-2.563343010842800140e-02
-3.553585708141326904e-02
-2.132400497794151306e-02
-3.711101366207003593e-03
3.057146444916725159e-02
3.631405532360076904e-02
3.871727734804153442e-02
2.661910466849803925e-02
4.103535786271095276e-02
4.059237986803054810e-02
-1.175908278673887253e-02
-1.664168015122413635e-02
-1.553728897124528885e-02
1.345982868224382401e-02
-2.139435335993766785e-02
-2.898838743567466736e-02
-4.288382083177566528e-02
-4.717921093106269836e-02
-5.708200111985206604e-02
-3.950280323624610901e-02
-3.151801601052284241e-02
-2.162274718284606934e-02
-1.414916571229696274e-02
2.905367582570761442e-04
1.547115156427025795e-03
2.987561747431755066e-04
5.626412108540534973e-03
-6.889958865940570831e-03
-1.296663843095302582e-02
-1.491533219814300537e-02
-3.241518512368202209e-02
-3.854734823107719421e-02
-5.184015259146690369e-02
-4.370317235589027405e-02
-9.916098788380622864e-03
-3.200851753354072571e-02
-2.328590117394924164e-02
2.668407745659351349e-02
-3.988091833889484406e-03
2.315837331116199493e-02
3.244630247354507446e-02
1.205443913931958377e-04
-2.855964703485369682e-03
-2.455453015863895416e-02
7.403520867228507996e-03
-3.297210205346345901e-03
1.973186153918504715e-03
9.609692730009555817e-03
1.011008676141500473e-02
-2.491474710404872894e-02
-2.188873477280139923e-02
-1.997255533933639526e-02
-1.027666311711072922e-02
-1.510493364185094833e-02
-1.478449162095785141e-02
-2.100622095167636871e-02
-2.726621180772781372e-02
-2.335217408835887909e-02
-5.204909481108188629e-03
3.093519480898976326e-03
3.712219186127185822e-03
-8.037462830543518066e-03
-7.422051858156919479e-04
3.968958929181098938e-02
-1.765554398298263550e-02
-2.789195161312818527e-03
-2.129631675779819489e-02
-1.309532020241022110e-02
8.808148559182882309e-04
-2.222557365894317627e-02
-6.274195015430450439e-02
-5.589887127280235291e-02
-3.779092058539390564e-02
-8.439427614212036133e-02
-6.188739836215972900e-02
-3.515881299972534180e-02
-1.902910880744457245e-02
-4.659993108361959457e-03
1.455372315831482410e-03
2.525167167186737061e-02
-7.242237217724323273e-03
-1.556944567710161209e-02
2.998214773833751678e-02
1.642109081149101257e-02
-3.916407877113670111e-04
3.779407590627670288e-02
4.708835482597351074e-02
5.035641416907310486e-02
-3.821795433759689331e-02
6.610929500311613083e-03
-6.870463024824857712e-03
2.960531972348690033e-02
1.470631733536720276e-02
-6.540898699313402176e-03
-1.800666376948356628e-02
-2.014635130763053894e-02
-2.144395932555198669e-02
3.207758441567420959e-02
3.125781193375587463e-03
4.548262804746627808e-02
1.352699939161539078e-02
-2.964249067008495331e-02
5.906210280954837799e-03
-4.563532397150993347e-02
-6.996910274028778076e-02
-7.678484171628952026e-02
-2.001545764505863190e-02
-3.055904433131217957e-02
-4.529763758182525635e-02
1.397142093628644943e-02
1.835311204195022583e-02
-1.920736581087112427e-02
2.870037453249096870e-03
-2.216004580259323120e-02
-2.661553211510181427e-02
-2.979918569326400757e-02
-1.672813855111598969e-02
-1.474585477262735367e-02
-4.091785103082656860e-02
-3.458544984459877014e-02
-1.927730068564414978e-02
1.280433149076998234e-03
-2.302598906680941582e-03
2.423214539885520935e-02
-1.502645760774612427e-02
2.832043915987014771e-02
2.355022914707660675e-02
-2.017571218311786652e-02
-1.057688705623149872e-02
-2.427764423191547394e-02
7.245600863825529814e-05
-7.590677123516798019e-03
-2.278080955147743225e-02
-6.836056243628263474e-03
-3.000718541443347931e-02
-2.676963061094284058e-02
9.335321374237537384e-03
-3.232998773455619812e-02
-2.145243063569068909e-02
-3.677011653780937195e-02
-5.171747878193855286e-02
-9.085418656468391418e-03
8.238833397626876831e-03
-1.729261688888072968e-02
-1.639193110167980194e-02
3.727963566780090332e-02
1.542871352285146713e-02
1.567554101347923279e-02
-9.726109914481639862e-03
-1.557973120361566544e-02
2.575427293777465820e-02
2.276576496660709381e-02
4.580150824040174484e-03
-2.662042900919914246e-02
1.477295532822608948e-02
-4.914433229714632034e-03
1.184632536023855209e-02
-2.142084948718547821e-02
-4.139474779367446899e-02
-3.367038443684577942e-02
-2.966522984206676483e-02
-2.993164397776126862e-02
-1.320147793740034103e-02
-9.159178473055362701e-03
-8.207255974411964417e-03
-3.014631103724241257e-03
4.579222202301025391e-02
2.601755224168300629e-02
1.730125583708286285e-02
-5.167995579540729523e-03
6.649598013609647751e-03
1.062262244522571564e-02
4.167708754539489746e-02
5.823176726698875427e-02
1.597429439425468445e-02
3.222347795963287354e-02
5.090489983558654785e-02
1.745313592255115509e-02
1.789561845362186432e-02
1.374671887606382370e-02
2.929304027929902077e-03
-1.376568898558616638e-02
-8.382968604564666748e-03
-2.076506149023771286e-03
-5.809991061687469482e-02
-2.723400667309761047e-02
-1.940146274864673615e-02
1.674798876047134399e-02
1.880503445863723755e-02
2.354554645717144012e-02
1.989515125751495361e-02
1.414929702877998352e-02
1.118639763444662094e-02
2.510198578238487244e-02
3.332210332155227661e-02
2.858566679060459137e-02
2.376713044941425323e-02
-1.256866659969091415e-02
1.052392646670341492e-02
1.352403126657009125e-02
-3.613049909472465515e-02
-2.331644762307405472e-03
8.779651834629476070e-04
-2.160002291202545166e-02
1.657847873866558075e-02
7.655058521777391434e-03
3.679943503811955452e-03
-1.010522060096263885e-02
-2.985075302422046661e-02
-1.147183682769536972e-02
-2.776408568024635315e-02
-3.257696703076362610e-02
-2.557644806802272797e-02
-5.975377745926380157e-03
1.925711892545223236e-02
2.800361625850200653e-02
2.373852767050266266e-02
7.924009114503860474e-02
7.384019345045089722e-02
5.153800919651985168e-02
-1.341516990214586258e-02
-1.579744555056095123e-02
1.088992692530155182e-02
1.734472624957561493e-02
4.618728905916213989e-02
2.268677577376365662e-02
-1.339572295546531677e-02
5.649173632264137268e-03
-1.399548910558223724e-02
1.132759451866149902e-02
-1.277670264244079590e-02
-8.682679384946823120e-03
-3.157071070745587349e-03
5.488878116011619568e-03
3.558673337101936340e-02
-4.305520094931125641e-03
1.006670668721199036e-02
1.287981588393449783e-02
-7.605326827615499496e-03
-1.463604066520929337e-02
1.592677872395142913e-04
-2.031274512410163879e-02
-3.866042941808700562e-02
3.954672720283269882e-03
1.773351989686489105e-02
-4.963230807334184647e-03
1.374325901269912720e-02
1.886120997369289398e-02
-3.241284983232617378e-03
-1.308257691562175751e-02
-8.976702578365802765e-03
-3.326855227351188660e-02
-5.025736521929502487e-03
1.549496874213218689e-02
-5.047517828643321991e-03
-1.453580521047115326e-02
-2.065165154635906219e-02
-1.296143396757543087e-03
-1.745650731027126312e-02
-2.260684035718441010e-03
1.402333658188581467e-02
4.570837691426277161e-02
-3.498426452279090881e-02
-1.236851885914802551e-02
3.227129578590393066e-03
-2.082643285393714905e-02
2.050499431788921356e-02
-1.325793797150254250e-03
-3.967952355742454529e-02
-1.682760939002037048e-02
-5.355725530534982681e-03
-4.283547750674188137e-04
4.029727540910243988e-03
2.242695540189743042e-03
-9.002813138067722321e-03
-5.290864966809749603e-03
-1.555434800684452057e-02
-5.277433898299932480e-03
-1.580794807523488998e-03
1.753838360309600830e-02
-2.243658713996410370e-02
-5.456396937370300293e-02
-3.019713424146175385e-02
-4.253171011805534363e-02
-5.957671999931335449e-02
-2.541086450219154358e-02
-1.036670897156000137e-02
-4.976752027869224548e-02
-3.747960180044174194e-02
1.522860024124383926e-02
-1.161443348973989487e-02
-4.209303110837936401e-02
4.157231748104095459e-02
1.557490229606628418e-02
-3.842012956738471985e-02
6.562806200236082077e-03
2.855170704424381256e-02
1.212138030678033829e-02
-3.318070620298385620e-02
-3.582067415118217468e-02
-3.745891526341438293e-02
-9.890655055642127991e-04
-1.180864870548248291e-02
-2.099799364805221558e-02
1.329090818762779236e-02
-4.670355003327131271e-03
-1.826947182416915894e-02
-1.088256016373634338e-02
-2.939906716346740723e-02
-1.958058960735797882e-02
1.493145432323217392e-02
7.408512290567159653e-03
1.919192820787429810e-02
-4.722516611218452454e-02
-3.417821228504180908e-02
-2.686711959540843964e-02
1.384913921356201172e-02
2.638782933354377747e-02
9.195933118462562561e-03
2.986822091042995453e-02
2.826537750661373138e-02
6.916571408510208130e-03
-2.095931395888328552e-02
-2.648849040269851685e-02
-2.925947681069374084e-02
-1.077889930456876755e-02
1.084992475807666779e-02
2.713349275290966034e-02
-9.544905275106430054e-03
1.054586190730333328e-02
2.697430737316608429e-02
3.801681566983461380e-03
-1.115763280540704727e-02
2.406046912074089050e-02
4.950328916311264038e-02
2.626384422183036804e-02
3.886845335364341736e-02
2.931214123964309692e-02
2.392069064080715179e-02
1.330012455582618713e-02
-2.712249942123889923e-02
-2.288158051669597626e-02
-4.385703869047574699e-05
-1.501633226871490479e-02
1.332004927098751068e-02
1.855164393782615662e-02
-2.171051315963268280e-02
8.026387542486190796e-03
3.231353592127561569e-03
-2.691357769072055817e-02
-6.440540309995412827e-03
1.868551410734653473e-02
-1.257854327559471130e-02
-2.461531199514865875e-03
9.882666170597076416e-03
3.585668280720710754e-02
4.229583218693733215e-02
4.605953022837638855e-02
4.613621532917022705e-02
5.420736223459243774e-02
6.425774097442626953e-02
-2.348089963197708130e-02
-3.664923831820487976e-02
1.185214240103960037e-02
-5.415398627519607544e-02
-5.463978648185729980e-02
-3.404993936419487000e-02
2.960769087076187134e-02
2.031582640483975410e-03
2.718586474657058716e-02
-3.998030151706188917e-04
-3.012202121317386627e-02
-2.261928841471672058e-02
1.091598346829414368e-02
1.236729044467210770e-02
-9.808433969737961888e-05
2.013146504759788513e-02
-1.314895600080490112e-02
1.220048312097787857e-02
1.016699615865945816e-02
1.275808317586779594e-03
-9.797386825084686279e-03
-3.137376531958580017e-02
-6.274136714637279510e-03
-2.267756685614585876e-02
-2.047844976186752319e-02
3.910302184522151947e-03
1.269660983234643936e-02
1.962271286174654961e-03
1.580693875439465046e-03
6.615441292524337769e-03
-2.814078470692038536e-03
-2.107419073581695557e-02
-2.448671264573931694e-03
-4.150209203362464905e-02
-7.199894636869430542e-02
-4.194052424281835556e-03
-1.495996117591857910e-02
-4.568556696176528931e-02
-1.363076549023389816e-02
-4.777029156684875488e-02
-5.877475440502166748e-02
-3.629121929407119751e-02
-2.031984506174921989e-03
2.073634602129459381e-02
-6.584161426872014999e-03
-1.498875301331281662e-02
-3.423492307774722576e-05
-2.783007360994815826e-02
-2.312405034899711609e-03
4.600306507200002670e-03
-1.037201378494501114e-03
-1.209783088415861130e-02
-4.638061299920082092e-02
-3.009949252009391785e-02
-1.117631513625383377e-02
-4.243490844964981079e-02
1.516102813184261322e-02
8.754261769354343414e-03
1.117043290287256241e-02
5.306983739137649536e-02
-1.889823377132415771e-02
-8.782590739428997040e-03
-1.143077295273542404e-02
-2.033624798059463501e-02
-2.113846130669116974e-02
-4.774627834558486938e-02
-1.132800825871527195e-03
-1.086454093456268311e-02
-2.803868614137172699e-02
5.255672149360179901e-03
-1.377628929913043976e-02
-2.071542199701070786e-03
-1.906057819724082947e-02
-9.490330703556537628e-03
-1.844049803912639618e-02
1.327626314014196396e-02
5.116387084126472473e-02
1.156433206051588058e-02
8.380309678614139557e-03
-6.429311819374561310e-03
2.058280073106288910e-02
-1.090745441615581512e-02
-3.846093779429793358e-03
3.090141899883747101e-02
-2.371682971715927124e-02
-3.210069611668586731e-02
-1.773728802800178528e-02
-1.296367030590772629e-02
5.865143612027168274e-04
-2.087912335991859436e-02
1.006468592095188797e-04
-2.077099122107028961e-02
-1.220132224261760712e-02
3.397560212761163712e-03
-7.845241576433181763e-03
2.167264698073267937e-03
1.222857832908630371e-02
-7.530214730650186539e-03
-9.488436393439769745e-03
-2.837929502129554749e-02
-3.109045326709747314e-02
-5.702088400721549988e-02
3.411926329135894775e-03
-2.952256985008716583e-02
-5.600884929299354553e-02
-1.454006414860486984e-02
-2.190957590937614441e-02
6.461681332439184189e-03
3.048952296376228333e-02
5.383680015802383423e-02
5.881424993276596069e-02
3.548693610355257988e-03
-3.382409689947962761e-03
-2.006815560162067413e-02
-3.769302740693092346e-02
-2.852583862841129303e-02
-1.536235958337783813e-02
-5.321480706334114075e-02
-1.530696172267198563e-03
9.620391763746738434e-03
-2.599440328776836395e-02
5.364780663512647152e-04
-1.214625779539346695e-02
-1.010036095976829529e-03
2.842967025935649872e-02
2.609317936003208160e-02
3.506844118237495422e-02
1.058826129883527756e-02
2.038511447608470917e-02
-2.393529191613197327e-02
-2.756940945982933044e-02
-5.288577172905206680e-03
-5.229547619819641113e-02
-4.929937049746513367e-02
-2.330775000154972076e-02
-6.497644819319248199e-03
-2.131876908242702484e-02
2.190991304814815521e-02
-5.244600586593151093e-03
-1.578186452388763428e-02
2.564967796206474304e-02
-3.068709373474121094e-02
3.190865973010659218e-03
5.778285488486289978e-02
-2.505618147552013397e-02
-4.452666640281677246e-02
2.094175294041633606e-02
-8.017204701900482178e-03
-2.917005494236946106e-02
-1.676312088966369629e-02
3.402890637516975403e-02
2.296195365488529205e-02
7.052591070532798767e-03
1.173681765794754028e-02
-1.275408919900655746e-02
2.106539905071258545e-02
-5.001153424382209778e-02
-4.600507393479347229e-02
-4.136094450950622559e-02
1.804587244987487793e-02
3.755805268883705139e-02
3.706295043230056763e-02
5.361279100179672241e-02
3.372179716825485229e-02
1.413677260279655457e-02
5.004032701253890991e-02
2.990688383579254150e-02
-1.773504726588726044e-02
4.889608174562454224e-02
-1.252217800356447697e-03
2.129241451621055603e-02
3.460432169958949089e-03
-1.485183089971542358e-02
9.682452306151390076e-03
-2.726014889776706696e-02
-2.535887062549591064e-02
1.292577595449984074e-03
4.819425288587808609e-03
-4.208522662520408630e-02
-4.276660457253456116e-02
1.710886321961879730e-02
-1.758215203881263733e-02
-4.788481816649436951e-02
4.926466499455273151e-04
3.119316650554537773e-03
-3.549504559487104416e-03
1.605800120159983635e-03
-1.908338163048028946e-03
-2.064292319118976593e-02
1.017793081700801849e-02
1.828336855396628380e-03
3.752070292830467224e-02
-3.877106308937072754e-02
-3.382918611168861389e-02
2.691453136503696442e-02
2.055990137159824371e-02
1.090807467699050903e-02
4.801725223660469055e-02
6.611167918890714645e-03
-1.779732666909694672e-02
5.548135191202163696e-02
1.415997836738824844e-02
-2.707325480878353119e-02
2.265673689544200897e-02
-1.722056791186332703e-02
-5.045686848461627960e-03
-1.750756241381168365e-02
-1.752524450421333313e-02
1.765627786517143250e-02
9.457021951675415039e-04
2.931594848632812500e-02
2.411307767033576965e-02
-7.305989041924476624e-03
-3.178297728300094604e-02
-3.200788795948028564e-02
-3.725440800189971924e-02
-3.703814744949340820e-02
-7.958553731441497803e-03
3.340616822242736816e-03
-2.050919644534587860e-02
1.959073357284069061e-03
3.022304270416498184e-03
-4.009148105978965759e-03
-2.186627127230167389e-02
-4.276620224118232727e-02
1.493613235652446747e-02
-1.700142025947570801e-02
-5.641036108136177063e-02
3.305032476782798767e-02
1.452776044607162476e-02
-5.631868913769721985e-02
-3.055467642843723297e-02
-1.657960750162601471e-02
-3.047024458646774292e-02
-4.474170506000518799e-02
-2.623924612998962402e-02
-2.626150473952293396e-02
-5.288681387901306152e-02
-2.626757323741912842e-02
-2.978818677365779877e-02
-2.825671993196010590e-02
-2.092802710831165314e-02
1.765509322285652161e-02
-1.312432531267404556e-02
-2.023376990109682083e-03
1.935975439846515656e-02
-3.385296463966369629e-02
-8.396939374506473541e-03
5.102928355336189270e-02
-4.727132036350667477e-04
-7.488835137337446213e-03
1.951357908546924591e-02
-2.069568959996104240e-03
-1.228645164519548416e-02
1.522082090377807617e-02
-3.449138603173196316e-04
-1.310079824179410934e-02
-3.393260389566421509e-02
-1.933905482292175293e-02
-4.366612527519464493e-03
-1.844757236540317535e-02
-8.605211041867733002e-03
5.051558464765548706e-02
1.355627737939357758e-02
-6.482156924903392792e-03
7.207268383353948593e-03
1.029137242585420609e-02
-6.178521737456321716e-02
-2.653914317488670349e-02
1.282276026904582977e-02
-5.399968475103378296e-02
-2.403101325035095215e-02
4.905641451478004456e-02
-2.207235619425773621e-02
-3.007215261459350586e-02
4.749057069420814514e-02
-2.460072748363018036e-02
-6.370854098349809647e-03
-2.403506822884082794e-02
1.134425774216651917e-02
9.838278405368328094e-03
-3.386192396283149719e-02
4.481739178299903870e-02
5.019772797822952271e-02
-1.972448080778121948e-02
-2.811635285615921021e-02
-6.694240961223840714e-03
-2.264411933720111847e-02
3.947447612881660461e-02
2.387596853077411652e-02
-1.578625291585922241e-02
2.627044729888439178e-02
1.579866185784339905e-02
-7.734349928796291351e-03
2.497031725943088531e-02
-1.448386814445257187e-03
-3.478395566344261169e-02
-4.654027579817920923e-04
1.607405953109264374e-02
-3.266080468893051147e-02
9.551958180963993073e-03
2.208596840500831604e-02
1.006792485713958740e-02
3.062725067138671875e-02
-1.962686330080032349e-02
-1.381848379969596863e-02
7.884018868207931519e-02
5.014044791460037231e-02
-2.741278382018208504e-03
2.990915067493915558e-02
1.670437678694725037e-02
-5.303660407662391663e-03
-3.148985793814063072e-03
1.615804992616176605e-02
1.359104830771684647e-02
-1.079096086323261261e-02
9.468111209571361542e-03
2.307362388819456100e-03
2.493754960596561432e-03
3.877445356920361519e-03
-1.216766703873872757e-02
2.708863280713558197e-02
-2.442353288643062115e-04
-8.750313892960548401e-03
-1.395660359412431717e-02
-1.624453999102115631e-02
-2.705128677189350128e-02
-1.002514362335205078e-02
-1.779849082231521606e-02
-9.355565416626632214e-04
-1.695578172802925110e-02
-3.668315708637237549e-02
-5.685916170477867126e-02
3.145692870020866394e-03
-2.747601829469203949e-02
-4.626191407442092896e-02
9.107594378292560577e-03
2.136368677020072937e-02
1.525103580206632614e-02
-3.400530293583869934e-02
3.394944593310356140e-02
2.363834716379642487e-02
-2.580857090651988983e-02
3.276231512427330017e-02
2.325921319425106049e-02
5.636178888380527496e-03
4.104164242744445801e-02
3.219438716769218445e-02
-1.743908785283565521e-02
-2.451049350202083588e-02
-2.569092437624931335e-02
-1.671435870230197906e-02
-4.052200913429260254e-02
-4.094525799155235291e-02
3.315881267189979553e-02
-6.005494855344295502e-03
-2.912702038884162903e-02
-2.768183313310146332e-02
1.353663206100463867e-02
-1.391794905066490173e-02
-2.856963314116001129e-02
-3.072515875101089478e-02
-5.866700317710638046e-03
4.361196607351303101e-02
6.602819194085896015e-04
1.141419541090726852e-02
5.056647583842277527e-03
1.487015001475811005e-02
7.434053346514701843e-03
-4.328155890107154846e-02
-4.219487309455871582e-02
-3.604397550225257874e-02
-3.721163049340248108e-02
-3.799447044730186462e-02
-3.594319894909858704e-02
2.151171863079071045e-02
3.711332008242607117e-02
2.886302955448627472e-02
4.635524004697799683e-02
4.250057786703109741e-02
1.703063212335109711e-02
-5.683123134076595306e-03
1.377566345036029816e-02
-8.179678581655025482e-03
-4.385368525981903076e-02
-6.105036940425634384e-03
-2.670075185596942902e-02
-1.059086900204420090e-02
1.095312926918268204e-02
2.538130246102809906e-02
-4.570852033793926239e-03
1.888159778900444508e-03
2.750976756215095520e-02
7.229724526405334473e-02
5.071149393916130066e-02
5.979188904166221619e-02
5.860074888914823532e-03
-3.094786219298839569e-02
-2.476456342265009880e-03
-6.996616721153259277e-02
-6.773748993873596191e-02
-3.613831847906112671e-02
3.676044289022684097e-04
2.764409221708774567e-02
4.271726682782173157e-02
-2.402944862842559814e-02
-1.708631217479705811e-02
-3.506200155243277550e-04
-6.012909114360809326e-03
3.677298314869403839e-03
-1.517402823083102703e-03
2.327509783208370209e-02
5.510051734745502472e-03
-1.290726009756326675e-02
5.852722097188234329e-03
-4.213443491607904434e-03
-3.102437034249305725e-02
-4.458688944578170776e-02
-1.589171402156352997e-02
-3.481588140130043030e-02
-2.706957235932350159e-02
1.404128130525350571e-02
6.918800622224807739e-02
-3.859550505876541138e-02
-3.702865168452262878e-02
4.077104106545448303e-02
-2.426500059664249420e-02
-2.364426106214523315e-02
4.486786201596260071e-03
-1.916644629091024399e-03
-3.330260049551725388e-03
-2.418638020753860474e-02
-1.052682567387819290e-02
-2.325237030163407326e-03
-1.661685481667518616e-02
-1.915080472826957703e-02
-1.819210685789585114e-02
-3.090559737756848335e-03
-4.484039172530174255e-02
-3.826932236552238464e-02
-4.721731692552566528e-02
9.039281867444515228e-03
-1.919498294591903687e-02
-1.940457150340080261e-02
4.881073907017707825e-02
2.921210229396820068e-02
2.277555689215660095e-02
1.287091244012117386e-02
1.172447111457586288e-02
2.933508157730102539e-02
-1.731410808861255646e-02
-1.291293185204267502e-03
-3.867383114993572235e-03
-2.368728071451187134e-02
4.309545736759901047e-03
-1.076363679021596909e-02
4.766749218106269836e-02
-8.512311615049839020e-04
-7.573021575808525085e-03
1.015307009220123291e-02
-2.673859894275665283e-02
-3.051660023629665375e-02
-3.896899288520216942e-03
-1.248860079795122147e-02
-8.216466754674911499e-03
-6.891553290188312531e-03
4.344381019473075867e-02
5.776583775877952576e-02
-2.583910338580608368e-02
1.094485446810722351e-02
2.968968451023101807e-02
-2.179555408656597137e-02
1.980985514819622040e-02
3.014217689633369446e-02
5.801421590149402618e-03
-2.933700010180473328e-02
-2.513996139168739319e-02
8.864641189575195312e-03
-1.635964773595333099e-02
-2.102853730320930481e-02
8.651590906083583832e-03
-1.689385680947452784e-04
9.130035527050495148e-03
1.324421074241399765e-02
-2.864909172058105469e-02
-4.401551932096481323e-02
6.294120568782091141e-03
-9.738846682012081146e-03
-1.836067624390125275e-02
-2.302564494311809540e-02
-1.087961625307798386e-02
-1.287988014519214630e-02
4.013305806438438594e-05
-1.195310987532138824e-02
1.685854047536849976e-02
-3.961254283785820007e-02
-3.786930814385414124e-02
-2.192676439881324768e-02
-5.292208120226860046e-02
-6.585320085287094116e-02
-3.916849568486213684e-02
-3.529257327318191528e-02
5.199424922466278076e-03
-2.278894558548927307e-02
1.599124446511268616e-02
1.782840304076671600e-02
-8.582918904721736908e-03
4.061939194798469543e-03
4.779832437634468079e-03
1.985797844827175140e-02
3.732755035161972046e-02
3.058011643588542938e-02
-1.396255753934383392e-02
1.260591112077236176e-02
2.616348862648010254e-02
3.536719828844070435e-03
1.347801927477121353e-02
-1.258423179388046265e-02
-1.527741737663745880e-02
1.621035672724246979e-02
7.924299687147140503e-03
-2.534413710236549377e-02
9.651948697865009308e-03
2.207082882523536682e-02
1.345635764300823212e-02
-4.038400482386350632e-03
4.326591268181800842e-02
1.524901483207941055e-02
-2.951412927359342575e-03
-4.165127873420715332e-03
8.274494670331478119e-03
-3.503987193107604980e-02
-2.443157508969306946e-02
-5.579551216214895248e-03
-4.219840466976165771e-02
-3.282710164785385132e-02
-3.260963410139083862e-02
2.003416419029235840e-02
-5.360153038054704666e-03
2.574473433196544647e-02
-1.587873697280883789e-02
-1.109970733523368835e-02
4.295628890395164490e-02
-2.574312873184680939e-02
-2.206751145422458649e-02
1.727890223264694214e-02
-8.902561850845813751e-03
-2.400131151080131531e-02
-3.057476319372653961e-02
-1.058057788759469986e-02
-3.639847412705421448e-02
-4.587802663445472717e-02
7.380777504295110703e-03
-6.333646830171346664e-03
-2.789781801402568817e-02
-1.721069589257240295e-02
1.293548732064664364e-03
-1.946708187460899353e-02
-3.578532114624977112e-02
-1.319674309343099594e-02
-9.403214789927005768e-03
1.926746778190135956e-02
2.838067710399627686e-02
3.562739491462707520e-02
-1.801748946309089661e-02
-7.622033008374273777e-04
-1.022436073981225491e-03
-6.745294202119112015e-03
5.419987253844738007e-03
-3.160921856760978699e-02
-9.304876439273357391e-04
-2.082024142146110535e-02
-1.072704140096902847e-02
4.474262893199920654e-02
6.281540542840957642e-02
4.199730977416038513e-02
-2.174937725067138672e-02
1.170779671519994736e-02
-1.237487141042947769e-02
-2.022312767803668976e-02
-5.806226283311843872e-03
-1.976061612367630005e-02
-2.724489383399486542e-02
-8.012604899704456329e-03
-2.126584574580192566e-02
-2.620165795087814331e-02
-4.103457182645797729e-02
-4.535083472728729248e-02
2.882834151387214661e-02
1.110545732080936432e-02
-2.128979749977588654e-02
-6.318823434412479401e-03
4.757795110344886780e-02
2.582662925124168396e-02
-2.764080464839935303e-02
7.937469519674777985e-03
7.346423808485269547e-03
-1.215306762605905533e-02
-3.822075203061103821e-02
-2.956910617649555206e-02
3.846812993288040161e-03
-1.409947779029607773e-02
2.764808945357799530e-02
1.047917641699314117e-02
2.039777301251888275e-02
2.304927073419094086e-02
1.482619903981685638e-02
3.954718261957168579e-02
9.955630637705326080e-03
-1.709485193714499474e-03
1.030129007995128632e-02
-1.417339313775300980e-02
-3.116754814982414246e-02
-3.669494017958641052e-02
-4.785097017884254456e-02
-1.488153915852308273e-02
-2.964351139962673187e-02
-2.566966041922569275e-02
2.513222862035036087e-03
-1.523803547024726868e-02
-2.724352478981018066e-02
-5.073211714625358582e-02
-5.321834981441497803e-02
-6.676313281059265137e-02
-3.699325025081634521e-02
-2.543842606246471405e-02
-3.512169048190116882e-02
-2.531970664858818054e-02
-1.328149065375328064e-02
-1.911919936537742615e-02
-3.717494383454322815e-02
-3.141061216592788696e-02
-1.036468986421823502e-02
-4.123011976480484009e-02
-4.430709779262542725e-02
-1.730022020637989044e-02
-1.428500749170780182e-03
2.769183181226253510e-02
5.575804039835929871e-02
1.409969758242368698e-02
1.724677719175815582e-02
3.603882715106010437e-02
1.073764171451330185e-02
-5.219596903771162033e-03
1.190263219177722931e-02
3.122968599200248718e-02
3.291231766343116760e-02
-6.154538597911596298e-03
4.383524134755134583e-02
7.147957384586334229e-02
3.164319321513175964e-02
4.434454441070556641e-02
6.069128215312957764e-02
1.374033931642770767e-02
2.582995919510722160e-03
4.933969303965568542e-02
5.840782076120376587e-02
-1.757414638996124268e-02
1.267441984964534640e-04
1.477207895368337631e-02
1.646771468222141266e-02
3.116067871451377869e-02
4.378215968608856201e-02
1.500898413360118866e-02
3.429821133613586426e-02
2.300834842026233673e-02
-1.794175244867801666e-02
2.608032897114753723e-03
-9.077610448002815247e-03
2.374249976128339767e-03
-5.580152384936809540e-03
-2.962840348482131958e-02
-2.022781409323215485e-02
-1.505290810018777847e-02
-4.388105124235153198e-02
-3.859223797917366028e-02
-8.585991337895393372e-03
-9.993280982598662376e-04
-6.218323484063148499e-03
-1.242085173726081848e-02
2.493238821625709534e-02
4.728973843157291412e-03
-1.209836732596158981e-02
-1.973479054868221283e-02
4.587884992361068726e-03
-5.356549751013517380e-03
9.495317004621028900e-03
1.835516840219497681e-02
-2.192939398810267448e-03
-8.729449473321437836e-03
-1.470151264220476151e-02
-2.401211857795715332e-02
-3.367904201149940491e-02
-1.823787111788988113e-03
-2.949718572199344635e-02
-2.775967307388782501e-02
2.498526126146316528e-02
2.061796747148036957e-02
-1.028168573975563049e-02
-3.305371478199958801e-02
-4.757854342460632324e-02
-4.758627340197563171e-02
5.157328397035598755e-02
1.623652316629886627e-02
-1.057944819331169128e-02
3.857138007879257202e-02
-1.476215757429599762e-02
-1.640005270019173622e-03
-1.922100782394409180e-02
-2.138852328062057495e-02
-2.618537098169326782e-02
2.788179926574230194e-02
-1.336548849940299988e-02
2.657342515885829926e-02
7.099725306034088135e-02
2.420390211045742035e-02
6.492009758949279785e-02
-3.707992658019065857e-02
-3.556208312511444092e-02
-7.961992174386978149e-03
-2.111317403614521027e-02
-9.199476800858974457e-03
-1.880107680335640907e-03
1.516869477927684784e-02
3.912246320396661758e-03
-7.803898304700851440e-03
2.112228237092494965e-02
1.393179595470428467e-02
4.735960066318511963e-02
3.528434783220291138e-02
8.271146565675735474e-03
8.299253135919570923e-02
3.415506705641746521e-02
-7.938878610730171204e-03
2.835383825004100800e-02
1.819760538637638092e-02
7.373186293989419937e-03
7.197156082838773727e-03
1.813875511288642883e-02
4.196475259959697723e-03
-8.661791682243347168e-03
1.881184242665767670e-02
7.815522141754627228e-03
-3.413827717304229736e-02
-2.357436111196875572e-03
-7.438893895596265793e-03
-9.649769403040409088e-03
-5.112256482243537903e-02
-4.642272740602493286e-02
-2.957325614988803864e-02
-4.706831276416778564e-02
-4.815960302948951721e-02
-5.043487250804901123e-02
1.302185840904712677e-02
9.144867770373821259e-03
8.419087389484047890e-04
-1.206696848385035992e-03
-4.834759049117565155e-03
-5.809814669191837311e-03
1.225533150136470795e-02
1.371857058256864548e-02
1.702435128390789032e-02
-1.151831541210412979e-02
-7.915763184428215027e-03
-6.497384048998355865e-03
-5.092933773994445801e-02
-6.448778323829174042e-03
1.761420135153457522e-04
-7.649942487478256226e-02
-6.656350195407867432e-02
-4.577092453837394714e-02
-3.068996593356132507e-02
-3.721943125128746033e-02
-3.643393144011497498e-02
-3.377573564648628235e-02
-3.242726251482963562e-02
-3.501960309222340584e-03
-1.978939399123191833e-03
-5.788349080830812454e-03
1.895312592387199402e-02
-4.153827577829360962e-02
-2.874561212956905365e-02
-2.999760769307613373e-02
-3.948562219738960266e-02
-2.672119997441768646e-02
-1.884537748992443085e-02
-1.031783781945705414e-02
-2.513005025684833527e-02
-1.077530067414045334e-02
1.151969004422426224e-02
8.218029513955116272e-03
5.361648276448249817e-03
-1.405814196914434433e-02
-1.339629106223583221e-02
-1.555916294455528259e-02
-5.802823603153228760e-02
-5.540571734309196472e-02
-5.033966153860092163e-02
-2.098449505865573883e-02
-2.745047025382518768e-02
-1.502349600195884705e-02
-3.364093601703643799e-02
-4.506250843405723572e-02
-3.480015695095062256e-02
-1.917743310332298279e-02
-1.389214862138032913e-02
-1.686941273510456085e-02
-3.377004293724894524e-03
-8.771175518631935120e-03
-1.147503592073917389e-02
-1.717881485819816589e-02
-3.044153004884719849e-02
-3.783458843827247620e-02
-4.533983021974563599e-02
-5.416817963123321533e-02
-4.745976626873016357e-02
-1.053097657859325409e-03
4.880929831415414810e-03
1.530279964208602905e-02
-1.512383669614791870e-02
-1.695515937171876431e-03
1.827610097825527191e-02
-5.696885287761688232e-02
-4.354924336075782776e-02
-3.545515984296798706e-02
2.428172901272773743e-02
3.389511257410049438e-02
2.472160756587982178e-02
2.165882848203182220e-02
2.350224740803241730e-02
1.109353918582201004e-02
3.682237491011619568e-02
3.800352290272712708e-02
3.700093179941177368e-02
3.482301253825426102e-03
7.111699786037206650e-03
-6.017033010721206665e-03
-4.417475312948226929e-03
4.014378413558006287e-03
1.596166007220745087e-02
7.466194685548543930e-03
2.246456220746040344e-02
1.749388314783573151e-02
1.793725602328777313e-02
1.803788542747497559e-02
2.363919839262962341e-02
-1.074516307562589645e-02
-3.082343377172946930e-02
-1.171742286533117294e-02
-4.889002069830894470e-02
-6.091858446598052979e-02
-3.948206454515457153e-02
-1.125137228518724442e-02
-1.600089017301797867e-03
1.071680989116430283e-02
-2.948840893805027008e-02
-1.932463608682155609e-02
-2.120562084019184113e-02
-5.078421160578727722e-02
-5.477606505155563354e-02
-5.890266969799995422e-02
-8.558276109397411346e-03
-1.517321541905403137e-02
-1.940519176423549652e-02
-4.357896745204925537e-02
-1.519372873008251190e-02
-2.590149268507957458e-02
-5.501523241400718689e-02
-2.975593693554401398e-02
-4.176581650972366333e-02
-5.360101815313100815e-03
-1.486402191221714020e-02
-2.703542588278651237e-03
2.065465040504932404e-02
1.242610625922679901e-02
2.203992381691932678e-02
4.732948914170265198e-02
2.671003714203834534e-02
4.230698570609092712e-02
-3.651291504502296448e-02
-2.249689027667045593e-02
6.284687668085098267e-03
-2.911802753806114197e-02
-2.756293164566159248e-03
1.462324894964694977e-02
-2.437865547835826874e-02
-1.273568253964185715e-02
-2.207188121974468231e-02
4.497467726469039917e-02
3.478473052382469177e-02
8.894783258438110352e-02
6.999255158007144928e-03
1.308985240757465363e-02
4.103591293096542358e-02
8.486193604767322540e-03
1.646933332085609436e-02
-2.344299107789993286e-03
7.549475994892418385e-04
-7.622081786394119263e-03
-1.261918339878320694e-03
-8.970543742179870605e-03
-3.227860853075981140e-02
-2.599014341831207275e-02
-2.890273183584213257e-02
-5.954482778906822205e-02
-4.925632476806640625e-02
-1.221940200775861740e-02
-1.554338820278644562e-02
-4.435474425554275513e-02
8.140066638588905334e-03
1.349550206214189529e-03
6.270493031479418278e-04
-3.043283149600028992e-02
-3.346763178706169128e-02
1.706589944660663605e-02
1.672491803765296936e-02
-4.798381123691797256e-03
2.375174080953001976e-04
1.784594170749187469e-02
7.185047958046197891e-03
2.062553912401199341e-02
7.340935990214347839e-03
-9.599556215107440948e-03
7.650233339518308640e-03
-1.670302264392375946e-02
-2.350267395377159119e-02
-1.919808238744735718e-02
-1.422599772922694683e-03
-8.341041393578052521e-03
-7.220954634249210358e-03
-2.234044671058654785e-02
-2.083749324083328247e-02
-1.627742871642112732e-02
-6.537258625030517578e-02
-4.735198616981506348e-02
-4.264718666672706604e-02
-1.370626688003540039e-02
-2.551360614597797394e-02
-4.457049444317817688e-02
1.996473409235477448e-02
6.238263566046953201e-03
-2.520044147968292236e-02
8.384369313716888428e-03
5.055963993072509766e-03
-3.504142165184020996e-03
2.059993334114551544e-03
-3.620796371251344681e-03
-8.853639476001262665e-03
-2.045210078358650208e-02
-2.731397934257984161e-02
-2.706642076373100281e-02
-3.257305547595024109e-02
-3.391504660248756409e-02
-5.426759272813796997e-02
-2.061755210161209106e-02
-2.037059329450130463e-02
-4.454374685883522034e-02
-1.110680121928453445e-02
-1.182353962212800980e-02
-1.664277352392673492e-02
-6.220822408795356750e-02
-5.172665789723396301e-02
-3.942416608333587646e-02
-4.733450710773468018e-02
-3.010655567049980164e-02
-6.315350532531738281e-02
9.573286399245262146e-03
3.326389566063880920e-02
-1.423794589936733246e-02
1.431756000965833664e-02
5.635802634060382843e-03
-3.786497982218861580e-03
7.051119580864906311e-03
3.938857000321149826e-03
1.843555015511810780e-03
-5.604450032114982605e-02
-5.235458910465240479e-02
-1.547376066446304321e-02
3.483134880661964417e-02
2.356952987611293793e-02
4.481708630919456482e-03
5.372570827603340149e-02
4.354945570230484009e-02
-5.650418344885110855e-03
3.576129674911499023e-02
4.188404604792594910e-02
3.077014721930027008e-02
-1.099950401112437248e-03
2.300458960235118866e-03
1.359329558908939362e-02
1.330193690955638885e-02
-1.674129068851470947e-02
1.352302823215723038e-02
-1.897475682199001312e-02
-5.596414580941200256e-02
-1.325564831495285034e-02
-1.131360325962305069e-02
-1.255238987505435944e-02
-1.281428430229425430e-02
-4.072088748216629028e-02
-3.745716065168380737e-02
-2.790703065693378448e-02
-4.634250700473785400e-02
-5.012320727109909058e-02
-3.202650323510169983e-02
-2.103503979742527008e-02
-1.019934937357902527e-02
-1.303527038544416428e-02
-3.914372995495796204e-02
-3.361282125115394592e-02
-1.367849949747323990e-02
3.100687079131603241e-02
1.640435494482517242e-02
5.370936542749404907e-02
3.686532843858003616e-03
2.990188950207084417e-04
-3.039143513888120651e-03
-3.365058219060301781e-03
2.421552315354347229e-03
2.424952806904911995e-03
-5.074752029031515121e-03
-5.261482438072562218e-04
-1.885463949292898178e-03
1.033590827137231827e-02
7.770633674226701260e-04
-4.406630061566829681e-03
1.817953772842884064e-02
-2.013899851590394974e-03
-8.008126169443130493e-03
5.674373358488082886e-03
1.312037347815930843e-03
1.054960861802101135e-02
-2.265617996454238892e-02
-8.503222838044166565e-03
4.405823536217212677e-03
1.790997385978698730e-02
1.592510193586349487e-02
-1.203734241425991058e-02
1.038110349327325821e-02
-5.652350955642759800e-05
-6.008522212505340576e-02
-6.772584281861782074e-03
-1.147665083408355713e-02
-2.250424772500991821e-02
-3.694023005664348602e-03
6.853943224996328354e-03
-5.374301224946975708e-03
-5.423341691493988037e-02
-2.639388665556907654e-02
-2.458186261355876923e-02
-3.374128416180610657e-02
-4.157897457480430603e-02
-1.743869483470916748e-02
-2.789077162742614746e-02
-3.253490850329399109e-02
-3.336342796683311462e-02
-4.569386318325996399e-02
-3.861393034458160400e-02
-2.729631587862968445e-02
-2.063434757292270660e-02
1.281458791345357895e-02
2.041194215416908264e-02
-1.970765180885791779e-03
-1.456000749021768570e-02
-1.251890324056148529e-02
5.156747251749038696e-02
-1.399919390678405762e-03
-1.399329304695129395e-02
2.460556663572788239e-02
1.113090291619300842e-02
3.730748593807220459e-02
3.717721439898014069e-03
-3.878161543980240822e-03
-9.940495714545249939e-03
-3.781634196639060974e-02
-2.625808492302894592e-02
-4.282853007316589355e-02
-2.267033327370882034e-03
1.496086642146110535e-02
-1.130668912082910538e-03
2.191216871142387390e-02
6.447097286581993103e-03
-1.727514341473579407e-02
8.400312624871730804e-03
4.112042952328920364e-03
-4.247609525918960571e-03
2.643119916319847107e-02
4.056651517748832703e-02
2.477362193167209625e-02
-3.820474818348884583e-02
-1.401876099407672882e-02
-1.626070588827133179e-02
-4.619968309998512268e-02
-5.266523733735084534e-02
-4.625543951988220215e-02
2.982796542346477509e-02
3.431894257664680481e-02
2.459778450429439545e-02
7.480964064598083496e-03
5.188576877117156982e-03
-1.086601894348859787e-02
-9.222205728292465210e-03
-1.182662602514028549e-02
-3.446875198278576136e-04
-2.387166023254394531e-02
-2.949492447078227997e-02
-3.071006201207637787e-02
-7.525429129600524902e-03
-1.564699225127696991e-02
9.381061536259949207e-04
2.149016223847866058e-02
3.927632793784141541e-02
4.018849134445190430e-02
-4.331372212618589401e-03
-1.038698945194482803e-02
1.996574923396110535e-02
2.446620725095272064e-02
1.768886111676692963e-02
1.361934375017881393e-02
8.084826171398162842e-03
-1.751497574150562286e-02
-2.124655432999134064e-02
2.791573666036128998e-02
1.067484263330698013e-02
2.919489145278930664e-02
4.124182462692260742e-02
1.537266653031110764e-02
1.654557138681411743e-02
-2.508597681298851967e-03
1.199461240321397781e-02
4.979139193892478943e-04
6.826810538768768311e-03
6.740801502019166946e-03
1.248060353100299835e-02
-1.473185606300830841e-02
-1.537628844380378723e-02
-1.538280956447124481e-02
-3.899623453617095947e-02
-4.464902356266975403e-02
-4.958170652389526367e-02
4.774696193635463715e-03
1.381151191890239716e-02
4.695830401033163071e-03
1.254080794751644135e-02
3.928114101290702820e-02
3.115890547633171082e-02
1.833133748732507229e-03
9.298246353864669800e-03
3.342415392398834229e-02
2.586010470986366272e-02
2.289216779172420502e-02
5.504088103771209717e-02
1.766743254847824574e-03
-1.433998811990022659e-03
3.561599180102348328e-02
-5.288067739456892014e-03
-1.739543979056179523e-03
7.453155121766030788e-04
-2.712966687977313995e-02
-1.917317882180213928e-02
1.911812089383602142e-02
-1.121005509048700333e-02
-1.239270996302366257e-02
2.578569808974862099e-03
3.094826452434062958e-02
3.530446067452430725e-02
3.179912641644477844e-02
2.343666367232799530e-02
-7.707398850470781326e-03
1.562482770532369614e-02
2.454753033816814423e-02
9.775688871741294861e-03
1.468655653297901154e-02
-2.365591004490852356e-03
2.648284472525119781e-02
-4.188697785139083862e-03
-2.643328160047531128e-02
-9.802154963836073875e-04
-2.729086903855204582e-03
-3.343910211697220802e-03
-7.443923968821763992e-03
-2.781223133206367493e-02
-2.185791917145252228e-02
-2.200228348374366760e-02
-3.010797314345836639e-02
-4.198094084858894348e-02
-6.644383072853088379e-02
-2.723833173513412476e-02
-2.066519670188426971e-02
-3.979641199111938477e-02
-1.941655762493610382e-02
-6.543648429214954376e-03
-3.210414946079254150e-02
-4.589042812585830688e-02
-2.958467416465282440e-02
-9.623644873499870300e-03
-1.678354665637016296e-02
-1.340631023049354553e-02
4.496239998843520880e-04
-7.476088125258684158e-03
8.488087914884090424e-03
2.446533879265189171e-03
8.211475796997547150e-03
-1.832599565386772156e-02
-2.333044260740280151e-02
-3.771057724952697754e-02
-3.639545664191246033e-02
-5.527903512120246887e-02
-2.103244327008724213e-02
3.519802913069725037e-02
1.266912557184696198e-02
4.484079033136367798e-02
-9.593562223017215729e-03
-1.479208841919898987e-02
-2.143310755491256714e-02
1.559147518128156662e-02
-3.246491076424717903e-03
-3.404032438993453979e-02
-1.138032507151365280e-02
-5.175693705677986145e-02
-6.825134903192520142e-02
-4.109795670956373215e-03
-2.715849131345748901e-02
-2.538566105067729950e-02
1.367467455565929413e-02
1.073673483915627003e-03
9.474278427660465240e-03
3.666149917989969254e-03
3.175990656018257141e-02
2.048753760755062103e-02
4.318540915846824646e-02
2.434808947145938873e-02
7.905190438032150269e-02
4.723310098052024841e-02
3.452295809984207153e-02
5.878912657499313354e-02
2.212009206414222717e-02
3.940113633871078491e-02
1.834970712661743164e-02
1.563456840813159943e-02
2.419158630073070526e-02
2.961736917495727539e-02
1.153809577226638794e-02
1.547623891383409500e-02
2.833571285009384155e-02
2.791596762835979462e-02
2.115314453840255737e-02
1.939769834280014038e-02
-4.160607606172561646e-02
-1.667026430368423462e-02
-6.396569660864770412e-04
-3.990045934915542603e-02
-2.002447657287120819e-02
-1.209437660872936249e-02
-4.230564087629318237e-02
-6.854198127985000610e-02
-6.444453448057174683e-02
-2.567408233880996704e-02
-2.742806449532508850e-02
-2.984286658465862274e-02
-6.493487861007452011e-03
8.096435107290744781e-03
1.285813283175230026e-03
4.425498656928539276e-03
6.135610863566398621e-03
2.732216380536556244e-03
4.740129515994340181e-04
-6.700326222926378250e-03
-1.489546149969100952e-02
-3.223013505339622498e-02
-2.807908691465854645e-02
-8.791356347501277924e-03
-4.661894962191581726e-02
-3.409497439861297607e-02
-1.601031050086021423e-02
-2.013898268342018127e-02
1.549671776592731476e-02
-1.848047226667404175e-02
-1.560961641371250153e-02
-5.741227418184280396e-03
-8.079713210463523865e-03
1.723453216254711151e-02
1.201119460165500641e-02
4.106153175234794617e-02
