8.466092869639396667e-03
1.743881776928901672e-02
2.227498480351641774e-04
-3.596250608097761869e-04
-8.551981300115585327e-03
-2.103400602936744690e-02
-2.657211851328611374e-03
-7.067447900772094727e-02
-3.694262728095054626e-02
7.240504026412963867e-02
3.993573412299156189e-02
4.810513928532600403e-03
2.505126036703586578e-02
2.636328339576721191e-03
-2.073075622320175171e-02
4.648998379707336426e-03
-4.972070455551147461e-03
-4.897312447428703308e-02
-1.998700946569442749e-02
4.366542678326368332e-03
-4.751163069158792496e-03
-8.852723985910415649e-03
-4.561139270663261414e-03
-1.182484999299049377e-02
3.625328093767166138e-02
3.012710437178611755e-02
1.561116147786378860e-02
3.571390360593795776e-02
1.990500371903181076e-03
-5.853640660643577576e-02
2.201533690094947815e-02
4.280662629753351212e-03
-2.778341621160507202e-02
1.657693646848201752e-02
2.284590882482007146e-04
7.411078549921512604e-03
-4.450021684169769287e-02
-3.382742777466773987e-02
2.024463936686515808e-02
-5.103112384676933289e-02
-1.450104173272848129e-02
1.426158100366592407e-02
-4.242483526468276978e-02
-4.599907621741294861e-02
-1.567377522587776184e-02
-1.542543992400169373e-02
-1.915772818028926849e-02
-2.434569783508777618e-02
7.021184079349040985e-03
2.224668115377426147e-02
5.222844425588846207e-03
2.413818798959255219e-02
2.042883075773715973e-02
2.265452966094017029e-02
9.500231826677918434e-04
-1.900501735508441925e-02
-8.473579655401408672e-04
2.578945830464363098e-02
7.390944752842187881e-03
2.663854323327541351e-02
-5.014124326407909393e-03
1.984859257936477661e-02
1.132194884121417999e-02
2.840698696672916412e-02
4.235430806875228882e-02
4.236899316310882568e-02
-2.113893255591392517e-02
5.153615493327379227e-03
1.725876331329345703e-02
-9.938393533229827881e-02
-9.821762889623641968e-02
-5.494638532400131226e-02
1.153651438653469086e-02
2.027231827378273010e-02
-5.416803527623414993e-03
2.796909213066101074e-02
1.314226444810628891e-02
6.516978144645690918e-03
-1.019770838320255280e-02
3.545121103525161743e-02
-2.404764667153358459e-02
4.901288077235221863e-02
4.403060302138328552e-03
9.665221907198429108e-03
-1.496428158134222031e-02
-4.503506235778331757e-03
9.187794290482997894e-03
4.432244226336479187e-03
-3.423274727538228035e-03
-8.629264310002326965e-03
-2.276877872645854950e-02
-2.840930968523025513e-02
-3.574885055422782898e-02
2.013312652707099915e-02
-1.444467809051275253e-02
4.345166496932506561e-03
3.250864520668983459e-02
1.377912517637014389e-02
-3.682398423552513123e-02
-7.056791335344314575e-02
-4.454385116696357727e-02
-3.809323906898498535e-02
-5.208908021450042725e-02
-1.900805346667766571e-02
-2.889123745262622833e-02
6.871519144624471664e-03
2.669403143227100372e-02
3.677215427160263062e-02
1.142743043601512909e-02
-3.419085219502449036e-02
3.368541970849037170e-02
-2.709086984395980835e-02
-3.522899700328707695e-03
4.034798219799995422e-02
-1.797265373170375824e-02
1.976327784359455109e-02
8.357031643390655518e-02
5.801597982645034790e-02
9.848645329475402832e-02
8.996710926294326782e-02
1.323348609730601311e-03
4.886151477694511414e-02
1.535367406904697418e-02
-5.244274064898490906e-02
-4.947976395487785339e-02
-5.378200113773345947e-02
-3.939312323927879333e-02
-4.707604274153709412e-02
7.338147610425949097e-03
1.534913014620542526e-02
3.561740973964333534e-03
-1.172631629742681980e-03
9.084364399313926697e-03
-2.612922340631484985e-02
1.810860820114612579e-03
-1.936380192637443542e-02
4.712881054729223251e-04
-7.755653001368045807e-03
-3.514299541711807251e-02
2.274823840707540512e-03
3.787202760577201843e-02
-5.513017252087593079e-02
6.277899257838726044e-03
9.504670277237892151e-03
-7.753137033432722092e-03
1.138788834214210510e-02
-8.250654675066471100e-03
-1.178118959069252014e-02
-3.747192386072129011e-04
-2.847936376929283142e-02
3.999195992946624756e-03
1.573647558689117432e-02
7.270564790815114975e-03
-1.544246356934309006e-02
-2.756195887923240662e-02
-3.875085711479187012e-02
2.450221404433250427e-02
8.511584252119064331e-03
-4.892728105187416077e-02
5.650524049997329712e-02
6.394501775503158569e-02
2.633544988930225372e-02
1.067608147859573364e-01
9.225142002105712891e-02
5.848300457000732422e-02
5.653861910104751587e-02
1.063393615186214447e-02
-1.696432940661907196e-02
3.874232294037938118e-03
-6.247552484273910522e-02
-8.319876343011856079e-02
1.126911304891109467e-02
-2.117454633116722107e-02
-2.395066432654857635e-02
-1.134645426645874977e-03
-4.151969403028488159e-02
-2.843778394162654877e-02
4.161567892879247665e-03
6.711920723319053650e-03
3.926154598593711853e-02
-6.782228010706603527e-04
4.224213305860757828e-03
-5.048109218478202820e-02
-1.292154658585786819e-03
3.996100649237632751e-02
-1.278346963226795197e-02
-1.173375267535448074e-02
3.585967794060707092e-02
5.074854195117950439e-02
9.144410490989685059e-03
7.459861692041158676e-03
1.141323707997798920e-02
3.651087358593940735e-02
4.156067222356796265e-02
3.119510598480701447e-02
-6.608759867958724499e-04
-2.118067815899848938e-02
-1.530461385846138000e-02
6.569907069206237793e-02
4.039327427744865417e-02
-6.329030543565750122e-02
3.088831156492233276e-02
8.363531902432441711e-03
-4.491497203707695007e-02
9.007919579744338989e-03
6.226684432476758957e-03
-3.365395963191986084e-02
-1.778868213295936584e-02
1.934060268104076385e-02
3.542727231979370117e-02
-3.742105141282081604e-02
-3.657741472125053406e-02
4.312290810048580170e-03
-5.938941240310668945e-02
-4.315882921218872070e-02
5.281386431306600571e-03
-6.300380825996398926e-02
-8.600839227437973022e-02
-1.068781018257141113e-01
6.486098468303680420e-02
3.834350267425179482e-03
-3.204475343227386475e-02
6.258823722600936890e-02
1.107880994677543640e-01
6.527297198772430420e-02
4.335168376564979553e-02
4.186995327472686768e-02
3.544052690267562866e-02
-1.406663376837968826e-02
5.786965042352676392e-02
9.153693914413452148e-02
-6.546088308095932007e-02
-3.700579330325126648e-02
3.249510750174522400e-02
-4.547536838799715042e-03
1.950714364647865295e-02
2.147605083882808685e-02
-1.338808611035346985e-02
-4.298423603177070618e-02
-5.144361872225999832e-03
-5.934711080044507980e-03
-6.073071062564849854e-02
-4.386923462152481079e-02
-2.946299687027931213e-02
-3.108140267431735992e-02
-5.048442631959915161e-02
1.691196486353874207e-02
7.917289622128009796e-03
2.340508159250020981e-03
7.193492352962493896e-02
6.849320232868194580e-02
4.748674109578132629e-02
3.513266518712043762e-02
-2.878017537295818329e-02
-2.712181769311428070e-02
2.788500674068927765e-02
3.326813131570816040e-02
4.003723710775375366e-02
-4.862323869019746780e-03
2.641404047608375549e-02
9.744198992848396301e-03
1.394535508006811142e-02
-1.707604900002479553e-02
-1.669082790613174438e-02
4.751566424965858459e-02
4.767952486872673035e-02
4.896089900285005569e-03
3.940900787711143494e-02
5.224379152059555054e-02
-1.040021609514951706e-02
-1.444732118397951126e-02
-1.464204210788011551e-02
-1.204568706452846527e-02
-1.564589887857437134e-02
9.949429892003536224e-03
2.686158940196037292e-02
-2.116593345999717712e-02
1.045871339738368988e-02
1.690127304755151272e-03
3.977868333458900452e-02
-1.723429188132286072e-02
-1.796965487301349640e-02
1.988560706377029419e-02
3.702551126480102539e-03
-2.836728096008300781e-02
-4.602959379553794861e-03
-1.002925215288996696e-03
-1.115008909255266190e-02
-6.513456255197525024e-02
-6.459213048219680786e-02
-3.393070772290229797e-02
-5.901664867997169495e-02
-4.888151586055755615e-02
-2.289057150483131409e-02
3.205976262688636780e-02
2.662040665745735168e-02
1.008477644063532352e-03
-3.095588460564613342e-02
-3.304676711559295654e-02
-2.227850258350372314e-02
1.691139303147792816e-02
2.142920345067977905e-02
1.806423626840114594e-02
3.720684349536895752e-02
3.480577096343040466e-02
4.554802924394607544e-02
-2.838966250419616699e-02
-4.533490911126136780e-02
-1.749180629849433899e-02
2.580210193991661072e-02
-6.495938170701265335e-03
-9.252188727259635925e-03
4.036863893270492554e-02
5.646326392889022827e-02
4.489766061305999756e-02
1.690218970179557800e-02
4.708836972713470459e-02
3.781498968601226807e-02
-3.993490710854530334e-02
1.120953541249036789e-02
4.755971487611532211e-03
-7.992041110992431641e-02
-6.439302116632461548e-02
-2.626128308475017548e-02
-7.470829878002405167e-03
-3.758822754025459290e-02
-3.423483297228813171e-02
-2.051175944507122040e-02
-1.938910037279129028e-02
-3.036573901772499084e-02
-1.960025727748870850e-02
-3.115031681954860687e-02
-2.223185636103153229e-02
9.459698945283889771e-02
7.664455473423004150e-02
4.784842208027839661e-02
3.563403338193893433e-02
7.262278348207473755e-02
6.582313030958175659e-02
-2.744186297059059143e-02
3.851504065096378326e-03
4.857872612774372101e-03
-3.113907948136329651e-02
-4.801757261157035828e-02
-1.789540983736515045e-02
-3.550967201590538025e-02
-6.499612331390380859e-02
-3.002522327005863190e-02
-1.663837581872940063e-02
-4.965726286172866821e-02
-1.193818170577287674e-02
-1.081745699048042297e-02
1.729894429445266724e-02
1.651488826610147953e-03
6.007950007915496826e-02
4.706032946705818176e-02
4.052190110087394714e-03
6.205778568983078003e-02
8.210943639278411865e-02
1.054608076810836792e-02
-3.603101149201393127e-02
-5.044377222657203674e-02
-6.144944112747907639e-03
-3.313186764717102051e-02
-5.102729424834251404e-02
-4.562598839402198792e-02
4.321783315390348434e-03
-2.646718360483646393e-02
-1.326295430772006512e-03
4.908136650919914246e-02
5.662278085947036743e-02
8.258445560932159424e-02
6.595023721456527710e-02
3.646330535411834717e-02
5.821231007575988770e-02
3.996734321117401123e-02
3.989760577678680420e-02
3.669440001249313354e-02
-5.212372913956642151e-02
-6.592681258916854858e-02
-5.736648291349411011e-02
-5.758348852396011353e-02
-3.382512181997299194e-02
-4.757580161094665527e-02
-6.158565357327461243e-02
-6.457251310348510742e-02
-6.249621976166963577e-03
3.318033739924430847e-02
2.586363442242145538e-02
-2.198558114469051361e-02
2.159741893410682678e-02
7.886579260230064392e-03
-2.168579399585723877e-02
-3.774543851613998413e-02
-2.147719636559486389e-02
-5.066084116697311401e-02
-1.702432334423065186e-02
-6.711417809128761292e-03
9.551607072353363037e-03
3.930423781275749207e-02
1.424701046198606491e-02
1.499710883945226669e-02
-2.524142386391758919e-03
1.727501116693019867e-02
-5.096995737403631210e-03
2.497583627700805664e-02
4.881614074110984802e-02
4.913290962576866150e-02
3.087821044027805328e-02
-1.620437763631343842e-02
-5.236520897597074509e-03
6.613865960389375687e-03
-2.667396143078804016e-02
-2.773755695670843124e-03
-8.431050926446914673e-03
-1.155984587967395782e-02
3.470910340547561646e-02
7.889994420111179352e-03
3.838390856981277466e-02
6.941492110490798950e-02
-1.135170366615056992e-02
2.514114975929260254e-02
3.088233247399330139e-02
-2.876695431768894196e-02
-2.052824757993221283e-02
3.107344731688499451e-02
-5.917060747742652893e-02
-5.895759910345077515e-02
-3.770314157009124756e-02
-5.574008077383041382e-02
-7.790756970643997192e-02
-5.063657835125923157e-02
2.842056937515735626e-02
3.654300048947334290e-02
1.216059923171997070e-02
4.175721853971481323e-02
4.197516664862632751e-02
3.682566061615943909e-02
2.357794344425201416e-02
4.644925892353057861e-02
5.644590407609939575e-02
-3.638976439833641052e-02
-3.902995213866233826e-02
-3.268890455365180969e-02
-7.087998837232589722e-02
-5.452451482415199280e-02
-4.402462765574455261e-02
-2.594964019954204559e-02
-4.151701182126998901e-02
-1.202409993857145309e-02
-1.185210421681404114e-02
1.651626662351191044e-03
5.542263970710337162e-04
-4.003361240029335022e-02
-3.004763089120388031e-02
-4.740543663501739502e-02
-1.235857792198657990e-02
-1.200331188738346100e-02
-5.564772058278322220e-03
-4.027468711137771606e-02
-2.747325785458087921e-02
-7.988439872860908508e-03
9.077295660972595215e-03
3.261056169867515564e-02
3.923828154802322388e-02
6.546087563037872314e-02
6.233227625489234924e-02
2.596415765583515167e-02
3.126069903373718262e-02
1.853294856846332550e-02
-5.336702335625886917e-03
2.134093083441257477e-02
-2.322675101459026337e-02
-3.692442178726196289e-02
-1.322816684842109680e-02
-1.300195045769214630e-02
-5.048821121454238892e-02
-4.167623072862625122e-02
-3.959733620285987854e-02
-3.792652860283851624e-02
-3.868575394153594971e-02
-5.561376735568046570e-02
-6.860671937465667725e-02
-2.456549182534217834e-02
-6.131021305918693542e-02
-6.789423525333404541e-02
-2.761195227503776550e-02
-5.645255744457244873e-02
-2.869615145027637482e-02
-5.148822441697120667e-02
-7.469743490219116211e-02
-6.547437608242034912e-02
-7.770799100399017334e-02
-9.165980666875839233e-02
-5.758412554860115051e-02
-1.578853838145732880e-02
-3.418516134843230247e-03
1.759057305753231049e-02
-9.197326377034187317e-03
-1.303918380290269852e-02
2.802405692636966705e-02
6.324699148535728455e-03
2.432762179523706436e-03
-4.646636545658111572e-03
-1.868571154773235321e-02
1.640506833791732788e-02
3.913345932960510254e-02
-2.609847672283649445e-02
2.621296793222427368e-02
6.825754791498184204e-02
4.523880779743194580e-03
6.184263154864311218e-02
5.138146504759788513e-02
-6.941410154104232788e-02
-5.291520059108734131e-02
-2.940473333001136780e-02
-2.934307418763637543e-02
-2.724434807896614075e-02
-1.578236185014247894e-02
-1.063677761703729630e-02
-1.212142780423164368e-02
-1.168575324118137360e-02
2.502925135195255280e-02
-2.435070928186178207e-03
-1.283121202141046524e-02
2.426769584417343140e-02
-2.634008228778839111e-02
-1.819805242121219635e-02
-6.650083232671022415e-03
-1.729280874133110046e-02
-1.087161339819431305e-02
-1.144752465188503265e-02
-4.471413791179656982e-03
1.673268154263496399e-02
-4.671064019203186035e-02
-4.631580039858818054e-02
-2.405972592532634735e-02
-2.980623766779899597e-02
-4.422456398606300354e-02
-2.170458436012268066e-02
1.767563261091709137e-02
2.735873684287071228e-02
6.365589797496795654e-02
2.137180231511592865e-02
2.174754254519939423e-02
5.148893594741821289e-02
-4.210910992696881294e-04
1.561739831231534481e-03
1.670072041451931000e-02
-3.494037315249443054e-02
-4.892204329371452332e-02
-7.358473259955644608e-03
-2.124666050076484680e-02
-3.269078209996223450e-03
9.730580262839794159e-03
6.023091729730367661e-03
-2.250073663890361786e-02
1.057465001940727234e-02
1.380411908030509949e-02
1.407448388636112213e-02
3.788907825946807861e-02
1.125702168792486191e-02
3.434055950492620468e-03
3.228098154067993164e-02
7.062653545290231705e-03
5.681188311427831650e-03
4.556687176227569580e-02
-6.488210987299680710e-03
1.747075002640485764e-03
-2.216548746218904853e-04
4.633029922842979431e-02
5.500964075326919556e-02
6.903785467147827148e-02
4.192517325282096863e-02
9.211793541908264160e-02
7.316435873508453369e-02
9.667344391345977783e-03
-7.497815880924463272e-03
-7.325338199734687805e-03
2.276569604873657227e-02
-2.775149978697299957e-02
7.763203233480453491e-03
9.610288776457309723e-03
1.645997399464249611e-03
-1.786519028246402740e-02
-6.148890592157840729e-03
4.921493120491504669e-03
2.869273535907268524e-02
-2.655626647174358368e-02
1.117476262152194977e-02
5.364704411476850510e-03
-3.152047842741012573e-02
-4.399752710014581680e-03
-2.127349749207496643e-02
-9.445727616548538208e-02
-1.038871109485626221e-01
-9.798222780227661133e-02
-3.261105716228485107e-02
-5.402237549424171448e-02
-9.086921811103820801e-02
5.693465471267700195e-03
-3.157687140628695488e-03
-6.821949779987335205e-02
-3.672521188855171204e-02
2.741910330951213837e-02
5.510834604501724243e-02
-5.572717264294624329e-02
-1.788879558444023132e-02
6.321338564157485962e-02
-7.925400137901306152e-02
-3.179891407489776611e-02
3.125506266951560974e-02
-3.247592970728874207e-02
-4.724114388227462769e-02
-3.252958133816719055e-02
-3.101891838014125824e-02
-4.575218632817268372e-02
1.022140588611364365e-02
-4.770924896001815796e-02
-3.056820482015609741e-02
-4.065051209181547165e-03
-2.226483635604381561e-02
2.587302960455417633e-02
1.417351793497800827e-02
-4.625184834003448486e-02
-8.320108987390995026e-03
4.129711538553237915e-02
-4.946720972657203674e-02
-4.656392708420753479e-02
-2.595746330916881561e-02
-2.495316788554191589e-02
5.497176200151443481e-02
4.333201050758361816e-02
-3.210799302905797958e-03
-8.234206587076187134e-03
1.043213978409767151e-01
-5.775651708245277405e-02
-7.795668672770261765e-03
4.883090034127235413e-02
-7.804451137781143188e-02
-6.392522156238555908e-02
-3.533123061060905457e-02
-6.984212249517440796e-02
-2.132106758654117584e-02
-9.920676238834857941e-04
-4.039821401238441467e-02
1.586410775780677795e-02
4.472754150629043579e-02
6.137564778327941895e-02
6.237466260790824890e-02
3.384052217006683350e-02
8.768539992161095142e-04
1.663048518821597099e-03
-2.101988904178142548e-02
-1.880791224539279938e-02
-2.353501506149768829e-02
-3.567878529429435730e-02
3.103695996105670929e-02
5.270831286907196045e-02
4.126761108636856079e-02
4.801966622471809387e-02
2.372853085398674011e-02
2.526021376252174377e-02
1.791654527187347412e-02
3.323775902390480042e-02
1.584130950504913926e-04
-1.395957544445991516e-03
2.664668718352913857e-03
-2.290577860549092293e-03
7.809080183506011963e-02
5.908089876174926758e-02
-2.236933214589953423e-03
3.015095926821231842e-02
7.274548709392547607e-02
3.802445530891418457e-02
-7.728675752878189087e-02
-7.171966880559921265e-02
-1.879649050533771515e-02
-4.364781454205513000e-02
-6.666620075702667236e-02
-7.628314197063446045e-02
9.386064484715461731e-03
-1.787016354501247406e-02
-3.580218553543090820e-02
-1.092769764363765717e-02
9.365495294332504272e-03
3.471381962299346924e-02
-7.952534407377243042e-02
-1.609721966087818146e-02
3.856857493519783020e-02
-6.381692737340927124e-02
-8.371044695377349854e-02
-3.976482525467872620e-02
1.807210035622119904e-02
4.299259930849075317e-02
8.143743127584457397e-02
4.989638924598693848e-02
4.484678432345390320e-02
4.286965355277061462e-02
2.574715204536914825e-02
4.716685786843299866e-02
3.995162900537252426e-03
-2.621406130492687225e-02
2.244197204709053040e-02
6.071392446756362915e-02
-6.122923642396926880e-02
-4.307265207171440125e-02
7.119609508663415909e-03
-6.649257987737655640e-02
-4.648219794034957886e-02
-2.092202007770538330e-02
-6.596675515174865723e-02
-6.345365941524505615e-02
2.219229936599731445e-03
-1.934659294784069061e-02
-5.448854342103004456e-02
-4.025437310338020325e-02
5.263115093111991882e-02
2.626467123627662659e-02
2.557556703686714172e-02
1.788510708138346672e-03
-2.728457935154438019e-02
-1.665830612182617188e-02
-2.175161056220531464e-02
-6.885372847318649292e-02
-4.128130152821540833e-02
-6.645796354860067368e-03
-4.314265027642250061e-02
-7.597490400075912476e-02
3.395434934645891190e-03
-2.034941315650939941e-02
-7.126852404326200485e-03
-5.239287856966257095e-03
-4.981594905257225037e-02
-4.307563602924346924e-02
-1.467654854059219360e-02
-4.494439437985420227e-02
-4.947655647993087769e-02
3.838464617729187012e-02
4.121599718928337097e-02
4.133049026131629944e-02
1.553361304104328156e-02
4.355254024267196655e-02
1.826638728380203247e-02
-7.867193222045898438e-02
-2.290081232786178589e-02
-2.922189235687255859e-02
3.205927787348628044e-03
-1.427123881876468658e-02
-5.464116111397743225e-02
2.861620858311653137e-02
-1.007153303362429142e-03
-2.838484570384025574e-02
4.811220988631248474e-02
1.817102544009685516e-02
-2.346227876842021942e-02
-3.488506749272346497e-02
-4.960519820451736450e-02
-5.343088135123252869e-02
-2.626042068004608154e-02
-5.887829512357711792e-02
-9.070604294538497925e-02
1.455663610249757767e-02
-1.811546087265014648e-02
-2.877507358789443970e-02
-1.069555245339870453e-02
-1.424012240022420883e-03
-1.056612841784954071e-02
1.307403296232223511e-02
3.279317915439605713e-02
2.022984437644481659e-02
1.634526811540126801e-02
2.204058133065700531e-02
-4.336858633905649185e-03
-7.197110913693904877e-03
3.414369747042655945e-02
1.325038168579339981e-02
2.039237879216670990e-02
2.489108778536319733e-02
1.144943991675972939e-03
5.718050058931112289e-03
3.494061529636383057e-02
1.454480737447738647e-02
4.083291813731193542e-02
8.379483595490455627e-03
-1.175787299871444702e-02
-7.750677410513162613e-03
-7.658361457288265228e-03
-1.974538713693618774e-02
-3.150112228468060493e-03
1.149089512182399631e-04
-1.016200892627239227e-02
-2.255464158952236176e-02
8.539588190615177155e-03
2.052719891071319580e-02
1.498276833444833755e-02
1.108440291136503220e-02
3.174097090959548950e-02
3.567362204194068909e-02
-7.276428397744894028e-03
-8.947742171585559845e-03
-3.320125397294759750e-03
-2.300374768674373627e-02
-5.695295706391334534e-02
1.015704125165939331e-02
1.216512732207775116e-02
8.654217817820608616e-04
2.308838069438934326e-02
2.381980232894420624e-02
3.627939522266387939e-02
-8.970678318291902542e-04
3.525713086128234863e-02
3.257914632558822632e-02
8.364220149815082550e-03
1.501047052443027496e-03
-1.837896415963768959e-03
-1.387308817356824875e-02
-6.042961403727531433e-02
-8.133241534233093262e-02
5.682837218046188354e-02
6.027698516845703125e-02
1.941466890275478363e-02
-9.588825516402721405e-03
-1.774393580853939056e-02
9.944895282387733459e-03
-2.757950499653816223e-02
-5.715579912066459656e-02
-2.386746183037757874e-02
5.311750620603561401e-02
5.382320284843444824e-02
3.088553436100482941e-02
3.579214448109269142e-03
3.551183640956878662e-02
4.008908197283744812e-02
1.887299120426177979e-02
2.199739916250109673e-03
4.870853573083877563e-02
9.450129233300685883e-03
3.303625062108039856e-02
6.840229034423828125e-02
-1.706334017217159271e-02
-1.270363666117191315e-02
1.576892659068107605e-02
-1.779478974640369415e-02
-1.316824462264776230e-02
-4.145320970565080643e-03
1.319369953125715256e-02
2.074167318642139435e-02
6.210168078541755676e-02
2.560675609856843948e-03
1.808374002575874329e-02
5.835172906517982483e-02
-4.420695081353187561e-02
-1.578534394502639771e-02
-2.619198709726333618e-02
5.505265295505523682e-02
3.338313847780227661e-02
-2.140762284398078918e-02
1.012907829135656357e-02
-1.324867364019155502e-02
-1.871718466281890869e-02
-2.947702258825302124e-02
-3.423845022916793823e-02
-2.383968979120254517e-02
1.270646508783102036e-02
2.633531205356121063e-02
2.638517320156097412e-02
5.919809918850660324e-03
5.885148420929908752e-02
5.406456813216209412e-02
-1.930561847984790802e-02
1.290878560394048691e-02
2.610631659626960754e-02
-3.109598718583583832e-02
-2.737629972398281097e-02
1.735818106681108475e-03
-2.977834641933441162e-02
4.863084293901920319e-03
5.175612121820449829e-02
4.611670505255460739e-03
2.059790492057800293e-02
6.579035520553588867e-02
-2.877545170485973358e-02
-2.102440595626831055e-02
-3.134029731154441833e-02
2.669394575059413910e-02
3.354273363947868347e-02
-3.370220959186553955e-02
3.662183135747909546e-02
2.111793146468698978e-04
-3.766614571213722229e-02
1.073663495481014252e-02
-1.515218894928693771e-02
-2.686205878853797913e-02
-2.221268787980079651e-02
-6.101715937256813049e-02
-7.515902072191238403e-02
-2.397735603153705597e-02
-8.908382058143615723e-02
-6.099648028612136841e-02
3.690812364220619202e-02
-1.968452148139476776e-02
-1.222258806228637695e-02
1.472299546003341675e-02
-8.404284715652465820e-03
-2.599671855568885803e-02
-1.740324683487415314e-02
-1.652293838560581207e-02
-1.517606340348720551e-02
-5.085415020585060120e-02
-1.210688278079032898e-01
-4.325297847390174866e-02
-5.930691957473754883e-02
-9.226499497890472412e-02
-8.333113789558410645e-02
-1.831596903502941132e-02
-6.695684045553207397e-02
-6.527699530124664307e-02
-2.985421568155288696e-02
2.431066706776618958e-03
4.963431507349014282e-02
8.446777239441871643e-03
1.712022162973880768e-02
2.856222726404666901e-02
6.339216977357864380e-02
6.231852248311042786e-02
9.344913996756076813e-03
8.644105866551399231e-03
2.343656308948993683e-02
4.577678069472312927e-02
3.858365118503570557e-02
3.738952428102493286e-02
2.173202671110630035e-02
1.832688786089420319e-02
3.329202160239219666e-02
1.422145776450634003e-02
6.607321556657552719e-03
2.476852573454380035e-02
-1.721622422337532043e-03
3.515675291419029236e-02
2.802930958569049835e-02
1.550288219004869461e-02
2.408571355044841766e-02
3.738196194171905518e-02
4.079000279307365417e-02
2.306292019784450531e-02
3.858112543821334839e-02
-3.793850541114807129e-02
9.279666841030120850e-02
2.475308068096637726e-02
2.421522699296474457e-02
5.156590044498443604e-02
5.725038424134254456e-02
3.319967165589332581e-02
4.262727871537208557e-02
9.343728423118591309e-02
2.557754889130592346e-02
1.033352613449096680e-01
7.311765104532241821e-02
7.027598470449447632e-02
5.048378929495811462e-02
6.156132742762565613e-02
4.600986838340759277e-02
-2.560085244476795197e-02
-2.035673335194587708e-02
1.921076886355876923e-02
1.468223705887794495e-02
1.485948264598846436e-02
6.770625710487365723e-02
1.281908061355352402e-02
4.423021804541349411e-03
5.317156016826629639e-02
-5.999483168125152588e-02
-8.758576959371566772e-02
-1.633907295763492584e-02
-9.661938995122909546e-02
-9.642373770475387573e-02
-5.042031407356262207e-02
-6.808540225028991699e-02
-1.060170903801918030e-01
-5.661620572209358215e-02
-4.393468797206878662e-02
-1.788008585572242737e-02
-9.751390665769577026e-03
-1.990664564073085785e-02
-3.793177008628845215e-02
-5.596225336194038391e-02
-2.544519305229187012e-02
-4.535954445600509644e-02
-4.158617556095123291e-02
-1.828674785792827606e-02
-1.593915373086929321e-02
1.089314091950654984e-02
-2.526017464697360992e-02
7.170530967414379120e-03
-9.336341172456741333e-03
-1.793103851377964020e-02
-1.893998309969902039e-02
5.268903914839029312e-03
-6.577865034341812134e-02
-4.452172294259071350e-02
-1.685968786478042603e-02
-6.612479686737060547e-02
-7.523896545171737671e-02
-1.192321069538593292e-02
-5.876168608665466309e-02
-6.070740148425102234e-02
-3.179094195365905762e-02
-7.802257686853408813e-02
-5.375998467206954956e-02
-3.848819434642791748e-02
-4.889658465981483459e-02
-2.527736313641071320e-02
-5.319927260279655457e-02
-6.275473162531852722e-03
-2.968571893870830536e-02
-3.246249258518218994e-02
1.015215273946523666e-02
-5.493669584393501282e-02
-5.998510867357254028e-02
-3.936587646603584290e-02
-3.026117756962776184e-02
-1.087437011301517487e-02
-4.746451228857040405e-02
-1.367543172091245651e-02
4.874211922287940979e-02
-4.660916328430175781e-02
3.274231404066085815e-02
5.307587981224060059e-02
-8.626039139926433563e-03
4.773862194269895554e-03
3.801304847002029419e-02
2.277528867125511169e-02
1.695197075605392456e-02
3.366404026746749878e-02
-2.201126888394355774e-03
-8.011122234165668488e-03
9.683567099273204803e-03
-8.922477252781391144e-03
-4.147882759571075439e-02
-2.196756750345230103e-02
3.675685822963714600e-02
-1.796615496277809143e-02
-2.152889408171176910e-02
-1.432940736413002014e-02
-2.486408501863479614e-02
6.232627201825380325e-03
-5.368780810385942459e-03
-1.601330190896987915e-02
1.325261313468217850e-02
1.019952259957790375e-02
7.622558157891035080e-03
9.358689188957214355e-03
-4.117754288017749786e-03
1.078804954886436462e-02
1.991904713213443756e-02
1.031963713467121124e-02
4.443037509918212891e-02
2.472306787967681885e-02
-6.985004991292953491e-03
3.385224565863609314e-02
2.694999054074287415e-02
-2.461128123104572296e-02
-5.539354309439659119e-02
-3.490250185132026672e-02
-6.311583518981933594e-02
-5.102214589715003967e-02
-3.396534919738769531e-02
-3.317669034004211426e-02
-3.541177883744239807e-02
-1.933133974671363831e-02
-1.252321712672710419e-02
-1.396233588457107544e-02
1.548359636217355728e-02
-3.894352167844772339e-02
-2.689557708799839020e-02
-3.112519392743706703e-03
-2.664310112595558167e-02
1.455412060022354126e-02
2.762887999415397644e-02
-6.797301769256591797e-02
-9.363212622702121735e-03
9.598921984434127808e-03
-7.064241170883178711e-02
-6.916992366313934326e-02
-2.762369252741336823e-02
-1.054281927645206451e-02
-4.488049075007438660e-02
-2.796790190041065216e-02
-3.924293816089630127e-02
-2.331071346998214722e-02
2.193974703550338745e-02
-1.177321560680866241e-02
-2.084777317941188812e-02
4.534544423222541809e-02
-2.749884873628616333e-02
-6.191592197865247726e-03
4.422912746667861938e-02
-7.793962955474853516e-02
-5.431833118200302124e-02
-2.558921091258525848e-02
-2.317804843187332153e-02
-1.195311360061168671e-02
1.357446797192096710e-02
-4.994642455130815506e-03
-6.335147190839052200e-03
6.589442957192659378e-03
-4.427358135581016541e-02
-4.454464837908744812e-02
-4.705276805907487869e-03
-2.726676501333713531e-02
-1.669690944254398346e-02
3.613576665520668030e-02
1.694476976990699768e-02
5.545259919017553329e-03
3.272120282053947449e-02
-9.920044802129268646e-03
-1.098316442221403122e-02
-3.915900737047195435e-02
-2.612753584980964661e-02
-2.243948727846145630e-02
-4.493389651179313660e-02
4.301487281918525696e-02
2.772039733827114105e-03
-1.672246679663658142e-02
3.723826631903648376e-02
3.778965398669242859e-02
5.110688135027885437e-02
1.012410521507263184e-01
5.261358991265296936e-02
7.245652377605438232e-02
7.620553672313690186e-02
4.153823480010032654e-02
6.432104855775833130e-02
4.549294710159301758e-02
5.436064302921295166e-02
3.745038062334060669e-02
4.387246817350387573e-02
4.514019936323165894e-02
5.625212937593460083e-02
2.326707541942596436e-02
5.456351488828659058e-02
5.107911303639411926e-02
1.373866200447082520e-02
9.454858489334583282e-03
2.412792108952999115e-02
4.346020892262458801e-02
4.688118398189544678e-02
6.058421730995178223e-02
3.160364553332328796e-02
5.244187638163566589e-02
4.600878059864044189e-02
3.458467498421669006e-02
9.147489443421363831e-03
-6.967305205762386322e-03
-1.580774784088134766e-02
1.057906821370124817e-02
-1.565047726035118103e-02
-2.487597800791263580e-02
2.904023742303252220e-03
3.466744348406791687e-02
-7.404822111129760742e-02
-8.198583871126174927e-02
-6.304116547107696533e-02
-5.395330116152763367e-02
-4.426290094852447510e-02
-6.403942406177520752e-02
-1.444283127784729004e-02
-2.584454603493213654e-02
-1.246715709567070007e-02
-4.349113255739212036e-02
-5.826682969927787781e-02
-4.010320454835891724e-02
3.321087360382080078e-02
1.874027960002422333e-02
-8.064140565693378448e-03
3.154909610748291016e-02
2.723270282149314880e-02
2.386760525405406952e-02
7.797118742018938065e-03
2.407036721706390381e-02
5.281538143754005432e-02
-1.179862022399902344e-02
-1.999658532440662384e-02
8.896468789316713810e-04
-2.766118617728352547e-03
-3.099095076322555542e-02
-3.172763064503669739e-02
-2.877656742930412292e-02
-5.768928676843643188e-02
-3.707490488886833191e-02
-3.625319898128509521e-02
-6.022281944751739502e-02
-7.051721215248107910e-02
-4.175392910838127136e-02
-6.530570983886718750e-02
-4.286101832985877991e-02
3.065326623618602753e-02
-1.515656337141990662e-02
-3.786266967654228210e-02
1.036273874342441559e-02
-3.930148109793663025e-02
-3.734123706817626953e-02
1.790790818631649017e-02
4.235111642628908157e-03
-4.666948318481445312e-02
8.225310593843460083e-03
2.081014402210712433e-02
-2.219040878117084503e-02
6.847763806581497192e-02
8.241032809019088745e-02
5.164129659533500671e-02
9.869474172592163086e-02
9.806232154369354248e-02
6.686438620090484619e-02
3.086547181010246277e-02
-1.184854283928871155e-02
-1.853764057159423828e-02
6.251162267290055752e-04
-1.060865167528390884e-02
-4.488680884242057800e-02
3.894342854619026184e-02
4.252215102314949036e-02
-4.510119929909706116e-02
1.849175617098808289e-02
1.021689455956220627e-02
-4.517173394560813904e-02
3.981650341302156448e-03
1.239631976932287216e-02
-2.206230722367763519e-02
-3.187279775738716125e-02
-3.523899242281913757e-02
-4.648722335696220398e-02
3.427740931510925293e-02
6.173965334892272949e-02
-8.841185830533504486e-03
6.228982284665107727e-02
2.879423834383487701e-02
2.971978485584259033e-02
1.244839280843734741e-02
6.764688342809677124e-02
5.249349772930145264e-02
3.645336953923106194e-03
-2.992952615022659302e-02
-2.959442697465419769e-02
-1.371149905025959015e-02
5.900439806282520294e-03
-4.402811452746391296e-02
-2.556835860013961792e-02
-2.131797559559345245e-02
-4.509009886533021927e-03
3.275800496339797974e-02
3.371717408299446106e-02
-1.388657931238412857e-02
5.476648733019828796e-02
3.498188406229019165e-02
5.045726895332336426e-03
1.785602420568466187e-02
-2.785946242511272430e-03
8.398555219173431396e-03
3.496842831373214722e-02
-2.527772216126322746e-03
-2.032361179590225220e-02
3.082138486206531525e-02
-1.593646965920925140e-02
3.375447355210781097e-03
1.502610277384519577e-02
-3.005829267203807831e-02
-3.727450966835021973e-02
-1.236334163695573807e-02
5.239314213395118713e-02
5.828378722071647644e-02
-2.480312064290046692e-02
2.263233624398708344e-02
1.470605190843343735e-02
-2.963788621127605438e-02
-1.673683896660804749e-02
-9.676185436546802521e-03
5.282042175531387329e-02
2.476559020578861237e-02
1.921936124563217163e-02
5.381719768047332764e-02
5.104908347129821777e-02
1.844027079641819000e-02
-2.717492869123816490e-03
3.195907175540924072e-02
-8.969084359705448151e-03
-2.475878782570362091e-02
2.511155232787132263e-02
4.946657642722129822e-02
-4.145463556051254272e-02
7.741794921457767487e-03
5.293414369225502014e-02
-3.779611364006996155e-02
-3.058216534554958344e-02
-7.652070373296737671e-03
1.925438642501831055e-02
2.018186077475547791e-02
3.192425146698951721e-02
4.207000508904457092e-02
2.587297745048999786e-02
1.905914954841136932e-02
1.908646337687969208e-02
3.103400021791458130e-02
3.630220424383878708e-03
-1.976918987929821014e-02
-2.749553322792053223e-02
-5.483197048306465149e-03
8.088916540145874023e-03
-8.377180434763431549e-03
1.184790395200252533e-03
4.938040859997272491e-03
-8.815756882540881634e-04
2.715135551989078522e-02
-2.615609578788280487e-02
2.338994760066270828e-03
1.735837757587432861e-02
-1.549619995057582855e-02
-1.139917597174644470e-02
-1.082793064415454865e-02
1.226064004004001617e-02
-3.027382306754589081e-02
-3.344395011663436890e-02
-5.032132193446159363e-02
-4.000218957662582397e-02
-1.664329133927822113e-02
-4.221763834357261658e-02
-3.340325504541397095e-02
-1.557509694248437881e-02
1.314548589289188385e-02
-1.154942903667688370e-02
-3.190086223185062408e-03
-4.995106905698776245e-02
-4.347340017557144165e-02
-1.334687694907188416e-02
-4.207324236631393433e-02
-5.722811818122863770e-02
-2.790077030658721924e-02
-8.790720254182815552e-03
-2.405511215329170227e-02
-1.524173747748136520e-02
6.251428276300430298e-02
3.824744001030921936e-02
-3.654325380921363831e-02
1.717353612184524536e-02
8.405675180256366730e-03
2.381211332976818085e-02
-3.590206429362297058e-02
-5.273175984621047974e-02
-3.697946295142173767e-02
8.361087180674076080e-03
-1.542076468467712402e-02
-2.116289921104907990e-02
-1.416832301765680313e-02
-1.132168993353843689e-02
-3.446263028308749199e-03
4.263203591108322144e-03
-3.362805815413594246e-03
-5.402427166700363159e-03
1.599346846342086792e-02
2.803726680576801300e-02
1.161235198378562927e-02
-4.836842708755284548e-04
-9.027915075421333313e-03
-1.372737810015678406e-02
-2.899058535695075989e-02
-2.579304575920104980e-02
1.307577174156904221e-02
9.506149217486381531e-03
-1.096589677035808563e-02
-1.289007719606161118e-02
1.444066036492586136e-02
2.685576304793357849e-02
5.419139750301837921e-03
-4.945544525980949402e-02
-2.386979386210441589e-02
2.234006486833095551e-02
8.760430663824081421e-02
9.970153123140335083e-02
7.148098200559616089e-02
4.448248445987701416e-02
4.789479076862335205e-02
9.626554697751998901e-02
-7.845301181077957153e-03
5.314443632960319519e-02
8.920046687126159668e-02
-6.122563406825065613e-02
1.140163373202085495e-02
4.835312440991401672e-02
-2.059253491461277008e-02
-1.622737199068069458e-02
3.841651231050491333e-02
2.960667386651039124e-02
-2.648542635142803192e-02
-1.297201961278915405e-02
-1.862684637308120728e-02
-8.201409131288528442e-03
4.418842867016792297e-02
-2.219465188682079315e-02
-7.203568238765001297e-03
1.916786283254623413e-02
-2.481586067005991936e-03
-2.385006844997406006e-02
-2.984710037708282471e-02
1.296689920127391815e-02
2.523507224395871162e-03
-3.935888409614562988e-02
6.340369582176208496e-02
6.189730018377304077e-02
1.900848746299743652e-02
8.129109442234039307e-02
8.180923014879226685e-02
7.659010589122772217e-03
9.246747009456157684e-03
-3.475625440478324890e-02
-5.385868251323699951e-02
-1.656782813370227814e-02
-7.941101491451263428e-02
-6.849998235702514648e-02
-1.155129261314868927e-02
-1.077344492077827454e-01
-1.263412535190582275e-01
-1.914073340594768524e-02
-1.085364446043968201e-02
3.722219727933406830e-03
-1.865323446691036224e-02
-1.870318688452243805e-02
-4.119366034865379333e-02
-3.320676833391189575e-02
-7.803148776292800903e-02
-4.278370365500450134e-02
4.033176973462104797e-02
2.574498998001217842e-03
-2.131636627018451691e-02
5.045932158827781677e-02
2.743061818182468414e-02
-2.650760347023606300e-03
8.888957649469375610e-02
9.666152298450469971e-02
5.497256666421890259e-02
-2.253594808280467987e-02
-5.810178350657224655e-03
1.279415329918265343e-03
-1.829844899475574493e-02
-3.087962791323661804e-02
-1.540044788271188736e-02
6.571018137037754059e-03
-2.817322313785552979e-02
-4.964587092399597168e-02
2.049251645803451538e-02
8.261409588158130646e-03
-2.615630812942981720e-02
3.325803205370903015e-02
2.771590836346149445e-03
-1.999146188609302044e-04
2.340894751250743866e-02
4.831385985016822815e-02
1.497718133032321930e-02
-1.338259968906641006e-02
1.716385968029499054e-02
2.993020601570606232e-02
-1.225539762526750565e-02
2.090756222605705261e-02
5.484395846724510193e-02
-2.026865258812904358e-02
-7.203028071671724319e-03
1.515106204897165298e-02
-4.997763317078351974e-03
-2.894106321036815643e-02
-3.038128279149532318e-02
-2.425683103501796722e-02
-9.121419489383697510e-02
-7.632948458194732666e-02
-7.386953383684158325e-02
-1.120072603225708008e-01
-8.352142572402954102e-02
-1.789817400276660919e-02
-5.120509769767522812e-03
-6.614330690354108810e-03
-1.974544674158096313e-02
-2.656467072665691376e-02
-2.245764620602130890e-02
1.814570277929306030e-02
-1.805048808455467224e-02
-1.785406097769737244e-02
5.793356895446777344e-02
7.237426936626434326e-02
4.770730738528072834e-04
8.647053688764572144e-02
7.477678358554840088e-02
3.872622549533843994e-02
5.663404241204261780e-02
4.839403182268142700e-02
4.427426680922508240e-02
-2.703235857188701630e-02
5.130400415509939194e-03
9.289422072470188141e-03
1.476708613336086273e-02
-1.565758883953094482e-02
-1.484465319663286209e-02
3.237944096326828003e-02
-7.281483151018619537e-03
-3.645451739430427551e-02
5.686395987868309021e-02
2.540655247867107391e-02
-6.606053793802857399e-04
2.898246422410011292e-02
4.151924327015876770e-02
2.901982888579368591e-02
-2.096668444573879242e-02
4.636516422033309937e-02
3.423556685447692871e-02
-2.499717660248279572e-02
-1.353378221392631531e-02
-1.039205305278301239e-02
1.637897454202175140e-02
8.253633044660091400e-03
-2.560278773307800293e-02
1.377156190574169159e-02
1.244876254349946976e-02
-9.917258284986019135e-04
-4.002097621560096741e-02
-1.400992739945650101e-02
1.076471526175737381e-03
-4.203031584620475769e-02
-3.249813243746757507e-02
-7.454904168844223022e-02
-8.836690336465835571e-03
-5.764158815145492554e-02
-5.437524989247322083e-02
1.267898641526699066e-02
8.724524080753326416e-02
4.471428692340850830e-02
2.808406203985214233e-02
1.016856059432029724e-01
9.950386732816696167e-02
3.503854200243949890e-02
9.909224510192871094e-02
6.925195455551147461e-02
-5.799991637468338013e-02
-7.080104202032089233e-02
-1.904520019888877869e-02
6.287422496825456619e-03
-3.785006701946258545e-03
3.286664187908172607e-02
5.904361233115196228e-02
1.441841945052146912e-02
3.669046983122825623e-02
-5.950403213500976562e-02
-5.789959803223609924e-02
-3.086799941956996918e-02
-3.678321465849876404e-02
-7.434911560267210007e-03
-1.362238451838493347e-02
1.051237247884273529e-02
-4.801162052899599075e-03
3.199957683682441711e-02
3.415960585698485374e-03
-2.934052981436252594e-02
-1.679742895066738129e-02
1.167929824441671371e-02
1.495495252311229706e-02
-1.288153231143951416e-02
3.737909719347953796e-02
1.872672699391841888e-02
1.840853877365589142e-02
-3.574232384562492371e-02
-5.639673909172415733e-04
-3.522506356239318848e-02
3.050650283694267273e-02
3.676929697394371033e-02
3.144451230764389038e-02
9.043744206428527832e-02
9.619584679603576660e-02
6.990901380777359009e-02
-2.455963939428329468e-02
-4.128633439540863037e-02
-1.758092828094959259e-02
-7.520382851362228394e-02
-6.783073395490646362e-02
-6.870964169502258301e-02
-7.399765402078628540e-02
-1.113463789224624634e-01
-6.603031605482101440e-02
-1.535409316420555115e-02
-1.881695166230201721e-02
-2.144243262591771781e-05
-5.287415161728858948e-02
-3.754194080829620361e-02
-3.320435062050819397e-02
-6.272588670253753662e-02
-6.063038855791091919e-02
-3.763684257864952087e-02
2.963690273463726044e-02
3.514854982495307922e-02
3.816269338130950928e-02
-1.720704883337020874e-02
-7.133189123123884201e-03
1.864168792963027954e-02
-3.114021196961402893e-02
-8.305123075842857361e-03
3.823209786787629128e-03
-3.075570054352283478e-02
3.314494341611862183e-02
6.541658937931060791e-02
-1.868421211838722229e-02
-6.154451519250869751e-03
8.655019104480743408e-03
1.140265259891748428e-03
1.280494965612888336e-02
1.738939620554447174e-02
3.661197423934936523e-02
4.444207623600959778e-02
5.024839192628860474e-02
-3.756131976842880249e-03
6.004655733704566956e-03
3.490233421325683594e-02
-2.728718519210815430e-02
9.718515910208225250e-03
-1.689693704247474670e-02
-2.706404030323028564e-02
-3.471277654170989990e-02
-6.254019215703010559e-03
-3.674484044313430786e-02
-4.353021085262298584e-02
-4.259552806615829468e-02
-2.037834189832210541e-02
-3.448131680488586426e-02
-2.799133956432342529e-02
1.893987692892551422e-02
2.914142329245805740e-03
1.503825280815362930e-02
-1.744814589619636536e-02
3.814937779679894447e-03
1.337796798907220364e-03
-6.006425712257623672e-03
1.544202398508787155e-02
1.821702159941196442e-02
-5.783748999238014221e-02
-9.014197438955307007e-02
-1.028081029653549194e-01
-6.308655440807342529e-02
-6.705285608768463135e-02
-7.862314581871032715e-02
-4.826098307967185974e-02
-4.436567798256874084e-02
-2.801958471536636353e-02
5.443114042282104492e-02
6.616153568029403687e-02
7.520145177841186523e-02
4.636620357632637024e-02
5.131140723824501038e-02
8.921881020069122314e-02
2.664924971759319305e-02
1.046449095010757446e-01
8.022214472293853760e-02
4.932726547122001648e-02
4.395562410354614258e-02
2.893462963402271271e-02
-1.977741159498691559e-02
-1.276370603591203690e-02
-9.028880856931209564e-03
-1.077622640877962112e-02
-2.733660489320755005e-02
2.175707556307315826e-02
-7.022567559033632278e-03
2.194376289844512939e-02
-5.679182708263397217e-03
3.714748844504356384e-02
3.433401137590408325e-02
3.024912253022193909e-02
6.810557842254638672e-02
5.595531314611434937e-02
1.304689235985279083e-02
-2.467020228505134583e-02
1.707579707726836205e-03
7.392243295907974243e-02
1.671233586966991425e-02
3.245424479246139526e-02
4.471713304519653320e-02
1.673821918666362762e-02
1.964185759425163269e-02
3.165923431515693665e-02
5.461196973919868469e-02
6.102845817804336548e-02
3.821989148855209351e-02
3.550791740417480469e-02
3.417164832353591919e-02
3.282121568918228149e-02
3.123259916901588440e-02
3.314854204654693604e-02
4.066391661763191223e-02
4.371871799230575562e-02
5.823063477873802185e-02
8.360263705253601074e-02
-2.561731822788715363e-02
2.728050388395786285e-02
-8.869143202900886536e-03
-1.155920326709747314e-02
-3.926771506667137146e-02
-5.063533410429954529e-02
5.047413706779479980e-02
3.427240997552871704e-02
1.819791644811630249e-02
3.714720904827117920e-02
1.663255505263805389e-02
7.566164131276309490e-04
-4.989485256373882294e-03
-3.578108502551913261e-03
4.688234534114599228e-03
4.646562505513429642e-03
-1.120526436716318130e-02
1.551220193505287170e-02
8.060275577008724213e-03
2.585049532353878021e-02
2.704282291233539581e-03
3.913069143891334534e-02
2.027097344398498535e-02
1.823032833635807037e-02
6.477721035480499268e-03
2.792850136756896973e-02
-1.219917368143796921e-02
1.799304783344268799e-02
5.263478681445121765e-02
4.232932627201080322e-02
6.070755422115325928e-02
7.769475132226943970e-02
7.744871079921722412e-02
5.552517995238304138e-02
8.807400614023208618e-02
4.744766652584075928e-02
5.211395770311355591e-02
4.799645766615867615e-02
6.093519553542137146e-02
6.959858350455760956e-03
-1.713787019252777100e-02
-5.896050482988357544e-03
-1.678441278636455536e-02
-1.035385765135288239e-02
-1.149159483611583710e-02
-1.544009521603584290e-02
-1.665391772985458374e-02
-1.959057897329330444e-02
-1.359191164374351501e-02
-4.159929975867271423e-02
-1.650639064610004425e-02
-2.570343948900699615e-02
-2.738729864358901978e-02
-1.009507663547992706e-02
-2.258692681789398193e-02
1.150675024837255478e-02
1.194660435430705547e-03
5.893114022910594940e-03
2.800794877111911774e-02
2.291719429194927216e-02
6.136217154562473297e-03
-1.126223243772983551e-02
-8.129701949656009674e-03
3.798834979534149170e-02
3.434349223971366882e-02
2.527937851846218109e-02
9.995958767831325531e-03
2.967204526066780090e-02
2.483195066452026367e-02
6.673819851130247116e-03
-1.313977641984820366e-03
-3.372434061020612717e-03
-4.286444745957851410e-03
-8.293951861560344696e-03
-4.382503032684326172e-02
-5.248859152197837830e-02
-4.706345126032829285e-02
-5.620499327778816223e-02
-1.823746226727962494e-02
3.005940094590187073e-02
2.860393188893795013e-02
-1.640409603714942932e-02
-1.245128549635410309e-02
-1.228068675845861435e-02
-1.982143335044384003e-02
-4.641128703951835632e-02
-2.624051703605800867e-04
-8.094066753983497620e-03
1.884209178388118744e-02
-1.463099382817745209e-02
-3.568912856280803680e-03
-2.093354053795337677e-02
-1.519028376787900925e-02
-2.874593250453472137e-02
-1.104148849844932556e-02
3.024623915553092957e-02
-4.434645548462867737e-02
-7.932949811220169067e-02
-5.038243159651756287e-02
-4.372106492519378662e-02
-3.077145665884017944e-02
-4.043212160468101501e-02
2.085477346554398537e-03
-3.172053769230842590e-02
-3.955830261111259460e-02
-9.186145849525928497e-03
-2.062277868390083313e-02
4.511754959821701050e-03
2.050412585958838463e-03
1.879010908305644989e-02
6.234091706573963165e-03
-4.655747674405574799e-03
1.984283700585365295e-02
-3.815817181020975113e-04
-1.507915277034044266e-02
2.687552198767662048e-02
4.238875582814216614e-02
3.155616298317909241e-02
2.761377952992916107e-02
4.464596509933471680e-02
1.914494670927524567e-02
3.490693867206573486e-02
-5.149256903678178787e-03
1.071490719914436340e-02
-5.590687040239572525e-03
1.035435963422060013e-02
-2.964593004435300827e-03
-2.516887616366147995e-03
-7.616891060024499893e-03
-9.288709261454641819e-04
-3.520512208342552185e-02
-5.156895890831947327e-02
1.140803936868906021e-02
-5.843519698828458786e-03
-3.020119108259677887e-02
7.821617764420807362e-04
-1.648169755935668945e-02
-3.629403188824653625e-02
-1.349804736673831940e-02
-3.872929140925407410e-02
-4.485391825437545776e-02
3.959792852401733398e-02
2.587212249636650085e-02
8.310625329613685608e-03
5.646631494164466858e-02
3.119880147278308868e-02
1.064103282988071442e-02
1.588059403002262115e-02
-1.565400697290897369e-02
-3.818125277757644653e-02
-2.338393405079841614e-02
2.529244683682918549e-02
3.163592191413044930e-03
-2.237395010888576508e-02
-5.926868878304958344e-03
-1.367166824638843536e-02
8.502092212438583374e-03
1.214719377458095551e-02
-1.197962928563356400e-02
6.748375296592712402e-02
7.524580508470535278e-02
8.365674316883087158e-02
3.219703584909439087e-02
5.628937110304832458e-02
2.526356466114521027e-02
-4.018444940447807312e-02
-4.139818996191024780e-02
-8.562997728586196899e-02
3.268346190452575684e-02
2.967916056513786316e-02
2.390828169882297516e-02
-2.649954706430435181e-02
-2.721788734197616577e-02
-2.443758212029933929e-02
-5.999670922756195068e-02
-8.072417974472045898e-02
-3.363786637783050537e-02
9.391504339873790741e-03
-2.861417457461357117e-02
-1.596101932227611542e-02
-1.358031947165727615e-02
-5.239509046077728271e-02
-5.939876288175582886e-02
-2.703967690467834473e-02
-3.616338595747947693e-02
-6.600354611873626709e-02
-4.000977426767349243e-02
6.360833067446947098e-03
5.729274079203605652e-02
-2.609420567750930786e-02
2.109212428331375122e-02
4.618164524435997009e-02
-3.202821314334869385e-02
5.027794744819402695e-03
2.058283612132072449e-02
6.507185101509094238e-02
7.581693679094314575e-02
2.922926284372806549e-02
8.030804991722106934e-02
4.716943576931953430e-02
4.575833678245544434e-02
5.677871033549308777e-02
2.746332436800003052e-02
-6.215659435838460922e-03
-5.942511186003684998e-02
-6.796752661466598511e-02
-4.459506273269653320e-02
-1.240312308073043823e-02
2.213970199227333069e-02
5.193488299846649170e-02
3.982247039675712585e-02
8.481584489345550537e-02
9.948660433292388916e-02
-7.887923158705234528e-03
5.373684107325971127e-04
-4.565562121570110321e-03
-7.026088424026966095e-03
5.442150402814149857e-03
-2.647861465811729431e-02
-5.199603736400604248e-03
2.726596407592296600e-02
7.081039249897003174e-03
4.290101304650306702e-02
5.168513953685760498e-02
4.141850024461746216e-02
-2.971803536638617516e-03
-1.262345351278781891e-02
-2.158890105783939362e-02
-2.714898809790611267e-02
-8.224792778491973877e-03
4.498224705457687378e-03
-1.666044816374778748e-03
7.685417775064706802e-03
2.201844763476401567e-04
7.921195589005947113e-03
-3.361745271831750870e-03
-6.896247155964374542e-03
-2.226817980408668518e-02
-4.797843098640441895e-02
-3.039779886603355408e-02
-4.139888286590576172e-02
-2.707448042929172516e-02
-2.545404806733131409e-02
-1.575146615505218506e-02
-3.505292907357215881e-02
-3.508837521076202393e-02
9.118335321545600891e-03
-2.790826838463544846e-03
-1.323293196037411690e-03
9.239301085472106934e-02
3.537710383534431458e-02
1.689483528025448322e-03
5.926779285073280334e-02
4.045456275343894958e-02
4.141958430409431458e-02
1.353602856397628784e-04
-1.039899606257677078e-02
-1.537616713903844357e-03
-4.017677158117294312e-02
-5.510396882891654968e-02
-4.578772187232971191e-02
-5.533269420266151428e-02
-5.906306207180023193e-02
-2.969597093760967255e-02
-4.003692418336868286e-02
-9.695391356945037842e-02
-3.532020747661590576e-02
-1.838534884154796600e-02
2.322933450341224670e-02
3.910415992140769958e-02
3.223267570137977600e-02
3.267721831798553467e-02
1.167990174144506454e-02
7.440484315156936646e-02
3.418390080332756042e-02
-3.020878508687019348e-02
5.454234033823013306e-02
7.774425297975540161e-02
3.751032799482345581e-02
2.163336053490638733e-02
-2.080263197422027588e-02
-2.055018395185470581e-02
-3.110043704509735107e-02
-5.837810784578323364e-02
-4.208868369460105896e-02
4.262131452560424805e-02
2.586442232131958008e-02
-1.087371073663234711e-02
3.156682476401329041e-02
5.256903357803821564e-03
-1.413107849657535553e-03
-3.158602118492126465e-02
-5.412017181515693665e-02
2.995450049638748169e-03
4.477126989513635635e-03
1.950489170849323273e-02
6.019342318177223206e-02
2.740560797974467278e-03
4.273631796240806580e-02
6.100469082593917847e-02
-5.075876414775848389e-02
-2.904564328491687775e-02
4.363147076219320297e-03
-3.598676528781652451e-03
2.440906129777431488e-02
4.509422183036804199e-02
-7.695915643125772476e-03
1.303535606712102890e-02
3.138289228081703186e-02
-1.029240619391202927e-02
-2.535001188516616821e-02
-1.669377787038683891e-03
-3.201523423194885254e-02
-4.473641514778137207e-02
-2.191149070858955383e-02
-1.028291787952184677e-02
1.807740918593481183e-04
2.508924528956413269e-02
1.420087274163961411e-02
5.185395851731300354e-02
6.821695715188980103e-02
3.937733825296163559e-03
3.083210065960884094e-02
7.745753973722457886e-03
4.056436941027641296e-03
4.554851353168487549e-02
2.040548995137214661e-02
3.635586425662040710e-02
2.049363963305950165e-02
1.530212908983230591e-02
3.214150667190551758e-03
9.135628119111061096e-03
-9.044965729117393494e-03
1.674201525747776031e-02
1.010148506611585617e-02
1.377182919532060623e-02
-2.073287405073642731e-02
-2.861633151769638062e-02
-6.867646239697933197e-03
4.727193340659141541e-02
5.024303495883941650e-02
-6.470930296927690506e-03
6.571575067937374115e-03
2.568168193101882935e-02
2.023867890238761902e-02
-2.152312919497489929e-02
3.269717562943696976e-03
1.249770983122289181e-03
-2.739714272320270538e-02
-2.346813678741455078e-02
-3.965516760945320129e-02
-2.084281854331493378e-02
2.445932477712631226e-02
-8.040822111070156097e-03
1.305870153009891510e-02
2.828180324286222458e-03
-7.947463542222976685e-03
-2.748456038534641266e-02
-3.120013326406478882e-02
5.539580713957548141e-03
-5.773342680186033249e-03
-3.053463250398635864e-02
4.830375779420137405e-03
2.883954159915447235e-02
2.077189506962895393e-03
2.692398428916931152e-02
-1.154682133346796036e-02
-3.308167681097984314e-02
-3.371767699718475342e-02
-3.017744421958923340e-02
-3.572703525424003601e-02
-7.504554232582449913e-04
-3.833090141415596008e-02
-2.207189239561557770e-02
1.501126121729612350e-02
2.483280375599861145e-02
6.482484936714172363e-02
4.288929700851440430e-02
1.650831289589405060e-02
8.093471080064773560e-02
1.245560795068740845e-01
-5.193066317588090897e-03
5.458376184105873108e-02
8.448698371648788452e-02
-1.525248680263757706e-02
3.253933973610401154e-04
3.224589303135871887e-02
-9.040215052664279938e-03
1.904536271467804909e-03
2.027357555925846100e-02
-2.099523507058620453e-02
4.796585813164710999e-02
4.309233278036117554e-02
5.780590232461690903e-03
-2.198917977511882782e-02
-2.382374741137027740e-02
-6.281624548137187958e-03
-5.491385608911514282e-02
-6.222539395093917847e-02
-5.778115708380937576e-03
-3.163762763142585754e-02
-3.535410761833190918e-02
5.276149604469537735e-04
3.613086789846420288e-02
4.018562659621238708e-02
4.087627679109573364e-02
1.254710718058049679e-03
4.965365305542945862e-02
4.206857085227966309e-02
9.507929207757115364e-04
2.154514007270336151e-02
-4.368946328759193420e-02
-9.879396297037601471e-03
-3.455612435936927795e-02
-2.490151114761829376e-02
-4.254532977938652039e-02
-6.038323044776916504e-02
-3.380667418241500854e-03
-1.121835550293326378e-03
5.548078101128339767e-03
-1.288350112736225128e-02
-1.592310960404574871e-03
-1.623801654204726219e-03
-1.919502578675746918e-02
-7.642944343388080597e-03
5.292554385960102081e-03
-3.118980675935745239e-03
4.377210512757301331e-02
3.637165203690528870e-02
-9.932396002113819122e-03
-1.213290262967348099e-02
-1.335984189063310623e-02
5.145616596564650536e-04
-1.914686057716608047e-03
2.501102164387702942e-03
5.376484990119934082e-02
4.577845335006713867e-02
4.741844907402992249e-02
-6.217661499977111816e-02
-6.313055753707885742e-02
1.488286349922418594e-02
-6.829624623060226440e-02
-8.371691405773162842e-02
-6.181725859642028809e-02
-3.060876578092575073e-02
-5.125429108738899231e-02
-2.448719553649425507e-02
1.350853778421878815e-02
2.879509516060352325e-02
3.293535113334655762e-02
-2.324211597442626953e-02
-1.156776864081621170e-02
1.523790322244167328e-02
-2.044178731739521027e-02
-1.654484868049621582e-02
1.471501495689153671e-02
-4.877194017171859741e-02
-7.440695911645889282e-02
-2.672988921403884888e-02
-4.716904833912849426e-02
-2.254915982484817505e-02
1.018233131617307663e-02
-1.128007192164659500e-02
1.458079461008310318e-02
2.388594672083854675e-02
4.406717419624328613e-02
7.094955444335937500e-02
4.050738736987113953e-02
1.854228228330612183e-02
4.231520369648933411e-02
3.080079145729541779e-02
-2.144460380077362061e-02
-2.597832679748535156e-02
-2.882907167077064514e-02
6.167247518897056580e-02
7.177639752626419067e-02
2.155155688524246216e-02
3.223780915141105652e-02
4.355573654174804688e-02
3.334114700555801392e-02
4.982616379857063293e-02
7.974720001220703125e-02
3.458952158689498901e-02
-1.395389717072248459e-02
-6.926776841282844543e-03
4.378912225365638733e-02
-1.287900656461715698e-02
3.001057775691151619e-03
3.120000660419464111e-02
-2.607665024697780609e-03
-3.988659940659999847e-03
3.365660086274147034e-02
5.205495748668909073e-03
2.515629120171070099e-02
1.971847144886851311e-03
5.378633737564086914e-02
9.259994328022003174e-02
9.192370623350143433e-02
8.031202107667922974e-02
1.159657165408134460e-01
1.221832707524299622e-01
3.130864351987838745e-02
1.880934869404882193e-04
-7.604780606925487518e-03
8.449673652648925781e-03
7.869149558246135712e-03
-7.725277682766318321e-04
1.633422262966632843e-02
3.769503906369209290e-02
4.183851554989814758e-02
1.980481669306755066e-02
2.689341083168983459e-02
4.159753024578094482e-02
3.993961960077285767e-02
5.786502733826637268e-02
6.483965367078781128e-02
1.416360400617122650e-02
1.879437640309333801e-02
5.170731619000434875e-02
1.076083909720182419e-02
6.710502505302429199e-02
5.911083146929740906e-02
-5.447085946798324585e-03
3.988731279969215393e-02
7.360881567001342773e-02
2.502400800585746765e-02
7.243870943784713745e-02
9.650776535272598267e-02
-3.922706842422485352e-02
-5.928978696465492249e-02
-1.698760129511356354e-02
-3.920207917690277100e-02
-4.476227611303329468e-02
-3.924438729882240295e-02
-7.590547949075698853e-02
-6.689310818910598755e-02
-3.931509330868721008e-02
7.747984956949949265e-03
-5.853872001171112061e-02
-2.112941443920135498e-02
-8.030540309846401215e-03
-3.148040175437927246e-02
-2.193893864750862122e-02
-1.841153204441070557e-02
5.318910349160432816e-03
-1.375119853764772415e-02
-1.292407512664794922e-02
1.655644178390502930e-02
2.188354730606079102e-02
1.191312912851572037e-02
2.394722960889339447e-02
1.636546850204467773e-02
8.310118690133094788e-03
4.891074821352958679e-02
3.564424067735671997e-02
-1.925871893763542175e-02
-6.095433142036199570e-03
1.268680859357118607e-02
7.307104766368865967e-03
1.412387099117040634e-02
1.589170284569263458e-02
5.550703033804893494e-02
2.197415754199028015e-02
1.153979217633605003e-03
-1.786412484943866730e-02
-2.084969915449619293e-02
-3.884425759315490723e-02
3.867084393277764320e-03
2.413436025381088257e-02
1.555529702454805374e-02
-8.765260688960552216e-03
3.939768299460411072e-02
2.966633997857570648e-02
-4.754836857318878174e-02
-4.148959368467330933e-02
-3.039969503879547119e-02
-4.657380282878875732e-02
-4.079154133796691895e-02
-3.465222567319869995e-02
-1.347805256955325603e-03
-6.399162579327821732e-03
1.683226041495800018e-02
-1.036212220788002014e-02
1.270897779613733292e-02
-9.015500545501708984e-03
-8.719339035451412201e-03
-9.360341355204582214e-03
-1.196626946330070496e-02
2.665914595127105713e-03
-2.251490252092480659e-03
1.860527507960796356e-02
-5.533560365438461304e-02
-4.846892133355140686e-02
-3.614252433180809021e-02
-3.649228066205978394e-02
-2.255547791719436646e-02
-4.709362238645553589e-02
6.382795516401529312e-03
2.927367761731147766e-02
2.500590868294239044e-02
2.870169840753078461e-02
1.387146487832069397e-02
1.924197748303413391e-02
4.425513744354248047e-02
9.787669405341148376e-03
1.368561666458845139e-02
-5.198233295232057571e-03
9.442923590540885925e-03
2.976103499531745911e-02
-3.220562264323234558e-02
-4.177732765674591064e-02
-5.324840173125267029e-02
-1.834626495838165283e-02
-2.095321938395500183e-02
-5.477565526962280273e-02
-4.608355462551116943e-03
-2.924539335072040558e-02
-3.076438978314399719e-02
-3.228163719177246094e-02
-8.350839838385581970e-03
-6.293711252510547638e-03
-1.392173464410007000e-03
-1.055275555700063705e-02
-2.223330549895763397e-02
8.674046956002712250e-03
-2.533229533582925797e-03
5.865987855941057205e-03
-4.341023415327072144e-02
-4.923952370882034302e-02
-3.191735013388097286e-04
-1.000784058123826981e-02
-4.176517575979232788e-02
-2.208356373012065887e-02
4.573049768805503845e-02
-2.143859490752220154e-02
8.501160191372036934e-04
-4.169984906911849976e-02
-5.445878207683563232e-02
-1.468646922148764133e-03
-1.301087997853755951e-02
-2.803695015609264374e-02
1.201430987566709518e-02
8.859014138579368591e-03
-2.068471163511276245e-02
1.261749566765502095e-04
7.185751572251319885e-03
-3.530320897698402405e-02
-3.718283772468566895e-02
-7.429946213960647583e-03
1.872467249631881714e-02
-1.980277895927429199e-02
2.469816431403160095e-02
1.321273948997259140e-02
-1.119699329137802124e-02
-5.732700601220130920e-02
-5.835567787289619446e-02
-3.811488300561904907e-02
-2.101222425699234009e-02
-2.894968725740909576e-02
1.135766785591840744e-02
-9.655687026679515839e-03
-1.975081861019134521e-03
3.840561583638191223e-02
-5.499959737062454224e-02
-1.900053396821022034e-02
-4.740489646792411804e-02
-1.819406263530254364e-02
2.212033607065677643e-02
-9.171135723590850830e-03
3.711961209774017334e-02
3.039910085499286652e-02
-1.400898769497871399e-02
1.523724570870399475e-02
-2.670699032023549080e-03
4.990007262676954269e-03
1.505472511053085327e-02
7.277020718902349472e-03
3.854582086205482483e-02
1.936256885528564453e-02
-1.219894643872976303e-02
4.082143306732177734e-03
-3.237589821219444275e-02
-2.406848408281803131e-02
8.151438087224960327e-03
-3.408597037196159363e-02
2.532437629997730255e-02
3.439697250723838806e-02
-4.505065083503723145e-02
-1.812460832297801971e-02
-5.451991222798824310e-03
-2.046278491616249084e-02
-1.501203794032335281e-02
5.364130716770887375e-03
-7.670211489312350750e-04
1.094995823223143816e-04
1.886551827192306519e-02
-1.705316454172134399e-02
4.263269249349832535e-03
2.198477461934089661e-02
1.620113477110862732e-02
-4.516385495662689209e-03
2.168054319918155670e-02
3.285138681530952454e-02
-4.430351313203573227e-03
9.451411664485931396e-03
-3.217390272766351700e-03
-1.424153335392475128e-02
-2.480004355311393738e-02
-3.166260197758674622e-02
-1.430203579366207123e-02
-5.618149414658546448e-03
-7.845240645110607147e-03
-1.902260258793830872e-02
1.626133918762207031e-03
-9.503257460892200470e-03
-3.313133493065834045e-02
1.193289738148450851e-02
-6.301717832684516907e-03
-2.880313247442245483e-02
-1.703839935362339020e-02
2.386477403342723846e-02
-1.168529223650693893e-02
-2.523337863385677338e-02
3.930076584219932556e-02
-1.262074708938598633e-02
-2.718413621187210083e-02
-1.747099868953227997e-02
-3.439287468791007996e-02
-3.648266196250915527e-02
-1.856819912791252136e-02
-1.503364369273185730e-02
-2.805904718115925789e-03
7.399837020784616470e-03
1.516425423324108124e-02
-1.789116300642490387e-02
1.148119475692510605e-02
-2.730815671384334564e-02
-8.736728131771087646e-02
1.263622641563415527e-01
9.115022420883178711e-02
-3.552019223570823669e-02
7.604595273733139038e-02
1.379629075527191162e-01
7.099922001361846924e-02
1.300480309873819351e-02
6.991027295589447021e-02
7.643765211105346680e-02
-6.848085671663284302e-02
-1.751997321844100952e-02
7.952950894832611084e-02
-9.289521723985671997e-02
-1.080346331000328064e-01
4.057016689330339432e-03
2.933088457211852074e-03
-1.142861135303974152e-02
-7.783494424074888229e-03
-4.794177133589982986e-03
-1.511160284280776978e-02
3.885871171951293945e-02
1.971823722124099731e-02
4.368967190384864807e-02
4.619054868817329407e-02
7.027828833088278770e-04
-4.232926666736602783e-02
-1.483839936554431915e-02
4.301004111766815186e-03
-3.026241622865200043e-02
-3.825264051556587219e-02
2.462630160152912140e-02
4.892512224614620209e-03
-2.204627171158790588e-02
-7.282978389412164688e-03
2.570454403758049011e-02
1.444280426949262619e-02
2.435024455189704895e-02
3.876548632979393005e-02
2.414748258888721466e-02
3.638211265206336975e-02
7.689733803272247314e-02
6.381601095199584961e-02
-1.183377113193273544e-02
-7.635159883648157120e-03
2.059466764330863953e-02
-2.842529118061065674e-02
-3.485016897320747375e-02
2.284604497253894806e-02
9.177826723316684365e-05
-1.807310432195663452e-02
3.809651359915733337e-03
-3.798432648181915283e-02
-2.733224444091320038e-02
9.417125023901462555e-03
-3.315516561269760132e-02
-7.729325443506240845e-02
-2.618087083101272583e-02
-1.061665825545787811e-02
-5.781753361225128174e-02
-3.389129787683486938e-02
1.226681005209684372e-02
1.153113879263401031e-02
-3.013183129951357841e-03
1.544495671987533569e-02
3.499351069331169128e-02
3.917528316378593445e-02
-2.037528529763221741e-02
-4.435690585523843765e-03
4.737652093172073364e-02
1.774836331605911255e-02
6.525497138500213623e-02
7.730969786643981934e-02
1.033459138125181198e-02
3.981395065784454346e-02
7.891515642404556274e-02
-2.094447612762451172e-02
-3.665139898657798767e-02
2.304771170020103455e-02
2.442168258130550385e-02
1.273907162249088287e-02
2.086038701236248016e-02
2.273632027208805084e-02
4.515962675213813782e-02
6.123691331595182419e-03
-1.782475598156452179e-02
-1.921547204256057739e-02
-8.612589910626411438e-03
9.206165559589862823e-03
-2.370256232097744942e-03
8.978649042546749115e-03
-3.954538144171237946e-03
2.186209522187709808e-02
-2.955402247607707977e-02
-1.376561354845762253e-02
2.969509363174438477e-02
3.106604702770709991e-02
1.847302913665771484e-02
8.369321934878826141e-03
1.924053765833377838e-02
-5.277676135301589966e-02
-5.400911346077919006e-02
-1.658299937844276428e-02
-9.493853896856307983e-02
-9.612192213535308838e-02
-5.368356406688690186e-02
6.031615659594535828e-02
9.766826778650283813e-02
5.220401659607887268e-02
2.251675911247730255e-02
1.008561998605728149e-01
1.275045424699783325e-01
-6.463745236396789551e-02
2.098188176751136780e-02
8.657972514629364014e-02
-3.555677831172943115e-02
1.912158727645874023e-02
3.985874354839324951e-02
-2.153037488460540771e-02
-2.405453287065029144e-02
2.746871439740061760e-03
-3.762196749448776245e-02
-4.088914766907691956e-02
-2.461400255560874939e-02
2.444483339786529541e-02
4.090194031596183777e-02
-1.812869100831449032e-03
4.006065055727958679e-02
4.054870828986167908e-02
4.494220018386840820e-02
-5.997119587846100330e-04
2.376057580113410950e-02
3.057076968252658844e-02
-6.288687884807586670e-02
-3.738098591566085815e-02
-1.326402649283409119e-02
-3.108768351376056671e-02
-2.102348953485488892e-03
-1.013363618403673172e-02
-1.683776639401912689e-02
2.776055410504341125e-02
6.661220639944076538e-02
2.276919223368167877e-02
-9.802636690437793732e-03
-5.969108082354068756e-03
1.620140485465526581e-02
3.828979656100273132e-02
2.288340218365192413e-02
-1.716887764632701874e-02
4.337517917156219482e-02
2.396924421191215515e-02
-5.521288514137268066e-02
-5.125645548105239868e-02
-5.040935799479484558e-02
-5.974899046123027802e-03
-3.493177890777587891e-02
-5.785036832094192505e-02
3.779066726565361023e-02
2.690255269408226013e-02
-2.083011902868747711e-02
1.827786862850189209e-02
-1.657650992274284363e-02
2.841189736500382423e-03
-2.812145277857780457e-02
-6.604760140180587769e-02
-2.764321118593215942e-02
-2.396256849169731140e-02
-4.394938796758651733e-02
-3.287427872419357300e-02
-3.671639040112495422e-02
-2.192226797342300415e-02
-7.787760812789201736e-03
4.200130235403776169e-03
2.476062066853046417e-02
-1.382365240715444088e-03
5.515739321708679199e-02
2.502359636127948761e-02
6.105467211455106735e-03
-2.107894793152809143e-02
-2.581531554460525513e-02
-2.284338138997554779e-02
-1.776056550443172455e-02
7.174354977905750275e-04
-6.416218820959329605e-04
1.624844735488295555e-03
4.336481168866157532e-02
5.196816474199295044e-02
-3.195081278681755066e-02
-2.997661009430885315e-02
9.884608909487724304e-03
-3.374674543738365173e-02
-2.666806057095527649e-02
-3.796697780489921570e-02
-2.200889401137828827e-03
-1.341684535145759583e-02
-3.532629460096359253e-02
-8.601493202149868011e-03
-1.300399191677570343e-02
1.380394026637077332e-02
5.470355227589607239e-02
4.947590827941894531e-02
6.761219352483749390e-02
6.940703094005584717e-02
8.642942458391189575e-02
6.733864545822143555e-02
3.083811886608600616e-02
6.776277720928192139e-02
5.386753380298614502e-02
6.171658635139465332e-02
9.405244141817092896e-02
7.614999264478683472e-02
4.963345080614089966e-02
9.932944178581237793e-02
4.573436826467514038e-02
-3.869623318314552307e-02
-3.191082179546356201e-02
-2.056403085589408875e-02
1.788127422332763672e-02
3.426102921366691589e-02
-1.792002655565738678e-02
3.081160411238670349e-02
3.282597288489341736e-02
2.121828123927116394e-02
-2.185578085482120514e-02
-4.139620065689086914e-02
-4.387790337204933167e-02
-6.380131095647811890e-02
-5.891517177224159241e-02
-5.223833024501800537e-02
-1.943537406623363495e-02
-4.917926620692014694e-03
-1.277518738061189651e-02
3.193395957350730896e-02
4.102848842740058899e-02
3.489943966269493103e-02
1.025892272591590881e-01
1.120751202106475830e-01
6.436689943075180054e-02
8.685582131147384644e-02
1.053557917475700378e-01
1.654842123389244080e-02
2.876270189881324768e-02
3.469475731253623962e-02
1.424056198447942734e-02
5.401037633419036865e-02
6.364350020885467529e-02
4.381631687283515930e-02
3.883896768093109131e-02
8.500002324581146240e-02
4.710602387785911560e-02
-4.900230094790458679e-02
-8.462545461952686310e-03
9.522615000605583191e-03
-8.423114195466041565e-03
4.141955450177192688e-02
6.782230734825134277e-02
-3.402162715792655945e-02
7.650710176676511765e-03
4.967097193002700806e-03
4.234682023525238037e-02
1.132060890085995197e-03
-3.700498491525650024e-02
1.420661900192499161e-02
-4.041173961013555527e-03
-5.634209513664245605e-02
-7.684451062232255936e-03
-2.158079296350479126e-02
-6.792590767145156860e-02
1.380629371851682663e-02
1.509721390902996063e-02
1.192446239292621613e-02
4.173227399587631226e-02
2.307778224349021912e-02
3.918920177966356277e-03
5.615573003888130188e-02
2.001326344907283783e-02
4.129302501678466797e-02
-5.083610489964485168e-02
-5.718831717967987061e-02
-3.886190056800842285e-02
-6.576792895793914795e-02
-3.036934323608875275e-02
-3.567404299974441528e-02
-5.077838152647018433e-02
4.905858542770147324e-03
-1.716927799861878157e-04
-2.306452393531799316e-02
-2.808110974729061127e-02
8.145471103489398956e-03
-2.811738103628158569e-02
2.687558345496654510e-02
3.128791972994804382e-02
-2.298213914036750793e-02
-8.304253569804131985e-04
7.377591915428638458e-03
-6.397174205631017685e-03
-5.024483799934387207e-02
-4.202810674905776978e-02
-1.693153567612171173e-02
-6.476702541112899780e-02
-4.466736316680908203e-02
-1.141274042311124504e-04
-6.290428340435028076e-02
-3.266297280788421631e-02
-1.708624511957168579e-02
1.059585437178611755e-02
1.902621425688266754e-02
3.184215351939201355e-02
9.111632592976093292e-03
1.725313439965248108e-02
1.029749494045972824e-02
2.743905410170555115e-02
8.876752108335494995e-03
-2.785669453442096710e-02
-3.834584262222051620e-03
-4.963894840329885483e-03
-5.390090867877006531e-03
4.742189776152372360e-03
-1.551825646311044693e-02
2.792314859107136726e-03
-1.399929262697696686e-02
-1.192195620387792587e-02
-1.917849481105804443e-02
-2.682833187282085419e-02
-2.409188775345683098e-03
-4.256699234247207642e-02
-1.711709611117839813e-02
-1.569134369492530823e-02
-4.045628476887941360e-03
-3.279325552284717560e-03
9.996138513088226318e-03
-2.346358075737953186e-02
-3.556372970342636108e-02
-6.008961424231529236e-02
-4.182964935898780823e-02
-2.998170815408229828e-02
-8.779893815517425537e-02
-7.900290191173553467e-02
-9.066681563854217529e-02
-7.756117731332778931e-02
5.631275102496147156e-02
-7.542581297457218170e-03
-2.594403550028800964e-02
2.336035110056400299e-02
-5.271515250205993652e-02
-4.808750748634338379e-02
5.852519068866968155e-03
-4.220446944236755371e-02
-1.535907201468944550e-02
1.114555820822715759e-02
1.023457152768969536e-03
1.369487121701240540e-02
7.199006620794534683e-03
4.291625693440437317e-02
1.339923706836998463e-03
5.945510417222976685e-02
9.670935571193695068e-02
1.968298666179180145e-02
-3.092233464121818542e-02
-1.175021380186080933e-02
2.352049574255943298e-03
-2.428199909627437592e-02
-5.040635168552398682e-02
2.364468818996101618e-04
-1.204916834831237793e-02
3.258022014051675797e-03
-9.495834819972515106e-03
1.836396194994449615e-02
6.117397546768188477e-02
2.887592650949954987e-02
2.377766743302345276e-02
4.175308346748352051e-02
1.422031037509441376e-02
3.717708960175514221e-02
4.218102619051933289e-02
2.801395952701568604e-02
-3.051399253308773041e-02
-4.691506922245025635e-02
-3.364719450473785400e-02
-8.222082257270812988e-02
-7.155497372150421143e-02
-7.456190139055252075e-02
-8.076442033052444458e-02
-3.716122731566429138e-02
-2.529818378388881683e-02
-4.875889420509338379e-02
-2.857890166342258453e-02
-4.101773351430892944e-02
-2.297837659716606140e-02
-5.857961997389793396e-02
-4.972381889820098877e-02
-1.651709317229688168e-05
-5.133979767560958862e-02
-5.261116847395896912e-02
2.786653116345405579e-02
3.132040053606033325e-02
7.523833960294723511e-02
2.398224361240863800e-02
3.096172213554382324e-02
5.129238590598106384e-02
9.940592572093009949e-03
3.129833564162254333e-02
-2.764473902061581612e-04
3.896641731262207031e-02
6.192054226994514465e-02
5.089757964015007019e-02
6.148239597678184509e-02
5.438686907291412354e-02
6.452023983001708984e-02
1.852370798587799072e-02
3.545673936605453491e-02
1.285408623516559601e-02
1.695115678012371063e-02
2.257351763546466827e-02
-7.423194125294685364e-03
1.923751644790172577e-02
1.831225864589214325e-02
-1.802488113753497601e-03
-1.389731466770172119e-02
-1.660808734595775604e-02
-1.684585399925708771e-02
2.407500706613063812e-02
1.321630273014307022e-02
1.666645752266049385e-03
5.064884200692176819e-03
1.854131184518337250e-02
4.502442106604576111e-02
-1.675386563874781132e-03
-1.151424832642078400e-02
5.507342144846916199e-02
-6.961464136838912964e-02
-6.594911962747573853e-02
-3.102675266563892365e-02
-3.832257166504859924e-02
-2.735833637416362762e-02
2.918917499482631683e-02
-4.009103775024414062e-02
-1.481120288372039795e-02
2.662263438105583191e-02
1.468359492719173431e-02
1.238457765430212021e-02
-2.525122649967670441e-02
-1.044153235852718353e-02
7.850302383303642273e-03
-3.743023797869682312e-02
-1.644228026270866394e-02
-1.780974864959716797e-02
-2.133277803659439087e-02
7.815513759851455688e-03
3.475222038105130196e-04
5.926495883613824844e-03
1.674302853643894196e-02
2.555961534380912781e-02
3.539279103279113770e-02
3.583294153213500977e-02
7.932889461517333984e-02
6.090187281370162964e-02
2.998863346874713898e-02
-1.227908674627542496e-02
1.612726412713527679e-02
5.522177740931510925e-02
2.036759071052074432e-02
3.365135937929153442e-02
6.540914624929428101e-02
5.415047705173492432e-02
4.205871373414993286e-02
1.160780806094408035e-02
4.612914472818374634e-02
4.206961020827293396e-02
1.882170513272285461e-02
5.508448556065559387e-02
5.287748295813798904e-03
-6.062156334519386292e-02
-1.813878677785396576e-02
-2.072342485189437866e-02
-3.672708198428153992e-02
-2.225598879158496857e-02
-1.895804144442081451e-02
-3.302586451172828674e-02
-3.848489001393318176e-02
-1.753097400069236755e-02
-3.744548931717872620e-02
-2.135345339775085449e-02
-1.840902492403984070e-02
-1.857752562500536442e-03
-3.677397593855857849e-02
-3.926350548863410950e-02
-2.891018288210034370e-03
3.185279783792793751e-04
1.517728064209222794e-02
1.434651762247085571e-02
4.273989424109458923e-02
1.012187376618385315e-01
1.383469905704259872e-03
-3.022884391248226166e-02
-2.320105023682117462e-02
-2.324668876826763153e-02
-2.945462614297866821e-02
-2.250371128320693970e-02
-2.119749411940574646e-02
-2.600247599184513092e-02
-1.517743244767189026e-02
-3.411384997889399529e-03
5.071002244949340820e-02
6.714530289173126221e-02
2.293398976325988770e-02
7.046034932136535645e-02
4.945984110236167908e-02
2.375006116926670074e-02
4.606810957193374634e-02
-3.925186581909656525e-03
-3.403599560260772705e-02
-3.349525853991508484e-02
-1.708164811134338379e-02
-3.482684260234236717e-03
3.310780599713325500e-02
9.757575578987598419e-03
5.387359857559204102e-02
5.968783795833587646e-02
7.979905349202454090e-04
-3.448573872447013855e-02
9.827342815697193146e-03
-8.265890181064605713e-03
-3.033632412552833557e-03
2.526532858610153198e-02
4.005996976047754288e-03
2.341099642217159271e-02
9.357858449220657349e-03
-1.370720099657773972e-02
2.935290895402431488e-02
6.598359346389770508e-02
4.505527019500732422e-02
4.542063176631927490e-02
6.041660159826278687e-02
7.028781622648239136e-02
3.557192161679267883e-02
2.107624150812625885e-02
4.786183685064315796e-02
-2.314610965549945831e-02
-5.388392135500907898e-02
-2.048798836767673492e-02
3.670153021812438965e-02
-1.082225888967514038e-02
1.057147886604070663e-02
5.461879447102546692e-02
5.901727359741926193e-03
2.501091919839382172e-02
3.980112075805664062e-02
3.382497280836105347e-02
5.250773206353187561e-02
3.979652002453804016e-02
3.721104562282562256e-02
3.210528194904327393e-02
4.361104965209960938e-02
1.825715973973274231e-02
1.922910846769809723e-02
-4.340358451008796692e-02
-3.005786053836345673e-02
4.578379541635513306e-02
-4.141313582658767700e-02
2.051996067166328430e-02
1.014036405831575394e-02
-4.710812587291002274e-03
5.126505158841609955e-03
2.599189616739749908e-02
1.634735241532325745e-02
6.191968917846679688e-02
1.103143021464347839e-01
-1.237353961914777756e-02
6.881066411733627319e-02
1.545996665954589844e-01
2.674225904047489166e-02
1.119852066040039062e-01
1.240735203027725220e-01
-2.946736291050910950e-02
-2.448035031557083130e-02
-2.015505731105804443e-02
-2.148743532598018646e-02
-3.205767273902893066e-02
-1.009041629731655121e-02
5.049907788634300232e-02
4.802703857421875000e-02
3.309568762779235840e-02
-4.911409318447113037e-02
-3.481432050466537476e-02
-3.178837150335311890e-02
-1.025012228637933731e-02
-1.777096092700958252e-02
-1.776831969618797302e-02
-3.285220265388488770e-02
-3.043924272060394287e-02
-3.818523511290550232e-02
-1.111196260899305344e-02
2.939586527645587921e-02
2.415200881659984589e-02
-3.146985918283462524e-02
1.988610252737998962e-02
2.773273922502994537e-02
-8.291676640510559082e-03
6.605670787394046783e-03
3.608705848455429077e-02
2.451267838478088379e-02
4.400686919689178467e-02
3.523688763380050659e-02
1.271059736609458923e-02
4.084784910082817078e-02
3.840943053364753723e-02
1.041287649422883987e-02
4.235459864139556885e-02
4.221853241324424744e-02
1.838910020887851715e-02
1.945434138178825378e-02
1.921196281909942627e-02
-2.163014578400179744e-04
3.027307987213134766e-02
5.109801143407821655e-02
4.937636852264404297e-02
7.154785841703414917e-02
3.270587325096130371e-02
-2.299625612795352936e-02
-4.190673306584358215e-02
-4.761005938053131104e-02
-3.334126248955726624e-02
-6.991142779588699341e-02
-5.323730036616325378e-02
1.749919913709163666e-02
-2.816803194582462311e-02
-3.187459334731101990e-02
-2.940513566136360168e-02
-5.042681470513343811e-02
4.815012682229280472e-03
-3.249027580022811890e-02
-2.495392225682735443e-02
3.773145750164985657e-02
-2.775854058563709259e-02
-2.860134467482566833e-02
3.234412521123886108e-02
-6.530728936195373535e-02
-6.616679579019546509e-02
-4.191002994775772095e-02
-5.753159150481224060e-02
-4.367989674210548401e-02
-3.983883932232856750e-02
-7.617319375276565552e-02
-7.354407012462615967e-02
-1.354811061173677444e-02
-2.694282738957554102e-05
-1.793775334954261780e-02
-4.026094451546669006e-03
3.447213768959045410e-02
-5.652928259223699570e-03
-3.323563560843467712e-02
2.798883616924285889e-02
-1.241734996438026428e-02
-1.788707822561264038e-02
-5.366627871990203857e-02
-3.341837599873542786e-02
-3.473294153809547424e-02
-4.734227061271667480e-02
-4.327298328280448914e-02
-1.848905533552169800e-02
3.688664408400654793e-03
-3.159162029623985291e-02
-1.910392194986343384e-02
5.908221006393432617e-02
9.947127848863601685e-02
6.481415778398513794e-02
7.028234004974365234e-02
2.309005521237850189e-02
2.714694291353225708e-02
-1.321300864219665527e-02
-6.143279373645782471e-02
-4.904789477586746216e-02
-3.558126464486122131e-02
-3.245115280151367188e-02
-3.258159384131431580e-02
1.432786788791418076e-02
-5.498844548128545284e-04
-1.190855167806148529e-02
9.731407277286052704e-03
-2.525281347334384918e-02
-3.929531574249267578e-02
-1.436644606292247772e-02
-2.527113445103168488e-02
-4.035524558275938034e-03
-8.105248212814331055e-03
-1.393932104110717773e-02
-3.672590479254722595e-02
1.190721709281206131e-02
2.862453646957874298e-02
7.945307530462741852e-03
7.047137618064880371e-02
4.293523728847503662e-02
7.933036424219608307e-03
6.940776109695434570e-02
2.165927365422248840e-02
1.545215491205453873e-02
5.046462640166282654e-02
4.645872861146926880e-02
8.126906119287014008e-03
-4.810052365064620972e-02
2.384869381785392761e-03
4.699125140905380249e-02
-1.885089091956615448e-02
1.979223638772964478e-02
7.450542598962783813e-02
4.884443711489439011e-03
3.861878812313079834e-02
4.428436979651451111e-02
-1.090808957815170288e-02
-2.267872914671897888e-02
4.797265864908695221e-03
9.700309485197067261e-03
1.311455667018890381e-02
1.728880964219570160e-02
5.662833154201507568e-02
2.467183768749237061e-02
4.055584222078323364e-02
-1.584151573479175568e-02
-3.421282768249511719e-02
-2.504365332424640656e-02
3.267792239785194397e-02
-3.514164313673973083e-02
-3.694039955735206604e-02
-6.765712983906269073e-03
-2.861761115491390228e-02
-1.865367405116558075e-02
3.620076924562454224e-02
3.563765808939933777e-02
1.308912038803100586e-02
-5.168217699974775314e-03
-2.321402728557586670e-02
-1.629770733416080475e-02
-4.479314200580120087e-03
5.292533431202173233e-03
-1.615617424249649048e-02
-3.441839665174484253e-02
-4.201604425907135010e-02
-2.476872690021991730e-02
8.792689070105552673e-03
-1.715493388473987579e-02
-1.326415874063968658e-02
4.492836818099021912e-02
6.718391180038452148e-02
7.464598864316940308e-02
2.138317562639713287e-02
4.498858377337455750e-02
8.847913704812526703e-03
1.117324805818498135e-03
2.919081971049308777e-02
4.818520694971084595e-02
2.807252667844295502e-02
6.012422963976860046e-02
2.650419250130653381e-02
-9.043694473803043365e-03
-7.584801642224192619e-04
-3.866590093821287155e-03
2.451448701322078705e-02
1.657645963132381439e-02
-4.747774451971054077e-03
3.161499649286270142e-02
3.621819987893104553e-02
2.248022792628034949e-04
1.234614327549934387e-01
9.247336536645889282e-02
-5.513423588126897812e-03
8.475757390260696411e-02
6.422463059425354004e-02
-2.696574293076992035e-02
3.602336719632148743e-02
2.782501466572284698e-02
-1.476120855659246445e-02
1.205851440317928791e-03
4.182350635528564453e-02
-2.241150289773941040e-02
2.161212638020515442e-02
-1.280246395617723465e-02
2.865289337933063507e-02
1.776466378942131996e-03
-1.141149457544088364e-02
2.588869770988821983e-03
3.179218620061874390e-02
6.453054375015199184e-04
7.834427058696746826e-03
4.458010196685791016e-02
9.799893014132976532e-03
2.077344991266727448e-02
3.376976400613784790e-02
-1.252029184252023697e-02
7.318173069506883621e-03
2.287539280951023102e-02
2.488039433956146240e-02
4.637376964092254639e-02
3.516943752765655518e-02
3.147992491722106934e-02
1.112399324774742126e-01
1.751849241554737091e-02
4.295503348112106323e-02
9.281487017869949341e-02
-7.642376422882080078e-02
-5.021456256508827209e-02
-1.129715889692306519e-02
-3.612556681036949158e-02
-7.615657150745391846e-02
-6.372619420289993286e-02
2.040445059537887573e-02
-7.411120831966400146e-02
-1.024568155407905579e-01
8.635112084448337555e-03
-2.577192708849906921e-02
-2.166298404335975647e-02
-5.156239122152328491e-02
-3.273692727088928223e-02
-6.345088779926300049e-02
-4.094907268881797791e-02
-4.127068817615509033e-02
-8.897074731066823006e-04
-3.930914029479026794e-02
-3.788837417960166931e-02
-1.768503221683204174e-03
-1.713231950998306274e-02
-7.389360666275024414e-02
-8.886847645044326782e-03
-2.084088139235973358e-02
-4.167417436838150024e-02
9.295152500271797180e-03
1.252027321606874466e-02
4.141800105571746826e-02
3.425262868404388428e-02
-1.137938257306814194e-02
-2.086163312196731567e-02
7.650293875485658646e-03
-9.239257313311100006e-03
-3.565575182437896729e-02
-2.454875223338603973e-02
-1.730128563940525055e-02
-4.384995624423027039e-02
-3.133694082498550415e-02
-1.696901582181453705e-02
-2.998870238661766052e-02
-2.873245626688003540e-02
6.158277858048677444e-03
-3.476443514227867126e-02
-2.854642271995544434e-02
-3.364045172929763794e-02
-7.684634532779455185e-03
-1.214081700891256332e-02
-7.671597413718700409e-03
8.258555084466934204e-02
7.838505506515502930e-02
4.303294420242309570e-02
6.530633568763732910e-02
8.997457474470138550e-02
1.012566126883029938e-02
1.695853471755981445e-02
5.979179870337247849e-03
7.314958143979310989e-03
-1.899161934852600098e-02
-1.508834119886159897e-02
2.204182371497154236e-02
4.092276841402053833e-02
7.076870184391736984e-03
4.028076946269720793e-04
5.469761788845062256e-02
3.888658061623573303e-02
2.920610085129737854e-02
7.871998846530914307e-02
1.098250448703765869e-01
1.065143104642629623e-02
7.139483839273452759e-02
9.935881942510604858e-02
-8.187015354633331299e-02
-5.939861014485359192e-02
-2.833812125027179718e-02
-4.870882257819175720e-02
-7.554992288351058960e-02
-3.358086943626403809e-02
4.926982149481773376e-02
-2.155577676603570580e-04
-8.148644119501113892e-03
2.497835271060466766e-02
7.841533049941062927e-03
8.860672242008149624e-04
1.691206917166709900e-02
1.349704246968030930e-02
2.695968188345432281e-02
-7.139438297599554062e-03
1.100465375930070877e-02
4.767527058720588684e-02
6.349071860313415527e-02
2.462334558367729187e-02
-1.369640138000249863e-02
1.781244389712810516e-02
9.531749412417411804e-03
6.528452504426240921e-03
-2.820482105016708374e-02
-8.765014819800853729e-03
1.719896309077739716e-02
5.271486588753759861e-04
-8.034115307964384556e-04
6.306935101747512817e-02
-2.106312289834022522e-02
1.555288489907979965e-02
4.146273061633110046e-02
-5.390783306211233139e-03
1.808813773095607758e-03
3.052581474184989929e-02
-4.939604550600051880e-03
-1.222561113536357880e-02
-1.962140947580337524e-02
-2.683834731578826904e-02
-5.289451032876968384e-02
-3.840463235974311829e-02
-6.723189353942871094e-02
-5.899050086736679077e-02
-1.712530478835105896e-02
-8.215432055294513702e-03
-2.898206561803817749e-02
-2.932170219719409943e-02
-1.158097758889198303e-02
-2.190190926194190979e-02
-5.542002618312835693e-02
-3.770510433241724968e-03
-1.399969309568405151e-02
-4.319230839610099792e-02
4.538906365633010864e-02
6.852922588586807251e-02
5.078703537583351135e-02
4.952444881200790405e-02
8.459899574518203735e-02
5.365454033017158508e-02
1.871100626885890961e-02
2.446491271257400513e-02
-9.708806872367858887e-03
2.373243495821952820e-02
2.887555165216326714e-04
-1.866958476603031158e-02
-1.149274036288261414e-02
-5.912841483950614929e-02
-6.238360330462455750e-02
-8.085100911557674408e-03
-4.612760618329048157e-02
-5.482500419020652771e-02
1.904343627393245697e-02
-8.186326362192630768e-03
-3.028295747935771942e-02
-1.403288170695304871e-02
-2.811544761061668396e-02
-3.524301201105117798e-02
-3.063044697046279907e-02
-2.355174627155065536e-03
3.578651463612914085e-03
6.703811883926391602e-02
6.354317814111709595e-02
1.294952910393476486e-02
7.356481999158859253e-02
1.003580838441848755e-01
6.314133852720260620e-02
5.231817811727523804e-02
1.026709452271461487e-01
7.636553794145584106e-02
-6.075104232877492905e-03
1.808429323136806488e-02
2.115879766643047333e-02
-3.178396821022033691e-02
-3.275620192289352417e-02
-7.473354227840900421e-03
-1.887300238013267517e-02
-1.273851282894611359e-02
-4.245393909513950348e-03
-3.223967552185058594e-02
-2.150988578796386719e-02
5.748483166098594666e-02
-2.952285483479499817e-02
-1.918024942278862000e-02
1.752178743481636047e-02
-3.994908183813095093e-02
-6.957882433198392391e-04
1.115535944700241089e-02
-5.727997422218322754e-02
-4.744701087474822998e-02
1.046457677148282528e-03
-4.234305396676063538e-02
-4.966598749160766602e-02
1.383782178163528442e-02
-5.083867162466049194e-02
-2.427127398550510406e-02
2.589081600308418274e-02
4.555094614624977112e-02
4.031545668840408325e-02
1.972297392785549164e-02
4.132025688886642456e-02
4.858354106545448303e-02
4.491739347577095032e-02
4.399106279015541077e-02
2.242304757237434387e-02
1.327394694089889526e-02
-1.679913513362407684e-02
9.067664854228496552e-03
-4.668605979532003403e-03
9.428648278117179871e-03
5.310486070811748505e-03
2.345932088792324066e-02
1.156381051987409592e-02
-9.152933023869991302e-03
4.252162203192710876e-02
2.370549831539392471e-03
4.086614027619361877e-02
6.178768724203109741e-02
3.814347088336944580e-02
1.089586876332759857e-02
4.824767634272575378e-02
2.561447210609912872e-02
1.614123466424643993e-04
3.168439492583274841e-02
-7.973629049956798553e-03
-5.581432022154331207e-03
2.851481735706329346e-02
-1.718614809215068817e-02
2.129058353602886200e-02
1.595892570912837982e-02
2.019209042191505432e-02
5.581541731953620911e-02
5.508104339241981506e-02
-3.238021209836006165e-02
-6.559647619724273682e-02
-8.724717795848846436e-02
-1.456365175545215607e-02
-3.075952641665935516e-02
-5.445171520113945007e-02
-2.342061512172222137e-02
-7.065205276012420654e-02
-8.445160090923309326e-02
1.166077516973018646e-02
2.477462030947208405e-02
-6.263391580432653427e-03
5.671247374266386032e-03
-2.676787786185741425e-02
-5.900408700108528137e-02
-1.229465473443269730e-02
-4.168201610445976257e-02
-8.057983219623565674e-02
-5.520926415920257568e-02
3.866335144266486168e-03
1.614813506603240967e-02
-2.609367482364177704e-02
-1.947076641954481602e-03
5.025843624025583267e-03
2.240107953548431396e-02
7.745994720607995987e-03
2.530153142288327217e-03
8.516327477991580963e-03
3.867685794830322266e-02
6.785497535020112991e-03
7.674746960401535034e-02
8.799806982278823853e-02
-5.445172078907489777e-03
1.042085736989974976e-01
1.133926957845687866e-01
3.176504001021385193e-02
3.905172646045684814e-02
5.044289305806159973e-02
4.099948331713676453e-02
5.996227636933326721e-02
5.597387999296188354e-02
6.289152055978775024e-02
3.429344296455383301e-02
5.923768505454063416e-02
5.646540969610214233e-02
-5.881274864077568054e-02
-2.404073812067508698e-02
9.070904925465583801e-03
-4.218248277902603149e-02
-4.916415736079216003e-02
-4.300158098340034485e-02
-1.542553119361400604e-02
3.059598617255687714e-03
-2.150165848433971405e-02
-1.549412868916988373e-02
6.038242485374212265e-03
4.329947842052206397e-05
-4.217647761106491089e-02
-3.110555186867713928e-02
-2.281773462891578674e-02
-3.953822329640388489e-02
-5.253780633211135864e-02
-4.634786024689674377e-02
-4.369314387440681458e-02
-2.411538362503051758e-02
-4.491683468222618103e-02
-2.473323792219161987e-02
-2.269003540277481079e-02
-5.135292187333106995e-02
-3.011795924976468086e-03
-1.505457516759634018e-02
-1.844022306613624096e-03
-2.172931469976902008e-02
-2.118445374071598053e-02
-1.401266269385814667e-02
-2.690592966973781586e-02
-1.050957106053829193e-02
-6.529274978674948215e-04
-3.130600601434707642e-02
-5.048858746886253357e-02
-3.961106762290000916e-02
-2.085168380290269852e-03
-4.642928764224052429e-02
-8.277019113302230835e-02
-3.963451460003852844e-02
-7.126519083976745605e-02
-7.615698873996734619e-02
-3.361994028091430664e-02
-6.981609016656875610e-02
-6.354729831218719482e-02
-1.799456402659416199e-02
9.974401444196701050e-03
1.645287871360778809e-02
-2.834749966859817505e-02
-2.879785373806953430e-02
1.289178244769573212e-02
-5.483282729983329773e-02
-6.718789041042327881e-02
-2.282147854566574097e-02
3.997630253434181213e-02
3.949983417987823486e-02
-1.401981711387634277e-02
3.604383021593093872e-02
4.390094429254531860e-03
-3.165178000926971436e-02
5.504396185278892517e-02
1.423690374940633774e-02
8.033529156818985939e-04
-3.144073858857154846e-02
-4.060387611389160156e-02
-1.993935741484165192e-02
-4.601145163178443909e-02
-3.416419029235839844e-02
-2.879615686833858490e-02
6.263530813157558441e-03
-3.823080658912658691e-02
4.737494047731161118e-03
-2.781796455383300781e-02
3.302142955362796783e-03
2.925893105566501617e-02
-4.756828770041465759e-02
2.826133184134960175e-02
2.875737845897674561e-02
-1.191067788749933243e-02
2.428155019879341125e-02
1.466377824544906616e-02
-4.619298852048814297e-04
1.618016697466373444e-02
5.089887604117393494e-02
6.022380292415618896e-02
3.148017823696136475e-02
4.573285952210426331e-02
2.355114929378032684e-02
4.925921559333801270e-02
6.878717336803674698e-03
-4.432159662246704102e-02
-7.645142078399658203e-02
-5.597316101193428040e-02
-5.721946433186531067e-02
-8.235726505517959595e-02
-9.449193626642227173e-02
-3.652189299464225769e-02
-9.382283687591552734e-02
-7.850665599107742310e-02
-1.857268624007701874e-02
1.895424164831638336e-02
1.906921714544296265e-02
-3.347516758367419243e-03
2.303419448435306549e-02
9.844982624053955078e-02
-1.288397889584302902e-02
6.066778209060430527e-03
5.645702034235000610e-02
-4.855883866548538208e-02
-3.119313903152942657e-02
-2.367050386965274811e-02
-1.846759207546710968e-02
1.486194878816604614e-02
2.625400200486183167e-02
1.612545311218127608e-04
-1.229461189359426498e-02
-9.495896287262439728e-03
4.186627455055713654e-03
-4.391814116388559341e-03
-2.871780470013618469e-02
7.909388840198516846e-02
5.699289590120315552e-02
4.794364050030708313e-02
7.420836389064788818e-02
4.632152244448661804e-02
4.323934763669967651e-02
-4.681224375963211060e-02
-2.468471229076385498e-02
-3.677547723054885864e-02
-2.019801922142505646e-02
-2.429614774882793427e-02
-1.661383360624313354e-02
1.949086599051952362e-02
4.741531237959861755e-02
3.535703569650650024e-02
-1.809367910027503967e-02
-2.849687263369560242e-02
-2.742631919682025909e-02
5.960129201412200928e-03
-3.070372156798839569e-02
-2.475976943969726562e-02
3.580615669488906860e-02
1.054696273058652878e-02
-1.405076868832111359e-02
4.665033891797065735e-02
5.253151431679725647e-02
4.485251847654581070e-03
1.767556928098201752e-02
6.736715883016586304e-02
3.415745124220848083e-02
-1.405100151896476746e-02
7.759599015116691589e-03
2.570002339780330658e-02
-1.042426098138093948e-02
2.145098755136132240e-03
2.055914700031280518e-02
9.156250162050127983e-04
5.898919887840747833e-03
3.167063742876052856e-02
-5.228797905147075653e-03
-2.512199571356177330e-03
1.846686750650405884e-02
-9.073964902199804783e-04
-2.644337364472448826e-04
2.284410037100315094e-02
-1.239192299544811249e-02
-1.316028274595737457e-02
1.753576099872589111e-02
-6.177832931280136108e-02
-4.839428886771202087e-02
-2.674816176295280457e-02
-5.870798602700233459e-02
-5.092636868357658386e-02
-3.381575644016265869e-02
-7.319439202547073364e-02
-6.151501461863517761e-02
-8.780451864004135132e-02
-3.508361428976058960e-02
-4.460237547755241394e-02
-4.590227454900741577e-02
2.823894470930099487e-02
5.853500217199325562e-03
-2.399301901459693909e-02
1.955238543450832367e-02
2.237416245043277740e-02
5.904105026274919510e-03
9.000861085951328278e-03
-2.465927228331565857e-02
2.512222342193126678e-02
4.295271821320056915e-03
1.656052656471729279e-02
2.815225906670093536e-02
-3.636212646961212158e-02
-2.685917541384696960e-02
1.994659937918186188e-02
-6.116392090916633606e-02
-5.282536894083023071e-02
1.590028405189514160e-02
-9.668030776083469391e-03
5.779201164841651917e-03
-4.169215389993041754e-04
1.326038874685764313e-02
3.790683671832084656e-02
4.451788216829299927e-02
1.502470765262842178e-02
3.461250290274620056e-02
1.890418305993080139e-02
-7.561553269624710083e-03
3.707889094948768616e-02
6.641503423452377319e-02
-7.962167263031005859e-03
1.825866289436817169e-02
6.577862054109573364e-02
-2.514377236366271973e-02
2.083379775285720825e-02
3.963905945420265198e-02
2.638565562665462494e-02
3.433777019381523132e-02
6.307829916477203369e-02
1.941862143576145172e-02
7.866074144840240479e-02
7.890174537897109985e-02
1.589589286595582962e-03
4.242347925901412964e-02
6.863309442996978760e-02
-5.097209941595792770e-03
-1.231762301176786423e-02
-1.044773310422897339e-02
7.971542887389659882e-03
9.626452811062335968e-03
8.056566119194030762e-03
8.345982991158962250e-03
7.609204389154911041e-03
6.050862371921539307e-03
4.682142287492752075e-02
7.278113812208175659e-02
5.924715101718902588e-02
4.556968435645103455e-02
2.997379563748836517e-02
3.742782026529312134e-02
1.221057586371898651e-02
-1.728837727569043636e-03
-2.852455340325832367e-02
-2.423432283103466034e-02
-3.182904049754142761e-02
-4.693719372153282166e-02
-1.211041864007711411e-02
-1.486291550099849701e-02
-6.583480536937713623e-02
-9.751689620316028595e-03
1.245093881152570248e-03
-1.783235743641853333e-02
1.726195029914379120e-02
3.079035319387912750e-02
3.692036867141723633e-02
-2.964903414249420166e-02
-2.087587676942348480e-02
-1.768031716346740723e-02
-2.815613709390163422e-02
-1.387748681008815765e-02
-2.637300267815589905e-02
8.895489387214183807e-03
9.092837572097778320e-03
7.837887853384017944e-03
7.613571360707283020e-03
4.303253255784511566e-03
4.368439316749572754e-02
-3.225830942392349243e-02
-8.683606050908565521e-03
-6.921872962266206741e-03
-3.148518130183219910e-02
-4.093212634325027466e-02
-2.937063388526439667e-02
-3.117430210113525391e-02
-3.187300264835357666e-02
-3.776860237121582031e-02
-2.395925112068653107e-02
-4.894873872399330139e-02
-7.297143340110778809e-02
4.231238365173339844e-02
5.109787452965974808e-03
1.186766778118908405e-03
-2.420317754149436951e-02
8.815629407763481140e-03
-7.100472226738929749e-03
-4.422725737094879150e-02
-1.658193767070770264e-02
-3.079947549849748611e-03
-2.845358103513717651e-02
9.623281075619161129e-04
-1.497346814721822739e-02
-1.308495178818702698e-02
-2.391952276229858398e-02
-1.074015628546476364e-02
-6.259085610508918762e-03
-2.676638960838317871e-02
2.062931424006819725e-03
-1.443577650934457779e-02
1.638156361877918243e-03
-2.194756455719470978e-02
-2.531947568058967590e-02
-9.986904449760913849e-03
-9.955167770385742188e-03
1.820801198482513428e-02
4.720787052065134048e-03
-1.602612063288688660e-02
-8.923832327127456665e-03
-5.134252086281776428e-02
-6.316014379262924194e-02
4.865214973688125610e-02
3.180289641022682190e-02
-1.012596860527992249e-02
4.092922434210777283e-02
5.365186929702758789e-02
2.885401435196399689e-02
-4.282250069081783295e-03
1.184105966240167618e-02
1.562888920307159424e-02
-2.508954331278800964e-02
-3.734454885125160217e-02
-4.925637971609830856e-03
-4.714417271316051483e-03
-3.292218595743179321e-02
-1.129220519214868546e-02
3.317136690020561218e-02
4.188748076558113098e-03
2.451251819729804993e-02
1.812643185257911682e-02
4.109001904726028442e-02
3.589943051338195801e-02
-2.359098754823207855e-03
2.009989880025386810e-02
2.436125883832573891e-03
-1.588696800172328949e-02
-4.386525228619575500e-02
-2.933800034224987030e-02
2.006794884800910950e-02
1.297336164861917496e-02
3.393902629613876343e-02
5.185122415423393250e-02
8.876663446426391602e-02
8.825463056564331055e-02
-2.964751422405242920e-02
2.722047793213278055e-04
4.753513634204864502e-02
-5.919672921299934387e-02
-2.464739419519901276e-02
7.332807406783103943e-03
-7.285308092832565308e-02
-1.662372983992099762e-02
-2.351511083543300629e-02
-4.301026463508605957e-03
-2.914882265031337738e-03
-2.165541239082813263e-02
-1.459480728954076767e-03
1.650444045662879944e-02
-2.048522606492042542e-02
-3.668639063835144043e-02
-3.037278726696968079e-02
-4.185152053833007812e-02
-2.631470747292041779e-02
-8.074059337377548218e-02
-1.059389188885688782e-01
2.411330491304397583e-02
-3.113566339015960693e-02
-7.710090279579162598e-02
4.363138973712921143e-02
-7.695071864873170853e-03
-5.656468495726585388e-02
-6.249752640724182129e-02
-8.356010913848876953e-02
-7.876159250736236572e-02
-3.144837915897369385e-02
-5.034503713250160217e-02
-8.309142291545867920e-02
3.630488738417625427e-02
-5.882591474801301956e-03
-4.105259478092193604e-02
7.668755017220973969e-03
1.923524774610996246e-02
-8.550627389922738075e-04
3.063356690108776093e-02
1.231518480926752090e-02
1.773461699485778809e-02
1.393690891563892365e-02
1.020866353064775467e-02
-2.049019560217857361e-02
1.157045457512140274e-02
4.793186206370592117e-03
7.397745270282030106e-03
-1.564083807170391083e-02
8.870522142387926579e-04
-2.998959086835384369e-02
-1.831763773225247860e-03
-1.641194149851799011e-02
-6.259513646364212036e-02
3.309457749128341675e-02
4.243909195065498352e-02
1.416897308081388474e-02
3.155386820435523987e-02
1.092859916388988495e-02
-6.332651246339082718e-03
-2.096203714609146118e-02
-2.686260454356670380e-02
6.284978240728378296e-03
-3.383834147825837135e-03
1.861031353473663330e-02
-3.348933067172765732e-03
6.419405806809663773e-03
1.827172376215457916e-02
1.394034479744732380e-03
1.418782770633697510e-02
1.033241022378206253e-02
2.622392401099205017e-02
-7.432641088962554932e-02
-1.103981733322143555e-01
-9.276072680950164795e-02
-7.030253112316131592e-02
-9.907492250204086304e-02
-9.506466984748840332e-02
-6.455580145120620728e-02
-9.092377871274948120e-02
-7.466945797204971313e-02
3.175454912707209587e-03
-2.049108035862445831e-02
-1.325013348832726479e-03
-3.115292079746723175e-02
-6.887841969728469849e-02
-5.059840530157089233e-02
-4.144853726029396057e-02
-8.218811452388763428e-02
-8.282554149627685547e-02
-6.831636652350425720e-03
-1.298775896430015564e-02
-2.949399501085281372e-02
-5.151548422873020172e-03
-3.910155966877937317e-02
-2.586097083985805511e-02
-8.582167327404022217e-03
-3.227571025490760803e-02
-2.779639139771461487e-02
2.265758812427520752e-02
1.583531312644481659e-02
8.934373967349529266e-03
3.067372366786003113e-02
4.776661284267902374e-03
-1.543051912449300289e-03
-9.279413148760795593e-03
-8.954671211540699005e-03
3.047458454966545105e-02
-6.718042772263288498e-03
-1.310112141072750092e-02
-1.198355108499526978e-03
1.409465540200471878e-02
3.867150470614433289e-02
3.080512024462223053e-02
1.743958331644535065e-02
-3.997949417680501938e-03
2.879978157579898834e-02
-6.771446205675601959e-03
1.797521486878395081e-02
3.014635667204856873e-02
-1.111125224269926548e-03
3.151083365082740784e-02
6.555761396884918213e-02
-6.050453521311283112e-03
2.826373279094696045e-02
3.073387034237384796e-02
3.332508355379104614e-02
1.804043911397457123e-02
2.748907078057527542e-03
1.998430117964744568e-02
5.401185527443885803e-02
5.082331597805023193e-02
-8.892857469618320465e-03
7.989648729562759399e-02
7.182981818914413452e-02
1.173435151576995850e-02
2.409135550260543823e-02
1.078367792069911957e-02
9.980097413063049316e-03
-1.499066222459077835e-02
3.475356847047805786e-02
-6.590350996702909470e-03
-9.061614982783794403e-03
1.987004280090332031e-02
6.875979248434305191e-03
9.184987097978591919e-02
6.980919092893600464e-02
-1.807158254086971283e-02
4.460857436060905457e-02
1.051274910569190979e-01
-2.013172581791877747e-02
9.663710743188858032e-02
9.389059990644454956e-02
6.465315527748316526e-05
1.125319488346576691e-02
1.098574791103601456e-02
3.281288966536521912e-02
2.055531367659568787e-02
3.024990856647491455e-02
3.262164443731307983e-02
3.734590858221054077e-02
4.086790233850479126e-02
-4.942823946475982666e-02
-9.311097674071788788e-03
3.197902441024780273e-02
-3.479481115937232971e-02
-5.683902185410261154e-03
1.668938063085079193e-02
-2.362433262169361115e-02
-3.979888558387756348e-02
1.151358895003795624e-02
-1.581166684627532959e-02
-4.110537469387054443e-02
-1.123679243028163910e-02
-2.104833163321018219e-02
-3.723314404487609863e-02
-4.110042005777359009e-02
-1.711048558354377747e-02
-4.808126389980316162e-02
-9.646993875503540039e-02
-5.961773544549942017e-02
-6.738021224737167358e-02
-3.716294094920158386e-02
-7.668345421552658081e-02
-7.115296274423599243e-02
-4.955130442976951599e-02
-7.258924096822738647e-02
-8.316053450107574463e-02
-7.932960987091064453e-02
3.584452718496322632e-02
1.789091341197490692e-02
6.534334970638155937e-04
7.250399328768253326e-03
3.472395241260528564e-02
3.562039881944656372e-02
1.238710153847932816e-02
6.839486956596374512e-02
4.718368500471115112e-02
-7.961198687553405762e-03
-6.747412960976362228e-03
-3.166111931204795837e-02
3.471616655588150024e-02
2.158965356647968292e-02
2.116809831932187080e-03
6.958524137735366821e-02
7.216545939445495605e-02
4.062274098396301270e-02
-3.314235433936119080e-02
2.164589008316397667e-03
2.349154464900493622e-02
-4.308262467384338379e-02
-2.150791697204113007e-02
-1.311733759939670563e-02
-3.956890478730201721e-02
-5.015311390161514282e-02
-2.213768102228641510e-02
-2.729099988937377930e-02
-1.099024340510368347e-02
-6.070878356695175171e-03
-4.887279868125915527e-02
6.670215632766485214e-03
3.776478394865989685e-02
-2.008350752294063568e-02
5.676149576902389526e-02
6.300324946641921997e-02
1.765723153948783875e-02
2.178828045725822449e-02
-1.935724355280399323e-02
2.338944375514984131e-02
2.194445347413420677e-03
1.357164513319730759e-02
-6.596805993467569351e-03
1.486099511384963989e-02
-9.639645926654338837e-03
-3.836542367935180664e-02
1.490817219018936157e-02
2.072161249816417694e-02
-2.812875434756278992e-03
2.548653259873390198e-02
1.069167815148830414e-02
1.787887327373027802e-02
1.975043863058090210e-02
-6.365364417433738708e-03
-9.369956329464912415e-03
-4.296765476465225220e-02
-3.358791768550872803e-02
-7.174512371420860291e-03
-2.348134294152259827e-02
-1.888478361070156097e-02
1.061526313424110413e-02
1.021432573907077312e-03
4.561095498502254486e-03
-3.903780877590179443e-02
9.778629988431930542e-03
3.110341168940067291e-02
-6.414569169282913208e-02
1.096253748983144760e-02
5.439153313636779785e-02
-4.746403545141220093e-02
3.434114530682563782e-02
6.431944668292999268e-02
-2.682466246187686920e-02
-4.485652223229408264e-02
-5.123873800039291382e-02
-8.991606533527374268e-03
-1.898599788546562195e-02
-2.519186399877071381e-02
-1.871422119438648224e-02
-2.418980002403259277e-02
-5.223229900002479553e-02
1.653405837714672089e-02
2.394854091107845306e-02
-2.798888459801673889e-02
-9.277816861867904663e-03
-1.323127094656229019e-02
-4.002543538808822632e-02
-9.006796404719352722e-03
-2.812258340418338776e-02
-1.661391928791999817e-02
-1.322616264224052429e-02
-3.317274525761604309e-02
-1.032705977559089661e-02
3.153823083266615868e-03
-5.024607107043266296e-02
-6.739670783281326294e-02
5.065570399165153503e-02
-6.353849545121192932e-03
-8.500076830387115479e-03
2.803688496351242065e-02
3.009193390607833862e-02
1.714431308209896088e-02
7.632069755345582962e-03
4.372266121208667755e-03
9.261704981327056885e-03
-2.453955262899398804e-02
-6.071541830897331238e-02
-3.147730976343154907e-02
-1.534012518823146820e-02
-3.837442025542259216e-02
-1.327314227819442749e-02
-2.509672008454799652e-02
-1.113194972276687622e-02
1.935033872723579407e-02
1.519464980810880661e-02
3.182204067707061768e-02
4.046959057450294495e-02
-2.527438290417194366e-02
9.586876258254051208e-03
2.030183933675289154e-02
-2.091924101114273071e-02
7.475512474775314331e-02
1.271283775568008423e-01
-3.320353850722312927e-02
9.612736105918884277e-02
1.198203563690185547e-01
-2.243134751915931702e-02
-1.136456057429313660e-02
-1.432523969560861588e-02
5.956927780061960220e-03
-1.377478055655956268e-02
-2.154882997274398804e-02
2.117232885211706161e-03
4.705349914729595184e-03
1.285735238343477249e-02
-2.566329576075077057e-02
-1.771197840571403503e-02
-1.768111437559127808e-02
-3.125123307108879089e-02
1.550494134426116943e-02
2.080368809401988983e-02
3.272203030064702034e-03
2.044101804494857788e-02
7.659900933504104614e-02
5.488536134362220764e-02
4.918693006038665771e-02
2.253452315926551819e-02
6.017239764332771301e-02
5.274234339594841003e-02
3.003562428057193756e-02
4.512551799416542053e-02
5.830886214971542358e-02
2.469535358250141144e-02
-5.064582452178001404e-03
1.806036196649074554e-02
-1.616199500858783722e-02
2.485733106732368469e-02
-1.040983851999044418e-02
-3.273310139775276184e-02
-2.502376737538725138e-04
8.384120650589466095e-03
-5.120513960719108582e-02
1.858442276716232300e-02
1.415314269252121449e-03
-1.788556389510631561e-02
3.480000048875808716e-02
2.127367816865444183e-02
2.012065052986145020e-02
-8.769506588578224182e-03
2.430666610598564148e-02
5.422325804829597473e-02
-6.183906644582748413e-02
-2.153569087386131287e-02
3.232151269912719727e-02
-8.242170512676239014e-02
-3.770095854997634888e-02
1.613789424300193787e-02
-4.940816760063171387e-02
-4.434028267860412598e-02
-4.301791638135910034e-02
1.071180589497089386e-02
1.474698074162006378e-02
-4.134909436106681824e-02
5.130434408783912659e-03
-1.448797993361949921e-04
-2.578433975577354431e-02
1.716616749763488770e-02
-1.988079398870468140e-02
-6.533636152744293213e-02
-2.357079088687896729e-02
-1.634657965041697025e-03
4.112703353166580200e-02
-4.466870054602622986e-02
2.350242249667644501e-02
1.637536659836769104e-02
-2.376840822398662567e-02
2.665242366492748260e-02
3.009571228176355362e-03
-6.168008595705032349e-02
-3.906884789466857910e-02
1.375359366647899151e-03
-2.552275359630584717e-02
-2.012453414499759674e-02
2.395858522504568100e-03
-2.360321581363677979e-02
-1.814073510468006134e-02
-7.370265200734138489e-03
9.462342597544193268e-03
-5.690317600965499878e-03
2.778994385153055191e-03
-5.854118149727582932e-03
-4.417172167450189590e-03
1.183591410517692566e-02
-2.259482257068157196e-02
-5.358733609318733215e-02
-3.988931328058242798e-02
-9.878010302782058716e-02
-8.659892529249191284e-02
-2.637822926044464111e-02
-1.226292327046394348e-01
-1.265269517898559570e-01
-6.289368122816085815e-02
-8.547138422727584839e-02
-9.451557695865631104e-02
-2.116714045405387878e-02
-2.091400092467665672e-03
-4.677616432309150696e-02
-7.408442348241806030e-02
4.315387457609176636e-03
-1.902038790285587311e-02
-3.566541895270347595e-02
4.397762194275856018e-02
1.621292904019355774e-02
-1.558499038219451904e-02
6.269923597574234009e-02
5.267696455121040344e-02
-2.618522848933935165e-04
4.653495922684669495e-02
5.128875374794006348e-02
3.506175428628921509e-02
4.698641225695610046e-02
2.865758351981639862e-02
2.265761233866214752e-02
-1.987386494874954224e-02
-5.221525579690933228e-02
4.054393153637647629e-03
-2.051851898431777954e-02
-4.519277065992355347e-02
-1.049205381423234940e-02
-8.181447163224220276e-03
-3.456524387001991272e-02
1.012896746397018433e-02
-5.878401920199394226e-02
-8.200350403785705566e-02
-5.981969460844993591e-02
-2.525966428220272064e-02
-6.883508712053298950e-02
-6.773104518651962280e-02
-2.548626624047756195e-02
-1.937671937048435211e-02
-2.692404901608824730e-03
-2.223493531346321106e-03
-1.824380084872245789e-02
-4.409372806549072266e-02
-3.585818037390708923e-02
-3.057143464684486389e-02
-3.808939084410667419e-02
-1.274070329964160919e-02
-2.967013791203498840e-02
6.805054843425750732e-03
7.835042662918567657e-03
-1.144895516335964203e-02
-5.328438803553581238e-02
-2.030756883323192596e-02
-3.897636011242866516e-02
-5.376437678933143616e-02
1.292179245501756668e-02
-5.822135135531425476e-03
-2.510442957282066345e-02
2.139773964881896973e-02
-8.670332841575145721e-03
-1.671860553324222565e-02
7.181660272181034088e-03
-1.337563339620828629e-02
-2.202870883047580719e-02
5.471471231430768967e-03
1.964556239545345306e-02
1.470632012933492661e-02
3.613378107547760010e-02
1.262205373495817184e-02
-2.199413068592548370e-02
5.144908651709556580e-02
3.779133036732673645e-02
-3.967262059450149536e-02
3.659455478191375732e-02
5.308146774768829346e-02
-5.232395976781845093e-02
2.711773267947137356e-04
-2.254014648497104645e-02
-3.215699270367622375e-02
2.747617545537650585e-04
5.098579917103052139e-03
-3.222490474581718445e-02
2.509888075292110443e-02
1.688219979405403137e-02
5.264325067400932312e-03
4.257774446159601212e-03
-4.207975696772336960e-03
-2.514091506600379944e-02
-2.442652732133865356e-02
2.075232751667499542e-02
4.686824046075344086e-03
-3.078451193869113922e-02
9.269836358726024628e-03
3.251387178897857666e-02
-2.683716453611850739e-02
-3.642301633954048157e-02
-4.790700599551200867e-02
-3.549142181873321533e-02
-2.951359748840332031e-02
1.489722542464733124e-02
5.237771943211555481e-02
7.874164730310440063e-02
1.035003215074539185e-01
-3.796069324016571045e-02
4.950671456754207611e-03
2.281625987961888313e-03
-4.633941128849983215e-02
-3.331566229462623596e-02
-4.601104930043220520e-02
-9.834281168878078461e-03
-3.942152485251426697e-02
-3.798022866249084473e-02
3.344558179378509521e-02
5.335923284292221069e-02
5.209570284932851791e-03
3.059712797403335571e-02
1.722084917128086090e-02
-3.090593591332435608e-02
-1.102933101356029510e-02
-1.568752527236938477e-02
-5.954294279217720032e-02
-5.582726374268531799e-02
-1.361993420869112015e-02
2.460902556777000427e-02
-5.327010899782180786e-02
-1.950701512396335602e-02
-2.793007902801036835e-02
-1.706616953015327454e-02
-3.879601601511240005e-03
-8.897261694073677063e-03
-3.432532772421836853e-02
2.727012382820248604e-03
6.567663978785276413e-03
2.166877267882227898e-03
3.918007016181945801e-02
4.191173613071441650e-02
-8.389742288272827864e-05
2.590317465364933014e-02
7.358264923095703125e-02
-3.267001733183860779e-02
-2.201013825833797455e-02
-1.039758138358592987e-02
-6.838123500347137451e-02
4.237022367306053638e-04
-3.871077205985784531e-04
-3.380721434950828552e-02
-1.354149915277957916e-02
-2.209749259054660797e-02
1.062351837754249573e-02
-7.366653298959136009e-04
8.204868063330650330e-03
-4.631315823644399643e-03
8.646986447274684906e-03
-3.466677293181419373e-02
-2.015557698905467987e-02
1.259534247219562531e-02
-1.695217750966548920e-02
-4.319633543491363525e-02
-2.438741736114025116e-02
2.851591631770133972e-02
-6.374177336692810059e-02
-3.090812452137470245e-02
4.049394745379686356e-03
-4.196984227746725082e-03
-2.123009413480758667e-02
1.012949459254741669e-02
1.527569722384214401e-03
1.524907350540161133e-02
-1.437156926840543747e-02
3.279945999383926392e-02
3.146410360932350159e-02
5.149685591459274292e-02
4.646665975451469421e-02
5.014361813664436340e-02
6.301920115947723389e-02
5.587325990200042725e-02
5.271104723215103149e-02
2.131284773349761963e-02
6.863177567720413208e-02
6.397542357444763184e-02
2.208549994975328445e-03
3.056923113763332367e-02
1.942898705601692200e-02
-8.890742436051368713e-03
2.068435959517955780e-02
4.305085167288780212e-02
4.100194782949984074e-04
5.474364757537841797e-02
4.995452240109443665e-02
-2.872626855969429016e-02
4.136265814304351807e-02
2.806608751416206360e-02
-2.657655067741870880e-02
1.054854784160852432e-02
2.822888270020484924e-02
2.622524835169315338e-02
1.260952558368444443e-02
-1.338736247271299362e-02
-1.450196839869022369e-02
-1.625564508140087128e-02
-4.875961691141128540e-02
-6.225965451449155807e-03
-1.817459589801728725e-03
-7.266461104154586792e-02
-8.224853873252868652e-02
-1.411958225071430206e-02
-4.378803446888923645e-02
-3.593807667493820190e-02
3.141973540186882019e-02
2.127784490585327148e-02
2.839678898453712463e-02
4.171364381909370422e-02
8.250970393419265747e-02
3.403027355670928955e-02
4.436390846967697144e-02
5.650923028588294983e-02
2.571205608546733856e-02
4.191057756543159485e-02
1.545108947902917862e-02
-6.607358157634735107e-02
6.337737292051315308e-02
7.463195919990539551e-02
7.566579431295394897e-02
3.920172527432441711e-02
3.283309191465377808e-02
1.086147874593734741e-02
4.954611137509346008e-02
3.718110918998718262e-02
-2.331319451332092285e-02
-1.059240777976810932e-03
-1.882215961813926697e-02
-5.681947804987430573e-03
-1.426288485527038574e-02
-4.367946460843086243e-02
-5.260077491402626038e-02
-2.238489873707294464e-02
-1.780624687671661377e-02
-4.356934875249862671e-02
-1.685204915702342987e-02
-1.538235694169998169e-02
-1.697090640664100647e-02
-2.673401683568954468e-02
-2.296635322272777557e-02
5.815436132252216339e-03
6.602445617318153381e-03
3.036890178918838501e-02
7.308692485094070435e-02
-2.019789256155490875e-02
-3.866573795676231384e-02
-4.473648965358734131e-02
-3.833359107375144958e-02
-2.285122685134410858e-02
-2.010028809309005737e-02
-9.024512954056262970e-03
-7.326172664761543274e-03
1.763986796140670776e-02
-2.373656630516052246e-02
-4.230209067463874817e-02
-5.811798945069313049e-02
-4.368983209133148193e-02
-4.502805322408676147e-02
-7.821492850780487061e-02
-2.602360025048255920e-02
-4.896393418312072754e-02
-2.946143411099910736e-02
-1.215760037302970886e-02
-1.272306963801383972e-02
9.107003919780254364e-03
-1.182743627578020096e-02
-7.266441825777292252e-03
1.976348645985126495e-02
-2.159412577748298645e-02
-1.754889264702796936e-02
-1.205781102180480957e-02
4.284665733575820923e-02
4.843880608677864075e-02
4.261570796370506287e-02
1.482915133237838745e-02
1.222258340567350388e-02
-6.893839687108993530e-03
4.375258088111877441e-02
-1.243692077696323395e-02
-3.115043789148330688e-02
-1.528419740498065948e-02
-3.100036457180976868e-02
-6.762873381376266479e-02
-2.592066675424575806e-02
-4.949011653661727905e-02
-4.649879038333892822e-02
2.606129646301269531e-02
-1.116934698075056076e-02
-4.564582929015159607e-02
-2.164140343666076660e-02
-2.344114519655704498e-02
-9.648790583014488220e-03
2.747529745101928711e-02
2.928220294415950775e-02
-4.510346427559852600e-02
1.541674323379993439e-02
3.034337982535362244e-02
-2.073137089610099792e-02
-1.022394187748432159e-02
1.399012655019760132e-02
4.305079346522688866e-04
2.404750511050224304e-02
3.416705876588821411e-02
-3.351668827235698700e-03
7.986000925302505493e-02
2.293957956135272980e-02
-2.087550982832908630e-02
3.969337046146392822e-02
-1.645134016871452332e-02
-5.242063477635383606e-02
-6.946688052266836166e-03
-4.346015676856040955e-02
-7.398201525211334229e-02
-2.003853023052215576e-02
-5.952766630798578262e-03
-4.831079021096229553e-02
1.301828026771545410e-02
3.161536157131195068e-02
7.525911554694175720e-03
1.500444393604993820e-02
-8.651564829051494598e-03
-1.567988097667694092e-02
-6.848948542028665543e-03
-2.167725376784801483e-02
-4.688132181763648987e-02
2.438330790027976036e-03
1.841078326106071472e-02
-5.317082162946462631e-03
5.340916290879249573e-02
-5.907388404011726379e-03
-4.243003576993942261e-02
7.151071727275848389e-02
2.379036694765090942e-02
-1.981072593480348587e-03
-3.948931396007537842e-02
5.139956250786781311e-03
4.695969074964523315e-02
-1.139843557029962540e-02
1.825401373207569122e-02
7.883440703153610229e-02
9.345455467700958252e-02
9.308026731014251709e-02
3.424390405416488647e-02
-2.945097908377647400e-02
-2.584843337535858154e-02
-3.078977018594741821e-02
6.656289100646972656e-03
-3.229458630084991455e-02
-1.737406104803085327e-02
4.130672663450241089e-02
-1.594241708517074585e-02
-1.627701148390769958e-02
1.667672581970691681e-02
6.398212909698486328e-02
2.485093660652637482e-02
-4.862972418777644634e-04
3.435678780078887939e-02
2.619395218789577484e-02
-3.842103062197566032e-03
3.452666103839874268e-02
9.808893315494060516e-03
-1.972116716206073761e-02
-3.945617005228996277e-02
-4.683569446206092834e-02
-4.426242411136627197e-02
-7.810224592685699463e-02
-7.605633884668350220e-02
-4.823488742113113403e-02
-6.893290579319000244e-02
-7.476384192705154419e-02
4.376452416181564331e-03
3.132242010906338692e-03
4.883381072431802750e-03
-1.924616657197475433e-02
-2.089972235262393951e-02
3.304320154711604118e-03
9.040717966854572296e-03
-6.964106578379869461e-04
1.679611741565167904e-03
3.585836663842201233e-02
2.867108210921287537e-02
4.559918493032455444e-02
3.624167665839195251e-02
6.575703620910644531e-03
5.211920291185379028e-02
1.327958609908819199e-02
1.843806914985179901e-02
2.117007598280906677e-02
-1.619551703333854675e-02
-1.609132997691631317e-02
1.290776114910840988e-02
6.531941238790750504e-03
1.693593151867389679e-02
5.344244465231895447e-02
6.144314259290695190e-02
6.765294075012207031e-02
7.193474471569061279e-02
-3.821945935487747192e-02
-4.367321357131004333e-02
-4.279277846217155457e-02
-6.923044472932815552e-02
-7.971701025962829590e-02
-7.471368461847305298e-02
-7.474033534526824951e-02
-8.248509466648101807e-02
-2.659837715327739716e-02
-2.364347875118255615e-02
-1.737443730235099792e-03
-1.332420762628316879e-02
-6.194835528731346130e-03
-1.262282393872737885e-02
-1.933504082262516022e-02
-1.981206936761736870e-03
9.567163942847400904e-05
-1.517572067677974701e-02
-2.577931620180606842e-02
1.049080397933721542e-02
4.598810803145170212e-03
-4.027948528528213501e-02
-7.504783570766448975e-02
-6.246004253625869751e-02
-6.416371464729309082e-02
-3.745933249592781067e-02
-4.672528803348541260e-02
-1.765186525881290436e-02
1.670310460031032562e-02
5.845816805958747864e-02
2.136181574314832687e-03
8.250902406871318817e-03
-7.787174545228481293e-03
-6.150520057417452335e-04
2.049329504370689392e-02
-2.559408731758594513e-02
-4.806399345397949219e-02
-4.601938277482986450e-02
-1.487201638519763947e-02
-6.403805315494537354e-02
-6.919737905263900757e-02
-5.024113878607749939e-02
-5.645092204213142395e-02
-1.069739386439323425e-01
-2.427385747432708740e-02
-1.250126399099826813e-02
-3.761053830385208130e-02
-2.347636409103870392e-02
8.589362725615501404e-03
-1.548714004456996918e-02
-2.007142640650272369e-02
3.657805174589157104e-02
3.173941001296043396e-02
6.961624138057231903e-03
4.248224198818206787e-03
1.574278692714869976e-03
-1.043909694999456406e-02
4.051923751831054688e-03
-5.582915619015693665e-03
-2.138689160346984863e-03
2.445928379893302917e-02
1.251185126602649689e-02
1.151258405297994614e-02
-3.216785565018653870e-02
-9.978457354009151459e-03
-2.578493952751159668e-02
-2.535298280417919159e-02
-4.260868951678276062e-02
-5.369008705019950867e-02
-5.576219782233238220e-02
-7.451464980840682983e-02
-7.287956029176712036e-02
7.033152040094137192e-03
1.830107718706130981e-02
-5.740575492382049561e-03
1.103299856185913086e-02
-4.702823702245950699e-03
-5.092931538820266724e-02
-3.290213271975517273e-02
-1.190090179443359375e-02
-2.726461738348007202e-02
2.955814823508262634e-03
3.084226511418819427e-03
1.463293214328587055e-03
3.373239561915397644e-02
5.348139442503452301e-03
-1.493328064680099487e-02
1.576705835759639740e-02
-2.547075040638446808e-02
-2.031312510371208191e-02
-2.173630148172378540e-02
-1.371025666594505310e-02
2.457790635526180267e-02
-6.377881765365600586e-02
-3.348456695675849915e-02
1.274209748953580856e-02
-8.443526923656463623e-02
-3.717301785945892334e-02
-8.088395697996020317e-04
-6.999449804425239563e-03
8.340477012097835541e-03
3.795956075191497803e-02
9.702614508569240570e-03
3.140395879745483398e-02
-1.102993823587894440e-02
2.022117376327514648e-02
2.488946169614791870e-02
1.407699845731258392e-02
4.155713692307472229e-02
3.254960477352142334e-02
3.431117907166481018e-02
3.099493309855461121e-02
2.254725806415081024e-02
-6.552819628268480301e-03
-7.229859475046396255e-04
-1.850642263889312744e-02
-4.262455925345420837e-02
2.855580765753984451e-03
3.581104800105094910e-02
-2.462151274085044861e-02
-2.442795224487781525e-02
-7.990562589839100838e-04
-4.535800963640213013e-02
-4.724638070911169052e-03
-1.184008549898862839e-02
9.876357391476631165e-03
7.342356443405151367e-02
6.207776814699172974e-02
-9.930791566148400307e-04
1.385682635009288788e-02
1.697987690567970276e-02
1.216781791299581528e-02
-2.269643917679786682e-02
1.135697821155190468e-03
-1.808518730103969574e-02
-3.588708490133285522e-02
-6.811786442995071411e-02
-3.863764554262161255e-02
-7.741151005029678345e-02
-8.176477253437042236e-02
-3.189096972346305847e-02
-7.194896787405014038e-02
-8.105670660734176636e-02
-2.254234440624713898e-02
2.114190533757209778e-02
3.022203966975212097e-02
6.782521493732929230e-03
2.437968365848064423e-02
1.529916375875473022e-02
2.637125365436077118e-02
1.169952750205993652e-02
4.591623693704605103e-02
1.437603775411844254e-02
-1.585770584642887115e-02
-1.844407618045806885e-02
-1.116358302533626556e-02
-4.924093559384346008e-02
-2.756017725914716721e-03
-5.856510251760482788e-03
-6.696163117885589600e-02
-7.006476074457168579e-02
-5.232335627079010010e-02
4.217028617858886719e-02
7.360819727182388306e-02
1.910338364541530609e-02
5.370107293128967285e-02
4.777021706104278564e-02
2.185123413801193237e-02
2.609983272850513458e-02
2.363406866788864136e-02
-3.617826104164123535e-02
1.005596015602350235e-02
1.363471895456314087e-02
-1.247540023177862167e-02
-3.392713144421577454e-02
-1.224250998347997665e-02
-4.275250062346458435e-02
-4.009588807821273804e-02
-4.047844558954238892e-02
-3.810486197471618652e-02
-1.952041499316692352e-02
-5.441954731941223145e-02
-4.686731845140457153e-02
-5.818617343902587891e-02
-5.741345137357711792e-02
-3.292842209339141846e-02
-3.410106524825096130e-02
-5.315260216593742371e-02
-2.181917516281828284e-04
1.718444749712944031e-02
3.936777636408805847e-02
-1.231954619288444519e-02
4.419584199786186218e-02
3.847881406545639038e-02
3.513676300644874573e-02
3.403693065047264099e-02
4.296774417161941528e-02
3.001846186816692352e-02
5.855039507150650024e-02
2.614478208124637604e-02
-3.816572204232215881e-02
2.723020128905773163e-02
-5.694175139069557190e-03
-4.241291061043739319e-02
-1.021747849881649017e-02
-4.672265425324440002e-02
-3.029642440378665924e-02
-2.015438489615917206e-02
-2.662521786987781525e-02
-4.240307211875915527e-02
-2.668347954750061035e-02
-5.066097527742385864e-02
-4.660189896821975708e-02
-3.085681423544883728e-02
-4.974696412682533264e-02
-6.812496483325958252e-02
7.553630508482456207e-03
1.610279083251953125e-02
2.913590706884860992e-02
5.406828224658966064e-02
2.787255309522151947e-02
1.063160834746668115e-05
4.618592560291290283e-02
9.459061548113822937e-03
-1.627524942159652710e-02
2.213683538138866425e-02
1.803215593099594116e-02
2.633476443588733673e-02
5.448955669999122620e-02
6.319817900657653809e-02
4.649891331791877747e-02
1.521529629826545715e-02
9.689393453299999237e-03
1.539880875498056412e-02
1.433025486767292023e-02
-1.269119884818792343e-02
-2.269841358065605164e-02
-2.885567024350166321e-02
-3.233263269066810608e-02
-4.766929894685745239e-02
-2.281033806502819061e-02
-4.477665573358535767e-02
-5.117265880107879639e-02
1.445314008742570877e-02
8.388965390622615814e-03
-1.666643843054771423e-02
-1.978750713169574738e-02
-4.676110297441482544e-02
-5.128082260489463806e-02
-2.500380575656890869e-02
-2.646982297301292419e-02
-4.644626006484031677e-02
2.942867390811443329e-02
1.194300968199968338e-02
1.679721288383007050e-02
4.616703372448682785e-03
1.631038449704647064e-02
-1.597435213625431061e-02
-3.651253134012222290e-02
-9.049794077873229980e-02
-8.587321639060974121e-02
-1.750265993177890778e-02
-5.302500724792480469e-02
-6.145367771387100220e-02
-5.248570442199707031e-02
-7.751030474901199341e-02
-1.057342961430549622e-01
-4.792030528187751770e-02
-7.161702960729598999e-02
-7.093694806098937988e-02
-3.067501075565814972e-02
-6.441204994916915894e-02
-5.175976455211639404e-02
-5.087248235940933228e-02
-2.988577261567115784e-02
-4.338448867201805115e-02
-2.457532100379467010e-02
-6.343705207109451294e-02
-4.533469676971435547e-02
-2.305578812956809998e-02
1.137968897819519043e-02
1.494684349745512009e-02
-7.321970537304878235e-03
1.095862593501806259e-02
4.192063212394714355e-02
9.899527765810489655e-03
2.943262830376625061e-02
5.405785888433456421e-02
-2.968669869005680084e-02
-3.562735393643379211e-02
-2.776467986404895782e-02
-5.655037611722946167e-02
-3.062343411147594452e-02
-1.909570582211017609e-02
-4.228150099515914917e-02
-2.872527576982975006e-02
-1.265267003327608109e-02
4.456275608390569687e-03
-2.304146997630596161e-02
-4.057014733552932739e-02
-3.730687871575355530e-02
-2.593205496668815613e-02
-2.804371900856494904e-02
1.506980601698160172e-02
-7.028424879536032677e-04
1.039640605449676514e-02
-1.745738647878170013e-02
-2.613424323499202728e-02
2.438868023455142975e-02
-2.716962248086929321e-02
-1.571039669215679169e-02
-2.537566795945167542e-02
-5.536583811044692993e-02
-2.487938664853572845e-02
-1.780770905315876007e-02
-7.616305723786354065e-03
-5.147936195135116577e-02
-6.163307651877403259e-02
-7.903255522251129150e-02
-1.295775175094604492e-01
-1.155207306146621704e-01
-5.115779861807823181e-02
-1.047042012214660645e-01
-8.827321231365203857e-02
6.882312591187655926e-04
-8.319712243974208832e-03
7.732948870398104191e-04
1.539360359311103821e-02
1.009028498083353043e-02
3.156895563006401062e-02
3.714438900351524353e-02
3.669713437557220459e-02
4.186673462390899658e-02
1.328614167869091034e-02
9.802006185054779053e-03
1.733394339680671692e-02
2.064846083521842957e-02
3.717282414436340332e-02
4.528201650828123093e-03
4.635731130838394165e-02
2.634193561971187592e-02
-3.207171801477670670e-03
2.178925089538097382e-02
5.256693065166473389e-02
-2.925918204709887505e-03
1.236801128834486008e-02
4.150947555899620056e-02
2.990989759564399719e-02
3.807748854160308838e-02
5.368765071034431458e-02
1.993826031684875488e-02
-3.204532433301210403e-03
4.718835279345512390e-02
7.136367261409759521e-02
-2.349200658500194550e-03
4.943756759166717529e-02
5.394632741808891296e-02
2.231641858816146851e-02
3.064976632595062256e-02
4.668586701154708862e-02
2.492136508226394653e-02
-5.405998975038528442e-02
-5.627482011914253235e-02
-9.255738928914070129e-03
-8.604951947927474976e-02
-1.028531715273857117e-01
-6.704278290271759033e-03
-7.208679616451263428e-02
-8.161094784736633301e-02
-2.757067605853080750e-02
1.258415076881647110e-02
2.788515388965606689e-02
-5.476874485611915588e-02
-2.692182734608650208e-02
1.962802745401859283e-02
-2.774390019476413727e-02
-1.934941299259662628e-02
3.244070708751678467e-02
1.586258970201015472e-02
-1.608451083302497864e-02
-6.436661817133426666e-03
-2.449605055153369904e-02
-3.947110846638679504e-02
-6.508896593004465103e-03
-3.701863437891006470e-02
-3.956742212176322937e-02
-3.584505990147590637e-02
-1.395085826516151428e-02
1.487128995358943939e-02
3.839570283889770508e-02
-2.605351805686950684e-02
1.919863745570182800e-02
8.097835816442966461e-03
1.098701264709234238e-02
3.374051302671432495e-02
2.781957387924194336e-02
-4.880625382065773010e-02
-5.422915145754814148e-02
-4.651238024234771729e-02
-6.443647295236587524e-02
-1.187253445386886597e-01
-7.028524577617645264e-02
-2.224670909345149994e-02
-3.740550205111503601e-02
-5.751009285449981689e-02
2.647209726274013519e-02
1.114301010966300964e-02
-1.274039503186941147e-02
-1.470057107508182526e-02
-7.390404120087623596e-03
-2.580330520868301392e-02
-1.150430273264646530e-02
-3.877745475620031357e-03
5.538480356335639954e-03
1.746810600161552429e-02
4.285844508558511734e-03
-1.136394590139389038e-02
1.054154429584741592e-02
-1.475854218006134033e-02
-3.057812526822090149e-02
2.859256416559219360e-02
7.344726938754320145e-03
-1.389496959745883942e-02
1.191584579646587372e-02
-3.950616810470819473e-03
-1.702534407377243042e-02
2.937696175649762154e-03
-1.441694144159555435e-02
2.927964320406317711e-03
2.042185328900814056e-02
2.285277284681797028e-02
2.290624380111694336e-02
-4.597935453057289124e-02
-4.005612805485725403e-02
-1.306244521401822567e-03
-1.149345189332962036e-02
-1.569329015910625458e-02
-1.817224430851638317e-03
3.637711331248283386e-02
1.235127681866288185e-03
3.474356979131698608e-02
3.374376893043518066e-02
4.138039797544479370e-02
-6.785094272345304489e-03
1.346400845795869827e-02
4.528405144810676575e-02
1.607893779873847961e-02
-1.139958016574382782e-02
2.543265558779239655e-02
-6.196039263159036636e-03
-1.490193884819746017e-02
-2.462124265730381012e-02
-4.354865849018096924e-02
-6.432903464883565903e-03
-1.883134618401527405e-02
-3.940353542566299438e-02
-3.503415733575820923e-02
-2.556424401700496674e-02
-3.709660097956657410e-02
-3.989522904157638550e-02
-4.708858951926231384e-02
-1.568638905882835388e-02
-4.818477481603622437e-02
-7.252248376607894897e-02
-6.373022496700286865e-02
-1.238869782537221909e-02
-4.199595749378204346e-02
-6.803711876273155212e-03
3.161785891279578209e-03
4.267507791519165039e-02
8.063279837369918823e-02
4.919647052884101868e-02
6.868069618940353394e-02
7.158313691616058350e-02
-1.899298094213008881e-02
6.097488570958375931e-03
1.264779921621084213e-02
-4.785050451755523682e-02
-3.699521720409393311e-02
-1.575843803584575653e-02
-2.738855220377445221e-02
-3.247001767158508301e-02
-1.120942458510398865e-02
2.202319167554378510e-02
3.659997880458831787e-02
2.480753324925899506e-02
5.330071225762367249e-02
5.634050443768501282e-02
-4.171340726315975189e-03
-1.025845948606729507e-02
1.477873604744672775e-02
-1.979491114616394043e-02
-3.755603358149528503e-02
2.608975395560264587e-03
-2.548632025718688965e-02
2.083859406411647797e-02
8.456066250801086426e-02
4.902048781514167786e-02
6.310683488845825195e-02
1.103256121277809143e-01
8.451912552118301392e-02
6.776912510395050049e-02
9.081150591373443604e-02
8.969476819038391113e-02
1.057644188404083252e-02
-2.170212799683213234e-03
-3.095759451389312744e-02
3.844573721289634705e-02
1.944685168564319611e-02
-2.083713375031948090e-02
7.186794281005859375e-02
4.736796021461486816e-02
-6.240813527256250381e-03
6.493245810270309448e-02
4.267003387212753296e-02
5.215044692158699036e-02
3.836033493280410767e-02
7.943173870444297791e-03
-8.505739388056099415e-04
3.064257092773914337e-02
3.526243194937705994e-02
3.499677777290344238e-02
4.174245148897171021e-02
4.568543657660484314e-02
2.262988872826099396e-02
4.139566794037818909e-02
2.301700040698051453e-02
-8.820221759378910065e-03
2.758795954287052155e-02
5.736287310719490051e-02
3.140025073662400246e-03
-1.591914892196655273e-02
-5.232988297939300537e-02
-3.260843083262443542e-02
-6.847553700208663940e-02
-2.182804234325885773e-02
-1.662256009876728058e-02
-6.621904671192169189e-02
-3.015745244920253754e-02
1.264778152108192444e-02
-6.848809868097305298e-02
-2.405284158885478973e-02
4.163217917084693909e-02
-3.814759850502014160e-02
-7.643818855285644531e-03
4.336366802453994751e-02
1.513524353504180908e-02
2.244690060615539551e-02
3.116871602833271027e-02
1.196703873574733734e-02
-1.893281191587448120e-02
-3.954214602708816528e-02
-2.649130485951900482e-02
-2.654058486223220825e-02
-4.069096595048904419e-02
-1.409379066899418831e-03
2.501737140119075775e-02
-1.649028994143009186e-02
-7.388857752084732056e-02
-4.424227029085159302e-02
5.330043379217386246e-03
2.501597860828042030e-03
1.969732716679573059e-02
5.147439986467361450e-02
3.718454763293266296e-02
7.455268502235412598e-02
5.881734564900398254e-02
-3.922046627849340439e-03
-2.678531408309936523e-02
-3.703845292329788208e-02
-3.541786223649978638e-03
-1.122168917208909988e-02
-1.578740961849689484e-02
-3.805956337600946426e-03
1.171254902146756649e-03
-9.009936824440956116e-03
-5.513588711619377136e-02
-1.815337128937244415e-02
2.652414701879024506e-02
-1.537118293344974518e-02
-5.761991254985332489e-03
1.842042431235313416e-02
3.184640035033226013e-02
1.075578201562166214e-02
2.581751346588134766e-02
2.417766116559505463e-02
9.364064782857894897e-03
-4.022098705172538757e-02
2.895716018974781036e-02
-2.464784868061542511e-02
-4.785555601119995117e-02
1.443753205239772797e-02
-5.436441302299499512e-02
-4.421839490532875061e-02
-3.349962830543518066e-02
-3.487337008118629456e-02
2.798249199986457825e-02
-2.126402780413627625e-02
-9.015617892146110535e-03
5.924343317747116089e-02
3.873188793659210205e-02
6.092062219977378845e-02
4.460933431982994080e-02
3.150653094053268433e-02
1.467802678234875202e-03
-4.520068760029971600e-04
2.987012732774019241e-03
-3.671931917779147625e-04
-1.233218936249613762e-03
2.360091544687747955e-02
1.381790824234485626e-02
2.522797323763370514e-02
-1.070882566273212433e-02
-6.430160999298095703e-02
2.567374845966696739e-03
8.055665530264377594e-03
7.298369891941547394e-04
-1.498342864215373993e-02
4.254265502095222473e-02
1.341401226818561554e-02
-1.194049417972564697e-02
-1.333465985953807831e-02
-4.019083827733993530e-02
-3.576666489243507385e-02
-2.058839425444602966e-02
-2.623284794390201569e-02
-1.013354398310184479e-02
2.486994024366140366e-03
1.263108011335134506e-02
4.533838480710983276e-03
-2.452693879604339600e-02
2.064882777631282806e-02
1.224163323640823364e-01
4.486182332038879395e-02
8.192662894725799561e-02
9.523122012615203857e-02
9.897918254137039185e-02
9.676532447338104248e-02
-3.406135365366935730e-02
3.896823525428771973e-02
2.164280228316783905e-02
-8.879573643207550049e-02
2.938634343445301056e-02
-5.026471987366676331e-02
-8.287292718887329102e-02
-1.806280948221683502e-02
-4.567715898156166077e-02
-8.038212358951568604e-02
-4.177832044661045074e-03
2.057376317679882050e-02
3.694653511047363281e-02
3.166114911437034607e-03
2.830488048493862152e-02
3.853445872664451599e-02
5.982622876763343811e-02
1.372730825096368790e-02
5.489213508553802967e-04
-1.487019192427396774e-02
-5.529424548149108887e-02
-5.299849063158035278e-02
1.621657051146030426e-03
-1.974466815590858459e-02
-1.335019990801811218e-02
2.550968155264854431e-02
1.260803174227476120e-02
3.763601416721940041e-03
-1.053749304264783859e-02
1.058110315352678299e-02
-4.571737081278115511e-04
1.803624071180820465e-02
-2.290917560458183289e-02
-3.420607373118400574e-02
7.371869403868913651e-03
-7.933982647955417633e-03
-4.622941091656684875e-02
-2.391767688095569611e-02
1.483855955302715302e-02
1.336543634533882141e-02
-1.398465316742658615e-02
8.546367287635803223e-03
1.360755600035190582e-02
-2.346781082451343536e-02
2.368031442165374756e-02
1.822127588093280792e-02
4.200753942131996155e-02
5.081113055348396301e-02
2.651267498731613159e-02
5.630316585302352905e-02
4.973942413926124573e-02
-1.092432904988527298e-02
8.120422065258026123e-02
3.860081732273101807e-02
-1.866910047829151154e-02
-3.354783728718757629e-02
7.148269098252058029e-03
4.417215660214424133e-02
-3.671266511082649231e-02
-1.212052907794713974e-02
3.400828456506133080e-03
-3.600895777344703674e-02
-1.926211826503276825e-02
-1.267092488706111908e-02
-8.643110631965100765e-04
-1.861904375255107880e-02
-9.383575059473514557e-03
-5.249219015240669250e-03
-2.250714227557182312e-02
2.830677665770053864e-03
-3.307288512587547302e-02
1.219968497753143311e-02
-1.009437348693609238e-02
7.163738366216421127e-03
-2.128090895712375641e-02
-5.173586774617433548e-03
-5.503007397055625916e-02
-1.740772277116775513e-02
-1.556637510657310486e-02
1.285632885992527008e-02
2.703226357698440552e-02
9.109784848988056183e-03
4.234131798148155212e-02
3.504188731312751770e-02
-6.719061639159917831e-04
9.331815689802169800e-02
5.169355869293212891e-02
5.941726267337799072e-02
4.895603284239768982e-02
1.823255233466625214e-02
9.730615420266985893e-04
-5.570295453071594238e-02
-1.075525116175413132e-02
1.253993716090917587e-03
-5.087873339653015137e-02
1.847607456147670746e-02
2.270902693271636963e-02
9.520222432911396027e-03
3.562245517969131470e-02
-2.133953012526035309e-02
3.383914008736610413e-03
-2.264470048248767853e-02
-3.813097253441810608e-02
-1.258579455316066742e-02
-1.223285589367151260e-02
-9.155397303402423859e-03
-2.119281329214572906e-02
-3.052075020968914032e-02
-1.624159887433052063e-02
6.358926743268966675e-02
7.393632084131240845e-02
-3.437282145023345947e-02
1.079216748476028442e-01
1.066503971815109253e-01
-1.170458719134330750e-01
1.071119681000709534e-01
2.802181616425514221e-02
-1.306816190481185913e-01
3.446444123983383179e-02
2.356366813182830811e-02
-1.617937907576560974e-02
1.517626736313104630e-02
-1.286303251981735229e-02
-3.748790547251701355e-02
6.913348101079463959e-03
-3.694013133645057678e-02
-4.612921550869941711e-02
-4.652674868702888489e-02
-3.857998177409172058e-02
2.497269958257675171e-02
-2.722664177417755127e-02
1.080552861094474792e-02
3.744097193703055382e-03
4.722881689667701721e-02
4.478979855775833130e-02
6.936510093510150909e-03
1.319718174636363983e-02
6.441673636436462402e-02
-3.134706988930702209e-02
2.586019411683082581e-02
4.671156033873558044e-02
1.994777936488389969e-03
-1.773624867200851440e-02
1.968733593821525574e-02
2.389529719948768616e-02
-3.052815049886703491e-02
-1.074741594493389130e-02
-4.741736128926277161e-02
1.163353561423718929e-03
5.061361193656921387e-02
-2.530496940016746521e-02
3.840523958206176758e-02
3.059641085565090179e-02
-1.811280474066734314e-02
2.094567316817119718e-04
3.318420611321926117e-03
-3.910782933235168457e-02
-1.442593056708574295e-02
7.415075320750474930e-03
-7.839789614081382751e-03
-2.029264532029628754e-02
-1.679529063403606415e-02
-1.401681825518608093e-02
-2.969856746494770050e-02
-1.149899605661630630e-02
-1.177026517689228058e-02
1.676675304770469666e-02
-1.986344810575246811e-03
2.493183128535747528e-03
1.635219156742095947e-02
-1.348994020372629166e-02
1.976037397980690002e-03
-2.472716569900512695e-02
-4.049335420131683350e-02
-3.681990504264831543e-02
-6.097466126084327698e-02
-4.935867339372634888e-02
-2.320985682308673859e-02
1.887577399611473083e-02
1.101630926132202148e-02
3.307471796870231628e-02
2.363480813801288605e-02
-8.634307887405157089e-04
9.269339032471179962e-03
4.425384104251861572e-02
2.093217521905899048e-02
2.538865618407726288e-02
2.803407981991767883e-02
4.621558263897895813e-02
9.873615344986319542e-04
1.284845452755689621e-02
1.977321924641728401e-03
-3.537758439779281616e-02
2.236138842999935150e-02
-1.627762248972430825e-04
-2.207201533019542694e-02
7.086084224283695221e-03
-8.493648841977119446e-03
-2.315807156264781952e-02
3.088487312197685242e-03
-2.083773165941238403e-02
-3.190622478723526001e-02
2.317199017852544785e-03
2.902574650943279266e-02
-1.249210070818662643e-02
3.547250851988792419e-02
4.007370397448539734e-02
5.386539176106452942e-02
-5.305952578783035278e-02
-5.335264280438423157e-02
2.155779860913753510e-02
-1.716230064630508423e-02
-1.391667500138282776e-02
1.911715790629386902e-02
2.284755744040012360e-02
5.527658388018608093e-02
5.170334503054618835e-02
-1.576824928633868694e-03
2.521967515349388123e-02
-6.788374390453100204e-03
-2.687942422926425934e-02
-4.060864821076393127e-02
-3.289855644106864929e-02
-2.580023929476737976e-02
-5.636275559663772583e-02
-5.120795965194702148e-02
-2.578257350251078606e-03
7.937808521091938019e-03
2.035094238817691803e-02
-2.512365207076072693e-02
-3.395672247279435396e-04
1.383030600845813751e-02
-7.078337483108043671e-03
5.416410509496927261e-03
2.285750582814216614e-02
2.913018316030502319e-02
1.668602973222732544e-02
3.165804222226142883e-02
2.552658133208751678e-02
-2.828908909577876329e-04
2.908247988671064377e-03
-1.582214049994945526e-02
-3.798787668347358704e-02
-2.786625875160098076e-03
-4.816237464547157288e-02
-5.458559468388557434e-02
-3.473159298300743103e-02
-6.769169121980667114e-02
-5.137061327695846558e-02
8.637378923594951630e-03
-2.737057954072952271e-02
-2.324872650206089020e-02
2.597488835453987122e-02
-3.703588992357254028e-02
-9.881196543574333191e-03
-1.999655924737453461e-02
5.093518644571304321e-03
-1.262032240629196167e-02
-6.892446894198656082e-03
-1.924414001405239105e-02
-4.926974326372146606e-02
-3.472691401839256287e-02
-3.958467859774827957e-03
3.328683972358703613e-02
2.768418937921524048e-02
-1.960988156497478485e-02
2.007194608449935913e-02
3.174392506480216980e-02
1.047354307956993580e-03
2.643015980720520020e-02
2.343994379043579102e-02
2.213488519191741943e-02
3.875974565744400024e-02
5.289383232593536377e-02
8.100354112684726715e-03
3.575218608602881432e-03
9.211533702909946442e-03
3.388297627680003643e-04
-7.390052545815706253e-03
-1.180158113129436970e-03
5.314931273460388184e-02
9.808037430047988892e-03
-2.413952723145484924e-02
3.171272692270576954e-04
1.559375203214585781e-03
-2.376444078981876373e-02
-6.522194948047399521e-03
-3.749777004122734070e-02
-3.113333322107791901e-02
2.340068668127059937e-02
4.811810329556465149e-02
2.093937061727046967e-02
7.594488561153411865e-02
4.427258670330047607e-02
2.625908516347408295e-02
2.852483280003070831e-02
4.074603691697120667e-02
6.990232039242982864e-03
-5.835068970918655396e-02
-7.633189111948013306e-02
4.146683029830455780e-03
-6.083353981375694275e-02
-6.318871676921844482e-02
1.518954522907733917e-02
-4.440832510590553284e-02
-4.944469407200813293e-02
-2.088185865432024002e-03
8.473229408264160156e-02
8.786909282207489014e-02
6.473188102245330811e-02
2.929081395268440247e-02
5.706179141998291016e-02
9.531036764383316040e-02
-8.697025477886199951e-02
-5.938189104199409485e-02
8.675139397382736206e-04
2.360097877681255341e-02
3.640741482377052307e-02
-2.837971597909927368e-02
7.510118931531906128e-02
7.985388487577438354e-02
-1.208119373768568039e-02
1.010818630456924438e-01
8.051172643899917603e-02
2.601659158244729042e-03
9.348624385893344879e-03
4.801675211638212204e-03
-2.093748748302459717e-02
4.525968339294195175e-03
-6.651678588241338730e-03
8.586326614022254944e-03
-1.131265817093662918e-04
-6.950675696134567261e-02
-3.216631710529327393e-02
-3.393579646944999695e-02
-4.637423530220985413e-02
-3.635704144835472107e-02
-5.083134397864341736e-02
-6.634093821048736572e-02
-7.886365056037902832e-02
-2.085889130830764771e-02
-6.798006594181060791e-02
-7.912630587816238403e-02
-1.033514365553855896e-02
-1.148303691297769547e-02
6.397390365600585938e-02
2.291675843298435211e-02
5.361353978514671326e-02
9.373524785041809082e-02
2.856753533706068993e-03
6.374116986989974976e-02
7.884816080331802368e-02
-2.853734232485294342e-02
-6.177292764186859131e-02
-2.507023699581623077e-02
-5.197984725236892700e-02
-2.047350630164146423e-02
-2.154167369008064270e-02
-2.582491375505924225e-02
5.493506323546171188e-04
1.573450304567813873e-02
-4.508957266807556152e-02
-4.539300873875617981e-02
-2.035671845078468323e-02
-4.658487066626548767e-02
-4.836356639862060547e-02
-6.346975266933441162e-02
-2.787026949226856232e-02
-5.241736769676208496e-02
-5.089011788368225098e-02
2.845728537067770958e-03
-1.687053032219409943e-02
-2.965507097542285919e-02
-3.413139656186103821e-02
-6.105152890086174011e-02
-4.474164918065071106e-02
-8.088137209415435791e-02
-5.166410654783248901e-02
-1.561092119663953781e-02
-1.438362151384353638e-02
-3.760176897048950195e-02
-4.220640659332275391e-02
-2.229746244847774506e-02
-6.053208932280540466e-02
-4.462820291519165039e-02
1.322362292557954788e-02
-2.005866728723049164e-02
-3.759654611349105835e-02
-6.250800192356109619e-02
-8.950291574001312256e-02
-4.565584287047386169e-02
-5.837294459342956543e-02
-5.057254061102867126e-02
-6.039285287261009216e-02
-7.607575040310621262e-03
-5.699350032955408096e-03
-2.350942604243755341e-02
-7.602083031088113785e-03
-3.313235193490982056e-02
-7.123317569494247437e-02
-6.491827778518199921e-03
-3.088492713868618011e-02
-4.390155896544456482e-02
2.224699407815933228e-02
-3.601869940757751465e-02
-4.750774800777435303e-02
2.430346608161926270e-02
3.655681759119033813e-02
2.413433976471424103e-02
2.941818907856941223e-02
2.218461222946643829e-02
-1.564351469278335571e-02
3.515419736504554749e-02
7.458622567355632782e-03
-6.362741440534591675e-02
-1.558762416243553162e-02
5.463781300932168961e-03
-1.059393305331468582e-02
-4.050962254405021667e-02
-2.645599655807018280e-02
-4.506827890872955322e-02
-1.416043937206268311e-02
-1.181603502482175827e-02
-1.087521575391292572e-02
4.170646890997886658e-02
5.214899778366088867e-02
2.579512819647789001e-02
1.903733983635902405e-02
3.061565756797790527e-02
1.105204131454229355e-02
-2.282945066690444946e-02
-3.099717013537883759e-02
-4.294575750827789307e-02
-4.463330376893281937e-03
1.105952449142932892e-02
-3.544380655512213707e-03
-3.836851194500923157e-02
-5.863976478576660156e-02
-5.205080658197402954e-02
-5.073919147253036499e-02
-8.177738636732101440e-02
-8.713561296463012695e-02
4.922325536608695984e-02
3.254392743110656738e-02
4.252093285322189331e-02
2.218065038323402405e-02
3.823258914053440094e-03
4.400346055626869202e-02
2.245717681944370270e-02
3.918725624680519104e-02
1.919920183718204498e-02
4.700082819908857346e-03
6.329038739204406738e-02
3.594740852713584900e-02
3.591996058821678162e-02
4.680508375167846680e-02
3.380826860666275024e-02
5.679296702146530151e-02
1.746841147541999817e-02
-3.140483424067497253e-02
-5.233413353562355042e-02
-7.142858207225799561e-02
-5.041307955980300903e-02
-3.047658875584602356e-02
-4.656336829066276550e-02
-4.748448729515075684e-02
-9.885635226964950562e-03
-2.918119356036186218e-02
-1.517879590392112732e-02
1.882486417889595032e-02
4.858898464590311050e-03
4.640770610421895981e-03
-1.403313409537076950e-02
2.329749055206775665e-03
1.345474459230899811e-02
3.300689533352851868e-02
1.436128560453653336e-02
3.807631134986877441e-02
-2.334013767540454865e-02
-3.577652387320995331e-03
1.969720795750617981e-02
-1.861222833395004272e-02
-3.204597532749176025e-02
-2.283325977623462677e-02
1.074608042836189270e-02
-2.172872424125671387e-02
-4.236391559243202209e-02
3.327785432338714600e-02
3.868148103356361389e-02
7.777673657983541489e-03
2.673860453069210052e-02
2.761493902653455734e-03
3.116487525403499603e-02
6.766923470422625542e-04
1.183010917156934738e-02
-1.775420829653739929e-02
-2.954423241317272186e-02
-4.177054017782211304e-02
-2.167270332574844360e-02
-3.633707016706466675e-02
-6.031528487801551819e-02
-3.591206669807434082e-02
-1.619122736155986786e-02
-3.701745346188545227e-02
-2.295285463333129883e-03
2.651587314903736115e-02
4.225713014602661133e-02
-1.033918838948011398e-02
1.697503775358200073e-02
1.618386595509946346e-03
-3.180848807096481323e-02
-3.735156729817390442e-02
-3.044234029948711395e-02
-5.523026362061500549e-02
5.501923337578773499e-02
7.778894901275634766e-02
5.252733081579208374e-02
7.034683227539062500e-02
8.875157684087753296e-02
7.640904188156127930e-02
7.485239207744598389e-02
7.899406552314758301e-02
5.281519889831542969e-02
-4.776317998766899109e-02
-1.104903686791658401e-02
-9.326599538326263428e-03
-4.323167726397514343e-02
-3.521197289228439331e-02
-9.036262519657611847e-03
-2.366733551025390625e-02
-7.709658145904541016e-02
-5.370119586586952209e-02
5.685642827302217484e-03
-6.894787307828664780e-03
2.903504483401775360e-02
1.675507985055446625e-03
-9.436910971999168396e-03
6.607376039028167725e-03
2.518041059374809265e-02
1.862220838665962219e-02
4.184511490166187286e-03
-5.144816637039184570e-02
-3.985057026147842407e-02
-2.799380384385585785e-02
-6.495288759469985962e-02
-6.824853271245956421e-02
-3.733234852552413940e-02
-3.864170238375663757e-02
-2.614310197532176971e-02
-1.147631276398897171e-02
1.846559229306876659e-03
2.639056649059057236e-03
1.103546097874641418e-02
2.836723998188972473e-02
2.958168275654315948e-02
-1.381316501647233963e-02
4.267830774188041687e-02
5.822186917066574097e-02
2.094860002398490906e-02
2.240475825965404510e-02
2.826796285808086395e-02
3.781929239630699158e-02
4.139014706015586853e-02
3.458975255489349365e-02
7.133594900369644165e-02
2.912978082895278931e-02
5.107011273503303528e-02
4.392708465456962585e-02
-4.438512027263641357e-02
-2.868327684700489044e-02
-4.549038410186767578e-02
-7.428500056266784668e-02
-5.560367926955223083e-02
-4.902543500065803528e-02
-9.744950570166110992e-03
-8.705037645995616913e-03
-3.485551103949546814e-02
-1.463136170059442520e-03
2.747381478548049927e-02
9.298056364059448242e-03
1.117714960128068924e-02
5.827440880239009857e-03
1.296170148998498917e-02
1.270043104887008667e-02
1.958694308996200562e-02
-3.457524254918098450e-02
-2.651681192219257355e-03
-6.019362062215805054e-02
-5.441599339246749878e-02
-4.162287339568138123e-02
-5.673193186521530151e-02
-9.199856221675872803e-02
-5.127891525626182556e-02
-7.140273600816726685e-02
-8.359341323375701904e-02
-8.796465583145618439e-03
-3.732353076338768005e-02
-2.328606694936752319e-02
2.485798485577106476e-02
-1.238109730184078217e-02
-2.350138872861862183e-02
4.861626774072647095e-02
2.026608772575855255e-02
2.172225713729858398e-02
-2.953986823558807373e-02
-1.750289089977741241e-02
-1.597460941411554813e-03
-3.735854476690292358e-02
-3.638148680329322815e-02
-1.344796363264322281e-02
-2.706052921712398529e-02
2.798639424145221710e-02
5.676801130175590515e-02
-2.705619484186172485e-02
-4.631619155406951904e-02
-6.005436554551124573e-02
-7.448783516883850098e-02
-4.781696200370788574e-02
-6.407525390386581421e-02
-2.119669876992702484e-02
-2.463539317250251770e-02
-3.281218186020851135e-02
-2.313254401087760925e-02
5.529113579541444778e-03
8.172972127795219421e-03
1.000532042235136032e-02
-2.418232848867774010e-03
-3.251613676548004150e-02
2.171584777534008026e-02
4.458798561245203018e-03
-2.536704391241073608e-02
3.125723823904991150e-02
1.078070141375064850e-02
1.421144325286149979e-02
-2.584589459002017975e-02
-3.627855330705642700e-02
-4.691630229353904724e-02
-2.386511676013469696e-02
-5.854477733373641968e-02
-4.376466572284698486e-02
2.302920259535312653e-02
3.178896382451057434e-02
2.712972275912761688e-02
4.803976789116859436e-02
7.411502301692962646e-02
5.014132335782051086e-02
3.608803078532218933e-02
6.411164253950119019e-02
2.373283915221691132e-02
-1.517379656434059143e-02
-6.928011309355497360e-03
9.890660643577575684e-03
-1.863118261098861694e-02
-3.139035031199455261e-02
-8.973582647740840912e-03
2.641328983008861542e-02
3.839338943362236023e-02
2.840810455381870270e-02
-1.460153609514236450e-02
8.948585018515586853e-04
-3.265223652124404907e-02
1.961301080882549286e-02
-2.544735092669725418e-03
-2.835788391530513763e-02
2.993780933320522308e-02
3.214741125702857971e-02
3.282763436436653137e-02
3.005237318575382233e-03
4.332072287797927856e-02
3.267336264252662659e-02
8.966247551143169403e-03
2.137178927659988403e-02
6.527786701917648315e-02
8.441670797765254974e-03
5.038689449429512024e-02
2.201961324317380786e-04
-1.399363670498132706e-02
-1.049168873578310013e-02
-3.236779570579528809e-02
1.768367551267147064e-02
4.433560185134410858e-03
-1.350476220250129700e-02
1.658164151012897491e-02
1.476820930838584900e-02
-3.413963364437222481e-03
-4.530085623264312744e-02
-4.199731722474098206e-02
-1.219166442751884460e-02
-6.398230046033859253e-02
-2.316644974052906036e-02
6.528136436827480793e-04
-1.358246151357889175e-02
2.012988738715648651e-02
1.599797420203685760e-02
-2.131355926394462585e-02
-2.711215289309620857e-03
4.573660716414451599e-02
-2.869032882153987885e-02
-1.593746431171894073e-02
2.896267734467983246e-02
7.467524148523807526e-03
3.591696964576840401e-03
3.689306974411010742e-02
1.713759638369083405e-02
5.068503320217132568e-02
1.965355873107910156e-02
2.097047492861747742e-02
7.302385568618774414e-02
6.247771531343460083e-02
5.334718152880668640e-03
6.646319478750228882e-02
4.922215268015861511e-02
1.917266286909580231e-02
2.858638577163219452e-02
-8.643777109682559967e-03
2.875117212533950806e-02
3.024487756192684174e-02
1.038716547191143036e-02
4.690589010715484619e-02
7.166378200054168701e-02
3.078318014740943909e-02
-5.536038056015968323e-02
-2.756844088435173035e-02
-1.673561148345470428e-02
-5.973897874355316162e-02
-7.740750908851623535e-02
-3.032232075929641724e-02
-7.193299382925033569e-02
-7.450182735919952393e-02
-5.180552229285240173e-02
-5.159527435898780823e-02
-5.789777636528015137e-02
-2.501033479347825050e-03
-6.193269416689872742e-02
-5.639773607254028320e-02
-1.448729541152715683e-02
-4.688812792301177979e-02
8.844298310577869415e-03
-1.916136965155601501e-02
1.302678231149911880e-02
2.034308388829231262e-02
4.217708483338356018e-02
-9.760846383869647980e-03
4.707055166363716125e-03
2.494931407272815704e-02
1.808365341275930405e-03
-1.313570048660039902e-02
3.458488360047340393e-02
1.481787418015301228e-03
-1.623458415269851685e-02
5.801353603601455688e-03
-5.181893706321716309e-03
-3.449101746082305908e-02
-5.181685462594032288e-02
2.685483358800411224e-02
-1.948404591530561447e-03
-4.455432295799255371e-02
-2.888817340135574341e-02
-1.761659607291221619e-02
-7.015809882432222366e-03
-3.537141159176826477e-02
-5.946520715951919556e-03
-1.217066589742898941e-02
-1.183386985212564468e-02
9.845215827226638794e-03
6.020216736942529678e-03
-8.428385108709335327e-02
-1.041965112090110779e-01
-6.227303668856620789e-02
-1.080078333616256714e-01
-1.131725087761878967e-01
-1.161944344639778137e-01
-1.190180256962776184e-01
-1.181502640247344971e-01
-1.169672608375549316e-01
5.709316581487655640e-02
7.406487315893173218e-02
1.983582600951194763e-02
3.443885594606399536e-02
4.028354212641716003e-02
4.189471155405044556e-02
9.183114394545555115e-03
1.377624366432428360e-02
-2.515476895496249199e-03
-1.672716997563838959e-02
3.670944133773446083e-03
1.363294944167137146e-02
-1.188516523689031601e-02
-4.223404917865991592e-03
-1.891869679093360901e-02
9.251456707715988159e-03
1.442374475300312042e-02
1.088730525225400925e-02
-1.676529832184314728e-02
-5.708603933453559875e-02
-3.037787415087223053e-02
-5.775112658739089966e-02
-8.733545988798141479e-02
-6.352308392524719238e-02
-5.241506546735763550e-02
-6.821203976869583130e-02
-3.812203183770179749e-03
-5.778065323829650879e-02
-4.646451398730278015e-02
-4.913024231791496277e-02
-3.062453120946884155e-02
-1.249749213457107544e-02
-1.512199640274047852e-02
1.886400952935218811e-02
4.943282809108495712e-03
-3.109008818864822388e-02
-1.532632298767566681e-02
1.027861889451742172e-02
1.629868522286415100e-02
-2.668878994882106781e-03
3.416723757982254028e-02
1.444413885474205017e-02
-7.490217103622853756e-04
1.203186437487602234e-02
-7.910937070846557617e-03
-6.103425752371549606e-03
-2.355879871174693108e-03
-9.968986734747886658e-03
1.043687667697668076e-02
7.754554506391286850e-03
-2.831878326833248138e-02
-3.085949085652828217e-02
-5.080788396298885345e-03
-4.241424426436424255e-02
6.715837400406599045e-03
-1.608510874211788177e-02
-3.562012314796447754e-02
-1.625849120318889618e-02
-6.354647874832153320e-02
-5.759416893124580383e-02
-6.370584666728973389e-02
-1.002320274710655212e-01
-8.017751574516296387e-02
3.584351390600204468e-02
-1.075926143676042557e-02
-2.833406068384647369e-02
4.499493166804313660e-02
-1.941700698807835579e-03
-1.319756614975631237e-03
2.897404320538043976e-02
1.365984790027141571e-02
1.885831728577613831e-02
-1.539812306873500347e-03
5.233174189925193787e-02
2.205322496592998505e-02
2.959247492253780365e-02
2.894351445138454437e-02
2.232876978814601898e-02
8.647192269563674927e-03
-6.631495780311524868e-04
-2.270467951893806458e-02
3.936376795172691345e-02
6.510397046804428101e-02
2.186203002929687500e-02
1.795887202024459839e-02
2.331778593361377716e-02
-1.731968298554420471e-02
-5.157971009612083435e-02
-6.577875465154647827e-02
-5.410996824502944946e-02
3.037016093730926514e-02
4.160670563578605652e-02
2.404468134045600891e-02
1.056578289717435837e-02
6.866123527288436890e-02
6.798253208398818970e-02
-1.025743316859006882e-02
9.036871604621410370e-03
1.996320486068725586e-02
-6.540514063090085983e-03
-2.039931342005729675e-02
-4.664876684546470642e-02
3.684980794787406921e-02
3.253940120339393616e-02
2.332985313842073083e-04
5.661048740148544312e-02
6.394293159246444702e-02
2.885888516902923584e-02
-3.874753043055534363e-02
-5.983163788914680481e-02
-3.375172987580299377e-02
-1.809708401560783386e-02
-2.293561026453971863e-02
1.258061733096837997e-02
1.166136190295219421e-02
-3.827814385294914246e-02
-3.484199522063136101e-03
1.037534791976213455e-02
-7.549467682838439941e-02
-8.205651491880416870e-02
1.517448294907808304e-02
-4.947632923722267151e-02
-5.450379103422164917e-02
8.301605284214019775e-02
4.988595098257064819e-02
4.676924645900726318e-02
2.496416494250297546e-02
1.901128096505999565e-03
-1.589361764490604401e-02
5.118405446410179138e-03
1.158655248582363129e-02
1.007558530545793474e-04
1.731841266155242920e-02
2.620018646121025085e-02
8.034747093915939331e-03
2.132834168151021004e-03
8.863591938279569149e-04
1.136605162173509598e-02
-2.797606401145458221e-02
1.577108167111873627e-02
1.630774885416030884e-02
-8.316684514284133911e-03
-1.431721728295087814e-02
7.171393837779760361e-03
2.566090971231460571e-02
-2.812355570495128632e-02
-3.388039022684097290e-02
-5.821748636662960052e-04
4.755098780151456594e-04
-3.095016581937670708e-04
-1.911623054184019566e-03
-5.312375258654356003e-03
5.261025391519069672e-03
-1.973282173275947571e-02
-4.861566051840782166e-02
-4.638821631669998169e-02
-1.310100628870713990e-06
-1.817348180338740349e-03
1.577178947627544403e-03
-1.622430980205535889e-02
-2.035033423453569412e-03
1.851714774966239929e-02
7.452121376991271973e-02
6.082651391625404358e-02
5.876130983233451843e-02
2.659149095416069031e-02
3.448734804987907410e-02
1.356439758092164993e-02
-5.155908316373825073e-02
-7.965376228094100952e-02
-5.139819160103797913e-02
-5.102959647774696350e-02
2.422996610403060913e-02
3.181704878807067871e-02
-3.038738667964935303e-02
1.343368366360664368e-02
-1.325703319162130356e-02
-4.454250447452068329e-03
-2.527453470975160599e-03
-3.363734111189842224e-02
-1.906843669712543488e-02
1.502669230103492737e-02
4.318028315901756287e-02
3.519909083843231201e-02
2.383398264646530151e-02
4.997470602393150330e-02
6.099321693181991577e-02
5.258972570300102234e-02
9.030205011367797852e-02
-3.235792741179466248e-02
1.760651124641299248e-03
4.324133973568677902e-03
2.004789933562278748e-02
2.878537215292453766e-02
4.051600769162178040e-02
-1.544024329632520676e-02
-1.577442884445190430e-02
7.153428625315427780e-03
-3.458527382463216782e-03
-2.938863448798656464e-02
-1.150139421224594116e-02
-6.422087550163269043e-03
1.052289037033915520e-03
5.076837260276079178e-03
-6.684700027108192444e-03
6.125708459876477718e-04
5.539849773049354553e-02
-7.826906628906726837e-03
-2.108810655772686005e-02
-1.238111685961484909e-02
-2.621648088097572327e-02
-3.523836657404899597e-02
-4.133046418428421021e-02
-4.409659281373023987e-02
-5.180045589804649353e-02
-5.291291698813438416e-02
-1.892860629595816135e-03
-9.514151141047477722e-03
-7.401470094919204712e-03
8.270404487848281860e-02
-1.860557706095278263e-03
1.070418208837509155e-02
9.003283083438873291e-02
1.732949540019035339e-02
2.339005703106522560e-03
-1.806036755442619324e-02
-6.095305550843477249e-03
-2.450430206954479218e-02
8.368910290300846100e-03
4.057573527097702026e-02
4.976171255111694336e-02
2.288741990923881531e-02
8.341810852289199829e-02
7.104129344224929810e-02
3.340902924537658691e-02
1.985819824039936066e-02
-2.789343474432826042e-03
-1.563488133251667023e-02
-3.124215826392173767e-02
-3.053602017462253571e-02
-2.964313514530658722e-02
-3.385409340262413025e-02
-1.728260517120361328e-02
-3.779374063014984131e-02
-4.154559224843978882e-02
-1.670304685831069946e-02
5.055448971688747406e-03
-8.245422504842281342e-03
2.335060574114322662e-02
8.407444693148136139e-03
3.723701694980263710e-03
-6.276214844547212124e-04
-1.307903230190277100e-02
-6.625843793153762817e-02
-3.675992414355278015e-02
-1.818538457155227661e-02
-4.098158702254295349e-02
-1.068093255162239075e-02
2.875466644763946533e-02
2.621217817068099976e-02
3.458269685506820679e-02
-1.407908368855714798e-02
3.694444196298718452e-03
2.686437033116817474e-02
-1.710693165659904480e-02
1.003217231482267380e-02
3.638088004663586617e-03
-2.032921090722084045e-02
-2.170318737626075745e-02
-4.043298307806253433e-03
-2.126329019665718079e-02
-5.692230071872472763e-03
-3.782384097576141357e-02
5.542709026485681534e-03
4.511117935180664062e-03
3.213422745466232300e-02
2.712767384946346283e-02
5.663100257515907288e-02
6.701479107141494751e-02
-5.879105255007743835e-02
-6.174342334270477295e-02
-1.625051163136959076e-02
-1.844260841608047485e-02
-3.038965910673141479e-02
-1.165763102471828461e-02
2.806016989052295685e-02
6.034877616912126541e-03
-6.600157357752323151e-03
-3.794064372777938843e-02
-5.026179179549217224e-02
-4.963385686278343201e-02
-1.871140114963054657e-02
-3.297752141952514648e-02
-5.658379942178726196e-02
-3.253297880291938782e-03
-2.765045687556266785e-02
-2.989668212831020355e-02
-5.314382165670394897e-02
-7.397927343845367432e-02
-3.228151425719261169e-02
-5.788015574216842651e-02
-6.739218533039093018e-02
-5.029007419943809509e-02
3.710216283798217773e-02
4.878345876932144165e-03
4.718989366665482521e-04
7.689309120178222656e-02
9.067496657371520996e-02
6.596682965755462646e-02
4.525277018547058105e-02
5.164579302072525024e-02
7.371272146701812744e-02
5.149330943822860718e-03
5.530994385480880737e-02
2.243319898843765259e-02
-2.031617797911167145e-02
-2.281785476952791214e-03
-4.555627238005399704e-03
-3.858471056446433067e-03
-2.066662535071372986e-02
-9.021590463817119598e-03
1.756211556494235992e-02
1.864313730038702488e-03
3.302135318517684937e-02
1.065636798739433289e-02
-2.868001163005828857e-02
-4.538504406809806824e-02
1.673269830644130707e-02
-2.311595343053340912e-02
-2.052883617579936981e-02
1.775676384568214417e-02
3.242158144712448120e-02
-1.313085202127695084e-03
-5.788750946521759033e-03
-1.686502248048782349e-02
-2.050043269991874695e-02
5.149412900209426880e-03
2.646541409194469452e-02
-1.283972337841987610e-02
-1.456861646147444844e-04
5.400205403566360474e-02
5.295224860310554504e-02
-3.812157362699508667e-02
-5.002757534384727478e-02
-6.499742716550827026e-02
-8.990562520921230316e-03
-1.869577541947364807e-02
-3.890303149819374084e-02
5.686435103416442871e-02
3.754170984029769897e-02
2.585089206695556641e-02
-3.906561806797981262e-02
-3.109958209097385406e-02
-1.907693967223167419e-02
-5.612987093627452850e-03
1.053706044331192970e-03
4.388677328824996948e-02
-1.369324047118425369e-02
2.490318752825260162e-02
4.008674621582031250e-02
5.469484254717826843e-02
5.973247066140174866e-02
5.842550471425056458e-02
2.649512607604265213e-03
2.948500961065292358e-02
1.637040637433528900e-02
1.910600694827735424e-03
-7.560543250292539597e-03
1.113751437515020370e-02
2.173477225005626678e-02
1.615956798195838928e-02
-1.174513250589370728e-02
-3.866756707429885864e-02
-8.582920767366886139e-03
-2.924023568630218506e-02
-2.055265754461288452e-02
-1.756665296852588654e-02
-1.286747399717569351e-02
-6.775518413633108139e-03
-7.548029068857431412e-03
2.267225831747055054e-02
-4.675414413213729858e-03
-3.249672427773475647e-02
3.743546782061457634e-03
-1.741668768227100372e-02
5.374230444431304932e-03
3.688019141554832458e-02
-6.702979654073715210e-02
-8.408015221357345581e-02
-7.950522005558013916e-02
-6.432182341814041138e-02
-8.691754937171936035e-02
-9.658775478601455688e-02
-5.657227709889411926e-02
-6.356387585401535034e-02
-6.098042801022529602e-02
1.075126114301383495e-03
-4.376831930130720139e-03
-2.522180601954460144e-02
-3.909140080213546753e-02
-3.915077447891235352e-02
-2.279117517173290253e-02
-3.203042224049568176e-02
-1.724008843302726746e-02
-1.270318310707807541e-02
2.407192997634410858e-02
3.786271065473556519e-02
1.802326366305351257e-02
3.080899827182292938e-02
4.610414057970046997e-02
4.595173895359039307e-02
-3.585231257602572441e-03
-4.521735012531280518e-02
-3.662607073783874512e-02
1.233297027647495270e-02
-1.494078896939754486e-03
-9.705568663775920868e-03
-3.665329422801733017e-04
-1.458805892616510391e-02
-9.117034263908863068e-03
-5.730276461690664291e-04
-1.692949421703815460e-02
-2.951361238956451416e-02
-1.251637842506170273e-02
-3.520896285772323608e-02
-2.036649361252784729e-02
5.072157829999923706e-02
6.941245496273040771e-02
5.035665258765220642e-02
6.101556122303009033e-02
1.349127292633056641e-01
8.415538817644119263e-02
1.159448549151420593e-02
-2.685438096523284912e-02
-3.665897250175476074e-02
4.551687464118003845e-02
3.255704045295715332e-02
9.465671144425868988e-03
8.329150825738906860e-02
9.319343417882919312e-02
5.514410883188247681e-02
1.912289671599864960e-02
1.589716970920562744e-02
2.004314213991165161e-02
-9.115022607147693634e-03
4.143173340708017349e-03
2.088576555252075195e-03
-2.289980649948120117e-02
9.426102042198181152e-03
2.560049667954444885e-02
2.204789407551288605e-02
5.259850528091192245e-03
-8.844313211739063263e-03
-9.505741298198699951e-03
-3.537029842846095562e-04
6.209444254636764526e-04
-3.458444029092788696e-02
-1.327118929475545883e-02
-1.398738846182823181e-02
-3.032295592129230499e-02
-3.669256716966629028e-02
-3.780854493379592896e-02
-2.697286754846572876e-02
-3.650603070855140686e-02
-2.750566974282264709e-02
-2.180483192205429077e-02
-4.425607249140739441e-02
-4.403555765748023987e-03
-5.802079569548368454e-03
6.384485866874456406e-03
1.066363323479890823e-02
-3.086624853312969208e-02
-1.752819865942001343e-02
-2.805315330624580383e-02
-1.019816845655441284e-02
-3.351552784442901611e-02
-5.923712998628616333e-02
-2.446142956614494324e-02
-2.365881763398647308e-02
-9.076382033526897430e-03
-6.045931018888950348e-03
-2.013364341109991074e-03
1.165279094129800797e-02
-2.356421900913119316e-03
7.022968679666519165e-02
4.290071502327919006e-02
-2.705026417970657349e-02
-5.394920334219932556e-02
-4.547898471355438232e-02
9.673655033111572266e-03
-1.886051148176193237e-02
-4.453231021761894226e-02
3.474964527413249016e-03
7.176322862505912781e-03
-8.750688284635543823e-03
1.606849953532218933e-02
7.875435799360275269e-02
8.896172791719436646e-02
-9.002415463328361511e-03
2.046613581478595734e-02
3.085272572934627533e-02
-5.725220963358879089e-02
-6.363552063703536987e-02
-2.985082380473613739e-02
3.459500614553689957e-03
-1.629354804754257202e-02
-1.964228600263595581e-02
2.548971585929393768e-02
2.691053086891770363e-03
-2.631952520459890366e-03
2.763052843511104584e-02
4.341778531670570374e-02
2.824469283223152161e-02
7.890236563980579376e-03
-1.021280977874994278e-02
7.356234360486268997e-03
-3.170268982648849487e-02
-2.177172154188156128e-02
-3.010369278490543365e-02
-2.041886188089847565e-02
1.925210654735565186e-02
-1.685218513011932373e-02
-8.671689778566360474e-03
-3.245164081454277039e-02
-3.454105556011199951e-02
-6.963810417801141739e-03
-3.464268893003463745e-02
-4.149622842669487000e-02
2.441736496984958649e-02
-2.489484474062919617e-02
-4.639730323106050491e-03
-2.944209845736622810e-03
-2.748608589172363281e-02
-1.730054803192615509e-02
-1.008843164891004562e-02
-1.049738563597202301e-02
-2.156960964202880859e-02
-2.515013702213764191e-02
-2.180610597133636475e-02
3.219939023256301880e-02
7.644531875848770142e-02
7.928999140858650208e-03
-1.860257796943187714e-02
5.419702455401420593e-02
-2.924544038251042366e-03
-1.944682560861110687e-02
3.219499811530113220e-02
2.558093145489692688e-02
3.935097903013229370e-02
-1.560961455106735229e-02
1.192016806453466415e-02
1.306457351893186569e-02
4.905999824404716492e-02
5.770160630345344543e-02
8.362755179405212402e-02
5.271970108151435852e-02
1.007167324423789978e-01
1.158079057931900024e-01
3.142571821808815002e-02
8.905057795345783234e-03
7.358473259955644608e-03
4.358814097940921783e-03
3.897387906908988953e-02
8.020765334367752075e-02
-2.750525996088981628e-02
1.432149019092321396e-02
7.605684548616409302e-02
5.165742337703704834e-02
4.143049567937850952e-02
2.050985209643840790e-02
3.685293346643447876e-02
5.511092022061347961e-03
-1.814841851592063904e-02
-4.045888781547546387e-03
8.554192259907722473e-03
4.945838358253240585e-03
8.566793985664844513e-03
-1.574914902448654175e-02
-1.929433085024356842e-02
4.255629610270261765e-03
1.265745516866445541e-02
-2.065719664096832275e-02
1.792562566697597504e-02
1.729310257360339165e-03
-1.335333846509456635e-02
2.275488153100013733e-02
5.308475811034440994e-03
2.618733420968055725e-02
4.777747672051191330e-04
-1.996716670691967010e-02
-5.228137597441673279e-02
1.444545667618513107e-02
-3.180640190839767456e-02
-2.207899093627929688e-02
-2.187308622524142265e-03
2.781971124932169914e-03
3.225654736161231995e-02
-1.146010216325521469e-02
-2.070747083052992821e-03
1.651617139577865601e-02
-1.422582007944583893e-02
1.134364958852529526e-02
4.171483591198921204e-02
-3.187483549118041992e-02
3.146948292851448059e-03
3.174741193652153015e-02
-7.538565993309020996e-02
2.412626706063747406e-02
1.073088347911834717e-01
-1.581004820764064789e-02
6.362233310937881470e-02
1.315086632966995239e-01
-2.516028843820095062e-02
7.992694736458361149e-05
7.728788536041975021e-03
-4.948081076145172119e-02
-8.074807003140449524e-03
-7.548641413450241089e-03
-1.181140774860978127e-03
-2.925811149179935455e-02
-2.407387271523475647e-02
-4.743234068155288696e-02
-6.869244575500488281e-02
-4.665047675371170044e-02
-4.459776356816291809e-02
-5.247529596090316772e-02
-3.029791265726089478e-02
-2.043280377984046936e-02
-5.966180469840764999e-03
3.172361478209495544e-02
-4.531981423497200012e-03
3.062798269093036652e-02
4.931042715907096863e-02
-4.251933842897415161e-02
-2.398298494517803192e-02
2.032824419438838959e-02
-4.063220322132110596e-02
-1.817122288048267365e-02
1.719181612133979797e-02
-6.840334273874759674e-03
-1.009337790310382843e-02
5.280625540763139725e-03
-4.790460318326950073e-02
-4.105584230273962021e-03
-1.784202991984784603e-03
-5.675985664129257202e-02
-5.939121823757886887e-03
2.272734232246875763e-02
-2.320604585111141205e-02
-4.668106790632009506e-03
3.074224852025508881e-02
-2.787854522466659546e-02
-2.827588096261024475e-02
1.945754699409008026e-02
-1.000898797065019608e-02
-1.301347184926271439e-02
5.643181037157773972e-03
2.110881730914115906e-02
2.419597283005714417e-02
6.738258898258209229e-02
1.745077781379222870e-03
1.711144112050533295e-02
9.151421487331390381e-02
-4.577942937612533569e-02
4.709322750568389893e-02
9.118522703647613525e-02
1.790968514978885651e-02
3.532502055168151855e-02
5.409149889601394534e-05
1.217828903463669121e-04
2.458195760846138000e-02
6.510005146265029907e-02
-2.030565589666366577e-02
7.552979886531829834e-02
1.091456785798072815e-01
-3.833408281207084656e-02
-5.189505219459533691e-02
-1.979086175560951233e-02
-4.074140451848506927e-03
-1.336977072060108185e-02
-1.462684129364788532e-03
1.098338887095451355e-02
9.288570843636989594e-03
1.559374481439590454e-02
-1.709028705954551697e-02
3.131007775664329529e-03
4.273120686411857605e-02
-4.609782248735427856e-02
1.568652503192424774e-02
6.313902139663696289e-02
-3.007274121046066284e-03
3.243290632963180542e-02
3.081539273262023926e-02
3.402150468900799751e-04
-4.553364962339401245e-02
-9.551220387220382690e-02
1.984144002199172974e-02
-2.271927893161773682e-02
-7.793062180280685425e-02
1.486594672314822674e-03
-1.026732288300991058e-02
-1.654433459043502808e-02
-2.649763971567153931e-02
1.654602773487567902e-02
1.321259047836065292e-02
-5.593897029757499695e-02
1.730873249471187592e-02
2.043320238590240479e-02
-5.911481007933616638e-02
-1.367343869060277939e-02
2.283385396003723145e-02
-5.735460296273231506e-02
-2.525310963392257690e-02
-1.550680212676525116e-02
-1.881581731140613556e-02
-1.801772788166999817e-02
-3.711906448006629944e-02
4.578508436679840088e-02
3.183020278811454773e-02
-6.269227596931159496e-04
-9.186175651848316193e-03
-1.717993617057800293e-02
-8.218017406761646271e-03
-5.802853032946586609e-02
-2.964346483349800110e-02
-5.095046386122703552e-02
-7.843423634767532349e-02
-5.223514512181282043e-02
-1.061615534126758575e-02
-2.117004990577697754e-02
6.393057294189929962e-03
1.838044635951519012e-02
1.535492110997438431e-02
4.050816595554351807e-02
2.633836120367050171e-03
3.651424311101436615e-03
2.119473367929458618e-02
-2.383633702993392944e-02
1.905745826661586761e-02
1.486853323876857758e-02
6.589466240257024765e-03
1.817050040699541569e-03
-1.202650833874940872e-02
-3.159856423735618591e-02
-1.686959713697433472e-02
-4.488299787044525146e-02
-5.583855882287025452e-02
-3.001486510038375854e-02
3.097707405686378479e-03
7.829242199659347534e-02
-3.683292120695114136e-02
3.569725155830383301e-02
1.031207740306854248e-01
-1.332662906497716904e-02
1.023906935006380081e-02
3.394163399934768677e-02
-4.726378247141838074e-02
-1.615025475621223450e-02
-2.593363821506500244e-02
4.556409083306789398e-03
1.470852270722389221e-02
1.191890519112348557e-02
6.987034343183040619e-03
2.886376157402992249e-02
2.049744315445423126e-02
-6.718687713146209717e-02
-5.516936257481575012e-02
-2.668237313628196716e-02
-7.666332274675369263e-02
-5.934104695916175842e-02
-2.402094751596450806e-02
-6.966848857700824738e-03
-2.581800892949104309e-02
-6.506136804819107056e-02
-2.734411321580410004e-02
-4.733986686915159225e-03
3.411561250686645508e-02
-7.396491616964340210e-02
-4.244360700249671936e-02
4.792864248156547546e-02
-7.533720135688781738e-02
-6.964495033025741577e-02
2.052472718060016632e-02
-2.534694597125053406e-02
-1.181352417916059494e-02
-2.420058473944664001e-02
3.768211696296930313e-03
4.557511955499649048e-02
3.743497654795646667e-02
-8.780026808381080627e-03
2.606212906539440155e-02
5.091283470392227173e-02
-2.736786194145679474e-02
2.341966144740581512e-02
4.140279069542884827e-02
-4.113539308309555054e-02
-6.199858151376247406e-03
-2.095178933814167976e-03
-3.910586982965469360e-02
-3.706472367048263550e-02
-9.009747882373631001e-04
6.877134740352630615e-02
9.100081771612167358e-02
6.965317577123641968e-02
9.205406904220581055e-02
7.032010704278945923e-02
8.390601724386215210e-02
9.296563267707824707e-02
5.690174922347068787e-02
9.683081880211830139e-03
-1.008540857583284378e-02
-2.306708134710788727e-02
5.979916546493768692e-03
-7.116408552974462509e-03
-3.229884803295135498e-02
-3.023828379809856415e-03
-8.384912274777889252e-03
1.722599752247333527e-02
2.963344380259513855e-02
-5.473367497324943542e-02
-6.861810386180877686e-02
-9.347849339246749878e-02
-2.097326098009943962e-03
-3.057788126170635223e-02
-8.679640293121337891e-02
1.257672999054193497e-02
2.033492177724838257e-02
-1.213355176150798798e-02
-4.207604378461837769e-02
-2.167305909097194672e-02
-9.825511835515499115e-03
-2.091927826404571533e-02
-2.320435270667076111e-02
1.126176305115222931e-02
2.022793283686041832e-03
2.680690400302410126e-02
4.835615679621696472e-02
-3.158634528517723083e-03
-1.818146184086799622e-02
-4.047355055809020996e-02
1.385904569178819656e-02
-2.005945332348346710e-02
-6.435462087392807007e-02
4.886598885059356689e-02
-7.354909554123878479e-03
-4.750903695821762085e-03
3.024102747440338135e-02
-6.808097939938306808e-03
1.400591223500669003e-03
-9.720629081130027771e-03
-3.669473528861999512e-02
-1.286384556442499161e-02
-1.302294619381427765e-02
-4.718697816133499146e-02
-5.184251442551612854e-02
-5.043390206992626190e-03
-5.116542801260948181e-02
-5.279325321316719055e-02
-5.979516427032649517e-04
-2.885640226304531097e-02
-5.570924654603004456e-02
-3.252025321125984192e-02
-6.884539127349853516e-02
-5.221937596797943115e-02
-2.096675522625446320e-02
-4.246580228209495544e-02
-1.808066293597221375e-02
-7.610031217336654663e-02
-5.229445919394493103e-02
-4.250731319189071655e-02
-7.571870088577270508e-02
-6.407120823860168457e-02
-9.861227124929428101e-03
-4.557954147458076477e-02
-7.230830844491720200e-03
-1.812985911965370178e-02
-4.499945789575576782e-02
-2.491370961070060730e-02
4.232625011354684830e-03
-1.409227587282657623e-02
-2.424465492367744446e-02
-3.489239141345024109e-02
-6.789200007915496826e-03
-5.013268440961837769e-02
-2.633555419743061066e-02
1.930164173245429993e-02
-1.268333010375499725e-02
-1.614023931324481964e-02
2.802087925374507904e-02
3.259631991386413574e-02
1.909870840609073639e-02
-1.052752789109945297e-02
1.489149499684572220e-02
7.168574957177042961e-04
3.343122079968452454e-02
2.880820631980895996e-02
1.455410011112689972e-02
-5.252401158213615417e-02
-7.612556219100952148e-03
1.179296802729368210e-02
-7.840019464492797852e-02
-8.165660500526428223e-02
-5.215908959507942200e-02
-6.435345113277435303e-02
-5.229718610644340515e-02
-3.465116769075393677e-02
2.391352877020835876e-02
2.426613308489322662e-02
1.955983228981494904e-02
2.312744222581386566e-02
-6.856501847505569458e-02
-1.134585738182067871e-01
1.556607894599437714e-02
-6.725376844406127930e-02
-1.176792979240417480e-01
-4.882916808128356934e-02
-7.245048880577087402e-02
-9.270725399255752563e-02
-1.371267531067132950e-02
5.474020913243293762e-02
5.822473391890525818e-02
3.365352004766464233e-02
8.118446916341781616e-02
8.500842005014419556e-02
2.690194733440876007e-02
4.085947945713996887e-02
5.022523924708366394e-02
2.504745870828628540e-02
7.491622585803270340e-03
1.752336695790290833e-02
1.292735245078802109e-02
3.864944353699684143e-02
7.590865343809127808e-02
-1.623755134642124176e-02
4.223191738128662109e-02
5.734634399414062500e-02
-5.423531308770179749e-02
-5.179481208324432373e-02
-8.318115025758743286e-02
8.539400994777679443e-03
2.752901241183280945e-02
2.175790816545486450e-02
6.866889446973800659e-02
1.073095202445983887e-01
9.022541344165802002e-02
-5.787158384919166565e-02
-9.084454923868179321e-02
-5.130024254322052002e-02
-1.119335647672414780e-02
-5.268923938274383545e-02
-7.401008903980255127e-02
2.803220041096210480e-02
9.451680816709995270e-03
1.823295839130878448e-02
4.477924481034278870e-02
7.280676160007715225e-03
-2.122636511921882629e-02
3.777022659778594971e-02
1.264590956270694733e-02
-2.629359439015388489e-02
5.936502479016780853e-03
-1.574884372530505061e-04
-5.111612007021903992e-02
2.093780413269996643e-02
8.279068395495414734e-03
3.594949468970298767e-02
7.148706167936325073e-02
2.607841230928897858e-02
2.010500431060791016e-02
4.140277206897735596e-02
3.323492407798767090e-02
-2.361763268709182739e-02
1.509025506675243378e-02
1.227623783051967621e-02
-6.917525548487901688e-03
1.390364114195108414e-02
5.175221245735883713e-03
2.247207984328269958e-02
4.994286224246025085e-03
-1.030265446752309799e-02
-1.565110869705677032e-02
2.890729531645774841e-02
-2.000564150512218475e-02
-1.758494786918163300e-02
1.689161523245275021e-03
-6.300880014896392822e-02
-7.438740134239196777e-02
1.095874607563018799e-02
-6.547212600708007812e-02
-8.762845396995544434e-02
1.378243602812290192e-02
-1.870695129036903381e-02
-3.779020160436630249e-02
-5.436959676444530487e-03
-6.339954212307929993e-03
-1.772719435393810272e-02
-1.086526922881603241e-02
4.617647209670394659e-04
-9.681818075478076935e-03
2.137206308543682098e-02
4.592835903167724609e-02
1.196849253028631210e-02
1.235106773674488068e-02
1.757722720503807068e-02
1.477917283773422241e-02
6.365505047142505646e-03
-3.447705507278442383e-02
-5.048952996730804443e-02
1.259418483823537827e-02
1.008875519037246704e-01
7.239426672458648682e-02
9.597332775592803955e-02
9.169274568557739258e-02
8.270491659641265869e-02
2.362405695021152496e-02
3.435786068439483643e-02
4.002330079674720764e-02
-8.796667680144309998e-03
9.981935843825340271e-03
2.636046707630157471e-02
4.997123498469591141e-03
3.900964278727769852e-03
-1.740826293826103210e-02
-2.379442565143108368e-02
-3.077900223433971405e-02
-1.760583929717540741e-02
1.838932186365127563e-02
9.065831080079078674e-03
5.499145016074180603e-03
-1.606730744242668152e-02
-2.343870699405670166e-02
-2.642188407480716705e-02
-4.120412096381187439e-02
-6.120360642671585083e-02
-5.886916816234588623e-02
-1.813178299926221371e-03
-4.770560190081596375e-02
-5.610896646976470947e-02
-1.067593507468700409e-02
-3.920997306704521179e-02
-6.298302114009857178e-02
-3.919008187949657440e-03
-1.914756745100021362e-02
-3.054185584187507629e-02
2.334516867995262146e-02
4.019889608025550842e-02
4.828479886054992676e-02
2.062536776065826416e-02
4.861667007207870483e-02
3.303903713822364807e-02
1.309620589017868042e-02
1.971483044326305389e-02
1.350579317659139633e-02
-2.105913124978542328e-03
2.644499018788337708e-02
2.249483577907085419e-02
-2.077855169773101807e-03
1.805285178124904633e-02
5.137796700000762939e-02
3.192191943526268005e-03
-5.811894312500953674e-02
-6.467305123805999756e-02
-2.387259155511856079e-02
6.028015632182359695e-03
-2.684717299416661263e-03
-3.380489349365234375e-02
-3.186208009719848633e-02
1.356082875281572342e-02
-6.098099425435066223e-02
-4.635850712656974792e-02
-1.120478846132755280e-02
-1.096548978239297867e-02
-7.948334328830242157e-03
-2.330964198336005211e-03
1.650016382336616516e-02
1.426971983164548874e-02
-2.013271301984786987e-02
3.160847350955009460e-02
2.918384596705436707e-02
-8.779930882155895233e-03
4.130240157246589661e-02
4.063933342695236206e-02
-2.033384284004569054e-03
2.869396097958087921e-02
-1.493825763463973999e-02
-4.985759966075420380e-03
-1.257661916315555573e-02
-5.051871016621589661e-02
-3.335337340831756592e-02
-6.104960665106773376e-02
-3.398564830422401428e-02
-1.421232055872678757e-02
-3.492150083184242249e-02
-3.919004276394844055e-02
1.194982416927814484e-02
-8.143593557178974152e-03
1.859189197421073914e-02
6.819876842200756073e-03
-1.665076799690723419e-02
2.872640965506434441e-03
-3.150722384452819824e-02
-2.079797536134719849e-02
2.986591681838035583e-02
8.279176545329391956e-04
-1.823129691183567047e-02
-7.294425275176763535e-03
1.082944404333829880e-02
-9.164788760244846344e-03
-6.531596928834915161e-02
-7.369988411664962769e-02
2.629147842526435852e-02
-3.581985458731651306e-02
-6.148434802889823914e-02
7.538198679685592651e-02
3.941831365227699280e-02
2.404116326943039894e-03
-5.103008821606636047e-03
-4.947906360030174255e-02
-2.380594238638877869e-02
1.162441167980432510e-02
-1.226510107517242432e-02
-3.226528316736221313e-02
3.886158391833305359e-02
3.000892698764801025e-02
-3.020578064024448395e-03
2.174578420817852020e-02
7.202996313571929932e-02
7.829377800226211548e-02
3.228120505809783936e-02
2.660509943962097168e-02
1.241416335105895996e-01
-5.403196439146995544e-02
-1.383384782820940018e-02
2.766908332705497742e-02
-1.538638491183519363e-02
-3.507533296942710876e-02
-7.500663865357637405e-03
-3.699991479516029358e-02
4.411531146615743637e-03
-7.236393634229898453e-03
-1.714503392577171326e-02
1.243958249688148499e-02
1.590096764266490936e-02
-7.465091347694396973e-02
-7.356347143650054932e-02
-5.383453797549009323e-03
-4.185881093144416809e-02
2.286870963871479034e-03
1.337537355720996857e-02
-1.882586628198623657e-02
5.294837430119514465e-02
5.542067810893058777e-02
4.404449462890625000e-02
4.268343374133110046e-02
-2.067000418901443481e-02
2.364594675600528717e-02
1.797345350496470928e-03
-2.517195418477058411e-02
-1.125213224440813065e-02
-1.241685263812541962e-02
-2.768133208155632019e-02
-6.916405167430639267e-03
-6.603258103132247925e-02
-3.770919889211654663e-02
-4.854124505072832108e-03
-2.254833467304706573e-02
-2.309363894164562225e-02
-1.725710742175579071e-02
1.422203984111547470e-02
8.792216889560222626e-03
3.194732218980789185e-02
-3.684668568894267082e-03
-1.058420911431312561e-02
-1.369673875160515308e-03
-4.262905567884445190e-02
-3.231817111372947693e-02
-7.469445466995239258e-03
-1.466471422463655472e-02
-1.769773103296756744e-02
-1.021406799554824829e-02
2.484122815076261759e-04
-9.300093166530132294e-03
-3.919859603047370911e-02
-3.931494057178497314e-02
-3.769881650805473328e-02
-1.798876002430915833e-02
-4.521264508366584778e-02
-5.977991223335266113e-02
2.647018805146217346e-02
3.971579670906066895e-02
-1.568201929330825806e-02
1.890491694211959839e-02
2.416446339339017868e-03
1.252831518650054932e-02
-7.951854728162288666e-03
-2.334385924041271210e-02
-2.101216092705726624e-02
6.468179170042276382e-03
-3.131767734885215759e-02
-4.625112935900688171e-02
-3.863658756017684937e-02
-8.561167120933532715e-02
-7.069344818592071533e-02
-5.609458684921264648e-02
-7.759413123130798340e-02
-1.850418932735919952e-02
-1.798317534849047661e-03
1.077973470091819763e-02
-2.582776825875043869e-03
2.182249166071414948e-02
-1.182255521416664124e-02
1.131972949951887131e-02
5.123031791299581528e-03
4.226366057991981506e-03
3.894684836268424988e-02
2.198171615600585938e-02
1.035677175968885422e-02
2.691436000168323517e-02
-2.573236264288425446e-02
-3.715228661894798279e-02
1.687509007751941681e-02
-6.806226074695587158e-02
-7.505694031715393066e-02
-2.981839515268802643e-02
3.049375116825103760e-02
8.316062390804290771e-02
6.094604358077049255e-02
3.064750460907816887e-03
3.051536157727241516e-02
5.936490371823310852e-02
-3.842515638098120689e-03
4.278412554413080215e-03
2.189168520271778107e-02
-1.180565543472766876e-02
-3.516139462590217590e-02
-1.635294593870639801e-02
-1.462529599666595459e-02
-1.656931824982166290e-03
8.706911467015743256e-03
4.497120156884193420e-03
3.451028466224670410e-02
3.639545664191246033e-02
7.358965463936328888e-03
2.981704473495483398e-02
4.568961262702941895e-02
6.103806570172309875e-02
8.010897040367126465e-02
5.029747262597084045e-02
8.029633760452270508e-02
7.348940521478652954e-02
1.761473529040813446e-02
-1.073105819523334503e-02
-1.386189460754394531e-02
-2.992137335240840912e-03
2.080755308270454407e-02
-4.274141509085893631e-03
-2.370177395641803741e-02
7.357809692621231079e-03
-3.892456740140914917e-02
-2.296617068350315094e-02
-2.480747736990451813e-02
-4.454780369997024536e-02
-1.064228359609842300e-02
-1.740146428346633911e-02
-3.239248692989349365e-02
-3.598581627011299133e-02
-1.588584482669830322e-02
1.768348179757595062e-02
-1.218728162348270416e-02
1.992399618029594421e-02
2.387614734470844269e-02
2.561525069177150726e-02
-3.092257864773273468e-02
-4.977606981992721558e-02
-2.674779482185840607e-02
-6.670423597097396851e-02
-7.253505289554595947e-02
-3.968095034360885620e-02
-1.542863156646490097e-02
1.622992753982543945e-02
-6.889550015330314636e-03
3.899764269590377808e-02
3.615688905119895935e-02
8.482693228870630264e-04
1.885800622403621674e-02
3.739470615983009338e-02
-1.278067100793123245e-02
8.855020254850387573e-02
1.382577866315841675e-01
1.095267683267593384e-01
5.739257857203483582e-02
1.142861694097518921e-01
1.228447631001472473e-01
1.016343943774700165e-02
5.478588119149208069e-02
7.017944753170013428e-02
5.427738651633262634e-02
7.491642981767654419e-02
2.347623556852340698e-02
9.183895587921142578e-02
3.800303861498832703e-02
1.390810776501893997e-02
6.431729346513748169e-02
4.112930595874786377e-02
-6.577519699931144714e-03
-1.665495894849300385e-02
-2.636108733713626862e-02
-1.625257730484008789e-02
-2.569872327148914337e-02
3.346127457916736603e-03
-5.982648581266403198e-03
-2.225961163640022278e-02
2.270665392279624939e-02
2.909984625875949860e-02
1.383673306554555893e-02
-1.785184256732463837e-02
-3.023311123251914978e-02
5.633621010929346085e-03
-3.903810307383537292e-02
-6.073636934161186218e-02
2.921860292553901672e-02
-1.283236593008041382e-02
-2.804785221815109253e-02
1.300341449677944183e-02
-7.700075395405292511e-03
-2.968600764870643616e-02
1.296013314276933670e-02
-8.622440509498119354e-03
8.908029645681381226e-03
-1.680887863039970398e-02
1.785589195787906647e-02
3.595362976193428040e-02
-1.982316188514232635e-02
-4.545349627733230591e-03
-8.497933857142925262e-03
2.930440194904804230e-02
2.827213704586029053e-02
3.568092733621597290e-02
1.872869953513145447e-02
5.359052494168281555e-02
8.120650053024291992e-02
2.677955850958824158e-02
1.040739938616752625e-02
2.068207599222660065e-02
5.910162627696990967e-02
4.686255753040313721e-02
3.325704857707023621e-02
-6.351582240313291550e-03
-1.661033555865287781e-02
-1.941880956292152405e-02
-6.920892279595136642e-03
-8.078002370893955231e-03
5.249331705272197723e-03
-7.434508204460144043e-02
-3.039032593369483948e-02
-1.018199976533651352e-02
-6.516155600547790527e-02
-7.839209586381912231e-02
-2.982266247272491455e-02
-1.386780058965086937e-03
-2.502601779997348785e-02
-4.387131333351135254e-02
-2.341603394597768784e-03
-3.332351520657539368e-02
-3.257742524147033691e-02
4.107913002371788025e-03
-4.816436767578125000e-02
-1.174344588071107864e-02
1.806071028113365173e-02
-5.722873844206333160e-03
-1.422276441007852554e-02
-7.500422187149524689e-03
-4.950973019003868103e-02
-3.957187011837959290e-02
-4.244354087859392166e-03
-4.214311018586158752e-02
-5.847924947738647461e-02
-5.377359222620725632e-03
2.402117475867271423e-02
3.956153243780136108e-02
-1.184796448796987534e-02
-1.957218721508979797e-02
5.886156577616930008e-03
-1.177081000059843063e-02
1.087526511400938034e-02
-1.807956397533416748e-02
6.355969607830047607e-02
8.657202124595642090e-02
7.653706520795822144e-02
2.330314554274082184e-02
1.157314423471689224e-02
4.717136546969413757e-02
-4.421024024486541748e-02
-4.657882079482078552e-02
-2.908135065808892250e-03
1.566725224256515503e-02
-3.075151331722736359e-02
-4.268280416727066040e-02
-5.477608740329742432e-02
-7.074033468961715698e-02
-1.208930741995573044e-02
-6.242651119828224182e-02
-4.038216546177864075e-02
1.309936027973890305e-02
-6.653303280472755432e-03
2.014129050076007843e-02
-2.656655386090278625e-03
4.588262364268302917e-02
2.575927227735519409e-02
1.313472818583250046e-02
9.014679491519927979e-02
5.489573255181312561e-02
1.212884788401424885e-03
-1.695024408400058746e-02
-1.066773477941751480e-02
3.908876795321702957e-03
1.063368283212184906e-02
2.676326408982276917e-02
2.230672352015972137e-02
5.054121837019920349e-02
6.895396858453750610e-02
4.072441533207893372e-02
3.567094355821609497e-02
2.212136425077915192e-02
3.339672833681106567e-02
4.727110266685485840e-03
-6.932734977453947067e-03
4.960231482982635498e-03
-1.830208487808704376e-02
-3.905514627695083618e-02
-3.497176617383956909e-02
-3.070721402764320374e-02
-3.900623705703765154e-04
-4.483294207602739334e-03
-7.922992110252380371e-02
-3.148541972041130066e-02
-2.624182589352130890e-02
-3.515677526593208313e-02
-2.520231902599334717e-02
-2.602313086390495300e-02
-7.487326115369796753e-02
-8.628489822149276733e-02
-5.442692711949348450e-02
-2.741839736700057983e-03
-3.569300100207328796e-02
-4.906507208943367004e-02
1.006428450345993042e-01
5.152458325028419495e-02
5.545463878661394119e-03
2.310939133167266846e-02
2.847667969763278961e-02
3.559974581003189087e-02
-1.397642679512500763e-02
9.648606181144714355e-03
4.932365566492080688e-02
-4.182921350002288818e-02
7.475525606423616409e-03
3.804551810026168823e-02
-1.815930195152759552e-02
-1.242529251612722874e-03
3.254946693778038025e-02
-3.019452467560768127e-02
-3.431671764701604843e-03
1.161701790988445282e-02
-6.407982856035232544e-02
-3.646440058946609497e-02
-3.948983736336231232e-03
7.630690466612577438e-03
1.184006407856941223e-02
-2.357994578778743744e-02
3.496160730719566345e-02
4.573903232812881470e-02
-5.490019917488098145e-02
1.613296382129192352e-02
3.453698474913835526e-03
-3.503019735217094421e-02
-7.590447366237640381e-02
-6.312832236289978027e-02
-3.190366178750991821e-02
-4.891298338770866394e-02
-6.024856492877006531e-02
-4.333009943366050720e-03
-1.445351354777812958e-02
-7.059334218502044678e-02
-1.006602775305509567e-02
-9.411395527422428131e-03
-3.076059930026531219e-02
-5.093952268362045288e-02
-2.284186705946922302e-02
-6.617111712694168091e-02
-5.466267839074134827e-02
-2.010882459580898285e-02
-1.585209928452968597e-02
-3.560714423656463623e-02
-1.302798558026552200e-02
-6.711223162710666656e-03
-2.490569651126861572e-02
-2.365620573982596397e-03
1.013186573982238770e-02
-2.741231117397546768e-03
-3.037766553461551666e-03
-2.334492467343807220e-02
-2.923967689275741577e-02
-1.144784502685070038e-02
3.227929770946502686e-02
8.219223469495773315e-03
3.870051354169845581e-02
5.612298101186752319e-02
2.701572515070438385e-02
4.537407681345939636e-02
6.260752677917480469e-02
-3.308760933578014374e-04
5.464160814881324768e-02
2.915018238127231598e-02
-5.348507780581712723e-03
1.056253835558891296e-01
5.823697522282600403e-02
3.895216062664985657e-02
6.047369912266731262e-02
8.249178528785705566e-02
8.993492461740970612e-03
-9.840121492743492126e-03
-7.490433752536773682e-03
4.662104696035385132e-02
8.048362098634243011e-03
6.135962437838315964e-03
4.016679525375366211e-02
3.998285625129938126e-03
4.171324428170919418e-03
4.144947230815887451e-02
-3.911841660737991333e-02
-2.587984874844551086e-02
2.604884281754493713e-02
-6.423714011907577515e-02
-3.237894922494888306e-02
-2.099150046706199646e-02
-2.970224618911743164e-02
-6.186081096529960632e-02
-4.173474013805389404e-02
3.642471507191658020e-02
-3.578013554215431213e-02
-1.931843906641006470e-02
4.133024066686630249e-02
3.558531031012535095e-02
2.006023423746228218e-04
4.909363761544227600e-02
8.429592102766036987e-02
5.294046178460121155e-02
-9.870245307683944702e-02
-8.147387951612472534e-02
-4.712237417697906494e-02
-6.166535988450050354e-02
-3.644710779190063477e-02
-9.809873066842556000e-03
-2.196262357756495476e-03
6.240677554160356522e-03
2.917149849236011505e-02
-2.079011313617229462e-02
-8.827392943203449249e-03
-1.502211578190326691e-02
6.511974148452281952e-03
-4.097901284694671631e-02
-1.057551894336938858e-02
-3.340589581057429314e-03
-6.932462565600872040e-03
6.270937155932188034e-03
-1.730536483228206635e-02
-3.532385826110839844e-02
-6.171971559524536133e-02
8.816660195589065552e-02
4.108021780848503113e-02
-1.922754198312759399e-02
1.234478875994682312e-01
7.291038334369659424e-02
-1.717415871098637581e-04
1.518903952091932297e-02
7.573558017611503601e-03
-2.759894542396068573e-02
6.524074077606201172e-02
3.356868028640747070e-02
1.713749393820762634e-02
4.396538808941841125e-02
6.289250403642654419e-02
2.443525381386280060e-02
-1.590660214424133301e-02
1.760493591427803040e-02
-2.015387639403343201e-02
-2.102353051304817200e-02
-2.190438285470008850e-02
-3.342335671186447144e-02
-6.948413792997598648e-03
-4.660689830780029297e-02
-5.318767949938774109e-02
-6.567090895259752870e-05
-2.498653717339038849e-02
-2.430925890803337097e-02
5.181758315302431583e-04
-4.844593629240989685e-02
-2.806526422500610352e-02
-3.694602753967046738e-03
-3.391281515359878540e-02
-7.366676814854145050e-03
5.356843583285808563e-03
-1.786005496978759766e-02
-5.924226716160774231e-03
1.146309729665517807e-02
-1.693732477724552155e-02
-9.906841441988945007e-03
-2.270914381369948387e-03
-1.806744001805782318e-02
3.228478133678436279e-03
-2.030451782047748566e-02
-3.412816673517227173e-02
-3.671737387776374817e-03
-3.934573009610176086e-02
-4.099281504750251770e-03
-2.445327118039131165e-02
-4.069247096776962280e-02
-1.503643952310085297e-02
-1.372717972844839096e-02
-1.171572227030992508e-02
-3.743940591812133789e-02
-1.940534636378288269e-02
-3.838213533163070679e-02
-6.321053206920623779e-02
-5.147221311926841736e-02
-1.633268315345048904e-03
-5.133971944451332092e-02
-4.851247742772102356e-02
-3.782872855663299561e-02
-2.901766449213027954e-02
-1.353598106652498245e-02
-6.465871352702379227e-03
-1.219133031554520130e-03
-3.505104780197143555e-02
-7.565260864794254303e-03
2.373632276430726051e-03
-4.965354502201080322e-02
-4.598367959260940552e-02
1.823061145842075348e-02
4.772986844182014465e-02
1.254549063742160797e-02
1.912433799589052796e-04
2.807505056262016296e-02
4.280157387256622314e-03
2.906955033540725708e-02
2.078353799879550934e-02
1.546571310609579086e-02
8.273412473499774933e-03
2.123354189097881317e-02
-2.075582556426525116e-02
1.208637375384569168e-02
2.157736010849475861e-02
-3.584091737866401672e-02
-6.072968244552612305e-02
-5.861241836100816727e-03
-1.287302002310752869e-02
-5.397614836692810059e-02
-4.309415072202682495e-02
1.617026142776012421e-02
-2.069948986172676086e-02
-2.511486597359180450e-02
2.184826694428920746e-02
6.811354774981737137e-03
-2.557125128805637360e-02
1.869163475930690765e-02
3.809088096022605896e-02
1.052420306950807571e-02
6.770009547472000122e-02
3.371037542819976807e-02
2.821988239884376526e-02
4.339852556586265564e-02
4.309624060988426208e-02
1.901518180966377258e-02
3.768208250403404236e-02
8.215074241161346436e-02
6.906353682279586792e-02
7.865461707115173340e-02
8.584453910589218140e-02
2.429736405611038208e-02
1.813474670052528381e-02
7.958104461431503296e-02
-7.593284361064434052e-03
-2.184245095122605562e-04
-8.006275631487369537e-03
-1.404930371791124344e-02
-1.149691082537174225e-02
-2.294795773923397064e-02
-1.776476274244487286e-03
-2.215535566210746765e-02
-3.632502257823944092e-02
-4.780590161681175232e-02
3.081930242478847504e-02
8.731776475906372070e-02
3.039482235908508301e-02
3.159956261515617371e-02
6.590486317873001099e-02
6.944580376148223877e-02
2.096105180680751801e-02
3.581835702061653137e-02
4.462429881095886230e-02
4.283647239208221436e-02
2.682291343808174133e-02
-1.845993287861347198e-02
2.680723182857036591e-02
3.002557158470153809e-02
-1.958944369107484818e-03
1.140565425157546997e-02
2.801514230668544769e-02
-1.062081009149551392e-02
-4.821365699172019958e-02
1.601875759661197662e-02
7.780604995787143707e-03
-2.910225093364715576e-02
-6.828858051449060440e-03
5.477750673890113831e-03
-9.791390039026737213e-03
3.273974731564521790e-02
3.417680785059928894e-02
-8.609571307897567749e-02
-5.239278078079223633e-02
1.551144663244485855e-02
-4.769438132643699646e-02
1.805758918635547161e-03
2.856275811791419983e-02
-3.563080728054046631e-02
1.080380659550428391e-02
-5.788056296296417713e-04
-3.656349144876003265e-04
-2.704941434785723686e-04
-6.716597825288772583e-03
-3.357576578855514526e-02
-1.879091374576091766e-02
-3.807150200009346008e-02
-1.684035919606685638e-02
-2.955931611359119415e-02
-2.891923859715461731e-02
-8.976257592439651489e-02
-4.723379015922546387e-02
-2.294378727674484253e-02
-1.888027973473072052e-02
1.330970041453838348e-02
1.737156882882118225e-02
1.096977293491363525e-02
2.266743779182434082e-02
-1.182427047751843929e-03
2.487737918272614479e-03
1.860901713371276855e-02
7.050062995404005051e-03
-8.539834059774875641e-03
1.753208227455615997e-02
-3.016258962452411652e-02
-1.443829853087663651e-02
5.963613744825124741e-03
-1.286898972466588020e-03
-2.146923216059803963e-03
4.425828810781240463e-03
5.919006839394569397e-02
2.935667894780635834e-02
3.289707377552986145e-02
4.330122470855712891e-02
-6.398236844688653946e-03
-1.812357641756534576e-02
-3.824338549748063087e-03
-4.396375268697738647e-02
-5.510924756526947021e-02
-1.461312058381736279e-04
-2.671387046575546265e-02
-6.882439833134412766e-03
4.940476734191179276e-03
-5.134125240147113800e-03
-1.760219782590866089e-02
1.472136564552783966e-02
-1.112919207662343979e-02
-3.100581467151641846e-02
-3.091756068170070648e-02
-2.683562785387039185e-02
-4.883019998669624329e-02
-3.208974376320838928e-02
2.696567680686712265e-03
-2.721220441162586212e-02
2.083211578428745270e-02
2.098090201616287231e-02
2.917490899562835693e-03
-8.625225163996219635e-03
7.424007169902324677e-03
-1.243442296981811523e-02
5.883594509214162827e-03
5.959142465144395828e-03
1.753190904855728149e-02
-2.310472168028354645e-02
-3.260898962616920471e-02
3.312099725008010864e-02
3.572847321629524231e-02
-1.609894447028636932e-02
5.032915994524955750e-02
5.309590697288513184e-02
-2.245035022497177124e-02
4.826309531927108765e-02
4.960753023624420166e-02
-7.315472513437271118e-02
-8.160043507814407349e-02
-3.276748955249786377e-02
-4.757992923259735107e-02
-2.362409792840480804e-02
2.335883677005767822e-02
-1.685122214257717133e-02
1.956338994204998016e-02
3.005707822740077972e-02
-4.240052402019500732e-02
-5.141538381576538086e-02
-1.574261486530303955e-02
-2.743822149932384491e-02
-2.114313468337059021e-02
7.923979312181472778e-03
-1.553857699036598206e-02
-8.359746076166629791e-03
-1.837425678968429565e-02
-4.028053209185600281e-02
2.159261610358953476e-03
-2.080917172133922577e-02
-9.331073611974716187e-03
2.127017639577388763e-02
4.708028212189674377e-02
3.420281410217285156e-02
3.852495178580284119e-02
6.325277499854564667e-03
8.841535076498985291e-03
-6.666462868452072144e-03
-3.354881331324577332e-02
-2.133860485628247261e-03
-2.801660634577274323e-02
-3.529237955808639526e-02
-1.194240176118910313e-03
-3.153880313038825989e-02
-2.733550779521465302e-02
-5.125761497765779495e-03
-2.430283278226852417e-02
-4.108089208602905273e-02
-2.517162263393402100e-02
-1.510840561240911484e-02
-3.915197774767875671e-02
-5.336803570389747620e-02
-5.294006317853927612e-02
-3.768821060657501221e-02
-3.432438895106315613e-02
2.918228972703218460e-03
-2.059832186205312610e-04
3.454237245023250580e-03
-1.530473772436380386e-02
3.054387494921684265e-02
-8.054896257817745209e-03
2.514599449932575226e-02
4.880893975496292114e-02
-7.138532120734453201e-03
-1.364123448729515076e-02
-2.640452422201633453e-02
-3.208824666216969490e-03
-2.065448788926005363e-03
-3.610614221543073654e-03
-2.446006983518600464e-04
2.394299581646919250e-02
3.700645267963409424e-02
-8.571561193093657494e-04
2.946029789745807648e-02
2.589542791247367859e-02
2.652948163449764252e-02
5.557982996106147766e-02
7.952759973704814911e-03
-1.784691773355007172e-02
-1.428904756903648376e-02
-9.755912236869335175e-03
-3.305073454976081848e-02
1.087372750043869019e-02
1.363513059914112091e-02
2.431682105452637188e-06
-1.533620245754718781e-02
1.070076359610538930e-05
-1.419426780194044113e-02
-1.104731485247612000e-02
-1.738370629027485847e-03
3.512032702565193176e-02
2.199897170066833496e-02
-1.044962555170059204e-02
3.138876333832740784e-02
-3.379942104220390320e-02
-8.784610033035278320e-02
-5.127777904272079468e-02
-1.042500734329223633e-01
-8.578352630138397217e-02
5.999750923365354538e-03
-2.936540357768535614e-02
-3.642056882381439209e-02
-1.770093478262424469e-02
-6.104199960827827454e-02
-4.328354448080062866e-02
-9.777361527085304260e-03
-3.312742710113525391e-02
-3.142647445201873779e-02
-5.539139732718467712e-02
-6.062703952193260193e-02
-5.396191496402025223e-03
-4.938929900527000427e-02
-5.514374747872352600e-02
-2.725786156952381134e-02
-1.445206440985202789e-02
-3.089453466236591339e-02
-1.198370475322008133e-02
-1.235707569867372513e-02
-4.736552014946937561e-02
-2.006862685084342957e-02
-1.089519448578357697e-02
3.169697150588035583e-02
5.903875082731246948e-02
2.161134732887148857e-03
6.375645101070404053e-02
4.660687223076820374e-02
5.117504298686981201e-02
5.915483087301254272e-02
2.891006506979465485e-02
5.665034428238868713e-02
5.432726815342903137e-02
-7.669720333069562912e-03
2.892030961811542511e-02
-1.871012710034847260e-02
-5.732185766100883484e-02
1.490827463567256927e-02
1.074360534548759460e-01
1.010323092341423035e-01
1.156667172908782959e-01
1.291516572237014771e-01
9.352643787860870361e-02
4.422058165073394775e-02
2.596510760486125946e-02
-3.338179737329483032e-02
-3.250899165868759155e-02
-2.391955256462097168e-02
-2.113299816846847534e-02
-1.977578923106193542e-02
9.856762364506721497e-03
1.197312399744987488e-02
2.648665569722652435e-02
3.670846670866012573e-02
2.443052455782890320e-02
-4.288156330585479736e-02
-3.416048362851142883e-02
-1.832554489374160767e-02
-6.348893791437149048e-02
-6.747809052467346191e-02
-1.777385734021663666e-02
-3.709569945931434631e-02
-3.082211315631866455e-02
2.536208555102348328e-02
3.785565495491027832e-03
7.905835285782814026e-03
-3.529686108231544495e-02
-1.343270018696784973e-02
-1.320640463382005692e-02
-2.815316198393702507e-03
-1.332773640751838684e-02
-1.195660606026649475e-02
3.218727651983499527e-03
-5.372726172208786011e-02
-2.417551120743155479e-03
-1.165707316249608994e-02
-4.491002485156059265e-02
3.754429891705513000e-02
-2.573121339082717896e-03
1.437719073146581650e-02
-3.955350723117589951e-03
-2.006011828780174255e-02
-3.549458831548690796e-02
-7.400895655155181885e-02
-4.496079310774803162e-02
-2.795344591140747070e-02
-3.066252544522285461e-02
5.758081749081611633e-02
-1.187284197658300400e-02
5.500578880310058594e-02
9.951032698154449463e-02
-2.855468913912773132e-02
-4.450118914246559143e-02
6.248888093978166580e-03
2.169916778802871704e-02
1.874934881925582886e-02
4.119398444890975952e-02
3.057428263127803802e-02
1.553183514624834061e-02
2.433502674102783203e-02
6.323179695755243301e-03
7.086360128596425056e-04
2.629739232361316681e-02
1.804473064839839935e-02
8.508272469043731689e-03
2.242593560367822647e-03
2.267779409885406494e-02
-2.022395376116037369e-03
-4.540818184614181519e-02
1.339064911007881165e-02
2.171996515244245529e-03
7.814298383891582489e-03
-6.367811001837253571e-03
7.672271225601434708e-03
1.845056749880313873e-02
2.256315574049949646e-02
-9.215166792273521423e-03
1.504312735050916672e-03
1.546008978039026260e-02
1.953797601163387299e-02
3.287937492132186890e-02
6.427441257983446121e-04
2.174040116369724274e-02
-1.398915052413940430e-02
-2.012074692174792290e-03
-2.567052654922008514e-02
-4.181746393442153931e-02
9.446279145777225494e-03
1.382724940776824951e-02
2.910058246925473213e-03
-3.257209435105323792e-02
-1.169338077306747437e-02
-3.391898050904273987e-02
-2.075709961354732513e-02
-4.972996190190315247e-03
-3.151360526680946350e-02
1.609771139919757843e-02
1.760460808873176575e-02
2.363340370357036591e-02
1.115492661483585835e-03
-3.529560565948486328e-02
-4.335919767618179321e-02
1.811471395194530487e-02
-3.844711184501647949e-02
-5.088238418102264404e-02
2.587588876485824585e-02
-3.618849441409111023e-04
1.263880170881748199e-02
2.220302075147628784e-02
1.702185347676277161e-02
7.079342845827341080e-03
-2.180184610188007355e-02
-1.743292436003684998e-02
-1.349143497645854950e-02
-2.700003236532211304e-02
-8.261033333837985992e-03
-2.508418168872594833e-03
-5.554284434765577316e-04
-5.857017240487039089e-04
3.741567209362983704e-02
1.054333616048097610e-02
3.364479169249534607e-02
4.545586928725242615e-02
1.635046862065792084e-02
3.274067863821983337e-02
3.192761167883872986e-02
2.011610567569732666e-02
-1.707712933421134949e-02
-1.172609627246856689e-02
1.413047872483730316e-02
2.236163988709449768e-02
2.288255468010902405e-02
-1.184821594506502151e-02
-5.042095482349395752e-02
-6.460723280906677246e-02
-2.334386482834815979e-02
-5.003390461206436157e-02
-4.812159016728401184e-02
1.901909708976745605e-04
1.621138677000999451e-02
2.896031923592090607e-02
6.244105752557516098e-03
-1.979017630219459534e-02
3.784164041280746460e-02
-1.063696760684251785e-02
-7.630158960819244385e-02
-2.408958598971366882e-02
-4.583374410867691040e-02
-1.029651537537574768e-01
-5.905994400382041931e-02
-1.087658293545246124e-02
2.237804979085922241e-02
2.499402873218059540e-02
7.289435248821973801e-03
5.482209101319313049e-02
6.631732732057571411e-02
2.965185604989528656e-02
4.417892545461654663e-02
5.401819944381713867e-02
-5.897514894604682922e-02
-2.922821231186389923e-02
-5.279553309082984924e-02
6.987733300775289536e-03
1.738596521317958832e-02
1.614071056246757507e-02
3.972476720809936523e-02
5.900221690535545349e-02
8.639443665742874146e-02
2.528245002031326294e-02
-3.746922314167022705e-02
-2.198141813278198242e-02
-4.149487987160682678e-02
-6.803199648857116699e-02
-6.045195087790489197e-02
-2.022130042314529419e-02
-1.993738859891891479e-02
-3.608169034123420715e-02
-1.891440153121948242e-02
-6.179087236523628235e-02
-2.851980179548263550e-02
-1.036539748311042786e-01
-7.819458097219467163e-02
-9.164336323738098145e-02
-6.483832746744155884e-02
-1.102787554264068604e-01
-7.169596850872039795e-02
-7.366956677287817001e-03
-1.080781919881701469e-03
1.767109334468841553e-02
-3.341609612107276917e-02
-5.874901264905929565e-02
-6.864663958549499512e-02
-3.979006782174110413e-02
-1.212677806615829468e-01
-8.934397995471954346e-02
5.243034288287162781e-02
4.222384467720985413e-02
3.109339450020343065e-04
3.177869692444801331e-02
2.153863944113254547e-02
-3.148279618471860886e-03
-1.612213253974914551e-02
-1.508723758161067963e-02
-1.961388066411018372e-02
8.719636127352714539e-03
-1.006187200546264648e-01
-6.965044140815734863e-02
-6.340774148702621460e-02
-1.207535788416862488e-01
-1.284020245075225830e-01
-4.271239414811134338e-02
-1.217762529850006104e-01
-1.126940920948982239e-01
1.493334025144577026e-02
1.875903271138668060e-02
3.776428848505020142e-02
1.111053768545389175e-02
5.539508070796728134e-03
8.651147596538066864e-03
-1.669370941817760468e-02
-1.535939984023571014e-02
2.780304662883281708e-02
4.443135485053062439e-02
6.400904059410095215e-02
2.783080376684665680e-02
3.479876741766929626e-02
2.180722914636135101e-02
1.350046321749687195e-02
1.752395927906036377e-02
-9.120524860918521881e-03
1.707010157406330109e-02
1.795261725783348083e-02
2.009133063256740570e-02
-1.653389446437358856e-02
-1.269757468253374100e-02
-4.998456686735153198e-02
-4.074164107441902161e-02
-4.271074384450912476e-02
-8.887268602848052979e-02
-5.172395333647727966e-02
-2.078809030354022980e-02
-4.277705028653144836e-02
-6.574089825153350830e-02
-1.946181990206241608e-02
-4.028778895735740662e-02
-7.518060505390167236e-02
1.957371644675731659e-02
2.233571000397205353e-02
8.947549387812614441e-03
-2.941036596894264221e-02
-6.702935695648193359e-02
-4.476345330476760864e-02
-7.656945288181304932e-02
-1.212858408689498901e-01
-1.127697154879570007e-01
-7.457598298788070679e-02
-9.363745152950286865e-02
-6.872179359197616577e-02
-3.539230907335877419e-03
2.053804881870746613e-02
5.035625398159027100e-02
-2.969156019389629364e-02
-4.243647307157516479e-02
2.856348082423210144e-02
-4.738222062587738037e-02
-5.711911991238594055e-02
-5.715032573789358139e-03
-6.363510154187679291e-03
-6.634631752967834473e-02
-4.254862666130065918e-02
-6.346792727708816528e-02
-6.050463020801544189e-02
-7.520996034145355225e-02
-2.632386237382888794e-02
-6.436512619256973267e-02
-5.685833469033241272e-02
1.222510915249586105e-02
-1.034649834036827087e-02
5.612572189420461655e-03
1.926105585880577564e-03
-2.704291790723800659e-02
-3.234388306736946106e-02
-2.890327014029026031e-02
-1.621022820472717285e-02
-1.290926616638898849e-02
3.204279812052845955e-03
-4.730776883661746979e-03
-3.129037469625473022e-02
-1.437870506197214127e-02
-3.928332030773162842e-02
-6.707109510898590088e-02
-2.881328016519546509e-02
-6.856216490268707275e-02
-6.303049623966217041e-02
5.216844752430915833e-02
-2.924286993220448494e-03
-9.675008244812488556e-03
4.679798707365989685e-02
1.880511641502380371e-02
-2.899470506235957146e-03
2.714754827320575714e-02
5.418599583208560944e-03
-7.412593811750411987e-03
2.090869657695293427e-02
1.611225679516792297e-02
9.470006451010704041e-03
2.880352176725864410e-02
1.419023238122463226e-02
5.230752867646515369e-04
3.518703579902648926e-02
6.595449894666671753e-02
2.775852568447589874e-02
-2.200739830732345581e-02
-6.183915957808494568e-02
-7.609326392412185669e-02
-4.882310330867767334e-02
-2.642927877604961395e-02
-9.116785600781440735e-03
-4.686809703707695007e-02
-1.125980541110038757e-02
6.866862531751394272e-03
3.145570680499076843e-02
5.098556866869330406e-04
-7.953369058668613434e-03
-2.592657878994941711e-02
-7.299138605594635010e-02
-6.166198104619979858e-02
-1.566397584974765778e-02
-9.337543696165084839e-02
-6.888830661773681641e-02
-1.504766754806041718e-02
-2.645988948643207550e-02
-3.160477802157402039e-02
-1.398522406816482544e-02
-4.750302433967590332e-02
-3.972531855106353760e-02
-6.400611018761992455e-04
-7.585646584630012512e-03
1.342962682247161865e-02
-1.810086704790592194e-02
-6.588063389062881470e-02
-1.265837531536817551e-02
-3.303072229027748108e-02
-5.368543788790702820e-02
-9.818911552429199219e-02
-1.504873950034379959e-02
-7.334790378808975220e-02
-7.303196191787719727e-02
-1.436563860625028610e-02
-3.566000610589981079e-02
-1.786413975059986115e-02
-9.769304655492305756e-03
-4.266058653593063354e-02
-7.431502640247344971e-02
-2.831676742061972618e-03
-3.202325478196144104e-02
-6.484060734510421753e-02
-1.629594713449478149e-02
1.543897483497858047e-02
1.100825238972902298e-02
-5.705786868929862976e-02
-5.039004236459732056e-02
-5.385677516460418701e-02
-5.431050062179565430e-02
-6.273961812257766724e-02
-5.717312172055244446e-02
2.563154883682727814e-02
4.853025544434785843e-03
-2.435888536274433136e-02
5.988229811191558838e-02
1.841863431036472321e-02
1.639273134060204029e-03
7.640722393989562988e-02
5.161093175411224365e-02
3.762614354491233826e-02
-3.036209009587764740e-02
-2.206443063914775848e-02
-1.237410493195056915e-02
-3.999729827046394348e-02
-6.759444624185562134e-02
-3.927701339125633240e-02
-1.346221007406711578e-02
-6.864617764949798584e-02
-6.218027696013450623e-02
-3.892180696129798889e-02
-1.042018979787826538e-01
-4.572896659374237061e-02
-3.910657018423080444e-02
-7.426842302083969116e-02
-3.473901376128196716e-02
-3.949301317334175110e-02
-6.677056103944778442e-02
-2.889949642121791840e-02
-1.782795228064060211e-02
-2.928251028060913086e-02
-4.671634733676910400e-02
-3.550166636705398560e-02
-2.327593974769115448e-02
-5.426512286067008972e-02
6.505791097879409790e-03
3.371941158547997475e-03
-1.340422499924898148e-02
3.029260039329528809e-02
4.638085514307022095e-02
5.241318047046661377e-02
6.323764473199844360e-02
9.282829612493515015e-02
1.060469523072242737e-01
4.602715000510215759e-02
5.869339779019355774e-02
4.734910279512405396e-02
4.933503456413745880e-03
-1.619254471734166145e-03
-3.852359659504145384e-04
1.555650588124990463e-02
2.641322789713740349e-04
6.200619973242282867e-03
2.337856451049447060e-03
-4.419097676873207092e-03
7.276051212102174759e-03
-7.646211422979831696e-03
-2.742869220674037933e-02
-5.118481069803237915e-02
-9.989204816520214081e-03
-1.656853035092353821e-02
-6.335514783859252930e-02
-1.619687303900718689e-02
-4.015424847602844238e-02
-4.996912553906440735e-02
-5.957528017461299896e-03
1.812181086279451847e-03
-1.557330135256052017e-02
3.631756082177162170e-02
1.457630377262830734e-02
-1.308121159672737122e-02
2.672548033297061920e-02
3.418182209134101868e-02
-6.306593772023916245e-03
9.957361966371536255e-03
8.869576267898082733e-03
3.442387562245130539e-03
2.693101577460765839e-02
3.461165353655815125e-02
-2.634720411151647568e-03
2.523348852992057800e-02
5.135891493409872055e-03
-2.216257899999618530e-02
-5.608834698796272278e-02
-4.979607090353965759e-02
-3.031001798808574677e-02
-5.620195530354976654e-03
-2.528630010783672333e-02
-2.325008437037467957e-02
4.569497331976890564e-02
3.910065814852714539e-02
6.310047581791877747e-03
1.126325968652963638e-02
1.568363606929779053e-02
-1.464292313903570175e-02
7.891455665230751038e-03
2.558977575972676277e-03
6.623951718211174011e-03
4.459012299776077271e-02
3.486508503556251526e-02
-1.833311840891838074e-02
-4.840601608157157898e-02
-5.187298357486724854e-02
-5.290719494223594666e-02
-6.122560054063796997e-02
-6.311324238777160645e-02
-4.825597256422042847e-02
-5.754407495260238647e-02
-8.535827696323394775e-02
-2.366250008344650269e-02
-2.045748010277748108e-02
-1.799750700592994690e-02
1.275902707129716873e-02
-6.363165564835071564e-03
-2.340351464226841927e-03
-3.655414097011089325e-03
-4.155755415558815002e-02
-6.055654212832450867e-02
-4.937127977609634399e-02
5.001025274395942688e-04
-1.559094619005918503e-02
2.196519635617733002e-02
-9.515227749943733215e-03
-7.238607853651046753e-03
9.237938560545444489e-03
3.144261240959167480e-02
8.820590563118457794e-03
-1.683926209807395935e-02
3.255854360759258270e-03
3.738169744610786438e-02
9.140297025442123413e-02
1.445665769279003143e-02
6.473834812641143799e-02
7.158536463975906372e-02
-5.266183614730834961e-02
-2.011959813535213470e-02
-5.405667703598737717e-03
5.757663398981094360e-02
5.647413060069084167e-02
4.903913661837577820e-02
5.479343235492706299e-02
5.029968172311782837e-02
6.255500763654708862e-02
-2.010697266086935997e-03
5.771730095148086548e-03
1.373283681459724903e-03
-1.523360982537269592e-02
-1.461244886741042137e-03
2.297585131600499153e-03
2.313694916665554047e-03
-2.304377593100070953e-02
-5.698315799236297607e-03
1.651051454246044159e-03
-1.667960733175277710e-02
9.460152126848697662e-03
-2.885419875383377075e-02
-2.360868267714977264e-02
-2.667590044438838959e-02
-8.755040355026721954e-03
-3.478559851646423340e-02
-5.039801821112632751e-02
-3.278489410877227783e-02
-5.883738771080970764e-02
-3.225356340408325195e-02
2.669663541018962860e-02
1.495934370905160904e-02
3.400085552129894495e-04
2.763582393527030945e-02
7.484373636543750763e-03
1.291612908244132996e-02
-2.861754409968852997e-02
-1.840471848845481873e-02
-2.507966570556163788e-02
3.466336056590080261e-02
2.671514824032783508e-02
-9.228050708770751953e-03
-2.145555056631565094e-02
-2.349449694156646729e-02
-3.430134430527687073e-02
-6.925925612449645996e-02
-8.955302834510803223e-02
-5.837111920118331909e-02
-1.630563347134739161e-04
1.815989241003990173e-02
2.911359304562211037e-03
1.718574319966137409e-03
-1.274132728576660156e-02
-6.539030000567436218e-03
-5.084910243749618530e-02
-1.930276863276958466e-02
-1.586152799427509308e-02
2.071827277541160583e-02
-7.171449717134237289e-03
6.748925079591572285e-04
-2.340162731707096100e-02
-1.083333604037761688e-02
-1.305300369858741760e-02
-7.398821180686354637e-04
-5.395434331148862839e-03
-1.261955872178077698e-02
-5.532171949744224548e-02
-5.607348307967185974e-02
-7.468946278095245361e-02
-4.038127139210700989e-02
-4.804314300417900085e-02
-4.075727611780166626e-02
-1.919072680175304413e-02
-1.823712140321731567e-02
-4.527002573013305664e-02
2.433172799646854401e-02
-2.221865393221378326e-02
-4.343161731958389282e-02
6.833694409579038620e-03
-3.051748126745223999e-02
-2.667705155909061432e-02
-3.387812152504920959e-02
-2.922205254435539246e-02
-5.663414299488067627e-02
-6.873733550310134888e-02
-6.566220521926879883e-02
-7.280425727367401123e-02
-6.117732822895050049e-02
-6.932473182678222656e-02
-8.709538727998733521e-02
-5.631954409182071686e-03
-2.482355944812297821e-02
-4.435787349939346313e-02
-9.100889787077903748e-03
2.385222585871815681e-03
-3.708912059664726257e-02
1.386481989175081253e-02
2.667142823338508606e-02
-9.340002201497554779e-03
-3.641773760318756104e-02
9.692014195024967194e-03
-4.994305782020092010e-03
-2.820648252964019775e-02
-8.266950026154518127e-03
-3.570347325876355171e-03
-5.078337714076042175e-02
-1.296775881201028824e-02
1.030680164694786072e-02
-2.343412116169929504e-02
8.160283789038658142e-03
4.096778109669685364e-02
-1.548796240240335464e-02
5.437738262116909027e-03
4.811525717377662659e-02
1.185285672545433044e-02
2.103251591324806213e-02
7.468563318252563477e-02
2.176281996071338654e-02
5.544502660632133484e-02
4.697136208415031433e-02
-3.089964855462312698e-03
1.456372719258069992e-02
-7.996187545359134674e-03
-6.858347915112972260e-03
-8.924489840865135193e-03
-1.530313212424516678e-02
-8.786349557340145111e-03
-3.585352748632431030e-02
-3.583088517189025879e-02
-3.264454752206802368e-02
-1.045349892228841782e-02
5.210770294070243835e-03
-3.077553398907184601e-02
1.657063700258731842e-02
-1.918769121402874589e-04
-2.329770475625991821e-02
2.031483314931392670e-02
3.257068991661071777e-02
-3.771500289440155029e-02
-4.266816005110740662e-02
-3.727962449193000793e-02
-1.841140910983085632e-02
9.799815714359283447e-03
1.253569684922695160e-02
-2.543260343372821808e-02
-5.704237520694732666e-02
-3.069784119725227356e-02
2.584155090153217316e-02
2.651270478963851929e-02
1.041836198419332504e-02
4.985531792044639587e-02
4.650977253913879395e-02
6.890584528446197510e-02
3.347979113459587097e-02
3.381436690688133240e-02
4.564499109983444214e-02
2.703331224620342255e-02
6.953712552785873413e-03
2.990792039781808853e-03
6.467539817094802856e-02
7.037062942981719971e-02
3.363287076354026794e-02
2.794303372502326965e-02
4.768332839012145996e-02
4.422900080680847168e-02
-1.232885848730802536e-02
8.698062156327068806e-04
-1.157166715711355209e-02
9.870791807770729065e-03
4.829470999538898468e-03
-3.055215626955032349e-02
-3.496309742331504822e-03
1.084482017904520035e-02
2.890510950237512589e-03
-2.332906005904078484e-03
-4.509167373180389404e-02
-8.461431600153446198e-03
3.410851582884788513e-02
-2.693182229995727539e-02
-3.648878261446952820e-02
5.468905344605445862e-02
1.237530377693474293e-03
-3.475749865174293518e-02
3.078844025731086731e-02
1.297576166689395905e-02
7.732917554676532745e-03
2.468744479119777679e-02
2.855161763727664948e-02
4.925497621297836304e-02
-3.928639739751815796e-02
-1.801975071430206299e-02
2.782170474529266357e-02
5.158057436347007751e-02
3.371686860918998718e-02
-1.493355818092823029e-02
1.522716879844665527e-02
6.101623643189668655e-03
1.537508424371480942e-02
-3.315311297774314880e-02
-1.982353441417217255e-02
-7.172869518399238586e-03
4.619181621819734573e-03
-1.855568960309028625e-02
-3.660606592893600464e-02
-2.570373006165027618e-03
-1.791620440781116486e-02
-4.280494898557662964e-02
4.417773336172103882e-03
9.793385863304138184e-03
3.877836046740412712e-03
6.552868336439132690e-02
3.790519759058952332e-02
7.752771954983472824e-03
9.924757480621337891e-02
7.154482603073120117e-02
3.818800300359725952e-02
5.171768367290496826e-02
2.739451825618743896e-02
4.667475447058677673e-02
1.013180427253246307e-02
-4.910136573016643524e-03
-7.098626345396041870e-03
-6.830595433712005615e-03
-1.704075746238231659e-02
-5.866933986544609070e-02
3.185859695076942444e-02
2.794773504137992859e-02
-3.351206332445144653e-02
4.891452565789222717e-02
1.986191235482692719e-02
6.773411296308040619e-03
1.586800068616867065e-02
5.234916508197784424e-02
3.633810952305793762e-02
1.779234781861305237e-02
1.273594703525304794e-02
3.738718852400779724e-02
-4.808121360838413239e-03
-6.562191410921514034e-04
-2.163494937121868134e-02
2.584859542548656464e-02
2.266010642051696777e-02
4.457273986190557480e-03
-1.828403095714747906e-03
5.346093326807022095e-02
5.743748322129249573e-02
-5.135605111718177795e-02
-8.768369257450103760e-02
-8.347960561513900757e-02
-4.947200044989585876e-02
-7.281131297349929810e-02
-6.469986587762832642e-02
-3.376611322164535522e-02
-6.455380469560623169e-02
-6.291399896144866943e-02
-2.499057725071907043e-02
-3.825347870588302612e-02
-5.668029561638832092e-02
1.433764584362506866e-02
1.991873420774936676e-02
-1.949149649590253830e-03
8.040085434913635254e-03
5.333755165338516235e-02
7.899643480777740479e-02
1.721403375267982483e-02
6.432589143514633179e-02
6.691059470176696777e-02
7.440924644470214844e-02
7.135909050703048706e-02
8.203972876071929932e-02
5.272938683629035950e-02
1.496041286736726761e-02
-7.044110912829637527e-03
5.430411919951438904e-02
3.911421820521354675e-02
1.586106047034263611e-02
4.885097220540046692e-02
2.470375783741474152e-02
-4.558492451906204224e-03
3.203838691115379333e-02
9.692135266959667206e-03
-3.523481264710426331e-02
-4.415416345000267029e-02
5.493450164794921875e-02
6.958390772342681885e-02
-8.037214726209640503e-02
8.432870730757713318e-03
8.107259869575500488e-02
-5.701087042689323425e-02
1.298878807574510574e-02
7.666724175214767456e-02
-2.976797893643379211e-02
8.390439674258232117e-03
6.053532473742961884e-03
-2.989095076918601990e-02
-4.473459720611572266e-02
-7.749367039650678635e-03
-3.309327736496925354e-02
-3.319094330072402954e-02
-1.774757169187068939e-02
7.542026042938232422e-02
1.400360930711030960e-02
-3.717531799338757992e-04
4.323146492242813110e-02
1.017911918461322784e-02
-1.814555749297142029e-02
3.984729759395122528e-03
1.621554140001535416e-03
-3.322757780551910400e-02
-3.643490374088287354e-02
-8.387449197471141815e-03
-4.396206233650445938e-03
-4.093695431947708130e-03
-2.759299427270889282e-02
5.652612075209617615e-03
-2.522546984255313873e-02
-2.920334413647651672e-02
-2.001833915710449219e-02
-5.441473424434661865e-02
-4.857458546757698059e-02
-2.310203388333320618e-02
-6.275779008865356445e-02
-8.962582051753997803e-02
-8.405614644289016724e-02
-1.348417066037654877e-02
-7.708132266998291016e-02
-9.691341221332550049e-02
-3.691139817237854004e-02
-3.609462827444076538e-02
-3.983216732740402222e-02
-5.773465614765882492e-03
-4.375522956252098083e-02
-6.918112933635711670e-02
5.783185362815856934e-03
-3.714099153876304626e-02
-6.682600080966949463e-02
-4.472428187727928162e-02
-5.665274336934089661e-02
-4.141223803162574768e-02
3.692230582237243652e-02
-1.066446863114833832e-02
2.372639440000057220e-02
4.143137112259864807e-02
3.110417164862155914e-02
3.248213231563568115e-02
-5.241121351718902588e-02
-5.602215230464935303e-02
-5.451579764485359192e-02
7.345616817474365234e-03
-8.633973076939582825e-03
-2.362005598843097687e-02
3.189862892031669617e-02
2.645207569003105164e-02
1.525438390672206879e-02
6.748420652002096176e-03
3.250402223784476519e-04
-1.341732963919639587e-02
1.763628609478473663e-02
-1.060576923191547394e-02
-5.016498640179634094e-02
-1.212184317409992218e-03
-3.374570235610008240e-02
-3.098900988698005676e-02
-4.956714063882827759e-02
-3.580387309193611145e-02
-2.644899487495422363e-02
-4.490835219621658325e-02
-4.406145587563514709e-02
-2.436334826052188873e-02
3.930872306227684021e-03
-6.889639422297477722e-03
-1.075731869786977768e-02
3.071951866149902344e-02
-1.254013366997241974e-02
2.142935246229171753e-02
1.314818952232599258e-02
1.597972027957439423e-02
2.257120050489902496e-02
7.373468542937189341e-05
1.678667776286602020e-02
9.445880539715290070e-03
-3.576216846704483032e-02
4.563280194997787476e-02
7.465188205242156982e-02
-2.169007994234561920e-02
9.278114885091781616e-03
6.153196841478347778e-02
-1.542655751109123230e-02
-4.410663619637489319e-02
-4.519686847925186157e-02
9.291696362197399139e-03
1.784717850387096405e-02
-2.342430688440799713e-02
-1.502945367246866226e-02
-1.034495513886213303e-02
-1.493956614285707474e-02
1.236224360764026642e-02
-3.746344521641731262e-02
5.937782581895589828e-03
-3.280011191964149475e-02
-8.634204976260662079e-03
-8.457896299660205841e-03
-1.461893413215875626e-02
1.905185170471668243e-02
-4.668177571147680283e-03
1.556117273867130280e-02
2.497576549649238586e-02
-1.359284017235040665e-02
2.000636234879493713e-02
-2.418149728327989578e-03
-2.251020399853587151e-03
5.344661325216293335e-02
3.110072575509548187e-02
2.599500119686126709e-02
7.690311223268508911e-02
6.705485284328460693e-02
4.125049710273742676e-02
3.318980103358626366e-03
1.801618002355098724e-02
2.182253636419773102e-02
2.688703313469886780e-02
-1.244224328547716141e-02
-5.427302327007055283e-03
4.355768859386444092e-02
4.336304962635040283e-03
-1.427305303514003754e-02
1.816334016621112823e-02
1.176217850297689438e-02
-5.864395061507821083e-04
1.794285140931606293e-02
1.918553374707698822e-02
-1.789104565978050232e-02
-1.524687837809324265e-02
5.792777054011821747e-03
-6.439124699681997299e-03
-5.411723162978887558e-03
2.641064301133155823e-02
2.705461345613002777e-02
-3.040772303938865662e-02
3.148685023188591003e-02
2.770450338721275330e-02
-3.525976836681365967e-02
-2.218467742204666138e-02
2.249301597476005554e-02
-2.783786691725254059e-02
1.125305052846670151e-02
1.291041541844606400e-02
-2.869910374283790588e-02
1.179967820644378662e-02
1.532041560858488083e-02
-1.947545446455478668e-02
-2.332221902906894684e-02
1.247493736445903778e-02
-6.359204649925231934e-03
-1.362278591841459274e-03
-4.665606841444969177e-02
1.071758102625608444e-02
1.964417658746242523e-02
-1.456070784479379654e-02
2.113439142704010010e-02
3.629586100578308105e-02
-3.983707353472709656e-02
-2.012044563889503479e-02
1.116668898612260818e-02
-3.618048503994941711e-02
-2.132170274853706360e-02
-1.474708970636129379e-02
-2.239572815597057343e-02
-2.154964394867420197e-02
1.011911663226783276e-03
2.808735519647598267e-02
6.798066943883895874e-02
3.595252707600593567e-02
-3.198290616273880005e-02
1.084561720490455627e-01
6.041878461837768555e-02
-4.738510772585868835e-02
8.358270674943923950e-02
5.957332253456115723e-02
-3.595089167356491089e-02
-1.068282406777143478e-02
1.769399829208850861e-02
6.057119369506835938e-02
-1.031680777668952942e-02
-2.899877913296222687e-02
4.047148302197456360e-02
1.199624408036470413e-02
-3.524580225348472595e-02
-3.136790171265602112e-02
2.949448674917221069e-02
2.123661339282989502e-02
4.334803670644760132e-02
6.340104155242443085e-03
-1.100631430745124817e-02
2.252738177776336670e-02
-2.266606688499450684e-02
-3.755117580294609070e-02
1.378385908901691437e-02
-1.869895309209823608e-02
1.561832241714000702e-02
4.798923432826995850e-02
-3.717799857258796692e-02
1.536586321890354156e-02
4.468157142400741577e-02
-4.296382889151573181e-02
-2.031866833567619324e-02
2.378303930163383484e-02
-3.054216876626014709e-02
-5.160468071699142456e-02
-1.540738716721534729e-02
-1.248594187200069427e-02
-3.330321609973907471e-02
-1.564682461321353912e-02
1.874256692826747894e-02
-6.605641916394233704e-03
9.884630329906940460e-03
-2.138688601553440094e-02
5.972306709736585617e-03
-3.854667022824287415e-02
-1.450505515094846487e-04
8.593288250267505646e-03
-2.697413042187690735e-02
2.601874992251396179e-02
6.921990774571895599e-03
-1.921672024764120579e-03
2.922967448830604553e-02
3.982729837298393250e-02
1.798538491129875183e-02
-1.332975458353757858e-02
2.354269102215766907e-02
2.062845043838024139e-02
-1.674289442598819733e-02
3.601083299145102501e-03
1.678120903670787811e-02
-3.646259754896163940e-02
6.040084175765514374e-03
1.517024077475070953e-02
-7.040458917617797852e-02
-3.364710137248039246e-02
-4.465888068079948425e-02
-2.683095447719097137e-02
-3.971694782376289368e-02
-5.640827119350433350e-02
9.962419979274272919e-03
1.873734145192429423e-04
-1.334516052156686783e-02
-4.064603149890899658e-02
-3.611584752798080444e-02
-4.712481051683425903e-03
-1.230701245367527008e-02
-4.375835880637168884e-02
-3.269634395837783813e-02
7.475026696920394897e-02
1.068808585405349731e-01
3.637026250362396240e-02
9.818240255117416382e-02
1.375962644815444946e-01
9.322831034660339355e-02
7.789100985974073410e-03
6.980547308921813965e-02
9.640227258205413818e-02
-5.570771917700767517e-02
-1.374714914709329605e-02
3.157681971788406372e-02
-3.777538239955902100e-02
-1.229744753800332546e-03
2.469155751168727875e-02
-3.554968908429145813e-02
-4.741580784320831299e-02
1.835679076611995697e-02
2.074342407286167145e-02
-8.352520875632762909e-03
-6.204538419842720032e-02
6.386303156614303589e-02
4.471507295966148376e-02
-3.404253162443637848e-03
7.178787142038345337e-02
8.842359483242034912e-02
5.235542729496955872e-02
-5.298464372754096985e-02
-9.121208451688289642e-03
-1.701618544757366180e-02
-1.033112592995166779e-02
-8.002635836601257324e-02
-7.458671182394027710e-02
-2.969281561672687531e-02
-7.230667024850845337e-02
-7.942399382591247559e-02
-3.625012759584933519e-04
-7.462139707058668137e-03
3.728625830262899399e-03
9.093439206480979919e-03
-3.843748243525624275e-03
2.014844678342342377e-02
2.104637585580348969e-02
3.413124382495880127e-02
2.775599807500839233e-02
2.064876817166805267e-02
1.640815846621990204e-02
1.337809371761977673e-03
2.357911318540573120e-02
4.336036369204521179e-02
2.845326624810695648e-02
-2.978610433638095856e-02
-2.584712207317352295e-02
2.723922021687030792e-02
3.694653883576393127e-02
2.975781820714473724e-02
8.893975988030433655e-03
-8.487097918987274170e-03
-2.387018129229545593e-02
-1.167706027626991272e-02
-4.533176496624946594e-02
-8.978253602981567383e-02
-6.388026475906372070e-02
-2.632871642708778381e-02
-1.890421472489833832e-02
-5.518202111124992371e-02
-3.548695147037506104e-02
-2.128957957029342651e-02
-4.046424850821495056e-02
8.866726420819759369e-03
-2.406322024762630463e-02
-2.921956777572631836e-02
-4.266713559627532959e-02
-3.905070945620536804e-02
2.593566663563251495e-03
-9.220719337463378906e-03
-3.599714860320091248e-02
-1.321969740092754364e-02
-7.129531353712081909e-03
-3.368942812085151672e-02
-1.358262496069073677e-03
1.629017293453216553e-03
-2.222587587311863899e-03
4.630588367581367493e-02
-2.812166139483451843e-02
-1.143134757876396179e-02
-5.438740365207195282e-03
-7.013359665870666504e-02
-7.399570196866989136e-02
-2.982042543590068817e-02
-2.303436957299709320e-02
-2.401834353804588318e-02
-2.391916699707508087e-02
1.876678690314292908e-02
2.131101675331592560e-02
-4.068143200129270554e-03
3.095808811485767365e-02
3.949562087655067444e-02
2.855640277266502380e-02
3.083982737734913826e-03
-6.704711169004440308e-02
-8.324898779392242432e-02
-3.608930110931396484e-02
-5.579488351941108704e-02
-7.150650769472122192e-02
-3.848007321357727051e-02
-1.007060855044983327e-04
-2.262927591800689697e-02
-7.252646610140800476e-03
1.482788473367691040e-02
4.745640605688095093e-02
3.402426838874816895e-02
7.168900966644287109e-02
9.420917183160781860e-02
2.706800214946269989e-02
9.275209158658981323e-02
1.231520846486091614e-01
-1.499201636761426926e-02
1.212336961179971695e-02
4.435096308588981628e-02
-5.529923364520072937e-03
2.707238309085369110e-02
3.034511208534240723e-02
6.568605080246925354e-03
-1.189390942454338074e-02
2.634220058098435402e-03
6.409895140677690506e-03
-1.079706568270921707e-02
3.538255766034126282e-02
-3.523073345422744751e-02
-3.994473069906234741e-02
-8.844260592013597488e-04
-5.746867507696151733e-02
-5.711746960878372192e-02
2.411670750007033348e-03
3.388003259897232056e-02
3.590589761734008789e-02
8.702300488948822021e-03
3.039783611893653870e-02
1.883671805262565613e-02
3.953102277591824532e-04
4.421057924628257751e-02
-1.650925492867827415e-03
-8.894978091120719910e-03
-9.366712765768170357e-04
-6.175251211971044540e-03
1.743221655488014221e-02
-6.306476145982742310e-02
-2.614959701895713806e-02
-9.972539730370044708e-03
-5.394611135125160217e-02
-5.459094792604446411e-02
-2.314275316894054413e-02
-1.744986884295940399e-02
-1.016978453844785690e-02
3.669780120253562927e-02
-1.222354918718338013e-02
1.284822262823581696e-02
2.757747098803520203e-02
-4.352099448442459106e-02
9.574922733008861542e-04
2.153402194380760193e-02
6.164486985653638840e-04
-1.946123689413070679e-02
-9.292561560869216919e-03
1.200843369588255882e-03
-7.594439666718244553e-04
5.858878139406442642e-03
-5.718891043215990067e-04
-3.150888904929161072e-02
-2.708500809967517853e-02
-4.687845334410667419e-02
-6.748257577419281006e-02
5.928639788180589676e-03
-2.567816758528351784e-03
-3.220226988196372986e-02
-5.821652244776487350e-03
3.666119277477264404e-02
1.113522594096139073e-04
4.285244212951511145e-04
5.754765495657920837e-02
8.220809698104858398e-02
4.140926152467727661e-02
4.205783829092979431e-02
7.567243278026580811e-02
8.332765847444534302e-02
4.660910367965698242e-02
7.392305880784988403e-02
9.508045762777328491e-02
2.760967239737510681e-02
3.224858781322836876e-03
5.512726493179798126e-03
-3.247553482651710510e-02
-3.460079431533813477e-03
-4.780909046530723572e-03
-4.024439677596092224e-02
-3.294767811894416809e-02
1.454108161851763725e-03
-1.365763694047927856e-02
2.305111661553382874e-02
2.329828776419162750e-02
-1.715614832937717438e-02
3.898379206657409668e-02
4.945442453026771545e-02
-5.442063324153423309e-03
3.832813352346420288e-02
4.675232619047164917e-02
1.643252186477184296e-02
-3.731289179995656013e-04
-3.226560726761817932e-02
2.866867370903491974e-02
-4.414606466889381409e-02
-2.714171819388866425e-02
-6.226857192814350128e-03
-3.033621795475482941e-02
-6.221926305443048477e-03
3.369486331939697266e-02
2.070678584277629852e-02
-4.174079746007919312e-02
-2.239596843719482422e-02
-3.096360899507999420e-02
-1.166519429534673691e-02
7.726608775556087494e-03
-1.310044061392545700e-02
-3.917790949344635010e-03
3.970317915081977844e-02
7.788839284330606461e-03
5.549252964556217194e-03
-4.636847972869873047e-02
-5.983077734708786011e-02
-2.359818480908870697e-02
-5.533176288008689880e-02
-5.301102995872497559e-02
-1.544581167399883270e-02
-1.631198078393936157e-02
-2.160239964723587036e-02
-6.827821023762226105e-03
-3.906201571226119995e-02
-4.226401075720787048e-02
-3.899883851408958435e-02
-1.128195226192474365e-02
-4.548081010580062866e-02
-4.873846843838691711e-02
-2.974000945687294006e-02
-1.206885185092687607e-02
2.401971956714987755e-03
-1.199950929731130600e-02
-7.610658183693885803e-03
6.705188570776954293e-05
-3.080215305089950562e-02
-4.025632515549659729e-03
-2.834007143974304199e-03
-4.249718785285949707e-02
-4.644800350069999695e-02
-1.185456477105617523e-02
-7.116288878023624420e-03
-3.066030517220497131e-02
-2.920987829566001892e-02
-6.470817606896162033e-03
-1.478172093629837036e-02
-2.395663969218730927e-02
8.223466575145721436e-02
6.510005891323089600e-02
8.757257834076881409e-03
4.912647232413291931e-02
-1.909055747091770172e-02
-1.950597576797008514e-02
-4.864609334617853165e-03
-3.621912002563476562e-02
-2.792941778898239136e-02
-4.740500077605247498e-02
-8.676254749298095703e-02
-7.125014066696166992e-02
-9.303763508796691895e-02
-7.536236196756362915e-02
-4.034930840134620667e-02
-1.028777435421943665e-01
-7.390915602445602417e-02
-1.210596319288015366e-02
-6.886979099363088608e-04
-6.429222226142883301e-02
-4.048185423016548157e-02
-4.492989555001258850e-02
-5.072879046201705933e-02
-4.153108224272727966e-02
-8.366062492132186890e-02
-8.568833768367767334e-02
-1.265414245426654816e-02
-4.833394289016723633e-02
-4.479016736149787903e-02
1.924799755215644836e-02
-3.176761046051979065e-02
-8.836305700242519379e-03
-9.633164852857589722e-03
-3.403546288609504700e-02
9.602108038961887360e-04
-1.570566743612289429e-02
3.114478662610054016e-02
2.950417064130306244e-02
3.350447490811347961e-02
4.154518619179725647e-02
9.851879440248012543e-03
4.117486998438835144e-03
3.427442908287048340e-02
2.323023974895477295e-02
-1.509118918329477310e-02
-1.932843029499053955e-02
-3.359572216868400574e-02
-7.465950329788029194e-04
-3.929673135280609131e-02
-1.853276044130325317e-02
3.073858655989170074e-02
-2.337394841015338898e-02
-1.527791377156972885e-03
4.002577811479568481e-02
-3.647778928279876709e-02
5.942949280142784119e-02
6.606779992580413818e-02
-6.610257551074028015e-03
5.840696021914482117e-02
6.196237727999687195e-02
-1.051112730056047440e-02
3.464705869555473328e-02
2.741981111466884613e-02
-4.926033318042755127e-02
-3.242299426347017288e-03
7.302002608776092529e-02
-7.431434933096170425e-03
5.663742870092391968e-02
1.130602732300758362e-01
3.783412650227546692e-02
7.141230255365371704e-02
1.115186512470245361e-01
-3.611787036061286926e-02
-5.463825073093175888e-03
4.334251582622528076e-02
-1.037925831042230129e-03
-1.464985311031341553e-02
1.577973552048206329e-02
6.730373948812484741e-03
3.153386712074279785e-02
2.236765110865235329e-03
4.223751649260520935e-02
1.891624741256237030e-02
-4.466497804969549179e-03
4.477673023939132690e-02
4.326664656400680542e-02
1.581320306286215782e-03
5.719693750143051147e-02
5.623942241072654724e-02
-1.007368694990873337e-02
-2.278842590749263763e-02
-3.517724573612213135e-02
-1.429834775626659393e-02
7.731706136837601662e-04
-1.375689357519149780e-02
-3.396060317754745483e-02
1.148641388863325119e-02
-3.978439047932624817e-02
-6.570515036582946777e-02
8.927089162170886993e-03
2.191286534070968628e-02
1.321752741932868958e-02
2.938490360975265503e-03
2.223053574562072754e-02
1.649797149002552032e-02
1.863154582679271698e-02
3.322005271911621094e-02
1.929876208305358887e-02
6.505926698446273804e-02
6.786373257637023926e-02
-3.006043285131454468e-02
7.087457925081253052e-02
3.048434481024742126e-02
-9.475642815232276917e-03
4.396717250347137451e-02
5.361909046769142151e-02
5.516640841960906982e-02
-7.173382490873336792e-02
-7.537812739610671997e-02
-1.130700483918190002e-02
-9.540582448244094849e-02
-8.641867339611053467e-02
-4.978377372026443481e-02
-5.642477422952651978e-02
-6.179482489824295044e-02
-5.440749973058700562e-02
-2.210714668035507202e-02
-1.400754973292350769e-02
-1.887721940875053406e-02
-4.415278136730194092e-02
1.446450874209403992e-02
1.748752407729625702e-02
-9.284198284149169922e-03
1.504167821258306503e-02
-1.059235353022813797e-02
-4.598519578576087952e-02
-3.857310116291046143e-02
2.664991887286305428e-03
-6.113617122173309326e-02
-1.501600444316864014e-02
2.358361892402172089e-02
-4.785978049039840698e-02
-1.029302179813385010e-02
1.305843610316514969e-02
-6.350404769182205200e-02
-9.975738823413848877e-02
-6.551096588373184204e-02
-4.466333985328674316e-02
-6.230218335986137390e-02
-4.197422042489051819e-02
-3.673570463433861732e-03
-1.928419247269630432e-02
6.755826994776725769e-03
5.356917902827262878e-02
3.508210927248001099e-02
1.093187276273965836e-02
7.894771546125411987e-02
7.624147087335586548e-02
5.920804291963577271e-02
6.983940303325653076e-02
5.693946778774261475e-02
1.468588411808013916e-02
1.311517413705587387e-02
-3.199036931619048119e-03
-1.515266764909029007e-02
5.142311099916696548e-03
7.291615940630435944e-03
1.131467707455158234e-02
4.985481500625610352e-03
2.118645934388041496e-04
2.718178927898406982e-02
-2.906735241413116455e-02
-3.913250192999839783e-02
-1.378258876502513885e-02
-4.826566576957702637e-02
-1.700035296380519867e-02
-4.407823551446199417e-03
-4.600952565670013428e-02
-7.548055145889520645e-03
2.444915845990180969e-02
1.016443315893411636e-02
2.044049836695194244e-02
-9.636104805395007133e-04
3.488531708717346191e-02
4.787871614098548889e-02
2.531683444976806641e-02
7.691822946071624756e-02
7.196739315986633301e-02
5.942147970199584961e-02
7.906025275588035583e-03
2.734713256359100342e-02
5.267904605716466904e-03
8.258306421339511871e-03
1.537085976451635361e-02
2.504467032849788666e-02
4.019939899444580078e-02
5.132521688938140869e-02
1.669221930205821991e-02
-1.070760376751422882e-02
-1.225725188851356506e-02
-9.912762790918350220e-03
1.629544608294963837e-02
2.249496057629585266e-02
-1.433479599654674530e-02
2.390492148697376251e-02
5.770856048911809921e-03
-8.583176881074905396e-03
-9.136439859867095947e-02
-9.435877948999404907e-02
-5.308904498815536499e-02
-6.151347979903221130e-02
-3.761377558112144470e-02
-5.257823690772056580e-02
1.903506927192211151e-02
1.015406195074319839e-02
3.005216456949710846e-02
-2.779948711395263672e-02
-2.165039069950580597e-02
2.593048103153705597e-02
-5.776115134358406067e-02
-6.468721479177474976e-02
-3.845608606934547424e-02
-1.622028835117816925e-02
-6.995225697755813599e-02
-6.140776351094245911e-02
-2.219439856708049774e-02
-1.270537078380584717e-02
8.615588769316673279e-03
-3.023195080459117889e-03
-2.382464334368705750e-02
-1.051564794033765793e-02
5.519637488760054111e-04
-4.444069787859916687e-02
-5.345993116497993469e-02
5.553320515900850296e-03
5.940030515193939209e-02
4.324062541127204895e-02
-2.527661249041557312e-02
8.431458845734596252e-03
3.546748310327529907e-02
-2.868755161762237549e-02
1.015399117022752762e-03
-7.008388638496398926e-03
6.325592100620269775e-02
4.722416773438453674e-02
2.974172681570053101e-02
4.541883617639541626e-02
2.494124695658683777e-02
1.172067597508430481e-02
7.856120169162750244e-02
7.566236704587936401e-02
6.541013717651367188e-02
2.516271919012069702e-02
-1.902905106544494629e-02
-2.245018258690834045e-02
-1.855178270488977432e-03
-2.589736878871917725e-02
-2.071465551853179932e-02
1.526337303221225739e-02
-5.782660562545061111e-03
-1.375980209559202194e-02
5.749612580984830856e-03
6.902758963406085968e-03
2.031292021274566650e-02
-4.849535471294075251e-04
1.102267531678080559e-03
1.840197853744029999e-02
-5.600859411060810089e-03
-1.093109324574470520e-02
5.197426769882440567e-03
2.006710134446620941e-02
-6.981824990361928940e-03
1.161453220993280411e-02
-1.724351570010185242e-02
-3.269479051232337952e-02
-9.853998199105262756e-03
-6.282712519168853760e-02
-6.687439978122711182e-02
-4.147900268435478210e-02
3.625972196459770203e-02
1.776813901960849762e-02
1.610063249245285988e-03
6.323418347164988518e-04
-8.467363193631172180e-03
6.081148050725460052e-03
-1.922545954585075378e-02
2.383131359238177538e-04
3.180347848683595657e-03
-6.099645979702472687e-03
-1.446026470512151718e-02
-2.692784555256366730e-02
-3.942024335265159607e-02
-4.430012032389640808e-02
-7.508685439825057983e-02
-2.489591203629970551e-02
-4.242887720465660095e-02
-4.751697927713394165e-02
-7.258795946836471558e-02
-4.732931777834892273e-02
4.983508959412574768e-03
-3.225623816251754761e-02
-3.587947040796279907e-02
-3.593877330422401428e-02
2.057217992842197418e-02
4.505921620875597000e-03
-1.076209265738725662e-02
-3.606588020920753479e-02
-6.984139978885650635e-02
-4.463821649551391602e-02
-4.048975557088851929e-02
-1.527119055390357971e-02
-1.613236218690872192e-02
-1.128874626010656357e-02
4.533549398183822632e-02
2.511644549667835236e-02
-1.084047742187976837e-02
2.019190788269042969e-02
1.915321685373783112e-02
3.298747912049293518e-02
2.917395904660224915e-02
4.628795012831687927e-02
-1.059130881913006306e-04
2.272464521229267120e-02
3.213276714086532593e-02
-2.569204894825816154e-03
-1.036581769585609436e-02
9.244588203728199005e-03
-2.896824618801474571e-03
9.797954931855201721e-03
-1.159656792879104614e-02
-1.655309647321701050e-02
-1.277164276689291000e-02
-1.425755489617586136e-02
-1.254600193351507187e-02
-8.968180045485496521e-03
-4.501282051205635071e-02
-2.556809596717357635e-02
-7.387685030698776245e-02
-8.164727687835693359e-02
3.107590228319168091e-02
-1.168735045939683914e-02
8.896770887076854706e-03
2.517408458516001701e-03
-8.067475631833076477e-03
-3.194823861122131348e-02
3.059650398790836334e-02
2.511142566800117493e-02
3.337928652763366699e-02
1.819739304482936859e-02
4.530780017375946045e-02
6.415180116891860962e-02
7.781957834959030151e-02
6.733999401330947876e-02
4.877375438809394836e-02
2.045336551964282990e-02
2.154185436666011810e-02
-8.191002532839775085e-03
-3.613487258553504944e-02
-5.005913600325584412e-02
-7.299865782260894775e-02
7.356413174420595169e-03
3.645477816462516785e-02
2.190259844064712524e-02
-3.402081876993179321e-02
-1.477721892297267914e-02
2.369065582752227783e-02
-4.748347401618957520e-02
-4.247515276074409485e-02
-1.207528822124004364e-02
3.667180985212326050e-02
3.219280019402503967e-02
2.070326171815395355e-02
3.837516531348228455e-02
3.237235546112060547e-02
2.890198677778244019e-02
5.344843026250600815e-03
1.735625043511390686e-02
1.723218709230422974e-02
-5.653915926814079285e-02
-6.863930262625217438e-03
-1.178097352385520935e-02
-4.324262589216232300e-02
-3.701643273234367371e-02
-5.313795432448387146e-02
-2.668384835124015808e-02
-2.306924201548099518e-02
-4.896214231848716736e-02
3.621579706668853760e-02
5.473828408867120743e-03
-1.420131791383028030e-02
2.730574272572994232e-02
3.787656873464584351e-02
1.737450249493122101e-02
9.970062971115112305e-02
9.152068942785263062e-02
8.311933279037475586e-02
2.467022277414798737e-02
-2.636336721479892731e-02
-1.791412569582462311e-02
6.279231049120426178e-03
-5.534031987190246582e-02
-7.205892354249954224e-02
-9.852499701082706451e-03
-7.054687291383743286e-02
-6.070021167397499084e-02
-2.743327058851718903e-02
-1.969352923333644867e-02
-1.823545806109905243e-02
-2.919691987335681915e-02
8.687228895723819733e-03
3.673976659774780273e-02
9.114589542150497437e-03
1.937791332602500916e-02
4.736611619591712952e-02
4.372267983853816986e-03
1.732177287340164185e-02
1.773683936335146427e-03
1.968752965331077576e-02
3.383511304855346680e-02
4.976950120180845261e-03
3.452621400356292725e-02
4.530947655439376831e-02
7.339393254369497299e-03
4.594105761498212814e-03
8.597068372182548046e-04
2.695343270897865295e-02
-6.272014975547790527e-02
-8.603594452142715454e-02
-5.939667671918869019e-02
-4.921595752239227295e-02
-6.773996353149414062e-02
-8.075826615095138550e-02
2.100084722042083740e-02
3.742618486285209656e-02
3.069930337369441986e-02
2.713646739721298218e-02
1.643306924961507320e-03
7.856276817619800568e-03
1.998635381460189819e-02
-1.899908669292926788e-02
-1.867284066975116730e-02
5.121133476495742798e-02
4.315629974007606506e-02
-1.714872196316719055e-02
3.875221312046051025e-02
1.350093819200992584e-02
-5.025335028767585754e-02
9.197795763611793518e-03
-2.194223925471305847e-02
-7.636938244104385376e-02
1.874824054539203644e-02
1.021073316223919392e-03
-1.862459070980548859e-02
-6.803669966757297516e-03
-3.062750771641731262e-02
-2.000406198203563690e-02
1.551592815667390823e-02
1.911455392837524414e-02
-8.895587176084518433e-03
1.082626823335886002e-02
-3.263157606124877930e-02
-9.777423925697803497e-03
-2.427544631063938141e-02
-3.078178316354751587e-02
-5.280407145619392395e-03
3.464157134294509888e-02
2.752956934273242950e-02
6.257830653339624405e-03
3.395502222701907158e-03
-3.145057708024978638e-02
-5.140902101993560791e-02
-3.473091870546340942e-02
-6.075692176818847656e-02
-5.633944645524024963e-02
1.110294368118047714e-02
-1.493330695666372776e-03
-1.137223001569509506e-02
-6.794387847185134888e-02
-6.907960027456283569e-02
-5.991924181580543518e-02
-4.929331690073013306e-02
-8.238671720027923584e-02
-9.419462084770202637e-02
5.226756446063518524e-03
-2.869646251201629639e-02
-3.749290853738784790e-02
3.644683957099914551e-02
5.940803512930870056e-02
1.145243644714355469e-02
1.170515920966863632e-02
7.017727941274642944e-02
2.988534048199653625e-02
3.776989644393324852e-03
7.274750620126724243e-03
1.049208827316761017e-02
6.097580771893262863e-03
5.120791122317314148e-02
4.268084466457366943e-02
-2.723678387701511383e-02
-7.125926640583202243e-05
-4.087338224053382874e-03
-6.472178548574447632e-02
-7.346171140670776367e-02
-1.551352255046367645e-02
-3.819445520639419556e-02
-2.045626752078533173e-02
-1.289809867739677429e-02
2.745677717030048370e-02
3.188332170248031616e-02
8.275350555777549744e-03
4.109717532992362976e-02
5.912335962057113647e-02
6.666058301925659180e-02
1.077863294631242752e-02
-8.390064467675983906e-04
1.246473845094442368e-02
1.753304526209831238e-02
-8.432873524725437164e-03
-1.254708413034677505e-02
2.016608789563179016e-02
-1.735770888626575470e-02
-3.849450498819351196e-02
1.659396663308143616e-02
2.928666956722736359e-02
2.341527305543422699e-02
9.250811301171779633e-03
5.637279711663722992e-03
1.537089236080646515e-02
-2.593841217458248138e-02
-6.047894805669784546e-02
-5.292902886867523193e-02
-1.543041225522756577e-02
-2.586616016924381256e-02
-2.906620875000953674e-02
-3.254139423370361328e-02
-2.233134396374225616e-02
-6.597046740353107452e-03
-2.652974054217338562e-02
-6.520613562315702438e-03
3.686347976326942444e-02
-3.491307143121957779e-03
-1.502617262303829193e-02
-5.883854348212480545e-03
2.242583967745304108e-02
2.641764096915721893e-02
5.180699005722999573e-02
-1.362862763926386833e-03
6.104767695069313049e-02
6.572061032056808472e-02
8.817342668771743774e-02
9.339913725852966309e-02
2.809431776404380798e-02
6.540762633085250854e-02
8.811521530151367188e-02
9.444157034158706665e-02
6.243992969393730164e-02
1.159178018569946289e-01
8.472475409507751465e-02
-9.216264821588993073e-03
-1.279662735760211945e-02
2.717627212405204773e-02
-1.497135963290929794e-02
9.258041158318519592e-03
-9.833232499659061432e-03
-3.732338314875960350e-03
1.553311944007873535e-03
-6.291266530752182007e-03
-6.756818853318691254e-03
1.494968123733997345e-02
6.702921818941831589e-04
2.829219959676265717e-02
2.041967213153839111e-02
7.461818400770425797e-03
5.012303125113248825e-03
1.940354937687516212e-03
1.544827129691839218e-03
2.771871350705623627e-02
6.289770454168319702e-02
3.077561594545841217e-02
-4.602619446814060211e-03
3.570571169257164001e-02
7.379166036844253540e-02
-4.657126218080520630e-02
2.062130905687808990e-02
5.397269874811172485e-02
-8.171558380126953125e-03
-8.479632437229156494e-03
-8.114728145301342010e-03
-4.478860646486282349e-02
-3.618724644184112549e-02
-1.575065194629132748e-03
-5.762809887528419495e-02
-6.253498792648315430e-02
-1.725890301167964935e-02
1.187217887490987778e-02
2.258049137890338898e-02
-2.074440568685531616e-02
1.031638216227293015e-02
1.776540093123912811e-02
-2.993660792708396912e-02
-1.449300325475633144e-03
-3.734486550092697144e-02
-2.337422920390963554e-03
2.701388671994209290e-02
2.718720212578773499e-02
2.369130495935678482e-03
4.171926528215408325e-02
7.714526355266571045e-02
5.009459704160690308e-02
9.360766410827636719e-02
1.106397286057472229e-01
5.461504682898521423e-02
-1.022708881646394730e-02
1.212844531983137131e-02
3.642689064145088196e-02
1.531950943171977997e-02
1.668020710349082947e-02
2.801563031971454620e-02
6.644770037382841110e-04
-2.062937477603554726e-03
1.902761682868003845e-02
2.304513007402420044e-02
2.664141543209552765e-02
3.853754699230194092e-02
3.558779507875442505e-02
2.359197847545146942e-02
6.080371793359518051e-03
-1.484514959156513214e-02
-2.701539173722267151e-02
-1.704324781894683838e-02
-2.399415522813796997e-02
-4.942126106470823288e-03
3.276540199294686317e-03
-1.897898851893842220e-03
-2.072154358029365540e-02
-1.126496586948633194e-02
2.952624112367630005e-02
9.542797692120075226e-03
5.352540407329797745e-03
-2.384336199611425400e-03
-4.335229098796844482e-02
4.624756053090095520e-03
-5.726286768913269043e-02
-6.847231835126876831e-02
-5.193818360567092896e-02
-1.820856705307960510e-02
-2.651736512780189514e-02
-2.433129400014877319e-02
1.038128137588500977e-02
1.042717769742012024e-01
1.075560674071311951e-01
7.169337570667266846e-02
9.139979630708694458e-02
7.678686082363128662e-02
8.010618388652801514e-02
7.180275768041610718e-02
5.948375910520553589e-02
-5.566139519214630127e-02
-2.854152210056781769e-02
-3.521620854735374451e-02
1.612817309796810150e-02
3.673579078167676926e-03
-6.109082605689764023e-03
8.632086962461471558e-02
6.911917030811309814e-02
3.779259324073791504e-02
-5.963616818189620972e-02
-3.160447999835014343e-02
1.073972508311271667e-02
-7.890634238719940186e-02
-5.640391632914543152e-02
-4.303815588355064392e-02
-6.485882401466369629e-02
-4.756313189864158630e-02
-3.786312416195869446e-02
-1.602513529360294342e-02
-5.051623657345771790e-02
-1.015831530094146729e-02
-4.710874706506729126e-02
-2.170500904321670532e-02
-3.275872766971588135e-02
-3.301875665783882141e-02
-6.591434776782989502e-02
-3.284348919987678528e-02
3.178505599498748779e-02
4.031952843070030212e-02
1.780583150684833527e-02
2.729886583983898163e-02
3.331659734249114990e-02
1.712243631482124329e-02
3.307122364640235901e-02
2.169366180896759033e-02
4.910159483551979065e-02
3.340129926800727844e-02
-2.093566581606864929e-02
-2.740863338112831116e-02
1.722601428627967834e-02
4.055906087160110474e-03
2.353989891707897186e-02
2.723922766745090485e-02
1.560488902032375336e-02
1.829689182341098785e-02
-8.920216932892799377e-03
-6.096089724451303482e-03
-4.388668108731508255e-03
-3.071721270680427551e-02
-4.208057001233100891e-02
-3.344061598181724548e-02
-3.412962704896926880e-02
-2.129658497869968414e-02
-4.449912160634994507e-02
4.516497626900672913e-02
2.740404941141605377e-02
8.713117800652980804e-03
1.071931561455130577e-03
-3.693284001201391220e-03
6.659186328761279583e-04
-6.583973765373229980e-02
-3.023465722799301147e-02
4.473299719393253326e-03
3.338992968201637268e-02
-1.672010496258735657e-02
-1.128434576094150543e-02
6.156904622912406921e-02
3.695641644299030304e-03
-4.537744447588920593e-02
6.971268355846405029e-02
2.041149139404296875e-02
-1.662596315145492554e-02
-2.088021859526634216e-02
-1.537497062236070633e-02
-2.396690286695957184e-02
-1.407225336879491806e-02
1.842649467289447784e-02
-3.798364847898483276e-02
-5.574955139309167862e-03
1.440416276454925537e-02
-1.141423173248767853e-02
-1.963121257722377777e-02
-2.968904189765453339e-02
-1.360315084457397461e-02
-8.917998522520065308e-03
-2.340069739148020744e-03
-1.663978956639766693e-02
-1.805897243320941925e-02
-2.503124624490737915e-02
-6.456449162214994431e-03
4.821681417524814606e-03
6.185387261211872101e-03
3.613130375742912292e-02
7.445604540407657623e-03
4.226122109685093164e-04
-2.188904210925102234e-02
-2.291819080710411072e-02
1.307135075330734253e-02
-1.714606024324893951e-02
-3.170965937897562981e-03
-2.042411454021930695e-02
-4.493828117847442627e-02
-1.251303870230913162e-02
-4.641791805624961853e-02
-4.849700257182121277e-02
-1.992988027632236481e-02
-4.132625460624694824e-02
-4.257548600435256958e-02
5.606295075267553329e-03
-2.392853423953056335e-02
-5.961669981479644775e-02
2.712902799248695374e-02
-1.613495871424674988e-02
-5.801019445061683655e-02
1.574429310858249664e-02
-1.367122313240543008e-04
-4.974052775651216507e-03
-3.653103113174438477e-02
-2.694080770015716553e-02
-4.007068276405334473e-02
-1.934740506112575531e-02
-2.577669732272624969e-02
-4.053680598735809326e-02
-9.754260070621967316e-03
1.549830008298158646e-02
1.609117165207862854e-02
1.030644103884696960e-01
9.779873490333557129e-02
4.427101835608482361e-02
9.614275395870208740e-02
1.108350679278373718e-01
6.212864071130752563e-02
3.463450074195861816e-02
5.804412439465522766e-02
6.316707283258438110e-02
-5.598282814025878906e-02
-5.349504575133323669e-02
-1.557334605604410172e-02
-2.951388806104660034e-02
-3.328010439872741699e-03
-2.980059571564197540e-02
1.210563629865646362e-02
-1.980692381039261818e-03
-1.977578067453578115e-04
6.210244446992874146e-02
4.699946194887161255e-02
7.017946336418390274e-03
8.283200860023498535e-02
4.644620791077613831e-02
3.468496352434158325e-02
4.461601004004478455e-02
6.214669719338417053e-02
4.687897115945816040e-02
-5.869088321924209595e-02
-7.586622238159179688e-02
-7.195553183555603027e-02
-4.102573171257972717e-02
-3.817615285515785217e-02
-4.323693737387657166e-02
-3.455686569213867188e-02
-3.626254945993423462e-02
-3.502838686108589172e-02
-9.230324067175388336e-03
-9.604402817785739899e-03
-7.427107542753219604e-03
-5.574696697294712067e-03
-5.252404883503913879e-02
-2.835613675415515900e-02
1.794582232832908630e-02
-3.058055881410837173e-04
8.653647266328334808e-03
-3.975502029061317444e-02
2.296256087720394135e-02
-1.440478488802909851e-02
-1.099745742976665497e-02
-4.352377436589449644e-04
-1.515322830528020859e-02
-1.771852560341358185e-02
-2.666877768933773041e-02
-5.575778777711093426e-04
2.102627605199813843e-02
1.441619358956813812e-02
4.133944585919380188e-02
4.338277503848075867e-02
3.711938485503196716e-02
-2.518816851079463959e-03
6.292767077684402466e-02
3.990521654486656189e-02
-9.884440340101718903e-03
5.031772702932357788e-02
2.651067636907100677e-02
-7.059921510517597198e-03
-4.470372732612304389e-05
1.908443681895732880e-02
-5.165241891518235207e-04
-4.832503851503133774e-03
-1.889272592961788177e-03
3.274675086140632629e-02
6.285228580236434937e-02
7.236928492784500122e-02
7.507196813821792603e-02
1.118207573890686035e-01
1.256393641233444214e-01
1.056701317429542542e-01
8.056017011404037476e-02
9.423520416021347046e-02
6.661004573106765747e-02
-7.982498966157436371e-03
-2.371959201991558075e-02
-2.314628101885318756e-03
1.269430504180490971e-03
-4.936628974974155426e-03
4.310736840125173330e-04
-1.373953092843294144e-02
-2.417138079181313515e-03
-1.614890061318874359e-04
-3.809909150004386902e-02
1.987421885132789612e-02
2.435570023953914642e-02
-8.515967056155204773e-03
3.464874997735023499e-02
7.006376981735229492e-03
1.067793928086757660e-02
5.743611138314008713e-03
9.293120354413986206e-03
-6.015828624367713928e-02
-5.674087628722190857e-02
-1.626849547028541565e-02
-8.591444045305252075e-02
-7.477121800184249878e-02
-9.694568067789077759e-02
-7.118025422096252441e-02
-8.095656335353851318e-02
-6.480821222066879272e-02
-1.340355444699525833e-02
-1.953205280005931854e-02
6.716211792081594467e-03
-3.465719893574714661e-02
-1.466419082134962082e-02
-1.153173623606562614e-03
-1.813382469117641449e-02
-4.405146837234497070e-02
-2.991247922182083130e-02
-1.149972341954708099e-02
-1.310329046100378036e-02
-2.326163928955793381e-03
1.676871068775653839e-02
2.933179214596748352e-02
4.926497582346200943e-03
4.405488260090351105e-03
-8.028473705053329468e-03
-1.713506877422332764e-03
4.218354821205139160e-02
5.060343816876411438e-02
2.219184488058090210e-02
6.072929874062538147e-02
5.391807854175567627e-02
5.826009064912796021e-02
4.672613367438316345e-02
7.510591298341751099e-02
5.025410279631614685e-02
-5.111663416028022766e-02
-3.821776062250137329e-02
-4.087693244218826294e-02
-6.153903156518936157e-02
-1.116102375090122223e-02
-1.053710584528744221e-03
3.615273162722587585e-03
7.224431727081537247e-03
1.691589690744876862e-02
-3.884143428876996040e-03
1.588329300284385681e-02
6.345142610371112823e-04
-4.279268905520439148e-02
2.913105767220258713e-03
1.523846294730901718e-02
-5.215621739625930786e-02
-2.880652621388435364e-02
8.559579029679298401e-03
6.722807418555021286e-03
3.715055808424949646e-02
7.278062868863344193e-03
3.951086848974227905e-02
3.212363645434379578e-02
5.047552660107612610e-02
1.233864575624465942e-02
3.735681064426898956e-03
-1.783051341772079468e-02
-4.599473997950553894e-02
-3.822051361203193665e-02
6.882515270262956619e-03
-3.411002457141876221e-02
-5.951143801212310791e-02
-6.244554743170738220e-02
-3.584981337189674377e-02
-5.620409548282623291e-02
-2.636561542749404907e-02
-6.763537973165512085e-02
-4.192898422479629517e-02
-2.530338801443576813e-02
-3.325437009334564209e-02
-1.801978051662445068e-02
-1.432495284825563431e-02
1.528870314359664917e-02
-2.345986664295196533e-03
7.735541090369224548e-03
2.724810130894184113e-02
1.394139789044857025e-02
-7.718590088188648224e-03
4.334535822272300720e-02
4.517947882413864136e-02
1.366040017455816269e-02
2.639522403478622437e-02
5.192665010690689087e-02
3.517580777406692505e-02
9.160760790109634399e-03
-1.427814271301031113e-02
4.267035424709320068e-02
-5.451399087905883789e-02
-5.038173869252204895e-02
8.521666750311851501e-03
-7.490417361259460449e-02
-5.170710384845733643e-02
-1.161558553576469421e-02
6.094481796026229858e-02
1.023367866873741150e-01
6.376332044601440430e-02
7.321007549762725830e-02
7.439763098955154419e-02
7.133600115776062012e-02
4.275041446089744568e-02
4.348434135317802429e-02
4.276809841394424438e-02
3.003416582942008972e-02
-1.034943014383316040e-02
-7.448129355907440186e-03
-1.588189788162708282e-02
-6.539718806743621826e-02
-2.262046560645103455e-03
-2.514521963894367218e-02
-3.093367628753185272e-02
6.612288765609264374e-03
4.152432084083557129e-02
2.505091205239295959e-02
1.702285930514335632e-02
5.811682343482971191e-02
3.181256726384162903e-02
4.751389473676681519e-02
1.011637691408395767e-02
2.096052840352058411e-02
3.455809131264686584e-02
-2.875946834683418274e-02
-4.526267573237419128e-02
-4.950286075472831726e-02
-2.056943252682685852e-02
-5.514261871576309204e-02
-5.024849995970726013e-02
3.130751475691795349e-02
2.461074618622660637e-03
-2.865638583898544312e-02
4.528424516320228577e-02
3.796642646193504333e-02
-6.883793976157903671e-03
3.738452121615409851e-02
3.645180910825729370e-02
5.133019387722015381e-02
3.767913952469825745e-02
5.840858444571495056e-02
7.062018662691116333e-02
2.639886806719005108e-04
-3.078736178576946259e-02
-3.253763914108276367e-02
-4.750789701938629150e-02
-5.034962296485900879e-02
-3.268767520785331726e-02
-2.543049119412899017e-02
-3.119889460504055023e-02
-2.642256766557693481e-02
-3.483929857611656189e-02
-5.851603113114833832e-03
-1.422086078673601151e-02
-7.356967311352491379e-03
-2.371019497513771057e-02
-2.416694723069667816e-02
3.089306643232703209e-03
-2.336608618497848511e-02
-4.053440690040588379e-02
-6.114862486720085144e-02
-4.604336619377136230e-02
-6.066473200917243958e-03
-3.196696564555168152e-02
-1.832657493650913239e-02
-2.649858070071786642e-04
5.574689712375402451e-03
1.222395524382591248e-02
-1.365506369620561600e-02
5.599834024906158447e-02
3.993966430425643921e-02
2.534229494631290436e-02
2.336554974317550659e-02
2.278240956366062164e-02
-6.681865546852350235e-03
6.384694715961813927e-04
4.218102991580963135e-02
1.798510551452636719e-02
-3.234152868390083313e-02
-4.267440363764762878e-02
-5.294245108962059021e-02
-7.815855741500854492e-02
-4.939006268978118896e-02
-5.609204247593879700e-02
-5.623631179332733154e-02
-5.959142744541168213e-02
-5.497555807232856750e-02
1.229996047914028168e-02
6.360516697168350220e-02
5.491255596280097961e-02
3.885988891124725342e-02
9.289231896400451660e-02
1.129227131605148315e-01
6.091829389333724976e-02
1.540895849466323853e-01
1.728055328130722046e-01
-9.241036139428615570e-03
2.806976670399308205e-03
-1.003107614815235138e-02
-2.097688987851142883e-02
-2.624011971056461334e-02
-1.568199251778423786e-03
9.975052438676357269e-03
2.273119054734706879e-02
-5.697058979421854019e-03
8.640762418508529663e-03
1.829757587984204292e-03
-1.782220229506492615e-02
-2.130540553480386734e-03
-6.337469443678855896e-03
-6.281137466430664062e-03
-2.909675985574722290e-02
-3.040843456983566284e-02
-1.601959206163883209e-02
-3.256030008196830750e-02
-9.995684772729873657e-02
-1.059117838740348816e-01
-8.648074418306350708e-02
-1.100994125008583069e-01
-9.079712629318237305e-02
-3.957851976156234741e-02
-7.832976430654525757e-02
-6.646735966205596924e-02
4.677182063460350037e-02
4.212919250130653381e-02
2.218044549226760864e-02
3.914231061935424805e-02
5.666408687829971313e-02
3.631328791379928589e-02
1.407437305897474289e-02
9.785098023712635040e-03
4.168432950973510742e-02
-1.738503947854042053e-02
-5.126459524035453796e-03
-5.558241158723831177e-02
-2.394318953156471252e-02
-3.067267872393131256e-02
-5.174542963504791260e-02
2.291732653975486755e-02
-1.929781027138233185e-02
-4.974093660712242126e-02
1.332428120076656342e-02
1.464419439435005188e-02
2.632654039189219475e-03
-3.038164693862199783e-03
1.205139677040278912e-03
2.277167700231075287e-02
-4.156927578151226044e-03
-6.418659351766109467e-03
2.655942738056182861e-02
4.206656478345394135e-03
-1.420517358928918839e-02
1.045358274132013321e-02
-3.894834220409393311e-02
-6.728657335042953491e-02
-7.621004432439804077e-02
-2.907434292137622833e-02
-3.751192241907119751e-02
-4.005179554224014282e-02
-1.154267136007547379e-02
-2.942711301147937775e-02
-3.663803264498710632e-02
-1.049697399139404297e-02
-2.614324726164340973e-02
-5.445457249879837036e-02
6.158532109111547470e-03
6.753417197614908218e-03
-3.218103572726249695e-02
2.968833548948168755e-03
-1.618828391656279564e-03
-2.102647209540009499e-03
6.054526567459106445e-02
6.404522806406021118e-02
3.415140137076377869e-02
6.450781971216201782e-02
9.218590706586837769e-02
6.095383316278457642e-02
-2.181729301810264587e-02
3.225310891866683960e-02
1.888148020952939987e-03
4.103772342205047607e-02
1.596616022288799286e-02
-1.389207551255822182e-03
6.631637364625930786e-02
1.136702857911586761e-02
-1.375235617160797119e-02
5.365100502967834473e-02
8.437915146350860596e-02
4.719151556491851807e-02
5.085903406143188477e-02
5.488315969705581665e-02
4.005042463541030884e-02
5.245403200387954712e-02
6.037442758679389954e-02
7.141448557376861572e-02
-4.227933008223772049e-03
2.754696458578109741e-02
2.765805646777153015e-02
-2.694923803210258484e-02
-1.211818121373653412e-02
3.617078438401222229e-02
-9.704601019620895386e-03
-6.665966939181089401e-03
-8.207320235669612885e-03
-4.566827416419982910e-02
-6.188474968075752258e-02
-5.433470010757446289e-02
-1.062928885221481323e-01
-6.915815174579620361e-02
-6.805822998285293579e-02
-7.013422995805740356e-02
-4.097403585910797119e-02
-3.531197458505630493e-02
-1.219684444367885590e-02
-9.927008301019668579e-03
-2.505494281649589539e-02
3.545517474412918091e-02
2.603152766823768616e-02
1.618658564984798431e-02
7.131971418857574463e-02
5.527407675981521606e-02
1.432992424815893173e-02
1.997518353164196014e-03
-2.129860222339630127e-03
7.187508512288331985e-03
-3.051482513546943665e-02
-4.819944873452186584e-02
3.811243688687682152e-03
-4.438278079032897949e-02
-5.450864881277084351e-02
-8.039487875066697598e-04
2.774460986256599426e-02
-8.301218971610069275e-03
-3.234029561281204224e-02
-2.933387830853462219e-02
-6.251288950443267822e-02
-3.683879971504211426e-02
-7.275710254907608032e-02
-7.215428352355957031e-02
-7.224477082490921021e-02
2.925325243268162012e-04
6.091659516096115112e-02
3.680846095085144043e-02
4.481719341129064560e-03
5.471138283610343933e-02
6.441998481750488281e-02
-1.881908252835273743e-02
1.837560534477233887e-02
4.710886627435684204e-02
2.626675553619861603e-02
3.492605313658714294e-02
-1.162363588809967041e-02
2.097937650978565216e-02
1.638212241232395172e-02
2.112416736781597137e-02
1.223617605865001678e-02
5.079158768057823181e-02
5.093944445252418518e-02
-2.137345448136329651e-02
-4.898330941796302795e-02
-2.364748343825340271e-02
-2.254438400268554688e-02
-6.192286685109138489e-02
-4.841415584087371826e-02
-3.445082111284136772e-03
-3.389855474233627319e-02
-3.683359175920486450e-02
2.264970680698752403e-03
1.475536543875932693e-02
6.420469377189874649e-03
-4.628458991646766663e-03
1.192450802773237228e-02
3.905421867966651917e-02
3.713525086641311646e-02
1.060579717159271240e-02
4.455304238945245743e-03
2.291418798267841339e-02
5.098394677042961121e-02
6.719021499156951904e-02
3.420393913984298706e-02
4.126074165105819702e-02
2.615333907306194305e-02
9.122683666646480560e-03
2.701956406235694885e-02
5.224836617708206177e-02
-4.141944646835327148e-02
-6.357524078339338303e-03
5.510611925274133682e-03
-4.123032093048095703e-02
-4.190829023718833923e-02
-2.939694002270698547e-02
-1.564263366162776947e-02
-2.785597555339336395e-02
-3.983261436223983765e-02
3.712533274665474892e-03
3.543546795845031738e-02
1.984365098178386688e-02
-1.855363370850682259e-03
3.665512800216674805e-02
4.081363976001739502e-02
1.283818483352661133e-02
7.894222624599933624e-03
-1.202329806983470917e-02
-2.094857627525925636e-03
-3.934478387236595154e-02
-1.696724817156791687e-02
2.039910480380058289e-02
1.388994278386235237e-03
-1.428537257015705109e-02
5.011813342571258545e-02
8.324563503265380859e-03
3.475771809462457895e-04
-4.249312356114387512e-02
-1.402097567915916443e-02
1.489603612571954727e-02
6.793704815208911896e-03
1.234668213874101639e-02
1.835595071315765381e-02
5.479095876216888428e-02
3.388985618948936462e-02
-1.874515973031520844e-02
-3.981497138738632202e-02
-3.425143659114837646e-02
-7.308790832757949829e-02
-5.511294305324554443e-02
-2.359641529619693756e-02
-8.069192990660667419e-03
-3.667511418461799622e-02
-7.731725927442312241e-03
3.861405700445175171e-02
3.231943026185035706e-02
3.544105216860771179e-02
3.320960327982902527e-02
2.397868223488330841e-02
2.579975500702857971e-02
6.984570994973182678e-03
1.585705764591693878e-02
-1.006552297621965408e-02
-1.211506221443414688e-02
-2.751462720334529877e-02
-2.808983251452445984e-02
1.504393015056848526e-02
5.358133837580680847e-02
2.680594287812709808e-02
3.823979571461677551e-02
5.338193476200103760e-02
6.900378316640853882e-02
4.935601353645324707e-02
-1.398291997611522675e-02
-1.947461254894733429e-02
-3.027850948274135590e-02
7.210613228380680084e-03
-7.688499055802822113e-03
-3.222347423434257507e-02
-8.202954195439815521e-03
-7.349553052335977554e-03
-3.409825265407562256e-02
2.992672659456729889e-02
1.101642288267612457e-02
-5.081025883555412292e-03
2.672676369547843933e-02
3.507220745086669922e-02
-1.141851302236318588e-02
5.386861972510814667e-03
7.118426728993654251e-03
-2.475291863083839417e-02
2.959628356620669365e-03
1.022481173276901245e-02
3.328759595751762390e-02
1.103290822356939316e-02
4.743158351629972458e-03
4.382469505071640015e-02
4.599339142441749573e-02
4.932280257344245911e-02
1.192442979663610458e-02
1.585799455642700195e-02
1.266080979257822037e-02
9.427335113286972046e-03
-8.344747126102447510e-03
-8.065127767622470856e-03
-4.026677459478378296e-02
-3.260293975472450256e-02
-3.768218308687210083e-02
-3.546262532472610474e-02
-5.061261728405952454e-02
-5.404426157474517822e-02
-6.346710771322250366e-02
-3.875662013888359070e-02
-2.219688706099987030e-02
-3.727966547012329102e-02
-4.265394806861877441e-02
-9.196676313877105713e-03
-1.196677610278129578e-02
-3.845353424549102783e-02
-5.188004299998283386e-02
-3.433097153902053833e-02
6.238449830561876297e-03
-6.179107725620269775e-02
-4.267132654786109924e-02
4.715500026941299438e-02
8.569539524614810944e-03
-1.161539461463689804e-02
-2.422546781599521637e-02
-2.434657327830791473e-02
1.657523587346076965e-02
-2.129701524972915649e-02
-3.251018375158309937e-02
-1.545398309826850891e-02
-1.483827177435159683e-02
-1.469770260155200958e-02
3.158627310767769814e-03
-4.262484237551689148e-02
-2.987597882747650146e-02
-4.941772297024726868e-02
-2.082803100347518921e-02
1.725529786199331284e-03
-2.146024070680141449e-02
-1.320353895425796509e-02
-8.485414087772369385e-03
-2.879796735942363739e-02
2.887999871745705605e-03
-2.800511382520198822e-02
-1.227807532995939255e-02
8.406681939959526062e-03
-1.659610867500305176e-02
-3.970488160848617554e-02
3.036923892796039581e-02
-1.195175293833017349e-02
-3.303438052535057068e-02
6.903341971337795258e-03
7.510783150792121887e-03
-4.889946896582841873e-03
-4.479513969272375107e-03
3.226411715149879456e-02
-2.505101077258586884e-02
-4.409249871969223022e-03
2.498889900743961334e-02
-8.921150118112564087e-03
-2.162923477590084076e-02
-1.818539761006832123e-02
-1.622381247580051422e-02
-6.413253489881753922e-03
-4.370030015707015991e-02
-5.045003071427345276e-02
-1.206771377474069595e-02
-1.819809712469577789e-02
-2.459566853940486908e-02
-3.446717932820320129e-02
-2.549091167747974396e-02
-1.964639872312545776e-02
-2.819530107080936432e-02
-4.845658317208290100e-03
-1.166577637195587158e-02
-9.557334124110639095e-04
-2.260587411001324654e-03
-4.480562359094619751e-02
-7.061542570590972900e-02
-7.239962369203567505e-02
-5.867417901754379272e-02
-8.581805229187011719e-02
-5.391997098922729492e-02
-6.450308114290237427e-02
-6.452555209398269653e-02
-2.101198770105838776e-02
-1.425288524478673935e-02
-1.611552760004997253e-02
-1.037167292088270187e-02
1.825965824536979198e-03
-2.178426133468747139e-03
-2.516174688935279846e-03
6.026464980095624924e-03
1.585619524121284485e-02
1.310089975595474243e-02
-3.108001314103603363e-03
-1.250292081385850906e-02
-2.482065372169017792e-02
2.924733422696590424e-02
2.588956383988261223e-03
-6.751429289579391479e-03
1.411252841353416443e-02
-3.178897779434919357e-03
-2.311558462679386139e-02
-4.524294286966323853e-02
-3.256227448582649231e-02
-1.048664678819477558e-03
-9.845972061157226562e-03
-5.792349576950073242e-02
-1.001479849219322205e-02
5.469129420816898346e-03
-1.892512477934360504e-02
-1.109042670577764511e-02
6.943055428564548492e-03
3.651572391390800476e-02
4.541585594415664673e-02
5.098798871040344238e-02
5.131802707910537720e-02
7.074104994535446167e-02
1.571614295244216919e-02
1.599705591797828674e-02
5.083067342638969421e-02
2.772454731166362762e-02
7.233128696680068970e-02
8.831633627414703369e-02
6.489349156618118286e-02
9.427510201930999756e-02
9.901987016201019287e-02
8.315036445856094360e-02
4.587277024984359741e-02
5.972432345151901245e-02
1.774668134748935699e-02
1.917635789141058922e-03
-1.742681674659252167e-02
-3.099041292443871498e-03
-4.609014093875885010e-02
-4.945334047079086304e-02
-7.812187075614929199e-03
-4.981551691889762878e-02
-2.792637422680854797e-02
-8.115518838167190552e-03
3.958374727517366409e-03
6.713591516017913818e-03
-3.457177430391311646e-02
2.787218987941741943e-02
1.840222254395484924e-02
-3.275926783680915833e-02
3.938115760684013367e-02
1.978703215718269348e-02
2.976042777299880981e-02
2.446667104959487915e-02
4.678259789943695068e-02
5.262766033411026001e-02
5.371082946658134460e-02
7.578690350055694580e-02
4.945181310176849365e-02
8.458419889211654663e-02
9.021189808845520020e-02
2.011439204216003418e-02
9.565344080328941345e-03
2.929213270545005798e-02
4.695261269807815552e-02
1.110519282519817352e-02
3.637078776955604553e-02
5.564614012837409973e-02
-1.540173962712287903e-02
-5.605903454124927521e-03
1.837530173361301422e-02
-1.514118164777755737e-02
-2.340239286422729492e-02
-1.515638548880815506e-02
-8.413285948336124420e-03
-2.580745378509163857e-03
1.536256750114262104e-03
2.305499650537967682e-02
4.819443449378013611e-02
2.842514030635356903e-02
1.471629366278648376e-02
1.770336925983428955e-02
-3.605613484978675842e-02
-1.089666970074176788e-02
-2.093655988574028015e-02
-3.583416715264320374e-02
-2.650624886155128479e-02
-5.742528662085533142e-02
-5.198619142174720764e-02
7.683976739645004272e-02
1.199806481599807739e-01
8.758681267499923706e-02
1.248058453202247620e-01
1.592364311218261719e-01
1.577719002962112427e-01
7.532066106796264648e-02
1.371695250272750854e-01
9.893398731946945190e-02
-8.652151562273502350e-03
-2.085447870194911957e-02
-2.838755026459693909e-02
-1.556573552079498768e-03
-9.139948524534702301e-03
-1.768146827816963196e-02
-1.187071017920970917e-02
2.737646456807851791e-03
-4.601260647177696228e-03
3.156888857483863831e-02
2.608852833509445190e-02
3.027117624878883362e-02
1.400494482368230820e-02
8.964576758444309235e-03
1.450952794402837753e-02
-1.309813652187585831e-02
3.492397489026188850e-03
3.447947651147842407e-02
-1.612827740609645844e-02
8.494636975228786469e-03
1.726436987519264221e-02
-7.100997958332300186e-03
-9.735752828419208527e-03
5.187665577977895737e-03
5.023566074669361115e-03
-6.340117752552032471e-02
-2.836465649306774139e-02
2.937440015375614166e-02
2.373914606869220734e-02
8.167220512405037880e-04
2.208980172872543335e-02
-1.146179437637329102e-02
4.516613204032182693e-03
2.222687704488635063e-03
-1.848887465894222260e-02
-2.806977555155754089e-02
1.810332201421260834e-02
4.739388450980186462e-02
1.013152487576007843e-02
3.677138313651084900e-02
5.679307132959365845e-02
7.422038167715072632e-02
-1.734756492078304291e-02
3.397756442427635193e-02
3.995929658412933350e-02
8.630768279545009136e-04
1.714465394616127014e-02
1.205677632242441177e-02
6.853628437966108322e-03
3.643690422177314758e-02
9.948608465492725372e-03
1.217138301581144333e-02
1.184091996401548386e-02
3.506997600197792053e-02
-9.255697950720787048e-03
-5.451506003737449646e-02
6.878982298076152802e-03
-2.706607431173324585e-02
-3.437885642051696777e-02
-2.512648887932300568e-02
-4.307543858885765076e-02
-4.817274957895278931e-02
-3.987454622983932495e-02
5.374686792492866516e-03
7.874305360019207001e-03
1.771543547511100769e-02
1.640174351632595062e-02
3.464272990822792053e-02
4.773544147610664368e-02
-1.035907585173845291e-02
2.950108982622623444e-02
2.228867495432496071e-03
-6.346355378627777100e-02
-3.961888328194618225e-02
-1.662332750856876373e-02
-1.455580256879329681e-02
3.890190273523330688e-03
8.284429088234901428e-03
1.091258879750967026e-02
6.103564053773880005e-02
4.432510584592819214e-02
3.061211295425891876e-02
2.987616881728172302e-02
8.839385700412094593e-04
2.651049010455608368e-02
1.623401232063770294e-02
1.441549323499202728e-02
4.461150243878364563e-02
7.104043662548065186e-02
1.040910370647907257e-02
5.255075544118881226e-02
1.098733767867088318e-01
1.054012179374694824e-01
7.122068107128143311e-02
9.731779992580413818e-02
9.236852824687957764e-02
3.678449243307113647e-02
8.575733006000518799e-02
3.837754577398300171e-02
1.388393994420766830e-02
6.528623402118682861e-02
8.576348423957824707e-02
-5.858628079295158386e-02
6.274218205362558365e-03
2.605457417666912079e-02
-1.190785989165306091e-01
-1.294472068548202515e-01
-6.448510289192199707e-02
-3.077599965035915375e-02
-4.725292325019836426e-02
-3.761724382638931274e-02
2.018898259848356247e-03
-9.589223191142082214e-03
-1.098634395748376846e-02
-1.285255304537713528e-03
-1.419686339795589447e-02
-1.445165183395147324e-02
-1.097739441320300102e-03
-2.810831740498542786e-02
-2.053616754710674286e-02
1.621804758906364441e-02
1.830379106104373932e-02
1.689840108156204224e-02
1.006859447807073593e-02
3.766529634594917297e-02
2.892820909619331360e-02
-7.816785015165805817e-03
1.087049394845962524e-02
1.224049925804138184e-02
-2.624165453016757965e-02
-3.618440777063369751e-02
1.258051581680774689e-02
-5.121278762817382812e-02
-3.920853510499000549e-02
-1.927683316171169281e-02
4.064841195940971375e-02
6.405332684516906738e-02
2.839280106127262115e-02
2.995322644710540771e-02
4.761343449354171753e-02
9.728876873850822449e-03
1.515108253806829453e-02
-1.406051917001605034e-03
1.342425681650638580e-02
-5.285334214568138123e-02
-1.380722504109144211e-02
2.569350879639387131e-03
-3.167824819684028625e-02
-5.584047641605138779e-03
2.587423287332057953e-02
8.559995330870151520e-03
1.320760324597358704e-02
1.554926205426454544e-02
7.233951240777969360e-02
7.089380174875259399e-02
2.637644670903682709e-02
7.785248011350631714e-02
5.147956311702728271e-02
2.166618593037128448e-02
3.213570639491081238e-02
2.411512471735477448e-02
3.226836211979389191e-03
1.125455950386822224e-03
-1.534005720168352127e-02
-4.085035622119903564e-02
-5.414225743152201176e-04
-2.200815081596374512e-02
-9.971030987799167633e-03
3.368645440787076950e-03
-1.159895397722721100e-02
4.859835840761661530e-03
1.069560460746288300e-02
6.315492838621139526e-02
3.890324011445045471e-02
-3.363380208611488342e-02
1.849088631570339203e-02
3.057082742452621460e-02
-1.687457226216793060e-02
-1.338254101574420929e-02
1.389520335942506790e-02
8.812873624265193939e-03
3.431259188801050186e-03
-4.003816470503807068e-02
7.709670811891555786e-03
-1.621589250862598419e-02
-3.182677552103996277e-02
5.804841406643390656e-03
-3.684206306934356689e-02
-1.540637458674609661e-03
3.112331964075565338e-03
-7.402399089187383652e-03
3.089448064565658569e-02
1.903468184173107147e-02
-3.417604416608810425e-02
4.508906509727239609e-03
2.338639833033084869e-02
-4.133070353418588638e-03
-4.697289317846298218e-02
-2.461541257798671722e-02
7.141258567571640015e-03
2.241969481110572815e-02
-3.731081634759902954e-02
-9.318079537479206920e-05
-1.092810742557048798e-02
-3.900078684091567993e-02
-1.477644778788089752e-02
-4.105554148554801941e-02
-3.835184499621391296e-02
-2.377053536474704742e-02
6.608155672438442707e-04
2.595498971641063690e-02
1.435910072177648544e-02
2.561570703983306885e-02
1.780726388096809387e-02
1.195387542247772217e-02
3.093311097472906113e-03
-5.224233865737915039e-02
-2.528095617890357971e-02
2.982649207115173340e-02
-2.129668556153774261e-02
-9.946562349796295166e-03
1.475311908870935440e-02
-2.543130330741405487e-02
-1.710565015673637390e-02
-9.717964567244052887e-03
6.982669234275817871e-02
1.015235185623168945e-01
5.811393260955810547e-02
9.241268038749694824e-02
1.046105921268463135e-01
7.790280878543853760e-02
4.886695742607116699e-02
9.814742952585220337e-02
6.451021879911422729e-02
3.703272342681884766e-02
2.643963135778903961e-02
2.410456654615700245e-04
1.161020249128341675e-02
6.342032575048506260e-04
1.722102612257003784e-02
2.017156593501567841e-02
1.995498500764369965e-02
-1.866595936007797718e-03
-2.369117364287376404e-02
2.092438377439975739e-02
4.506426304578781128e-02
-6.388176116161048412e-04
4.848191980272531509e-03
3.102411888539791107e-02
1.008986216038465500e-02
2.015283331274986267e-02
3.264831751585006714e-02
-4.910378903150558472e-02
-6.138623133301734924e-02
-5.758063867688179016e-02
-3.875896707177162170e-02
-5.314552783966064453e-02
-3.383829817175865173e-02
-5.938329733908176422e-03
-3.273505344986915588e-02
-3.664030507206916809e-02
-8.642716333270072937e-03
-4.149221256375312805e-02
-4.197589680552482605e-02
-9.667569771409034729e-03
-4.884675517678260803e-02
-3.145922347903251648e-02
-1.619769074022769928e-02
-6.281215697526931763e-02
-2.381523698568344116e-02
2.416090667247772217e-02
6.459066271781921387e-02
3.914670646190643311e-02
-6.707548163831233978e-04
2.820596285164356232e-02
1.900230906903743744e-02
7.489847019314765930e-03
4.168705642223358154e-02
2.166532678529620171e-03
-7.217777892947196960e-03
1.513462606817483902e-02
3.676588833332061768e-02
-2.667406760156154633e-02
-9.682564996182918549e-03
3.345725312829017639e-02
-2.460849471390247345e-02
1.191907748579978943e-02
1.362446881830692291e-02
-1.920359209179878235e-02
-2.715212851762771606e-02
-2.240857668220996857e-02
-3.497263416647911072e-03
-7.333737798035144806e-03
-5.808959715068340302e-03
-7.790866307914257050e-03
-2.267642319202423096e-02
8.523638360202312469e-03
1.518357638269662857e-02
1.467056106775999069e-02
-3.174093738198280334e-02
-1.246037892997264862e-02
-4.455520212650299072e-02
-6.138394773006439209e-02
-2.985709533095359802e-02
-6.589581072330474854e-02
-5.471834167838096619e-02
4.185782745480537415e-02
2.946439571678638458e-02
3.177900984883308411e-02
3.074125945568084717e-02
2.706574834883213043e-02
4.168218001723289490e-02
3.119339793920516968e-02
3.500975295901298523e-02
1.210926566272974014e-02
-2.436009049415588379e-02
-2.968480624258518219e-02
-2.852858416736125946e-02
-4.614470154047012329e-02
-5.143719166517257690e-02
-3.837548196315765381e-02
-3.154796361923217773e-02
9.811915457248687744e-03
4.198251292109489441e-02
-2.751653082668781281e-02
-1.045130286365747452e-02
-9.127113036811351776e-03
-6.436894834041595459e-02
-3.153314068913459778e-02
7.163379807025194168e-03
-6.175274401903152466e-02
-2.640181779861450195e-02
1.435422524809837341e-02
3.827940672636032104e-02
8.561115711927413940e-02
5.701334029436111450e-02
8.416596055030822754e-02
4.665794968605041504e-02
2.252690307796001434e-02
4.013195633888244629e-02
-8.320330642163753510e-03
-4.297655448317527771e-02
-1.543083880096673965e-02
-3.427163884043693542e-02
-5.304890871047973633e-02
-1.035646162927150726e-02
-5.630601942539215088e-02
-4.981819167733192444e-02
-2.398547716438770294e-02
-5.669246241450309753e-02
-6.100663542747497559e-02
4.391990602016448975e-02
4.760354012250900269e-02
3.209560364484786987e-02
3.737759217619895935e-02
1.003102771937847137e-02
2.822584845125675201e-02
-4.517129622399806976e-03
5.145680624991655350e-03
5.818650592118501663e-03
-6.742828339338302612e-02
-6.040174141526222229e-02
-2.279571443796157837e-02
-7.945252209901809692e-02
-8.639887720346450806e-02
-5.093744397163391113e-02
-5.447337776422500610e-02
-1.022952944040298462e-01
-5.364799872040748596e-02
4.663752764463424683e-02
1.815112121403217316e-02
-2.332170866429805756e-02
3.142097219824790955e-02
2.034739777445793152e-02
-6.771010905504226685e-02
-6.251734448596835136e-04
-1.069312635809183121e-02
-5.689318850636482239e-02
1.115463748574256897e-01
1.006675213575363159e-01
1.476188842207193375e-02
7.959017157554626465e-02
8.128505945205688477e-02
5.988469347357749939e-02
1.810851506888866425e-02
3.824198991060256958e-02
-3.471360541880130768e-03
2.093186974525451660e-02
3.878214955329895020e-02
3.267486020922660828e-02
-5.005120765417814255e-04
1.984030008316040039e-02
3.323667868971824646e-02
-3.152821911498904228e-03
-2.422865480184555054e-02
-2.502297237515449524e-02
-3.945322241634130478e-03
5.395239219069480896e-02
1.597651652991771698e-02
3.960389643907546997e-02
5.632130429148674011e-02
8.035272359848022461e-02
-1.715950854122638702e-02
3.266602009534835815e-02
5.249185860157012939e-02
2.496757172048091888e-02
3.870244696736335754e-02
9.516385383903980255e-03
-1.089324825443327427e-03
-4.518074449151754379e-03
2.432403340935707092e-02
-5.977113917469978333e-02
-4.768063500523567200e-02
1.396141480654478073e-02
-2.727202512323856354e-02
1.527521479874849319e-02
7.660141214728355408e-03
3.044064529240131378e-02
5.333071202039718628e-02
3.517363965511322021e-02
4.072678461670875549e-02
6.682963669300079346e-02
8.539138734340667725e-02
-1.769590936601161957e-02
-3.750477731227874756e-02
-6.928924471139907837e-02
1.695069856941699982e-02
-4.365727072581648827e-04
-7.272920012474060059e-02
5.222193524241447449e-02
1.388894394040107727e-02
-4.068908840417861938e-02
-1.090970821678638458e-03
-1.179051678627729416e-02
1.660392386838793755e-03
-9.713807143270969391e-03
-8.674050681293010712e-03
4.980051890015602112e-03
-5.631763860583305359e-02
-2.318208850920200348e-02
3.593866946175694466e-03
-1.807879470288753510e-02
-1.273506134748458862e-02
-4.813486337661743164e-02
8.015409111976623535e-03
-2.037284150719642639e-02
-7.318329066038131714e-02
-1.875807717442512512e-02
-3.128881007432937622e-02
-6.343507021665573120e-02
8.085345849394798279e-03
7.289149332791566849e-03
2.372329868376255035e-02
-4.676409997045993805e-03
-2.777834050357341766e-02
-1.206492353230714798e-02
-9.993089362978935242e-03
-4.005119949579238892e-02
-8.492143824696540833e-03
3.298937901854515076e-02
-1.606486155651509762e-03
-3.700112551450729370e-02
1.070128474384546280e-02
-1.843558251857757568e-02
-3.830490633845329285e-02
2.065557986497879028e-02
-9.635481983423233032e-03
-4.588588699698448181e-02
2.055636607110500336e-02
-8.726574480533599854e-03
-3.668638318777084351e-02
6.498675048351287842e-02
3.568153828382492065e-02
1.879183948040008545e-02
3.897717222571372986e-02
3.336320444941520691e-02
5.785794928669929504e-02
-1.496565155684947968e-02
-2.752326428890228271e-03
2.039126679301261902e-02
2.286754921078681946e-02
3.312008827924728394e-02
2.638216502964496613e-02
9.270772570744156837e-04
8.149224333465099335e-03
-1.264997199177742004e-02
1.077774167060852051e-02
-1.209041383117437363e-02
-6.972514092922210693e-03
-6.231277715414762497e-03
-4.268489428795874119e-04
-5.849688500165939331e-02
-2.227431396022439003e-03
-3.606356307864189148e-02
-5.095051974058151245e-02
1.423466019332408905e-02
6.768451537936925888e-03
-1.424414385110139847e-02
-3.105284486082382500e-05
3.475220408290624619e-03
8.838620036840438843e-03
4.046948999166488647e-02
1.454261597245931625e-02
1.997905597090721130e-02
-1.627658121287822723e-02
-1.136535126715898514e-02
-3.544295951724052429e-02
-4.433869570493698120e-02
-4.110296815633773804e-02
-9.270802140235900879e-02
-7.447280734777450562e-02
-9.998202323913574219e-02
-1.056069359183311462e-01
-2.887013368308544159e-02
-3.084853477776050568e-02
-1.297480333596467972e-02
-2.319286018610000610e-02
-4.966934770345687866e-02
-3.746064752340316772e-02
-4.043988417834043503e-03
-2.451483160257339478e-02
-1.807805337011814117e-02
1.323632081039249897e-03
-4.864645749330520630e-02
-3.980295360088348389e-02
-2.137869037687778473e-02
-7.890381664037704468e-02
-6.253536790609359741e-02
-1.507696229964494705e-02
-3.400560095906257629e-02
-2.968193404376506805e-02
3.868426755070686340e-02
3.332050144672393799e-02
-2.203066833317279816e-02
3.965165466070175171e-02
3.207270801067352295e-02
-1.100134011358022690e-02
4.751899465918540955e-02
9.880380239337682724e-04
-7.345303893089294434e-03
-2.095801942050457001e-02
-2.887738496065139771e-02
-7.491426076740026474e-03
-6.172730401158332825e-02
-6.769462674856185913e-02
-7.518125325441360474e-02
-7.812734693288803101e-02
-6.255817413330078125e-02
-6.720541417598724365e-02
-5.919016897678375244e-02
-1.630478911101818085e-02
9.806635789573192596e-03
-6.919459253549575806e-02
-6.944574881345033646e-03
3.305235132575035095e-02
-5.980895459651947021e-02
3.298027068376541138e-02
7.746724784374237061e-02
4.780646786093711853e-02
1.007764227688312531e-02
-1.372491661459207535e-02
1.920694671571254730e-02
3.692889353260397911e-03
-8.287023752927780151e-03
1.345362234860658646e-02
5.013309419155120850e-03
-7.526378147304058075e-03
2.314465865492820740e-02
3.678309544920921326e-02
5.618048366159200668e-03
2.299432829022407532e-02
2.659296244382858276e-02
-1.225084252655506134e-02
1.952499337494373322e-02
4.783196374773979187e-02
-6.298669148236513138e-03
-9.928850457072257996e-03
6.175482645630836487e-03
1.261091977357864380e-02
-4.388079047203063965e-02
-2.926281094551086426e-02
3.955549560487270355e-03
2.633472718298435211e-02
1.003819238394498825e-02
2.421044977381825447e-03
4.075565934181213379e-02
9.224687702953815460e-03
-1.384667027741670609e-02
2.960592694580554962e-02
9.935895912349224091e-03
-3.706012293696403503e-02
8.336037397384643555e-03
-2.969479002058506012e-02
-4.453720524907112122e-02
-1.145816687494516373e-02
-3.638786822557449341e-02
-5.548796802759170532e-02
-1.632544398307800293e-02
-3.563919290900230408e-02
-2.680192887783050537e-02
-1.683638244867324829e-02
-1.951513066887855530e-02
2.835774421691894531e-02
7.648716866970062256e-02
3.046339936554431915e-02
8.614969439804553986e-03
1.379990875720977783e-01
1.006473377346992493e-01
2.168580703437328339e-02
1.319935917854309082e-01
1.073333621025085449e-01
7.284131646156311035e-02
-8.539490954717621207e-05
-3.648458421230316162e-02
-5.054877325892448425e-02
2.345173433423042297e-02
-7.337544811889529228e-04
-2.373353019356727600e-02
7.966298609972000122e-03
5.799121782183647156e-02
3.324667364358901978e-02
-1.770373806357383728e-02
-4.346537217497825623e-02
-3.350663557648658752e-02
6.518201902508735657e-03
-2.224230021238327026e-02
-2.901590615510940552e-02
5.928458645939826965e-03
-2.651806548237800598e-02
-2.970553934574127197e-02
-8.387634530663490295e-03
-2.137500606477260590e-02
-3.019621595740318298e-02
1.486717909574508667e-02
-9.545752778649330139e-03
-5.652448534965515137e-02
2.253628801554441452e-03
-3.019808046519756317e-02
-6.104788556694984436e-02
4.556778073310852051e-02
8.218700997531414032e-03
-2.388592809438705444e-02
5.734227970242500305e-02
5.982915684580802917e-02
-2.061826921999454498e-02
6.553494185209274292e-02
3.588288277387619019e-02
2.665815409272909164e-03
2.425618283450603485e-02
1.522278692573308945e-02
5.261299200356006622e-03
4.465668275952339172e-02
3.262698277831077576e-02
7.420504093170166016e-02
1.742244884371757507e-02
6.038155779242515564e-02
6.069146469235420227e-02
-2.545406855642795563e-02
-4.622390959411859512e-03
-1.653079176321625710e-03
-6.068675965070724487e-02
-4.141014069318771362e-02
-1.756937988102436066e-02
-5.434463918209075928e-02
-2.003175765275955200e-02
-6.934998091310262680e-03
-4.927863925695419312e-02
1.802941411733627319e-02
2.692435681819915771e-02
-4.721269756555557251e-02
-6.025557406246662140e-03
1.703228056430816650e-02
-5.045185983180999756e-02
-9.165847674012184143e-03
2.257764898240566254e-02
-5.068345367908477783e-02
-3.400691598653793335e-02
-3.072982653975486755e-02
-6.296411901712417603e-02
-4.662152007222175598e-02
-2.452815696597099304e-02
-4.795790463685989380e-02
-3.298839181661605835e-02
-5.704334937036037445e-03
-3.574286401271820068e-02
3.509646281599998474e-02
7.445043325424194336e-02
-1.192583143711090088e-02
8.788846433162689209e-02
1.037550121545791626e-01
-1.009444706141948700e-02
8.458252996206283569e-02
1.044562533497810364e-01
-1.276582945138216019e-02
-3.407580545172095299e-03
-2.364949695765972137e-02
3.063008002936840057e-02
2.588883507996797562e-03
-2.959896251559257507e-02
4.936983063817024231e-02
1.332297082990407944e-02
3.292435407638549805e-02
-3.746145172044634819e-03
3.624747914727777243e-04
-2.181068062782287598e-02
-2.319361455738544464e-02
-8.256491273641586304e-03
-2.961625345051288605e-02
-4.021726176142692566e-02
-3.972764685750007629e-02
-3.491185978055000305e-02
1.068551209755241871e-03
-2.056691795587539673e-02
2.101407386362552643e-03
5.510147660970687866e-03
4.344290355220437050e-04
1.659177616238594055e-02
-7.432051934301853180e-03
8.322056964971125126e-04
1.630988717079162598e-02
-4.245458915829658508e-02
-3.076888388022780418e-03
1.639925315976142883e-02
-2.870713127776980400e-03
2.204796485602855682e-02
-2.292738854885101318e-02
8.943613618612289429e-03
-5.240999162197113037e-03
-4.394045472145080566e-02
-1.269801612943410873e-02
2.058133482933044434e-02
5.306736379861831665e-02
-1.813357463106513023e-03
1.365930493921041489e-02
2.159961685538291931e-02
4.829511977732181549e-03
-3.932728245854377747e-02
-4.996575415134429932e-03
-1.681163534522056580e-02
2.177577279508113861e-02
4.879445582628250122e-02
-1.930870488286018372e-02
2.629834972321987152e-02
4.441579058766365051e-02
3.601960372179746628e-03
-1.736587844789028168e-02
2.522795833647251129e-02
-3.390259668231010437e-02
2.532112039625644684e-02
4.698938131332397461e-02
2.375323325395584106e-02
5.209585279226303101e-02
8.561617136001586914e-02
3.858218714594841003e-02
6.031161546707153320e-02
9.163208305835723877e-02
1.176680554635822773e-03
7.497475296258926392e-02
7.271568477153778076e-02
2.918729186058044434e-02
4.228154197335243225e-02
8.720904588699340820e-02
2.334232442080974579e-02
3.363496065139770508e-02
3.872162476181983948e-02
7.321523129940032959e-02
4.661792144179344177e-02
-2.073865942656993866e-02
9.614612907171249390e-02
4.143886268138885498e-02
-1.360757090151309967e-02
4.511056467890739441e-02
7.525210268795490265e-03
-2.624461986124515533e-02
-1.851411350071430206e-02
-1.969318650662899017e-02
1.508370693773031235e-02
3.014111658558249474e-03
1.658339169807732105e-03
-2.851146040484309196e-03
1.436791196465492249e-02
3.913697600364685059e-02
1.742312125861644745e-02
-2.457595989108085632e-02
-3.246587142348289490e-02
-2.546981908380985260e-02
-6.882309913635253906e-02
-2.102465927600860596e-02
-3.841137886047363281e-02
-3.151260316371917725e-02
-4.707314074039459229e-02
-9.968869388103485107e-03
1.692370325326919556e-02
-4.671575501561164856e-02
1.454865559935569763e-03
4.650576412677764893e-02
-2.069068327546119690e-02
-4.635152593255043030e-02
5.083794519305229187e-02
3.648670157417654991e-03
-3.894517570734024048e-02
2.418557554483413696e-02
-2.004311978816986084e-02
-2.602417767047882080e-02
4.161096643656492233e-03
-5.424913018941879272e-02
-4.033843055367469788e-02
-3.739635273814201355e-02
-4.629880562424659729e-02
-8.630328811705112457e-03
-5.097016319632530212e-02
-5.582354031503200531e-03
-2.820588648319244385e-02
-6.475067883729934692e-02
-4.429815337061882019e-02
-1.680985279381275177e-02
-2.398254349827766418e-02
-5.523673817515373230e-02
1.868690364062786102e-02
-4.120285063982009888e-02
-3.194565698504447937e-02
2.828550525009632111e-02
-3.054272569715976715e-02
-1.112561905756592751e-03
-2.839288674294948578e-03
-5.020034033805131912e-03
3.823206946253776550e-02
-1.040182728320360184e-02
-6.011555343866348267e-02
-4.331316798925399780e-02
-1.818809472024440765e-02
-3.292125463485717773e-02
-6.014167889952659607e-02
-5.323410406708717346e-02
-4.693802446126937866e-02
-5.561935901641845703e-02
-3.521129488945007324e-02
-6.299674510955810547e-03
-5.195798724889755249e-02
-3.722356259822845459e-02
1.673903875052928925e-02
-4.214211553335189819e-02
-6.423814594745635986e-02
1.109489891678094864e-02
-4.447469115257263184e-02
-5.076074227690696716e-02
-3.509791195392608643e-02
1.917767710983753204e-02
4.191671684384346008e-02
-1.763219200074672699e-02
3.863871563225984573e-03
5.741564184427261353e-02
-9.091207757592201233e-03
-1.263265870511531830e-02
5.201197043061256409e-02
1.185221190098673105e-04
4.107834398746490479e-02
8.088582754135131836e-02
-1.424622349441051483e-02
1.150490250438451767e-02
2.718531526625156403e-02
-3.430799022316932678e-02
-7.842905819416046143e-03
1.498948223888874054e-02
-4.616149887442588806e-02
-2.313087927177548409e-03
3.885586187243461609e-02
-1.010315865278244019e-02
1.431141979992389679e-02
3.544868901371955872e-02
2.564406767487525940e-02
1.189848780632019043e-02
-1.221496495418250561e-03
-4.324487224221229553e-02
2.019769325852394104e-02
4.812406748533248901e-02
-5.408876016736030579e-02
-2.086215838789939880e-02
1.934589259326457977e-02
-2.613683603703975677e-02
-6.287183612585067749e-02
4.005384165793657303e-03
-6.487025413662195206e-03
-2.245111018419265747e-02
-5.349534377455711365e-02
3.420983999967575073e-02
4.189210385084152222e-02
-4.068012163043022156e-02
3.046771697700023651e-02
3.026464395225048065e-02
-4.759253934025764465e-02
-3.598961979150772095e-02
-1.450095139443874359e-02
2.837327308952808380e-02
4.198231734335422516e-03
3.104161471128463745e-02
4.167300835251808167e-02
3.045801632106304169e-02
5.797943845391273499e-02
5.923967063426971436e-02
1.586189866065979004e-02
1.723388209939002991e-02
-5.034265108406543732e-03
7.181542925536632538e-03
8.095475845038890839e-03
-1.817950233817100525e-02
-4.662752151489257812e-02
5.456615705043077469e-03
-4.700620193034410477e-03
6.669797003269195557e-02
7.603418081998825073e-02
3.449245542287826538e-02
4.264649376273155212e-02
6.403896212577819824e-02
1.178043894469738007e-03
1.425816118717193604e-02
5.780478566884994507e-02
-6.026364862918853760e-03
-1.183930085971951485e-03
1.332514826208353043e-02
2.907606214284896851e-02
-3.616539016366004944e-02
-1.081956829875707626e-02
5.790740251541137695e-02
-4.304012283682823181e-02
-1.542237866669893265e-02
3.616004809737205505e-02
-2.774579823017120361e-02
9.528221562504768372e-03
2.147530578076839447e-02
-1.580809243023395538e-02
2.838790975511074066e-02
2.651099488139152527e-02
3.495871787890791893e-04
-8.220384828746318817e-03
4.403091967105865479e-02
-2.733137458562850952e-02
3.670720383524894714e-02
5.433760583400726318e-02
-1.862629130482673645e-02
2.518544159829616547e-02
1.021743193268775940e-01
-6.223566830158233643e-03
5.507609620690345764e-02
9.264113754034042358e-02
-4.445960372686386108e-02
-4.720040783286094666e-02
-1.692205294966697693e-02
-1.472354982979595661e-03
-4.415876697748899460e-03
5.222745612263679504e-02
8.769949898123741150e-03
5.259475857019424438e-02
2.917088195681571960e-02
7.209175731986761093e-03
-2.967996755614876747e-03
2.410758286714553833e-02
1.556132733821868896e-02
6.038284394890069962e-03
3.274461999535560608e-02
9.892516769468784332e-03
3.048818185925483704e-02
3.867250308394432068e-02
-2.269788272678852081e-02
-2.105931751430034637e-02
-2.995804883539676666e-02
-1.308326795697212219e-02
-4.593096673488616943e-02
-5.039254575967788696e-02
-4.949134588241577148e-02
-8.005878329277038574e-02
-8.391986787319183350e-02
3.157134726643562317e-02
2.894623391330242157e-02
4.070232808589935303e-02
4.324934631586074829e-02
5.286666098982095718e-03
2.288715355098247528e-02
5.190930888056755066e-02
3.682308271527290344e-02
2.913439832627773285e-02
-1.473186258226633072e-02
-3.237473219633102417e-02
8.025512797757983208e-04
-2.675174921751022339e-02
-3.212198987603187561e-02
-3.919290378689765930e-03
-5.294682458043098450e-02
-4.063897207379341125e-02
1.185752451419830322e-02
1.650164276361465454e-02
6.224692240357398987e-02
4.819794744253158569e-02
2.242435328662395477e-02
5.364189669489860535e-02
6.183626875281333923e-02
1.055526454001665115e-02
5.021697655320167542e-02
6.618652492761611938e-02
-7.176480442285537720e-02
-4.283549636602401733e-02
2.491859020665287971e-03
-2.142888121306896210e-02
-6.448169238865375519e-03
4.092735052108764648e-02
-2.705508144572377205e-03
7.509741932153701782e-02
8.307637274265289307e-02
4.752251785248517990e-03
-2.057556807994842529e-02
-4.334513843059539795e-02
-1.941020973026752472e-02
-3.043677099049091339e-02
-3.185627982020378113e-02
-2.521847933530807495e-02
-2.427390404045581818e-02
-3.132684156298637390e-02
1.833502948284149170e-02
2.726161666214466095e-02
1.022430695593357086e-02
2.776582725346088409e-02
-7.008391898125410080e-03
3.657850995659828186e-02
1.313789747655391693e-03
2.104529738426208496e-02
2.586172521114349365e-02
2.412880212068557739e-02
-5.056338757276535034e-02
-3.347411006689071655e-02
-1.979444921016693115e-02
-5.617892742156982422e-02
-1.463762111961841583e-02
-1.441033557057380676e-02
-1.563362404704093933e-02
2.790813893079757690e-02
-7.873590104281902313e-03
-2.105198986828327179e-02
-2.618181891739368439e-02
7.812532130628824234e-04
1.687615737318992615e-02
-3.081331588327884674e-02
5.367868114262819290e-03
5.160522647202014923e-03
-1.622468978166580200e-02
1.525825634598731995e-02
-1.025927369482815266e-03
-6.054648384451866150e-02
1.852704957127571106e-02
1.566215604543685913e-02
-4.008975625038146973e-02
-2.279729582369327545e-02
-3.429843857884407043e-02
-7.112362235784530640e-02
-2.272835746407508850e-02
-8.598631247878074646e-03
-1.545487251132726669e-02
-1.933466829359531403e-02
-3.025069646537303925e-02
-1.042866148054599762e-02
-2.739852294325828552e-02
-1.355651672929525375e-02
-3.082801029086112976e-02
8.305875584483146667e-03
-4.882210493087768555e-02
-8.825434744358062744e-02
-1.604600925929844379e-03
-6.343987584114074707e-02
-4.901023954153060913e-02
-2.452716045081615448e-02
-4.057900235056877136e-02
-4.154266044497489929e-02
1.313083991408348083e-02
-1.855052635073661804e-02
-4.603908583521842957e-02
-1.891338825225830078e-02
-2.190609276294708252e-02
-1.236865296959877014e-02
-5.144228227436542511e-03
-2.852521603927016258e-03
1.209504716098308563e-02
-4.264082014560699463e-02
-2.040676772594451904e-02
-2.938673133030533791e-03
-3.394657745957374573e-03
-7.904280209913849831e-04
4.348913580179214478e-02
4.451607167720794678e-02
2.970780059695243835e-02
4.233785346150398254e-02
1.445686724036931992e-02
9.214290184900164604e-04
-5.148099735379219055e-02
-1.582849584519863129e-02
3.275566734373569489e-03
-3.301886841654777527e-02
1.489360071718692780e-02
3.642711415886878967e-02
-7.543731480836868286e-03
-1.316888164728879929e-02
-1.800504699349403381e-02
3.640286251902580261e-02
-1.012814324349164963e-02
1.203746814280748367e-02
5.236462503671646118e-02
1.088548824191093445e-02
1.168358046561479568e-02
1.514281518757343292e-02
-2.726808004081249237e-02
-5.400250479578971863e-02
-5.023437738418579102e-02
-5.580954253673553467e-02
-7.433910667896270752e-02
-3.444918990135192871e-02
-5.066272988915443420e-02
-2.427788451313972473e-02
3.176714992150664330e-03
1.306054648011922836e-02
1.478869281709194183e-02
-5.260888114571571350e-02
5.528112500905990601e-02
1.999992318451404572e-02
-3.960694000124931335e-02
3.091476857662200928e-02
6.372387986630201340e-03
-5.299001932144165039e-02
4.304165951907634735e-03
5.057825520634651184e-02
7.176142930984497070e-02
3.512940555810928345e-02
3.265563398599624634e-02
5.589248612523078918e-02
-3.587726037949323654e-03
-4.864097759127616882e-02
-1.078638061881065369e-02
-9.428833611309528351e-03
-2.346824854612350464e-02
-2.289737574756145477e-02
-2.669975906610488892e-02
1.813909411430358887e-02
-1.520113553851842880e-02
1.181541103869676590e-02
2.911395276896655560e-04
-2.262961491942405701e-02
9.754283353686332703e-03
1.388979237526655197e-02
-1.129481103271245956e-02
-2.584689937066286802e-04
-3.135544480755925179e-03
-2.892824634909629822e-02
-2.989402599632740021e-02
-3.318105265498161316e-02
-5.877318978309631348e-02
4.344441462308168411e-03
-1.283883489668369293e-02
-1.199533324688673019e-02
-2.187758916988968849e-03
-5.773210898041725159e-03
-2.135276608169078827e-02
-9.355615824460983276e-03
-6.645448040217161179e-03
-3.087407909333705902e-02
-1.136974152177572250e-02
2.524794079363346100e-02
3.805549442768096924e-02
3.373799100518226624e-02
4.114489629864692688e-02
2.595810033380985260e-02
1.095110476016998291e-01
7.036276906728744507e-02
-2.249752357602119446e-02
-3.297986090183258057e-02
-5.629783868789672852e-02
-4.292539320886135101e-03
2.334855124354362488e-02
1.977507025003433228e-02
8.081418275833129883e-02
3.670499846339225769e-02
7.640457153320312500e-02
8.543039858341217041e-02
2.729336032643914223e-03
1.700827479362487793e-02
1.037908531725406647e-02
3.266469109803438187e-03
4.534836392849683762e-03
3.500111773610115051e-02
-7.503143977373838425e-03
8.483151905238628387e-03
2.017764933407306671e-02
-3.248632699251174927e-02
3.464522771537303925e-03
-3.257222473621368408e-03
-2.084628865122795105e-02
-1.316970959305763245e-02
1.166396192274987698e-03
3.836196288466453552e-02
2.563502825796604156e-02
-1.449596323072910309e-02
-2.525333687663078308e-02
-6.545871496200561523e-02
-5.555016174912452698e-02
-5.196765810251235962e-02
-6.070017442107200623e-02
-6.798286736011505127e-02
-7.159455120563507080e-02
-6.058963388204574585e-02
-1.581586711108684540e-02
-4.302878864109516144e-03
4.793398547917604446e-03
2.146444842219352722e-02
3.654191642999649048e-02
3.371647745370864868e-02
2.508779615163803101e-02
4.730559512972831726e-02
4.585042223334312439e-02
3.030548244714736938e-02
1.711595617234706879e-02
-2.727916464209556580e-02
-4.480938985943794250e-02
2.070488641038537025e-03
-4.604799300432205200e-02
-7.136411964893341064e-02
-4.157488048076629639e-02
-5.656183511018753052e-02
-4.825691878795623779e-02
4.442312568426132202e-02
6.895615160465240479e-02
9.175154566764831543e-02
7.688409835100173950e-02
8.706148713827133179e-02
9.796838462352752686e-02
5.655546113848686218e-02
7.104887813329696655e-02
7.238737493753433228e-02
-8.269620127975940704e-03
-3.792933002114295959e-02
-3.161666169762611389e-02
-4.890432581305503845e-03
-2.741339243948459625e-02
-3.562844824045896530e-03
1.520415022969245911e-02
-1.301689073443412781e-02
1.741972193121910095e-02
-7.919230498373508453e-03
-3.008607402443885803e-02
-1.883481629192829132e-02
-2.917278371751308441e-02
-3.877639397978782654e-02
-5.969469621777534485e-02
-1.037274766713380814e-02
-3.472949191927909851e-02
-3.926615417003631592e-02
-2.570149675011634827e-02
-4.213091358542442322e-02
-3.267365321516990662e-02
-6.501436233520507812e-02
-5.459767952561378479e-02
-6.936894357204437256e-02
-2.696893364191055298e-02
-4.637059569358825684e-02
-2.036914788186550140e-02
-2.312770579010248184e-03
4.336461424827575684e-02
5.275059118866920471e-02
1.333604304818436503e-04
3.832261264324188232e-02
5.147750303149223328e-02
4.598502442240715027e-02
8.039023727178573608e-02
6.019815430045127869e-02
-5.776490271091461182e-02
-3.470482304692268372e-02
-1.630525290966033936e-02
-1.538955792784690857e-02
-1.753592491149902344e-02
5.134492530487477779e-04
-1.755533926188945770e-02
1.051755622029304504e-02
4.954117164015769958e-02
2.664606273174285889e-02
4.953208938241004944e-02
7.802841812372207642e-02
2.182017080485820770e-02
3.560668230056762695e-02
6.833609938621520996e-02
-1.433405280113220215e-02
5.379246547818183899e-03
2.125689759850502014e-02
-2.486704383045434952e-03
-2.151478826999664307e-02
1.947469636797904968e-02
-2.429782971739768982e-02
-2.783912234008312225e-02
3.023946192115545273e-03
-3.374928608536720276e-02
1.394041581079363823e-03
-8.525185286998748779e-03
2.302839886397123337e-03
-1.736940629780292511e-02
-1.913224346935749054e-02
-3.011694364249706268e-02
-3.450420871376991272e-02
-2.668917551636695862e-02
-3.609372675418853760e-02
-2.871389314532279968e-02
-4.655159544199705124e-03
-1.053080428391695023e-02
-1.973066851496696472e-02
-5.936199333518743515e-03
-3.152177110314369202e-02
-8.361972868442535400e-03
-2.556595206260681152e-02
-4.402577877044677734e-03
1.511848252266645432e-02
-1.037887949496507645e-02
5.286277085542678833e-02
7.276221364736557007e-02
8.192776143550872803e-02
3.072055615484714508e-02
3.920612111687660217e-02
6.341251730918884277e-02
1.388771925121545792e-03
2.458262816071510315e-02
1.403301581740379333e-02
-6.684571504592895508e-02
-7.831019163131713867e-02
-6.178977712988853455e-02
-8.981490880250930786e-02
-7.804746925830841064e-02
-7.393483072519302368e-02
-7.549619674682617188e-02
-8.709140121936798096e-02
-6.559254974126815796e-02
6.284474395215511322e-03
9.223589440807700157e-04
-3.043436817824840546e-02
3.921601455658674240e-03
-8.456071838736534119e-03
-1.879850029945373535e-02
9.886220097541809082e-03
9.248804301023483276e-03
-1.560881454497575760e-02
-1.512120570987462997e-02
1.696148701012134552e-02
3.394571691751480103e-02
2.690847322810441256e-04
-2.904004789888858795e-02
2.938911691308021545e-02
1.591907441616058350e-02
-9.173993603326380253e-04
4.250803962349891663e-02
-2.469040639698505402e-02
-3.959079086780548096e-02
-4.522507265210151672e-02
-6.601867824792861938e-02
-4.842329025268554688e-02
-4.476665705442428589e-02
-6.520412117242813110e-02
-5.287335440516471863e-02
-2.558725886046886444e-02
3.098303638398647308e-02
2.444768138229846954e-02
5.757832899689674377e-02
3.419246152043342590e-02
4.307160899043083191e-02
2.299995906651020050e-02
-3.889578953385353088e-02
-3.493115678429603577e-02
-3.625763207674026489e-02
-3.676568344235420227e-02
-4.695275332778692245e-03
2.692520618438720703e-02
9.869068861007690430e-03
6.115627288818359375e-02
8.722542971372604370e-02
5.839630216360092163e-02
9.729441255331039429e-02
1.126562058925628662e-01
1.126090809702873230e-02
4.405098035931587219e-02
2.415151335299015045e-03
1.556910201907157898e-02
3.158897906541824341e-02
3.121036849915981293e-02
3.852822259068489075e-02
4.083418846130371094e-02
4.011672362685203552e-02
2.253332361578941345e-02
-1.323169562965631485e-02
7.428623735904693604e-03
2.288544736802577972e-02
1.954202167689800262e-02
1.519421301782131195e-02
3.585954010486602783e-02
7.343901786953210831e-03
2.433316083624958992e-03
4.932159557938575745e-03
-1.952880807220935822e-02
-2.791519090533256531e-02
-2.209344692528247833e-02
-2.360740676522254944e-02
1.126598799601197243e-03
-2.689685672521591187e-02
4.025756567716598511e-02
4.174654185771942139e-02
-1.920633949339389801e-02
-3.342686966061592102e-02
-4.988775774836540222e-02
-3.216521814465522766e-02
-1.730345934629440308e-02
-5.052052438259124756e-02
-3.099219501018524170e-02
-2.738628350198268890e-02
-2.937498688697814941e-02
2.835990302264690399e-02
4.115695506334304810e-02
3.715723380446434021e-02
4.185156151652336121e-02
4.518979415297508240e-02
8.068757504224777222e-02
3.753782063722610474e-02
3.878474235534667969e-02
6.174139305949211121e-02
3.395375981926918030e-02
1.745767332613468170e-02
-5.648539867252111435e-03
3.937109932303428650e-02
1.872924156486988068e-02
2.290638349950313568e-02
1.139491982758045197e-02
3.648435696959495544e-02
5.487401969730854034e-03
6.136347074061632156e-03
-2.349420916289091110e-03
-8.814262226223945618e-03
4.107820242643356323e-02
3.613021597266197205e-02
2.733298763632774353e-02
6.517203152179718018e-02
3.593541309237480164e-02
2.914877608418464661e-02
1.725519821047782898e-02
4.276502877473831177e-02
7.596024777740240097e-03
1.970984414219856262e-02
1.183494925498962402e-02
-6.222578231245279312e-03
2.385074086487293243e-02
5.740066990256309509e-02
2.278992347419261932e-02
-6.047349795699119568e-02
-6.273801624774932861e-02
-2.389409393072128296e-02
-2.392103709280490875e-02
-3.232046589255332947e-02
-5.057252570986747742e-02
1.662447489798069000e-02
-3.256421536207199097e-02
-4.976078867912292480e-02
-7.027532160282135010e-02
-5.775692313909530640e-02
-5.296318233013153076e-02
-5.257157236337661743e-02
-3.157177940011024475e-02
-1.666003279387950897e-02
-1.248043868690729141e-02
7.906822487711906433e-03
-1.433518715202808380e-02
5.077362060546875000e-03
3.202782571315765381e-02
1.466390583664178848e-02
7.512941956520080566e-04
-8.225396275520324707e-03
1.471661869436502457e-02
-5.076636373996734619e-02
-4.249269515275955200e-02
-4.258563369512557983e-02
-3.036731295287609100e-02
-1.346144080162048340e-02
-1.286924909800291061e-02
-1.334235351532697678e-02
2.056682482361793518e-03
9.268661960959434509e-03
-2.471146406605839729e-03
-1.040403172373771667e-02
-1.372314430773258209e-02
-2.243588678538799286e-02
-1.552435196936130524e-02
-1.096232794225215912e-03
-4.516215994954109192e-02
-2.948266826570034027e-02
3.795125707983970642e-02
-6.029089167714118958e-02
-2.215372212231159210e-02
3.685873746871948242e-02
-1.079950388520956039e-02
-5.652318242937326431e-03
1.002687215805053711e-02
-2.706974186003208160e-02
1.136887632310390472e-02
-1.239047572016716003e-02
-7.663116324692964554e-03
2.441610954701900482e-02
1.374359335750341415e-02
1.853094063699245453e-02
2.476807683706283569e-02
4.097572714090347290e-02
6.210540607571601868e-02
1.902794092893600464e-02
4.367922618985176086e-02
4.928220435976982117e-02
4.629566147923469543e-02
4.062910005450248718e-02
2.700657397508621216e-02
1.298150792717933655e-02
-1.256097480654716492e-02
1.968546211719512939e-02
-1.869364641606807709e-02
-6.056319456547498703e-03
-2.816428057849407196e-02
-4.874397441744804382e-02
-3.550151363015174866e-02
-5.268629174679517746e-03
-2.497815340757369995e-02
-2.229400537908077240e-02
-2.685445174574851990e-02
-3.622584417462348938e-02
-4.931670054793357849e-02
3.851094981655478477e-03
-2.845600992441177368e-02
1.947877579368650913e-03
-2.401829883456230164e-02
2.547563612461090088e-02
2.385151945054531097e-02
-3.431616351008415222e-02
-1.000512274913489819e-03
2.394271269440650940e-02
-3.722087666392326355e-02
-9.474418126046657562e-03
3.814846277236938477e-02
-3.625424206256866455e-02
-6.071444228291511536e-02
-1.955899968743324280e-02
-6.162934005260467529e-02
-4.846777394413948059e-02
-6.231451034545898438e-02
-5.001294985413551331e-02
-6.246744841337203979e-02
-5.743805319070816040e-02
1.366611104458570480e-02
3.948624059557914734e-02
6.279686465859413147e-03
4.032697528600692749e-02
4.657823964953422546e-02
1.928293891251087189e-02
-2.794058760628104210e-03
2.390259504318237305e-02
1.939288899302482605e-02
-2.952132606878876686e-03
2.904741093516349792e-02
4.266137722879648209e-03
9.238443337380886078e-03
3.683201968669891357e-03
4.045495763421058655e-02
1.343423873186111450e-02
2.578472718596458435e-02
1.390722393989562988e-02
1.883633434772491455e-02
1.134990830905735493e-03
-8.178810589015483856e-03
2.552136965095996857e-02
-2.833836711943149567e-02
-5.922577902674674988e-02
3.897423297166824341e-02
-3.610616177320480347e-02
-4.895989969372749329e-02
4.047967493534088135e-02
3.844585269689559937e-02
5.986316129565238953e-02
3.226685151457786560e-02
6.931244581937789917e-02
7.847859710454940796e-02
-2.397470548748970032e-02
3.978026285767555237e-02
6.949388235807418823e-02
6.848559528589248657e-02
6.458500772714614868e-02
3.107540495693683624e-02
1.003974378108978271e-01
5.596842616796493530e-02
-1.639111340045928955e-02
8.483326435089111328e-02
2.173385955393314362e-02
-4.562781006097793579e-02
-3.453520685434341431e-02
-3.592816367745399475e-02
-8.036786690354347229e-03
-2.172765135765075684e-02
9.106515906751155853e-03
-1.070265541784465313e-03
-1.979547552764415741e-02
-1.324912136624334380e-05
1.124405115842819214e-02
-6.965867709368467331e-03
3.069824539124965668e-03
2.458170289173722267e-03
-6.753565277904272079e-03
9.353597648441791534e-03
-7.352668326348066330e-04
1.269869506359100342e-03
-3.020948357880115509e-02
-1.136757247149944305e-02
-6.871297955513000488e-02
-4.690568021032959223e-04
5.204431340098381042e-02
-4.743510112166404724e-02
-1.497424300760030746e-02
2.039069682359695435e-02
5.227712448686361313e-03
-7.409280166029930115e-03
1.143576111644506454e-02
-8.427400141954421997e-02
-5.504043772816658020e-02
-1.596464402973651886e-02
-7.190950959920883179e-02
-3.954628482460975647e-02
-9.068801067769527435e-03
-4.202404245734214783e-02
-5.442615598440170288e-02
-3.197759762406349182e-02
1.993453502655029297e-02
6.065052747726440430e-02
-1.778115332126617432e-02
7.697971165180206299e-02
4.679004102945327759e-02
-7.892371504567563534e-04
1.085471361875534058e-02
3.047237917780876160e-02
4.243944957852363586e-02
-8.394306525588035583e-03
-1.476518996059894562e-02
-1.446275319904088974e-02
-8.705559186637401581e-03
-2.622652612626552582e-02
-6.100468337535858154e-02
4.670357331633567810e-03
-2.933636866509914398e-02
-2.964530512690544128e-02
-1.910668425261974335e-02
1.891712658107280731e-02
-1.654527266509830952e-03
-2.122109942138195038e-02
-7.819808088243007660e-03
-2.397564426064491272e-02
1.841954304836690426e-03
2.118119783699512482e-02
1.022286829538643360e-03
1.132850348949432373e-02
1.104685477912425995e-03
6.733026821166276932e-04
5.827700253576040268e-03
2.381812082603573799e-03
-1.042145863175392151e-02
-3.457171842455863953e-02
-3.535573184490203857e-02
-2.519400417804718018e-02
-1.704698801040649414e-02
-4.102916643023490906e-02
-4.552831873297691345e-02
-1.438881177455186844e-02
-5.533676967024803162e-02
-8.606161177158355713e-02
-2.215335145592689514e-02
-3.784452378749847412e-02
-4.474147409200668335e-02
-8.726962842047214508e-03
1.717653125524520874e-02
2.081855200231075287e-02
-1.357344258576631546e-02
1.756120286881923676e-02
8.639299310743808746e-03
-3.268124163150787354e-02
-5.970335099846124649e-03
-2.048975788056850433e-02
-3.639092668890953064e-02
7.719810120761394501e-03
1.704325154423713684e-02
-5.889480188488960266e-02
-1.731916889548301697e-02
-2.718526683747768402e-02
-6.284734606742858887e-02
-4.034917056560516357e-02
-2.509919740259647369e-02
1.784556359052658081e-02
-2.168724499642848969e-02
-4.967003688216209412e-02
2.700211293995380402e-02
-3.748626634478569031e-02
-5.835065990686416626e-02
-3.674492472782731056e-03
-3.179663419723510742e-02
-5.584529787302017212e-02
6.888978183269500732e-02
1.127111352980136871e-02
-7.110299170017242432e-02
5.352592840790748596e-02
-1.683601061813533306e-03
-5.834445729851722717e-02
8.174800314009189606e-03
-3.183019533753395081e-02
-7.091779261827468872e-02
-4.635467194020748138e-03
-3.265341045334935188e-03
-4.479451477527618408e-02
2.714243717491626740e-02
2.539978548884391785e-02
-3.729005157947540283e-02
2.509920485317707062e-02
2.341900579631328583e-02
2.640423830598592758e-03
4.511989653110504150e-02
3.081233240664005280e-02
2.232053503394126892e-02
1.939984783530235291e-02
8.877562358975410461e-03
-4.417619667947292328e-03
1.765375211834907532e-02
2.189028449356555939e-02
-1.134586241096258163e-02
1.592006161808967590e-02
3.239798173308372498e-02
1.896888390183448792e-02
7.490371912717819214e-02
7.826665043830871582e-02
4.011699929833412170e-02
4.339724406599998474e-02
1.085878834128379822e-01
6.311064958572387695e-02
-3.742146864533424377e-02
-7.993125170469284058e-02
-6.798057258129119873e-02
-3.564528003334999084e-02
-6.645275652408599854e-02
-9.135284274816513062e-02
-4.887201264500617981e-02
-5.158670619130134583e-02
-4.334424436092376709e-02
-7.259456906467676163e-03
2.072200551629066467e-02
-5.291261244565248489e-03
-2.388130378676578403e-04
2.224589884281158447e-02
4.845039919018745422e-02
-6.020316481590270996e-02
2.843899466097354889e-02
2.596138603985309601e-02
-1.341396826319396496e-03
-1.993428729474544525e-02
-3.697799518704414368e-02
1.981537230312824249e-02
-7.810309994965791702e-03
-4.157003760337829590e-02
1.017746701836585999e-02
-1.968155615031719208e-02
-4.528182372450828552e-02
2.842159476131200790e-03
-4.809303581714630127e-02
-6.075337901711463928e-02
1.928222738206386566e-02
-2.096318267285823822e-02
-2.081437781453132629e-02
1.832288922742009163e-03
1.192980725318193436e-02
3.959122672677040100e-02
-4.315746016800403595e-03
3.303289413452148438e-02
1.426983624696731567e-02
-1.670530997216701508e-02
4.372133873403072357e-03
-2.055328525602817535e-02
-1.534960232675075531e-02
-1.242386829107999802e-02
-1.696846075356006622e-02
-3.548537194728851318e-02
1.551564899273216724e-03
1.432632375508546829e-02
-1.144105754792690277e-02
2.915544249117374420e-02
8.225200697779655457e-03
-4.701951052993535995e-03
-2.329896669834852219e-03
-1.294295489788055420e-02
-7.247797399759292603e-02
-7.088499609380960464e-03
1.681792549788951874e-02
-2.381793968379497528e-02
1.070758886635303497e-02
3.851706534624099731e-02
1.922994293272495270e-02
5.007398501038551331e-02
4.939446970820426941e-02
5.864624399691820145e-03
1.101954840123653412e-03
-1.092546619474887848e-02
3.481004759669303894e-02
5.175915430299937725e-04
-9.747942909598350525e-03
2.646449394524097443e-02
3.093756735324859619e-02
1.350508444011211395e-02
1.146402023732662201e-02
2.276238426566123962e-02
7.889245636761188507e-03
5.649852007627487183e-02
7.220993936061859131e-02
6.646078079938888550e-02
4.379229620099067688e-02
9.200038015842437744e-02
6.599694490432739258e-02
-8.873542770743370056e-03
-2.684454247355461121e-02
-6.241672113537788391e-02
2.198225073516368866e-02
4.394322633743286133e-02
3.610235825181007385e-02
4.455655068159103394e-02
9.249643981456756592e-02
8.310222625732421875e-02
-2.569057419896125793e-02
-1.373215112835168839e-02
-3.317458031233400106e-04
-4.938440024852752686e-02
-4.634639620780944824e-02
-5.339380726218223572e-02
-4.508263245224952698e-02
-3.924895823001861572e-02
-2.138062380254268646e-02
5.117908120155334473e-03
1.431169360876083374e-02
-1.818225719034671783e-02
4.404847696423530579e-02
4.909204435534775257e-04
-1.594444736838340759e-02
2.442609984427690506e-04
2.764397673308849335e-02
2.900100871920585632e-02
-2.966817095875740051e-02
-3.067770041525363922e-02
-1.331786625087261200e-02
3.258104249835014343e-02
-7.775110192596912384e-03
1.609772630035877228e-02
3.674875199794769287e-02
5.472834408283233643e-02
2.596224285662174225e-02
-5.176461488008499146e-02
-4.584997892379760742e-02
-2.609359286725521088e-02
-1.698109135031700134e-02
-2.174249105155467987e-02
-3.314325585961341858e-02
-4.093999788165092468e-02
-5.497223511338233948e-02
-5.925173312425613403e-02
-1.026105042546987534e-02
-9.928426705300807953e-03
4.602391645312309265e-02
-1.357154641300439835e-02
-1.149184443056583405e-02
-1.535995677113533020e-02
5.884760059416294098e-03
-2.957335673272609711e-03
-3.719259053468704224e-02
-9.730720892548561096e-03
-2.712731435894966125e-02
-3.074928000569343567e-02
-2.144731208682060242e-02
-6.290927063673734665e-03
-3.941701725125312805e-04
-2.581223088782280684e-04
1.530680805444717407e-02
1.694153808057308197e-02
-4.164352267980575562e-02
-4.085363447666168213e-02
-1.611442491412162781e-02
-2.508821897208690643e-02
-8.823816664516925812e-03
1.518261525779962540e-02
-1.216823421418666840e-02
-2.866108156740665436e-02
2.378060482442378998e-02
-2.799537777900695801e-02
1.516498508863151073e-03
-1.305441278964281082e-02
1.835845969617366791e-02
2.277013659477233887e-02
5.131271854043006897e-02
4.072960093617439270e-02
1.030590385198593140e-01
8.671315014362335205e-02
-5.110892280936241150e-02
-4.746613278985023499e-02
-6.084651499986648560e-02
-1.809614896774291992e-02
-1.905428059399127960e-02
-1.398313697427511215e-02
4.363714531064033508e-02
6.012632697820663452e-02
7.625649124383926392e-02
-1.956357061862945557e-02
-4.401281848549842834e-02
-4.124639928340911865e-02
-1.531901769340038300e-02
-2.832665294408798218e-02
-2.389931865036487579e-02
7.568511366844177246e-02
9.153149276971817017e-02
6.905306875705718994e-02
4.910935088992118835e-02
2.535336278378963470e-02
3.192374110221862793e-02
2.843757160007953644e-02
2.236039564013481140e-02
2.266226150095462799e-02
-2.057622559368610382e-02
6.752111949026584625e-03
-5.672899074852466583e-03
4.805970937013626099e-02
2.401870116591453552e-02
1.503146998584270477e-02
3.090644441545009613e-02
5.145821347832679749e-02
1.051437295973300934e-02
-3.568092733621597290e-02
-8.433538489043712616e-03
-2.545683458447456360e-02
-8.308269083499908447e-03
-1.740734279155731201e-02
-5.599606316536664963e-03
1.682082377374172211e-02
3.221498057246208191e-02
1.357549335807561874e-02
4.251521453261375427e-02
5.404489114880561829e-02
4.799886047840118408e-02
-9.601259604096412659e-03
2.504257485270500183e-02
-7.701075519435107708e-04
-2.502773655578494072e-03
6.663813255727291107e-03
7.860867306590080261e-03
-3.958223015069961548e-02
-6.022765487432479858e-02
-1.222423836588859558e-02
1.675040647387504578e-02
2.355488203465938568e-02
1.045248936861753464e-02
3.125148266553878784e-02
3.423851355910301208e-02
3.076628036797046661e-02
-2.417957410216331482e-02
-3.733561933040618896e-02
-4.904650524258613586e-02
-4.045153036713600159e-02
-8.699260652065277100e-03
-4.721474274992942810e-02
-8.244406431913375854e-02
-4.880785569548606873e-02
-4.572288691997528076e-02
-3.290680795907974243e-02
2.458118135109543800e-03
3.471978008747100830e-02
-1.847789809107780457e-02
-2.940404973924160004e-02
-6.585466675460338593e-03
-5.774809047579765320e-02
-3.893502429127693176e-02
-3.937315568327903748e-02
9.593028575181961060e-03
-2.811463363468647003e-02
-6.144265085458755493e-02
2.860784716904163361e-02
5.758256092667579651e-02
4.947265982627868652e-02
3.955209255218505859e-02
3.178613260388374329e-02
4.907974228262901306e-02
-3.359529376029968262e-02
-5.383794382214546204e-02
-3.208626434206962585e-02
4.385177418589591980e-02
2.978673577308654785e-02
6.290834862738847733e-03
3.911596536636352539e-02
2.543694572523236275e-03
1.531274337321519852e-02
-1.951694302260875702e-02
-4.355277866125106812e-02
-3.604473173618316650e-02
3.320960327982902527e-02
4.667669162154197693e-02
1.392998360097408295e-02
3.577498719096183777e-02
4.618633165955543518e-02
4.439165443181991577e-02
6.175718270242214203e-03
5.102885887026786804e-02
2.058568224310874939e-02
-1.147948484867811203e-02
-9.750116616487503052e-03
-2.733117341995239258e-02
3.219186142086982727e-02
2.640285156667232513e-02
1.188795641064643860e-02
1.316108275204896927e-03
-8.766449056565761566e-03
-5.646225064992904663e-03
3.022781806066632271e-03
3.737156838178634644e-02
3.088936954736709595e-02
1.060866285115480423e-02
5.885314568877220154e-02
8.786565065383911133e-02
-4.197110887616872787e-03
2.836105227470397949e-02
3.711701929569244385e-02
-2.132216235622763634e-03
3.778652474284172058e-02
6.334044784307479858e-02
-1.654803566634654999e-02
1.032378990203142166e-02
5.347157362848520279e-03
-5.348346009850502014e-02
-8.177332580089569092e-02
-4.116078838706016541e-02
-4.241317510604858398e-02
-4.623082652688026428e-02
-4.037863761186599731e-02
-6.962047517299652100e-02
-6.987813115119934082e-02
-5.137709900736808777e-02
-4.375928640365600586e-02
-1.900259591639041901e-02
-4.702987615019083023e-03
1.679362962022423744e-03
-4.550161771476268768e-03
-1.019006222486495972e-02
-1.286825351417064667e-02
-2.155729383230209351e-02
-5.444442480802536011e-02
-3.370119957253336906e-04
-4.911023005843162537e-02
-6.389908492565155029e-02
1.019550208002328873e-02
4.170007258653640747e-02
-1.873063505627214909e-03
1.957844570279121399e-02
-3.513916395604610443e-03
-3.185853827744722366e-03
-2.896918915212154388e-03
-1.414503436535596848e-02
1.686921715736389160e-02
3.485387936234474182e-02
2.671537175774574280e-02
3.857509791851043701e-02
1.257158629596233368e-02
3.623700886964797974e-02
4.271482676267623901e-02
-1.809569634497165680e-02
-1.459629274904727936e-03
5.154064856469631195e-04
-2.567006088793277740e-02
-2.554568462073802948e-02
-3.089049272239208221e-02
-1.351563353091478348e-02
-2.468943968415260315e-02
-3.604146838188171387e-02
-1.928547024726867676e-02
-3.782304376363754272e-02
4.116348573006689548e-04
-2.079241443425416946e-03
-1.176800392568111420e-02
-3.921851515769958496e-02
2.663847990334033966e-02
2.941647311672568321e-03
-3.782363608479499817e-02
3.360706195235252380e-02
-1.483539026230573654e-02
-4.711624979972839355e-02
-1.028072647750377655e-02
3.561394661664962769e-02
-6.401530466973781586e-03
5.102549120783805847e-02
4.597180709242820740e-02
2.482747286558151245e-02
1.026292052119970322e-02
-7.279100827872753143e-03
-1.677351072430610657e-02
2.192831970751285553e-02
4.648396372795104980e-02
2.786307968199253082e-02
7.940296828746795654e-02
8.047713339328765869e-02
5.391993001103401184e-02
2.334488183259963989e-02
3.569259867072105408e-02
7.575594633817672729e-02
-5.398117471486330032e-03
-2.192884311079978943e-02
-7.280881702899932861e-02
1.576171629130840302e-02
3.000993840396404266e-02
-3.411711007356643677e-02
4.575615376234054565e-02
2.653804421424865723e-02
-1.307416334748268127e-02
-2.326528914272785187e-02
4.579590167850255966e-03
1.401691511273384094e-02
5.600160220637917519e-04
1.958732679486274719e-02
2.300696820020675659e-02
-3.771231323480606079e-02
-3.368306532502174377e-02
-1.781070977449417114e-02
-7.290919311344623566e-03
-1.934341341257095337e-02
-6.732015311717987061e-02
3.249380737543106079e-02
3.023085370659828186e-02
-1.077071856707334518e-02
4.964427649974822998e-02
3.991969302296638489e-02
3.631816059350967407e-02
-3.315820172429084778e-02
-3.251018375158309937e-02
-2.217556163668632507e-02
-3.619925305247306824e-02
-1.799902506172657013e-02
-4.133918788284063339e-03
-1.383527647703886032e-02
-1.226151641458272934e-02
1.005717460066080093e-02
-2.629292756319046021e-02
-5.940883886069059372e-03
-7.020704448223114014e-03
-3.253960609436035156e-02
-2.641841396689414978e-02
-1.852988824248313904e-02
-2.601642720401287079e-02
-4.802633821964263916e-02
-4.645048081874847412e-02
4.240191355347633362e-02
3.986033424735069275e-02
1.244807499460875988e-03
6.887846440076828003e-02
7.167057693004608154e-02
-6.821958813816308975e-04
3.799724858254194260e-03
2.761556021869182587e-02
2.969951892737299204e-04
-1.130147557705640793e-02
2.082205750048160553e-02
3.287588944658637047e-03
8.301500231027603149e-03
4.057986661791801453e-02
6.668736226856708527e-03
2.751036547124385834e-02
1.099231764674186707e-01
6.922144442796707153e-02
-3.858934342861175537e-02
-9.056857787072658539e-03
-4.343343153595924377e-02
-4.569006152451038361e-03
1.050775591284036636e-02
-5.608857143670320511e-03
-9.424732998013496399e-03
-5.193558987230062485e-03
-6.871586665511131287e-03
-1.478883996605873108e-02
-1.729825139045715332e-02
-2.767225727438926697e-02
-3.847382962703704834e-02
-3.556920215487480164e-02
-2.206467650830745697e-02
-7.653767615556716919e-02
-6.351526081562042236e-02
-2.063088119029998779e-02
-3.899223729968070984e-02
-7.634947448968887329e-02
-6.755408644676208496e-02
-6.286180019378662109e-02
-6.661351770162582397e-02
-5.532759428024291992e-02
-5.276667326688766479e-02
-7.440082728862762451e-02
-5.686047673225402832e-02
-4.256977513432502747e-02
-1.154198125004768372e-02
-5.254173651337623596e-02
-4.751863703131675720e-02
-3.965521976351737976e-02
-3.219472244381904602e-02
-3.708367794752120972e-02
-3.214352577924728394e-02
9.801707230508327484e-03
2.947483398020267487e-02
4.978161305189132690e-02
5.025232583284378052e-02
3.372013568878173828e-02
5.713685229420661926e-02
8.135367929935455322e-02
-2.710495330393314362e-02
-1.195201650261878967e-02
4.163388162851333618e-02
2.539327368140220642e-03
5.441417917609214783e-03
9.691580198705196381e-03
9.914839640259742737e-03
-9.020646102726459503e-03
-2.690948173403739929e-02
3.331149462610483170e-03
-1.253169961273670197e-02
-2.309237048029899597e-02
-2.160933427512645721e-02
-4.345157369971275330e-02
-3.852457925677299500e-02
-2.374765463173389435e-02
-4.114598408341407776e-02
-4.074105620384216309e-02
-7.705454528331756592e-02
-6.270322948694229126e-02
-7.200413942337036133e-02
-6.972848437726497650e-03
1.775133609771728516e-02
4.901263117790222168e-02
-1.643766835331916809e-02
1.519055571407079697e-02
5.739869549870491028e-02
-4.574366286396980286e-02
-1.341727655380964279e-02
2.612286992371082306e-02
6.071581505239009857e-03
8.317847736179828644e-03
-2.053105458617210388e-02
1.264145970344543457e-02
-7.297778036445379257e-03
-1.519885566085577011e-02
2.779885008931159973e-02
-7.742919027805328369e-03
-1.171370875090360641e-02
-4.961673915386199951e-02
-3.936854749917984009e-02
-3.071513026952743530e-02
-4.658236354589462280e-02
-3.078415244817733765e-02
-2.189232967793941498e-02
-1.289675361476838589e-03
-1.016192603856325150e-02
-5.261548608541488647e-02
1.157709490507841110e-02
1.244333852082490921e-02
-3.834752365946769714e-03
1.717090606689453125e-02
2.009450457990169525e-02
1.169359404593706131e-02
-3.380590584129095078e-03
1.901856064796447754e-02
3.600589558482170105e-02
3.752756118774414062e-02
2.792469412088394165e-02
2.669681049883365631e-02
7.903725653886795044e-02
5.474757403135299683e-02
5.592841655015945435e-02
3.313785046339035034e-02
3.673840686678886414e-02
3.327143937349319458e-02
-2.000766992568969727e-02
5.868407897651195526e-03
1.363159716129302979e-02
-7.030633278191089630e-03
-1.023622415959835052e-02
1.635435037314891815e-02
2.378802560269832611e-02
4.541230946779251099e-02
5.099248513579368591e-02
2.036977559328079224e-02
7.909867167472839355e-02
3.068525157868862152e-02
3.075126931071281433e-02
5.134453997015953064e-02
-9.204685688018798828e-03
1.051604095846414566e-02
2.593098208308219910e-02
-3.842730447649955750e-02
-1.083513256162405014e-02
-6.914282590150833130e-02
-2.641847357153892517e-02
-1.161158457398414612e-02
-4.436717927455902100e-02
-3.908345848321914673e-02
-1.017561834305524826e-02
-5.283853784203529358e-02
-3.634008020162582397e-02
-4.062755405902862549e-02
-2.241838350892066956e-02
-2.573491819202899933e-02
1.757156476378440857e-02
-1.643954403698444366e-02
-9.751885198056697845e-03
2.221333794295787811e-02
2.631221525371074677e-02
1.160067319869995117e-02
-2.205882780253887177e-02
-8.990632370114326477e-03
-1.511185988783836365e-02
-4.056330770254135132e-02
-2.000205591320991516e-02
2.313112281262874603e-02
-1.077081076800823212e-02
4.938548430800437927e-02
5.549446120858192444e-02
-2.934536896646022797e-02
-7.339098956435918808e-03
3.328740969300270081e-02
-1.252272538840770721e-02
1.579630374908447266e-02
3.564591705799102783e-02
2.628805674612522125e-02
3.225217387080192566e-02
3.741880133748054504e-02
1.932502910494804382e-02
3.938192501664161682e-02
1.419462729245424271e-02
5.231645703315734863e-02
8.206046372652053833e-02
5.271409079432487488e-02
4.269323870539665222e-02
7.175675034523010254e-02
8.490324020385742188e-02
5.895461142063140869e-02
9.152010828256607056e-02
6.318732351064682007e-02
7.159330695867538452e-02
1.478980928659439087e-01
1.423498392105102539e-01
3.373676538467407227e-02
1.035125255584716797e-01
1.023158803582191467e-01
5.385891720652580261e-02
5.123512074351310730e-02
5.977131891995668411e-03
1.514017861336469650e-02
3.564296755939722061e-03
-1.549929566681385040e-02
8.438729681074619293e-03
-3.592540323734283447e-02
-4.685795307159423828e-02
-4.301856458187103271e-02
-3.752323612570762634e-02
2.182973362505435944e-02
-4.733135923743247986e-02
1.737176440656185150e-02
7.643351703882217407e-02
2.115955343469977379e-03
5.608484148979187012e-02
8.484484255313873291e-02
2.970952168107032776e-02
5.713539570569992065e-02
2.851176820695400238e-02
3.976973891258239746e-02
6.185114011168479919e-02
4.050099104642868042e-02
5.102805420756340027e-02
5.824517831206321716e-02
8.837881684303283691e-02
1.997058279812335968e-02
8.325459435582160950e-03
-5.206821952015161514e-03
2.226757444441318512e-02
2.326933294534683228e-02
3.741632401943206787e-02
-8.901476860046386719e-03
2.274924889206886292e-02
2.217998541891574860e-02
-6.908053532242774963e-03
-1.270811725407838821e-02
-1.469775289297103882e-02
-3.873436897993087769e-02
-4.670898243784904480e-02
-3.103753738105297089e-02
-3.533676639199256897e-02
-4.667573794722557068e-02
-1.469107531011104584e-02
7.254951633512973785e-03
-2.039720118045806885e-02
-2.570383623242378235e-02
1.731020770967006683e-02
-1.075013633817434311e-02
-2.061175182461738586e-02
-8.712076582014560699e-03
-2.519525587558746338e-02
8.487524464726448059e-04
-5.716446903534233570e-04
8.842004463076591492e-03
-6.421748548746109009e-03
2.888183481991291046e-02
1.621462218463420868e-02
1.311170775443315506e-02
4.960707575082778931e-02
2.772480621933937073e-02
2.881195954978466034e-02
3.382457792758941650e-02
2.655215747654438019e-02
4.510218277573585510e-02
2.971336804330348969e-02
5.244160071015357971e-02
6.731180101633071899e-02
7.046371698379516602e-02
1.057802587747573853e-01
1.088502109050750732e-01
-8.444915525615215302e-03
4.826459567993879318e-03
4.113453440368175507e-03
-3.486336674541234970e-03
-7.274301256984472275e-03
-2.099460922181606293e-02
4.316897131502628326e-03
3.738810308277606964e-03
-3.177463635802268982e-02
1.676763780415058136e-02
9.389688260853290558e-03
-2.399981021881103516e-02
-1.400926243513822556e-02
-2.139583416283130646e-02
-1.012332271784543991e-02
4.774252418428659439e-03
8.393554016947746277e-03
1.868624985218048096e-02
-3.736809012480080128e-04
-4.707214236259460449e-02
-3.946403041481971741e-02
-5.248619243502616882e-02
-6.628378480672836304e-02
-1.942670159041881561e-02
-3.964271023869514465e-02
-6.783785670995712280e-02
-4.355780035257339478e-02
5.060011148452758789e-02
8.572058379650115967e-02
2.325614169239997864e-02
3.730648383498191833e-02
3.463181480765342712e-02
3.486923873424530029e-02
-6.973946467041969299e-03
3.171454742550849915e-02
5.574268102645874023e-02
-1.499396841973066330e-02
-1.601834595203399658e-02
-8.986565284430980682e-03
-3.116274997591972351e-02
-1.523872651159763336e-02
-7.187511306256055832e-03
-1.163448300212621689e-02
-1.175981294363737106e-02
1.176725979894399643e-02
-3.876277059316635132e-02
-3.488907217979431152e-02
-9.354043751955032349e-03
-3.373759612441062927e-02
-5.548294261097908020e-02
-5.203441902995109558e-02
-1.967593096196651459e-02
-2.424522675573825836e-02
-3.389697894454002380e-02
-7.356280460953712463e-03
2.919485606253147125e-02
2.046000957489013672e-02
5.994985811412334442e-03
2.793325111269950867e-02
4.434174299240112305e-02
3.242560848593711853e-02
3.019028343260288239e-02
6.447213888168334961e-02
-4.540635645389556885e-02
-2.680776640772819519e-02
-2.103289589285850525e-02
-7.555431127548217773e-02
-2.354160882532596588e-02
8.002195507287979126e-03
-5.323623865842819214e-02
1.073862891644239426e-02
5.399411544203758240e-02
6.833767052739858627e-03
5.706625524908304214e-03
2.955792006105184555e-04
-1.558974571526050568e-02
2.901053987443447113e-02
5.199343431740999222e-03
-3.899641335010528564e-02
-6.754106841981410980e-03
-1.517657097429037094e-02
-1.602957211434841156e-02
1.044629327952861786e-02
6.315274536609649658e-02
-5.930845066905021667e-02
-4.050195589661598206e-02
1.955714263021945953e-02
-6.666361540555953979e-02
-4.159275442361831665e-02
1.567612588405609131e-02
8.695799857378005981e-03
1.605715043842792511e-02
3.402681788429617882e-03
-8.192184381186962128e-03
4.980674013495445251e-03
1.664760336279869080e-02
-3.830464929342269897e-02
-2.116916514933109283e-02
3.930403385311365128e-03
-3.351132199168205261e-02
-3.742192930076271296e-04
2.152623422443866730e-02
-1.749210804700851440e-02
1.272024400532245636e-02
3.395257890224456787e-02
2.799358405172824860e-02
4.952619597315788269e-02
3.197929635643959045e-02
-1.955806277692317963e-02
-3.002935461699962616e-02
-1.054188329726457596e-02
-5.051076039671897888e-02
8.507930906489491463e-04
-1.954223960638046265e-02
-4.008192569017410278e-02
-9.445784613490104675e-03
5.846438929438591003e-03
-3.906691446900367737e-02
-6.094187498092651367e-03
6.876173894852399826e-03
-5.314780399203300476e-02
-4.611878097057342529e-02
-4.433475434780120850e-02
-1.553606986999511719e-02
-3.277278319001197815e-02
-1.577775180339813232e-02
2.471523731946945190e-02
1.807703636586666107e-02
7.611226290464401245e-02
-4.308336228132247925e-02
-4.335886798799037933e-03
5.349215865135192871e-02
-6.393614411354064941e-02
-6.024078652262687683e-02
3.911107196472585201e-04
2.080129086971282959e-02
4.447842016816139221e-02
6.259606033563613892e-02
1.713443547487258911e-02
7.127624005079269409e-02
8.733653277158737183e-02
2.133224718272686005e-02
4.077926278114318848e-02
4.480716213583946228e-02
-2.063291519880294800e-02
-3.033574111759662628e-02
-7.302000373601913452e-02
5.372207146137952805e-03
6.197345443069934845e-03
-4.012070223689079285e-02
4.083243757486343384e-02
4.191286489367485046e-02
7.420432288199663162e-03
3.024409897625446320e-02
2.884204871952533722e-02
-4.309837706387042999e-03
-2.769096940755844116e-02
-3.278458863496780396e-02
-9.116152301430702209e-03
-1.997020840644836426e-02
-2.764327265322208405e-02
2.668895944952964783e-02
-1.408140361309051514e-02
3.938632085919380188e-02
-7.891156710684299469e-03
-1.995533704757690430e-02
1.164810266345739365e-02
1.515298616141080856e-02
1.166226156055927277e-02
1.509787049144506454e-03
1.558679714798927307e-02
8.483400940895080566e-02
5.075247213244438171e-02
5.078342184424400330e-02
4.330705851316452026e-02
5.179523304104804993e-02
6.410221755504608154e-02
3.981832414865493774e-02
4.305755347013473511e-02
2.453351765871047974e-02
-4.760784283280372620e-02
-2.796894684433937073e-02
-1.662267488427460194e-03
-3.128076344728469849e-02
1.155045628547668457e-02
1.409734599292278290e-02
-2.423364110291004181e-02
3.275298699736595154e-02
2.480471692979335785e-02
-7.516027893871068954e-03
-3.572451649233698845e-03
-5.439259484410285950e-02
6.084857042878866196e-03
2.165658213198184967e-02
-4.368878528475761414e-02
-1.136535778641700745e-02
1.069695409387350082e-02
-4.863734543323516846e-02
-4.398460965603590012e-03
-5.321948789060115814e-03
5.966728553175926208e-02
-7.701935619115829468e-02
-4.506295546889305115e-02
1.072497945278882980e-02
-5.528554320335388184e-02
-4.489517584443092346e-02
-4.036589339375495911e-02
-7.845088094472885132e-02
-1.342594996094703674e-02
-1.871849410235881805e-03
-1.113660857081413269e-01
-4.114446416497230530e-02
-3.388073295354843140e-02
-1.115501001477241516e-01
-6.523662060499191284e-02
-6.383533775806427002e-02
1.531481370329856873e-02
-4.485332407057285309e-03
-2.890943177044391632e-02
-2.460579201579093933e-02
-9.334606118500232697e-03
-8.274096995592117310e-03
-3.830014914274215698e-02
-1.955056004226207733e-02
1.363564096391201019e-02
-2.077703177928924561e-02
-2.866525389254093170e-02
-2.928392589092254639e-02
-3.327688574790954590e-02
-5.368921905755996704e-02
-6.440452486276626587e-02
-1.502201147377490997e-02
-3.693403303623199463e-02
-4.654106125235557556e-02
-6.779952347278594971e-02
-4.052490741014480591e-02
-2.680351771414279938e-02
-9.093876928091049194e-02
-6.233227252960205078e-02
-6.381743401288986206e-02
-8.894379436969757080e-02
-6.302248686552047729e-02
-6.880431622266769409e-02
-1.383687648922204971e-02
-1.004973053932189941e-02
-1.194103434681892395e-02
-5.934806913137435913e-02
-1.937910728156566620e-02
-2.459700219333171844e-02
-4.587166383862495422e-02
-2.923726476728916168e-02
2.143788337707519531e-02
-1.094751060009002686e-02
-1.875689439475536346e-02
-1.962518878281116486e-02
-4.711722582578659058e-02
-3.353271633386611938e-02
-3.439331427216529846e-02
-3.162731230258941650e-02
-7.251578569412231445e-02
-5.134354904294013977e-02
-5.966323614120483398e-02
-2.678245864808559418e-02
-3.391869738698005676e-02
-4.333543404936790466e-02
-2.297184616327285767e-02
-2.793696895241737366e-02
-2.388702332973480225e-02
-5.491856113076210022e-02
-4.085970669984817505e-02
2.189624495804309845e-02
6.817703600972890854e-03
-4.172639921307563782e-02
-9.388036094605922699e-03
6.987782660871744156e-03
-4.090344533324241638e-02
-4.104912281036376953e-02
-4.344839975237846375e-02
-3.374985605478286743e-02
-1.184866391122341156e-02
1.966399140655994415e-02
4.156205803155899048e-03
-1.233263779431581497e-02
-4.132235050201416016e-02
1.171821169555187225e-02
-3.038994269445538521e-03
3.785762703046202660e-03
3.369359765201807022e-03
-3.284270316362380981e-02
-5.231555405771359801e-05
3.231855109333992004e-02
-2.471981197595596313e-02
5.916245747357606888e-03
2.930665947496891022e-02
-2.372650429606437683e-02
-7.711812108755111694e-02
-8.623518794775009155e-02
-1.250168308615684509e-02
-2.308285981416702271e-02
-7.459594309329986572e-02
1.530307251960039139e-02
-4.382771998643875122e-02
-6.784921139478683472e-02
2.304403856396675110e-02
1.295806933194398880e-02
-1.111815217882394791e-02
1.064684428274631500e-02
1.759940758347511292e-02
1.710719196125864983e-03
1.084431260824203491e-01
7.752338051795959473e-02
1.145220361649990082e-02
9.706024080514907837e-02
7.609488815069198608e-02
5.543383583426475525e-02
-1.847683079540729523e-02
3.643759712576866150e-02
4.751116037368774414e-02
-3.051496855914592743e-02
1.304143574088811874e-02
7.056345045566558838e-02
-3.992155939340591431e-02
-1.065837871283292770e-02
-1.419444847851991653e-02
1.133175799623131752e-03
-1.781330257654190063e-02
-2.297079004347324371e-02
2.076129429042339325e-02
2.047221176326274872e-03
4.551945254206657410e-03
8.950126357376575470e-03
-1.855641417205333710e-02
4.509244114160537720e-02
-3.863837104290723801e-03
-2.372604981064796448e-02
-1.886060647666454315e-02
-9.351625107228755951e-03
-2.959248982369899750e-02
2.988270251080393791e-03
-9.889457374811172485e-03
-4.673723131418228149e-02
-2.673822082579135895e-02
-3.664552792906761169e-02
-9.424285031855106354e-03
-3.115636296570301056e-02
-1.380093023180961609e-02
-2.156824572011828423e-03
1.640159450471401215e-02
-1.989696919918060303e-02
-4.478782415390014648e-02
-1.715776510536670685e-02
1.153440121561288834e-02
9.481527656316757202e-02
7.534176111221313477e-02
5.945328995585441589e-02
1.007438972592353821e-01
9.214488416910171509e-02
7.719588465988636017e-03
1.236500684171915054e-02
2.308098040521144867e-02
-1.068961899727582932e-02
-5.755585804581642151e-02
-6.228326261043548584e-02
-1.790949888527393341e-02
-5.161270126700401306e-02
-7.156251370906829834e-02
-1.576592959463596344e-02
-4.642897471785545349e-02
-2.776801586151123047e-02
4.688577260822057724e-03
1.873102784156799316e-02
1.204990688711404800e-02
-9.784930385649204254e-03
6.956375669687986374e-03
7.083263248205184937e-02
-1.830684393644332886e-02
-1.244432176463305950e-03
4.076797887682914734e-02
4.798154532909393311e-02
8.453208208084106445e-02
6.501558423042297363e-02
6.411353498697280884e-02
1.061986982822418213e-01
9.570277482271194458e-02
5.314213037490844727e-02
8.338864147663116455e-02
4.289988428354263306e-02
-2.502512745559215546e-02
-1.751645468175411224e-02
-6.679953075945377350e-03
-2.476226352155208588e-02
-4.122917726635932922e-02
-5.508318170905113220e-02
-5.678780004382133484e-02
-3.775396198034286499e-02
-9.546894580125808716e-03
-4.397878423333168030e-03
-7.190978620201349258e-03
7.282142061740159988e-03
-2.204432711005210876e-02
2.894982323050498962e-02
6.070121005177497864e-02
-2.900324389338493347e-02
6.493669748306274414e-02
6.190104410052299500e-02
-6.930748932063579559e-03
-2.396397478878498077e-02
-2.730703912675380707e-02
6.031825672835111618e-03
3.197103366255760193e-02
1.114593073725700378e-02
3.617911040782928467e-02
5.938474088907241821e-02
2.990773692727088928e-02
5.985043011605739594e-03
1.722488901577889919e-03
1.236869208514690399e-02
4.581651091575622559e-02
4.698058590292930603e-02
6.310058385133743286e-02
4.399109259247779846e-02
3.033403120934963226e-02
2.948170714080333710e-02
2.283732034265995026e-02
6.523236632347106934e-03
6.219334900379180908e-03
5.356725305318832397e-02
-1.661751791834831238e-02
-8.936593309044837952e-03
4.398418962955474854e-02
9.012662339955568314e-04
-2.547226473689079285e-02
2.744994685053825378e-02
2.732382528483867645e-02
3.091006353497505188e-02
-3.396898880600929260e-02
-5.750408396124839783e-02
-2.146592549979686737e-02
-5.521899461746215820e-02
-5.346701294183731079e-02
-2.046780101954936981e-02
-5.400646012276411057e-03
9.393607266247272491e-03
-1.381791755557060242e-02
5.448306910693645477e-03
-1.516368938609957695e-03
1.871860702522099018e-03
-1.302907825447618961e-03
1.867189630866050720e-02
4.079955688212066889e-04
-5.283005069941282272e-03
-7.123708724975585938e-02
-4.455668106675148010e-02
-1.695757359266281128e-02
1.139380317181348801e-02
-3.325639665126800537e-02
-1.587188057601451874e-02
-4.318968858569860458e-03
8.886774070560932159e-03
1.071204664185643196e-03
1.828916557133197784e-02
3.064831718802452087e-02
2.904290705919265747e-02
3.886887058615684509e-02
2.684128656983375549e-02
4.816973209381103516e-02
5.502739921212196350e-02
4.313633218407630920e-02
-1.395457983016967773e-02
-9.118999354541301727e-03
-3.202075138688087463e-02
-1.243037171661853790e-02
-5.747690796852111816e-03
-3.604467213153839111e-02
2.282714657485485077e-02
2.118746004998683929e-02
-1.450749987270683050e-04
-6.642921268939971924e-02
-1.320575624704360962e-01
-9.634251892566680908e-02
-7.620992138981819153e-03
-3.216188400983810425e-02
-2.917885594069957733e-02
2.783231437206268311e-02
1.803564652800559998e-02
-1.780233695171773434e-03
-4.532714188098907471e-02
-8.184874057769775391e-02
-4.534129798412322998e-02
-7.263381034135818481e-02
-7.723014801740646362e-02
-6.999616324901580811e-02
-8.739876560866832733e-03
-2.378909662365913391e-02
1.986919902265071869e-02
-6.720466166734695435e-02
-1.145609170198440552e-01
-7.123515754938125610e-02
-1.284723635762929916e-02
-4.121462255716323853e-02
-2.146427519619464874e-02
1.963634602725505829e-02
4.183282726444303989e-04
9.982572868466377258e-03
-3.365126997232437134e-02
-6.940336525440216064e-02
-4.047392681241035461e-02
-2.789500728249549866e-02
-5.420496687293052673e-02
-5.666561424732208252e-02
-1.222539693117141724e-02
-7.122968789190053940e-03
-2.507190965116024017e-02
-2.795441448688507080e-02
-5.435964092612266541e-02
-2.315123565495014191e-02
1.656026230193674564e-03
-2.004853822290897369e-02
-6.240128353238105774e-02
-5.431420635432004929e-03
-4.187274724245071411e-02
-2.930914424359798431e-02
5.011798441410064697e-02
2.536585927009582520e-02
7.210726849734783173e-03
2.728543430566787720e-02
8.219726383686065674e-02
5.145392939448356628e-02
8.080461993813514709e-03
2.191326580941677094e-02
4.969163611531257629e-02
8.055133745074272156e-03
1.726211048662662506e-02
7.332925684750080109e-03
-6.255862303078174591e-03
8.039834210649132729e-05
-4.649139568209648132e-02
-2.778429538011550903e-02
-6.833598017692565918e-02
-9.312196820974349976e-02
3.402524441480636597e-02
2.679941430687904358e-02
-3.358430042862892151e-02
2.950906194746494293e-02
2.886194735765457153e-02
-1.040709391236305237e-02
-1.676829531788825989e-02
1.816194737330079079e-03
-2.550682239234447479e-02
2.588538080453872681e-02
2.138260193169116974e-02
-1.545950397849082947e-02
1.559836696833372116e-02
7.032684981822967529e-03
-3.384354338049888611e-02
-4.216324537992477417e-02
-6.728098541498184204e-02
-3.132541477680206299e-02
2.606109715998172760e-02
5.478673614561557770e-03
-1.357411965727806091e-02
-2.283027395606040955e-02
-3.324457257986068726e-02
5.471169482916593552e-03
-3.325130417943000793e-02
-4.086251836270093918e-03
2.933594584465026855e-02
6.028869003057479858e-02
3.609349206089973450e-02
1.209895592182874680e-02
7.654263079166412354e-02
6.276983022689819336e-02
4.568572714924812317e-02
5.807036161422729492e-02
7.797402143478393555e-02
7.976992428302764893e-02
-1.330862753093242645e-02
-3.178061172366142273e-02
-3.367239609360694885e-02
-3.720387443900108337e-02
-3.454847261309623718e-02
-3.193914145231246948e-02
-2.944577671587467194e-02
-6.160363927483558655e-02
-2.066425420343875885e-02
-5.767095368355512619e-03
-1.912137493491172791e-02
-4.567451402544975281e-02
3.674311563372612000e-02
3.014364279806613922e-02
9.379395283758640289e-03
1.852457784116268158e-02
4.606803134083747864e-02
1.727995648980140686e-02
-9.722831659018993378e-03
-1.377515029162168503e-02
-2.319982089102268219e-02
-3.084350191056728363e-02
-3.755900263786315918e-02
-3.370792418718338013e-02
1.071941666305065155e-02
-2.367553673684597015e-02
-2.672852016985416412e-02
7.013285532593727112e-03
-4.425152763724327087e-02
-4.419114440679550171e-02
-1.771787926554679871e-02
-6.078519299626350403e-02
-4.623394832015037537e-02
-1.144871581345796585e-02
-3.149669989943504333e-02
-1.389297377318143845e-02
3.002364933490753174e-02
8.764985017478466034e-03
-1.348514016717672348e-02
9.992103092372417450e-03
-2.423619478940963745e-02
-1.998780667781829834e-02
-1.015956420451402664e-02
-2.842767536640167236e-02
-1.756607927381992340e-02
5.421448871493339539e-02
-1.514097303152084351e-02
-5.707849748432636261e-03
1.904194988310337067e-02
1.915130531415343285e-03
-2.891529118642210960e-03
5.948774516582489014e-03
-6.557992659509181976e-03
9.075232781469821930e-03
1.417898293584585190e-02
6.374466232955455780e-03
1.727950759232044220e-02
2.158097922801971436e-02
6.330277305096387863e-03
-3.191174939274787903e-02
-5.223700311034917831e-03
3.868713043630123138e-03
-1.774553768336772919e-02
6.461490690708160400e-02
6.706219166517257690e-03
-4.279799759387969971e-03
-1.185326743870973587e-02
-4.715411365032196045e-02
-3.939933702349662781e-02
-4.331620037555694580e-02
-3.961049020290374756e-02
-3.783139213919639587e-02
2.176565676927566528e-02
2.140645124018192291e-02
3.130697878077626228e-03
1.941473782062530518e-02
1.956332102417945862e-02
8.252428960986435413e-04
-9.360988624393939972e-03
-2.028656750917434692e-02
-9.661831893026828766e-03
-1.758397743105888367e-02
-3.161241859197616577e-02
-2.635056525468826294e-02
-1.887068897485733032e-02
1.240024808794260025e-02
1.204273756593465805e-02
-1.975379511713981628e-02
6.618327461183071136e-03
1.413119118660688400e-02
2.677628956735134125e-02
3.066919511184096336e-03
-9.866595268249511719e-03
3.953666985034942627e-02
5.935871042311191559e-03
6.769860628992319107e-03
3.335135430097579956e-02
-1.708373054862022400e-02
-1.173956133425235748e-02
-1.526533160358667374e-02
6.367500405758619308e-03
2.169060893356800079e-02
-1.982349529862403870e-02
-4.505726695060729980e-02
2.067744033411145210e-03
-2.597033604979515076e-02
-2.349022962152957916e-02
-2.382574230432510376e-02
-1.292013190686702728e-02
1.683341804891824722e-03
3.435682505369186401e-02
-2.056284993886947632e-02
1.826480031013488770e-02
4.191867634654045105e-02
-2.289795689284801483e-02
-9.120527654886245728e-03
1.158299390226602554e-02
1.939568668603897095e-02
1.855430193245410919e-02
-6.088852416723966599e-03
5.957023426890373230e-02
8.117961138486862183e-02
4.813705012202262878e-02
5.438821762800216675e-02
7.637875527143478394e-02
5.148734897375106812e-02
-2.482987940311431885e-02
-3.509825468063354492e-02
-4.554777592420578003e-02
-3.540135920047760010e-02
-2.744609490036964417e-02
-2.483446151018142700e-02
-3.539478406310081482e-02
-2.501520328223705292e-02
-2.936878427863121033e-02
5.155553296208381653e-02
4.019283130764961243e-02
3.643216192722320557e-02
6.197514012455940247e-02
6.224081292748451233e-02
5.827265605330467224e-02
3.086720593273639679e-02
5.244038999080657959e-02
2.878223918378353119e-02
-8.443638682365417480e-03
-3.667378565296530724e-03
-2.642486803233623505e-02
1.108058355748653412e-02
-1.495873648673295975e-02
-1.144804526120424271e-02
3.596664965152740479e-02
1.542849838733673096e-02
9.991121478378772736e-03
1.237118151038885117e-03
-8.279708214104175568e-03
-2.516155503690242767e-02
-3.508487716317176819e-02
-1.408242713660001755e-02
-5.442119017243385315e-02
-4.338441044092178345e-02
-2.633987180888652802e-02
-6.982430070638656616e-02
2.601403743028640747e-03
1.757064647972583771e-02
-1.264445856213569641e-02
3.540650755167007446e-02
4.654880985617637634e-02
-1.324799191206693649e-02
7.247565686702728271e-02
6.659141927957534790e-02
5.306547041982412338e-03
7.198258489370346069e-02
2.271279506385326385e-02
-3.352052718400955200e-02
9.245564043521881104e-02
5.838358402252197266e-02
3.912970051169395447e-02
3.533399477601051331e-02
4.564615339040756226e-02
-1.246195752173662186e-03
6.458871066570281982e-03
3.357959538698196411e-02
2.600421430543065071e-04
3.011179529130458832e-02
5.259866639971733093e-02
1.354734040796756744e-02
8.326686802320182323e-04
2.419667504727840424e-02
1.581402868032455444e-02
-2.630735933780670166e-02
-1.075310260057449341e-02
-4.488362465053796768e-03
-3.593476489186286926e-02
6.706739310175180435e-03
-2.982571721076965332e-02
1.458554435521364212e-02
-3.001870401203632355e-02
-7.053592801094055176e-02
1.949235983192920685e-02
-9.850343689322471619e-03
-1.349834538996219635e-02
9.926429018378257751e-03
-2.497709356248378754e-02
6.400389131158590317e-03
1.098281145095825195e-02
-2.567527117207646370e-04
-3.335691522806882858e-03
-5.110602080821990967e-02
-4.221229173708707094e-04
2.630735933780670166e-02
-1.864206604659557343e-02
4.314022138714790344e-02
5.976460129022598267e-02
1.093596313148736954e-02
5.119829624891281128e-02
4.949878901243209839e-02
4.186508245766162872e-03
-1.765766553580760956e-02
1.143344212323427200e-02
2.055584080517292023e-02
4.118276387453079224e-02
1.178439613431692123e-02
1.841832324862480164e-02
-4.605202935636043549e-03
-2.203107438981533051e-02
5.607401579618453979e-02
1.201863288879394531e-01
1.331725418567657471e-01
7.826194167137145996e-02
1.051580235362052917e-01
1.289436370134353638e-01
6.385200470685958862e-02
8.571425080299377441e-02
7.392075657844543457e-02
-3.889266774058341980e-02
2.845400944352149963e-03
2.533853985369205475e-02
-3.446042537689208984e-03
1.294673327356576920e-02
2.023479156196117401e-02
-9.058694355189800262e-03
9.827074827626347542e-04
-1.700331456959247589e-02
1.142490468919277191e-02
4.961309581995010376e-02
1.841920055449008942e-02
4.737865552306175232e-02
5.284943431615829468e-02
2.622900158166885376e-02
2.123325504362583160e-02
2.319957129657268524e-02
-2.389642177149653435e-03
-3.383782505989074707e-02
-5.968647822737693787e-02
-5.332762375473976135e-02
-1.547267008572816849e-02
-5.565440282225608826e-02
-1.679876819252967834e-02
2.022176794707775116e-02
4.819646105170249939e-02
3.101645968854427338e-02
1.145482715219259262e-02
-6.904924288392066956e-03
-2.167562721297144890e-03
-3.431950462982058525e-03
-2.973388507962226868e-02
-1.651384122669696808e-02
1.458366401493549347e-02
-2.609364502131938934e-02
-1.790485903620719910e-02
-3.314920142292976379e-02
-3.160334005951881409e-02
-8.222676813602447510e-03
-2.769868820905685425e-02
-4.276761040091514587e-02
-3.506584838032722473e-02
8.773042354732751846e-04
-1.223879866302013397e-02
1.300938520580530167e-02
3.122656978666782379e-02
3.859023377299308777e-02
3.215820714831352234e-02
1.051275804638862610e-02
1.738349162042140961e-02
1.533395238220691681e-02
1.791088283061981201e-02
1.588640548288822174e-02
6.474438123404979706e-03
1.345762144774198532e-02
-3.448317584116011858e-04
-8.522187359631061554e-03
2.016212418675422668e-02
5.270458385348320007e-02
3.183551877737045288e-02
2.096874825656414032e-02
3.996704891324043274e-02
3.130709752440452576e-02
-1.680709794163703918e-02
5.860303645022213459e-04
1.187856588512659073e-02
-2.153343148529529572e-02
-1.822024211287498474e-02
-9.020349010825157166e-03
-1.608894765377044678e-02
5.864372011274099350e-03
1.656605163589119911e-04
-2.473662421107292175e-02
-7.461499422788619995e-02
-7.262232899665832520e-02
-6.881716102361679077e-02
-7.844486832618713379e-02
-5.444553494453430176e-02
-8.234995603561401367e-02
-8.129972964525222778e-02
4.576787352561950684e-03
-8.843061514198780060e-03
-3.984475508332252502e-03
5.532204732298851013e-02
-2.496350556612014771e-02
2.848606556653976440e-02
4.460773244500160217e-02
1.874463632702827454e-02
5.245937779545783997e-02
8.484400063753128052e-02
-1.190597284585237503e-02
-3.819354576990008354e-03
6.001040455885231495e-04
4.245406948029994965e-03
-2.566302940249443054e-02
-4.645488783717155457e-02
-7.253542542457580566e-03
-1.050596311688423157e-02
9.003755636513233185e-03
2.370889298617839813e-02
3.080793190747499466e-03
-1.535752322524785995e-03
4.812773317098617554e-03
-4.214106500148773193e-02
-5.467636138200759888e-02
-3.737273439764976501e-02
-3.680761903524398804e-02
-3.352754190564155579e-02
3.032051026821136475e-02
3.350595384836196899e-02
3.686356544494628906e-02
-2.367177978157997131e-03
5.699393339455127716e-03
5.752487480640411377e-02
2.600904367864131927e-02
4.765024036169052124e-02
4.212731868028640747e-02
6.778502464294433594e-02
4.966026172041893005e-02
2.698889933526515961e-02
4.911519214510917664e-02
4.066086187958717346e-02
3.312988905236124992e-03
1.271415408700704575e-02
1.724262163043022156e-02
1.705024391412734985e-02
-4.805287346243858337e-02
-1.135409548878669739e-01
-9.178756922483444214e-02
-5.624838173389434814e-02
-6.871616095304489136e-02
-6.318905949592590332e-02
-4.284913837909698486e-02
-7.847788929939270020e-02
-6.596133857965469360e-02
4.379634559154510498e-02
2.529848832637071609e-03
-1.222934387624263763e-02
3.060547169297933578e-03
-1.127354428172111511e-02
-1.109401881694793701e-02
1.804974302649497986e-02
3.314672783017158508e-02
1.777281798422336578e-02
8.577921986579895020e-02
1.114028394222259521e-01
5.470922589302062988e-02
1.021594926714897156e-01
9.793695807456970215e-02
7.015541195869445801e-02
1.150089316070079803e-02
2.661113813519477844e-02
3.468323126435279846e-02
-2.236207388341426849e-02
-4.387519881129264832e-02
-5.052119493484497070e-02
7.053161039948463440e-03
-1.478286832571029663e-02
-4.503487423062324524e-02
3.917672112584114075e-02
-3.201536368578672409e-03
-4.289954528212547302e-02
3.177780285477638245e-02
4.712541121989488602e-03
-4.395213723182678223e-02
5.482922773808240891e-03
1.178535446524620056e-02
-3.124355524778366089e-02
3.653603419661521912e-02
3.476801142096519470e-02
-9.501784108579158783e-03
-1.123860827647149563e-03
-4.830653197132050991e-04
5.998923443257808685e-03
-1.745054125785827637e-02
-2.668234892189502716e-02
-3.874944150447845459e-02
-2.989446558058261871e-02
-1.553414110094308853e-02
3.703458642121404409e-04
-1.730635389685630798e-02
2.419442404061555862e-03
1.044088974595069885e-02
-1.672158390283584595e-02
2.146527171134948730e-03
-2.145415730774402618e-02
8.010232821106910706e-03
9.092504158616065979e-03
-1.415137760341167450e-02
-4.811874590814113617e-03
-1.626548729836940765e-02
-2.260432019829750061e-02
-6.221574149094521999e-04
4.138211719691753387e-03
-6.729518994688987732e-03
-1.045333594083786011e-02
7.726403884589672089e-03
-1.084716714103706181e-04
-5.921880155801773071e-02
-8.760710805654525757e-02
-7.036955654621124268e-02
-8.551475405693054199e-02
-7.252752035856246948e-02
-6.488558650016784668e-02
-7.001855969429016113e-02
-8.483137190341949463e-02
-3.013427369296550751e-02
-2.014958672225475311e-02
7.709376979619264603e-03
-3.216869384050369263e-02
8.940855041146278381e-03
-7.592891925014555454e-04
-4.089045524597167969e-02
1.134272478520870209e-02
3.870191518217325211e-03
1.713616773486137390e-02
6.807665526866912842e-02
1.117047965526580811e-01
8.652279525995254517e-02
8.950532972812652588e-02
6.783524900674819946e-02
7.954886555671691895e-02
1.091476157307624817e-01
6.102151796221733093e-02
2.591356262564659119e-02
-1.869046501815319061e-02
-5.367832258343696594e-02
-7.006780803203582764e-02
-4.338804259896278381e-02
-5.743411183357238770e-02
-8.713819831609725952e-02
-5.248594284057617188e-02
-6.298993527889251709e-02
-6.797095388174057007e-02
2.732902765274047852e-02
-1.487121358513832092e-02
-3.806131705641746521e-02
3.918378613889217377e-03
-2.035579830408096313e-02
-4.809844121336936951e-02
1.810723170638084412e-02
-1.844323612749576569e-02
-1.628351770341396332e-02
3.136910498142242432e-02
-2.740444429218769073e-02
-1.792917959392070770e-02
1.067959982901811600e-02
-5.024224892258644104e-02
-3.710514679551124573e-02
-4.393996670842170715e-02
-8.584117889404296875e-02
-3.251678124070167542e-02
-1.314451335929334164e-03
-1.833708956837654114e-02
-1.952503621578216553e-02
-4.307240620255470276e-02
-4.013767093420028687e-02
-6.556642800569534302e-02
-4.470745474100112915e-02
-6.659213453531265259e-02
-4.057855531573295593e-02
-3.393947333097457886e-02
2.030178904533386230e-03
8.250655606389045715e-03
4.174765199422836304e-03
-3.615593304857611656e-03
1.238485611975193024e-02
3.999054804444313049e-02
3.996441513299942017e-02
-2.002032659947872162e-02
-2.291988581418991089e-03
-1.574220135807991028e-02
-4.132603481411933899e-02
-6.154951173812150955e-03
-3.393648192286491394e-02
-6.419970095157623291e-02
-1.007868256419897079e-02
-1.118031563237309456e-03
-2.312916517257690430e-02
3.172244131565093994e-02
3.584046149626374245e-03
3.791185840964317322e-02
2.159967646002769470e-02
-5.888775922358036041e-03
-4.083377867937088013e-02
4.622261598706245422e-02
-2.534843422472476959e-02
-5.143613368272781372e-02
2.675654180347919464e-02
-1.195377204567193985e-02
-1.592557691037654877e-02
-6.019840482622385025e-03
9.550103917717933655e-03
2.209021896123886108e-02
-8.869440061971545219e-04
1.596984639763832092e-02
6.608191411942243576e-03
-5.469685886055231094e-03
-1.722117513418197632e-02
-2.359734289348125458e-02
-6.267769262194633484e-03
1.541354879736900330e-02
-2.641412429511547089e-03
-7.840973325073719025e-03
-1.573250070214271545e-02
7.878944277763366699e-03
-8.707504719495773315e-03
-4.262900725007057190e-02
-3.954423218965530396e-02
2.051327936351299286e-02
-2.497511357069015503e-02
-7.163610309362411499e-03
6.147475540637969971e-02
5.276879295706748962e-02
1.175507716834545135e-02
-1.655376143753528595e-02
-1.782989688217639923e-02
-5.303870886564254761e-03
1.379641052335500717e-02
3.469117451459169388e-03
1.445695571601390839e-02
5.892929062247276306e-02
3.408985584974288940e-02
1.817595446482300758e-03
-7.284941524267196655e-02
-5.500712990760803223e-02
-2.653976529836654663e-02
-1.904425956308841705e-02
-2.647811733186244965e-02
-1.481120381504297256e-02
-4.477986600250005722e-03
6.326572038233280182e-03
3.203867748379707336e-02
2.114651724696159363e-02
-9.651334024965763092e-03
-2.951031923294067383e-02
-8.078568615019321442e-03
-6.529247853904962540e-03
-2.875234745442867279e-02
-3.100737184286117554e-02
-3.085267171263694763e-02
-5.261036101728677750e-03
1.120029017329216003e-02
-6.321065127849578857e-03
-8.657931350171566010e-03
-3.342305496335029602e-02
-5.696268752217292786e-02
-5.543934181332588196e-02
-3.666700422763824463e-02
-5.150279775261878967e-02
-3.170634806156158447e-02
-1.397615205496549606e-02
-2.789129130542278290e-02
-3.645664826035499573e-02
-9.918880648910999298e-03
-5.880643147975206375e-03
-1.618456654250621796e-02
-1.202042028307914734e-02
-8.689294569194316864e-03
6.316760554909706116e-03
-4.141734912991523743e-02
-5.859953165054321289e-02
-3.342771902680397034e-02
-3.235458582639694214e-02
-1.448510400950908661e-02
4.304948262870311737e-03
-2.575608901679515839e-02
-3.533409535884857178e-02
1.905852369964122772e-02
1.010324619710445404e-02
5.165772512555122375e-02
5.199337378144264221e-03
6.181809678673744202e-02
5.110213533043861389e-02
1.638310216367244720e-02
3.286297619342803955e-02
4.205448925495147705e-02
-1.903183199465274811e-02
-7.537548430263996124e-03
6.278641521930694580e-03
9.181195870041847229e-03
-3.605841845273971558e-02
-2.722413651645183563e-02
-1.579787582159042358e-02
-1.259759906679391861e-02
-5.458338186144828796e-02
-2.903773821890354156e-02
-5.396381393074989319e-02
-3.558826074004173279e-02
-3.536889329552650452e-02
-3.091900423169136047e-02
-5.111930891871452332e-02
-3.991649672389030457e-02
-2.114796265959739685e-02
-3.760084137320518494e-02
-9.733185870572924614e-04
-8.107893913984298706e-02
-6.337840855121612549e-02
-5.675069987773895264e-02
9.385789744555950165e-03
1.413846574723720551e-02
1.369290705770254135e-02
3.471357747912406921e-02
4.369571805000305176e-02
3.741368651390075684e-02
4.941068217158317566e-02
3.665231913328170776e-02
-2.163733355700969696e-03
2.809340879321098328e-02
4.671293124556541443e-02
2.742684818804264069e-02
-2.592208562418818474e-03
1.399232167750597000e-02
3.093570098280906677e-02
-4.360304400324821472e-02
-3.409411013126373291e-02
-6.802192330360412598e-02
-4.728237912058830261e-02
-4.230151697993278503e-02
-3.871157765388488770e-02
-1.610977388918399811e-02
-1.299831178039312363e-02
-1.188035961240530014e-02
-3.572876378893852234e-02
-1.737762009724974632e-03
-2.751710824668407440e-02
1.663114875555038452e-03
-1.761223562061786652e-02
-2.054125070571899414e-02
4.307172447443008423e-02
5.249604955315589905e-02
2.072322927415370941e-02
1.468104746891185641e-04
1.061446405947208405e-02
2.295502461493015289e-02
-1.025269553065299988e-02
-6.097977515310049057e-03
-9.743846021592617035e-03
-5.624769628047943115e-02
-3.380445763468742371e-02
-3.106780536472797394e-02
-1.055782847106456757e-02
-6.795952469110488892e-02
-4.847456887364387512e-02
-1.145537756383419037e-02
-6.093842536211013794e-02
-6.672131270170211792e-02
8.025915920734405518e-02
2.254447340965270996e-02
1.764133200049400330e-02
-4.498554766178131104e-02
-4.076436907052993774e-02
-4.398914799094200134e-02
-7.392419129610061646e-02
-5.628904700279235840e-02
-6.773914396762847900e-02
-9.668817371129989624e-02
-8.018368482589721680e-02
-5.423906072974205017e-02
8.720790036022663116e-03
-5.554167553782463074e-03
1.318831928074359894e-02
6.891156081110239029e-04
-2.619755640625953674e-02
-4.172813892364501953e-02
-2.773336321115493774e-02
-4.536566510796546936e-02
-4.190920665860176086e-02
-4.380010813474655151e-02
2.233341522514820099e-02
1.634643413126468658e-02
-2.019693143665790558e-02
2.157559804618358612e-02
2.973066642880439758e-02
-3.015633113682270050e-02
-1.309261657297611237e-03
-1.422579307109117508e-02
-5.508910398930311203e-03
-7.799985818564891815e-03
4.098163172602653503e-02
-9.672664455138146877e-04
-1.405426766723394394e-02
2.240592427551746368e-02
-2.999735064804553986e-02
-2.403478696942329407e-02
-3.230892121791839600e-02
3.573526442050933838e-02
1.053202897310256958e-02
1.639667339622974396e-02
-1.962348073720932007e-02
-4.129524528980255127e-02
-2.854336798191070557e-02
-4.143448919057846069e-02
-5.974033847451210022e-02
-6.613621115684509277e-02
8.856547623872756958e-02
9.358869493007659912e-02
5.710631236433982849e-02
1.021211445331573486e-01
9.177089482545852661e-02
7.016328722238540649e-02
9.164923429489135742e-02
6.974670290946960449e-02
2.877019718289375305e-02
-1.905265264213085175e-02
-8.383653126657009125e-03
-2.541688154451549053e-04
4.864314571022987366e-02
1.925737829878926277e-03
1.739110238850116730e-02
2.710255794227123260e-02
3.361058607697486877e-02
2.474333532154560089e-02
1.757933199405670166e-02
2.971871197223663330e-02
4.053735733032226562e-02
1.454836875200271606e-02
3.708818182349205017e-02
2.998792380094528198e-02
-2.154884487390518188e-02
-2.827074192464351654e-02
-1.977716013789176941e-02
-2.067032502964138985e-03
-5.863504484295845032e-02
-4.454885423183441162e-02
4.071906954050064087e-02
1.586077921092510223e-02
3.738572075963020325e-02
4.037735611200332642e-02
5.957272648811340332e-02
5.466700345277786255e-02
-1.580699346959590912e-02
-4.873087257146835327e-02
-5.534762889146804810e-02
-8.949249982833862305e-03
-3.422460332512855530e-02
-2.449859492480754852e-02
5.822276324033737183e-02
1.224725507199764252e-02
3.214522451162338257e-02
-9.304667823016643524e-03
-1.015012431889772415e-02
-2.212497405707836151e-02
-8.314178325235843658e-03
-7.333165965974330902e-03
-1.010536216199398041e-03
4.467759653925895691e-02
4.539315123111009598e-03
-7.987232878804206848e-03
-3.068482689559459686e-02
-5.843041464686393738e-02
-2.599528804421424866e-02
-1.303215604275465012e-02
-7.669558748602867126e-03
8.804545737802982330e-03
1.357546076178550720e-03
-6.498976610600948334e-03
2.730418369174003601e-02
-3.323310613632202148e-02
-9.936429560184478760e-03
-1.462690997868776321e-03
-2.806084044277667999e-02
-1.393577642738819122e-02
-2.070745266973972321e-02
-2.472322434186935425e-02
-2.997504547238349915e-02
-2.695475704967975616e-02
-3.297008341178297997e-03
-8.986784145236015320e-03
1.160536613315343857e-02
1.380848512053489685e-02
-6.633329205214977264e-03
2.812634408473968506e-02
4.012255743145942688e-02
4.868291318416595459e-02
4.583707079291343689e-02
-5.163846164941787720e-02
-2.324395999312400818e-02
1.517022307962179184e-02
-2.999706938862800598e-02
-4.754341766238212585e-02
-1.236341428011655807e-02
-4.171418026089668274e-03
-2.085089497268199921e-02
5.765502806752920151e-03
-4.002484679222106934e-02
-2.801191806793212891e-02
-6.877440027892589569e-03
-7.198704034090042114e-02
-6.608050316572189331e-02
-3.468230366706848145e-02
-8.064965158700942993e-02
-8.680012822151184082e-02
-3.075021319091320038e-02
-2.139790728688240051e-02
-5.520573258399963379e-02
-4.466839507222175598e-02
-6.546515226364135742e-02
-6.899223476648330688e-02
-2.852271869778633118e-02
-7.334149628877639771e-02
-5.559395626187324524e-02
-3.878383431583642960e-03
2.905034227296710014e-03
4.795529320836067200e-02
1.963552087545394897e-02
4.376185592263936996e-03
-7.568063680082559586e-03
-1.621124707162380219e-02
-4.431383684277534485e-02
-1.127005647867918015e-02
-7.419995963573455811e-02
1.117845717817544937e-02
-2.890746481716632843e-02
6.201873067766427994e-03
-6.181662529706954956e-02
-4.586794599890708923e-02
-3.448491543531417847e-02
-1.894957572221755981e-02
-4.535333719104528427e-03
-1.185234449803829193e-02
1.591301523149013519e-02
-4.644831269979476929e-02
-1.236387249082326889e-02
9.433334693312644958e-03
-2.499121800065040588e-02
-4.717367514967918396e-02
7.770088501274585724e-03
-6.185478996485471725e-03
-4.332074522972106934e-02
4.067670181393623352e-02
7.245682179927825928e-02
4.072586447000503540e-02
8.666401356458663940e-02
8.559646457433700562e-02
7.702799141407012939e-02
1.241126656532287598e-02
1.003930568695068359e-01
4.767645150423049927e-02
-3.136568889021873474e-02
8.155701681971549988e-03
4.157295334152877331e-04
-1.261088624596595764e-02
3.750539384782314301e-03
-2.875061333179473877e-02
1.736729778349399567e-02
-3.342857211828231812e-02
-2.042506635189056396e-02
3.382619097828865051e-02
1.095342636108398438e-02
-2.574507333338260651e-02
1.240416988730430603e-02
-7.167786825448274612e-03
-2.778499573469161987e-02
6.012229714542627335e-03
-3.268721699714660645e-02
-2.035109885036945343e-02
-1.337341032922267914e-02
4.554829560220241547e-03
1.150994375348091125e-02
-1.566869020462036133e-02
-2.970731258392333984e-02
-1.474045123904943466e-02
-2.566173113882541656e-02
-6.859724223613739014e-02
-1.397255249321460724e-02
4.623834043741226196e-02
7.537650316953659058e-02
9.612011164426803589e-02
1.699190959334373474e-02
4.309399053454399109e-02
5.940563976764678955e-02
7.596900220960378647e-03
2.105204761028289795e-02
1.604400388896465302e-02
-4.204783961176872253e-02
-1.929182372987270355e-02
2.693840675055980682e-02
-3.215434774756431580e-02
4.193267226219177246e-02
4.790135100483894348e-02
-1.140625216066837311e-03
6.749980896711349487e-02
5.476838350296020508e-02
-1.836599782109260559e-02
2.493937499821186066e-02
5.618048459291458130e-02
1.987104117870330811e-02
2.757847309112548828e-02
1.421876996755599976e-02
2.638365700840950012e-02
3.184612467885017395e-02
-3.990000486373901367e-02
-1.269707363098859787e-02
-3.046439669560641050e-04
9.474973194301128387e-03
-4.574106261134147644e-02
-4.819690063595771790e-02
-5.889136716723442078e-02
-7.268575578927993774e-02
-9.254661202430725098e-02
-7.780502736568450928e-02
7.053191959857940674e-02
4.590609297156333923e-02
2.201431244611740112e-02
7.347329705953598022e-02
4.096887633204460144e-02
3.392976149916648865e-02
-3.440234065055847168e-02
-2.566078864037990570e-02
-3.568098694086074829e-02
-2.750717103481292725e-02
-4.459574818611145020e-02
-3.212584555149078369e-02
-3.059560805559158325e-02
-2.293260209262371063e-02
-2.174874581396579742e-02
-8.714432828128337860e-03
2.435584738850593567e-02
1.009004935622215271e-02
2.808267250657081604e-02
5.054422467947006226e-02
6.099362671375274658e-02
6.406588107347488403e-02
6.482527405023574829e-02
3.315248340368270874e-02
6.660265475511550903e-02
5.096616968512535095e-02
1.593164540827274323e-02
-3.969813510775566101e-02
-2.201084420084953308e-02
1.733791641891002655e-02
-4.948439449071884155e-02
-2.928574569523334503e-03
3.159834444522857666e-02
-1.730323582887649536e-02
3.471273928880691528e-02
2.389484830200672150e-02
3.418528661131858826e-02
5.685148388147354126e-02
4.795752093195915222e-02
3.176125138998031616e-02
2.762993425130844116e-02
1.995486393570899963e-02
3.285226412117481232e-03
2.003186382353305817e-02
-1.765264780260622501e-03
7.741872221231460571e-03
3.849332919344305992e-03
-4.492908343672752380e-02
5.640817806124687195e-02
6.161617115139961243e-03
-1.243595313280820847e-02
1.561732124537229538e-02
1.666216645389795303e-03
-2.441371791064739227e-03
-2.498817443847656250e-02
-8.287881314754486084e-02
-3.122439049184322357e-02
-3.773458302021026611e-02
-5.708675459027290344e-02
-4.216013848781585693e-02
-7.629304379224777222e-02
-9.960779547691345215e-02
-4.986325278878211975e-02
-1.097995787858963013e-02
-5.092867463827133179e-02
-4.946723207831382751e-02
-5.095445364713668823e-02
-3.699426725506782532e-02
-1.781301945447921753e-02
1.061800401657819748e-02
3.954020887613296509e-02
5.323735252022743225e-02
7.852667011320590973e-03
-2.641421742737293243e-02
-3.161583468317985535e-02
-6.247754208743572235e-04
-3.093715198338031769e-02
-2.949528954923152924e-02
-3.272399306297302246e-03
-2.655225060880184174e-02
-4.756798595190048218e-02
2.775202319025993347e-02
6.677113706246018410e-04
-1.778758876025676727e-02
1.410275977104902267e-02
-5.023515317589044571e-03
2.252769656479358673e-03
-5.415985733270645142e-02
-1.484141964465379715e-02
8.313776925206184387e-03
-4.186305031180381775e-02
-6.043991073966026306e-02
-4.367570951581001282e-02
-5.432868003845214844e-02
-6.075015664100646973e-02
-2.371771633625030518e-02
-1.710566692054271698e-02
5.704762879759073257e-03
8.177736774086952209e-03
2.372045442461967468e-02
-3.775550052523612976e-03
-1.622426323592662811e-02
3.514831140637397766e-02
-1.014554174616932869e-03
-1.324063632637262344e-02
-1.467897184193134308e-02
-2.541815489530563354e-02
-7.660903967916965485e-03
-3.798801079392433167e-02
-1.019993890076875687e-02
-3.228657320141792297e-02
3.964174166321754456e-02
7.295075803995132446e-02
8.305276185274124146e-02
5.944922566413879395e-02
1.015738025307655334e-01
6.114721670746803284e-02
9.446511045098304749e-03
2.515127882361412048e-02
2.096089348196983337e-02
-7.326646707952022552e-03
3.208820149302482605e-02
1.723993627820163965e-04
-2.000580355525016785e-02
-9.406356140971183777e-03
1.034245942719280720e-03
1.126952376216650009e-02
-2.888183854520320892e-02
-6.289107352495193481e-02
-4.464405030012130737e-02
-4.678930342197418213e-02
-3.844169899821281433e-02
-5.349746346473693848e-02
-7.764541357755661011e-02
-3.169395774602890015e-02
8.982442319393157959e-03
2.166998945176601410e-02
-1.027522957883775234e-03
1.270121615380048752e-02
2.726022340357303619e-02
3.672564774751663208e-02
2.935682423412799835e-02
7.680768519639968872e-02
2.993746101856231689e-02
4.699562862515449524e-02
5.353912711143493652e-02
2.350108511745929718e-02
3.050006739795207977e-02
1.999115012586116791e-02
1.372201647609472275e-02
-1.860499149188399315e-03
-2.937689423561096191e-02
1.067908853292465210e-02
3.710499033331871033e-02
6.162019446492195129e-02
3.980530053377151489e-02
2.559815347194671631e-02
1.218910235911607742e-02
-9.876323863863945007e-03
1.616014912724494934e-02
-2.787000732496380806e-03
-1.293868944048881531e-02
-2.921739127486944199e-03
1.023369841277599335e-02
2.351399511098861694e-02
-1.550589408725500107e-02
-7.842388004064559937e-03
-3.199503291398286819e-03
-2.876154519617557526e-02
7.615050300955772400e-03
-2.967539429664611816e-02
-2.821195172145962715e-03
-4.927789419889450073e-02
-2.819979563355445862e-02
-7.232689112424850464e-02
-5.828608199954032898e-02
-2.573072537779808044e-02
-2.038409188389778137e-02
-4.972960427403450012e-02
-3.456917032599449158e-02
1.993300765752792358e-02
2.264802902936935425e-02
2.336003119125962257e-03
7.659513037651777267e-03
3.858473524451255798e-02
2.317293779924511909e-03
-6.985616870224475861e-03
-3.840648336336016655e-03
-4.028945695608854294e-03
3.406065702438354492e-02
6.751554459333419800e-02
4.927897080779075623e-02
3.685232251882553101e-02
8.059044927358627319e-02
6.998281925916671753e-02
-1.578466035425662994e-02
-2.157727442681789398e-02
5.541362334042787552e-03
-6.642832607030868530e-02
-4.992056265473365784e-02
-3.638767078518867493e-02
-6.334324181079864502e-02
-2.875987812876701355e-02
-2.291372418403625488e-02
3.530556568875908852e-03
-1.699535734951496124e-02
-5.117122549563646317e-03
5.909628048539161682e-02
1.281772106885910034e-01
1.001950427889823914e-01
7.118463516235351562e-02
1.078244671225547791e-01
8.081652224063873291e-02
4.945326596498489380e-02
4.896796867251396179e-02
-8.516211993992328644e-03
4.696248471736907959e-02
5.796168744564056396e-02
4.604870080947875977e-02
6.763451546430587769e-02
7.868557423353195190e-02
4.898840188980102539e-02
2.609032206237316132e-02
1.898641511797904968e-02
1.071218773722648621e-02
-3.529602289199829102e-02
-2.874704077839851379e-02
-1.234403252601623535e-02
-2.203878760337829590e-02
2.515715733170509338e-02
5.191548913717269897e-02
2.547969669103622437e-02
6.214154511690139771e-02
6.505917012691497803e-02
5.959255155175924301e-03
-7.894095033407211304e-03
-5.866027437150478363e-03
5.131182726472616196e-03
8.329545147716999054e-03
-8.514992892742156982e-03
1.691848784685134888e-02
2.434566803276538849e-02
6.312097888439893723e-03
-6.984428619034588337e-04
-3.188836574554443359e-02
-5.186253413558006287e-02
-7.699338253587484360e-03
-2.347522974014282227e-02
-1.267138030380010605e-02
7.327143102884292603e-03
5.513834301382303238e-03
2.851719222962856293e-02
-3.063035011291503906e-02
-2.795358002185821533e-02
-2.592307701706886292e-02
7.299023680388927460e-03
2.741616964340209961e-02
2.778499573469161987e-02
6.708592921495437622e-02
3.857293725013732910e-02
2.197531983256340027e-02
4.693703725934028625e-02
6.861928105354309082e-02
4.170122370123863220e-02
6.041169911623001099e-02
4.788707569241523743e-02
3.181981667876243591e-02
2.128252200782299042e-02
2.917969226837158203e-02
2.700980938971042633e-02
-9.096875786781311035e-03
-3.757973760366439819e-02
-1.064807549118995667e-02
-6.956093758344650269e-02
-8.651734888553619385e-02
-3.297577798366546631e-02
-5.997687950730323792e-02
-6.853996217250823975e-02
-3.201262280344963074e-02
8.844627067446708679e-03
1.773713901638984680e-02
7.563440594822168350e-03
6.199605297297239304e-03
-2.288253279402852058e-03
-1.003166101872920990e-02
-4.126748070120811462e-02
-1.428466476500034332e-02
-2.740459144115447998e-02
6.301036477088928223e-02
2.567060478031635284e-02
-2.513521537184715271e-02
6.533703207969665527e-02
-1.438098307698965073e-02
-1.888047903776168823e-02
7.539463695138692856e-03
5.962873809039592743e-03
-1.495586149394512177e-02
-3.153386339545249939e-02
-3.289355337619781494e-02
-6.800579838454723358e-03
-1.556648127734661102e-02
3.315168432891368866e-03
2.759732538834214211e-03
1.745853014290332794e-02
2.311306260526180267e-02
3.124950826168060303e-02
-3.515469655394554138e-02
-6.402692943811416626e-02
-6.932648271322250366e-02
-1.160379499197006226e-02
-2.047753892838954926e-02
-1.045534685254096985e-01
-1.391787454485893250e-02
-4.979762062430381775e-02
-5.037008970975875854e-02
-2.415818534791469574e-02
-6.685900036245584488e-03
3.906457126140594482e-02
-2.391233853995800018e-02
-2.387613616883754730e-02
-2.047272957861423492e-02
-2.619825489819049835e-02
-1.922685094177722931e-02
-1.961708255112171173e-02
-8.902104943990707397e-02
-6.791325658559799194e-02
-3.646404296159744263e-02
-5.839594453573226929e-02
-2.271637320518493652e-02
7.770760916173458099e-03
-1.780446246266365051e-02
2.579179964959621429e-02
3.567355871200561523e-02
3.279522294178605080e-03
3.581353649497032166e-02
5.993532482534646988e-03
8.063806220889091492e-03
2.263024449348449707e-02
2.892085909843444824e-02
1.345275808125734329e-02
4.295972734689712524e-02
2.298029325902462006e-02
-3.344999998807907104e-02
1.601142808794975281e-02
3.693933412432670593e-02
1.337002776563167572e-02
1.461578439921140671e-02
2.224461175501346588e-02
1.936240121722221375e-02
-4.666222084779292345e-04
-8.978750556707382202e-03
-1.068108994513750076e-02
5.485039670020341873e-03
2.788180857896804810e-02
3.164726123213768005e-02
4.067219048738479614e-02
2.221455611288547516e-02
3.849630802869796753e-02
2.769756503403186798e-02
-1.101549994200468063e-02
-2.385179325938224792e-02
-6.150971725583076477e-02
-5.710339546203613281e-02
-2.579993195831775665e-02
-8.063250780105590820e-02
-8.890844881534576416e-02
-5.385391414165496826e-02
-8.587666600942611694e-02
-1.146360784769058228e-01
1.914854627102613449e-03
-7.226441055536270142e-03
8.207840844988822937e-03
-2.551341429352760315e-02
5.389628466218709946e-03
2.979046478867530823e-02
-5.568880960345268250e-02
-2.124155312776565552e-02
2.322076633572578430e-02
-6.924222409725189209e-02
-1.258600316941738129e-02
-3.417839482426643372e-02
-5.737512558698654175e-02
-2.589193731546401978e-02
-1.233656541444361210e-03
-4.782569035887718201e-02
-3.475887328386306763e-02
1.728802104480564594e-03
5.535812117159366608e-03
4.905756190419197083e-02
5.091499909758567810e-02
2.074195770546793938e-03
5.300183314830064774e-03
1.578967086970806122e-02
9.660549461841583252e-03
-3.367117419838905334e-02
1.344417920336127281e-03
-3.357193619012832642e-02
-3.528526797890663147e-02
-8.268461562693119049e-03
-2.562000602483749390e-02
-5.252414569258689880e-02
-4.492177441716194153e-02
3.202665224671363831e-02
-6.714184302836656570e-03
-9.070041589438915253e-03
4.987294971942901611e-02
6.226963596418499947e-04
-2.283270441694185138e-05
2.716732770204544067e-02
4.879058897495269775e-02
1.397194713354110718e-02
1.670832745730876923e-02
1.618288084864616394e-02
1.882508210837841034e-02
-1.523228082805871964e-02
-2.687214128673076630e-02
-1.154803205281496048e-02
1.165196113288402557e-02
3.101309947669506073e-02
-2.328282780945301056e-02
3.758073970675468445e-02
2.075202204287052155e-02
-2.671328373253345490e-02
2.442460134625434875e-02
3.878320008516311646e-02
2.679121680557727814e-02
6.061137840151786804e-02
4.287825897336006165e-02
2.633131295442581177e-02
3.604294732213020325e-02
4.198084771633148193e-02
-2.772848354652523994e-03
-3.789474815130233765e-02
-3.904647380113601685e-02
-1.900432445108890533e-02
-4.354879260063171387e-02
-2.124092169106006622e-02
3.138692700304090977e-04
1.144735608249902725e-02
8.957436308264732361e-03
3.288039192557334900e-02
-5.121520534157752991e-02
-3.765410743653774261e-03
-1.103892573155462742e-03
-4.091668128967285156e-02
-7.879928685724735260e-03
2.721672318875789642e-02
-3.878271952271461487e-02
1.081003807485103607e-02
4.470738768577575684e-02
3.464499861001968384e-02
3.655558079481124878e-02
-1.103367470204830170e-02
5.838387459516525269e-02
5.722997337579727173e-02
1.359471306204795837e-02
2.692527882754802704e-02
5.646039173007011414e-02
1.327449921518564224e-02
-7.077327370643615723e-02
-7.853050529956817627e-02
-5.275169387459754944e-02
-7.476694881916046143e-02
-7.228694856166839600e-02
-7.662943005561828613e-02
-6.133721023797988892e-02
-6.611180305480957031e-02
-5.333060026168823242e-02
-1.111970376223325729e-02
-2.983698807656764984e-02
-8.294041268527507782e-03
1.128616463392972946e-02
-3.054334409534931183e-02
9.298327378928661346e-03
1.001788303256034851e-02
1.576432958245277405e-02
1.664173975586891174e-02
1.370519306510686874e-02
6.391599029302597046e-02
6.610172986984252930e-02
1.674279384315013885e-02
4.330258071422576904e-02
5.889080092310905457e-02
-3.416550904512405396e-02
-6.315558217465877533e-03
-2.642267569899559021e-02
-1.127968262881040573e-02
-2.402256801724433899e-02
-1.090294588357210159e-02
-1.736901327967643738e-02
-3.626515716314315796e-02
-4.432127997279167175e-02
2.330595394596457481e-03
-4.270349442958831787e-02
-5.539777129888534546e-02
-7.168041076511144638e-03
6.489138468168675900e-04
1.420381199568510056e-02
-9.437668137252330780e-03
-2.523796632885932922e-03
-2.185438014566898346e-02
-2.894753590226173401e-02
-1.703292317688465118e-02
-3.985978662967681885e-02
-4.387902468442916870e-02
-4.321529343724250793e-02
-3.351905941963195801e-02
-1.982698403298854828e-02
-6.855352316051721573e-03
-2.615686738863587379e-03
-1.304207183420658112e-02
-2.926852181553840637e-02
-2.771717682480812073e-02
1.621854305267333984e-02
4.523723199963569641e-02
2.855247817933559418e-02
1.417674776166677475e-02
1.715665915980935097e-03
8.881808258593082428e-03
-1.669317111372947693e-02
-2.631139382719993591e-02
-2.601052261888980865e-02
-4.721200838685035706e-02
-5.305194109678268433e-02
-7.284221053123474121e-02
-1.943539828062057495e-02
7.984568364918231964e-03
-1.532330550253391266e-02
2.248270437121391296e-02
1.930944994091987610e-02
7.987921126186847687e-03
-4.794416204094886780e-02
-5.703021213412284851e-02
-1.485176943242549896e-02
-4.076959192752838135e-02
-3.599737212061882019e-02
-1.143852248787879944e-02
2.859524451196193695e-03
1.320409867912530899e-02
9.259273298084735870e-03
-2.437420561909675598e-02
-4.968105815351009369e-03
6.629956886172294617e-03
4.465153068304061890e-02
4.360519349575042725e-02
7.230642437934875488e-02
7.455543428659439087e-02
9.908398985862731934e-02
7.557044923305511475e-02
8.714801631867885590e-03
-1.764742843806743622e-02
-3.426247090101242065e-02
-3.449019044637680054e-02
-4.497349262237548828e-02
-4.229013249278068542e-02
-4.080617427825927734e-02
-8.468860387802124023e-02
-4.177715256810188293e-02
-2.848121337592601776e-02
4.403638653457164764e-03
-9.999698959290981293e-03
-3.363077715039253235e-02
2.245745388790965080e-03
2.222813293337821960e-02
1.217957958579063416e-02
4.180710017681121826e-02
3.067458234727382660e-02
4.823478404432535172e-03
-8.835859596729278564e-03
1.288622617721557617e-02
2.149891341105103493e-03
-1.394691038876771927e-02
1.521329954266548157e-02
1.065500080585479736e-02
-3.263755142688751221e-02
-1.195438206195831299e-02
1.036024559289216995e-02
-1.035138778388500214e-02
-1.342698931694030762e-02
3.998832032084465027e-02
2.969707548618316650e-02
-6.219909526407718658e-03
6.594746839255094528e-03
2.611783519387245178e-02
1.250233966857194901e-02
-6.329240277409553528e-03
-1.705196686089038849e-02
2.001331001520156860e-02
8.480686694383621216e-03
5.004445090889930725e-03
5.285517498850822449e-02
3.942733258008956909e-02
1.184444501996040344e-02
1.585144177079200745e-02
-9.746348485350608826e-03
-7.335630711168050766e-03
-1.660890690982341766e-02
2.394404076039791107e-02
1.866507343947887421e-02
-8.515311405062675476e-03
1.347779389470815659e-02
2.477470226585865021e-02
5.707633215934038162e-03
2.035479247570037842e-02
3.306969627737998962e-02
5.733769014477729797e-02
-3.157541900873184204e-02
-2.993630617856979370e-02
2.957520261406898499e-02
-5.823148787021636963e-02
-4.105604812502861023e-02
-1.731652067974209785e-03
-4.129142686724662781e-02
-2.038164064288139343e-02
-1.767371594905853271e-02
-1.321329083293676376e-02
1.151343435049057007e-02
1.829539053142070770e-02
1.353726629167795181e-02
6.530023645609617233e-03
2.002153918147087097e-02
-3.759021311998367310e-02
-3.278299421072006226e-02
-3.030535019934177399e-02
-1.459921710193157196e-02
-1.540935412049293518e-02
1.095830649137496948e-02
1.264428067952394485e-02
3.931600973010063171e-02
5.113802477717399597e-02
3.745625913143157959e-02
1.077246014028787613e-02
-5.180412530899047852e-02
2.928586490452289581e-02
2.519535645842552185e-02
-4.444796591997146606e-02
1.798061653971672058e-02
-1.365419197827577591e-02
-4.602073878049850464e-02
-1.411742251366376877e-02
-7.142149843275547028e-03
-7.585810497403144836e-03
3.383479267358779907e-02
1.932872459292411804e-02
1.271802186965942383e-02
4.660315811634063721e-02
1.360384095460176468e-02
2.270011417567729950e-02
1.125574763864278793e-02
-1.287363120354712009e-03
-1.065429393202066422e-02
-5.283398181200027466e-02
-3.423991799354553223e-02
-5.646074190735816956e-02
-4.586327821016311646e-02
-1.598672010004520416e-02
-2.415550127625465393e-02
-2.045162208378314972e-02
2.773223444819450378e-02
8.459905534982681274e-02
5.450189858675003052e-02
1.230490207672119141e-01
1.811855286359786987e-01
9.071361273527145386e-02
1.788997948169708252e-01
1.591276377439498901e-01
1.020213440060615540e-01
8.639796078205108643e-02
6.437482684850692749e-02
5.828764662146568298e-02
2.929228916764259338e-02
4.902615770697593689e-02
2.133041433990001678e-02
9.115503169596195221e-03
-1.900601945817470551e-02
4.156434908509254456e-02
2.506640553474426270e-02
1.799705252051353455e-02
3.876561671495437622e-02
3.672013431787490845e-02
2.058689855039119720e-02
4.070551693439483643e-02
3.543659299612045288e-02
6.297636777162551880e-02
1.594404131174087524e-02
-3.234966844320297241e-02
-2.020154893398284912e-02
6.778713781386613846e-03
-2.575745107606053352e-03
-5.008089356124401093e-03
1.728297397494316101e-02
2.747680246829986572e-02
8.261941373348236084e-02
-2.610406279563903809e-02
-5.323118343949317932e-02
-3.054468706250190735e-02
1.221969071775674820e-02
-7.056221365928649902e-03
4.423552379012107849e-02
1.520836818963289261e-02
4.317009449005126953e-02
7.812792807817459106e-02
6.420914083719253540e-02
1.812408678233623505e-02
8.148360997438430786e-03
7.045182585716247559e-02
1.141774933785200119e-02
-4.967402666807174683e-02
1.431847549974918365e-02
-2.155437879264354706e-02
-4.721411690115928650e-02
4.119918122887611389e-02
5.171349644660949707e-02
1.612299866974353790e-02
6.284169107675552368e-02
6.560222059488296509e-02
7.645991444587707520e-02
-2.030320465564727783e-02
-1.027084793895483017e-02
7.018140982836484909e-03
1.279662735760211945e-02
-4.862370900809764862e-03
-1.940421760082244873e-02
2.464213781058788300e-02
-1.853203400969505310e-03
4.811893217265605927e-03
1.322225085459649563e-03
7.573232520371675491e-03
2.687824703752994537e-02
7.844882085919380188e-03
4.190535843372344971e-02
1.861718297004699707e-02
1.398219261318445206e-02
-3.342248033732175827e-03
-2.795768901705741882e-02
-2.958807395771145821e-03
-2.880541048943996429e-02
-4.302604869008064270e-02
1.797218428691849113e-04
-9.254126809537410736e-03
-3.064580634236335754e-02
-1.718055456876754761e-02
-4.700546339154243469e-02
-3.024067729711532593e-02
-1.041399873793125153e-02
-3.744665533304214478e-02
-1.087072119116783142e-02
3.465183451771736145e-02
7.353566121309995651e-03
1.809714362025260925e-02
3.525897860527038574e-02
5.692372098565101624e-03
-2.629882842302322388e-02
1.182760391384363174e-02
-4.979062452912330627e-02
-3.745119273662567139e-02
3.175001963973045349e-02
1.731668226420879364e-02
3.201799467206001282e-02
1.059014722704887390e-02
-1.673902198672294617e-02
-1.740804128348827362e-02
1.759914867579936981e-02
4.106364212930202484e-03
-3.510499745607376099e-02
-4.861353710293769836e-02
-4.765653237700462341e-02
-4.575971886515617371e-02
-5.610882863402366638e-02
-5.731511116027832031e-02
-4.948220029473304749e-02
-5.748312920331954956e-02
-3.252833709120750427e-02
-1.550350338220596313e-02
2.853247104212641716e-03
2.736458554863929749e-02
1.553190592676401138e-02
9.903920441865921021e-02
7.709253579378128052e-02
4.054354876279830933e-02
8.010248839855194092e-02
6.686215847730636597e-02
3.730415180325508118e-02
-3.410518541932106018e-02
-5.623501911759376526e-02
-8.770353347063064575e-02
-2.704618126153945923e-02
-4.670237749814987183e-02
-6.213171780109405518e-02
-1.745081879198551178e-02
-1.272317115217447281e-02
-2.316346764564514160e-02
-3.055465035140514374e-02
-3.950248658657073975e-02
-1.611232198774814606e-02
-3.637057542800903320e-02
-9.475682862102985382e-03
1.189417485147714615e-02
1.089618075639009476e-02
3.327725455164909363e-02
2.787223085761070251e-02
4.280226677656173706e-02
1.666180975735187531e-02
2.293183468282222748e-02
-2.093831636011600494e-02
-1.240564230829477310e-02
1.457756850868463516e-02
1.138779055327177048e-02
-1.515502482652664185e-02
2.949263341724872589e-02
6.316025555133819580e-02
1.369834039360284805e-02
-6.362076383084058762e-03
4.633714631199836731e-02
9.359501302242279053e-03
-1.980178803205490112e-02
1.244431640952825546e-02
1.018729060888290405e-02
-3.441447764635086060e-02
-3.657051548361778259e-02
-5.294338986277580261e-02
-1.740693859755992889e-02
2.899996377527713776e-02
-1.696379855275154114e-02
1.884842524304986000e-03
4.416485875844955444e-02
4.382766783237457275e-02
1.225716248154640198e-02
7.392639666795730591e-02
4.926320910453796387e-02
3.042743355035781860e-02
5.793477594852447510e-02
-1.320912875235080719e-02
5.716153420507907867e-03
1.944637484848499298e-02
4.214637912809848785e-03
4.649714101105928421e-03
2.879419736564159393e-02
3.863339778035879135e-03
-9.165164083242416382e-03
2.201614901423454285e-02
2.141548879444599152e-02
-1.264085760340094566e-03
3.020753338932991028e-02
2.823578752577304840e-02
-2.652016840875148773e-02
2.142128534615039825e-02
3.584313765168190002e-02
4.248683154582977295e-02
3.985796496272087097e-02
1.478122826665639877e-02
1.142391934990882874e-03
4.311889875680208206e-03
-1.374791748821735382e-02
-8.313321508467197418e-03
-2.864325232803821564e-02
-1.170487608760595322e-02
-3.409099951386451721e-02
-1.477690599858760834e-02
-1.725072227418422699e-02
-4.412535950541496277e-02
-1.493970490992069244e-02
-1.456679310649633408e-02
-2.191002713516354561e-03
2.440494671463966370e-02
1.633519306778907776e-02
2.468577399849891663e-02
5.971150472760200500e-03
1.214695256203413010e-02
2.980397082865238190e-03
-4.597651213407516479e-02
-3.174451366066932678e-02
-1.414178963750600815e-02
-4.739393666386604309e-02
-3.293919935822486877e-02
-3.846180066466331482e-02
-2.098454348742961884e-02
-2.529267035424709320e-02
-2.778142131865024567e-02
2.453902736306190491e-02
-5.450374912470579147e-03
-1.540916133671998978e-02
2.171617560088634491e-02
3.540663421154022217e-02
5.064009875059127808e-02
1.908269897103309631e-02
2.193228714168071747e-02
4.426499828696250916e-02
-2.300616167485713959e-02
2.218708209693431854e-02
4.191901162266731262e-02
-3.128393366932868958e-02
-1.019192580133676529e-02
9.216630831360816956e-03
-1.374688372015953064e-02
-6.220038514584302902e-03
3.597907023504376411e-03
-1.431734487414360046e-02
-6.867589056491851807e-02
-2.140785939991474152e-02
4.476352035999298096e-02
8.157029002904891968e-02
8.927926421165466309e-02
4.998316243290901184e-02
8.235834538936614990e-02
1.059360206127166748e-01
3.821337595582008362e-02
8.350025862455368042e-02
6.425351649522781372e-02
3.515302762389183044e-02
-3.951997682452201843e-02
-1.888477616012096405e-02
1.457955967634916306e-02
-2.479718066751956940e-02
-6.047480553388595581e-02
8.305286057293415070e-03
-3.110345080494880676e-02
-6.947933137416839600e-02
-5.460749939084053040e-02
-4.407702758908271790e-02
1.639390364289283752e-03
-5.313646420836448669e-02
-3.456031158566474915e-02
-1.650740951299667358e-02
-3.844884037971496582e-02
-3.080173395574092865e-02
2.117046713829040527e-02
-7.065638434141874313e-03
1.375469099730253220e-02
3.258378803730010986e-02
-1.813744753599166870e-02
3.168420633301138878e-03
3.596543520689010620e-02
-4.589146375656127930e-02
-2.581539563834667206e-02
-1.615825667977333069e-02
-1.723838411271572113e-02
-6.253397441469132900e-05
2.611154504120349884e-02
-8.711622795090079308e-04
-1.313556078821420670e-02
1.741293631494045258e-02
-3.775686025619506836e-02
-3.381570056080818176e-02
-5.207452923059463501e-02
-2.875853702425956726e-02
-3.017731383442878723e-02
-2.066774526610970497e-03
-4.256385192275047302e-02
-3.460211679339408875e-02
-3.648458421230316162e-02
-3.236506506800651550e-02
-2.606627903878688812e-02
-4.432716220617294312e-02
4.285293072462081909e-02
7.273556292057037354e-02
3.855755552649497986e-02
3.335859254002571106e-02
4.108975082635879517e-02
5.198302865028381348e-02
2.792572416365146637e-02
2.055606059730052948e-02
-5.189141724258661270e-03
7.519383449107408524e-03
9.159075096249580383e-03
-4.393840674310922623e-03
8.374363183975219727e-03
5.253874137997627258e-02
7.610460370779037476e-02
2.417457848787307739e-02
3.198907524347305298e-02
7.831851392984390259e-02
-4.374454542994499207e-02
-7.552715390920639038e-02
-3.232400119304656982e-02
-5.066007003188133240e-02
-2.888511121273040771e-02
1.449789386242628098e-03
-1.750059612095355988e-02
1.125086098909378052e-02
8.028731495141983032e-02
1.174543984234333038e-02
-1.546217780560255051e-02
1.252263318747282028e-02
2.724076248705387115e-02
-2.993535064160823822e-02
-8.811673149466514587e-03
-1.700458861887454987e-02
-4.372259601950645447e-02
-9.178185835480690002e-03
-9.168701246380805969e-03
-2.676224568858742714e-03
4.232894256711006165e-02
-2.068824367597699165e-03
-1.276896893978118896e-02
-2.197523787617683411e-02
-2.648431621491909027e-02
-5.930266529321670532e-02
-5.646391957998275757e-02
-4.520312417298555374e-03
2.969320304691791534e-02
-3.495162818580865860e-04
2.564783208072185516e-03
2.651537768542766571e-02
1.376058068126440048e-02
-1.523182261735200882e-02
-2.414762787520885468e-02
-1.506650913506746292e-02
1.019225642085075378e-02
-5.221101269125938416e-02
-2.859936654567718506e-02
-3.158536553382873535e-02
-1.713058352470397949e-02
-1.202753186225891113e-02
5.706104449927806854e-03
-1.899619027972221375e-02
-2.552179154008626938e-03
2.664886973798274994e-02
3.313571214675903320e-02
4.448084905743598938e-02
2.650092355906963348e-02
2.753199450671672821e-02
3.527541458606719971e-02
-2.073133736848831177e-02
-2.282503619790077209e-02
-1.690244860947132111e-02
1.028127502650022507e-02
3.139197453856468201e-02
6.703252904117107391e-03
-8.263067342340946198e-03
-5.081490613520145416e-03
4.985202103853225708e-02
-1.212338544428348541e-02
1.097256666980683804e-03
1.527202688157558441e-02
3.632670268416404724e-02
1.076976489275693893e-02
3.300863504409790039e-02
7.241579145193099976e-02
3.788569942116737366e-02
3.473566100001335144e-02
6.253312528133392334e-02
4.040474817156791687e-02
2.969765476882457733e-02
4.408802464604377747e-02
5.515587329864501953e-02
2.824154123663902283e-02
2.288231253623962402e-02
1.903826184570789337e-02
1.942258677445352077e-03
1.930554583668708801e-02
3.891066415235400200e-03
-3.636549785733222961e-02
-3.006085380911827087e-02
-2.934728562831878662e-02
-4.511035978794097900e-02
4.186166822910308838e-02
2.654202282428741455e-02
2.175724320113658905e-02
3.130243346095085144e-02
6.659287464572116733e-06
1.100793387740850449e-02
1.135606504976749420e-02
-1.264416798949241638e-02
3.928664606064558029e-03
-5.164498463273048401e-03
-3.283094987273216248e-02
-9.304921259172260761e-04
2.223947830498218536e-02
1.207573432475328445e-02
3.472540155053138733e-02
-2.169081568717956543e-02
-3.696651384234428406e-02
-2.803566865622997284e-02
-1.871426962316036224e-02
-1.789497025310993195e-02
7.833522744476795197e-03
-4.545076284557580948e-03
1.124255079776048660e-02
8.183058351278305054e-02
7.809993624687194824e-02
3.143915906548500061e-02
-2.616451121866703033e-02
2.457743138074874878e-02
-1.047524996101856232e-02
-4.789860919117927551e-02
9.040819481015205383e-03
-4.762529581785202026e-02
-4.282659664750099182e-02
1.394663006067276001e-02
4.398295283317565918e-02
7.257416844367980957e-02
-2.151056006550788879e-02
3.894170001149177551e-02
5.985973775386810303e-02
-2.901817299425601959e-02
2.225454896688461304e-02
2.417868375778198242e-02
-1.746210083365440369e-02
6.657456979155540466e-04
-6.540335714817047119e-03
-3.168408200144767761e-02
-4.213685542345046997e-02
-2.125863172113895416e-02
-5.229218676686286926e-02
-4.001484066247940063e-02
-3.970549628138542175e-02
-2.584241144359111786e-02
-4.927247017621994019e-02
-4.372216016054153442e-02
-3.861297294497489929e-02
-6.287420541048049927e-02
-6.161612272262573242e-02
1.222652569413185120e-02
-1.952625252306461334e-02
-3.888733685016632080e-02
6.317518651485443115e-03
2.204573102062568069e-04
-2.423119917511940002e-02
2.302210032939910889e-02
3.632590919733047485e-02
2.351292036473751068e-02
3.111704625189304352e-02
5.798934027552604675e-02
2.461410872638225555e-02
-9.362726472318172455e-03
-6.257102359086275101e-03
2.536185644567012787e-02
2.687542699277400970e-02
1.687012799084186554e-02
-1.108749117702245712e-02
3.707093372941017151e-02
3.553645685315132141e-02
-2.111039310693740845e-02
-7.443422917276620865e-03
1.505292486399412155e-02
3.045666404068470001e-02
7.537283003330230713e-02
5.312384665012359619e-02
6.124615669250488281e-02
7.363354414701461792e-02
8.711598813533782959e-02
2.781683020293712616e-02
2.358570136129856110e-02
2.261630445718765259e-02
8.804998360574245453e-03
5.857273191213607788e-02
2.158894948661327362e-02
2.739643119275569916e-02
8.272080123424530029e-02
8.710029721260070801e-02
6.183553487062454224e-02
2.655308693647384644e-02
-1.165723148733377457e-02
-1.180021930485963821e-02
-3.879109397530555725e-02
-1.462432928383350372e-02
-3.413978219032287598e-02
-4.130541533231735229e-02
-4.834218695759773254e-02
-2.155473455786705017e-02
-5.892465636134147644e-02
-3.902964293956756592e-02
-2.120079100131988525e-02
-8.224469423294067383e-02
-6.002610549330711365e-02
-5.629679560661315918e-02
-1.523091923445463181e-02
-3.708459064364433289e-02
1.968051306903362274e-02
9.352750144898891449e-03
3.149295225739479065e-02
3.091757372021675110e-02
4.057360813021659851e-02
2.864203229546546936e-02
3.077799640595912933e-02
3.029755130410194397e-02
2.922183088958263397e-02
-5.500270519405603409e-03
-9.357740171253681183e-03
-2.251375280320644379e-02
-2.364431321620941162e-02
-7.854878157377243042e-02
-6.324229389429092407e-02
-3.182360529899597168e-02
-7.347396761178970337e-02
-6.616010516881942749e-02
2.281853630847763270e-05
-1.062967814505100250e-03
-3.799787908792495728e-02
-7.102759182453155518e-02
-2.937505021691322327e-02
-3.273857757449150085e-02
-4.460385814309120178e-02
7.771295029670000076e-03
2.236733445897698402e-03
-2.663111500442028046e-02
1.727718673646450043e-02
1.840338483452796936e-02
1.046926062554121017e-02
5.046771094202995300e-02
7.930275052785873413e-02
6.253621727228164673e-02
8.886044844985008240e-03
3.516675904393196106e-02
1.520770881325006485e-02
-8.512536995112895966e-03
-5.150744691491127014e-03
-4.041071608662605286e-02
-4.725225642323493958e-02
-3.365029394626617432e-02
-2.412930689752101898e-02
-4.730940610170364380e-02
-5.402928590774536133e-02
-1.057368516921997070e-02
-2.111187763512134552e-02
-3.295251727104187012e-02
-6.919435225427150726e-03
-2.423265762627124786e-02
-1.923052035272121429e-02
-1.133719272911548615e-02
-4.328878223896026611e-02
-2.708473242819309235e-02
-1.526784803718328476e-02
6.246358528733253479e-02
-2.795481355860829353e-03
-2.732150070369243622e-02
-2.234412590041756630e-03
-6.391968578100204468e-02
-6.310115009546279907e-02
1.111812540329992771e-03
-5.083267018198966980e-02
-4.313805326819419861e-02
-1.277619972825050354e-02
-1.837649941444396973e-02
-4.239602014422416687e-03
-1.215644995681941509e-03
-2.548838593065738678e-02
-4.637077078223228455e-02
-7.737814448773860931e-03
-3.325642645359039307e-02
-4.945898801088333130e-02
-1.685467921197414398e-02
6.420277059078216553e-04
1.399187091737985611e-02
-2.395378984510898590e-02
1.676826551556587219e-02
2.172511070966720581e-02
-1.478753983974456787e-02
3.610838204622268677e-02
2.292808890342712402e-02
2.578055299818515778e-02
4.989058524370193481e-02
1.071778405457735062e-02
1.576454564929008484e-02
5.076466128230094910e-02
3.935799375176429749e-02
1.761573739349842072e-02
2.845704182982444763e-02
1.951566711068153381e-02
-6.216090172529220581e-02
-6.726995110511779785e-02
-7.853722572326660156e-02
1.027060300111770630e-02
9.718096815049648285e-03
5.509758833795785904e-03
5.747416615486145020e-02
1.261690109968185425e-01
8.260700106620788574e-02
-1.985678263008594513e-02
-3.529619053006172180e-02
-4.677027836441993713e-02
-3.422159329056739807e-02
-9.746851399540901184e-03
-3.037897497415542603e-02
-5.263840779662132263e-02
-5.921856313943862915e-02
-6.609483808279037476e-02
-5.795077886432409286e-03
-9.838101454079151154e-03
3.359270468354225159e-02
-5.432530865073204041e-02
-9.392938576638698578e-03
-3.210425004363059998e-02
-3.500002622604370117e-02
-2.262957021594047546e-02
2.289194148033857346e-03
-3.098256886005401611e-02
-7.550808787345886230e-02
-5.302075296640396118e-02
-9.523509070277214050e-03
-4.757668450474739075e-02
-4.100454971194267273e-02
1.269260980188846588e-02
-1.269802264869213104e-02
-4.143061488866806030e-02
-3.805296868085861206e-02
-5.649149045348167419e-02
-6.494571268558502197e-02
-4.696143418550491333e-02
-4.958476126194000244e-02
-3.109420649707317352e-02
-3.949746116995811462e-02
-2.395598404109477997e-02
-1.041554380208253860e-02
-2.669812180101871490e-02
-5.895191803574562073e-02
-5.781262740492820740e-02
1.926624681800603867e-03
4.262561560608446598e-04
2.414092049002647400e-02
4.914668947458267212e-02
5.180917680263519287e-02
5.195838958024978638e-02
1.357980072498321533e-02
-2.660613693296909332e-02
-5.156191810965538025e-02
-2.020861767232418060e-02
-2.604058943688869476e-02
-1.713920943439006805e-02
8.866275660693645477e-03
6.489363033324480057e-03
2.530457824468612671e-02
-5.949409212917089462e-03
-7.834086194634437561e-03
-3.662668541073799133e-02
-2.269240282475948334e-02
-9.720539674162864685e-03
-2.829228900372982025e-02
-2.206435799598693848e-02
-1.211434416472911835e-02
2.477244706824421883e-03
3.025222569704055786e-02
1.059725997038185596e-03
-6.296360865235328674e-03
5.901048704981803894e-02
3.370612626895308495e-03
-6.284315139055252075e-03
2.750604972243309021e-02
-3.121619345620274544e-03
-3.903324902057647705e-02
4.026975948363542557e-04
8.430250454694032669e-04
-4.192502528894692659e-04
4.560459405183792114e-03
1.647240296006202698e-02
6.346464622765779495e-03
4.288236377760767937e-04
6.561904679983854294e-03
1.337331905961036682e-02
-2.909149974584579468e-02
1.295957993716001511e-02
3.601496294140815735e-02
-5.788618582300841808e-04
3.768492862582206726e-02
3.642619401216506958e-02
2.920386381447315216e-02
3.742285072803497314e-02
1.734535768628120422e-02
-2.698673680424690247e-02
-2.491984330117702484e-02
-3.912330418825149536e-02
-3.417478129267692566e-02
-3.871134668588638306e-02
-6.024893373250961304e-02
1.959088025614619255e-03
-3.113765455782413483e-02
-5.810689553618431091e-02
-1.951262913644313812e-02
-1.271415688097476959e-02
-2.309265080839395523e-03
-3.886130452156066895e-02
1.926073455251753330e-03
-1.849949546158313751e-02
-4.446491971611976624e-02
-2.013433352112770081e-02
-4.157064855098724365e-02
-4.257236793637275696e-02
-3.983720391988754272e-02
-4.236672073602676392e-02
-1.766764000058174133e-02
-1.710623875260353088e-02
-1.958658359944820404e-02
-4.429358989000320435e-02
-3.681556880474090576e-02
-4.884457960724830627e-02
2.620689012110233307e-02
1.441971957683563232e-02
-1.236390043050050735e-02
-2.955602714791893959e-03
1.295846886932849884e-02
2.809490775689482689e-03
1.086242962628602982e-02
3.114595543593168259e-03
2.374383388087153435e-03
-3.151116520166397095e-02
-3.859069198369979858e-02
-1.651756279170513153e-02
-5.478787794709205627e-02
-5.050194635987281799e-02
-2.106947265565395355e-02
-1.594582758843898773e-02
-1.683102361857891083e-02
4.446893464773893356e-03
1.212950330227613449e-02
1.701168529689311981e-02
2.109347097575664520e-02
3.657249361276626587e-02
3.580201044678688049e-02
5.904645472764968872e-02
2.900531888008117676e-02
4.168142378330230713e-02
3.395425528287887573e-02
-2.666110359132289886e-02
-5.901098251342773438e-03
1.145189348608255386e-02
-1.973910629749298096e-02
3.065486438572406769e-03
5.662143230438232422e-03
4.978845245204865932e-04
1.654583215713500977e-02
-1.570573635399341583e-02
-2.325244713574647903e-03
-1.212646439671516418e-02
-1.353779714554548264e-02
-4.776299931108951569e-03
-1.877424120903015137e-02
-3.863710537552833557e-02
-6.939510814845561981e-03
-1.966433785855770111e-02
-4.843097552657127380e-02
-3.564750030636787415e-02
2.166103571653366089e-03
-2.595754154026508331e-02
-2.552244113758206367e-04
1.507005374878644943e-02
9.815328521654009819e-04
-7.203243207186460495e-03
1.256408169865608215e-02
4.018912836909294128e-02
2.632782980799674988e-02
5.086600780487060547e-02
1.039856951683759689e-02
3.852969035506248474e-02
3.591816872358322144e-02
3.104754537343978882e-02
-2.837305143475532532e-02
1.864839158952236176e-02
4.505478311330080032e-03
2.567853406071662903e-02
-3.254624456167221069e-02
-3.000093437731266022e-02
1.625724509358406067e-02
-2.895671501755714417e-02
-4.690565541386604309e-02
-5.191707168705761433e-04
-1.507778186351060867e-02
-4.540212079882621765e-02
2.688177302479743958e-02
-1.503163389861583710e-02
-6.025800947099924088e-03
-1.060896180570125580e-02
-1.485952734947204590e-02
-4.770115762948989868e-02
-1.163945998996496201e-02
-4.178979247808456421e-02
-5.271378532052040100e-02
-2.021845057606697083e-02
6.034763529896736145e-03
-5.997441709041595459e-03
-3.068503178656101227e-02
-1.518170628696680069e-02
-3.331520408391952515e-02
-4.537180438637733459e-02
-3.242994844913482666e-02
-5.750818178057670593e-02
-2.903106249868869781e-02
-4.309137165546417236e-02
-4.262202233076095581e-02
-2.562434040009975433e-02
-1.857384666800498962e-02
-1.576384343206882477e-02
-6.324462592601776123e-03
-2.748173661530017853e-02
-2.416944317519664764e-02
3.391886502504348755e-02
2.025852724909782410e-02
-2.555556967854499817e-02
-9.996347129344940186e-03
2.502551861107349396e-02
-3.967067226767539978e-02
-2.847003377974033356e-02
-2.104249969124794006e-02
-5.548186600208282471e-02
-2.019755169749259949e-02
-1.914562843739986420e-02
-3.992181643843650818e-02
-3.878417983651161194e-02
-6.683478713966906071e-04
-3.162793815135955811e-02
-3.132839500904083252e-02
-2.088208869099617004e-02
-3.734376281499862671e-02
-3.497534617781639099e-02
-4.021283611655235291e-02
-4.050587490200996399e-02
-3.415197134017944336e-02
-3.568769246339797974e-02
-4.209588095545768738e-02
-4.768523573875427246e-02
-6.849579513072967529e-02
-7.405789941549301147e-02
-2.927437424659729004e-02
2.327285706996917725e-02
4.748516157269477844e-02
2.745811454951763153e-02
5.715681985020637512e-02
8.401942253112792969e-02
5.594930425286293030e-02
1.049123927950859070e-01
1.077955365180969238e-01
1.998898014426231384e-02
-8.386367000639438629e-03
-1.138791069388389587e-02
-9.204365313053131104e-03
-3.721098881214857101e-03
-4.056387022137641907e-02
-1.442946400493383408e-02
-2.567945607006549835e-02
-4.342085868120193481e-02
1.012051384896039963e-02
3.677616640925407410e-02
5.463173240423202515e-02
4.436771571636199951e-02
6.090179830789566040e-02
6.780689209699630737e-02
3.173455968499183655e-02
6.585309654474258423e-02
5.275429785251617432e-02
-1.011807657778263092e-02
-2.008854411542415619e-02
-7.943106815218925476e-03
2.273107320070266724e-02
1.679497025907039642e-02
-1.213307306170463562e-02
1.834381371736526489e-02
2.806038036942481995e-02
1.681924425065517426e-02
-9.877180680632591248e-03
-4.969971254467964172e-03
-4.904247447848320007e-02
-3.687447309494018555e-02
-3.322917968034744263e-02
-6.682924926280975342e-02
-4.212398082017898560e-03
-3.830244019627571106e-02
-6.834741681814193726e-02
-1.224940177053213120e-02
7.296719588339328766e-03
5.260901898145675659e-02
2.204179018735885620e-02
4.371343553066253662e-02
8.631741255521774292e-02
-5.512041971087455750e-03
4.237446188926696777e-02
5.322425067424774170e-02
-7.421429269015789032e-03
-1.451693242415785789e-03
-3.624847158789634705e-02
-3.041976690292358398e-02
-3.095433302223682404e-02
-3.376682847738265991e-02
-4.279978200793266296e-02
-1.988876797258853912e-02
-2.835416235029697418e-02
-1.242621056735515594e-02
1.180876046419143677e-02
1.187425013631582260e-02
-3.738939389586448669e-02
-4.145475476980209351e-02
-4.850504919886589050e-02
-7.271652668714523315e-02
-8.731254190206527710e-02
-8.734767138957977295e-02
1.662263646721839905e-02
-6.988132372498512268e-03
7.372183725237846375e-03
-1.312045194208621979e-02
-4.805104807019233704e-03
7.069166284054517746e-03
-3.647838160395622253e-02
-3.369295597076416016e-02
-3.455521166324615479e-02
2.764231711626052856e-02
5.637471377849578857e-02
1.702776178717613220e-02
4.259726032614707947e-03
8.952406235039234161e-03
-2.655681688338518143e-03
2.290733158588409424e-02
4.257082939147949219e-02
5.314691364765167236e-02
4.989984631538391113e-02
3.980992734432220459e-02
-8.510245941579341888e-03
1.732067391276359558e-02
1.272739376872777939e-02
1.827727683121338487e-04
-2.187532745301723480e-02
-1.043077465146780014e-02
-2.578025870025157928e-02
-3.483730182051658630e-02
-3.057230450212955475e-02
-3.953589871525764465e-02
-2.661361545324325562e-02
3.040129784494638443e-03
-3.143950924277305603e-02
-3.023953875526785851e-03
-6.076927762478590012e-03
-5.351059883832931519e-02
3.392882645130157471e-02
4.765678569674491882e-02
1.917140930891036987e-02
-4.842823371291160583e-03
9.231771342456340790e-03
3.002832643687725067e-02
-4.172022268176078796e-02
-1.069825701415538788e-02
-1.142083294689655304e-02
-1.865400373935699463e-02
-4.210714623332023621e-02
-4.466643929481506348e-02
-5.272808298468589783e-02
-2.421570010483264923e-02
-3.815298527479171753e-02
-2.404513582587242126e-02
-3.743825852870941162e-02
-1.439541578292846680e-02
-5.523232370615005493e-02
-3.434548899531364441e-02
-5.760469473898410797e-03
-7.609681040048599243e-02
-8.284658193588256836e-02
-7.591037452220916748e-02
-5.320435762405395508e-02
-7.532750070095062256e-02
-5.688263103365898132e-02
1.303297001868486404e-02
-1.743242889642715454e-02
-5.407124757766723633e-02
-4.096344485878944397e-02
-3.779834881424903870e-02
-9.354855865240097046e-02
-3.751704096794128418e-02
-1.313466671854257584e-02
-3.840833529829978943e-02
2.464193850755691528e-02
-5.815202370285987854e-02
-3.610074520111083984e-02
-3.440573066473007202e-02
-6.525243818759918213e-02
-6.694347411394119263e-02
-1.436389051377773285e-02
-3.295662999153137207e-02
-3.284182026982307434e-02
1.914807595312595367e-02
1.771108433604240417e-02
-1.577318646013736725e-02
4.329866170883178711e-02
1.943343505263328552e-02
1.427621673792600632e-02
5.797738209366798401e-02
8.704540319740772247e-03
7.867284119129180908e-03
3.236529603600502014e-02
-4.859734792262315750e-03
-3.114473074674606323e-02
1.092752441763877869e-02
-1.824440620839595795e-02
-3.141119331121444702e-02
-3.610538318753242493e-02
-5.518599599599838257e-02
-3.538385778665542603e-02
6.185618788003921509e-02
7.849613577127456665e-02
4.812358319759368896e-02
6.647295318543910980e-03
1.899870298802852631e-02
1.774118281900882721e-03
-2.013030461966991425e-02
3.361607901751995087e-03
9.098658338189125061e-03
-4.735010489821434021e-02
-7.553684711456298828e-02
-5.690667033195495605e-02
-4.215650260448455811e-02
-6.573655456304550171e-02
-5.416881293058395386e-02
4.169618245214223862e-03
-2.095224149525165558e-02
-3.549403697252273560e-02
3.156663104891777039e-02
-9.774137288331985474e-03
2.244960330426692963e-02
-1.066175755113363266e-02
1.817808859050273895e-02
-2.158008515834808350e-02
-1.070897467434406281e-02
-2.122498303651809692e-02
-7.639178074896335602e-03
-1.438841409981250763e-02
-2.828593831509351730e-03
8.887464180588722229e-03
-3.588615730404853821e-02
4.197178408503532410e-03
9.548985399305820465e-03
-4.029387142509222031e-03
-3.676806762814521790e-02
2.834035549312829971e-03
6.757041811943054199e-02
6.213244795799255371e-02
3.091025725007057190e-02
1.121065299957990646e-02
2.412449754774570465e-02
2.425331249833106995e-02
-1.292656827718019485e-02
-4.333480075001716614e-02
1.276542246341705322e-02
6.518956273794174194e-02
6.956088542938232422e-02
7.194245606660842896e-02
3.188991174101829529e-02
1.705390214920043945e-02
-1.129988580942153931e-02
1.294555142521858215e-02
-4.951076582074165344e-02
-6.274405866861343384e-02
2.008653432130813599e-02
4.848763346672058105e-02
1.305509172379970551e-02
-1.330730272457003593e-03
7.780455052852630615e-03
5.022058635950088501e-02
-7.884584367275238037e-03
3.980480600148439407e-03
1.926675176946446300e-04
-2.307949401438236237e-02
-1.048524305224418640e-02
2.498650457710027695e-03
7.359163369983434677e-03
-3.169009461998939514e-02
-5.289710592478513718e-03
-6.139372475445270538e-03
-2.434477768838405609e-02
-2.216513082385063171e-02
-3.681763261556625366e-02
-1.542019248008728027e-01
-1.375738531351089478e-01
-5.742872133851051331e-02
-1.312922686338424683e-01
-1.210214272141456604e-01
-1.764762960374355316e-02
-5.104847252368927002e-02
-4.480833932757377625e-02
-7.701291143894195557e-02
-5.682928953319787979e-03
2.067383006215095520e-02
2.355221845209598541e-02
2.367903850972652435e-02
6.922346353530883789e-02
4.587416723370552063e-02
6.223860010504722595e-02
4.017782956361770630e-02
-2.290904521942138672e-02
2.294228412210941315e-02
8.198758587241172791e-03
-1.844709739089012146e-02
-1.038889586925506592e-02
1.694472011877223849e-04
-1.701796543784439564e-03
-3.596184775233268738e-02
-1.143408380448818207e-02
-1.127930078655481339e-02
-2.747032977640628815e-02
-8.058001287281513214e-03
-1.750311069190502167e-02
-3.052960522472858429e-02
-1.583078689873218536e-02
1.342360768467187881e-02
-3.977478668093681335e-02
-2.581883221864700317e-02
5.327473953366279602e-02
-1.393485465086996555e-03
2.074760198593139648e-02
-8.635800331830978394e-03
-3.639272227883338928e-02
-5.894124880433082581e-02
-5.628385767340660095e-02
-1.034234985709190369e-01
-1.083249002695083618e-01
-6.176450103521347046e-02
-1.103994250297546387e-01
-7.334806025028228760e-02
-6.192274764180183411e-02
-1.056591197848320007e-01
-1.086483001708984375e-01
-3.838491858914494514e-03
-5.550145357847213745e-02
-5.891641974449157715e-02
1.492820680141448975e-02
4.426223784685134888e-02
5.287314951419830322e-02
2.278257161378860474e-02
5.453065037727355957e-03
1.045906357467174530e-02
8.774060755968093872e-03
1.784854568541049957e-02
-4.016919061541557312e-03
5.406679585576057434e-02
4.533109813928604126e-02
2.846991270780563354e-02
7.973267138004302979e-02
2.692585997283458710e-02
6.688375025987625122e-02
9.072756767272949219e-02
7.281585037708282471e-02
5.662504211068153381e-02
3.621265664696693420e-02
5.488868802785873413e-02
3.841188549995422363e-02
3.204553155228495598e-03
-1.385241281241178513e-02
2.186830528080463409e-02
-7.107271347194910049e-03
-1.396194379776716232e-02
-1.488884259015321732e-02
1.692335493862628937e-02
3.038287535309791565e-02
1.123075187206268311e-02
-3.067587129771709442e-02
-3.187995404005050659e-02
-5.393388681113719940e-03
-6.887713074684143066e-02
-6.782885640859603882e-02
-3.403122723102569580e-02
3.112337365746498108e-02
2.517779730260372162e-02
1.754207420162856579e-03
3.938557952642440796e-02
1.642316579818725586e-02
1.820315048098564148e-02
2.135160192847251892e-02
4.616848379373550415e-02
4.376941360533237457e-03
-1.579254865646362305e-02
-5.000021681189537048e-02
-5.922446027398109436e-02
-4.050024226307868958e-02
-5.341060832142829895e-02
-5.267782509326934814e-02
-2.459594234824180603e-02
-6.051736697554588318e-02
-3.625804930925369263e-02
-9.182986803352832794e-03
-2.850162237882614136e-02
-2.286656759679317474e-02
1.682626828551292419e-02
3.687741979956626892e-02
5.090318992733955383e-02
3.793151304125785828e-02
7.535639405250549316e-02
6.327325850725173950e-02
-1.482341997325420380e-02
-4.740636050701141357e-02
-3.669387847185134888e-02
1.024205982685089111e-02
-1.648371294140815735e-02
-1.219943724572658539e-02
5.544888228178024292e-02
2.930611185729503632e-02
3.954914212226867676e-02
-2.330893883481621742e-03
1.735658012330532074e-02
4.979227110743522644e-02
3.404377400875091553e-02
-9.084464982151985168e-03
3.011056594550609589e-02
4.857728630304336548e-02
2.066905982792377472e-02
-2.243998227640986443e-03
-8.033649995923042297e-03
-1.732875593006610870e-02
-1.147657167166471481e-02
2.037994749844074249e-02
1.620236039161682129e-02
-3.820431651547551155e-03
2.728554792702198029e-02
1.749846898019313812e-02
1.365826185792684555e-02
-1.922549679875373840e-02
-1.139591727405786514e-02
3.411716595292091370e-02
-2.351875044405460358e-02
-3.552747145295143127e-02
-3.112885169684886932e-02
-4.103374108672142029e-02
-5.154364183545112610e-02
-3.372826427221298218e-02
-3.468636795878410339e-02
-3.230911213904619217e-03
-1.057085581123828888e-02
-4.877276718616485596e-03
-6.786447949707508087e-03
-3.165525943040847778e-02
1.001772470772266388e-02
1.438366621732711792e-02
-3.522154409438371658e-03
-4.867767170071601868e-02
-8.340602368116378784e-02
-3.576733916997909546e-02
-6.843256950378417969e-02
-5.549795180559158325e-02
-6.679601967334747314e-02
-3.361149877309799194e-02
-1.260111853480339050e-02
-3.235097229480743408e-02
-2.357450500130653381e-02
-2.825916372239589691e-02
-3.781166300177574158e-02
-3.707272186875343323e-02
-3.544743359088897705e-02
-3.025218658149242401e-02
-2.441108226776123047e-02
-2.386617287993431091e-02
5.911765154451131821e-03
1.208531949669122696e-02
-1.214793301187455654e-03
-3.203155472874641418e-02
2.083135396242141724e-02
-1.078594848513603210e-02
-1.016247365623712540e-02
-8.970976341515779495e-04
-6.066904403269290924e-03
1.834126934409141541e-02
1.332725305110216141e-02
-6.590013392269611359e-03
-1.716114021837711334e-02
1.932901702821254730e-02
5.140469409525394440e-03
-4.014379158616065979e-02
3.118253313004970551e-02
-2.430640533566474915e-02
-4.700333997607231140e-02
-3.279742226004600525e-02
8.699241094291210175e-03
4.638405889272689819e-02
-4.200424533337354660e-03
1.313277333974838257e-02
3.815632313489913940e-02
2.688354253768920898e-02
4.163093864917755127e-02
2.506641857326030731e-02
-4.604258108884096146e-03
2.272209525108337402e-02
4.760609194636344910e-02
1.067906990647315979e-01
9.258984774351119995e-02
5.771137773990631104e-02
1.307898014783859253e-01
1.278911232948303223e-01
5.808030441403388977e-02
5.902418494224548340e-02
1.084883138537406921e-02
-7.272949814796447754e-02
2.582455426454544067e-02
8.054180070757865906e-03
-7.887905836105346680e-02
5.208979360759258270e-03
-4.187336657196283340e-03
-4.619053378701210022e-02
1.336155366152524948e-02
-9.910844266414642334e-03
7.383695337921380997e-03
-2.561106346547603607e-03
3.090007696300745010e-03
-7.547037093900144100e-04
9.375204332172870636e-03
3.279725555330514908e-03
1.885759457945823669e-02
-4.299470747355371714e-04
4.740538541227579117e-03
2.979741990566253662e-02
-2.116385661065578461e-02
1.095107989385724068e-03
2.415616624057292938e-02
1.623479533009231091e-03
1.609400287270545959e-02
4.572576284408569336e-02
-3.961899783462285995e-03
-2.310389094054698944e-02
-2.207860723137855530e-02
-7.482284214347600937e-03
1.760271005332469940e-02
2.212502807378768921e-02
1.528551056981086731e-02
7.458761334419250488e-02
4.434213042259216309e-02
-3.292280808091163635e-02
-3.404015302658081055e-02
3.112311102449893951e-02
-8.282520622014999390e-02
-1.523170340806245804e-02
4.706480726599693298e-02
-8.700426667928695679e-02
4.820983111858367920e-02
3.200042992830276489e-02
-1.886542141437530518e-02
2.028493396937847137e-02
6.032544374465942383e-02
1.009898819029331207e-02
2.348339743912220001e-02
1.667794212698936462e-02
1.455877721309661865e-02
1.296754111535847187e-03
-1.232188777066767216e-03
7.057338487356901169e-03
-8.197591640055179596e-03
-1.980482786893844604e-02
2.331345807760953903e-03
-1.748704817146062851e-03
-1.696598529815673828e-02
-1.473393943160772324e-02
-4.281172901391983032e-02
-3.530698269605636597e-02
-1.627541892230510712e-02
-2.757718041539192200e-02
2.020916342735290527e-02
-1.677783019840717316e-02
-2.117652632296085358e-02
5.623795557767152786e-03
-3.032068721950054169e-02
-1.268117874860763550e-02
1.083345431834459305e-02
2.835349179804325104e-02
3.000224754214286804e-02
1.748873479664325714e-02
3.953609243035316467e-02
1.472875010222196579e-02
-4.322077147662639618e-03
-1.852161064743995667e-02
-1.333339791744947433e-02
-2.346732094883918762e-02
-1.371274702250957489e-02
-2.456846088171005249e-02
-2.710215374827384949e-02
-4.814809188246726990e-02
-4.831011965870857239e-02
3.024262376129627228e-02
-5.908579379320144653e-02
1.203712355345487595e-02
3.868503868579864502e-02
-3.098776005208492279e-02
7.222198415547609329e-03
3.637787327170372009e-02
-3.188861161470413208e-02
7.959591597318649292e-02
4.191096499562263489e-02
2.251965925097465515e-02
4.641367122530937195e-02
3.696626797318458557e-02
-6.575771258212625980e-04
-3.963486105203628540e-02
-3.430357202887535095e-02
-2.574953809380531311e-02
-5.634677782654762268e-02
-5.640295520424842834e-02
-5.325188860297203064e-03
-1.056904811412096024e-02
-5.037257075309753418e-02
9.122049063444137573e-02
7.487419247627258301e-02
-4.998300969600677490e-02
7.419186085462570190e-02
2.290323749184608459e-02
-6.555484235286712646e-02
9.928982704877853394e-03
-1.385874673724174500e-02
-4.933098703622817993e-02
8.066828362643718719e-03
-1.943621039390563965e-02
-1.960142888128757477e-02
2.855887636542320251e-03
-2.155783027410507202e-02
-2.756086923182010651e-02
-9.732287377119064331e-03
-5.874935537576675415e-02
-1.602039113640785217e-02
-4.106605425477027893e-02
-5.727590247988700867e-02
-7.750263065099716187e-02
-3.080856986343860626e-02
-5.401336401700973511e-02
-6.234432011842727661e-02
-4.299655184149742126e-02
-5.372399464249610901e-02
-2.804572135210037231e-02
2.054562233388423920e-02
-4.397374764084815979e-02
-3.554616123437881470e-02
5.274821538478136063e-03
-3.729772567749023438e-02
3.290934953838586807e-03
-1.941283978521823883e-02
-4.377829656004905701e-02
-2.723836572840809822e-03
-1.550174597650766373e-02
5.203342065215110779e-03
9.720246307551860809e-03
-3.964255750179290771e-02
-3.177253995090723038e-03
1.238297112286090851e-02
-4.093642160296440125e-02
-2.995745977386832237e-03
2.516387030482292175e-02
-7.227034866809844971e-02
-4.096197709441184998e-02
1.186749991029500961e-02
-7.942775636911392212e-02
-1.149693503975868225e-02
3.359962627291679382e-02
-1.651903986930847168e-02
8.435305207967758179e-03
4.001203551888465881e-02
-4.602830857038497925e-03
6.837292108684778214e-03
2.350944839417934418e-02
-6.146088242530822754e-03
2.108175493776798248e-02
1.225786749273538589e-02
1.411477848887443542e-02
9.697925299406051636e-03
1.942595280706882477e-02
4.836341366171836853e-03
-2.913852967321872711e-02
-1.764446124434471130e-02
-2.351703867316246033e-02
-3.654085099697113037e-02
-1.918739825487136841e-02
-8.752389997243881226e-02
-5.610319972038269043e-02
-1.096875686198472977e-02
2.012133132666349411e-03
5.641629174351692200e-02
7.098911702632904053e-02
-1.332408050075173378e-03
2.422826364636421204e-02
2.374646253883838654e-02
-2.820804901421070099e-02
1.401836704462766647e-02
8.825697936117649078e-03
-1.698443293571472168e-02
8.179353550076484680e-03
-7.418246008455753326e-03
-7.223796565085649490e-03
2.542410977184772491e-02
5.187495797872543335e-02
4.604562371969223022e-02
4.949872195720672607e-02
4.722610861063003540e-02
3.027686849236488342e-02
5.380027368664741516e-02
-4.925945308059453964e-03
3.060312010347843170e-02
3.984829410910606384e-02
-1.385947037488222122e-02
2.227615006268024445e-02
1.880192942917346954e-02
3.103335853666067123e-03
-4.266495525371283293e-04
-1.336765103042125702e-02
-2.251473069190979004e-02
-1.886800117790699005e-02
5.409948527812957764e-03
2.545136958360671997e-04
-9.523514658212661743e-03
-6.269271951168775558e-03
-1.403394807130098343e-02
2.270570583641529083e-02
4.827611893415451050e-02
-2.180422656238079071e-02
-4.001312845502980053e-05
1.822512783110141754e-02
-1.053343247622251511e-02
1.880614086985588074e-02
4.854945465922355652e-02
3.990375623106956482e-02
4.308857489377260208e-03
6.904040463268756866e-03
1.908480562269687653e-02
6.222480908036231995e-03
1.721171103417873383e-02
3.346248716115951538e-02
4.673549532890319824e-02
6.658039987087249756e-02
2.741407416760921478e-02
4.188669845461845398e-02
1.185837760567665100e-02
-4.164308309555053711e-02
3.826604783535003662e-02
-1.909296773374080658e-02
-8.670147508382797241e-02
2.053791470825672150e-02
-2.245473489165306091e-02
-7.812742143869400024e-02
-2.361134439706802368e-02
-4.965724050998687744e-02
-1.644702255725860596e-02
-4.517619684338569641e-02
-3.879307582974433899e-02
-4.410345479846000671e-02
-3.753302618861198425e-02
-2.926263026893138885e-02
4.048265109304338694e-04
-3.754179179668426514e-02
-1.310098916292190552e-02
-1.853601448237895966e-02
-1.248396188020706177e-02
1.243193913251161575e-02
-8.128086104989051819e-03
-1.768464222550392151e-02
-2.864335849881172180e-02
-3.330479562282562256e-02
4.840896464884281158e-03
1.142774056643247604e-02
1.127302180975675583e-02
-9.136411244980990887e-04
-2.637434937059879303e-02
-1.991688646376132965e-02
-6.719723343849182129e-03
-3.381484746932983398e-02
-5.000896751880645752e-02
-3.897598385810852051e-02
-3.635482117533683777e-02
-1.331416890025138855e-02
-6.185237690806388855e-02
-4.007185995578765869e-02
4.899736086372286081e-05
-6.793498992919921875e-02
-1.728597283363342285e-02
1.792401634156703949e-02
-5.709032341837882996e-02
-2.177114970982074738e-02
-1.687158457934856415e-02
-3.443607687950134277e-02
-2.495572436600923538e-03
2.651183493435382843e-02
-2.878960920497775078e-03
-8.201508782804012299e-03
8.111757226288318634e-03
-1.939308270812034607e-02
-5.320019274950027466e-02
-3.022659197449684143e-02
-2.371943742036819458e-02
-4.670426249504089355e-02
-1.013670954853296280e-02
-4.590104147791862488e-02
-1.483171340078115463e-02
2.961361035704612732e-02
-1.462093647569417953e-02
-1.712287589907646179e-02
-3.768082335591316223e-02
-2.527943812310695648e-02
-3.250515460968017578e-02
-3.104037418961524963e-02
2.113494649529457092e-02
-2.230335725471377373e-03
-3.552230447530746460e-02
2.856935746967792511e-02
1.859824173152446747e-03
8.951900526881217957e-03
-7.044705096632242203e-03
1.012277975678443909e-02
1.370041398331522942e-03
3.335087373852729797e-02
2.827719040215015411e-02
4.391883034259080887e-03
3.761048614978790283e-02
2.836211211979389191e-02
3.215952543541789055e-03
6.071789190173149109e-02
7.496827095746994019e-02
-4.067838191986083984e-03
5.177932977676391602e-02
2.185958251357078552e-02
-2.228138409554958344e-02
4.446832835674285889e-02
7.685193419456481934e-02
4.410046339035034180e-02
6.280994415283203125e-02
5.162811651825904846e-02
5.172722414135932922e-02
5.618593841791152954e-02
4.923607036471366882e-02
7.897365093231201172e-02
-3.446655347943305969e-02
-4.983675107359886169e-02
-4.681732133030891418e-02
-3.150843828916549683e-02
-4.890314117074012756e-02
-1.507400814443826675e-02
-2.661683969199657440e-02
-2.799482084810733795e-02
-1.429288461804389954e-02
2.905565779656171799e-03
-2.050285972654819489e-02
7.037485018372535706e-03
-1.765119843184947968e-02
-2.499596215784549713e-02
-9.151716716587543488e-03
-2.180996537208557129e-02
-5.948518589138984680e-02
-2.247441932559013367e-02
-3.111630119383335114e-02
-3.130035474896430969e-02
-2.007833123207092285e-02
-2.944861352443695068e-02
-1.558248884975910187e-02
-2.414065971970558167e-02
-3.629806637763977051e-02
-3.361810231581330299e-03
-8.971540257334709167e-03
-4.343418031930923462e-02
-1.285004802048206329e-02
5.941063631325960159e-03
-1.945176906883716583e-02
-2.877552248537540436e-02
-3.911265730857849121e-02
-1.575691811740398407e-02
-5.749902874231338501e-02
-2.890113927423954010e-02
7.308318465948104858e-02
8.964996039867401123e-02
5.801432952284812927e-02
5.849058553576469421e-02
6.464700400829315186e-02
8.920762687921524048e-02
5.690684542059898376e-02
6.705405563116073608e-02
9.538840502500534058e-02
-4.340918734669685364e-02
4.409507289528846741e-02
3.252927958965301514e-02
-6.110632792115211487e-02
-2.204115502536296844e-02
2.789140678942203522e-03
-5.871398374438285828e-02
-2.176768518984317780e-02
-3.065664321184158325e-02
-1.647616922855377197e-02
5.913075525313615799e-03
-1.171938981860876083e-02
-8.885517716407775879e-03
1.323596294969320297e-02
-4.651680123060941696e-03
5.795585736632347107e-02
3.839221969246864319e-02
1.522936951369047165e-02
-6.046190857887268066e-02
4.090379551053047180e-02
9.769943356513977051e-02
-5.891139432787895203e-02
3.034874051809310913e-02
1.248397678136825562e-01
-3.321186453104019165e-02
5.305762961506843567e-02
1.253884434700012207e-01
-2.534268714953213930e-04
7.993863895535469055e-03
-3.230777010321617126e-02
-1.245226943865418434e-03
-1.018626522272825241e-02
2.424613339826464653e-03
6.516318302601575851e-03
4.937495570629835129e-03
1.976004801690578461e-02
-2.667491324245929718e-02
-3.821541368961334229e-02
-1.365875126793980598e-03
-8.446382358670234680e-03
-2.030438371002674103e-02
1.830535754561424255e-02
-1.016517821699380875e-02
-3.614735603332519531e-02
-2.203498594462871552e-02
-1.893423683941364288e-02
-2.344319596886634827e-02
-2.977778576314449310e-02
-3.916135430335998535e-02
-7.076172530651092529e-02
-4.715030640363693237e-02
5.826483480632305145e-03
-2.700237557291984558e-02
-8.265252225100994110e-03
1.710333861410617828e-02
1.453963480889797211e-02
1.111974939703941345e-02
1.012297254055738449e-02
3.844032436609268188e-02
6.336583197116851807e-02
4.731719847768545151e-03
6.535881012678146362e-02
4.234516248106956482e-02
-3.223387151956558228e-02
-1.517774164676666260e-02
1.498996745795011520e-02
-2.696033753454685211e-02
-4.652846604585647583e-02
-1.704695168882608414e-03
1.295267418026924133e-02
-9.823543019592761993e-03
-1.629976555705070496e-02
-5.911673419177532196e-03
2.921980805695056915e-02
3.774437680840492249e-02
8.324066549539566040e-02
8.607523143291473389e-02
2.649356238543987274e-02
7.494858652353286743e-02
8.944410085678100586e-02
2.893094904720783234e-02
6.135841831564903259e-03
2.585393004119396210e-02
6.365241855382919312e-02
-3.527431562542915344e-02
1.666702888906002045e-02
4.570449143648147583e-02
-2.810780704021453857e-02
2.161731570959091187e-02
5.558785796165466309e-02
2.534443326294422150e-02
1.864891499280929565e-02
-1.106709614396095276e-02
5.356337502598762512e-02
1.968614198267459869e-02
-5.775134544819593430e-03
2.902667224407196045e-02
1.209950260818004608e-02
-7.943082600831985474e-03
-1.301549957133829594e-03
-2.845603274181485176e-03
-4.524928331375122070e-02
-5.227667745202779770e-03
-1.038899831473827362e-02
-2.492520026862621307e-02
1.953481696546077728e-03
-6.183889228850603104e-03
-1.944766566157341003e-02
2.949716523289680481e-02
3.915132582187652588e-02
-2.430426189675927162e-03
-1.604817435145378113e-02
5.020292475819587708e-02
4.988001193851232529e-03
-4.502736404538154602e-02
1.009272225201129913e-02
-1.502506714314222336e-02
2.111310884356498718e-02
-7.911375723779201508e-03
-1.764218695461750031e-02
-3.276849538087844849e-02
-2.472858130931854248e-02
-3.395258635282516479e-02
-4.944960027933120728e-02
-4.836089164018630981e-02
-1.792271621525287628e-02
-1.904804259538650513e-02
1.893585361540317535e-02
3.960286453366279602e-02
-1.189621444791555405e-02
2.610351704061031342e-02
3.059512376785278320e-02
-6.511517334729433060e-03
3.904933482408523560e-02
4.072066769003868103e-02
-2.849171124398708344e-02
-4.164443537592887878e-02
-1.272254972718656063e-03
-5.283655226230621338e-02
-6.131827458739280701e-02
2.743561984971165657e-03
-2.892163768410682678e-02
-2.638468332588672638e-02
-2.164328284561634064e-02
-1.641774736344814301e-02
9.373066946864128113e-03
3.726300224661827087e-02
-2.329888008534908295e-02
2.234276197850704193e-02
2.252357825636863708e-02
-2.301455289125442505e-02
2.258523739874362946e-02
3.106345795094966888e-02
-1.880866847932338715e-02
1.359521760605275631e-03
2.031845971941947937e-02
-3.200037404894828796e-02
-3.332936391234397888e-02
1.355862710624933243e-02
-3.546140715479850769e-02
-4.516039788722991943e-02
-1.332670077681541443e-02
-3.053467720746994019e-02
8.805047720670700073e-03
8.837448433041572571e-03
-3.874647989869117737e-02
-6.109673529863357544e-03
-2.318707294762134552e-02
-1.568550616502761841e-02
1.071024499833583832e-02
2.112155407667160034e-02
3.786926344037055969e-02
1.596029661595821381e-02
-4.917704313993453979e-02
-4.694185219705104828e-03
-1.874987035989761353e-02
-6.372582912445068359e-02
3.539242222905158997e-02
-6.132050603628158569e-02
-2.901591360569000244e-02
-2.097444236278533936e-02
-1.918698847293853760e-02
1.591816358268260956e-02
1.723219454288482666e-02
2.994322963058948517e-02
3.058861568570137024e-02
9.174525737762451172e-03
2.525489032268524170e-02
2.466874197125434875e-02
5.624273046851158142e-02
9.927401691675186157e-02
4.641954600811004639e-02
7.573893666267395020e-02
1.052035465836524963e-01
5.775789171457290649e-02
4.248717799782752991e-02
6.061242893338203430e-02
1.309326663613319397e-02
-1.939407177269458771e-02
-3.318842872977256775e-02
-1.674121245741844177e-02
-4.427136480808258057e-02
-4.516103863716125488e-02
-2.148498035967350006e-02
-6.265515089035034180e-02
-7.386171817779541016e-02
-2.332168444991111755e-02
6.114440038800239563e-03
5.476573947817087173e-03
-8.286349475383758545e-03
-1.484715193510055542e-02
-3.386237472295761108e-02
-1.059918943792581558e-02
2.271930500864982605e-02
7.906158454716205597e-03
-2.590431831777095795e-02
-2.781114540994167328e-02
-2.925155498087406158e-02
-2.904588356614112854e-02
-5.136458203196525574e-02
-4.291366413235664368e-02
-4.373294487595558167e-02
-4.581211507320404053e-02
-6.008735299110412598e-02
-3.924943506717681885e-02
-2.403065375983715057e-02
-7.381347822956740856e-04
9.929325431585311890e-03
-4.925457760691642761e-02
-9.767403826117515564e-03
-1.447595562785863876e-02
-1.012618765234947205e-01
-3.904624655842781067e-02
-1.502633187919855118e-02
5.265637487173080444e-02
3.820732235908508301e-02
-9.880591183900833130e-03
2.802230045199394226e-02
3.048586472868919373e-02
-2.749675139784812927e-02
3.890304639935493469e-02
2.560297027230262756e-02
-3.321265801787376404e-02
1.896562986075878143e-02
-1.630687899887561798e-02
-4.576098918914794922e-02
2.768985740840435028e-02
-3.817353770136833191e-02
-6.230096891522407532e-02
-2.731076383497565985e-04
-2.435827255249023438e-02
-4.226546734571456909e-02
7.768543902784585953e-03
-3.272927552461624146e-02
-5.515369772911071777e-02
3.274551033973693848e-02
-1.360313128679990768e-02
-6.383976899087429047e-03
3.256599977612495422e-02
2.086445875465869904e-02
5.646232981234788895e-03
-1.331489253789186478e-02
-1.529652904719114304e-02
-2.243571355938911438e-02
-6.896002590656280518e-02
-1.765710301697254181e-02
-5.816528573632240295e-02
-9.663577377796173096e-02
-7.185520231723785400e-02
-3.959126397967338562e-02
-8.576032705605030060e-03
-5.234034731984138489e-03
4.331931844353675842e-02
6.183738820254802704e-03
6.668262649327516556e-03
1.390143018215894699e-02
1.097113266587257385e-02
1.308959181187674403e-04
-1.678815670311450958e-02
5.267312750220298767e-03
2.392204664647579193e-02
5.139974411576986313e-03
3.670511767268180847e-03
1.841652579605579376e-02
2.135164476931095123e-02
1.346336491405963898e-02
4.072321578860282898e-02
2.782787755131721497e-02
-2.922369167208671570e-02
-2.584910020232200623e-02
-1.768686063587665558e-02
-2.615682408213615417e-02
-1.691020280122756958e-02
-1.659528538584709167e-02
2.930159214884042740e-03
-1.488202251493930817e-02
1.333607453852891922e-02
-3.534693038091063499e-03
-1.242829137481749058e-03
-1.619942672550678253e-02
1.177462935447692871e-02
1.840908266603946686e-02
2.273979969322681427e-02
1.024235226213932037e-02
2.288326434791088104e-02
2.604977600276470184e-02
6.993439979851245880e-03
6.433005444705486298e-03
5.006796121597290039e-02
-1.231735013425350189e-02
-2.561002038419246674e-02
4.070581495761871338e-02
-1.312649715691804886e-02
-4.103064909577369690e-02
-3.309841733425855637e-03
3.122178139165043831e-03
-4.651928693056106567e-02
-2.579604648053646088e-02
1.026691403239965439e-03
-4.239007085561752319e-02
-3.897742182016372681e-02
-1.244966499507427216e-02
-4.308570921421051025e-02
-2.418693900108337402e-02
4.022251442074775696e-02
1.412467937916517258e-02
-1.390564534813165665e-02
-1.090315272449515760e-04
-6.049986463040113449e-03
-3.655050322413444519e-02
-4.304337489884346724e-04
3.351249266415834427e-03
-1.162450015544891357e-02
-6.257711909711360931e-03
8.982803672552108765e-03
3.867252543568611145e-02
-1.632394641637802124e-02
8.989199995994567871e-03
3.676312416791915894e-02
-2.349226549267768860e-02
1.736823655664920807e-02
5.983486771583557129e-02
-3.161393571645021439e-03
-2.666750550270080566e-02
-4.500669613480567932e-02
1.340975333005189896e-02
-2.032813616096973419e-03
1.350119273411110044e-04
4.772977903485298157e-02
4.942337051033973694e-02
4.807408154010772705e-02
-2.926346100866794586e-02
-6.595829501748085022e-03
2.822290547192096710e-02
5.478767212480306625e-03
1.932808943092823029e-02
-3.829302266240119934e-03
4.175342619419097900e-02
8.414073847234249115e-03
-1.235116645693778992e-02
2.661024592816829681e-02
6.677308585494756699e-03
4.866750445216894150e-03
5.198742076754570007e-02
2.625530213117599487e-02
-2.927995286881923676e-02
1.757422275841236115e-02
2.917241677641868591e-02
-3.284151479601860046e-02
7.116962969303131104e-02
9.458308666944503784e-02
2.930377610027790070e-02
9.998284280300140381e-02
8.158837258815765381e-02
4.250143840909004211e-02
1.198762357234954834e-01
1.080775484442710876e-01
6.006618961691856384e-02
-1.268056780099868774e-02
-1.999929361045360565e-02
-2.236926183104515076e-02
9.249247377738356590e-04
5.033164750784635544e-03
-1.224063429981470108e-02
9.986010845750570297e-04
1.402034051716327667e-02
-2.346806228160858154e-02
1.861441694200038910e-02
7.995491474866867065e-02
4.530284926295280457e-02
9.040201455354690552e-02
1.063235327601432800e-01
7.547818869352340698e-02
9.010988473892211914e-02
8.990005403757095337e-02
3.525051474571228027e-02
6.807734817266464233e-02
7.571477442979812622e-02
6.327518820762634277e-02
8.323432505130767822e-02
3.709011897444725037e-02
5.425113067030906677e-02
2.710339240729808807e-02
2.455843798816204071e-02
-2.113424416165798903e-04
4.476538673043251038e-02
5.170222371816635132e-02
5.563418567180633545e-02
8.835490792989730835e-03
4.178993776440620422e-02
4.452919214963912964e-02
2.067441307008266449e-02
3.490634635090827942e-02
-4.543789837043732405e-04
5.228283698670566082e-04
-3.101192228496074677e-02
-7.701999694108963013e-02
-2.634733356535434723e-02
-3.983567655086517334e-02
-4.118334501981735229e-02
-3.615375980734825134e-02
-4.333673790097236633e-02
-2.311602048575878143e-02
6.565679359482601285e-05
2.456432394683361053e-02
-2.819378860294818878e-03
-1.333950366824865341e-02
6.080253049731254578e-03
2.578248269855976105e-02
-1.558310352265834808e-02
1.079739164561033249e-02
3.427565097808837891e-02
-6.219780538231134415e-03
3.788719326257705688e-02
5.591817200183868408e-02
2.595986239612102509e-02
4.658456519246101379e-02
4.089968279004096985e-02
3.126492723822593689e-02
-6.494326516985893250e-04
-3.594676777720451355e-02
-5.893845483660697937e-02
5.117693915963172913e-03
2.959861233830451965e-02
-1.629410427995026112e-03
2.867842279374599457e-02
2.229310199618339539e-02
7.194520439952611923e-03
3.066232986748218536e-02
6.467014551162719727e-03
1.567636802792549133e-02
2.554240077733993530e-02
6.296412646770477295e-02
-2.683776244521141052e-02
-1.555450446903705597e-02
2.430985122919082642e-02
-8.254544809460639954e-03
-1.498433202505111694e-02
2.579781040549278259e-02
3.642123937606811523e-02
1.698728464543819427e-02
-2.303335256874561310e-02
8.390443399548530579e-03
-1.979348063468933105e-02
-3.551935777068138123e-02
-3.752149268984794617e-02
-4.924552887678146362e-02
-2.457186952233314514e-02
8.286035619676113129e-03
-1.136961858719587326e-02
-1.044503320008516312e-02
1.237482856959104538e-02
-3.341621160507202148e-02
-6.365526351146399975e-04
-2.487543225288391113e-02
-1.586501300334930420e-02
-4.678043536841869354e-03
-1.715193688869476318e-02
-1.854838803410530090e-02
-4.723822697997093201e-02
-1.493729557842016220e-02
-3.950401023030281067e-02
-1.882994174957275391e-02
1.595300436019897461e-02
-1.089611183851957321e-02
-5.598435644060373306e-03
-1.901865005493164062e-02
-2.230337262153625488e-02
-2.474438399076461792e-02
-1.115760952234268188e-02
-4.160171374678611755e-02
-4.571856930851936340e-02
-6.087742000818252563e-02
-4.939698055386543274e-02
-7.818652689456939697e-02
3.835688345134258270e-03
-2.868695650249719620e-03
-2.480786666274070740e-02
-6.616646051406860352e-02
-3.181827813386917114e-02
-4.063136875629425049e-02
-3.898327797651290894e-02
-6.308145821094512939e-02
-2.694070711731910706e-02
1.973007246851921082e-02
1.521816290915012360e-02
3.568163886666297913e-02
3.362065926194190979e-02
2.405397966504096985e-02
2.089334465563297272e-02
2.472426369786262512e-02
-4.298061598092317581e-03
-1.192858326248824596e-03
-6.809391081333160400e-02
-1.879046112298965454e-02
2.935011498630046844e-02
-1.056908629834651947e-02
1.577817648649215698e-02
5.004572216421365738e-03
3.326494246721267700e-02
7.011839654296636581e-03
-4.722448810935020447e-02
7.802730053663253784e-02
7.915467023849487305e-02
6.794285774230957031e-02
5.629172548651695251e-02
4.837499558925628662e-02
4.019377008080482483e-02
1.526666805148124695e-03
3.404191695153713226e-03
-1.641677506268024445e-02
5.031722784042358398e-02
3.266418725252151489e-02
-2.192457765340805054e-02
-2.693150937557220459e-02
-1.917076855897903442e-02
-3.341668099164962769e-02
-7.477065082639455795e-03
-3.201870247721672058e-02
-1.538539677858352661e-02
-1.765148714184761047e-02
-1.556783262640237808e-02
-2.710679545998573303e-03
-6.638484448194503784e-02
-4.638049006462097168e-02
-2.268409542739391327e-02
-4.118542000651359558e-02
-4.544650390744209290e-02
-1.935540325939655304e-02
-1.796805672347545624e-02
-9.080676827579736710e-04
4.675344377756118774e-02
-3.734047524631023407e-03
2.361852116882801056e-02
4.867522791028022766e-02
1.288557052612304688e-02
1.063424162566661835e-02
2.464191615581512451e-02
-2.584811858832836151e-02
-4.112644866108894348e-02
-4.800631850957870483e-02
-1.233216002583503723e-02
-2.045562677085399628e-02
-1.615016907453536987e-02
9.303118567913770676e-04
-8.372970856726169586e-03
-1.065048621967434883e-03
1.698281802237033844e-02
2.688687108457088470e-02
1.539860665798187256e-02
4.992598667740821838e-02
5.562118720263242722e-03
2.053325623273849487e-02
-1.138449832797050476e-02
-1.081052888184785843e-02
8.643495850265026093e-03
4.616994783282279968e-02
4.823048412799835205e-02
4.833500087261199951e-02
2.429120801389217377e-02
8.214613050222396851e-02
4.400679841637611389e-02
-2.244962565600872040e-02
3.290589526295661926e-02
5.883117392659187317e-02
-7.828491181135177612e-02
-4.935777559876441956e-02
-1.574599929153919220e-02
-6.781576573848724365e-02
-5.792791023850440979e-02
-4.691217467188835144e-02
-3.156320750713348389e-02
-2.980782277882099152e-02
-2.721872553229331970e-02
-5.245833471417427063e-02
-1.748728938400745392e-02
-3.030868712812662125e-03
-2.069453895092010498e-02
2.063897065818309784e-02
7.228562980890274048e-02
-1.657541282474994659e-02
4.572085663676261902e-02
7.182405889034271240e-02
-6.249111611396074295e-03
-3.236305341124534607e-02
-3.495580330491065979e-02
4.941494204103946686e-03
-1.873201690614223480e-02
-5.035811290144920349e-02
-7.928181439638137817e-03
9.184215217828750610e-03
-2.955714799463748932e-02
4.058591555804014206e-03
-7.305306196212768555e-02
-4.516719281673431396e-02
4.784831777215003967e-03
-5.314124748110771179e-02
-2.003593370318412781e-02
5.210203118622303009e-03
-5.154478829354047775e-03
-1.359427627176046371e-02
-1.531184837222099304e-02
-2.694774186238646507e-03
3.036612831056118011e-02
7.697876077145338058e-03
-9.139783680438995361e-03
-3.931030631065368652e-03
1.856818981468677521e-02
-3.930047899484634399e-02
5.773567128926515579e-03
-2.695374656468629837e-03
-2.314442768692970276e-02
-3.270285576581954956e-02
4.954549670219421387e-02
3.434960171580314636e-02
4.378087446093559265e-02
-7.835948839783668518e-03
4.604388028383255005e-02
6.598717719316482544e-02
7.603495568037033081e-02
1.109105050563812256e-01
1.094723865389823914e-01
8.603274822235107422e-02
1.558885127305984497e-01
1.534042954444885254e-01
4.677155986428260803e-02
1.335239559412002563e-01
7.251355051994323730e-02
2.363825775682926178e-02
6.260280497372150421e-03
2.137903869152069092e-02
-3.868364496156573296e-03
9.832872077822685242e-03
3.605095203965902328e-03
2.099281921982765198e-02
1.848780550062656403e-02
3.007491491734981537e-02
-2.743472158908843994e-02
-4.947532340884208679e-02
-3.567743301391601562e-02
-4.006902500987052917e-02
-4.442914202809333801e-02
-3.030261397361755371e-02
-6.718745082616806030e-02
-3.525696322321891785e-02
-2.325246483087539673e-02
-4.888903349637985229e-02
-9.835628792643547058e-03
3.082646057009696960e-02
-4.226325824856758118e-02
-3.225149959325790405e-02
1.155445724725723267e-02
-1.914756931364536285e-02
1.676833443343639374e-02
7.044225931167602539e-02
-2.939664758741855621e-02
-3.286095708608627319e-02
-4.898760840296745300e-02
-3.305483236908912659e-02
-2.981631085276603699e-02
-2.613613568246364594e-02
-4.771202057600021362e-02
-1.727780885994434357e-02
2.913056686520576477e-02
2.344345673918724060e-02
-4.485974460840225220e-02
-1.586079597473144531e-02
-1.462370343506336212e-02
-4.417338222265243530e-02
-3.942449763417243958e-02
2.161094732582569122e-02
-2.779401279985904694e-02
-2.722185850143432617e-02
-1.945340260863304138e-02
-5.853324197232723236e-03
-3.007370606064796448e-02
5.767400935292243958e-02
4.507111385464668274e-02
1.117904204875230789e-02
1.024389192461967468e-01
7.259827852249145508e-02
4.802569001913070679e-02
-3.678881749510765076e-02
-5.023904517292976379e-02
-1.450384594500064850e-02
-7.542921602725982666e-02
-3.133616968989372253e-02
4.146693274378776550e-03
-4.838512092828750610e-02
-3.054860606789588928e-02
7.338260300457477570e-03
1.880744472146034241e-02
-2.253791876137256622e-02
-3.812756761908531189e-02
6.654737517237663269e-03
-8.923088200390338898e-03
-3.020389378070831299e-02
3.611839935183525085e-02
3.912356868386268616e-02
5.964885931462049484e-03
2.053010277450084686e-03
1.836520247161388397e-02
5.192642565816640854e-03
-9.005116298794746399e-03
-3.025041893124580383e-03
-2.578543685376644135e-02
-3.897156566381454468e-02
5.282610654830932617e-03
-2.822021767497062683e-02
-1.470214221626520157e-02
-9.754521772265434265e-03
-7.148577831685543060e-03
-3.300410695374011993e-03
1.134394388645887375e-02
1.356375683099031448e-02
6.328438874334096909e-03
-7.269895169883966446e-03
4.245565796736627817e-04
-4.753526300191879272e-03
-4.186349455267190933e-03
1.128888037055730820e-02
6.143916863948106766e-03
9.112565778195858002e-03
1.061141677200794220e-02
3.708372125402092934e-03
1.640180498361587524e-02
3.124316968023777008e-02
-1.119957864284515381e-02
3.750204632524400949e-04
-2.083703503012657166e-02
-2.030604518949985504e-02
3.567356616258621216e-02
4.839592054486274719e-02
-2.857185527682304382e-02
2.750010602176189423e-02
7.519505172967910767e-02
2.283646538853645325e-02
1.535663381218910217e-03
-2.965367399156093597e-02
2.768682874739170074e-02
9.335317648947238922e-03
-4.879173357039690018e-03
-8.395123295485973358e-03
-4.205214325338602066e-03
1.296340487897396088e-02
3.194942325353622437e-02
7.443331927061080933e-02
5.604895949363708496e-02
3.861523419618606567e-02
1.078661531209945679e-01
7.899088412523269653e-02
3.122863918542861938e-02
5.875931307673454285e-02
6.095410138368606567e-02
1.469524204730987549e-02
1.048459205776453018e-02
-2.263110131025314331e-02
-6.976394448429346085e-03
-1.566422171890735626e-02
-6.827434897422790527e-02
-1.450515352189540863e-02
-3.337112814188003540e-02
-8.033711463212966919e-02
5.747058615088462830e-02
1.388352364301681519e-01
1.022852212190628052e-01
4.137336462736129761e-02
1.061489507555961609e-01
1.219433546066284180e-01
-3.714853897690773010e-02
2.803798392415046692e-02
2.803576365113258362e-02
9.593738242983818054e-03
6.993006449192762375e-03
2.685369364917278290e-02
1.533483806997537613e-02
-2.180607290938496590e-03
3.236664459109306335e-03
-8.672759868204593658e-03
-1.327477116137742996e-02
-4.388739820569753647e-03
4.788195248693227768e-03
4.391259700059890747e-02
2.484090998768806458e-02
1.731516234576702118e-02
3.940544649958610535e-02
3.309606015682220459e-02
-3.627668134868144989e-03
2.733416669070720673e-02
5.175984930247068405e-03
-9.425816126167774200e-03
7.345135323703289032e-03
2.453410439193248749e-02
-3.217491880059242249e-02
-4.147308692336082458e-02
-4.246098920702934265e-02
-2.713670767843723297e-02
-3.906635195016860962e-02
-5.469431728124618530e-02
-2.403987199068069458e-02
-1.369652152061462402e-02
-3.156439214944839478e-02
-4.989605396986007690e-03
-2.370183169841766357e-02
-3.237949311733245850e-02
-2.056932635605335236e-02
-3.360597416758537292e-02
-5.693306028842926025e-02
-5.735097918659448624e-03
-3.408594522625207901e-03
-7.308381143957376480e-03
8.923317305743694305e-03
3.871146216988563538e-02
7.670813798904418945e-02
4.911593347787857056e-02
1.147875413298606873e-01
6.841979175806045532e-02
1.057715248316526413e-02
-8.355893660336732864e-04
1.423557009547948837e-02
6.117369513958692551e-03
3.826129809021949768e-02
4.117184877395629883e-02
1.033205911517143250e-02
5.307265371084213257e-02
3.625792637467384338e-02
4.339200258255004883e-02
1.844809763133525848e-02
-1.735344715416431427e-02
5.210882797837257385e-02
7.771398872137069702e-02
5.032758414745330811e-02
3.275345638394355774e-02
7.188767939805984497e-02
7.150558382272720337e-02
3.903255239129066467e-02
7.104452699422836304e-02
2.375783771276473999e-02
4.645937681198120117e-02
8.153416216373443604e-02
8.052476495504379272e-02
4.603550955653190613e-02
6.847601383924484253e-02
5.344073101878166199e-02
-1.266178768128156662e-02
-6.542895454913377762e-03
2.464493736624717712e-02
-2.016190439462661743e-02
-9.363917633891105652e-03
2.136673964560031891e-02
2.180128917098045349e-02
3.635016269981861115e-03
-1.028981152921915054e-02
-2.547118579968810081e-03
1.073747221380472183e-02
1.079147029668092728e-02
-2.581321634352207184e-02
-1.843915879726409912e-02
1.878958381712436676e-02
-5.055821686983108521e-02
-2.533879689872264862e-02
-3.738202527165412903e-02
2.187756355851888657e-03
5.272394977509975433e-03
1.219474151730537415e-02
-4.309998359531164169e-03
-1.711157895624637604e-02
4.549234732985496521e-02
-2.933461917564272881e-03
1.329245977103710175e-02
6.671448051929473877e-02
2.357119508087635040e-02
-3.027188358828425407e-03
-3.335948660969734192e-02
1.881816424429416656e-02
1.033948548138141632e-02
-1.706850714981555939e-03
1.358858495950698853e-02
9.117608889937400818e-03
2.097436413168907166e-02
7.803199347108602524e-03
1.565867289900779724e-02
-2.157682320103049278e-03
-6.099946796894073486e-03
2.386638522148132324e-02
2.063819020986557007e-02
-1.786899939179420471e-02
-2.100982330739498138e-02
-2.072689682245254517e-02
-2.229908667504787445e-02
-3.742008656263351440e-02
-8.027254045009613037e-02
-5.533978343009948730e-03
-5.631909240037202835e-03
-3.630258888006210327e-02
2.714322321116924286e-02
5.722556263208389282e-02
2.020229026675224304e-02
-9.229801595211029053e-02
-3.860068693757057190e-02
2.751654756139032543e-05
-5.633068829774856567e-02
-5.036219581961631775e-02
-4.789260029792785645e-02
-4.261245578527450562e-02
-4.249983280897140503e-02
-4.664858430624008179e-02
-3.608993440866470337e-02
-1.140947546809911728e-02
3.295318037271499634e-02
-1.823607273399829865e-02
1.117326505482196808e-02
3.888629609718918800e-03
-2.696879766881465912e-02
-1.198959443718194962e-02
-1.141977496445178986e-02
-1.990222558379173279e-02
-2.157486276701092720e-03
-2.071239426732063293e-02
-3.661406785249710083e-02
-8.444614708423614502e-03
-6.090748310089111328e-02
-3.314319998025894165e-02
-1.864266023039817810e-02
-6.993845850229263306e-02
3.961289301514625549e-03
-6.602946086786687374e-04
-3.453023033216595650e-03
4.830703139305114746e-02
1.649301499128341675e-02
2.776735648512840271e-02
4.485732316970825195e-02
1.492242515087127686e-02
-3.746293857693672180e-02
2.124341018497943878e-02
-1.222780160605907440e-02
-1.648779772222042084e-02
-7.414065767079591751e-03
-7.393729407340288162e-03
2.452706731855869293e-02
-2.837880328297615051e-02
3.193092718720436096e-02
3.909577429294586182e-02
3.063037805259227753e-02
5.197941884398460388e-02
6.133663933724164963e-03
2.130172681063413620e-03
5.108848214149475098e-02
1.679583452641963959e-02
-2.631873264908790588e-02
3.757173195481300354e-02
6.244104728102684021e-02
-5.350376665592193604e-02
-5.340624600648880005e-02
-4.406509548425674438e-02
-1.722671464085578918e-02
-7.051991298794746399e-03
-4.708616808056831360e-02
2.890689857304096222e-02
1.628729514777660370e-02
-3.297604247927665710e-02
-6.214618310332298279e-02
-3.449956327676773071e-02
-1.000912487506866455e-02
-1.019765064120292664e-02
-2.967323921620845795e-02
-2.343762479722499847e-02
5.252313800156116486e-03
-1.789357513189315796e-02
-1.515105552971363068e-02
-2.793171256780624390e-02
2.577149495482444763e-02
-1.405023317784070969e-02
5.467799492180347443e-03
3.181895241141319275e-02
-4.328882205300033092e-04
1.033786777406930923e-02
2.698047831654548645e-02
1.720568165183067322e-02
-4.315978661179542542e-02
-4.992027580738067627e-02
-3.739325329661369324e-02
-7.583782076835632324e-02
-8.307439088821411133e-02
-6.152085587382316589e-02
-3.803307190537452698e-02
-6.408090889453887939e-02
-1.168191526085138321e-02
-4.813875537365674973e-03
-5.678782705217599869e-03
-2.101570833474397659e-03
2.814688347280025482e-02
-1.452865824103355408e-02
-6.253647804260253906e-02
7.112032617442309856e-04
-2.385156229138374329e-02
-4.663318023085594177e-02
-4.855982027947902679e-03
-1.223174389451742172e-02
1.339724473655223846e-02
-1.620163954794406891e-02
-3.778655827045440674e-02
-6.040779408067464828e-03
-6.807536631822586060e-02
-8.074564859271049500e-03
7.937085814774036407e-03
1.381756179034709930e-02
2.057475596666336060e-02
6.329670548439025879e-02
-4.568000510334968567e-02
-3.299643471837043762e-02
1.875722222030162811e-02
-3.668777644634246826e-02
-1.836590282618999481e-02
4.970490932464599609e-03
-2.149521186947822571e-02
-3.144907206296920776e-02
-2.363864565268158913e-03
-4.714131355285644531e-02
1.534653012640774250e-03
4.812730476260185242e-02
-2.867656759917736053e-02
3.638613969087600708e-02
8.383224159479141235e-02
6.073715537786483765e-02
4.043626785278320312e-02
1.380537636578083038e-02
3.456989675760269165e-02
2.252249512821435928e-03
-9.534208104014396667e-03
-2.925353869795799255e-02
-4.110646620392799377e-02
-2.882059104740619659e-02
4.499313980340957642e-02
1.241603214293718338e-02
-4.282580688595771790e-03
1.549988798797130585e-02
7.760663516819477081e-03
-2.399926632642745972e-02
7.567420136183500290e-03
1.899948716163635254e-02
-1.293497998267412186e-02
3.574093570932745934e-03
-4.020809009671211243e-02
-3.333218768239021301e-02
1.609307155013084412e-02
-2.292041853070259094e-02
-5.806780979037284851e-02
2.858770638704299927e-02
-1.594867184758186340e-02
-6.338996440172195435e-02
-5.084784328937530518e-02
-1.882225461304187775e-02
-2.488749474287033081e-02
-3.849444910883903503e-02
-2.516253292560577393e-02
-4.140597209334373474e-02
-8.095134980976581573e-04
-3.933604061603546143e-02
-7.630456238985061646e-02
4.775970429182052612e-02
-1.134399231523275375e-02
-1.405605580657720566e-02
3.307847678661346436e-02
-3.589250147342681885e-02
-1.829047128558158875e-02
-1.508313044905662537e-02
7.462456123903393745e-04
5.784898530691862106e-03
4.797293990850448608e-02
-3.234023461118340492e-03
-6.082367524504661560e-02
6.803730130195617676e-02
4.466851800680160522e-02
-1.317733805626630783e-02
4.116841778159141541e-02
6.656449288129806519e-02
4.967391490936279297e-03
-2.915679104626178741e-02
-2.344024926424026489e-02
-4.518071934580802917e-02
1.656562089920043945e-02
1.448575593531131744e-02
2.352245524525642395e-02
4.321408644318580627e-02
4.074525833129882812e-02
8.677076548337936401e-02
1.479427609592676163e-02
3.568738466128706932e-04
6.228461395949125290e-03
8.457042276859283447e-03
2.355015836656093597e-02
3.988423198461532593e-02
-1.537771546281874180e-03
5.369613319635391235e-02
1.052867099642753601e-01
-2.462158910930156708e-02
-5.694473627954721451e-03
1.465362031012773514e-02
-1.899732090532779694e-02
6.043006666004657745e-03
-7.392696104943752289e-03
-1.343735028058290482e-02
-5.072814598679542542e-02
-1.491848658770322800e-02
2.501853927969932556e-02
-1.143807545304298401e-03
-4.901446402072906494e-02
-1.432700431905686855e-03
-3.087058104574680328e-02
-4.675174131989479065e-02
1.937758177518844604e-02
-2.905671484768390656e-02
-3.913274779915809631e-02
-4.937483742833137512e-02
2.004491165280342102e-02
8.189655095338821411e-02
-5.331966280937194824e-02
4.000890627503395081e-02
1.128465160727500916e-01
-5.304982885718345642e-02
3.662983700633049011e-02
6.305231899023056030e-02
9.812092408537864685e-03
2.728489972651004791e-02
5.402271635830402374e-03
-3.970976546406745911e-02
1.838032528758049011e-02
3.474599868059158325e-02
-1.652175188064575195e-02
-5.570905748754739761e-03
1.377347204834222794e-02
5.274399742484092712e-02
4.233150184154510498e-02
2.385414764285087585e-02
7.640806585550308228e-02
8.135521411895751953e-02
8.219381421804428101e-02
5.361806601285934448e-02
3.580047190189361572e-02
3.939062729477882385e-02
1.964400894939899445e-02
-1.641139015555381775e-02
-5.602061748504638672e-02
8.210438489913940430e-02
2.292854711413383484e-02
-5.276136100292205811e-02
6.505709141492843628e-02
7.808058708906173706e-02
4.095857962965965271e-02
-4.194193705916404724e-02
3.991654142737388611e-03
4.273479059338569641e-02
-7.188323885202407837e-02
-2.471963502466678619e-02
5.156258493661880493e-02
-9.939978271722793579e-02
-8.212494850158691406e-02
-2.854372560977935791e-02
-2.245570905506610870e-02
-1.571970246732234955e-02
-1.997662521898746490e-02
-1.803598366677761078e-02
5.871887318789958954e-03
7.564787287265062332e-03
6.327863316982984543e-03
2.229330688714981079e-02
-2.186153316870331764e-03
-2.812023740261793137e-03
3.255557268857955933e-02
2.785785123705863953e-02
-3.326824679970741272e-02
-8.530440740287303925e-03
1.166382059454917908e-02
-1.495892554521560669e-02
-2.809507772326469421e-02
2.338992059230804443e-02
-1.166736148297786713e-02
-2.248312346637248993e-03
-9.765589493326842785e-04
3.468879312276840210e-02
-1.519108563661575317e-02
-5.721379071474075317e-02
2.221784740686416626e-02
-3.693806380033493042e-02
-1.011556908488273621e-01
-3.278321772813796997e-02
-5.144917219877243042e-02
-7.255733013153076172e-02
4.273160547018051147e-02
-1.331496634520590305e-03
-1.130598504096269608e-02
3.173254430294036865e-02
6.422918289899826050e-02
3.166411817073822021e-02
-3.435734543018043041e-04
1.309946645051240921e-02
2.325944043695926666e-02
1.378753129392862320e-02
7.626887410879135132e-02
8.379456400871276855e-02
1.187458820641040802e-02
4.210402444005012512e-02
7.457958161830902100e-02
1.214556675404310226e-02
-4.001710936427116394e-02
-7.406939286738634109e-03
5.484138801693916321e-02
1.597284711897373199e-02
-2.068058587610721588e-02
5.204002559185028076e-02
1.098408102989196777e-01
-2.431979635730385780e-03
4.033492133021354675e-02
6.363575905561447144e-02
1.175115909427404404e-02
-2.587233856320381165e-02
3.081060573458671570e-02
4.088002070784568787e-02
-6.279647350311279297e-02
2.632716484367847443e-02
5.998830124735832214e-02
-5.774332094006240368e-04
-3.109443001449108124e-02
-3.742807731032371521e-02
1.048016268759965897e-02
9.505744092166423798e-03
-2.193315699696540833e-02
4.778661951422691345e-02
-5.225774366408586502e-03
-3.507060930132865906e-02
-4.521461203694343567e-02
-7.908724993467330933e-02
-4.151479527354240417e-02
-3.529201447963714600e-02
-6.380592286586761475e-02
-3.924065828323364258e-02
-4.019943252205848694e-02
-1.163423527032136917e-02
-4.969207569956779480e-02
1.652651280164718628e-02
2.631039358675479889e-02
1.518741622567176819e-02
-1.577894762158393860e-02
-3.767481073737144470e-03
-8.952269330620765686e-03
-2.466331981122493744e-02
-2.479708194732666016e-02
-7.986217737197875977e-03
-3.040746040642261505e-02
-3.094599349424242973e-03
3.900916129350662231e-02
-1.438804529607295990e-02
-3.028235398232936859e-02
1.058901660144329071e-02
-3.877649083733558655e-03
-4.956674203276634216e-02
-2.785602025687694550e-02
2.996599115431308746e-02
-2.086997590959072113e-02
-3.918804228305816650e-02
1.839207112789154053e-02
-1.730741001665592194e-02
-5.132648348808288574e-02
-2.098532766103744507e-02
-6.259994115680456161e-03
-3.511852025985717773e-02
