-2.039562165737152100e-02
3.903368720784783363e-03
-5.292973667383193970e-02
-8.542921859771013260e-04
-2.735509537160396576e-03
7.060269266366958618e-02
2.145466208457946777e-02
1.082846894860267639e-01
9.168640524148941040e-02
-4.401516541838645935e-02
-6.902129948139190674e-02
-1.797627843916416168e-02
-5.498071759939193726e-02
-1.324581447988748550e-02
4.334572330117225647e-02
4.416078329086303711e-02
9.616182744503021240e-02
1.199531406164169312e-01
-6.319482624530792236e-02
-4.269822686910629272e-02
-5.024882778525352478e-02
-5.482415482401847839e-02
5.855243653059005737e-03
6.004767864942550659e-02
1.736319041810929775e-03
1.012574434280395508e-01
9.002140164375305176e-02
4.634220525622367859e-02
5.479353293776512146e-02
6.625132262706756592e-02
1.626569963991641998e-02
2.745040878653526306e-02
2.183894626796245575e-03
-5.451894551515579224e-02
-9.874597936868667603e-02
-2.174365893006324768e-02
-1.718676090240478516e-02
-2.189679443836212158e-02
1.859990321099758148e-02
-5.832386389374732971e-02
-9.443833492696285248e-03
-1.433529611676931381e-02
-4.387678951025009155e-02
-1.240085624158382416e-02
2.182541787624359131e-02
-1.106626261025667191e-02
-2.614344470202922821e-02
-1.109931431710720062e-02
-7.647935301065444946e-03
-2.916783839464187622e-02
5.315123125910758972e-03
2.595688588917255402e-02
3.573177382349967957e-02
3.770528733730316162e-02
-1.271203309297561646e-01
-8.358138799667358398e-02
-7.914905995130538940e-02
-7.096299529075622559e-02
-2.671657828614115715e-03
3.249350562691688538e-02
6.889458745718002319e-02
1.327865421772003174e-01
1.951121240854263306e-01
1.204897463321685791e-02
3.439271077513694763e-02
2.175732515752315521e-02
7.011335343122482300e-02
7.231979072093963623e-02
1.257529016584157944e-02
6.268613785505294800e-02
3.286674851551651955e-03
-7.300949841737747192e-02
9.611694142222404480e-03
6.360559724271297455e-03
7.133920677006244659e-03
3.790063038468360901e-02
3.622642159461975098e-02
7.467866688966751099e-02
2.065313979983329773e-02
3.878870233893394470e-02
3.714966773986816406e-02
-1.176094934344291687e-01
-1.272648274898529053e-01
-7.031007856130599976e-02
-6.057110428810119629e-02
-3.456769883632659912e-02
3.368395939469337463e-02
-1.388922426849603653e-02
-8.728193119168281555e-03
7.808030396699905396e-02
1.717264577746391296e-02
-2.114837057888507843e-03
-5.722605157643556595e-03
6.346422433853149414e-02
2.595100365579128265e-02
-2.485956065356731415e-02
5.971605703234672546e-02
-8.166749961674213409e-03
-4.490138217806816101e-02
1.468610484153032303e-02
9.329319000244140625e-03
3.440938517451286316e-02
3.751827776432037354e-02
2.865570224821567535e-02
1.633637398481369019e-02
4.232781473547220230e-03
1.132807787507772446e-02
-1.351251453161239624e-02
6.904090195894241333e-02
5.664899572730064392e-02
1.110181771218776703e-02
2.925150655210018158e-02
-8.994583971798419952e-03
-3.939176350831985474e-02
-4.994615446776151657e-03
-5.084177106618881226e-02
-4.721043631434440613e-02
2.098190784454345703e-02
-7.367918733507394791e-03
-3.386155143380165100e-02
-3.341566026210784912e-02
-1.662829145789146423e-02
-2.460424974560737610e-02
-4.384352639317512512e-02
-4.272577911615371704e-02
-4.092687368392944336e-02
5.234078038483858109e-03
-1.214060187339782715e-02
9.849398629739880562e-04
-1.026690192520618439e-02
9.684544987976551056e-03
6.554280221462249756e-02
-2.739244885742664337e-02
1.670238189399242401e-02
6.916549056768417358e-02
-6.567212939262390137e-02
-3.568353876471519470e-02
-1.641911640763282776e-02
-1.788456179201602936e-02
-3.225055709481239319e-02
-2.489029988646507263e-02
1.310213375836610794e-02
3.772549331188201904e-02
-2.471252530813217163e-02
-1.348477005958557129e-01
-1.688247472047805786e-01
3.537328168749809265e-02
-1.853495091199874878e-01
-1.403413563966751099e-01
-3.046763502061367035e-02
-1.490228027105331421e-01
-1.732541918754577637e-01
2.502403967082500458e-02
4.778722301125526428e-02
1.053237393498420715e-01
7.751928269863128662e-02
8.814380317926406860e-02
1.004601567983627319e-01
1.107443198561668396e-01
7.345680147409439087e-02
9.923248738050460815e-02
7.548481225967407227e-02
-4.595294222235679626e-02
-1.200369000434875488e-01
-5.213500931859016418e-02
-9.516421705484390259e-02
-1.047849357128143311e-01
-4.553375393152236938e-02
-4.769523814320564270e-02
-1.006657332181930542e-01
-2.098815457429736853e-04
-1.972610503435134888e-02
-3.942699357867240906e-02
-3.142816945910453796e-02
-9.372218511998653412e-03
-3.541020676493644714e-02
-2.711612358689308167e-02
3.523292951285839081e-03
-5.742512177675962448e-03
-1.442648656666278839e-02
-6.002296507358551025e-02
-6.688676029443740845e-02
-4.286668449640274048e-02
-4.708153381943702698e-02
-2.443081699311733246e-02
-5.479729920625686646e-02
7.747988682240247726e-03
-3.042612038552761078e-02
2.828416414558887482e-02
-2.531567588448524475e-02
-3.763271123170852661e-02
-1.007527858018875122e-02
-1.269511599093675613e-02
-1.103176036849617958e-03
-8.571331389248371124e-03
-8.739189943298697472e-04
9.607805870473384857e-03
3.344929544255137444e-03
9.041412733495235443e-03
1.693768985569477081e-02
6.502883136272430420e-02
-1.094776578247547150e-02
-6.509994622319936752e-03
5.573318153619766235e-02
2.161849290132522583e-02
7.584434002637863159e-02
4.463260620832443237e-02
7.843544706702232361e-03
4.069354012608528137e-02
2.456936612725257874e-02
-1.577188260853290558e-02
2.012241631746292114e-02
-1.057896064594388008e-03
7.330374326556921005e-03
3.949202597141265869e-02
2.133318223059177399e-02
-3.049173951148986816e-02
-9.369456022977828979e-02
-9.517830796539783478e-03
-2.124583907425403595e-02
-4.304767400026321411e-02
-1.281287986785173416e-02
-1.555841881781816483e-03
-2.841502800583839417e-02
-1.750817894935607910e-02
-2.907798625528812408e-02
3.103984706103801727e-02
5.725319311022758484e-02
4.125532694160938263e-03
6.251931190490722656e-02
6.440278142690658569e-02
1.721093431115150452e-02
2.347692474722862244e-02
5.613855645060539246e-02
-5.908951535820960999e-02
-3.689907491207122803e-02
1.409375295042991638e-02
-6.033479049801826477e-02
-4.419891163706779480e-02
-1.493576262146234512e-02
-7.859891280531883240e-03
-7.279377896338701248e-03
2.173283882439136505e-02
-1.465208269655704498e-02
-2.505964040756225586e-02
-9.180326014757156372e-03
-3.364340960979461670e-02
-4.467770457267761230e-02
-2.881781943142414093e-02
-4.979912936687469482e-02
-4.705970734357833862e-02
-2.389477752149105072e-02
3.065051697194576263e-02
4.977938905358314514e-02
1.859995536506175995e-02
3.470491617918014526e-02
3.557451814413070679e-02
2.129093930125236511e-02
-3.260126709938049316e-02
-9.341861121356487274e-03
-2.692944183945655823e-02
4.423160105943679810e-02
1.727440580725669861e-02
-6.904981285333633423e-02
4.935250058770179749e-02
2.334767021238803864e-02
-6.729555130004882812e-02
6.166053935885429382e-03
-6.714111659675836563e-03
-5.090866982936859131e-02
-1.250148285180330276e-02
-2.683740295469760895e-02
-5.023626983165740967e-02
7.010616536717861891e-05
1.435194048099219799e-03
-9.006778709590435028e-03
2.114883065223693848e-02
6.752593442797660828e-03
-1.560604386031627655e-02
-8.107240498065948486e-02
-4.011812619864940643e-03
4.771786555647850037e-02
-6.475451588630676270e-02
2.614031545817852020e-02
7.011916488409042358e-02
-4.778328351676464081e-03
1.156396791338920593e-02
2.900207228958606720e-02
3.821904212236404419e-02
-2.458984777331352234e-02
-3.336762264370918274e-02
-1.328333839774131775e-02
-4.569998010993003845e-02
-7.985565066337585449e-02
-2.915928140282630920e-02
-8.042811602354049683e-02
-6.471139192581176758e-02
-3.526313230395317078e-02
2.933849021792411804e-02
2.744566090404987335e-02
8.310267701745033264e-03
4.858337342739105225e-02
3.999842330813407898e-02
4.605703055858612061e-02
6.876143068075180054e-02
6.232650205492973328e-02
1.536170020699501038e-02
-3.184531629085540771e-02
-3.294025361537933350e-02
-1.243700366467237473e-02
-4.890746623277664185e-02
-5.507601052522659302e-02
8.759057149291038513e-03
-4.278286173939704895e-02
-4.899596422910690308e-02
-4.127638041973114014e-02
-6.808234751224517822e-02
-3.326976671814918518e-02
-4.200068116188049316e-02
-4.755134880542755127e-02
-3.031712956726551056e-02
-3.864533733576536179e-03
-3.844997286796569824e-02
-8.431766182184219360e-04
-2.864175103604793549e-02
-7.661368697881698608e-02
-5.569830536842346191e-02
-9.966907650232315063e-02
-8.386015892028808594e-02
-9.884530305862426758e-02
-6.719023734331130981e-02
-6.130671128630638123e-02
-5.633301660418510437e-02
-2.130405977368354797e-02
-4.260255023837089539e-02
-3.479232266545295715e-02
-7.395706139504909515e-03
-4.087274149060249329e-02
-3.459126129746437073e-02
-1.792183890938758850e-02
-4.138711467385292053e-02
-5.042895302176475525e-02
-6.018777564167976379e-02
-7.010248303413391113e-02
-8.110772818326950073e-02
-4.868396744132041931e-02
-1.902902312576770782e-02
-5.987556278705596924e-02
-9.420001506805419922e-02
-9.855965524911880493e-02
-9.023965895175933838e-02
-7.580077275633811951e-03
1.962356083095073700e-02
7.528136018663644791e-03
-3.277065604925155640e-02
2.385917492210865021e-02
-9.702847455628216267e-04
-3.728787228465080261e-02
7.196170277893543243e-03
-1.279987674206495285e-02
5.451853200793266296e-02
9.880178421735763550e-02
5.974804610013961792e-02
1.394650712609291077e-02
1.787395775318145752e-02
4.812708590179681778e-03
4.034504666924476624e-02
3.188461065292358398e-02
1.521623693406581879e-03
2.581218443810939789e-02
5.740812048316001892e-02
7.412245869636535645e-02
2.901072241365909576e-02
5.685699358582496643e-02
7.590801268815994263e-02
5.787579342722892761e-02
2.593899331986904144e-02
5.838168412446975708e-02
1.880367659032344818e-02
-2.716577798128128052e-02
-6.790120154619216919e-02
-1.314552221447229385e-02
-2.921362221240997314e-02
-5.270287767052650452e-02
-3.035346791148185730e-02
-5.755902454257011414e-02
-3.263602033257484436e-02
-1.592561602592468262e-02
-7.419779896736145020e-03
-2.541901543736457825e-02
-7.980309426784515381e-03
-7.980115711688995361e-03
-2.864264138042926788e-02
-2.213053777813911438e-02
-1.578460447490215302e-02
-3.418565168976783752e-02
-1.214952557347714901e-03
6.602833420038223267e-02
2.878352999687194824e-02
5.051513388752937317e-02
6.375835090875625610e-02
9.840887039899826050e-02
3.294951468706130981e-02
7.277140766382217407e-02
7.862649112939834595e-02
-1.107584126293659210e-02
4.127572104334831238e-02
4.320796206593513489e-02
-8.053051307797431946e-03
4.465921223163604736e-02
4.517160728573799133e-02
-1.433003321290016174e-02
6.700191646814346313e-02
4.483921825885772705e-02
1.419723965227603912e-02
4.183495044708251953e-02
6.136310845613479614e-02
2.184607461094856262e-02
5.589026212692260742e-02
6.365805864334106445e-02
-4.898637067526578903e-03
3.778189793229103088e-02
3.684221953153610229e-02
2.834143862128257751e-02
7.110307458788156509e-03
-1.244472619146108627e-02
1.914567314088344574e-02
9.245278313755989075e-03
-1.738728210330009460e-02
1.155862770974636078e-02
-2.756834402680397034e-02
-2.577273547649383545e-02
2.308950386941432953e-02
-1.004489362239837646e-01
-1.770780235528945923e-01
8.483432233333587646e-02
-6.256255507469177246e-02
-2.323589622974395752e-01
1.596386134624481201e-01
-3.096351400017738342e-03
-1.394506543874740601e-01
-9.042542427778244019e-03
3.205344453454017639e-02
3.694041073322296143e-02
1.643151044845581055e-02
5.120442435145378113e-02
1.105459704995155334e-01
3.247801586985588074e-02
1.089428812265396118e-01
7.580295950174331665e-02
3.183273226022720337e-02
-7.769397459924221039e-03
-1.133977100253105164e-01
7.403646409511566162e-02
2.564755827188491821e-02
-6.797125190496444702e-02
6.168236956000328064e-02
5.125064030289649963e-02
-2.443419396877288818e-02
3.035351820290088654e-02
-1.493720244616270065e-02
-2.442934736609458923e-02
8.992998860776424408e-03
1.673550228588283062e-03
-4.183783754706382751e-02
-2.847641892731189728e-02
-1.376226078718900681e-02
-5.607335269451141357e-02
8.407112956047058105e-02
2.512847306206822395e-03
-3.015729971230030060e-02
8.355835825204849243e-02
4.400959983468055725e-02
-2.123832516372203827e-02
9.311721473932266235e-02
7.497180998325347900e-02
1.810573972761631012e-02
-1.509089395403862000e-02
-2.245007641613483429e-02
5.434279330074787140e-03
8.301299065351486206e-03
-1.325650140643119812e-02
-1.499190833419561386e-02
4.835519194602966309e-02
2.609633840620517731e-02
1.041518151760101318e-02
6.302273366600275040e-03
1.645958796143531799e-02
5.622887518256902695e-03
7.527826726436614990e-02
3.395868930965662003e-03
3.092095069587230682e-02
7.934590429067611694e-02
9.646020084619522095e-02
1.486235205084085464e-02
-8.800140582025051117e-03
-5.207138136029243469e-02
-1.213031783699989319e-01
4.742761701345443726e-02
5.312675610184669495e-03
-1.041138842701911926e-01
3.700376674532890320e-02
8.075722493231296539e-03
-7.621804624795913696e-02
-2.981581911444664001e-02
1.509110350161790848e-02
2.445335127413272858e-02
-5.110677331686019897e-02
6.048763636499643326e-03
-3.163513028994202614e-03
-4.217413067817687988e-02
-2.773173898458480835e-02
9.316585958003997803e-03
-4.841279704123735428e-03
-3.983416408300399780e-02
4.414217080920934677e-03
3.664011508226394653e-02
-1.417534053325653076e-02
-1.783376745879650116e-02
6.142232567071914673e-02
6.748585402965545654e-02
2.289653569459915161e-02
1.033237483352422714e-02
-1.519905962049961090e-02
4.462426993995904922e-03
2.420399710536003113e-02
-3.369758278131484985e-02
-1.941371150314807892e-02
6.179325282573699951e-02
6.647984497249126434e-03
-3.572637960314750671e-02
1.710746996104717255e-02
-1.109903119504451752e-02
-5.307123437523841858e-02
-2.558355685323476791e-03
-2.498790621757507324e-02
-5.716892331838607788e-02
1.264680270105600357e-02
-8.937669917941093445e-03
-3.124018758535385132e-02
2.106102183461189270e-02
1.553178485482931137e-02
4.974724724888801575e-02
-3.172386810183525085e-02
4.007004946470260620e-02
6.867759674787521362e-02
-5.300506576895713806e-02
2.025827392935752869e-02
6.900962442159652710e-02
8.551314473152160645e-03
6.787338759750127792e-03
-1.151119358837604523e-02
-4.200461506843566895e-02
1.166009809821844101e-02
2.814438566565513611e-02
-3.492716327309608459e-02
2.780641056597232819e-02
3.993324562907218933e-02
-6.839424837380647659e-03
-1.044080685824155807e-02
7.213731762021780014e-03
7.371360436081886292e-03
-9.641596116125583649e-03
-4.864218644797801971e-03
2.038961648941040039e-02
2.942854166030883789e-02
1.691574789583683014e-02
-4.893685877323150635e-02
-7.554197311401367188e-02
-3.761859610676765442e-02
1.315196789801120758e-02
-3.492436930537223816e-02
-6.886332482099533081e-02
4.320799931883811951e-02
-1.163202058523893356e-02
-4.455541819334030151e-02
-2.959654852747917175e-02
6.955020874738693237e-02
4.328064620494842529e-02
-7.060321979224681854e-03
2.505008690059185028e-02
1.110452413558959961e-01
-8.362676203250885010e-02
6.652452796697616577e-02
1.371870040893554688e-01
3.655584156513214111e-02
3.873690962791442871e-02
2.802256494760513306e-02
1.081518828868865967e-03
-1.230556517839431763e-02
3.007113933563232422e-02
-4.107534140348434448e-02
-1.154151931405067444e-01
-9.511756151914596558e-02
-2.165146917104721069e-02
-2.035899087786674500e-02
-3.618503222241997719e-03
-7.822088897228240967e-03
-2.268704585731029510e-02
-3.935358300805091858e-02
-4.709750413894653320e-02
-2.824524417519569397e-02
-9.245368093252182007e-02
-1.521974802017211914e-03
-8.827833458781242371e-03
-2.672001160681247711e-02
7.047565281391143799e-02
5.551263689994812012e-02
-2.742540650069713593e-02
9.060342609882354736e-02
1.314592659473419189e-01
4.612034186720848083e-02
-4.654680937528610229e-02
-5.656442046165466309e-02
-6.223332602530717850e-03
-3.105117380619049072e-02
-6.206037942320108414e-03
-3.012369759380817413e-02
2.721100812777876854e-03
-3.765562549233436584e-02
-3.499947115778923035e-02
2.861509472131729126e-02
9.942352026700973511e-02
1.074281260371208191e-01
-1.881631836295127869e-02
4.027334228157997131e-02
6.063441932201385498e-02
-3.883618488907814026e-02
-3.544082865118980408e-02
-1.831005886197090149e-02
7.492229342460632324e-02
7.735665142536163330e-02
1.194631904363632202e-01
7.998423650860786438e-03
-9.531263262033462524e-03
5.066692829132080078e-02
-8.396266400814056396e-02
-8.153297007083892822e-02
-8.983370661735534668e-02
-4.860450699925422668e-02
-5.795032531023025513e-02
-7.397665083408355713e-02
1.096456870436668396e-02
-6.600803695619106293e-03
-4.660499468445777893e-02
3.743377327919006348e-02
3.160523995757102966e-02
-5.333964712917804718e-03
-7.196442037820816040e-02
-9.782093763351440430e-02
-4.286452755331993103e-02
1.504130009561777115e-02
2.345073968172073364e-03
-1.063000690191984177e-02
7.938824594020843506e-02
3.580920770764350891e-02
6.475417315959930420e-02
2.734687738120555878e-02
5.575111880898475647e-02
5.058304220438003540e-02
3.369332849979400635e-02
4.133976995944976807e-02
6.972888857126235962e-02
-3.181670606136322021e-02
-4.559161514043807983e-02
-2.621036767959594727e-02
4.207204282283782959e-02
8.887796849012374878e-02
1.761669106781482697e-02
-3.218085691332817078e-02
4.888325463980436325e-03
6.863822042942047119e-02
-2.781974524259567261e-02
-5.794505588710308075e-03
2.637282572686672211e-02
-1.203536428511142731e-02
-5.109874531626701355e-02
-6.804588437080383301e-02
1.509396452456712723e-02
1.228828169405460358e-02
-1.243881694972515106e-02
2.700101584196090698e-02
3.764007613062858582e-02
6.110276654362678528e-02
5.585195031017065048e-03
4.869314376264810562e-03
2.901194430887699127e-02
-1.731914654374122620e-02
-1.008304953575134277e-02
-2.115822583436965942e-02
4.378193989396095276e-03
1.468988484703004360e-03
4.872933961451053619e-03
-4.563500359654426575e-02
-3.500344231724739075e-02
-2.746863290667533875e-02
6.128855422139167786e-02
1.486199256032705307e-02
2.398066408932209015e-02
4.477824643254280090e-02
1.070427075028419495e-01
4.846064746379852295e-02
-2.551812678575515747e-02
4.424083977937698364e-02
7.590560615062713623e-02
-6.417919695377349854e-02
-1.094695832580327988e-02
5.976385995745658875e-02
-4.604850336909294128e-02
-3.066124208271503448e-02
1.988586597144603729e-02
1.703220419585704803e-02
-2.043813653290271759e-02
-3.700593486428260803e-02
-7.450294494628906250e-02
-4.028324037790298462e-02
1.723986119031906128e-02
-7.966939359903335571e-02
-7.850940525531768799e-02
1.731895143166184425e-03
1.761455088853836060e-03
3.017435781657695770e-02
1.815499551594257355e-02
-2.683824626728892326e-03
-1.130054984241724014e-02
1.988745294511318207e-02
-2.394736558198928833e-02
-2.647980861365795135e-02
-2.463319711387157440e-02
-2.037479775026440620e-03
-1.522319670766592026e-02
4.654287360608577728e-03
1.897065341472625732e-02
7.272329926490783691e-02
9.731622040271759033e-02
1.333424448966979980e-02
6.924688816070556641e-02
1.117609888315200806e-01
9.182807058095932007e-03
1.074030697345733643e-01
4.319233447313308716e-02
-3.271145746111869812e-03
5.464954301714897156e-02
1.060235276818275452e-01
-3.654804825782775879e-02
9.156439453363418579e-03
9.783433750271797180e-03
-1.778264716267585754e-02
6.850302964448928833e-02
1.686331070959568024e-02
-4.141871631145477295e-02
4.649321362376213074e-02
1.106982305645942688e-01
-1.124936249107122421e-02
3.947325795888900757e-02
9.526379406452178955e-02
2.712012454867362976e-02
9.244514512829482555e-04
-2.870768681168556213e-02
-1.118807005695998669e-03
2.024149708449840546e-02
4.358850792050361633e-02
-2.957749739289283752e-02
3.154058381915092468e-02
4.552135616540908813e-02
8.889634907245635986e-02
9.425154328346252441e-02
6.563563644886016846e-02
8.893133699893951416e-02
7.201562076807022095e-02
8.738644421100616455e-02
6.594045460224151611e-02
8.376535773277282715e-02
4.672265425324440002e-02
-1.105419322848320007e-01
-2.063497155904769897e-02
-1.715956372208893299e-03
-6.176786124706268311e-02
-2.143139019608497620e-02
6.979083269834518433e-02
-9.708765894174575806e-02
-3.490239009261131287e-02
5.697014182806015015e-02
2.626182138919830322e-02
6.260115653276443481e-02
1.634647138416767120e-02
5.736730247735977173e-02
4.961441457271575928e-02
-5.086362827569246292e-03
3.145298734307289124e-02
2.442917972803115845e-02
-2.966299653053283691e-02
-7.020628452301025391e-02
-9.137556701898574829e-02
-5.025079101324081421e-02
-5.987945944070816040e-02
-5.157681554555892944e-02
-5.700365453958511353e-02
-7.276602089405059814e-02
-9.546303749084472656e-02
-9.539585560560226440e-02
-8.083773776888847351e-03
9.707746095955371857e-03
-7.013124413788318634e-03
-7.221036590635776520e-03
-2.200700109824538231e-03
6.145605817437171936e-02
1.231369934976100922e-02
-4.872094839811325073e-03
7.928670942783355713e-02
-5.995031818747520447e-02
-4.059499129652976990e-02
7.359877973794937134e-02
-1.578497886657714844e-02
6.284358445554971695e-03
3.756842017173767090e-02
8.741110563278198242e-03
1.556585449725389481e-02
3.767950832843780518e-02
-1.499246153980493546e-02
-4.840378835797309875e-02
-8.766843378543853760e-02
5.083749815821647644e-02
3.415038809180259705e-02
-1.965672150254249573e-02
5.317258834838867188e-02
5.235382169485092163e-02
2.637411700561642647e-03
2.017162181437015533e-02
1.504022348672151566e-02
1.161712338216602802e-03
1.810267381370067596e-02
3.320419415831565857e-02
2.059350954368710518e-03
4.375619813799858093e-02
2.629797160625457764e-02
-1.422937493771314621e-03
-3.281258791685104370e-02
1.409750338643789291e-02
-2.373147569596767426e-02
-3.329170867800712585e-02
3.609343618154525757e-02
2.203642763197422028e-02
-3.537291660904884338e-02
3.609048901125788689e-03
4.659841954708099365e-02
5.077018588781356812e-02
1.240156590938568115e-02
-7.456251233816146851e-02
8.788444101810455322e-02
8.943932503461837769e-02
2.074712514877319336e-02
4.463566094636917114e-02
1.126082241535186768e-01
1.338364630937576294e-01
-3.796570003032684326e-03
-9.208419360220432281e-03
1.824044622480869293e-02
4.439831152558326721e-02
2.078350074589252472e-02
2.368752146139740944e-03
-7.836900651454925537e-03
6.536614149808883667e-03
3.364450111985206604e-02
3.135952167212963104e-03
1.065479777753353119e-02
8.154746145009994507e-03
-1.238018274307250977e-02
3.235333785414695740e-02
2.366032823920249939e-02
-2.313524018973112106e-03
4.689900577068328857e-02
4.936861991882324219e-02
-4.133256152272224426e-03
3.158221766352653503e-02
2.219083905220031738e-02
6.847498472779989243e-03
3.979042172431945801e-02
8.828695118427276611e-02
-1.578527130186557770e-02
5.671799555420875549e-02
4.115723446011543274e-02
-2.355607599020004272e-02
-6.398161407560110092e-03
-2.086356841027736664e-02
2.304732054471969604e-02
3.631578385829925537e-02
-1.259805262088775635e-02
9.067570418119430542e-02
6.604177504777908325e-02
1.814800873398780823e-02
-1.893715560436248779e-02
-1.910038478672504425e-02
-1.412797626107931137e-02
-4.504995793104171753e-02
-5.697241798043251038e-02
-4.885134473443031311e-02
-1.555681508034467697e-02
-4.362859949469566345e-02
-4.338480532169342041e-02
2.342165913432836533e-03
-1.102345064282417297e-02
1.620872877538204193e-02
-5.464332178235054016e-02
-3.763688728213310242e-02
3.318607434630393982e-02
-1.281776744872331619e-02
6.911108270287513733e-03
-7.247108966112136841e-03
-5.972885992377996445e-04
-2.110255137085914612e-02
-5.063337087631225586e-02
3.368381783366203308e-02
-4.175344016402959824e-03
-8.163251727819442749e-02
5.058489367365837097e-02
-2.346266992390155792e-03
-7.597777247428894043e-02
3.249750938266515732e-03
-2.126744482666254044e-03
-1.449539139866828918e-02
4.131091758608818054e-03
-5.576788447797298431e-03
8.001045323908329010e-03
1.146377157419919968e-02
5.030637141317129135e-03
2.380221709609031677e-02
7.089588325470685959e-03
1.302416250109672546e-02
-4.978803172707557678e-02
-2.492460981011390686e-02
-2.952564321458339691e-02
-3.639427572488784790e-02
-3.455643309280276299e-03
-7.161447778344154358e-03
-2.161497063934803009e-02
-4.484856501221656799e-02
-6.097031384706497192e-02
-1.765383780002593994e-02
5.252709146589040756e-03
-4.704672098159790039e-02
-2.672514691948890686e-02
4.206776153296232224e-03
-5.154180899262428284e-02
8.817198686301708221e-03
-9.363435208797454834e-02
-7.067967206239700317e-02
-3.481363505125045776e-02
-1.331567913293838501e-01
-1.323658823966979980e-01
-6.813588738441467285e-02
-1.181489378213882446e-01
-1.045272871851921082e-01
-6.464400142431259155e-02
-6.584550719708204269e-04
5.885489657521247864e-02
4.075384140014648438e-02
2.791850129142403603e-03
2.208510786294937134e-02
1.886582560837268829e-02
-1.935217715799808502e-02
-2.393491379916667938e-02
-3.764611855149269104e-02
-4.764190316200256348e-02
-1.400421606376767159e-03
4.605001583695411682e-02
-1.175706312060356140e-01
-4.529260098934173584e-02
4.638661816716194153e-02
-1.071393489837646484e-01
-2.727510221302509308e-02
4.631647467613220215e-02
-2.904213406145572662e-02
-3.265120834112167358e-02
-1.351160090416669846e-02
-3.480136394500732422e-03
-6.149426475167274475e-02
-7.869718223810195923e-02
1.412456762045621872e-02
-4.190752655267715454e-02
-6.230027228593826294e-02
8.511559665203094482e-02
4.367465898394584656e-02
-2.196651138365268707e-02
1.905421316623687744e-01
7.420460134744644165e-02
9.782283753156661987e-02
1.546694636344909668e-01
1.862902343273162842e-01
1.263922750949859619e-01
4.773007705807685852e-02
3.612053394317626953e-02
-1.367254182696342468e-02
2.548688277602195740e-02
3.383428603410720825e-02
2.201949432492256165e-02
-1.499996613711118698e-02
5.242354050278663635e-02
5.197105184197425842e-02
3.448265045881271362e-02
7.371166348457336426e-02
4.788858816027641296e-02
7.982937991619110107e-02
1.134325340390205383e-01
1.099199578166007996e-01
4.339313879609107971e-02
1.010173484683036804e-01
6.014754995703697205e-02
1.543677449226379395e-01
3.615535423159599304e-02
-1.407858133316040039e-01
1.678112894296646118e-01
1.484780339524149895e-03
-1.699506044387817383e-01
1.152216643095016479e-01
-5.404613912105560303e-02
-1.230383366346359253e-01
-1.645939610898494720e-02
-1.463569980114698410e-02
-2.511515095829963684e-02
1.854461245238780975e-02
2.574471570551395416e-02
8.735516108572483063e-03
3.492671623826026917e-02
1.434415206313133240e-02
2.089265547692775726e-02
7.517437636852264404e-02
8.687964826822280884e-02
-2.764322608709335327e-02
1.031466871500015259e-01
-1.723103970289230347e-02
-1.099432855844497681e-01
2.478882484138011932e-02
-7.244706898927688599e-02
-5.810264125466346741e-02
-2.224510721862316132e-02
2.883786149322986603e-02
1.764773763716220856e-02
-4.495585337281227112e-02
-2.041478268802165985e-02
-6.793182808905839920e-03
-5.872581899166107178e-02
-7.400286197662353516e-02
-6.190035864710807800e-02
6.073126569390296936e-03
4.509434103965759277e-02
-5.026772990822792053e-02
5.997612327337265015e-02
3.232368454337120056e-02
-3.286961838603019714e-02
1.382312458008527756e-02
-3.200201317667961121e-02
-4.894685745239257812e-02
2.316588535904884338e-02
-3.603950375691056252e-03
-5.799908190965652466e-02
6.209541577845811844e-03
-3.036894090473651886e-02
-4.104966297745704651e-02
-3.341594710946083069e-02
-7.495599985122680664e-02
-3.368926420807838440e-02
-2.198125794529914856e-02
2.807052806019783020e-03
-1.585577800869941711e-02
3.884327411651611328e-02
-8.697709068655967712e-03
1.059542223811149597e-02
5.914421053603291512e-04
6.488658487796783447e-03
-2.318725176155567169e-02
-3.404525667428970337e-02
-1.074338704347610474e-02
-1.257592812180519104e-03
-1.830359548330307007e-02
3.999587614089250565e-03
3.517057001590728760e-02
-4.159752652049064636e-02
9.124212898313999176e-03
7.613163441419601440e-02
-3.302660584449768066e-02
-6.312258541584014893e-03
2.055046893656253815e-02
-3.305540606379508972e-02
-1.941878232173621655e-03
2.172146691009402275e-03
1.290844846516847610e-02
1.785956881940364838e-02
5.014745146036148071e-02
4.648424312472343445e-02
-5.708779208362102509e-03
4.382690880447626114e-03
5.506239831447601318e-02
-3.733927011489868164e-02
3.211507946252822876e-02
1.420319732278585434e-02
-5.170128308236598969e-03
4.465461894869804382e-02
-7.347979396581649780e-02
-7.695981115102767944e-02
-4.011904448270797729e-02
-4.325329884886741638e-02
-2.904280647635459900e-02
9.086036123335361481e-03
-2.002800814807415009e-02
2.061368152499198914e-02
2.153915539383888245e-02
-7.848843187093734741e-02
-3.560524433851242065e-02
-2.127457223832607269e-02
-5.862389504909515381e-02
7.214307319372892380e-03
3.611733764410018921e-02
-3.045811131596565247e-02
2.615507133305072784e-02
5.243469402194023132e-02
-8.646593987941741943e-02
-4.174735397100448608e-02
6.833606213331222534e-02
-5.939339473843574524e-02
-3.183853998780250549e-02
3.838703408837318420e-02
-2.899810485541820526e-02
-2.266021817922592163e-02
3.778132423758506775e-02
2.275882475078105927e-02
6.152237951755523682e-02
4.469479992985725403e-02
2.414372377097606659e-02
3.967459499835968018e-02
1.067551132291555405e-02
1.455896813422441483e-02
2.417141385376453400e-02
-5.151169840246438980e-03
1.677101361565291882e-03
-1.644273847341537476e-02
-4.823950584977865219e-03
3.673021495342254639e-02
-1.131067797541618347e-02
1.566767506301403046e-02
-3.884608857333660126e-03
-3.008056990802288055e-02
1.318784710019826889e-02
-3.513655439019203186e-02
-2.139699831604957581e-02
-4.127108305692672729e-02
3.734010830521583557e-02
5.312101170420646667e-02
-1.645746268332004547e-02
7.557903230190277100e-02
9.489832073450088501e-02
2.107153460383415222e-02
-3.744142130017280579e-02
-3.915948420763015747e-02
-5.183823779225349426e-02
1.674613729119300842e-02
7.515816949307918549e-03
-5.975362844765186310e-03
9.307067096233367920e-02
1.135754808783531189e-01
-1.811478752642869949e-03
-4.159803967922925949e-03
1.163738407194614410e-02
2.475441619753837585e-02
-5.482862889766693115e-02
-2.313127479283139110e-04
2.134848386049270630e-02
-6.813356280326843262e-02
-6.821409612894058228e-02
2.600707858800888062e-02
-6.768835335969924927e-02
-3.470189124345779419e-02
-6.776730995625257492e-03
-4.775568842887878418e-02
-2.855054102838039398e-02
-1.020600646734237671e-02
5.039524659514427185e-02
4.468564689159393311e-02
1.032061595469713211e-02
2.603688649833202362e-02
3.110273741185665131e-02
2.664704620838165283e-02
7.418406009674072266e-02
1.646345295011997223e-02
2.959426259621977806e-03
2.634592354297637939e-02
2.125140093266963959e-02
-9.467272087931632996e-03
1.614192128181457520e-02
3.622563928365707397e-02
-1.923207193613052368e-02
1.909213513135910034e-02
2.516592107713222504e-02
-1.412221882492303848e-02
-3.763012646231800318e-04
2.084701694548130035e-02
-1.998264156281948090e-02
1.092696636915206909e-01
8.178497850894927979e-02
5.076027289032936096e-02
1.010522395372390747e-01
8.021049946546554565e-02
7.453966885805130005e-02
1.349738538265228271e-01
1.251714974641799927e-01
9.045734256505966187e-02
5.310398712754249573e-02
1.263287067413330078e-01
1.078922227025032043e-01
4.364395048469305038e-03
6.258264183998107910e-02
9.138268977403640747e-02
-8.065843582153320312e-02
-6.179202347993850708e-02
1.295100245624780655e-02
2.738536708056926727e-02
2.502540312707424164e-02
7.022020872682332993e-03
5.244216322898864746e-02
3.316833078861236572e-02
-6.569453398697078228e-05
9.773481637239456177e-02
1.037813946604728699e-01
2.654763311147689819e-02
4.729131236672401428e-02
4.749134927988052368e-02
3.018875792622566223e-02
8.727102726697921753e-02
9.410664439201354980e-02
8.228731900453567505e-02
9.861703217029571533e-02
9.984304755926132202e-02
9.437793493270874023e-02
-6.152011081576347351e-02
-1.561966724693775177e-03
-3.601821663323789835e-05
-9.646988660097122192e-02
-4.159795120358467102e-02
-2.326849382370710373e-03
-6.388886272907257080e-02
-6.724640727043151855e-02
-1.301677525043487549e-02
1.041744183748960495e-02
-2.736163139343261719e-02
-2.144430577754974365e-02
-8.561115711927413940e-02
-4.756042733788490295e-02
-4.593599587678909302e-02
-6.224376335740089417e-02
-6.911752372980117798e-02
-7.186923176050186157e-03
7.718696445226669312e-02
8.862362802028656006e-02
4.756324365735054016e-02
5.222371220588684082e-02
4.011934250593185425e-02
2.640047110617160797e-02
1.366559136658906937e-02
1.965561509132385254e-02
-2.040276490151882172e-02
2.907476015388965607e-02
7.024078629910945892e-03
-2.817477099597454071e-02
3.541171923279762268e-02
-3.470458462834358215e-02
-5.166609585285186768e-02
6.056676059961318970e-02
3.451943770051002502e-02
-1.586304605007171631e-02
6.351429969072341919e-03
2.325897477567195892e-02
-4.316303506493568420e-02
6.716098170727491379e-03
-2.975627966225147247e-02
-2.962950617074966431e-02
-2.894193865358829498e-02
2.020871033892035484e-03
1.284865476191043854e-02
3.473625332117080688e-02
6.006959080696105957e-02
8.257103711366653442e-02
-8.862595073878765106e-03
3.532224893569946289e-02
8.676888793706893921e-02
-2.653479203581809998e-02
2.007322385907173157e-02
6.132550910115242004e-02
-1.073733437806367874e-02
2.985091321170330048e-02
8.327079936861991882e-03
7.784450426697731018e-03
6.917949765920639038e-02
5.752550810575485229e-02
4.058283939957618713e-02
7.445003837347030640e-02
5.946522578597068787e-02
8.324743807315826416e-02
1.038632243871688843e-01
9.681530296802520752e-02
4.429376870393753052e-02
6.585204601287841797e-02
8.319952338933944702e-02
-1.704374141991138458e-02
-2.555288933217525482e-02
-2.448741160333156586e-02
2.779015712440013885e-02
-8.028698153793811798e-03
-6.766578555107116699e-02
5.083692818880081177e-02
2.688365057110786438e-02
-7.507251575589179993e-03
8.494075387716293335e-02
9.259041398763656616e-02
3.005294688045978546e-02
1.307275518774986267e-02
-5.636643618345260620e-03
-2.374687418341636658e-02
-2.877530455589294434e-02
-4.116364195942878723e-02
-6.929141283035278320e-02
-5.250018462538719177e-02
-1.003576740622520447e-01
-4.829018563032150269e-02
-2.093147486448287964e-02
-2.490385994315147400e-02
-3.801217675209045410e-02
-4.050410911440849304e-02
-4.570584744215011597e-02
-5.179353430867195129e-02
-3.814177215099334717e-02
-1.098508480936288834e-02
-3.793972358107566833e-02
3.683719842229038477e-05
2.983142808079719543e-02
1.601902954280376434e-02
2.133996598422527313e-02
2.034154534339904785e-02
1.811715960502624512e-02
-2.176715061068534851e-02
4.459057934582233429e-03
6.044801557436585426e-04
-1.529608108103275299e-02
-5.411184858530759811e-03
3.503544256091117859e-03
4.119382426142692566e-02
2.740004099905490875e-02
3.477577865123748779e-02
3.671410307288169861e-02
1.487366575747728348e-02
1.618468016386032104e-02
-5.345832183957099915e-02
-4.644637927412986755e-02
-5.648175254464149475e-02
2.784856036305427551e-02
1.808979734778404236e-02
-1.061336137354373932e-02
6.663388758897781372e-02
8.044493943452835083e-02
5.878124013543128967e-02
-5.415146425366401672e-02
-3.965791687369346619e-02
-1.869236864149570465e-02
-5.844742804765701294e-02
-2.961315959692001343e-02
-1.514902221970260143e-03
-5.346128344535827637e-02
-3.231843560934066772e-02
-3.289349004626274109e-02
-1.700427196919918060e-02
-1.988019095733761787e-03
1.854465529322624207e-02
-3.130513429641723633e-02
-2.685285173356533051e-02
1.230734679847955704e-02
-3.042853623628616333e-02
1.829163287766277790e-03
3.163340687751770020e-02
-4.260692000389099121e-02
-3.298383951187133789e-02
3.719427622854709625e-04
-3.287978842854499817e-02
-2.428687410429120064e-03
-1.204099133610725403e-02
8.956566452980041504e-03
1.928693428635597229e-02
1.652423292398452759e-02
-1.222864463925361633e-01
-1.113397777080535889e-01
-1.112162098288536072e-01
-1.309182792901992798e-01
-7.666487246751785278e-02
-9.945745021104812622e-02
-7.422034442424774170e-02
-1.028134599328041077e-01
-7.533811777830123901e-02
-1.423079892992973328e-02
-4.847040399909019470e-03
1.843356713652610779e-02
1.053367368876934052e-02
-1.447006501257419586e-02
-5.019085947424173355e-04
4.651106148958206177e-02
2.574277110397815704e-02
4.106416180729866028e-02
9.635013528168201447e-03
6.890497356653213501e-02
9.378032386302947998e-02
2.221107482910156250e-02
1.149849966168403625e-02
8.337612450122833252e-02
4.617852717638015747e-02
1.288350820541381836e-01
1.457178294658660889e-01
7.698629982769489288e-03
-2.240478619933128357e-02
-5.735530331730842590e-02
1.487385667860507965e-02
-4.919882863759994507e-02
-4.949264600872993469e-02
1.163084991276264191e-02
-3.602498769760131836e-02
-4.548573121428489685e-02
2.927246503531932831e-03
-1.187385991215705872e-02
-5.064587574452161789e-03
-8.892906829714775085e-03
-2.707513980567455292e-02
-2.790141664445400238e-02
2.129167132079601288e-02
-1.362939830869436264e-02
-2.598618902266025543e-02
-2.374540455639362335e-02
-3.804134950041770935e-02
-3.082556463778018951e-02
1.743423752486705780e-03
-1.894878339953720570e-03
2.061064355075359344e-02
2.817607019096612930e-03
-5.153954494744539261e-03
1.575781218707561493e-02
-1.041094437241554260e-01
-4.790463135577738285e-04
1.066054999828338623e-01
-1.220154948532581329e-02
1.029419712722301483e-02
1.045179590582847595e-01
-2.549328282475471497e-02
-1.344162784516811371e-02
4.252234473824501038e-03
-3.581030294299125671e-02
1.425422495231032372e-03
-3.392097726464271545e-02
6.766144186258316040e-02
3.803265839815139771e-02
5.107724294066429138e-02
7.377734780311584473e-02
8.757378160953521729e-02
-8.578100823797285557e-04
7.553970906883478165e-03
-7.016785442829132080e-02
1.021973881870508194e-02
-4.942256584763526917e-02
-4.701558873057365417e-02
1.952796615660190582e-02
-1.034650485962629318e-02
1.771886087954044342e-02
2.347815968096256256e-02
-1.911689341068267822e-02
-5.558552965521812439e-02
-7.329419255256652832e-02
-3.458622470498085022e-02
-1.421609520912170410e-02
-4.156720638275146484e-02
-5.154334008693695068e-02
-9.634531103074550629e-03
5.386222898960113525e-02
-8.695704746060073376e-04
-1.594439265318214893e-03
3.327781334519386292e-02
2.448439598083496094e-03
-3.768758475780487061e-02
7.076629903167486191e-03
2.370869182050228119e-02
2.487716637551784515e-02
3.830212354660034180e-02
-2.488688379526138306e-02
-6.334486883133649826e-03
2.044965699315071106e-02
-7.880207151174545288e-03
9.688118472695350647e-03
7.067921012639999390e-02
-2.896651439368724823e-02
2.572434209287166595e-02
4.471193253993988037e-02
5.315705202519893646e-03
6.763117387890815735e-03
-6.438418477773666382e-02
6.459712237119674683e-02
-2.232881449162960052e-02
2.644000202417373657e-02
1.312532126903533936e-01
4.931715875864028931e-02
-1.578008383512496948e-02
-2.272512391209602356e-02
5.047332495450973511e-03
6.652632355690002441e-02
-2.432690560817718506e-02
-7.448859512805938721e-03
6.032722815871238708e-02
-2.656676247715950012e-02
5.419714376330375671e-03
6.906640529632568359e-02
-1.109163761138916016e-01
-2.828249707818031311e-02
1.160612404346466064e-01
-8.927506953477859497e-02
3.853592649102210999e-02
1.463915258646011353e-01
-4.745942726731300354e-02
5.944562703371047974e-02
7.519788295030593872e-02
-1.795421168208122253e-02
6.269433349370956421e-02
8.665823936462402344e-02
6.379949301481246948e-02
8.560386300086975098e-02
6.477842479944229126e-02
7.294977456331253052e-02
8.401414752006530762e-02
-2.082506194710731506e-02
3.683202713727951050e-02
1.602823734283447266e-01
-2.559704938903450966e-03
9.961276501417160034e-02
6.390640046447515488e-03
-4.263795167207717896e-02
8.342958986759185791e-03
-5.019429326057434082e-02
-7.470475882291793823e-02
-9.725812822580337524e-03
4.624514281749725342e-02
7.301490753889083862e-02
-3.679553046822547913e-02
-3.205347340553998947e-03
1.345837488770484924e-02
-7.109344005584716797e-02
-4.064623266458511353e-02
-4.496116191148757935e-02
-7.349357753992080688e-02
-4.031319916248321533e-02
-2.157602459192276001e-02
-4.014890640974044800e-02
5.745753645896911621e-03
1.651193387806415558e-02
2.308727055788040161e-02
7.620222866535186768e-02
3.684426099061965942e-02
4.003144428133964539e-02
-4.326159507036209106e-02
-2.491446770727634430e-02
1.614683307707309723e-02
-9.434880688786506653e-03
-1.727163977921009064e-02
6.340479105710983276e-02
1.432889048010110855e-02
2.799746394157409668e-02
-1.046974863857030869e-02
4.084252566099166870e-02
7.445289194583892822e-02
7.665137201547622681e-02
8.392363786697387695e-02
6.782434880733489990e-02
1.037459298968315125e-01
8.540433645248413086e-02
3.743097931146621704e-02
5.996372550725936890e-02
9.480502456426620483e-02
3.778851032257080078e-02
1.036336794495582581e-01
1.591476052999496460e-02
-3.296730294823646545e-02
4.801722615957260132e-02
-3.543052077293395996e-02
-4.479280114173889160e-02
-8.156391978263854980e-02
-5.314172431826591492e-02
5.548884719610214233e-02
-1.019193381071090698e-01
-8.136098831892013550e-02
4.845772404223680496e-03
-7.706661522388458252e-02
-1.332360059022903442e-01
-4.080926254391670227e-02
-2.240116707980632782e-02
-6.249080225825309753e-02
-7.162253558635711670e-02
-4.488835856318473816e-02
-2.679793722927570343e-02
-8.034808933734893799e-02
-1.745086349546909332e-02
-2.663443610072135925e-02
-5.617617815732955933e-02
1.941040530800819397e-02
7.895647734403610229e-02
4.623604565858840942e-02
4.497270658612251282e-02
7.397741079330444336e-02
8.096785098314285278e-02
5.104092136025428772e-02
6.049660220742225647e-02
4.431792721152305603e-02
-4.068813286721706390e-03
6.934983655810356140e-03
-1.352231577038764954e-02
6.651095300912857056e-02
-9.269328787922859192e-03
9.618666768074035645e-02
2.269216254353523254e-02
8.369272947311401367e-02
-3.159838542342185974e-02
-1.656603626906871796e-02
3.946080058813095093e-02
4.982840642333030701e-02
2.203358896076679230e-02
5.602588504552841187e-02
5.851721391081809998e-02
-2.486875280737876892e-02
-1.229489501565694809e-02
5.420177802443504333e-02
-3.803121671080589294e-02
-3.768094256520271301e-02
-6.147751118987798691e-03
-3.755306079983711243e-02
-3.643855452537536621e-02
-3.355256095528602600e-02
-3.995223343372344971e-02
-4.587926343083381653e-02
-4.013200476765632629e-02
5.477848276495933533e-02
3.199734911322593689e-02
4.499319940805435181e-03
8.513796143233776093e-03
4.000794142484664917e-02
1.834921771660447121e-03
-5.069256294518709183e-03
-1.566165313124656677e-02
-3.091295808553695679e-02
-1.385151967406272888e-02
-1.509693264961242676e-02
-3.176217433065176010e-04
3.055453998968005180e-04
-1.593955233693122864e-02
-2.980214776471257210e-03
2.540314942598342896e-02
-9.098535403609275818e-03
8.164059370756149292e-03
1.106418482959270477e-02
-3.002541139721870422e-03
1.127978507429361343e-02
1.023559644818305969e-02
-3.608659654855728149e-02
-3.606336936354637146e-02
-1.115446258336305618e-02
-5.435660108923912048e-02
-3.649594634771347046e-02
2.964782901108264923e-02
5.218295380473136902e-03
4.410276189446449280e-03
2.667755587026476860e-03
-5.595053080469369888e-03
-1.194153353571891785e-02
9.382141754031181335e-03
1.847764104604721069e-02
-2.593444660305976868e-02
-8.437242358922958374e-02
-1.868412829935550690e-02
-2.605204097926616669e-02
-6.989770382642745972e-02
-2.789792604744434357e-02
-4.047283157706260681e-02
-8.547732234001159668e-02
-3.362334147095680237e-02
-1.227113325148820877e-02
-5.700653418898582458e-04
2.806938020512461662e-03
2.876419015228748322e-02
-1.031007803976535797e-02
-3.735471516847610474e-02
1.620114222168922424e-02
-3.174370527267456055e-02
-4.225164279341697693e-02
3.356222528964281082e-03
-2.423089928925037384e-02
-3.078560531139373779e-02
1.640122733078896999e-03
1.446705497801303864e-02
-2.101026289165019989e-02
-6.510262377560138702e-03
4.403693228960037231e-02
1.515964046120643616e-02
1.237071584910154343e-02
3.675519302487373352e-02
1.074453741312026978e-01
4.958257079124450684e-02
7.536006718873977661e-02
7.247405499219894409e-02
1.381847113370895386e-01
3.365775942802429199e-02
9.924396127462387085e-02
7.600161433219909668e-02
7.005637139081954956e-02
2.446439675986766815e-02
3.112805774435400963e-03
3.083102963864803314e-02
3.456497564911842346e-02
5.163608118891716003e-02
8.985366672277450562e-03
3.774741664528846741e-02
6.961946189403533936e-02
-9.277451783418655396e-02
-1.208325400948524475e-01
-7.923582941293716431e-02
-2.020015716552734375e-01
-1.504406034946441650e-01
-1.408380717039108276e-01
-1.197043880820274353e-01
-1.462264657020568848e-01
-1.578215658664703369e-01
-1.584458164870738983e-02
7.744082249701023102e-03
-6.518027279525995255e-03
-2.121322322636842728e-03
4.348357021808624268e-02
6.795834749937057495e-02
-1.991759054362773895e-02
4.722522944211959839e-02
6.348872184753417969e-02
-9.693921543657779694e-03
4.287071153521537781e-02
3.114253096282482147e-02
2.756993286311626434e-02
4.363659769296646118e-02
6.977925449609756470e-02
1.977072283625602722e-02
4.641248658299446106e-02
1.667916588485240936e-02
-2.393690869212150574e-02
2.995174378156661987e-02
6.485573202371597290e-02
3.225613012909889221e-02
5.532446503639221191e-02
4.641919583082199097e-02
4.194409400224685669e-02
8.216050267219543457e-02
2.091387100517749786e-02
-2.542418800294399261e-02
1.841598935425281525e-02
3.208806156180799007e-04
-4.424207285046577454e-02
-4.629242699593305588e-03
3.673146665096282959e-02
-4.807749763131141663e-02
-6.093821674585342407e-02
-7.936967536807060242e-03
-1.125746499747037888e-02
2.751680836081504822e-02
3.030597418546676636e-02
-1.750245457515120506e-03
1.995040662586688995e-02
4.677522927522659302e-02
-2.821475826203823090e-02
-6.201754324138164520e-03
1.818448118865489960e-02
-6.514707207679748535e-02
-9.305180609226226807e-02
-6.415292620658874512e-02
-7.710763067007064819e-02
-9.309242665767669678e-02
-7.057072967290878296e-02
-4.589418694376945496e-02
-5.541775748133659363e-02
-5.043375492095947266e-02
2.554583922028541565e-02
5.792065709829330444e-02
4.957722872495651245e-02
5.581149086356163025e-02
1.381696853786706924e-02
8.174233883619308472e-02
-3.096276149153709412e-02
-2.251584781333804131e-03
1.932264305651187897e-02
-6.249776110053062439e-02
-4.522060230374336243e-02
-2.365477383136749268e-02
-6.642604619264602661e-02
-4.758407175540924072e-02
-4.549226537346839905e-02
-4.151822626590728760e-02
-3.512711822986602783e-02
-1.480247732251882553e-02
3.520684689283370972e-02
4.606130346655845642e-02
3.807905688881874084e-02
5.853888392448425293e-02
6.534038484096527100e-02
2.447973005473613739e-02
-7.642706856131553650e-03
4.245031625032424927e-03
6.061594001948833466e-03
-1.493757870048284531e-02
3.746177628636360168e-02
4.538026452064514160e-02
-9.411450475454330444e-03
5.699495971202850342e-02
1.192781850695610046e-01
2.528552152216434479e-02
4.975986853241920471e-02
9.312468767166137695e-02
-1.943493611179292202e-03
1.397403515875339508e-02
2.215675637125968933e-02
-5.472107976675033569e-02
-4.525756835937500000e-02
8.370075374841690063e-03
-4.650773853063583374e-02
-4.833369329571723938e-02
-1.005287468433380127e-02
1.358789652585983276e-01
1.439675092697143555e-01
9.663524478673934937e-02
1.417057514190673828e-01
1.300774812698364258e-01
1.058548986911773682e-01
1.452720314264297485e-01
1.563259512186050415e-01
1.254109591245651245e-01
-1.562874577939510345e-02
-2.198969945311546326e-02
1.661322196014225483e-03
-2.698083966970443726e-02
-3.780982270836830139e-02
-2.422036603093147278e-03
1.619689911603927612e-02
-2.078617177903652191e-02
-1.234825467690825462e-04
3.402048954740166664e-03
6.831941194832324982e-03
-4.457245115190744400e-03
-3.257937496528029442e-03
1.428969111293554306e-02
-3.181840479373931885e-02
5.461530387401580811e-02
1.407166663557291031e-02
-3.408876806497573853e-02
-9.995349496603012085e-02
-7.487983256578445435e-02
-2.525549940764904022e-02
-9.133746474981307983e-02
-7.506448775529861450e-02
-2.194872684776782990e-02
-1.171857677400112152e-02
-3.569029504433274269e-04
1.640591211616992950e-02
3.483720868825912476e-02
3.205082565546035767e-02
1.821834594011306763e-02
7.576569914817810059e-02
5.524318292737007141e-02
5.235175043344497681e-02
4.000638797879219055e-02
7.678746432065963745e-02
5.441221222281455994e-02
-6.033014133572578430e-02
-1.172364130616188049e-01
-8.995599299669265747e-02
-1.091095656156539917e-01
-6.179715692996978760e-02
-1.013196930289268494e-01
-9.384184330701828003e-02
-1.675634682178497314e-01
-1.243949607014656067e-01
2.292822115123271942e-02
-7.041523698717355728e-03
-2.659611217677593231e-02
-1.881749927997589111e-02
-3.012164682149887085e-02
-5.680632591247558594e-02
-2.508682943880558014e-02
-4.505425319075584412e-02
-3.244652599096298218e-02
-1.208042446523904800e-02
-2.106860838830471039e-02
8.092322386801242828e-03
-9.385560639202594757e-03
2.846083417534828186e-02
6.323008239269256592e-02
-3.760868916288018227e-03
4.283243790268898010e-03
1.638928800821304321e-02
5.103105213493108749e-03
7.105044089257717133e-03
7.477180659770965576e-02
-1.573387905955314636e-02
1.890991441905498505e-02
3.082764521241188049e-02
1.312496513128280640e-02
5.925868824124336243e-02
7.061892747879028320e-02
-6.213796511292457581e-02
-4.566612467169761658e-02
8.330657146871089935e-03
-3.307287022471427917e-02
-2.058534696698188782e-02
2.224848605692386627e-02
-4.892897978425025940e-02
-7.886680774390697479e-03
-5.806622095406055450e-03
-1.857756823301315308e-02
-9.498373419046401978e-02
-8.290698379278182983e-02
-5.617484450340270996e-02
-7.556458562612533569e-02
-7.110928744077682495e-02
-1.011132970452308655e-01
-1.093064174056053162e-01
-1.031369939446449280e-01
8.319881558418273926e-02
3.904460370540618896e-02
2.163064107298851013e-02
4.834468290209770203e-02
3.237810730934143066e-02
6.101001426577568054e-02
3.123183362185955048e-02
7.194347679615020752e-02
5.772324651479721069e-02
-7.466115523129701614e-03
8.768920670263469219e-04
-1.783548481762409210e-02
-2.024863287806510925e-02
-1.133817620575428009e-02
-4.921090230345726013e-02
-9.114271029829978943e-03
-1.923991739749908447e-02
-2.325286716222763062e-02
-7.184591144323348999e-02
-2.777601033449172974e-02
-3.363753482699394226e-02
-4.127673432230949402e-02
-7.522026426158845425e-04
-2.674964070320129395e-02
-2.335128188133239746e-02
-5.922139622271060944e-03
-8.961846120655536652e-03
9.867753833532333374e-03
3.528533503413200378e-02
3.242626786231994629e-02
-6.937342695891857147e-03
2.850557491183280945e-02
4.292872175574302673e-02
2.271989360451698303e-02
3.243256732821464539e-02
2.719387970864772797e-02
1.083015948534011841e-01
7.693436741828918457e-02
1.269318815320730209e-02
1.219967529177665710e-01
7.598086446523666382e-02
1.135588735342025757e-01
5.264477059245109558e-02
1.355991959571838379e-01
1.011051088571548462e-01
-7.491903752088546753e-02
-6.253398954868316650e-02
-3.154360502958297729e-02
-7.648896425962448120e-02
-7.076744735240936279e-02
-4.287639632821083069e-02
-5.243980139493942261e-02
-3.981272131204605103e-02
-2.247175667434930801e-03
-1.725078560411930084e-03
-6.937273778021335602e-03
6.127364933490753174e-03
-5.598291382193565369e-02
-3.201092034578323364e-02
-4.188552126288414001e-02
-5.253995954990386963e-02
-4.572620242834091187e-02
-4.405265301465988159e-02
4.402827471494674683e-04
1.320556271821260452e-02
4.930692911148071289e-02
-1.307904813438653946e-02
4.644404165446758270e-03
1.061926688998937607e-02
-1.561957132071256638e-02
4.225139506161212921e-03
2.492501167580485344e-03
1.733438484370708466e-02
1.126579940319061279e-02
7.032355666160583496e-02
-1.668787561357021332e-02
2.086370950564742088e-03
6.050856411457061768e-02
-4.107062518596649170e-02
-2.060881443321704865e-02
8.576340042054653168e-04
2.607271634042263031e-02
1.477855537086725235e-02
-3.070583008229732513e-02
4.513163492083549500e-02
1.971153169870376587e-02
-4.508747905492782593e-02
2.137475088238716125e-02
-2.306566387414932251e-02
-9.316220879554748535e-03
4.421792691573500633e-04
-4.953231289982795715e-02
-4.139644652605056763e-02
-6.793145835399627686e-02
-5.749891698360443115e-02
-1.219889596104621887e-01
-1.290837228298187256e-01
-1.958627998828887939e-01
-1.786612868309020996e-01
-3.637418150901794434e-03
1.634231582283973694e-02
-1.255249511450529099e-02
7.536677271127700806e-02
8.723184466361999512e-02
4.470098391175270081e-02
9.371761232614517212e-02
1.008750945329666138e-01
7.161158323287963867e-02
-4.874861985445022583e-02
1.069522649049758911e-02
1.010837629437446594e-01
-5.020269379019737244e-02
1.478464249521493912e-02
1.009909734129905701e-01
-1.496966369450092316e-02
1.938189379870891571e-02
3.018279187381267548e-02
-8.750301599502563477e-02
3.090866282582283020e-02
1.238113343715667725e-01
-8.085288852453231812e-02
-2.027669735252857208e-02
1.407178938388824463e-01
-4.623296484351158142e-02
-5.016778782010078430e-02
5.912021175026893616e-02
-5.240945518016815186e-02
-1.416904013603925705e-02
2.504004724323749542e-02
-7.752436399459838867e-02
1.243722345679998398e-02
2.203805930912494659e-02
-6.862960755825042725e-02
-4.380459710955619812e-02
-2.798274159431457520e-02
-1.441119983792304993e-02
-1.159552484750747681e-02
-8.968879468739032745e-03
-1.329201553016901016e-02
-1.525796949863433838e-02
5.035519134253263474e-03
-3.222186863422393799e-02
-3.455018997192382812e-02
-8.741028606891632080e-03
-3.146372362971305847e-02
9.719532914459705353e-03
3.002344258129596710e-02
-1.347631216049194336e-02
8.813774213194847107e-03
2.359449677169322968e-02
-1.110332086682319641e-02
-7.163380738347768784e-03
2.471824735403060913e-02
4.397258162498474121e-02
4.756188020110130310e-02
4.626341909170150757e-02
3.715716302394866943e-02
1.844449527561664581e-02
1.819786429405212402e-02
3.530459478497505188e-02
6.924245506525039673e-03
1.754018291831016541e-02
1.262444164603948593e-02
1.503647118806838989e-02
1.004546042531728745e-02
6.641119718551635742e-02
3.510317578911781311e-02
1.388966012746095657e-02
1.050357148051261902e-02
2.764162793755531311e-02
5.172587465494871140e-03
-3.041928447782993317e-02
4.482391104102134705e-02
5.272920057177543640e-02
-2.212709281593561172e-03
1.860437542200088501e-02
5.530587956309318542e-02
-1.138698658905923367e-03
1.978022605180740356e-02
5.246118828654289246e-02
8.066715300083160400e-02
-2.742579951882362366e-02
-8.847302943468093872e-02
5.979784950613975525e-02
-3.592911735177040100e-02
-1.021196693181991577e-01
4.987070709466934204e-02
-2.784961368888616562e-03
-6.765564531087875366e-02
5.604408681392669678e-02
1.890057884156703949e-02
1.593973301351070404e-02
4.921112582087516785e-02
1.520809344947338104e-02
2.344987913966178894e-02
1.004251651465892792e-02
7.489280775189399719e-03
-5.205682944506406784e-03
-7.624845951795578003e-02
-8.010198920965194702e-02
-3.474439680576324463e-02
-9.062001109123229980e-02
-5.615852400660514832e-02
-4.729525744915008545e-02
-2.179200528189539909e-03
7.169275078922510147e-03
-5.308643914759159088e-03
-4.653142020106315613e-02
-3.358595073223114014e-02
3.725497052073478699e-02
-4.231863468885421753e-02
-4.216432198882102966e-02
7.712251693010330200e-02
-3.089054115116596222e-02
-2.954660740215331316e-04
4.357269778847694397e-02
2.306277677416801453e-02
2.955280942842364311e-03
-3.986397758126258850e-02
2.478667721152305603e-02
-3.209831658750772476e-03
-2.051928453147411346e-02
-2.189117367379367352e-04
9.870214387774467468e-03
7.856221869587898254e-03
6.868875771760940552e-02
-2.722634002566337585e-02
-8.994103968143463135e-02
9.269197285175323486e-02
1.525370869785547256e-02
-5.751418694853782654e-02
3.510936722159385681e-02
3.148788958787918091e-02
-8.125646039843559265e-03
7.488819956779479980e-02
6.390892714262008667e-02
4.719894379377365112e-02
2.554100565612316132e-02
-6.004309281706809998e-03
-1.515911892056465149e-02
1.625644415616989136e-02
-1.110163424164056778e-02
-6.401887629181146622e-03
4.820397123694419861e-02
4.301384091377258301e-02
3.059094026684761047e-02
1.740881241858005524e-02
3.147911280393600464e-02
-3.918780013918876648e-02
2.575933933258056641e-02
-3.315959870815277100e-02
-7.820519804954528809e-02
-1.661493629217147827e-02
-1.219061948359012604e-02
1.494964770972728729e-02
8.760164491832256317e-03
-1.569190178997814655e-03
-1.647637225687503815e-02
5.258467048406600952e-02
3.244018647819757462e-03
-1.687715016305446625e-02
-2.175044827163219452e-02
-2.541287243366241455e-02
1.638329401612281799e-02
-9.615979157388210297e-03
-2.772345207631587982e-02
-2.494171075522899628e-02
3.072921186685562134e-02
-2.247685939073562622e-02
-5.687762796878814697e-02
1.798543706536293030e-02
5.694365594536066055e-03
7.248912472277879715e-03
-9.066858328878879547e-03
-4.934649914503097534e-02
-1.813744194805622101e-02
1.138070039451122284e-02
1.175865065306425095e-03
1.942289620637893677e-02
-2.176413498818874359e-02
-5.690824612975120544e-02
-8.596840500831604004e-02
-6.671075522899627686e-02
-7.123265415430068970e-02
-8.196809142827987671e-02
-3.369295597076416016e-02
-3.079532831907272339e-02
-3.039037063717842102e-02
4.057319834828376770e-02
4.194932430982589722e-02
4.601982608437538147e-02
4.721337929368019104e-02
4.253526031970977783e-02
-4.197698086500167847e-02
1.742791011929512024e-02
-5.626181513071060181e-02
-1.004688143730163574e-01
-2.206898480653762817e-02
3.563963249325752258e-02
1.160888373851776123e-02
-4.458655416965484619e-02
4.408586397767066956e-02
1.629376783967018127e-02
-6.603675335645675659e-02
-2.806927263736724854e-02
-5.016461014747619629e-02
-6.723519880324602127e-03
4.432063922286033630e-02
1.469615031965076923e-03
2.923912554979324341e-02
3.849755600094795227e-02
2.005172148346900940e-02
-6.902011809870600700e-04
2.694983966648578644e-02
-2.810447663068771362e-02
-1.469882484525442123e-02
-3.436709940433502197e-02
2.075058873742818832e-03
5.533918272703886032e-03
6.209124345332384109e-03
-8.561003021895885468e-03
3.351140767335891724e-02
-3.679885994642972946e-04
-2.539907768368721008e-02
4.498443379998207092e-02
3.357565030455589294e-02
-2.599230781197547913e-02
1.468952838331460953e-02
2.654028870165348053e-02
-3.041032329201698303e-02
-3.209049254655838013e-02
-1.200935430824756622e-02
-3.318205475807189941e-02
-1.465882081538438797e-02
-4.650782048702239990e-02
-3.572089225053787231e-02
-7.507808506488800049e-02
-1.017799824476242065e-01
-7.946568727493286133e-02
-6.449978053569793701e-02
-7.980681955814361572e-02
-6.038946285843849182e-02
-9.485317277722060680e-04
-2.531182952225208282e-02
-2.359317429363727570e-02
1.422825269401073456e-03
1.185483206063508987e-02
2.439971640706062317e-02
3.208703175187110901e-02
5.842804163694381714e-02
4.004676267504692078e-02
-8.619561791419982910e-02
-5.976934731006622314e-02
1.094602234661579132e-02
-6.252819299697875977e-02
-8.899530395865440369e-03
7.393152336589992046e-04
-1.562282722443342209e-02
1.315405033528804779e-02
3.576987236738204956e-02
-5.146122723817825317e-02
-1.284227967262268066e-01
-1.584461182355880737e-01
-1.113381013274192810e-01
-1.445459127426147461e-01
-1.729470789432525635e-01
-9.214580804109573364e-02
-1.302700042724609375e-01
-1.226691231131553650e-01
-1.561750657856464386e-02
1.136727165430784225e-02
-5.864482745528221130e-02
-1.851649023592472076e-02
-4.207745194435119629e-02
-8.154346048831939697e-02
-4.919326677918434143e-02
-7.326596230268478394e-02
-1.045442894101142883e-01
-1.029555872082710266e-02
-1.660548383370041847e-03
-6.501619517803192139e-02
4.953317716717720032e-02
1.050421688705682755e-02
-2.179269306361675262e-02
6.745522469282150269e-02
5.818862095475196838e-02
1.724207191728055477e-03
3.131699189543724060e-02
2.807426638901233673e-02
6.568171083927154541e-03
-2.669517695903778076e-02
1.543975714594125748e-02
-1.765610463917255402e-02
-2.048683166503906250e-02
-4.278578981757164001e-02
-7.739680353552103043e-03
-6.515972316265106201e-02
-7.405366748571395874e-02
-6.393715739250183105e-02
1.315473462454974651e-03
-4.670907929539680481e-02
-5.044075101613998413e-02
1.750946603715419769e-02
-5.558147560805082321e-03
-4.474505409598350525e-02
8.142314851284027100e-02
1.013717949390411377e-01
8.993563055992126465e-02
1.206381991505622864e-01
1.133070141077041626e-01
5.414827913045883179e-02
1.370102614164352417e-01
8.916388452053070068e-02
1.379652600735425949e-02
-1.390589494258165359e-02
-3.167031705379486084e-02
-7.315302733331918716e-03
-2.026512753218412399e-03
-2.981965988874435425e-02
-5.976028367877006531e-02
2.860353514552116394e-02
9.907400235533714294e-03
-1.289400458335876465e-02
-3.082371130585670471e-02
-6.209590286016464233e-02
-8.350145816802978516e-02
-1.119209825992584229e-01
-1.127384006977081299e-01
-1.418421864509582520e-01
-1.159284636378288269e-01
-9.733287990093231201e-02
-1.060472205281257629e-01
-8.394594304263591766e-03
-1.918315328657627106e-02
3.036980144679546356e-02
-2.220427431166172028e-02
9.381844662129878998e-03
-2.491282531991600990e-03
-6.347021088004112244e-03
-1.637706905603408813e-02
-2.156575024127960205e-02
-2.026937203481793404e-03
-4.894033074378967285e-03
9.452964179217815399e-03
-2.247387170791625977e-02
-2.348254062235355377e-02
-1.267697848379611969e-02
-1.724943891167640686e-02
-1.371981017291545868e-02
-1.134313549846410751e-02
4.319882392883300781e-02
7.346493005752563477e-02
4.415579512715339661e-02
2.431057766079902649e-02
3.704208135604858398e-02
3.958306461572647095e-02
-2.965485118329524994e-02
-5.502542480826377869e-04
6.303928792476654053e-02
-3.980927541851997375e-02
-2.570218406617641449e-02
-6.314051570370793343e-04
-1.304698269814252853e-02
2.168576233088970184e-02
-1.044171489775180817e-02
9.171772748231887817e-03
7.656028028577566147e-03
-3.074243897572159767e-03
1.004510000348091125e-02
-1.206538826227188110e-02
-2.459230273962020874e-02
-1.680674962699413300e-02
6.345903500914573669e-03
5.126398429274559021e-02
-2.810823917388916016e-02
2.573158405721187592e-02
6.930628418922424316e-02
-7.868290692567825317e-02
-7.651861011981964111e-02
-6.215942651033401489e-02
-7.648622989654541016e-02
-4.830419644713401794e-02
-9.398784488439559937e-03
-1.905145496129989624e-02
2.382169477641582489e-02
3.671760112047195435e-02
8.656676113605499268e-02
9.444552659988403320e-02
2.944043837487697601e-02
2.673825807869434357e-02
4.439499229192733765e-02
-1.441241335123777390e-02
7.958476431667804718e-03
-1.267878804355859756e-02
-1.821776153519749641e-03
-3.535731509327888489e-02
-4.590531345456838608e-03
3.302043676376342773e-02
-9.395039640367031097e-03
3.927904181182384491e-03
1.684069074690341949e-02
-1.463307812809944153e-02
-5.002552270889282227e-02
-6.132948026061058044e-02
-1.042463555932044983e-01
-7.834813743829727173e-02
-6.164064630866050720e-02
-1.221586111932992935e-02
1.629482395946979523e-02
2.681674063205718994e-02
5.945639312267303467e-02
6.541397422552108765e-02
3.293000534176826477e-02
5.020004883408546448e-02
8.742807805538177490e-02
6.009188294410705566e-02
3.792542964220046997e-02
7.431286573410034180e-02
1.170127615332603455e-01
3.209655731916427612e-02
9.688746184110641479e-02
8.323197811841964722e-02
-2.154759876430034637e-02
-1.362024340778589249e-02
-3.364539518952369690e-02
1.062275958247482777e-03
2.949928864836692810e-02
2.241458930075168610e-02
-1.728644035756587982e-02
5.719746649265289307e-02
-2.089223079383373260e-02
-1.722945645451545715e-02
-6.272823363542556763e-02
-4.406941309571266174e-02
1.482876576483249664e-02
4.462765157222747803e-02
-3.101752884685993195e-02
2.187762409448623657e-02
3.336558863520622253e-02
2.231953112641349435e-04
2.871552854776382446e-02
1.374450027942657471e-01
8.651790022850036621e-02
9.077587723731994629e-02
1.944550275802612305e-01
1.619706451892852783e-01
6.363222002983093262e-02
1.226679161190986633e-01
8.748232573270797729e-02
-1.298308223485946655e-01
-1.207522079348564148e-01
-2.549109794199466705e-02
-1.575526446104049683e-01
-1.228159144520759583e-01
-7.123757153749465942e-02
-9.897279739379882812e-02
-1.208158433437347412e-01
-9.029643237590789795e-02
-2.483721449971199036e-02
6.093843840062618256e-04
-7.550098234787583351e-04
-6.734132021665573120e-02
-4.578538239002227783e-02
-1.724975183606147766e-02
-2.529445104300975800e-02
-4.853286221623420715e-02
-3.810074552893638611e-02
-9.718336164951324463e-03
1.782120438292622566e-03
-1.252666767686605453e-02
2.296286076307296753e-02
2.510833181440830231e-02
1.689976267516613007e-02
6.089225783944129944e-02
9.385180473327636719e-02
4.836422577500343323e-02
-1.644769869744777679e-02
-1.025388576090335846e-02
-4.475000128149986267e-02
5.404770001769065857e-02
4.076209291815757751e-02
2.101182239130139351e-03
3.478410467505455017e-02
1.530180312693119049e-02
1.727939024567604065e-02
6.566697359085083008e-02
4.265537858009338379e-02
-1.807129196822643280e-02
3.989064693450927734e-02
1.857323758304119110e-02
-3.968247212469577789e-03
6.379975005984306335e-03
-1.407577772624790668e-03
6.490386091172695160e-03
3.162100166082382202e-02
8.438642323017120361e-02
7.254915684461593628e-02
-1.271199062466621399e-02
3.364928066730499268e-02
4.414635524153709412e-02
-6.593714654445648193e-02
-6.958635896444320679e-02
-3.107313811779022217e-02
-4.446732811629772186e-03
3.869280684739351273e-03
3.554628416895866394e-02
1.555384974926710129e-02
1.572456583380699158e-02
2.816701866686344147e-02
-1.163982506841421127e-02
5.194145720452070236e-03
2.697413554415106773e-03
-1.734941639006137848e-02
-6.477484107017517090e-02
-5.742130801081657410e-02
4.235586524009704590e-02
-8.466893807053565979e-03
-6.811442971229553223e-02
3.045535646378993988e-02
4.531234130263328552e-02
1.425437442958354950e-02
1.302133430726826191e-03
2.655107341706752777e-02
2.099223062396049500e-02
-1.618175394833087921e-02
-1.227600686252117157e-02
1.458242069929838181e-02
-4.098930209875106812e-02
-5.113220587372779846e-02
-3.661118820309638977e-02
3.857494797557592392e-03
-1.356259454041719437e-03
1.921765692532062531e-02
-1.097753178328275681e-02
-2.451206743717193604e-02
2.360387006774544716e-03
2.000661194324493408e-02
3.576985746622085571e-02
4.634222015738487244e-02
-2.289189025759696960e-02
2.890639007091522217e-02
4.292849823832511902e-02
-9.516724385321140289e-03
8.589698001742362976e-03
7.927034795284271240e-02
1.005982235074043274e-02
2.213828824460506439e-02
4.678745195269584656e-02
9.356347844004631042e-03
-4.170166328549385071e-02
-3.393559902906417847e-02
7.806355599313974380e-03
-1.119900774210691452e-02
-2.737271226942539215e-02
1.694147661328315735e-02
4.335570335388183594e-02
8.074749261140823364e-03
-3.631404787302017212e-02
-8.222945779561996460e-02
-6.630846858024597168e-02
-2.286195009946823120e-02
-5.017557740211486816e-02
-9.498797357082366943e-02
5.023309960961341858e-02
-1.915393804665654898e-04
-1.550807897001504898e-02
-6.842222064733505249e-02
2.026599086821079254e-02
4.211432859301567078e-02
2.520815934985876083e-03
3.400733694434165955e-02
1.060577016323804855e-02
7.955300621688365936e-03
1.179503649473190308e-02
-2.707277983427047729e-02
6.356487423181533813e-02
4.476022720336914062e-02
-3.617794811725616455e-02
6.540174037218093872e-02
4.068313911557197571e-02
-7.896895706653594971e-02
1.710653863847255707e-02
1.685980334877967834e-02
-8.928311616182327271e-02
-2.228032611310482025e-02
-3.859940171241760254e-02
-2.011145092546939850e-02
-1.974787749350070953e-02
-4.646851681172847748e-03
-1.562723331153392792e-02
-3.445038944482803345e-02
-1.182895619422197342e-02
-2.792832069098949432e-02
2.396494848653674126e-03
1.583602838218212128e-02
-2.466278709471225739e-02
4.735352843999862671e-02
7.069895416498184204e-02
3.761614114046096802e-02
3.578053414821624756e-02
1.144832968711853027e-01
1.193834617733955383e-01
-9.947686456143856049e-03
-2.591854520142078400e-02
4.428940359503030777e-03
6.828596442937850952e-02
1.780902780592441559e-02
2.235116995871067047e-02
6.062811985611915588e-02
4.616874828934669495e-02
4.785176739096641541e-02
2.828999049961566925e-02
3.020219504833221436e-02
2.984609082341194153e-02
-1.012353785336017609e-02
2.797405049204826355e-02
4.835958033800125122e-02
-4.516223073005676270e-02
-2.700183726847171783e-02
-1.287010777741670609e-02
-6.718529015779495239e-02
-3.943899273872375488e-02
-6.412235647439956665e-02
-9.388920664787292480e-02
-1.059317868202924728e-02
-7.124885916709899902e-02
-3.466121852397918701e-02
-1.038409769535064697e-02
-5.180159211158752441e-02
2.777214907109737396e-02
3.251436725258827209e-02
3.752270340919494629e-02
4.111118614673614502e-02
1.190591230988502502e-02
2.229089848697185516e-02
3.536677360534667969e-02
3.262805938720703125e-02
6.212437525391578674e-02
-3.959742188453674316e-02
2.753880992531776428e-02
9.663906693458557129e-02
-2.824004553258419037e-02
4.129566624760627747e-02
1.035777032375335693e-01
1.495938934385776520e-02
3.184927254915237427e-02
4.476524889469146729e-02
1.083058193325996399e-01
1.155044287443161011e-01
9.645719081163406372e-02
1.312238425016403198e-01
1.404633820056915283e-01
1.916220635175704956e-01
7.867337018251419067e-02
1.421325206756591797e-01
1.533051282167434692e-01
-1.778327673673629761e-02
2.244636416435241699e-02
1.775316335260868073e-02
6.921359803527593613e-03
1.346447877585887909e-02
4.211572185158729553e-02
1.289905328303575516e-02
2.415878232568502426e-03
2.590246498584747314e-02
-3.303343430161476135e-02
-4.992563277482986450e-02
-5.107861757278442383e-02
1.404516026377677917e-02
-4.942257702350616455e-02
-7.833117246627807617e-02
6.208613887429237366e-02
3.073057532310485840e-02
-2.011394128203392029e-02
-1.493062265217304230e-02
-6.642815191298723221e-03
1.691285334527492523e-02
-4.875957593321800232e-02
-1.245228573679924011e-02
4.139584675431251526e-02
-4.275611788034439087e-02
-1.142776943743228912e-02
1.913898624479770660e-02
-5.712843313813209534e-02
-5.448319017887115479e-02
7.192355114966630936e-03
-8.508989959955215454e-02
-1.322833001613616943e-01
-8.256898820400238037e-02
-1.677467674016952515e-02
-4.278351366519927979e-02
-3.343318030238151550e-02
-9.696732275187969208e-03
-1.018475741147994995e-02
-2.183034643530845642e-02
3.130549937486648560e-02
-7.544743362814188004e-03
-4.846540093421936035e-02
1.912993937730789185e-02
1.635559275746345520e-02
-1.384526025503873825e-02
-3.112007677555084229e-02
-3.114047087728977203e-02
-5.995648354291915894e-02
-7.076001167297363281e-02
-8.628266304731369019e-02
-8.132687211036682129e-02
-4.772742092609405518e-02
-7.704609632492065430e-02
-2.790065854787826538e-02
-1.490822061896324158e-02
-6.231937929987907410e-02
-8.079847693443298340e-02
-3.609580919146537781e-02
-5.387311801314353943e-02
-1.173908114433288574e-01
-8.150622248649597168e-03
-8.572079241275787354e-02
-1.085753962397575378e-01
1.966292969882488251e-02
-8.918483741581439972e-03
-8.720043115317821503e-03
-1.158942747861146927e-02
-4.035527631640434265e-02
-5.305206775665283203e-02
-1.122430339455604553e-02
-1.341958437114953995e-02
-5.241580307483673096e-03
-8.691889233887195587e-03
-6.116582546383142471e-03
4.737124964594841003e-02
1.351593993604183197e-02
5.302391573786735535e-02
2.035242691636085510e-02
1.619534380733966827e-02
3.463264554738998413e-02
6.004148744978010654e-04
-1.253359601832926273e-03
1.375057641416788101e-02
-2.204998955130577087e-02
6.832684576511383057e-02
3.417710959911346436e-02
2.471962384879589081e-02
1.045258343219757080e-01
1.118120923638343811e-01
5.712197721004486084e-02
-1.236845646053552628e-02
-1.634066575206816196e-03
1.789242587983608246e-02
-4.649195820093154907e-02
-3.649699687957763672e-02
-2.883180230855941772e-02
-1.100342255085706711e-02
-1.799776032567024231e-02
-3.447943925857543945e-02
2.933842875063419342e-02
5.921955406665802002e-02
5.964304134249687195e-02
5.040124803781509399e-02
9.236568212509155273e-02
1.054676920175552368e-01
3.015534952282905579e-02
8.201258629560470581e-02
1.049111783504486084e-01
-2.822253666818141937e-02
-2.689965255558490753e-02
1.430323626846075058e-02
-4.450549557805061340e-02
-3.740646690130233765e-02
-3.193235769867897034e-02
-3.352629952132701874e-03
-1.822608709335327148e-02
-2.360794693231582642e-02
-5.795062333345413208e-02
-2.564598992466926575e-02
-2.719453163444995880e-02
-4.834509640932083130e-02
-4.833484441041946411e-02
-7.011205703020095825e-02
-9.790997020900249481e-03
-5.125157162547111511e-02
-7.889441400766372681e-02
3.221812471747398376e-02
1.898802258074283600e-02
-1.725670322775840759e-02
-2.343177050352096558e-02
-2.354346588253974915e-02
-2.312337793409824371e-02
3.931793849915266037e-03
2.773199789226055145e-02
4.357713088393211365e-02
1.928237150423228741e-03
2.135816961526870728e-02
-9.905152255669236183e-04
-8.998599834740161896e-03
1.635587401688098907e-02
-1.685731858015060425e-02
2.579316683113574982e-02
4.581780731678009033e-02
1.170391030609607697e-02
3.523877263069152832e-02
-6.684172432869672775e-03
-3.016364574432373047e-02
6.988763343542814255e-03
4.902628643321804702e-05
-1.082230731844902039e-02
-8.527222089469432831e-03
-1.237190212123095989e-03
7.169154286384582520e-02
1.986094005405902863e-02
-2.007197961211204529e-02
-2.425118722021579742e-02
2.257732115685939789e-02
-1.953767426311969757e-02
-2.355836145579814911e-02
2.688742801547050476e-02
-9.700934402644634247e-03
-1.610489934682846069e-02
4.834998399019241333e-04
2.621239610016345978e-02
1.387383975088596344e-02
-1.077981945127248764e-02
-1.726451702415943146e-02
2.554846927523612976e-02
-3.871796652674674988e-02
1.505017746239900589e-03
1.873949915170669556e-02
1.488094963133335114e-02
1.807066798210144043e-02
3.546699881553649902e-02
2.874807454645633698e-02
2.653106488287448883e-02
4.881108552217483521e-02
1.628242246806621552e-02
4.130792617797851562e-02
-1.302366983145475388e-02
-7.782031595706939697e-02
-5.624214187264442444e-02
-5.762777850031852722e-02
-5.977535620331764221e-02
-2.724505029618740082e-02
-4.109141230583190918e-02
-4.538424313068389893e-02
-4.263563454151153564e-02
-5.792140215635299683e-02
7.829180359840393066e-02
3.880637139081954956e-02
3.420615941286087036e-02
4.409797862172126770e-02
-5.130717181600630283e-04
-1.731231022858992219e-04
7.027513813227415085e-03
-5.476890504360198975e-02
-9.403511066921055317e-04
-2.018900029361248016e-02
-7.759533822536468506e-02
-3.039768151938915253e-02
9.019310818985104561e-04
-3.142090141773223877e-02
-8.362429589033126831e-02
-1.846024580299854279e-02
-9.770226478576660156e-02
-8.040932565927505493e-02
-4.418698139488697052e-03
-4.900303483009338379e-02
-6.413896381855010986e-02
-2.570376545190811157e-02
1.584436686243861914e-04
-1.576587185263633728e-02
-2.482987195253372192e-02
-5.744266789406538010e-03
1.422797702252864838e-02
-2.531010843813419342e-02
-1.002008095383644104e-01
-7.863803207874298096e-02
-1.343815326690673828e-01
-1.185600385069847107e-01
-1.800985336303710938e-01
-1.462049037218093872e-01
-2.140271961688995361e-01
-1.270162910223007202e-01
-8.199776709079742432e-02
-1.100443303585052490e-01
-1.012368649244308472e-01
-1.134177222847938538e-01
-5.620002001523971558e-02
-1.590822488069534302e-01
-1.071255505084991455e-01
-1.890843510627746582e-01
-1.842766553163528442e-01
9.725361131131649017e-03
-8.161082863807678223e-03
3.899524733424186707e-02
2.746944315731525421e-02
9.695091843605041504e-02
3.906966000795364380e-02
-2.428041398525238037e-02
-9.157061576843261719e-03
4.396014846861362457e-03
4.625289700925350189e-03
-2.062793076038360596e-02
-5.405890569090843201e-02
3.045139135792851448e-03
-2.569596469402313232e-02
-6.734320521354675293e-02
6.297565996646881104e-03
-2.222418226301670074e-02
-5.183744058012962341e-02
3.555436804890632629e-02
8.570564910769462585e-03
5.172097310423851013e-02
-5.216217041015625000e-02
3.480964526534080505e-02
-1.405635569244623184e-02
-7.606425881385803223e-02
-8.765545487403869629e-02
-3.086007013916969299e-02
1.163078006356954575e-03
2.613453008234500885e-02
-7.164585869759321213e-03
-8.956524543464183807e-03
3.465330693870782852e-03
-8.616192266345024109e-03
-2.052213810384273529e-02
-1.684120111167430878e-02
-3.881950676441192627e-02
4.656061157584190369e-02
5.426046624779701233e-02
5.113892257213592529e-02
6.654521077871322632e-02
8.183425292372703552e-03
4.298014566302299500e-02
5.254084989428520203e-02
5.842590332031250000e-02
1.771369390189647675e-02
-1.941465027630329132e-02
-1.390149164944887161e-02
3.678609384223818779e-03
-5.647787451744079590e-02
-2.679920382797718048e-02
-5.409249290823936462e-02
-1.363846100866794586e-02
-4.516310989856719971e-02
-3.531401604413986206e-02
-1.416561659425497055e-02
3.736960515379905701e-02
1.272686291486024857e-02
5.346871539950370789e-02
2.934606513008475304e-03
7.317715138196945190e-02
6.214027106761932373e-02
5.772753432393074036e-02
5.308986827731132507e-02
5.893344432115554810e-02
7.171241194009780884e-02
3.660392016172409058e-02
3.772376105189323425e-02
2.544428408145904541e-02
4.251275211572647095e-02
2.013219706714153290e-02
5.371859297156333923e-03
-2.259123837575316429e-03
1.593974232673645020e-02
-1.558117195963859558e-02
4.745266865938901901e-03
6.719005759805440903e-03
9.611252695322036743e-03
4.871834069490432739e-02
-9.175601298920810223e-04
2.254897728562355042e-02
4.988525435328483582e-02
-1.633005030453205109e-02
-2.964957244694232941e-02
-3.604914620518684387e-02
-6.060811504721641541e-02
-1.202308852225542068e-02
-4.306181892752647400e-02
-3.291591256856918335e-02
-5.542382225394248962e-02
-2.535024285316467285e-02
-4.423648864030838013e-02
3.704772889614105225e-02
7.177831977605819702e-02
1.884698867797851562e-02
5.676167458295822144e-02
7.198167592287063599e-02
1.864411681890487671e-02
3.946018964052200317e-02
3.285824507474899292e-02
2.432965300977230072e-02
-1.186418303404934704e-04
-1.775296218693256378e-02
5.154974013566970825e-02
-2.333913184702396393e-02
3.598065674304962158e-02
1.326918601989746094e-02
1.763800159096717834e-02
2.750433050096035004e-02
-3.853804990649223328e-02
-4.547058790922164917e-02
3.473202697932720184e-03
-1.454727537930011749e-02
-5.358355492353439331e-02
2.886364236474037170e-02
5.491464957594871521e-02
4.492738097906112671e-02
9.552609175443649292e-02
-1.328171938657760620e-01
-1.183466389775276184e-01
-8.714732527732849121e-02
-1.635394543409347534e-01
-1.589178144931793213e-01
-1.446679979562759399e-01
-7.820541411638259888e-02
-9.751045703887939453e-02
-7.063180208206176758e-02
-4.359293729066848755e-02
-4.773735627532005310e-02
3.352756612002849579e-03
-3.573320060968399048e-02
-1.862147822976112366e-02
-3.026210889220237732e-02
1.889489591121673584e-03
1.087680924683809280e-02
8.522659540176391602e-03
-6.317836232483386993e-03
-1.307700295001268387e-02
2.882655337452888489e-02
5.637608468532562256e-02
2.325568534433841705e-02
6.374053657054901123e-03
7.464836537837982178e-02
2.219303138554096222e-02
-4.671553615480661392e-03
-2.541891857981681824e-02
-1.825499534606933594e-02
-3.616957226768136024e-03
-1.279034186154603958e-02
-1.828456111252307892e-02
-5.965846590697765350e-03
2.142848819494247437e-02
2.260569855570793152e-02
1.482523791491985321e-02
-3.619711473584175110e-02
-1.098115090280771255e-02
-1.490291394293308258e-02
-1.935247331857681274e-02
-1.179666072130203247e-02
1.362075470387935638e-02
3.188351867720484734e-03
3.353731706738471985e-02
5.951111763715744019e-02
-2.580611221492290497e-02
-3.351501375436782837e-02
5.522540584206581116e-02
-1.220798566937446594e-01
-1.043866574764251709e-01
-5.351177975535392761e-02
3.918983973562717438e-03
-3.682284057140350342e-02
8.053839206695556641e-03
-2.810251526534557343e-02
-1.529147382825613022e-03
-1.409431360661983490e-02
-2.152314409613609314e-02
-1.470337994396686554e-02
-2.557259611785411835e-02
2.088841237127780914e-02
1.292758341878652573e-02
-3.004111349582672119e-03
6.864118576049804688e-02
4.940581694245338440e-02
-2.193646505475044250e-02
5.793786793947219849e-02
3.689640015363693237e-02
1.547223702073097229e-02
7.619776763021945953e-03
3.814215213060379028e-02
-2.908953931182622910e-03
-1.374864671379327774e-02
-4.247519746422767639e-02
1.549828518182039261e-02
-1.101924013346433640e-02
-6.303867697715759277e-02
-8.664266765117645264e-02
4.111976921558380127e-02
-1.626840233802795410e-02
-7.840456441044807434e-03
-1.254001259803771973e-02
-5.996510013937950134e-02
-6.839157640933990479e-02
1.775524765253067017e-02
6.600411143153905869e-03
-1.557843852788209915e-02
7.734653353691101074e-02
9.191827476024627686e-02
8.676176518201828003e-02
3.032419644296169281e-02
-4.307874012738466263e-03
5.983334966003894806e-03
1.504414901137351990e-02
-9.615547955036163330e-03
2.355839870870113373e-02
2.132600359618663788e-02
1.610674150288105011e-02
4.299748316407203674e-02
3.646288439631462097e-02
2.134396694600582123e-02
3.227415308356285095e-02
5.082068592309951782e-02
1.005887147039175034e-02
2.909654751420021057e-02
7.338772062212228775e-03
3.512441366910934448e-02
1.127564162015914917e-02
3.184619708918035030e-04
4.036741331219673157e-02
6.350065767765045166e-02
2.563699334859848022e-02
7.846824079751968384e-02
6.773622334003448486e-02
1.709595136344432831e-02
4.341859370470046997e-02
2.951175533235073090e-02
-5.075033754110336304e-02
-3.262933343648910522e-02
-2.086245082318782806e-02
-6.786212325096130371e-03
1.635211333632469177e-02
2.612934820353984833e-02
1.832036860287189484e-02
2.241374924778938293e-02
7.452013343572616577e-02
-9.965615719556808472e-02
-6.758248060941696167e-02
-9.010464884340763092e-03
-1.264180392026901245e-01
-3.483800217509269714e-02
-7.110274862498044968e-03
-4.849970713257789612e-02
-1.593363587744534016e-03
7.415996491909027100e-02
-1.781508326530456543e-02
5.102641135454177856e-02
3.462987393140792847e-02
4.688149318099021912e-02
8.334797620773315430e-02
9.018389135599136353e-02
1.779542118310928345e-02
1.775221154093742371e-02
7.049202453345060349e-03
5.308512132614850998e-03
-2.535077556967735291e-02
-4.694445058703422546e-02
-5.517966300249099731e-02
-5.300315096974372864e-02
-1.161831766366958618e-01
-2.493657916784286499e-02
-7.834811508655548096e-02
-6.090281158685684204e-02
4.216131567955017090e-02
1.963195204734802246e-02
-1.768046431243419647e-02
-3.377824276685714722e-02
-1.366982702165842056e-02
-2.395266853272914886e-02
1.116900332272052765e-02
-3.050262806937098503e-03
1.147345080971717834e-02
2.229151502251625061e-02
-6.880913861095905304e-04
2.525100251659750938e-03
-1.355550251901149750e-02
9.545400738716125488e-03
1.757176034152507782e-02
-3.486362844705581665e-02
-1.077387481927871704e-02
5.032365396618843079e-02
-1.497469749301671982e-02
-3.519077226519584656e-02
-1.149825751781463623e-02
-6.967403739690780640e-02
-3.338391333818435669e-02
-8.196868747472763062e-02
-8.699345588684082031e-02
-8.080374449491500854e-02
-6.504084169864654541e-02
-1.810411922633647919e-03
-8.651308715343475342e-03
6.831900216639041901e-03
-7.045774906873703003e-02
-8.027276396751403809e-02
-6.265173107385635376e-02
-3.650657460093498230e-02
-6.390997022390365601e-02
-4.127942025661468506e-02
-1.656892150640487671e-02
-6.368239969015121460e-02
-9.715865552425384521e-02
-1.454930305480957031e-01
-9.549931436777114868e-02
-1.864864677190780640e-01
-1.553864777088165283e-01
-1.527328938245773315e-01
-1.461366117000579834e-01
5.262733995914459229e-02
4.353990033268928528e-02
4.603268206119537354e-02
4.893923550844192505e-02
3.768602386116981506e-02
5.768069624900817871e-02
4.535824805498123169e-02
1.953325420618057251e-02
4.220138117671012878e-02
-6.063074246048927307e-02
-7.298849523067474365e-02
-4.559871926903724670e-02
3.537708520889282227e-02
2.165978029370307922e-02
2.462683618068695068e-02
5.508607998490333557e-02
3.613888472318649292e-02
2.601576969027519226e-02
7.603923790156841278e-03
4.874273389577865601e-02
1.519745308905839920e-02
-6.775392685085535049e-03
3.158495202660560608e-02
2.213696762919425964e-02
-2.828541584312915802e-02
5.825982894748449326e-03
5.982212722301483154e-02
-2.175545878708362579e-02
2.033260837197303772e-02
1.820114627480506897e-02
-2.851186133921146393e-02
-1.710986346006393433e-02
-4.395563155412673950e-02
-5.261820554733276367e-02
-5.782280489802360535e-02
-7.520427554845809937e-02
2.255073003470897675e-02
4.052286501973867416e-03
2.815514057874679565e-02
-6.063491106033325195e-03
-2.909423224627971649e-02
9.032484143972396851e-03
1.704603061079978943e-02
6.639822386205196381e-03
2.876538969576358795e-02
-2.139569260179996490e-02
-5.215902626514434814e-02
-4.499437659978866577e-02
-8.085158467292785645e-02
-9.633518755435943604e-02
-6.174153834581375122e-02
-4.523310437798500061e-02
-4.601232334971427917e-02
-3.399321436882019043e-02
4.861610382795333862e-02
3.601241484284400940e-02
-6.349585950374603271e-03
6.098511815071105957e-02
2.330273762345314026e-02
5.979809537529945374e-02
5.274988710880279541e-02
7.873009145259857178e-02
5.525988712906837463e-02
-4.078551754355430603e-02
-6.773548573255538940e-02
-5.109140276908874512e-02
-2.581290714442729950e-02
-1.735365763306617737e-02
1.217432226985692978e-02
1.154154725372791290e-02
2.944597415626049042e-02
4.947517812252044678e-02
-3.611262142658233643e-02
1.977023296058177948e-02
4.398693144321441650e-02
1.622703671455383301e-02
3.464590013027191162e-02
2.168282493948936462e-02
6.700838357210159302e-02
3.786231949925422668e-02
-2.928842790424823761e-02
9.200164675712585449e-02
1.087663695216178894e-01
5.462816730141639709e-02
8.710446953773498535e-02
4.117918759584426880e-02
5.085911974310874939e-02
7.519921753555536270e-03
6.282064318656921387e-02
7.962835952639579773e-03
-9.974139183759689331e-02
-2.114203274250030518e-01
-1.669279783964157104e-01
-1.641644090414047241e-01
-1.555996090173721313e-01
-1.757641285657882690e-01
-9.672131389379501343e-02
-1.260960251092910767e-01
-9.197378903627395630e-02
1.959126628935337067e-02
-2.238489687442779541e-02
-3.000455722212791443e-02
1.223096773028373718e-01
5.077820643782615662e-02
5.449870228767395020e-02
1.016710400581359863e-01
1.223777532577514648e-01
6.955289840698242188e-02
3.589716181159019470e-02
-3.390049561858177185e-02
-1.622474752366542816e-02
-1.963767688721418381e-03
-2.064490132033824921e-02
-1.705951988697052002e-02
-1.117074955254793167e-02
1.303368248045444489e-02
1.676831045188009739e-03
2.456657961010932922e-02
-2.621193043887615204e-02
-6.057544052600860596e-02
6.199721992015838623e-02
1.468696724623441696e-02
1.066899485886096954e-02
5.944399163126945496e-02
6.383310258388519287e-02
6.752708554267883301e-02
-2.307299152016639709e-02
-1.666237600147724152e-02
-5.208535119891166687e-02
9.551929309964179993e-03
-2.233483362942934036e-03
-1.769421063363552094e-02
4.799166694283485413e-02
6.168832629919052124e-02
-3.848058622679673135e-05
-1.294350996613502502e-02
-8.794887363910675049e-02
-1.029304042458534241e-01
-4.740489274263381958e-02
2.124204859137535095e-02
-9.724212437868118286e-02
2.353315055370330811e-02
9.175427258014678955e-03
-6.101718638092279434e-03
-3.689948469400405884e-02
-2.011459879577159882e-02
-1.349026616662740707e-02
-4.583859071135520935e-02
-1.628548651933670044e-02
7.507286034524440765e-03
-1.826693303883075714e-02
1.196347083896398544e-02
2.589538507163524628e-02
-2.708598785102367401e-02
1.060988381505012512e-02
-5.302415229380130768e-03
-5.305049475282430649e-03
-4.958782345056533813e-02
-1.050183456391096115e-02
-1.360868569463491440e-02
-1.433841139078140259e-02
-3.846929594874382019e-02
2.701265551149845123e-02
-2.745320089161396027e-02
-9.239245951175689697e-02
-1.917280605994164944e-03
-2.666111849248409271e-02
-1.339817345142364502e-01
2.040595188736915588e-02
-4.434803128242492676e-02
-1.085020974278450012e-01
3.944628685712814331e-02
2.021513693034648895e-02
7.647287845611572266e-02
3.948780149221420288e-02
2.528334967792034149e-02
7.009684294462203979e-02
3.537815436720848083e-02
6.722163408994674683e-02
5.951123684644699097e-02
1.867281273007392883e-02
2.921712398529052734e-02
3.940682858228683472e-02
3.431889787316322327e-02
1.594671793282032013e-02
4.733525589108467102e-02
3.678495809435844421e-02
3.528865799307823181e-02
3.208886459469795227e-02
-3.666825965046882629e-02
-2.950946427881717682e-02
-5.660063773393630981e-02
-3.042264282703399658e-02
-1.194869913160800934e-02
-5.178098380565643311e-02
-2.771928533911705017e-02
-4.991946741938591003e-02
-7.639615982770919800e-02
-8.638793230056762695e-02
-6.170938909053802490e-02
-9.644153527915477753e-03
-6.414151191711425781e-02
-6.246580556035041809e-02
2.164431288838386536e-02
-9.406293742358684540e-03
2.743342891335487366e-02
7.636511325836181641e-02
-1.762744598090648651e-02
9.770005941390991211e-03
5.009500682353973389e-02
9.882207959890365601e-04
3.700905665755271912e-02
7.466526329517364502e-02
6.448443513363599777e-03
8.547660894691944122e-03
5.257983133196830750e-02
4.504219163209199905e-03
-3.136489167809486389e-02
-2.952133677899837494e-02
-5.767246708273887634e-02
-7.434546202421188354e-02
-4.019115120172500610e-02
-8.609310537576675415e-02
-1.145171448588371277e-01
-5.018915608525276184e-02
3.336833789944648743e-02
8.513364195823669434e-02
1.047545392066240311e-02
6.145038828253746033e-02
1.842275075614452362e-02
2.105857990682125092e-02
7.935712486505508423e-02
5.079659074544906616e-02
-2.332950197160243988e-02
9.882100857794284821e-03
2.769863605499267578e-02
2.820843458175659180e-02
1.142537407577037811e-02
1.519951596856117249e-02
4.235579073429107666e-02
3.242135420441627502e-02
4.420556128025054932e-02
2.483337558805942535e-02
3.949721157550811768e-02
2.943639829754829407e-02
-7.462472189217805862e-03
1.740432344377040863e-02
2.071565715596079826e-03
-4.767946526408195496e-02
-1.567399501800537109e-02
-4.845866933465003967e-02
4.442014731466770172e-03
-5.681693553924560547e-03
6.650345027446746826e-02
6.424076855182647705e-02
2.788890525698661804e-02
6.722155958414077759e-02
-2.061210200190544128e-02
3.226439654827117920e-02
-5.752338096499443054e-02
-2.395287342369556427e-02
-4.684016108512878418e-02
-2.135864645242691040e-02
-1.671330886892974377e-03
5.742956884205341339e-03
1.433050539344549179e-02
3.555776923894882202e-02
1.882954500615596771e-02
3.427062183618545532e-02
3.269320121034979820e-03
-3.052549622952938080e-02
-4.653780255466699600e-03
-4.816660284996032715e-02
1.944028586149215698e-02
2.262253314256668091e-03
-2.458082512021064758e-02
-6.829587277024984360e-03
-1.733332686126232147e-02
5.882774014025926590e-03
3.066701069474220276e-02
-3.759179031476378441e-03
4.215449094772338867e-02
1.045860722661018372e-02
-5.458376556634902954e-02
2.128595486283302307e-02
-3.099774383008480072e-02
1.074344757944345474e-02
2.951402030885219574e-02
6.012136489152908325e-02
4.392886534333229065e-02
-5.132798478007316589e-02
2.947369404137134552e-02
-3.356609493494033813e-02
-1.314788013696670532e-01
-8.878970146179199219e-02
-8.613957464694976807e-02
-9.521167725324630737e-02
-1.468773335218429565e-01
-1.424909830093383789e-01
-2.375912293791770935e-02
-1.138126701116561890e-01
1.046993024647235870e-02
1.384692043066024780e-01
7.186061702668666840e-03
1.289096772670745850e-01
1.543889045715332031e-01
-7.833370938897132874e-03
-4.775026347488164902e-03
2.635047771036624908e-02
-1.737200096249580383e-02
-2.295590564608573914e-02
1.372168492525815964e-02
-4.213013127446174622e-02
-3.142555058002471924e-02
5.227726418524980545e-03
-4.209541901946067810e-02
1.698097214102745056e-02
1.334067247807979584e-02
9.686072356998920441e-03
3.431719541549682617e-02
2.446019835770130157e-02
7.604093104600906372e-02
6.071647629141807556e-02
-1.612792909145355225e-02
-9.060633927583694458e-02
-4.084206745028495789e-02
-2.035729214549064636e-02
-4.002441093325614929e-02
2.962688170373439789e-02
6.003757193684577942e-02
2.892911061644554138e-02
8.505630493164062500e-02
7.521540671586990356e-02
-5.575948953628540039e-02
-5.071340501308441162e-02
-1.851962180808186531e-03
-5.251184105873107910e-02
-5.465564131736755371e-02
-2.534706890583038330e-02
-6.047717481851577759e-02
-5.852689966559410095e-02
-4.101942759007215500e-03
-3.182481508702039719e-03
-4.280034918338060379e-03
-3.524821996688842773e-02
-5.805870983749628067e-03
2.030957862734794617e-02
-2.265915088355541229e-02
-1.472480967640876770e-02
1.812379993498325348e-02
-2.961016446352005005e-02
6.195934116840362549e-02
1.194496080279350281e-01
9.968706406652927399e-03
9.357319772243499756e-02
3.740758821368217468e-02
-9.118841588497161865e-02
5.428647249937057495e-02
-1.372859440743923187e-02
-8.334286510944366455e-02
-6.124074384570121765e-02
-4.981055855751037598e-02
-6.386223435401916504e-02
-1.769987680017948151e-02
-5.358552094548940659e-03
5.702248308807611465e-03
-5.212363228201866150e-02
3.808929398655891418e-02
1.269123144447803497e-02
8.255790174007415771e-02
7.647780328989028931e-02
-7.965570315718650818e-03
2.490184828639030457e-02
1.785340905189514160e-02
-2.929673530161380768e-02
-1.331370789557695389e-02
-2.384866029024124146e-02
-1.147112529724836349e-02
2.215209184214472771e-03
-2.822242490947246552e-02
2.267884090542793274e-02
-1.091810874640941620e-02
-7.656328845769166946e-03
1.621815562248229980e-02
-4.487181082367897034e-02
-2.207127027213573456e-02
-2.908908296376466751e-03
4.343948967289179564e-04
-2.918272651731967926e-02
-1.227074861526489258e-02
-2.972950227558612823e-02
-3.578417375683784485e-02
-5.923737585544586182e-02
-7.408109307289123535e-02
-6.464996933937072754e-02
-5.790308117866516113e-02
-4.262252151966094971e-02
-3.304690495133399963e-02
7.310499437153339386e-03
-1.985611580312252045e-02
-4.173624888062477112e-02
-2.285811118781566620e-02
3.837367519736289978e-03
-4.404880851507186890e-02
-3.108330070972442627e-02
4.047510400414466858e-02
1.744996570050716400e-02
1.296815462410449982e-02
1.658320054411888123e-02
9.914556518197059631e-03
1.975622214376926422e-02
5.212068185210227966e-02
6.779160350561141968e-02
5.213301256299018860e-02
-9.425791352987289429e-02
-8.413910120725631714e-02
-6.114015728235244751e-02
-1.206155493855476379e-01
-1.116210669279098511e-01
-6.888853758573532104e-02
-1.133595183491706848e-01
-9.113934636116027832e-02
-5.324266105890274048e-02
-9.048934094607830048e-03
-3.084169933572411537e-03
4.437261074781417847e-02
-4.533597081899642944e-02
-5.821738019585609436e-02
6.322753429412841797e-02
-2.719986625015735626e-02
-7.034698873758316040e-02
3.983933106064796448e-02
3.747393563389778137e-02
5.094002466648817062e-03
-4.365164041519165039e-02
7.562499493360519409e-02
6.871437281370162964e-02
3.449216485023498535e-02
6.399662792682647705e-02
7.674860954284667969e-02
5.876451358199119568e-02
-9.092441760003566742e-03
-1.542015187442302704e-02
-1.940318755805492401e-02
-5.906066671013832092e-02
-9.311558306217193604e-02
-1.035413146018981934e-01
-2.295656688511371613e-02
-5.841705948114395142e-02
-6.465222686529159546e-02
-1.074770744889974594e-02
-3.494359552860260010e-03
5.801101028919219971e-02
-3.860488161444664001e-02
-5.060226097702980042e-02
6.248263525776565075e-04
-5.083019286394119263e-02
-1.000711023807525635e-01
-4.632411897182464600e-02
1.342141442000865936e-02
-2.647946774959564209e-02
-3.637129813432693481e-02
1.091524865478277206e-02
-2.394583448767662048e-02
-7.184759527444839478e-02
1.330871041864156723e-02
-2.215470373630523682e-02
3.246586536988615990e-03
5.596010480076074600e-03
-1.130005717277526855e-02
-9.225623682141304016e-03
-4.742610082030296326e-02
-7.668389379978179932e-02
-3.819837793707847595e-02
-2.295995503664016724e-02
-4.993375018239021301e-02
-7.408004719763994217e-03
7.616684306412935257e-03
1.294945459812879562e-02
2.423019893467426300e-02
4.187325760722160339e-02
2.543978020548820496e-02
4.790243878960609436e-02
6.321507692337036133e-02
6.558962911367416382e-02
3.541589155793190002e-02
-3.451401367783546448e-02
-4.254718497395515442e-02
-1.122506149113178253e-02
-4.173635691404342651e-02
8.619027212262153625e-03
3.622656315565109253e-02
1.038729120045900345e-02
5.802773684263229370e-02
5.385243892669677734e-02
8.370324969291687012e-03
3.414465114474296570e-02
-1.281386520713567734e-02
3.948338329792022705e-02
5.556291341781616211e-02
5.330656468868255615e-02
3.910104185342788696e-02
4.308298975229263306e-02
7.311895489692687988e-02
2.119103819131851196e-02
-3.587814792990684509e-02
-9.999224916100502014e-03
-5.208041891455650330e-02
-3.518661856651306152e-02
-1.743352040648460388e-02
-9.304816275835037231e-02
-8.860770612955093384e-02
-3.593775629997253418e-02
-4.721786454319953918e-02
-8.932934701442718506e-02
-5.467442795634269714e-02
-9.862462431192398071e-02
-5.287330597639083862e-02
7.424499839544296265e-03
-4.617229476571083069e-02
2.972154878079891205e-03
9.304135292768478394e-02
-5.896624177694320679e-03
-4.161813110113143921e-02
-1.708675263216719031e-04
-6.875980179756879807e-04
-8.832335472106933594e-03
4.260822199285030365e-03
3.591855987906455994e-02
7.949206978082656860e-02
7.101585716009140015e-02
2.041325345635414124e-02
6.592112779617309570e-02
-6.351292133331298828e-02
9.860684722661972046e-02
-3.268783167004585266e-02
-7.777105271816253662e-02
5.672514811158180237e-02
-1.815984142012894154e-03
-2.982103265821933746e-02
2.047547698020935059e-02
3.721720725297927856e-02
-1.174718141555786133e-02
5.518335476517677307e-02
6.100578233599662781e-03
-7.627706974744796753e-02
6.214855611324310303e-02
-2.352153696119785309e-02
-6.275874376296997070e-02
7.503267843276262283e-03
-6.318388879299163818e-02
-5.626941099762916565e-02
-3.736637905240058899e-02
-3.062923066318035126e-02
-4.653878882527351379e-02
2.940886653959751129e-02
-7.526334957219660282e-04
2.565509639680385590e-03
2.356398908887058496e-04
5.281190574169158936e-02
1.115305721759796143e-01
4.744366742670536041e-03
5.525051802396774292e-02
8.128877729177474976e-02
2.660922706127166748e-02
5.417601391673088074e-02
5.660366266965866089e-02
-1.042989827692508698e-02
-1.393925194861367345e-04
7.258627563714981079e-02
3.255336545407772064e-03
-2.420747652649879456e-02
7.372098974883556366e-03
4.611146450042724609e-02
2.451331168413162231e-02
2.376827760599553585e-04
-2.779187634587287903e-02
-1.592335104942321777e-02
-1.714253984391689301e-02
-9.995175525546073914e-03
8.559783920645713806e-03
3.223342448472976685e-02
-1.666517928242683411e-02
1.355881616473197937e-02
5.214008316397666931e-02
-2.098210528492927551e-02
1.153465546667575836e-02
2.773833647370338440e-02
-3.386643948033452034e-03
1.413287688046693802e-02
2.153522521257400513e-02
2.856389805674552917e-02
2.842608606442809105e-03
1.730293408036231995e-02
1.348307635635137558e-02
3.906010836362838745e-02
8.076305687427520752e-02
-8.425568230450153351e-03
-2.467584609985351562e-02
1.484258379787206650e-02
-1.274182461202144623e-02
-9.284188039600849152e-03
-2.725994214415550232e-02
-4.413177073001861572e-02
9.462531656026840210e-03
7.929290086030960083e-02
-6.975694000720977783e-02
4.401969909667968750e-02
1.402199268341064453e-01
1.007077656686306000e-02
1.005187556147575378e-01
6.816942989826202393e-02
3.773666918277740479e-03
2.035227790474891663e-02
3.499573096632957458e-02
2.977884840220212936e-03
1.394427474588155746e-02
2.092671394348144531e-02
8.738691918551921844e-03
-2.531073056161403656e-03
-2.897011116147041321e-03
-4.757480695843696594e-02
-2.044171839952468872e-02
-1.838607154786586761e-02
-3.175856545567512512e-02
-2.886946313083171844e-03
-3.944012150168418884e-02
-2.272579120472073555e-03
-2.773038297891616821e-02
-4.485179856419563293e-02
4.759290441870689392e-02
4.890905693173408508e-02
-3.071278519928455353e-02
3.521782904863357544e-02
1.707646995782852173e-02
-6.103897094726562500e-02
-7.887118496000766754e-03
-3.135167434811592102e-02
-6.026135012507438660e-02
4.386721178889274597e-02
4.146460071206092834e-02
-1.414401922374963760e-02
1.067984942346811295e-02
1.350284740328788757e-02
-2.442561276257038116e-02
-2.945651859045028687e-02
-2.491054870188236237e-02
-3.701268136501312256e-02
-5.777523294091224670e-02
-8.277260512113571167e-02
3.086742945015430450e-03
-1.077064201235771179e-01
-2.328888326883316040e-02
1.053731068968772888e-01
-1.184204444289207458e-01
3.137419000267982483e-02
1.223828718066215515e-01
1.873798854649066925e-02
-1.820448599755764008e-02
-6.669715046882629395e-02
3.574488312005996704e-02
1.743233576416969299e-02
-6.372340023517608643e-03
4.421214759349822998e-02
5.396324023604393005e-02
4.534414783120155334e-02
1.313271652907133102e-02
-1.629397086799144745e-02
-1.630744896829128265e-02
4.160388931632041931e-02
1.381743606179952621e-02
-1.259592082351446152e-02
1.404898613691329956e-02
9.492149576544761658e-03
1.841016672551631927e-02
1.574083976447582245e-02
-5.165978521108627319e-02
-3.754641115665435791e-02
2.002938091754913330e-02
4.643484950065612793e-03
-2.228959277272224426e-02
2.145941741764545441e-02
1.665690727531909943e-02
-3.688900498673319817e-03
-5.068668629974126816e-03
-6.561286747455596924e-03
-5.702929198741912842e-02
4.293182864785194397e-02
5.119038000702857971e-02
4.173272475600242615e-02
-3.019387274980545044e-02
9.701565653085708618e-02
6.375844031572341919e-02
3.057551942765712738e-02
-1.799685321748256683e-02
-2.945170179009437561e-02
7.927214726805686951e-03
7.061099167913198471e-03
-7.771710865199565887e-03
4.054983705282211304e-02
1.633689738810062408e-02
-2.276193536818027496e-02
-6.160054355859756470e-02
-1.937528513371944427e-02
2.745745470747351646e-03
-4.778861626982688904e-02
-9.519108571112155914e-03
1.820773072540760040e-02
-2.351702004671096802e-02
-2.164646983146667480e-02
-2.228306978940963745e-02
8.906048722565174103e-03
-3.815928101539611816e-02
-3.762110695242881775e-02
1.531837414950132370e-02
-8.190143853425979614e-03
-8.059592917561531067e-03
2.189754322171211243e-02
4.041916131973266602e-02
-2.590089850127696991e-02
1.256351638585329056e-02
1.536434292793273926e-01
1.720747351646423340e-01
-1.320310831069946289e-01
4.252276197075843811e-02
2.156956642866134644e-01
-2.192934155464172363e-01
-1.479344218969345093e-01
4.296007752418518066e-02
-4.580519348382949829e-02
-7.463057339191436768e-02
-6.181366369128227234e-02
7.045657932758331299e-02
-4.801311995834112167e-03
-9.344913810491561890e-02
1.279870122671127319e-01
1.115484610199928284e-01
7.315756753087043762e-03
-1.630412787199020386e-02
-2.917698211967945099e-02
-9.510107338428497314e-02
1.083907298743724823e-02
2.788958139717578888e-02
-2.510266192257404327e-02
-7.355521433055400848e-03
3.628183901309967041e-02
3.291486203670501709e-02
2.916980767622590065e-03
8.435328491032123566e-03
-1.314356736838817596e-02
-3.647398203611373901e-02
3.907377272844314575e-02
2.168793790042400360e-02
3.580643096938729286e-03
3.451617434620857239e-03
2.657796256244182587e-02
5.047195591032505035e-03
-1.484031509608030319e-02
1.163753797300159931e-03
-1.374752633273601532e-02
-2.033060044050216675e-02
-2.937143854796886444e-02
1.271279249340295792e-02
7.547103334218263626e-03
3.644653130322694778e-03
-1.011929661035537720e-02
5.363053083419799805e-02
4.685930907726287842e-02
-4.482283070683479309e-02
2.674076519906520844e-02
6.383331865072250366e-02
-7.799357920885086060e-02
6.452391389757394791e-03
5.772569403052330017e-02
-1.051371567882597446e-03
-6.583389639854431152e-02
-3.168106824159622192e-02
5.425891652703285217e-02
-5.439039319753646851e-02
-2.237527631223201752e-03
6.268707662820816040e-02
5.052046850323677063e-02
1.979556120932102203e-02
4.185497760772705078e-02
3.354232013225555420e-02
3.068270161747932434e-02
-9.013858623802661896e-03
1.999592408537864685e-03
6.059167906641960144e-02
-2.248036861419677734e-02
-4.586465656757354736e-02
4.245788604021072388e-02
-1.174469478428363800e-02
-3.531488776206970215e-02
-1.770564937032759190e-03
-3.228794038295745850e-02
6.163978017866611481e-03
7.607121369801461697e-04
-4.400285892188549042e-03
-5.084619298577308655e-02
-3.311942145228385925e-02
-9.621158242225646973e-03
5.800254642963409424e-02
4.404246807098388672e-02
5.926920101046562195e-03
6.949792802333831787e-02
8.861055225133895874e-02
-3.445494920015335083e-02
6.954485923051834106e-02
6.439696997404098511e-02
3.079557791352272034e-02
2.361544966697692871e-02
-3.372653573751449585e-02
5.371982976794242859e-02
4.736360162496566772e-02
3.698479384183883667e-02
-8.611429482698440552e-03
8.157924748957157135e-03
1.106274034827947617e-02
-6.751957815140485764e-03
7.033802568912506104e-02
8.336149156093597412e-02
2.733661048114299774e-02
5.428835004568099976e-02
1.349707990884780884e-01
3.963198140263557434e-02
5.271919444203376770e-02
-2.888750284910202026e-03
-5.028442293405532837e-02
-2.824065275490283966e-02
2.013272419571876526e-02
5.320881959050893784e-03
6.517422851175069809e-03
-3.611618280410766602e-02
4.569161310791969299e-02
1.136201526969671249e-02
-6.408163905143737793e-02
-8.089968562126159668e-02
-5.895688384771347046e-02
-5.290230363607406616e-02
-3.543687984347343445e-02
-5.925616621971130371e-02
-1.834169030189514160e-02
4.027808457612991333e-02
3.202912956476211548e-02
-4.562061512842774391e-04
2.359718549996614456e-03
4.313555546104907990e-04
1.679876074194908142e-02
-2.778468094766139984e-02
-1.985684409737586975e-02
2.140343002974987030e-02
-3.112083300948143005e-02
7.385964971035718918e-03
2.067625895142555237e-02
-3.004506416618824005e-02
-3.857669606804847717e-02
2.214855281636118889e-03
1.404725573956966400e-02
-1.715918444097042084e-02
2.037969045341014862e-02
1.144464779645204544e-02
-2.258619852364063263e-02
-2.178899198770523071e-02
-8.826290816068649292e-02
-1.286494284868240356e-01
-7.776866853237152100e-02
-6.627883017063140869e-02
-1.265723109245300293e-01
-1.107746586203575134e-01
-6.206234544515609741e-02
-1.540174186229705811e-01
-1.646505445241928101e-01
2.510445564985275269e-02
4.788677766919136047e-02
3.350485116243362427e-02
1.778491958975791931e-02
7.123589515686035156e-02
3.638817369937896729e-02
7.595597766339778900e-03
3.040489181876182556e-02
4.910235852003097534e-02
1.824273914098739624e-02
3.655010089278221130e-02
9.107473306357860565e-03
1.071213036775588989e-01
5.712149664759635925e-02
3.925216570496559143e-02
7.790042459964752197e-02
7.838480919599533081e-02
3.708419203758239746e-02
2.911876887083053589e-02
8.204367011785507202e-03
-3.148671984672546387e-02
-5.345208942890167236e-02
6.998692173510789871e-03
3.716863691806793213e-02
-7.959116995334625244e-02
-3.381399810314178467e-02
2.994057163596153259e-02
-6.595575809478759766e-02
-7.104351371526718140e-02
-9.598948806524276733e-02
-9.653204679489135742e-02
-6.402928382158279419e-02
-1.164069250226020813e-01
-9.563300758600234985e-02
-1.001442968845367432e-01
-1.245383918285369873e-01
-6.164783239364624023e-02
-1.340781152248382568e-02
-2.846922539174556732e-02
-6.512323766946792603e-02
5.554039496928453445e-03
-3.148875012993812561e-02
-2.056469582021236420e-02
-3.767957538366317749e-02
-3.273068368434906006e-02
3.383881703484803438e-04
-2.982936985790729523e-02
-4.308060184121131897e-02
1.537427492439746857e-02
4.055141471326351166e-03
-1.191758178174495697e-02
3.860796988010406494e-02
-4.566733259707689285e-03
-2.653710730373859406e-02
-3.444519639015197754e-02
8.885005488991737366e-03
2.225285023450851440e-02
-7.909063249826431274e-02
-4.094221815466880798e-02
1.596964336931705475e-02
-3.705702722072601318e-02
-3.812907263636589050e-02
7.467363961040973663e-03
2.550120279192924500e-02
2.994903363287448883e-02
-3.988152742385864258e-02
2.717534266412258148e-02
2.779692038893699646e-02
3.967729583382606506e-02
-1.789563149213790894e-02
2.643406577408313751e-02
9.146237373352050781e-02
-1.578797586262226105e-02
1.868312247097492218e-02
3.244519978761672974e-02
3.527663648128509521e-02
7.089479267597198486e-02
6.480555981397628784e-02
1.858429424464702606e-02
9.111695736646652222e-02
3.507611155509948730e-02
-2.147705294191837311e-02
-6.219528242945671082e-02
1.205881126224994659e-02
-3.535693511366844177e-02
-3.452566266059875488e-02
-2.799573913216590881e-02
-2.879130421206355095e-03
-1.296027936041355133e-02
1.163997570984065533e-03
-1.199852954596281052e-02
1.373462472110986710e-02
5.291562154889106750e-02
-1.710773073136806488e-02
4.231661930680274963e-02
4.812735691666603088e-02
-9.423991292715072632e-02
-4.021362215280532837e-02
2.216301159933209419e-03
-1.787918247282505035e-02
-5.767639260739088058e-03
9.853573516011238098e-03
-7.437204569578170776e-02
-8.346268534660339355e-02
-4.257817938923835754e-02
-3.606280684471130371e-02
-5.958475917577743530e-02
-1.254660636186599731e-02
4.327744618058204651e-02
1.100956723093986511e-01
8.180835098028182983e-02
7.052969932556152344e-02
6.331508606672286987e-02
1.130177825689315796e-01
3.966351971030235291e-02
9.947171807289123535e-02
7.397501170635223389e-02
5.216138437390327454e-03
-2.241613902151584625e-02
-1.261024829000234604e-02
-1.509820390492677689e-02
-3.460839763283729553e-02
-1.909736171364784241e-02
-2.002271451056003571e-02
-4.392875358462333679e-02
-4.194950684905052185e-02
-1.029944494366645813e-01
-1.053812056779861450e-01
-4.321334511041641235e-02
-7.737032324075698853e-02
-6.008423492312431335e-02
-5.776938050985336304e-02
-1.978801563382148743e-02
-4.144737124443054199e-02
-1.869172789156436920e-03
2.559001324698328972e-03
-1.054371334612369537e-02
-1.207323931157588959e-02
1.715471036732196808e-02
-5.756149766966700554e-04
-7.984578609466552734e-03
4.252174869179725647e-02
4.496922343969345093e-02
3.581104055047035217e-02
9.771101031219586730e-05
1.129448972642421722e-02
1.036232989281415939e-02
-3.085694462060928345e-02
-1.797061972320079803e-02
1.494032237678766251e-02
-5.843278951942920685e-03
9.492252022027969360e-03
2.631744928658008575e-02
-2.573458105325698853e-02
-4.656611010432243347e-02
-3.729993849992752075e-02
-3.816103562712669373e-03
-1.156966667622327805e-03
-2.352868393063545227e-02
2.957711368799209595e-02
4.737776145339012146e-02
2.509839646518230438e-02
2.131259813904762268e-02
-2.901227399706840515e-02
-4.540264606475830078e-02
7.256833463907241821e-02
3.013386763632297516e-02
-3.594771493226289749e-03
7.062363624572753906e-02
4.745206236839294434e-02
-4.534503910690546036e-03
-3.159710392355918884e-02
-3.591785579919815063e-02
-1.171207893639802933e-02
-5.412454530596733093e-02
-6.081704050302505493e-02
-4.546114802360534668e-02
-2.506953105330467224e-02
-4.161822050809860229e-02
-5.413042008876800537e-02
1.933231949806213379e-02
-2.551278285682201385e-02
3.311251639388501644e-04
-1.415941771119832993e-02
-1.894685253500938416e-02
-3.712982684373855591e-02
-2.275018580257892609e-02
-1.581283658742904663e-02
-4.097948968410491943e-02
1.008081436157226562e-02
5.606824159622192383e-02
9.860843420028686523e-02
3.082083351910114288e-02
3.057199530303478241e-02
1.136278808116912842e-01
1.831557974219322205e-02
1.143392641097307205e-02
3.634943068027496338e-02
-2.202218957245349884e-02
5.025044549256563187e-03
4.230374470353126526e-02
-2.556393481791019440e-02
-8.022414520382881165e-03
2.436506561934947968e-02
-6.828773766756057739e-02
-6.068596988916397095e-02
-3.763532638549804688e-02
2.812768705189228058e-02
-4.506479483097791672e-03
1.833953335881233215e-02
5.454352498054504395e-02
2.174054272472858429e-02
2.017392963171005249e-02
9.965939074754714966e-02
4.889515042304992676e-02
4.455254599452018738e-02
3.467346774414181709e-03
-2.661495469510555267e-03
-4.164187982678413391e-02
1.666271244175732136e-03
-3.969798330217599869e-03
-2.224417403340339661e-02
5.787094309926033020e-02
5.906874686479568481e-02
4.143666476011276245e-03
1.572421751916408539e-02
3.321744734421372414e-03
-1.083638612180948257e-02
2.149030566215515137e-02
2.782262861728668213e-02
-5.180153250694274902e-02
-3.070313483476638794e-02
-3.051953576505184174e-02
-1.463909633457660675e-02
4.066340625286102295e-02
2.066866494715213776e-02
6.694958545267581940e-03
1.014643907546997070e-02
8.088186383247375488e-03
-6.303064525127410889e-02
-2.456134371459484100e-02
-4.932878911495208740e-02
-6.448547542095184326e-02
6.031892821192741394e-02
1.034531556069850922e-02
-2.103674784302711487e-02
-1.920334622263908386e-02
-5.643633753061294556e-02
-1.027989909052848816e-01
-9.097206592559814453e-02
-1.626879870891571045e-01
-1.038634702563285828e-01
-1.504277158528566360e-02
1.726171188056468964e-02
3.894298896193504333e-02
-4.185701906681060791e-02
1.976084150373935699e-02
-1.888620108366012573e-02
-3.865444287657737732e-02
-5.968537554144859314e-02
-4.343894869089126587e-02
6.555208936333656311e-03
1.818616129457950592e-02
3.074578009545803070e-02
3.940120711922645569e-02
3.672207891941070557e-02
5.862054973840713501e-02
8.477665483951568604e-02
6.547749042510986328e-02
5.703452602028846741e-02
3.729503229260444641e-02
5.887969862669706345e-03
9.094663895666599274e-03
-3.228379413485527039e-02
1.226066029630601406e-03
-2.692965790629386902e-02
-8.475740253925323486e-02
-7.957371324300765991e-02
-7.800203561782836914e-02
-5.146374553442001343e-02
-6.189520936459302902e-03
1.977106556296348572e-02
-2.898847684264183044e-02
1.160274911671876907e-02
4.060076922178268433e-02
3.324286639690399170e-02
5.671603977680206299e-02
1.930125616490840912e-02
1.318031270056962967e-02
3.771997755393385887e-03
-3.714350610971450806e-02
1.266871765255928040e-02
-7.636230438947677612e-03
1.114513631910085678e-02
1.249821949750185013e-02
1.324467547237873077e-02
-1.671481877565383911e-04
9.146751463413238525e-02
1.237122714519500732e-01
9.421371668577194214e-02
1.494224220514297485e-01
1.280198693275451660e-01
1.054223030805587769e-01
7.507254928350448608e-02
5.845561996102333069e-02
-2.110094018280506134e-02
-8.458232879638671875e-02
-5.997534096240997314e-02
-3.421962261199951172e-02
-3.763756155967712402e-02
7.300061173737049103e-03
7.220417261123657227e-02
1.153116114437580109e-02
9.191980212926864624e-02
1.032589673995971680e-01
3.986188024282455444e-02
7.310847286134958267e-03
-2.745670825242996216e-02
3.430474549531936646e-02
6.775768473744392395e-03
-5.029287189245223999e-02
-4.717423580586910248e-03
-3.544361144304275513e-02
-7.454417645931243896e-02
-1.020382530987262726e-02
-4.309755563735961914e-02
-3.181188553571701050e-02
-3.220654651522636414e-02
-5.422455817461013794e-02
-7.020905613899230957e-03
-1.499567646533250809e-02
-9.591740556061267853e-03
1.081765070557594299e-02
3.842496499419212341e-02
3.058261796832084656e-02
3.255935385823249817e-02
-2.043187990784645081e-02
-4.313672706484794617e-02
-2.291743829846382141e-02
3.822651924565434456e-03
-2.245723828673362732e-02
-1.775113679468631744e-02
-6.555557996034622192e-02
-4.268099367618560791e-02
6.800842471420764923e-03
-3.457542974501848221e-03
-1.864811033010482788e-02
3.376478701829910278e-02
1.427096221596002579e-02
-7.510028081014752388e-04
1.472283434122800827e-02
-3.519504517316818237e-02
-4.051259160041809082e-02
-3.202758729457855225e-02
-3.279423713684082031e-02
-2.614504657685756683e-02
-4.542488604784011841e-02
-5.058579519391059875e-02
-1.625908166170120239e-02
-2.571684494614601135e-02
1.304154098033905029e-02
1.626610569655895233e-02
4.300775472074747086e-03
4.029262438416481018e-02
5.319250375032424927e-02
1.661232672631740570e-02
-1.103751081973314285e-02
-3.927419427782297134e-03
-1.232704520225524902e-02
1.260348944924771786e-03
3.408170118927955627e-02
1.138195488601922989e-02
2.122584730386734009e-02
4.919651895761489868e-02
8.585520088672637939e-03
-8.601597510278224945e-03
-1.785134896636009216e-02
1.217327825725078583e-02
9.937381371855735779e-03
2.640810608863830566e-02
3.112497180700302124e-02
1.578797958791255951e-02
1.955376006662845612e-02
1.513590849936008453e-02
1.294638868421316147e-02
2.735348604619503021e-02
1.052938587963581085e-02
-1.147993747144937515e-02
2.197164576500654221e-03
5.599383637309074402e-02
1.117891515605151653e-03
-2.421454153954982758e-02
8.928942494094371796e-03
-1.639655977487564087e-02
-1.033037062734365463e-02
-3.496610373258590698e-02
-1.285045035183429718e-02
-3.420126438140869141e-02
-4.865965992212295532e-02
-1.150182262063026428e-02
-2.609447203576564789e-02
4.657169338315725327e-03
9.394265711307525635e-03
1.006871648132801056e-02
1.982223428785800934e-02
2.337716519832611084e-02
-1.637075655162334442e-02
-3.256236389279365540e-02
-1.772561855614185333e-02
-6.893859058618545532e-02
-3.437041863799095154e-02
-3.102099522948265076e-03
-4.352050647139549255e-02
-2.045954577624797821e-02
-4.964439664036035538e-03
4.151276871562004089e-02
1.442951522767543793e-02
1.442700624465942383e-02
6.227834522724151611e-02
3.644769266247749329e-02
1.020672544836997986e-02
4.971778020262718201e-02
3.570151701569557190e-02
-4.136220365762710571e-02
1.313556134700775146e-01
1.152122169733047485e-01
8.306992053985595703e-02
3.042050898075103760e-01
2.359027564525604248e-01
1.127199381589889526e-01
2.676169276237487793e-01
1.433281600475311279e-01
-4.913562908768653870e-03
-1.491052098572254181e-02
-3.758591786026954651e-02
-1.073889713734388351e-02
-2.830615453422069550e-02
-1.155351288616657257e-02
-1.084480807185173035e-02
-2.773554809391498566e-02
7.646827492862939835e-03
-6.527809798717498779e-02
1.199181564152240753e-02
3.757223114371299744e-02
-1.780018582940101624e-02
2.132759802043437958e-02
3.716064384207129478e-03
1.785497926175594330e-02
-6.855827290564775467e-03
-4.400660470128059387e-02
2.812430262565612793e-03
-1.824857201427221298e-03
-2.523523382842540741e-02
1.699090190231800079e-02
5.723932757973670959e-03
2.973507624119520187e-03
1.957916887477040291e-03
6.125619169324636459e-03
1.767448335886001587e-02
-3.421924635767936707e-02
-4.398879781365394592e-02
-3.245611488819122314e-02
-9.667228162288665771e-02
-1.404264271259307861e-01
-1.151799857616424561e-01
-7.615294307470321655e-02
-1.594333350658416748e-01
-1.189621239900588989e-01
-1.870769448578357697e-02
-5.541379749774932861e-02
-4.571497067809104919e-02
-4.036796465516090393e-02
-2.118015103042125702e-02
-3.275017812848091125e-02
-5.104343965649604797e-02
-3.880093246698379517e-02
-2.313040941953659058e-02
1.597034395672380924e-03
-2.917683869600296021e-02
-8.250270038843154907e-03
2.349714934825897217e-02
2.663898654282093048e-02
-3.042094409465789795e-03
-2.342549385502934456e-03
2.174165286123752594e-02
-9.088466875255107880e-03
-6.604883074760437012e-02
-1.215355917811393738e-01
-3.485209122300148010e-02
-1.028880104422569275e-01
-1.910311281681060791e-01
-7.268564403057098389e-02
-4.187268018722534180e-02
-1.532437652349472046e-01
-7.093998789787292480e-02
-2.599964663386344910e-02
-1.955614890903234482e-03
-3.994178399443626404e-02
1.606319565325975418e-03
7.422253023833036423e-03
2.536112070083618164e-02
-3.281136974692344666e-02
1.517514046281576157e-02
4.341485351324081421e-02
