-4.667196888476610184e-03
-3.830564906820654869e-03
-1.726475171744823456e-02
-4.204530268907546997e-02
-7.441655546426773071e-02
-2.934006787836551666e-02
-3.000415489077568054e-02
-2.660079672932624817e-02
-3.632673621177673340e-02
-1.113608200103044510e-02
-2.234048210084438324e-02
-3.383088856935501099e-02
-6.042678840458393097e-03
-2.165750600397586823e-03
-1.132155489176511765e-02
-2.375290170311927795e-02
-1.783867180347442627e-02
-1.342984288930892944e-02
2.003147266805171967e-02
1.585652679204940796e-02
2.427051030099391937e-02
-1.493155304342508316e-02
-3.274874016642570496e-02
-2.463370561599731445e-03
-4.071584716439247131e-02
-3.298418596386909485e-02
-2.997604385018348694e-02
-2.969548664987087250e-02
-3.808266296982765198e-02
-3.337823972105979919e-02
1.742071099579334259e-02
3.084264509379863739e-02
3.072017431259155273e-02
2.061274461448192596e-02
4.012268409132957458e-02
2.847908623516559601e-02
3.582393517717719078e-03
-1.651163771748542786e-02
-1.112668588757514954e-02
7.403712719678878784e-03
-1.594676263630390167e-02
1.703372807241976261e-03
1.102040149271488190e-02
9.330149739980697632e-03
1.464179833419620991e-03
-4.832821711897850037e-02
-1.373060140758752823e-02
2.878996310755610466e-03
2.846732363104820251e-02
3.600307181477546692e-02
3.776512667536735535e-02
7.735205348581075668e-03
3.426462784409523010e-02
2.810701262205839157e-03
3.061500750482082367e-02
2.647706866264343262e-02
-5.100447015138342977e-05
-2.746764197945594788e-02
-2.011357434093952179e-02
-1.905310153961181641e-02
-4.806751385331153870e-02
-5.100261420011520386e-02
-1.412320695817470551e-02
1.013580802828073502e-02
-3.398608416318893433e-02
-4.752382636070251465e-02
-1.158566956291906536e-04
9.101629257202148438e-04
-4.328064387664198875e-04
-6.254932284355163574e-02
-1.292307511903345585e-03
3.511229157447814941e-02
5.714788660407066345e-02
3.304782509803771973e-02
5.527771636843681335e-02
2.735128812491893768e-02
3.355530276894569397e-02
3.257051855325698853e-02
-6.839646492153406143e-03
-3.575296327471733093e-02
-3.085730597376823425e-02
-1.450165547430515289e-02
8.702703565359115601e-02
3.591115400195121765e-02
-5.839322134852409363e-02
-1.722065359354019165e-02
-2.663813158869743347e-02
2.890267409384250641e-02
4.107268154621124268e-02
2.853656001389026642e-02
3.962762281298637390e-02
2.218520082533359528e-02
-2.355040051043033600e-03
-2.583480207249522209e-03
-5.932630039751529694e-03
-2.015560492873191833e-02
-5.083151906728744507e-02
-3.336311876773834229e-02
-5.677903071045875549e-02
-9.565525688230991364e-03
2.334599150344729424e-03
3.496226295828819275e-02
-3.366502746939659119e-02
-5.886105820536613464e-03
-2.419302705675363541e-03
-4.733779653906822205e-02
-3.790381550788879395e-02
-4.056898504495620728e-02
-2.456649020314216614e-02
1.623292104341089725e-03
-3.060718066990375519e-02
-4.566909745335578918e-02
-2.573791146278381348e-02
-1.974435709416866302e-02
1.608685590326786041e-02
3.311753273010253906e-02
7.153341919183731079e-02
-2.508103288710117340e-02
-4.540811851620674133e-02
-8.399326354265213013e-02
-1.715846359729766846e-03
1.040149386972188950e-02
2.134661003947257996e-02
3.662194684147834778e-02
3.397646546363830566e-02
9.164484590291976929e-02
2.429315820336341858e-02
-1.755600795149803162e-02
3.577854949980974197e-03
1.193497609347105026e-02
2.447221428155899048e-03
2.133164182305335999e-02
-3.123657405376434326e-02
-3.130776807665824890e-02
-3.881036117672920227e-02
1.669889502227306366e-02
3.088891878724098206e-02
1.782766543328762054e-02
-4.159134253859519958e-02
-3.380592539906501770e-02
-4.770668223500251770e-02
-1.376386173069477081e-02
7.830666378140449524e-03
1.158501114696264267e-02
-4.838016256690025330e-02
-4.299529269337654114e-02
-3.705394268035888672e-02
-3.071816265583038330e-02
-2.480524964630603790e-02
-2.397144958376884460e-02
-8.263325318694114685e-03
4.561628215014934540e-03
-1.294648554176092148e-02
1.658875681459903717e-02
1.156803034245967865e-02
-1.076049637049436569e-02
-4.537566564977169037e-03
-2.541989646852016449e-02
-2.905280515551567078e-02
-2.271208167076110840e-02
-5.470949783921241760e-02
-4.197052493691444397e-02
3.844107687473297119e-02
6.895877420902252197e-02
7.291306555271148682e-02
4.228948615491390228e-03
2.614750899374485016e-02
1.706209219992160797e-02
-6.863259524106979370e-02
-3.091337718069553375e-02
-1.660491712391376495e-02
-3.127237036824226379e-02
-4.974155873060226440e-02
-2.195148169994354248e-02
5.883439630270004272e-02
3.565600886940956116e-02
3.335861489176750183e-02
3.313310444355010986e-03
2.939106523990631104e-02
1.250611967407166958e-03
-2.243964746594429016e-02
-1.202544849365949631e-02
-2.656528912484645844e-02
-2.397553250193595886e-02
-9.298256481997668743e-04
-8.037618361413478851e-03
8.861245587468147278e-03
2.006456255912780762e-02
-6.508132908493280411e-03
-5.549537390470504761e-02
-4.333889856934547424e-02
-4.973357170820236206e-02
2.676787320524454117e-03
1.344503369182348251e-02
-1.716088620014488697e-03
1.729595288634300232e-02
4.038761556148529053e-02
1.054017152637243271e-02
2.187611535191535950e-02
2.151713852072134614e-04
5.441548768430948257e-03
4.506638646125793457e-02
4.755833651870489120e-03
-8.459873497486114502e-03
-1.719551533460617065e-02
6.736016832292079926e-03
-1.160263549536466599e-02
6.526005920022726059e-03
2.536240208428353071e-04
1.764998398721218109e-02
4.237437155097723007e-03
1.187361497431993484e-02
8.505191653966903687e-03
-2.681607380509376526e-02
9.515114361420273781e-04
3.828840795904397964e-03
-4.217552393674850464e-02
-6.185517460107803345e-02
-2.557752095162868500e-02
-3.040278097614645958e-03
-4.009127244353294373e-02
1.771373301744461060e-02
7.737366110086441040e-02
1.373590156435966492e-02
2.379372157156467438e-02
3.661783412098884583e-04
2.007676102221012115e-02
-3.307493776082992554e-02
-4.613387584686279297e-02
-5.973668769001960754e-02
-5.376150831580162048e-02
-3.634040430188179016e-02
-7.694349437952041626e-02
-6.625877320766448975e-02
-2.958569116890430450e-02
9.555696509778499603e-03
7.333317771553993225e-03
1.041330397129058838e-02
1.058341097086668015e-02
-2.115634735673666000e-03
2.194374799728393555e-02
5.102375149726867676e-02
3.834399580955505371e-02
-2.535695582628250122e-02
9.681179188191890717e-03
4.204418137669563293e-02
-2.987261302769184113e-02
-6.351939402520656586e-03
3.725252114236354828e-03
-3.252475708723068237e-02
-1.378405001014471054e-02
-1.533185970038175583e-02
-2.576831541955471039e-02
-1.195034943521022797e-02
-5.357437580823898315e-02
-3.003350086510181427e-02
-7.899045944213867188e-03
-3.388877958059310913e-02
-6.710828281939029694e-03
1.013839337974786758e-02
-9.692515246570110321e-03
-6.417170632630586624e-03
2.239176537841558456e-03
2.912249974906444550e-02
-9.883597493171691895e-03
-1.408508699387311935e-02
1.225246302783489227e-02
1.900228671729564667e-02
1.587925851345062256e-02
3.505333885550498962e-02
4.854762554168701172e-02
1.966162212193012238e-02
1.478432095609605312e-03
1.699318550527095795e-02
2.036511898040771484e-02
-1.245390856638550758e-03
-7.794603239744901657e-03
-2.687374129891395569e-03
-4.885638132691383362e-03
3.505383804440498352e-02
-2.277287095785140991e-02
2.135307900607585907e-02
4.852236434817314148e-02
4.299869015812873840e-02
6.546972692012786865e-02
-2.789394743740558624e-02
-4.471008665859699249e-03
2.815415617078542709e-03
-5.433661863207817078e-02
-4.757629707455635071e-02
9.856134653091430664e-03
8.999440819025039673e-03
-5.887556076049804688e-02
1.371374167501926422e-02
4.720231145620346069e-02
-1.543061371194198728e-04
8.174999617040157318e-03
5.912234634160995483e-02
3.096857108175754547e-03
5.218178406357765198e-02
2.493042871356010437e-02
8.919670246541500092e-03
-2.108318498358130455e-03
-5.599131062626838684e-02
-3.069280274212360382e-02
-8.702618628740310669e-02
8.650219999253749847e-03
-7.366818608716130257e-04
2.099908888339996338e-02
8.020922541618347168e-03
-1.993998698890209198e-02
-1.080580521374940872e-03
-4.887953400611877441e-03
1.084418036043643951e-02
-1.159574557095766068e-02
5.871620960533618927e-04
-1.547909528017044067e-02
3.109340928494930267e-02
-1.474155858159065247e-02
-6.948442757129669189e-02
-1.974629051983356476e-02
-5.972089245915412903e-02
-4.039904847741127014e-02
-4.380968585610389709e-02
3.020930849015712738e-02
-1.241564936935901642e-02
3.428115695714950562e-02
7.778688799589872360e-03
-4.941438324749469757e-03
1.014553103595972061e-02
-2.426744252443313599e-02
5.392847582697868347e-02
-3.101964667439460754e-02
7.069401443004608154e-02
8.638019859790802002e-02
-5.007079336792230606e-03
-8.083822205662727356e-03
2.778282389044761658e-02
-8.341588079929351807e-03
-7.721944712102413177e-03
-8.576361462473869324e-03
-1.714798621833324432e-02
3.989928960800170898e-02
-9.394004940986633301e-03
3.908188268542289734e-02
2.532770112156867981e-02
-2.577545866370201111e-02
2.778893150389194489e-02
1.015391759574413300e-02
-6.351991323754191399e-04
2.054732106626033783e-02
-6.425289809703826904e-02
-1.893512555398046970e-03
-4.327964410185813904e-02
-3.214384615421295166e-02
-4.747832939028739929e-02
-2.344658598303794861e-02
-1.762463338673114777e-02
-9.166005253791809082e-02
-2.215677127242088318e-02
-1.695742830634117126e-03
-3.224400430917739868e-02
8.957097306847572327e-03
1.018389537930488586e-01
5.658295750617980957e-02
6.449159979820251465e-02
6.556150317192077637e-02
9.994889050722122192e-02
3.185778856277465820e-02
6.568457931280136108e-02
-6.513054948300123215e-03
1.414538081735372543e-02
7.796064764261245728e-02
6.543628871440887451e-02
6.566587835550308228e-02
1.255831960588693619e-02
3.144629672169685364e-02
4.054540395736694336e-02
-4.943528398871421814e-02
-2.610946074128150940e-02
-1.105598825961351395e-02
-4.223475605249404907e-02
2.833636105060577393e-02
5.860028788447380066e-02
-4.007837176322937012e-02
4.009222902823239565e-05
9.223127737641334534e-03
9.346726350486278534e-03
-2.296933345496654510e-02
1.462733186781406403e-02
-4.945087805390357971e-02
-4.896306991577148438e-02
-6.464449223130941391e-03
-3.756233304738998413e-02
-7.417051494121551514e-02
-5.428153090178966522e-04
-2.367989160120487213e-02
8.915646933019161224e-03
4.180622845888137817e-02
1.250515505671501160e-02
1.461944263428449631e-02
3.849776089191436768e-02
4.230318590998649597e-02
-3.307098895311355591e-02
-6.838068831712007523e-03
-7.078237086534500122e-02
-2.815692871809005737e-02
-6.296433508396148682e-02
9.784172289073467255e-03
-2.273942902684211731e-02
-9.517009370028972626e-03
5.083954334259033203e-02
6.540233269333839417e-03
2.020405977964401245e-02
4.909644648432731628e-02
4.777572117745876312e-03
3.223363310098648071e-02
2.675401605665683746e-02
-2.324906550347805023e-02
-4.672037030104547739e-04
-1.953340321779251099e-02
7.130098063498735428e-03
5.500646680593490601e-02
4.220449179410934448e-02
5.660387873649597168e-02
6.493216380476951599e-03
-1.744392700493335724e-02
1.217098440974950790e-02
-1.905145822092890739e-03
-5.599224567413330078e-02
-2.715367591008543968e-03
6.028462084941565990e-04
3.021449968218803406e-02
7.057644426822662354e-02
4.902545362710952759e-02
4.297512024641036987e-02
9.154107421636581421e-03
1.720925979316234589e-02
8.136537671089172363e-02
3.138885134831070900e-03
-1.137835811823606491e-02
-1.514668460004031658e-03
-3.347555920481681824e-02
6.289532780647277832e-02
3.339385241270065308e-02
1.303322985768318176e-02
5.990462005138397217e-02
2.362812682986259460e-02
4.533135145902633667e-02
6.809203326702117920e-02
8.022896945476531982e-03
-3.200766444206237793e-02
4.417473392095416784e-04
4.102537035942077637e-02
-8.237218717113137245e-04
-3.317575901746749878e-02
-6.140463426709175110e-02
1.295763347297906876e-02
3.407818451523780823e-02
-6.328846514225006104e-02
2.480540797114372253e-02
-3.025986254215240479e-02
-2.310302853584289551e-02
2.313421480357646942e-02
-1.634075120091438293e-02
-9.634486399590969086e-03
3.879889100790023804e-02
3.768826276063919067e-02
-1.799107901751995087e-02
4.412581771612167358e-02
1.014176988974213600e-03
-2.116281352937221527e-02
2.347784489393234253e-02
3.832857692032121122e-05
-2.517223730683326721e-02
1.947831735014915466e-02
-1.533741876482963562e-02
3.149098902940750122e-02
-5.107109621167182922e-02
-5.182443186640739441e-02
2.666760981082916260e-02
-2.347997203469276428e-02
-1.554074138402938843e-02
4.466066509485244751e-02
3.359381109476089478e-02
5.406824406236410141e-03
1.965419761836528778e-02
6.409238278865814209e-02
5.644797161221504211e-02
1.458617043681442738e-03
8.426466956734657288e-03
3.563573351129889488e-03
6.046320870518684387e-02
2.748407050967216492e-02
4.465140402317047119e-02
3.754720464348793030e-02
-2.165569923818111420e-02
-3.866364061832427979e-02
6.871496886014938354e-02
3.289148584008216858e-02
1.485931128263473511e-02
-1.814394723623991013e-03
-2.383752167224884033e-02
-1.935252733528614044e-02
-2.920150198042392731e-02
-4.105593264102935791e-02
-2.185133285820484161e-02
-4.463387653231620789e-02
-6.463937461376190186e-02
-4.147117584943771362e-02
2.402784302830696106e-02
-9.986561536788940430e-02
-2.201521024107933044e-02
1.083184126764535904e-02
-4.998820647597312927e-02
4.044530168175697327e-02
2.879411913454532623e-03
-4.597365390509366989e-03
1.806166768074035645e-02
-3.996649757027626038e-03
-5.451928079128265381e-02
-5.044558644294738770e-02
-2.140440046787261963e-03
2.558303996920585632e-02
-1.216856203973293304e-02
7.152434904128313065e-03
2.259419765323400497e-03
-2.340424619615077972e-02
1.827150397002696991e-02
-1.741816103458404541e-02
-1.296182256191968918e-02
3.752471506595611572e-02
6.769480556249618530e-02
-8.286798372864723206e-03
-9.162371046841144562e-03
6.793826818466186523e-02
2.205005660653114319e-02
-2.729318104684352875e-03
3.806517645716667175e-02
1.900238357484340668e-02
-3.207372128963470459e-02
9.180542826652526855e-02
-2.489665895700454712e-02
-7.031315565109252930e-02
7.727695256471633911e-02
8.055286481976509094e-03
-5.557983368635177612e-02
1.319734379649162292e-02
2.793742530047893524e-02
-5.990358069539070129e-03
-6.601711362600326538e-02
-9.774136357009410858e-03
2.786493301391601562e-02
-3.667767718434333801e-02
-2.902955515310168266e-03
9.398209862411022186e-03
-4.844915121793746948e-02
-2.843200345523655415e-04
-5.073100328445434570e-03
-1.642091199755668640e-02
7.307048421353101730e-03
6.585033610463142395e-03
1.087182667106389999e-02
2.285551838576793671e-02
-7.058593328110873699e-04
-4.116259142756462097e-02
-4.922405257821083069e-02
-6.188264861702919006e-02
-2.735784091055393219e-02
-7.564326748251914978e-03
-4.279432445764541626e-02
-8.722707629203796387e-02
-5.218415707349777222e-02
-1.858659787103533745e-03
-4.776695743203163147e-02
6.402316037565469742e-03
-2.039561048150062561e-02
-4.455549269914627075e-02
-5.304403603076934814e-03
2.583755366504192352e-02
-5.895781796425580978e-03
2.307899482548236847e-02
5.653239414095878601e-02
4.858062136918306351e-03
-6.245880387723445892e-03
4.785573575645685196e-03
-9.706498123705387115e-03
2.280772477388381958e-02
8.003904367797076702e-04
3.378213616088032722e-03
3.180279210209846497e-02
-1.173541415482759476e-02
9.371762163937091827e-03
-1.094694342464208603e-02
-4.409798607230186462e-02
-3.502045944333076477e-02
-1.346661616116762161e-02
-5.821727216243743896e-02
-4.477541148662567139e-02
-1.711219176650047302e-02
-2.693030796945095062e-02
1.862767525017261505e-02
-3.631090745329856873e-02
-1.876014866866171360e-03
1.952228508889675140e-02
-3.980766609311103821e-02
-4.396221600472927094e-03
-1.948436163365840912e-02
-3.102224320173263550e-02
-2.256684564054012299e-02
-4.499838501214981079e-02
1.567439321661368012e-04
-1.603306271135807037e-02
-2.330600842833518982e-02
-2.951316349208354950e-02
1.724737323820590973e-02
2.226405031979084015e-02
2.702550031244754791e-02
2.178428135812282562e-02
3.984767198562622070e-02
-2.996544586494565010e-03
2.096747793257236481e-02
-8.031917735934257507e-03
6.049215048551559448e-02
-2.468201890587806702e-02
-4.646281152963638306e-02
-6.707237102091312408e-03
5.055185407400131226e-02
7.917012088000774384e-03
1.540998276323080063e-02
-6.376381218433380127e-02
3.974645864218473434e-03
8.760747313499450684e-02
-5.684943497180938721e-02
1.341866143047809601e-02
6.862518191337585449e-02
-3.258019313216209412e-02
-9.125022916123270988e-04
4.725147783756256104e-02
6.712744943797588348e-03
-9.807224385440349579e-03
-5.012862384319305420e-02
-4.119940567761659622e-04
3.173955529928207397e-02
-1.788336783647537231e-02
-1.879416592419147491e-02
6.681080441921949387e-03
-1.408198010176420212e-02
-6.801933795213699341e-02
-6.668049097061157227e-02
5.431638285517692566e-02
-3.178342059254646301e-02
-4.908578470349311829e-02
5.314168334007263184e-02
-4.290292039513587952e-02
-5.652702599763870239e-02
1.252117101103067398e-02
-1.918304525315761566e-02
-2.966855280101299286e-02
4.000468179583549500e-02
3.060957230627536774e-02
1.150020398199558258e-02
6.289519369602203369e-02
1.530798617750406265e-02
1.965311542153358459e-02
3.542279824614524841e-02
1.552322786301374435e-02
1.880398718640208244e-03
2.377640455961227417e-02
-4.524625837802886963e-03
-2.260422892868518829e-02
1.992117613554000854e-02
6.268072174862027168e-04
1.806858181953430176e-02
2.162960171699523926e-02
-8.077474310994148254e-03
2.445450518280267715e-04
6.697189807891845703e-02
-1.067600212991237640e-02
-8.295413135783746839e-05
2.890468947589397430e-02
2.429207973182201385e-02
-2.789773046970367432e-02
2.687411615625023842e-03
1.728696748614311218e-02
-2.943600341677665710e-02
-9.889894165098667145e-03
4.455658141523599625e-03
-4.630014766007661819e-03
1.604412496089935303e-02
2.627916820347309113e-02
5.315848067402839661e-02
6.872243434190750122e-02
-2.808655425906181335e-02
-5.137689039111137390e-02
-3.982432559132575989e-02
3.722274908795952797e-03
-1.578161679208278656e-02
-7.330859079957008362e-03
7.728240452706813812e-03
-2.486195787787437439e-02
1.847572624683380127e-02
-3.947035968303680420e-02
-4.690108075737953186e-02
-3.172529162839055061e-03
-2.295857295393943787e-02
-3.373732045292854309e-02
2.331098914146423340e-02
-5.056699272245168686e-03
2.438403666019439697e-02
-1.064444985240697861e-02
6.019740551710128784e-02
3.447439521551132202e-02
-6.115369126200675964e-02
4.433179274201393127e-02
3.159674629569053650e-02
-7.600251585245132446e-02
1.788395084440708160e-02
-1.139643019996583462e-03
-1.900446042418479919e-02
-1.642126217484474182e-02
-5.184584762901067734e-03
-5.326339974999427795e-02
7.923200726509094238e-03
6.231665145605802536e-03
-2.011049725115299225e-02
3.922071773558855057e-03
-1.040269620716571808e-02
-3.301401063799858093e-02
-2.255779504776000977e-02
-4.160253331065177917e-02
-2.368187345564365387e-02
-5.832918453961610794e-03
-2.127933688461780548e-02
-3.091971017420291901e-02
-1.590000838041305542e-02
1.948434673249721527e-02
1.540946401655673981e-02
1.870824955403804779e-02
6.599922664463520050e-03
-3.064569085836410522e-02
6.976803764700889587e-03
-1.321954187005758286e-02
-2.151624858379364014e-02
-1.877610012888908386e-02
-1.969094388186931610e-02
-5.790204554796218872e-02
2.221787348389625549e-02
3.986287862062454224e-02
2.936565550044178963e-03
1.422816701233386993e-02
-3.380234166979789734e-02
-5.461993068456649780e-02
3.845536382868885994e-03
-1.770301535725593567e-02
-3.663351759314537048e-02
1.029824744910001755e-02
1.378994528204202652e-02
-5.200222879648208618e-02
1.211592741310596466e-02
8.006422780454158783e-03
-4.568206146359443665e-02
-2.722160145640373230e-02
-2.836331492289900780e-03
-1.638962328433990479e-02
-1.390716247260570526e-02
-2.327237464487552643e-02
-2.156611531972885132e-03
-2.283079549670219421e-02
1.583530916832387447e-03
1.176176778972148895e-02
3.034290298819541931e-02
2.656190888956189156e-03
-8.456417359411716461e-03
8.273954503238201141e-03
3.766744211316108704e-02
-2.579919993877410889e-02
-4.502543888520449400e-04
-1.804359629750251770e-02
-5.383988842368125916e-02
1.240863744169473648e-02
-1.920663751661777496e-02
-2.301957458257675171e-02
1.442356151528656483e-03
-5.828994326293468475e-03
4.947990179061889648e-02
5.698794499039649963e-03
-4.403429105877876282e-03
-2.288643736392259598e-03
1.730068773031234741e-02
3.877582028508186340e-02
-1.548697147518396378e-02
-1.416213344782590866e-02
-3.346190601587295532e-02
2.462764829397201538e-02
-2.226766385138034821e-02
-5.780528858304023743e-02
1.495625765528529882e-04
-7.068444043397903442e-02
-2.404743619263172150e-02
6.834272760897874832e-03
3.547557070851325989e-02
-9.827839210629463196e-03
6.573231518268585205e-02
1.812500134110450745e-02
-3.005956113338470459e-02
3.163126856088638306e-02
-1.728961244225502014e-02
-5.151220783591270447e-02
2.857244387269020081e-02
4.386235773563385010e-02
-3.025498054921627045e-02
-5.448105931282043457e-02
1.388136949390172958e-02
-3.183947503566741943e-02
-2.367852628231048584e-02
-4.952955618500709534e-02
-3.370109200477600098e-02
-2.375281043350696564e-02
1.325111649930477142e-02
2.439323067665100098e-02
-3.183894976973533630e-02
3.898759558796882629e-02
9.320499957539141178e-04
-4.210595041513442993e-02
-3.418799722567200661e-03
-2.715303748846054077e-02
-1.462838426232337952e-02
-4.766885191202163696e-03
4.970673099160194397e-02
-3.546430543065071106e-02
-2.395497262477874756e-02
2.044949866831302643e-02
-2.034117840230464935e-02
1.461543794721364975e-02
2.230128739029169083e-03
1.908749900758266449e-02
-2.095589786767959595e-02
-1.077408436685800552e-02
-4.843999817967414856e-02
-1.470832433551549911e-02
8.538350462913513184e-03
-4.748833179473876953e-02
-2.408154867589473724e-02
1.427861582487821579e-02
-2.241812832653522491e-02
-8.585989475250244141e-03
-3.455625846982002258e-02
-4.324600845575332642e-02
1.054372987709939480e-03
-3.415171802043914795e-02
-2.319388091564178467e-02
-4.944698140025138855e-02
1.074493629857897758e-04
2.763783745467662811e-02
-3.155266866087913513e-03
2.673747949302196503e-04
-2.043069712817668915e-02
-3.040763363242149353e-02
-3.076857328414916992e-02
-2.501630596816539764e-02
-8.113122545182704926e-03
-5.290218163281679153e-03
-3.245785087347030640e-02
3.554792492650449276e-04
-3.141718357801437378e-02
3.026822116225957870e-03
3.855318576097488403e-02
-1.210211310535669327e-03
-2.920690365135669708e-02
3.076225891709327698e-02
3.388995677232742310e-02
-6.519587244838476181e-03
2.442875318229198456e-02
6.689711939543485641e-03
1.734954304993152618e-02
3.872562199831008911e-02
3.556266054511070251e-02
3.539537638425827026e-02
1.769474521279335022e-02
8.768868632614612579e-03
1.518714614212512970e-02
1.513246726244688034e-02
6.424234714359045029e-03
3.931232728064060211e-03
2.227024920284748077e-02
2.675187215209007263e-02
1.660072011873126030e-03
9.258765727281570435e-03
4.077444225549697876e-02
3.803526237607002258e-02
-1.788542792201042175e-02
-2.143269591033458710e-02
-1.432869117707014084e-02
2.374521456658840179e-03
-5.543933948501944542e-04
1.372102368623018265e-02
5.909783300012350082e-03
-2.991999732330441475e-03
4.149823263287544250e-02
-3.019572235643863678e-02
1.146524213254451752e-02
2.412897301837801933e-04
4.226295277476310730e-02
2.738776430487632751e-02
3.463510796427726746e-02
4.038593918085098267e-02
-1.472343411296606064e-02
2.375902980566024780e-02
-1.266132295131683350e-02
5.647664424031972885e-03
-5.309140542522072792e-04
-2.111879922449588776e-02
1.520302332937717438e-02
-2.616053074598312378e-02
2.211688784882426262e-03
2.926865359768271446e-03
-3.087946027517318726e-02
-3.937658295035362244e-02
-1.525435782968997955e-02
-1.963366940617561340e-02
-1.286743581295013428e-02
-1.317628566175699234e-02
-9.658110328018665314e-03
-1.390990708023309708e-02
-2.531028911471366882e-02
-1.870214194059371948e-02
5.474022123962640762e-03
-1.500588748604059219e-02
-5.935493973083794117e-04
-1.413793116807937622e-02
-2.530970983207225800e-02
-4.565649665892124176e-03
1.953569613397121429e-02
-1.639053970575332642e-02
-4.117209464311599731e-02
-3.054972924292087555e-02
-2.850820682942867279e-02
-3.943877667188644409e-02
-9.951452724635601044e-03
-3.743665292859077454e-02
8.650049567222595215e-03
-1.059305015951395035e-02
4.235389456152915955e-02
5.505111441016197205e-02
-5.596036557108163834e-03
-2.018012851476669312e-02
1.007234118878841400e-02
5.377290025353431702e-02
2.554601430892944336e-02
1.194269955158233643e-02
-2.373741567134857178e-02
-1.379917655140161514e-02
-5.084542557597160339e-02
-4.371521528810262680e-03
7.542929233750328422e-05
-1.156408805400133133e-02
-3.345104167237877846e-03
1.472582854330539703e-02
2.289479412138462067e-02
1.589899323880672455e-02
2.622899413108825684e-02
2.875222638249397278e-02
1.061812136322259903e-02
-1.897677313536405563e-03
-3.207066911272704601e-04
6.504544056951999664e-03
-4.556114785373210907e-03
1.092389039695262909e-02
1.436081621795892715e-02
-7.610070984810590744e-03
1.862101838923990726e-03
-2.166082337498664856e-02
1.832063682377338409e-02
3.571664914488792419e-02
-1.054233871400356293e-02
1.841470971703529358e-02
-8.185356855392456055e-03
1.285720057785511017e-02
1.363346469588577747e-03
-1.809350959956645966e-02
-2.502317354083061218e-02
-2.474985457956790924e-02
-3.275237977504730225e-02
-1.159761380404233932e-02
-1.390831451863050461e-02
-5.032046139240264893e-02
-6.981526035815477371e-03
-5.623700842261314392e-02
-8.386693149805068970e-02
-1.751392148435115814e-02
9.329035878181457520e-03
3.122212132439017296e-03
-4.340694751590490341e-03
7.202031556516885757e-03
9.876383468508720398e-03
-6.463769357651472092e-03
3.522846475243568420e-02
3.220777586102485657e-02
2.692673914134502411e-02
2.016594633460044861e-02
-1.221623178571462631e-02
2.187999337911605835e-02
3.468250110745429993e-02
1.762476190924644470e-02
-2.934893406927585602e-02
-3.935748711228370667e-02
-4.690287262201309204e-02
-1.128034573048353195e-02
1.779039762914180756e-02
1.001587952487170696e-03
-3.694961313158273697e-03
-1.347333379089832306e-02
-5.316856782883405685e-03
-5.111715942621231079e-02
-6.811418384313583374e-02
-5.014469474554061890e-02
-1.470702141523361206e-02
-2.742053568363189697e-02
-4.838374257087707520e-02
-9.378710761666297913e-03
-2.008702978491783142e-02
2.004645206034183502e-02
-2.213475666940212250e-02
7.507683709263801575e-03
5.315135046839714050e-02
-1.262955460697412491e-02
1.400616671890020370e-02
-1.431464124470949173e-02
4.457727819681167603e-02
4.103064909577369690e-02
-3.241003677248954773e-02
4.068924486637115479e-02
5.595307424664497375e-02
5.133873783051967621e-03
-3.234263509511947632e-02
-1.206225343048572540e-02
-1.377576682716608047e-02
-5.169906653463840485e-03
9.699068963527679443e-03
1.081756781786680222e-03
2.525749383494257927e-03
1.445568352937698364e-02
2.735305577516555786e-02
-1.361925713717937469e-02
-3.289500623941421509e-02
-2.461417764425277710e-02
-1.425800495781004429e-03
-1.097280997782945633e-02
-1.595110446214675903e-02
6.846157484687864780e-04
8.764704689383506775e-03
8.081855252385139465e-03
1.988206990063190460e-02
2.791824378073215485e-02
9.486520662903785706e-03
1.100127771496772766e-02
-8.262799121439456940e-03
-8.874023333191871643e-03
1.719233207404613495e-02
2.184986881911754608e-02
1.582981273531913757e-02
1.342764869332313538e-02
2.740092389285564423e-02
1.894426532089710236e-03
-1.955030672252178192e-02
-1.648364472202956676e-03
-2.270054444670677185e-02
-6.259714812040328979e-02
-6.754147261381149292e-02
-6.434515118598937988e-02
-1.490337494760751724e-02
-3.129699081182479858e-02
-1.621105894446372986e-02
2.653742907568812370e-03
-2.020596293732523918e-03
5.073508713394403458e-03
3.337762504816055298e-02
3.441043570637702942e-02
4.277680441737174988e-02
1.281047239899635315e-02
2.915018424391746521e-02
1.269550435245037079e-02
-3.451134636998176575e-02
-3.051471710205078125e-02
1.286855340003967285e-02
-3.171766921877861023e-02
-4.916179552674293518e-02
1.779908873140811920e-02
4.041861742734909058e-02
2.949654124677181244e-02
4.840691387653350830e-02
3.310040757060050964e-02
4.889059066772460938e-02
1.035732589662075043e-02
-1.940114051103591919e-02
-2.511317655444145203e-02
-3.462513908743858337e-02
-1.505718659609556198e-02
-3.099248930811882019e-02
-4.720081016421318054e-02
-4.755082074552774429e-03
-2.339046262204647064e-02
-4.715657606720924377e-02
4.206815734505653381e-02
9.275546297430992126e-03
-2.896589785814285278e-02
-7.913470268249511719e-03
1.381411496549844742e-02
2.226559445261955261e-02
-3.964387811720371246e-03
3.006653487682342529e-02
1.600313931703567505e-02
-2.872541174292564392e-02
-3.181613981723785400e-02
-4.184965789318084717e-02
-1.402612589299678802e-02
-9.576219599694013596e-05
-1.396978273987770081e-02
1.738535054028034210e-02
1.324997749179601669e-02
-1.128342933952808380e-02
-4.525116086006164551e-02
-3.882145136594772339e-02
-3.356144949793815613e-02
-1.053369417786598206e-02
4.811372607946395874e-03
-1.144620310515165329e-02
-3.693618578836321831e-03
-2.056836150586605072e-02
-2.929853275418281555e-02
-2.250367961823940277e-02
-2.115457877516746521e-02
4.217309504747390747e-02
-3.895092010498046875e-02
-4.896320868283510208e-03
2.728592604398727417e-02
-8.805313147604465485e-03
5.311928689479827881e-03
1.900598406791687012e-02
1.377886440604925156e-02
-4.537230823189020157e-03
1.700281351804733276e-02
-2.304422296583652496e-02
-8.337024599313735962e-03
5.370153812691569328e-04
-2.763959020376205444e-02
-2.801121026277542114e-02
-9.558857418596744537e-03
2.370003983378410339e-02
5.604759976267814636e-02
7.595123350620269775e-02
-4.321651905775070190e-02
-5.457280576229095459e-02
-5.513989180326461792e-02
-2.500147558748722076e-02
1.980228722095489502e-02
1.665931195020675659e-02
3.972775861620903015e-02
-2.129689231514930725e-02
4.659021645784378052e-02
-2.784924209117889404e-02
-2.976299822330474854e-02
-2.611836604773998260e-02
4.660803359001874924e-03
-2.480481285601854324e-03
2.992433309555053711e-02
3.385967016220092773e-02
1.203767582774162292e-02
5.041884630918502808e-02
-2.498729154467582703e-02
-1.368421968072652817e-02
1.260313205420970917e-02
-5.419352091848850250e-03
-3.735787793993949890e-02
-1.428009476512670517e-02
5.137553438544273376e-02
2.552846074104309082e-02
-1.557322032749652863e-02
7.265158742666244507e-02
5.392116308212280273e-02
1.554802525788545609e-02
1.112520694732666016e-02
-5.837402772158384323e-03
-8.927905000746250153e-04
1.900186389684677124e-02
-4.219169914722442627e-02
2.032012213021516800e-03
-2.259295620024204254e-02
1.248122006654739380e-02
3.755384311079978943e-02
-3.344214754179120064e-03
4.151369631290435791e-02
3.643084783107042313e-03
-2.019925741478800774e-03
-2.512679900974035263e-03
-7.991112768650054932e-03
5.905283987522125244e-02
6.681451201438903809e-02
1.248299889266490936e-02
-3.593536838889122009e-02
1.291431952267885208e-02
3.569900617003440857e-02
-7.302723079919815063e-02
-4.590332135558128357e-02
-5.164898186922073364e-02
-3.458844497799873352e-02
-5.793488235212862492e-04
2.764804847538471222e-02
3.881499869748950005e-03
-9.210919961333274841e-03
1.845462433993816376e-02
4.271792713552713394e-03
-2.230569720268249512e-02
5.393680930137634277e-02
1.703072898089885712e-02
5.301037058234214783e-02
1.175764854997396469e-02
-1.347259338945150375e-02
-1.056414376944303513e-02
8.443905971944332123e-04
7.273011654615402222e-02
-1.476109120994806290e-02
-3.925262391567230225e-02
-3.459899872541427612e-02
-2.311008982360363007e-02
-9.635018184781074524e-03
1.475864928215742111e-02
6.624375283718109131e-02
-4.269059747457504272e-03
2.802292630076408386e-02
2.288094721734523773e-02
6.023169308900833130e-02
-2.959974808618426323e-04
-7.361837476491928101e-02
-1.396582956658676267e-04
-9.707394056022167206e-03
2.538619004189968109e-02
-6.350954063236713409e-03
2.401154302060604095e-02
7.980599999427795410e-02
2.121292054653167725e-02
1.396546419709920883e-02
-4.438479896634817123e-03
-4.984559025615453720e-03
-4.959506541490554810e-02
-5.379109829664230347e-02
-8.522763848304748535e-03
-2.576916664838790894e-02
-5.690046027302742004e-02
2.126445993781089783e-03
-3.658493235707283020e-02
-2.305945940315723419e-02
-2.325115352869033813e-02
2.338751917704939842e-03
3.320994600653648376e-02
-8.231701329350471497e-03
3.374028578400611877e-02
4.472904652357101440e-02
1.067925244569778442e-02
-1.779577508568763733e-02
-3.198103234171867371e-02
-2.217065356671810150e-02
1.727128587663173676e-02
1.709561236202716827e-02
2.420718222856521606e-02
1.373984944075345993e-02
6.615865230560302734e-02
1.949161477386951447e-02
-1.305786240845918655e-02
1.814666762948036194e-02
4.873019061051309109e-04
3.857633098959922791e-02
-1.637936197221279144e-02
4.753204435110092163e-02
1.133283507078886032e-02
-6.560697406530380249e-02
-8.079091459512710571e-02
4.359940439462661743e-02
-5.843067076057195663e-03
2.671851962804794312e-02
1.938168890774250031e-02
8.099129050970077515e-02
3.988095372915267944e-02
-1.294593513011932373e-02
-4.209333285689353943e-02
-2.134992182254791260e-02
-5.687961354851722717e-03
-3.346144780516624451e-02
-3.494448959827423096e-02
-3.777912934310734272e-04
-1.008954569697380066e-01
-5.253116786479949951e-02
3.029739111661911011e-02
7.041596621274948120e-02
2.852101437747478485e-02
-2.765418030321598053e-02
-3.078776411712169647e-02
-1.383522618561983109e-02
-3.773186355829238892e-02
2.133973687887191772e-02
2.771450951695442200e-02
-3.201439231634140015e-02
6.469204276800155640e-02
2.788376249372959137e-02
-2.841335721313953400e-02
-5.255237221717834473e-02
-1.733214221894741058e-02
1.753040030598640442e-02
2.375334687530994415e-02
-2.536018379032611847e-02
5.184645578265190125e-02
1.492939423769712448e-02
-3.261262550950050354e-02
-1.593206636607646942e-02
-2.055632136762142181e-02
3.642881987616419792e-03
-2.649915637448430061e-03
-4.692403227090835571e-02
-1.194191258400678635e-02
8.198650926351547241e-02
1.266705617308616638e-02
-3.245466575026512146e-02
5.520240217447280884e-02
7.428992539644241333e-02
4.764784127473831177e-02
-1.501347031444311142e-02
3.708237782120704651e-02
4.856092855334281921e-02
-4.520156979560852051e-02
-4.312428459525108337e-02
-6.787218898534774780e-02
-3.539132699370384216e-02
-1.277664490044116974e-02
-3.045169077813625336e-02
-1.845431327819824219e-02
-1.725664176046848297e-02
-3.408432379364967346e-02
2.200338244438171387e-02
1.607342995703220367e-02
-2.044927328824996948e-03
8.671475807204842567e-04
1.911220513284206390e-02
-1.631052233278751373e-02
3.594560083001852036e-03
9.289348125457763672e-02
5.938674509525299072e-02
-1.060997601598501205e-02
-4.028471931815147400e-02
4.143473226577043533e-03
4.789919778704643250e-02
5.059450119733810425e-02
8.238086476922035217e-03
-3.584729135036468506e-02
-2.977096475660800934e-02
-2.086680382490158081e-02
-2.656880393624305725e-02
2.509193681180477142e-02
6.971891038119792938e-03
1.793486438691616058e-02
3.164814785122871399e-02
4.734014626592397690e-03
1.269321236759424210e-02
-2.633961662650108337e-02
-3.411894291639328003e-02
7.126884534955024719e-03
-2.885662578046321869e-02
-4.379182308912277222e-02
-2.272970788180828094e-02
-3.969490155577659607e-02
-5.999321117997169495e-02
3.761890530586242676e-02
1.165745556354522705e-01
4.666443914175033569e-03
-1.318599656224250793e-02
4.239647835493087769e-02
3.819740563631057739e-02
-4.170017316937446594e-02
-3.409126400947570801e-02
9.840195067226886749e-03
-2.516318112611770630e-03
-3.100638650357723236e-02
-1.022223383188247681e-02
6.901235133409500122e-02
7.037544250488281250e-02
-4.125634953379631042e-02
3.375543514266610146e-03
1.258794870227575302e-02
-1.826225779950618744e-02
1.278550596907734871e-03
-6.136176176369190216e-03
-3.433955088257789612e-02
2.723865397274494171e-02
-1.163879502564668655e-02
-3.840142861008644104e-02
3.913266956806182861e-02
4.682451952248811722e-03
-9.342485107481479645e-03
6.618339102715253830e-03
-6.375715136528015137e-02
-7.427863776683807373e-02
4.832951352000236511e-02
5.543205887079238892e-02
3.478729724884033203e-02
-2.535488642752170563e-02
-1.376616954803466797e-02
5.700020119547843933e-03
-2.899485081434249878e-02
-4.063918069005012512e-02
-2.655130252242088318e-02
-1.285260543227195740e-02
6.554825603961944580e-02
3.917223215103149414e-02
-1.166369393467903137e-02
-1.263517141342163086e-02
-2.656978927552700043e-02
-1.743023097515106201e-02
-8.739012293517589569e-03
-3.341295942664146423e-02
4.525462165474891663e-02
7.144959177821874619e-03
-7.538028527051210403e-03
3.010037762578576803e-04
-2.297463268041610718e-02
-1.655456610023975372e-02
-3.344419412314891815e-03
4.702224861830472946e-03
1.168654207140207291e-02
-9.904605103656649590e-04
3.831644728779792786e-02
5.694701150059700012e-02
7.157072890549898148e-03
2.653886377811431885e-02
4.421709105372428894e-02
-6.139613687992095947e-03
-2.784853568300604820e-03
4.877031221985816956e-02
-1.819823868572711945e-02
-6.876656413078308105e-02
-2.536832168698310852e-02
-1.455544959753751755e-02
-4.833344742655754089e-02
-4.754353687167167664e-02
-7.200255058705806732e-03
-2.423401176929473877e-02
-1.159069221466779709e-02
-1.841530576348304749e-02
-3.168534114956855774e-02
-1.358390972018241882e-02
-1.618268154561519623e-02
-2.182069793343544006e-02
-1.620389521121978760e-02
2.825456671416759491e-03
-1.573656871914863586e-02
-1.630293205380439758e-02
-3.200373798608779907e-02
-4.460450634360313416e-02
-1.874860934913158417e-02
2.269800752401351929e-03
4.188572987914085388e-03
1.136185368523001671e-03
2.076491247862577438e-03
-1.292019244283437729e-02
9.179208427667617798e-03
-9.305090643465518951e-03
-2.890028059482574463e-02
-7.726380135864019394e-03
7.798793260008096695e-03
1.603679545223712921e-02
3.184936195611953735e-02
9.601515717804431915e-03
7.452546618878841400e-03
4.484889097511768341e-03
-1.056938525289297104e-02
-9.441714733839035034e-03
-7.534889038652181625e-03
3.219616785645484924e-02
-6.483170203864574432e-03
2.122551575303077698e-02
7.476686965674161911e-03
-3.608847036957740784e-02
-2.779626473784446716e-02
4.785433039069175720e-02
1.775025762617588043e-02
1.289249025285243988e-02
-4.592020530253648758e-03
-2.395545132458209991e-02
-8.897109888494014740e-03
-2.842005901038646698e-02
-8.812886662781238556e-03
-2.007522061467170715e-02
5.069580394774675369e-03
1.529924571514129639e-02
8.070437237620353699e-03
-1.663729175925254822e-02
5.230681598186492920e-02
3.208706527948379517e-02
4.459485877305269241e-03
4.052837565541267395e-02
-1.683435030281543732e-02
6.209014914929866791e-03
3.206000849604606628e-02
-1.036964543163776398e-02
-2.595771849155426025e-02
-3.637710213661193848e-02
-4.334642738103866577e-02
1.048489287495613098e-02
-5.042786244302988052e-03
-4.529165104031562805e-03
2.434780076146125793e-02
-1.651510782539844513e-02
-1.253981981426477432e-02
-3.452063351869583130e-02
-6.080203689634799957e-03
-1.876209862530231476e-02
-1.023144461214542389e-02
3.170815482735633850e-02
-6.922917906194925308e-03
-1.031512487679719925e-02
3.069540672004222870e-02
-1.516769267618656158e-02
2.452680142596364021e-03
-2.964241430163383484e-03
1.444037165492773056e-02
-3.992173820734024048e-02
-2.707751095294952393e-02
-2.720592916011810303e-02
-4.306107759475708008e-02
-2.650044485926628113e-02
7.021888741292059422e-04
2.318455651402473450e-02
-3.039008006453514099e-02
-2.315947972238063812e-02
6.405784748494625092e-03
-1.574029587209224701e-02
-1.385947037488222122e-02
-2.135899290442466736e-02
-2.220392227172851562e-02
-1.694412715733051300e-02
-3.014153800904750824e-03
2.177523076534271240e-02
5.782008171081542969e-03
1.179714221507310867e-03
4.488745331764221191e-02
-2.108135027810931206e-03
-6.300785113126039505e-03
4.859119281172752380e-02
1.178412418812513351e-02
-2.174527011811733246e-02
5.229569971561431885e-02
3.098048968240618706e-03
-1.456123404204845428e-02
5.254655703902244568e-02
1.760821556672453880e-03
-2.251409739255905151e-02
-4.791991319507360458e-03
-3.013499267399311066e-02
-2.096912823617458344e-02
-5.430524423718452454e-02
-4.398286808282136917e-03
-3.634165972471237183e-02
-6.887508928775787354e-02
-5.453160777688026428e-02
-5.179997906088829041e-02
-8.179602771997451782e-02
-8.237686008214950562e-02
1.358104869723320007e-02
6.262467242777347565e-03
3.124921396374702454e-02
1.226553320884704590e-02
3.719418309628963470e-03
2.019854821264743805e-02
4.564931988716125488e-02
3.796913474798202515e-02
3.422268480062484741e-02
-7.260638289153575897e-03
-8.820999646559357643e-04
-6.685973494313657284e-04
1.011617574840784073e-02
-1.118276361376047134e-02
-1.640362478792667389e-02
6.703290622681379318e-03
-6.612606812268495560e-04
-1.977694965898990631e-02
-2.088867040583863854e-04
4.059402272105216980e-03
4.223807156085968018e-02
1.730856951326131821e-03
-2.267732284963130951e-02
2.676643058657646179e-02
-8.482037112116813660e-03
-1.573548465967178345e-02
1.294628810137510300e-02
8.935620076954364777e-03
-2.175354212522506714e-02
-8.699551224708557129e-03
-2.702839672565460205e-02
-8.723150938749313354e-03
1.875744550488889217e-03
-9.148717857897281647e-03
-2.035522134974598885e-03
-4.151302389800548553e-03
1.700620725750923157e-02
6.347047537565231323e-02
3.504795581102371216e-02
3.659494221210479736e-02
5.094164237380027771e-02
1.944850943982601166e-02
5.097043141722679138e-02
6.527207046747207642e-02
1.652356423437595367e-02
-5.474078655242919922e-02
-5.871496349573135376e-02
-6.477016210556030273e-02
-4.069507867097854614e-02
-1.234119571745395660e-02
-1.727267540991306305e-02
-5.856503266841173172e-03
5.787533591501414776e-04
3.292628331109881401e-03
-2.000277861952781677e-03
3.163987025618553162e-02
-1.448371354490518570e-02
9.446285665035247803e-03
3.969034552574157715e-02
1.697191037237644196e-02
-2.670050226151943207e-02
5.179706495255231857e-03
-2.389890886843204498e-02
8.927422459237277508e-04
9.781992994248867035e-03
-1.736853644251823425e-02
8.655215613543987274e-03
2.067309617996215820e-02
8.223095908761024475e-03
7.087573409080505371e-03
1.532286219298839569e-02
1.265582628548145294e-02
-1.742170937359333038e-02
-1.218471396714448929e-02
-2.948655933141708374e-02
1.582890376448631287e-02
1.589520648121833801e-02
1.240868121385574341e-02
-7.833025418221950531e-03
4.285619594156742096e-03
-5.319880321621894836e-03
-1.919892989099025726e-02
-1.348499115556478500e-02
-2.720921300351619720e-02
-1.212486159056425095e-02
-2.709771506488323212e-02
-2.391459047794342041e-02
1.843230798840522766e-02
1.035484950989484787e-02
2.116952650249004364e-02
-3.420552238821983337e-02
-8.510208874940872192e-02
-4.724511876702308655e-02
-4.106695950031280518e-02
-8.166932314634323120e-02
-5.685888975858688354e-02
-8.224971592426300049e-02
-8.492284268140792847e-02
-4.824501648545265198e-02
-3.838411346077919006e-02
2.045078761875629425e-02
-8.118743076920509338e-03
5.155987106263637543e-03
2.510204352438449860e-02
1.156820729374885559e-02
9.301821701228618622e-03
-6.105215288698673248e-03
1.125430222600698471e-02
-3.244702890515327454e-02
-1.860585995018482208e-02
-2.554515562951564789e-02
-1.810018904507160187e-02
7.389564532786607742e-03
-3.392826532945036888e-03
-6.766164442524313927e-04
1.004208903759717941e-02
-1.635306142270565033e-02
-2.681875415146350861e-02
-6.573459599167108536e-03
-3.697392717003822327e-02
3.741296939551830292e-03
-3.384762676432728767e-03
-2.489415556192398071e-02
3.420679643750190735e-02
3.017768450081348419e-02
1.865273155272006989e-02
2.202593721449375153e-02
8.243384212255477905e-02
4.857640340924263000e-02
1.400435622781515121e-02
1.647099293768405914e-02
-5.777633283287286758e-03
4.070316907018423080e-03
3.285932913422584534e-02
5.982267670333385468e-03
1.751869544386863708e-02
1.206426508724689484e-02
1.860891468822956085e-02
8.790877647697925568e-03
-1.142262248322367668e-03
3.202425315976142883e-02
-6.475036963820457458e-03
-1.317365374416112900e-02
1.619157008826732635e-02
5.412895977497100830e-02
3.544096648693084717e-02
4.888183623552322388e-02
2.987760677933692932e-02
3.145102411508560181e-02
3.139988705515861511e-02
2.096697315573692322e-02
2.197661995887756348e-02
3.587440401315689087e-02
-1.243484485894441605e-02
7.167443633079528809e-03
-2.074847929179668427e-02
6.870069075375795364e-03
2.491474337875843048e-02
2.400107309222221375e-02
9.592755697667598724e-03
1.634844206273555756e-02
8.070015348494052887e-03
-2.462139353156089783e-02
-1.589586958289146423e-02
-2.252116799354553223e-02
-1.626549661159515381e-02
6.074206158518791199e-02
-2.083962224423885345e-02
-7.018434256315231323e-02
-2.080367319285869598e-02
1.187321823090314865e-02
6.788539467379450798e-04
-2.028824761509895325e-02
-3.615845367312431335e-02
-3.850383684039115906e-03
1.192656997591257095e-02
-6.478148046880960464e-03
5.159015581011772156e-02
6.731090694665908813e-02
5.238594114780426025e-02
-5.096031818538904190e-03
-3.975773230195045471e-02
-2.542542666196823120e-02
4.481586813926696777e-02
-4.723949357867240906e-03
-2.007180079817771912e-02
7.594927400350570679e-02
8.758567273616790771e-02
5.773715302348136902e-02
-2.923534810543060303e-02
3.677501529455184937e-02
-3.424521768465638161e-03
-3.160548955202102661e-02
2.573628909885883331e-02
5.791140720248222351e-02
-1.718840934336185455e-02
-8.224850147962570190e-02
3.963147476315498352e-02
3.886773809790611267e-02
5.482751131057739258e-02
-4.835389088839292526e-03
2.063615247607231140e-02
5.124897137284278870e-02
1.889900304377079010e-03
5.512053892016410828e-02
3.928072378039360046e-02
6.762966513633728027e-02
-4.817166924476623535e-02
-2.366372011601924896e-02
-2.432034350931644440e-02
1.173723372630774975e-03
2.097902819514274597e-02
-1.162296012043952942e-01
4.945039004087448120e-02
1.283036470413208008e-01
1.746254041790962219e-02
-3.611778467893600464e-02
2.042366191744804382e-03
-2.970475703477859497e-03
1.616251468658447266e-02
1.783105172216892242e-02
-1.797232031822204590e-02
-1.919197663664817810e-02
4.234770778566598892e-03
-6.572896149009466171e-03
-1.917608082294464111e-02
2.262500859797000885e-02
1.960984803736209869e-02
-5.461269523948431015e-03
-1.306903641670942307e-02
8.622163441032171249e-04
1.890202984213829041e-02
-1.905760355293750763e-02
-4.800841677933931351e-03
-2.530341967940330505e-02
-4.769503697752952576e-02
-6.364354491233825684e-02
-3.323218971490859985e-02
-3.369745239615440369e-02
7.048646803013980389e-04
-4.610774666070938110e-02
5.747069139033555984e-03
1.678447984158992767e-02
-8.514605462551116943e-03
-6.552515178918838501e-02
-2.548111975193023682e-02
2.268955856561660767e-02
2.004312723875045776e-02
-3.957584872841835022e-02
1.149592362344264984e-02
9.197960793972015381e-02
-3.419543849304318428e-03
-1.940227299928665161e-02
-3.095165360718965530e-03
8.846685290336608887e-03
1.313812844455242157e-02
5.107650533318519592e-03
-1.994817517697811127e-02
3.796841204166412354e-02
5.134589970111846924e-02
-2.762977220118045807e-02
-4.268479067832231522e-03
-5.523768253624439240e-03
1.950746402144432068e-02
-1.739186607301235199e-02
-2.227534726262092590e-02
-9.993058629333972931e-03
-6.589254830032587051e-03
3.426473215222358704e-02
4.623232409358024597e-02
-6.403822451829910278e-03
-2.861127443611621857e-02
4.927197098731994629e-02
-1.264281012117862701e-02
-3.067452460527420044e-02
-4.097711294889450073e-03
3.211110830307006836e-02
6.214200705289840698e-02
-8.226254722103476524e-04
-4.227975010871887207e-02
-2.529728785157203674e-02
-5.048545449972152710e-02
-5.244149267673492432e-02
-2.379454858601093292e-02
-5.039227008819580078e-02
3.775639692321419716e-03
1.954280585050582886e-02
-3.007138893008232117e-02
-1.476265024393796921e-02
-1.985710673034191132e-02
-3.116902336478233337e-02
-4.254601150751113892e-02
-3.021324984729290009e-02
-4.432115331292152405e-02
-4.148689098656177521e-03
-4.837222397327423096e-02
-5.426473915576934814e-03
1.234501320868730545e-02
1.295275054872035980e-02
-3.660531342029571533e-02
-2.441305480897426605e-02
-2.230659872293472290e-02
6.972154229879379272e-02
1.709934906102716923e-03
-5.083699524402618408e-02
2.771328762173652649e-02
1.473136059939861298e-02
-1.572790741920471191e-02
-4.062327742576599121e-02
-2.773931622505187988e-02
-1.061489712446928024e-02
5.678972695022821426e-03
-1.251998543739318848e-02
3.040775097906589508e-02
2.162833930924534798e-03
-3.642123937606811523e-02
-4.128578677773475647e-02
-8.166896179318428040e-03
-3.411768749356269836e-02
-3.666302189230918884e-02
-2.331095311092212796e-04
2.922070398926734924e-02
4.504930973052978516e-02
1.231411099433898926e-02
-1.531706284731626511e-02
-3.635681048035621643e-02
4.996875766664743423e-03
-2.754219435155391693e-02
-2.068880945444107056e-02
1.578085124492645264e-02
2.116214111447334290e-02
-2.440292946994304657e-02
-3.562700748443603516e-02
3.435657545924186707e-02
7.494671642780303955e-02
6.956370174884796143e-02
-1.838900335133075714e-02
-1.104500330984592438e-02
4.769522696733474731e-02
1.123617403209209442e-03
-4.404481127858161926e-02
-1.398286409676074982e-02
2.696269191801548004e-02
1.991302520036697388e-02
5.131755606271326542e-04
-3.363661840558052063e-02
-8.091228455305099487e-02
2.652421128004789352e-03
-1.952217891812324524e-02
-8.346656709909439087e-02
1.858461648225784302e-02
2.635522000491619110e-02
5.020217224955558777e-02
9.991169907152652740e-03
1.537651289254426956e-03
4.784883558750152588e-02
-1.204089540988206863e-02
-3.313967585563659668e-02
-2.774890512228012085e-02
1.024374086409807205e-02
-5.049778521060943604e-02
-1.983071797440061346e-06
-5.604912294074892998e-04
-1.016125176101922989e-02
-1.443949062377214432e-03
2.140179648995399475e-02
3.247961169108748436e-03
-3.480693697929382324e-02
-1.843783445656299591e-02
8.994949748739600182e-04
-2.727298252284526825e-02
-3.118536993861198425e-02
3.875789046287536621e-02
-4.983262158930301666e-03
-3.113476373255252838e-02
3.393791615962982178e-02
-3.756835358217358589e-04
5.090474709868431091e-02
-3.614264354109764099e-02
-3.631759434938430786e-02
3.057342953979969025e-02
-6.316630542278289795e-02
-6.058876961469650269e-02
-4.529873281717300415e-02
9.760077111423015594e-03
2.235921099781990051e-02
-1.533976569771766663e-02
2.699514292180538177e-02
-5.127864331007003784e-02
3.559222817420959473e-02
2.042273990809917450e-02
-1.347585115581750870e-02
4.954338073730468750e-02
-3.322198521345853806e-03
7.957837730646133423e-02
2.536444179713726044e-02
2.910614199936389923e-02
-1.169304829090833664e-02
-1.049007549881935120e-01
-7.451323326677083969e-03
3.918991982936859131e-02
2.914842404425144196e-02
-4.969638586044311523e-02
-1.507866755127906799e-02
2.059710398316383362e-02
-2.045193873345851898e-02
2.563256956636905670e-02
5.845804512500762939e-02
-2.267393469810485840e-02
-3.961763344705104828e-03
4.106189310550689697e-02
-1.685509458184242249e-02
-9.775169193744659424e-03
-3.039870224893093109e-02
-7.188357412815093994e-02
-6.989356130361557007e-02
-3.116746805608272552e-02
-6.357052177190780640e-02
-5.142324417829513550e-02
-3.591022267937660217e-02
3.424966335296630859e-02
8.170709758996963501e-02
-2.191550884163007140e-04
-1.669578067958354950e-02
-2.402469329535961151e-02
-3.456177189946174622e-02
-1.821376150473952293e-03
-4.865458235144615173e-02
-4.551895707845687866e-02
1.523036975413560867e-02
-1.166454330086708069e-02
-2.901601418852806091e-02
9.027676656842231750e-03
-6.128757447004318237e-02
-6.625517457723617554e-02
-1.614572852849960327e-02
-2.502094954252243042e-02
-4.502386227250099182e-02
-7.418800145387649536e-02
-1.020812802016735077e-02
3.463295847177505493e-02
-1.731709390878677368e-02
1.877585798501968384e-02
2.014855854213237762e-03
1.065479032695293427e-02
1.210095826536417007e-03
1.492494344711303711e-02
3.044959902763366699e-02
-1.601572334766387939e-02
1.451218035072088242e-02
-5.114758014678955078e-02
-6.242372468113899231e-02
-1.591362431645393372e-02
1.347627770155668259e-02
3.558589890599250793e-02
2.044464088976383209e-02
-2.468751743435859680e-02
1.442019734531641006e-02
6.788931041955947876e-02
4.588309302926063538e-02
3.854240104556083679e-02
1.880804635584354401e-02
-1.802263781428337097e-03
-3.399481251835823059e-02
-1.057219412177801132e-02
-1.652786449994891882e-04
-4.004560410976409912e-02
-2.460235916078090668e-02
4.128880798816680908e-02
1.806808635592460632e-02
2.079024538397789001e-02
-3.856177628040313721e-02
-4.234119504690170288e-02
-4.747673869132995605e-02
-4.131551086902618408e-02
-2.265010401606559753e-02
-2.863063290715217590e-02
2.457058802247047424e-02
4.464100673794746399e-02
2.874723635613918304e-02
-3.784393146634101868e-02
-4.139516875147819519e-02
-2.172088064253330231e-02
-4.284228757023811340e-02
-6.950210779905319214e-02
-6.303884088993072510e-02
-6.311165634542703629e-04
-4.931973759084939957e-03
2.035036869347095490e-02
-6.142421159893274307e-03
-1.469697803258895874e-02
-2.874951995909214020e-02
4.170876741409301758e-02
2.683692239224910736e-02
5.774733144789934158e-03
5.440366920083761215e-03
1.440672390162944794e-02
1.174411643296480179e-02
-2.908068895339965820e-02
-2.941437996923923492e-02
-3.383560106158256531e-02
-9.467344731092453003e-03
-8.310124394483864307e-04
-3.094498254358768463e-02
-3.608891367912292480e-02
-1.851183921098709106e-02
3.694866597652435303e-02
-2.915139310061931610e-02
-4.602548107504844666e-02
-2.860991656780242920e-02
-2.042838744819164276e-02
-7.257882505655288696e-03
-2.300377469509840012e-03
4.091557115316390991e-02
3.431878238916397095e-02
4.212013632059097290e-02
-3.796164179220795631e-03
-2.722990326583385468e-02
-1.058728061616420746e-02
-3.654821962118148804e-02
-2.722418680787086487e-02
-1.529368106275796890e-02
-6.319380551576614380e-02
-5.958031490445137024e-02
-6.562414020299911499e-02
3.617177531123161316e-02
3.659385442733764648e-02
4.049813374876976013e-02
3.314005210995674133e-02
-2.187884785234928131e-02
2.404459193348884583e-02
-2.289775758981704712e-02
1.382347429171204567e-03
-1.079748198390007019e-02
-3.735918551683425903e-02
1.868330501019954681e-02
-2.540617808699607849e-02
-8.061463013291358948e-03
6.010415777564048767e-02
4.574149101972579956e-02
-1.468505337834358215e-02
-1.767252013087272644e-02
7.425414863973855972e-03
3.707721456885337830e-02
1.599792391061782837e-02
7.643900346010923386e-03
1.440499443560838699e-02
-2.630828134715557098e-02
4.534411244094371796e-03
2.497342880815267563e-03
1.817817240953445435e-02
1.766481809318065643e-02
2.199829183518886566e-02
-1.014476362615823746e-02
1.332254265435039997e-03
3.300724923610687256e-02
-9.082756005227565765e-03
3.421844914555549622e-02
3.057627007365226746e-03
-2.110694535076618195e-02
9.352241759188473225e-04
1.125133130699396133e-03
-3.349385783076286316e-02
1.023058779537677765e-02
-1.427615806460380554e-02
-5.427517928183078766e-03
1.055674441158771515e-02
1.795003749430179596e-02
-1.562991179525852203e-02
-2.545669674873352051e-03
-3.867766633629798889e-02
-8.652419596910476685e-02
-5.766328796744346619e-02
-3.797217458486557007e-02
-1.928075961768627167e-02
5.084998160600662231e-02
-1.650725677609443665e-02
-1.428025215864181519e-02
3.026371821761131287e-02
5.308771878480911255e-02
1.929899305105209351e-02
-3.780527040362358093e-03
1.763817109167575836e-02
3.986570984125137329e-03
1.678583445027470589e-03
8.029827475547790527e-02
9.010557085275650024e-02
6.221099570393562317e-02
-3.197827935218811035e-02
-3.966843336820602417e-02
-4.487430676817893982e-03
-5.131912976503372192e-02
-3.801579400897026062e-02
-3.583934903144836426e-02
-1.510651316493749619e-02
1.993690617382526398e-02
4.795070737600326538e-03
-4.479701071977615356e-02
-5.561478808522224426e-02
-4.403357580304145813e-02
6.102568283677101135e-02
4.262039437890052795e-02
2.465830184519290924e-02
-4.046227037906646729e-02
-6.922411918640136719e-02
-3.149291500449180603e-02
7.646035868674516678e-03
-2.696798369288444519e-02
4.066300019621849060e-02
4.707166925072669983e-02
-3.062415681779384613e-02
-3.667264804244041443e-02
2.015653066337108612e-02
-2.757636643946170807e-02
2.595527842640876770e-02
1.821011304855346680e-02
-2.567394636571407318e-02
1.253497321158647537e-02
-3.176828101277351379e-02
-3.611926361918449402e-02
-2.003311738371849060e-02
3.168770670890808105e-02
5.156480520963668823e-02
4.134403169155120850e-02
-1.925897598266601562e-02
-2.061167545616626740e-02
-2.536340802907943726e-02
-2.761955745518207550e-02
-4.088788479566574097e-02
-3.838195279240608215e-02
-2.709094807505607605e-02
-2.637242525815963745e-02
-3.402768075466156006e-02
-3.080672211945056915e-02
-2.217859774827957153e-02
-2.309739775955677032e-02
4.213128238916397095e-03
7.209529867395758629e-04
1.200659014284610748e-02
-3.272955119609832764e-02
-1.622005365788936615e-02
-2.485263347625732422e-02
-9.332819841802120209e-03
1.921358145773410797e-02
-1.516998279839754105e-02
-1.832131855189800262e-02
-3.992070630192756653e-02
-1.375252287834882736e-02
4.795500636100769043e-02
6.348575651645660400e-02
4.802915826439857483e-02
-7.750991731882095337e-02
-6.531334668397903442e-02
-5.095486715435981750e-02
-6.163220852613449097e-02
-2.384034357964992523e-02
-3.743783757090568542e-02
4.005641676485538483e-03
-1.961719803512096405e-02
7.132112514227628708e-03
4.531595110893249512e-02
3.136906772851943970e-02
4.035269096493721008e-02
-1.039778627455234528e-02
1.496545597910881042e-02
9.961391799151897430e-03
-4.954605828970670700e-03
1.169024035334587097e-03
3.050744719803333282e-02
2.384615316987037659e-02
-3.432914614677429199e-02
7.827132940292358398e-03
2.888573706150054932e-02
-3.011901490390300751e-02
-4.958208277821540833e-02
-5.076107755303382874e-02
-1.338565070182085037e-02
-2.657189592719078064e-02
-4.551594331860542297e-02
-2.788589149713516235e-02
-4.512048326432704926e-03
2.013818128034472466e-03
5.364293605089187622e-02
8.160845935344696045e-02
4.027773067355155945e-02
-3.965103998780250549e-02
-5.540011450648307800e-02
5.759897455573081970e-02
-6.815405795350670815e-04
-7.506063207983970642e-03
-4.291580058634281158e-03
-8.593377657234668732e-03
3.849414363503456116e-02
8.033929392695426941e-03
2.200162224471569061e-02
4.450421407818794250e-02
3.182942420244216919e-02
3.648899123072624207e-02
6.602531671524047852e-02
-8.657812140882015228e-03
-2.404601499438285828e-02
-4.149769619107246399e-02
4.144394188188016415e-04
5.097324401140213013e-02
1.499890722334384918e-02
-2.994527854025363922e-02
3.730279579758644104e-02
1.425979938358068466e-02
-3.369353711605072021e-02
5.340007320046424866e-02
2.836564369499683380e-02
1.344259455800056458e-02
-1.956318318843841553e-02
4.164701327681541443e-02
-6.782639771699905396e-03
-2.213007211685180664e-02
4.463845118880271912e-02
-3.719338774681091309e-02
-5.940053984522819519e-02
-1.965807005763053894e-02
6.030523777008056641e-02
1.071002520620822906e-02
4.779657721519470215e-02
5.274254828691482544e-02
-2.854282036423683167e-02
-1.900237612426280975e-02
-2.755516953766345978e-02
-2.599516324698925018e-02
-3.463364019989967346e-02
1.618326641619205475e-02
9.435758925974369049e-03
2.407614886760711670e-02
9.351811371743679047e-03
-3.794673364609479904e-03
2.318558841943740845e-02
1.360368262976408005e-02
2.009575953707098961e-03
4.675480537116527557e-03
2.932289987802505493e-02
-1.872831769287586212e-02
-1.591527275741100311e-02
-3.111276961863040924e-02
-1.041288673877716064e-02
-3.696470335125923157e-02
-1.541103702038526535e-02
5.472959019243717194e-03
-1.335559599101543427e-02
-2.959728799760341644e-02
-3.796249628067016602e-02
-2.724718675017356873e-02
-3.804005682468414307e-02
-1.917485520243644714e-02
1.303836237639188766e-02
-3.504515392705798149e-03
-1.747272349894046783e-02
1.370667759329080582e-02
-2.648669527843594551e-03
2.232204936444759369e-02
1.717471890151500702e-02
3.414648398756980896e-02
1.695568673312664032e-03
-3.120330348610877991e-02
-1.516369730234146118e-02
-2.324234135448932648e-02
-1.247426681220531464e-02
-2.779750898480415344e-02
2.072817459702491760e-02
3.732893988490104675e-02
-3.580372780561447144e-02
1.982701197266578674e-02
5.136714503169059753e-02
-2.413738705217838287e-02
2.006290666759014130e-02
2.748049050569534302e-02
4.876386746764183044e-02
-3.384568030014634132e-03
-2.181074395775794983e-02
-2.582078054547309875e-02
-1.836607605218887329e-02
-4.121283069252967834e-03
-5.629247426986694336e-02
-2.922187186777591705e-02
2.260784059762954712e-02
-4.968268051743507385e-02
5.310535896569490433e-03
4.912212491035461426e-02
-2.804401330649852753e-03
1.926968805491924286e-02
1.381562277674674988e-02
9.930268861353397369e-03
-1.117524923756718636e-03
-1.095228176563978195e-02
2.761492505669593811e-03
-1.883512735366821289e-02
4.463393613696098328e-02
-3.842221200466156006e-02
-5.344014614820480347e-02
-2.114421501755714417e-02
-1.273480895906686783e-02
-1.234097033739089966e-02
1.991535164415836334e-02
-1.528397668153047562e-02
-1.281597558408975601e-02
1.416330575011670589e-03
-2.526502124965190887e-02
-1.401970535516738892e-02
-2.216884121298789978e-02
-1.191459316760301590e-02
-1.256252266466617584e-02
-5.246812850236892700e-02
2.958314307034015656e-02
-7.267505396157503128e-03
1.956048980355262756e-02
-1.045793667435646057e-02
-6.904440931975841522e-03
-8.275467902421951294e-03
-1.064115669578313828e-02
-2.585035515949130058e-03
2.104531275108456612e-03
5.156273022294044495e-02
1.754696294665336609e-02
-4.062483459711074829e-02
-1.105997525155544281e-02
-5.474415048956871033e-02
-7.088164240121841431e-02
-2.817810513079166412e-02
-2.093043550848960876e-02
3.785029798746109009e-02
2.147524617612361908e-02
3.794023767113685608e-03
3.063466586172580719e-02
3.463597735390067101e-03
-2.435024268925189972e-02
3.299798117950558662e-03
-1.376214902848005295e-02
-3.831270709633827209e-02
-1.021097134798765182e-02
-5.028179287910461426e-02
-1.520123332738876343e-02
5.458172038197517395e-02
1.556601468473672867e-02
8.311493694782257080e-02
5.185668915510177612e-02
1.642800495028495789e-02
5.117482319474220276e-02
-2.395275607705116272e-02
-1.461191382259130478e-02
5.793491844087839127e-03
-7.842097431421279907e-03
-3.340140357613563538e-02
3.494424978271126747e-03
2.492783404886722565e-02
-6.615547835826873779e-02
-3.966460004448890686e-02
-3.268735716119408607e-03
-1.353612449020147324e-02
1.549339015036821365e-02
1.914468780159950256e-02
-5.676507577300071716e-02
-2.404937148094177246e-02
-2.702249959111213684e-02
-1.636376790702342987e-02
-6.130476016551256180e-03
-3.291656449437141418e-02
-3.147009760141372681e-02
-3.670295700430870056e-02
-1.731482148170471191e-02
-3.603892773389816284e-02
-5.920678377151489258e-03
2.530086226761341095e-02
-1.090217940509319305e-02
-3.303240984678268433e-03
3.601731033995747566e-03
5.776391178369522095e-02
4.309775680303573608e-02
-4.630590602755546570e-02
3.658829629421234131e-02
-2.274918556213378906e-02
-5.565096810460090637e-02
-2.305776439607143402e-02
-1.829559169709682465e-02
-1.497040386311709881e-03
-2.218865416944026947e-02
1.606676168739795685e-02
1.493876427412033081e-02
-5.733030382543802261e-03
1.039484422653913498e-02
-3.377560153603553772e-02
-2.166815474629402161e-02
1.736488379538059235e-02
-2.557881176471710205e-02
-2.102154307067394257e-02
7.702372968196868896e-02
3.471865132451057434e-02
1.517374068498611450e-02
8.248180150985717773e-02
2.110159583389759064e-02
2.291448414325714111e-02
3.315656259655952454e-02
-1.234309049323201180e-03
3.240752033889293671e-03
4.393667913973331451e-03
-2.629569359123706818e-02
-2.577447332441806793e-02
-2.514681406319141388e-02
-6.586311012506484985e-02
-3.305223211646080017e-02
-3.355600684881210327e-02
-4.780467227101325989e-02
-7.357166707515716553e-02
-1.684216968715190887e-02
1.845055259764194489e-02
1.249048486351966858e-02
7.077479362487792969e-02
9.567998349666595459e-02
3.350413218140602112e-02
-1.109186187386512756e-02
-6.131466105580329895e-02
1.265719719231128693e-02
-1.573432236909866333e-02
-1.816022023558616638e-02
2.608031593263149261e-02
1.609809882938861847e-02
1.243868470191955566e-02
6.438920740038156509e-03
-6.994982715696096420e-03
-5.993374623358249664e-03
9.471159428358078003e-03
-3.758801519870758057e-02
-3.487719595432281494e-02
-1.173296663910150528e-02
-6.099717225879430771e-03
5.470319464802742004e-02
2.210518717765808105e-02
3.300934657454490662e-02
5.690721794962882996e-02
-1.041587349027395248e-02
4.760971292853355408e-03
8.784374222159385681e-03
-8.374060504138469696e-03
7.077387534081935883e-03
2.026502043008804321e-02
-4.751685261726379395e-02
5.611108615994453430e-03
2.494009211659431458e-02
-2.253942564129829407e-02
-1.633131504058837891e-02
-9.473027661442756653e-03
5.157114565372467041e-02
6.225351244211196899e-02
2.418637648224830627e-02
5.792526528239250183e-03
-3.300357982516288757e-02
-4.747405275702476501e-02
-6.887265294790267944e-02
1.592800952494144440e-02
3.386832401156425476e-02
6.020854692906141281e-03
9.312076866626739502e-02
7.549653947353363037e-02
1.692634634673595428e-02
-8.953847922384738922e-03
1.777099445462226868e-02
1.500788237899541855e-02
2.424208447337150574e-02
-4.236727580428123474e-02
1.444386597722768784e-02
-1.913923770189285278e-02
-4.196221008896827698e-02
-1.719451695680618286e-02
-1.555741205811500549e-02
-8.973692543804645538e-03
1.415851619094610214e-02
6.362485885620117188e-02
3.646359546110033989e-04
-1.160114631056785583e-02
3.535505011677742004e-02
1.003747805953025818e-02
-1.330909226089715958e-02
2.873242273926734924e-02
-7.386127952486276627e-03
-2.238652668893337250e-03
3.161977231502532959e-02
2.704690024256706238e-02
-3.274649754166603088e-02
7.568137254565954208e-03
2.989144437015056610e-02
-4.195850715041160583e-02
-8.885978721082210541e-03
3.250549733638763428e-02
5.923899356275796890e-03
1.163744367659091949e-02
-2.068077027797698975e-02
1.435942016541957855e-02
-5.268598347902297974e-02
-5.447406321763992310e-02
-2.300803735852241516e-02
-5.142873525619506836e-02
5.728364456444978714e-03
4.977706354111433029e-03
1.391314528882503510e-02
-1.962121948599815369e-02
1.340109668672084808e-02
-7.680728100240230560e-03
-1.641561090946197510e-02
4.484535381197929382e-02
1.359960529953241348e-02
8.255884982645511627e-03
-1.932082884013652802e-02
-2.607358433306217194e-02
-3.667479008436203003e-02
-3.188402205705642700e-02
-2.425218746066093445e-02
-1.508046127855777740e-02
-3.557417541742324829e-02
-1.787921600043773651e-02
-2.793637337163090706e-03
-8.336526900529861450e-02
-5.606172978878021240e-02
-1.041732821613550186e-02
-1.655059494078159332e-02
2.374839596450328827e-02
6.426971405744552612e-02
1.760568842291831970e-02
2.956886542961001396e-03
-5.009865760803222656e-02
4.215445369482040405e-02
5.880866572260856628e-02
4.853828623890876770e-02
1.381511683575809002e-03
-3.586511313915252686e-02
6.100687012076377869e-02
-1.935078203678131104e-02
-3.957015648484230042e-02
-8.785007894039154053e-02
-8.905490860342979431e-03
-8.454900234937667847e-03
8.257392793893814087e-03
-1.494984608143568039e-02
-2.884918078780174255e-02
4.120541270822286606e-03
-3.140328824520111084e-02
2.680933976080268621e-04
3.970349580049514771e-02
1.585460826754570007e-02
-2.426142431795597076e-02
-1.858519157394766808e-03
-4.328250512480735779e-02
-4.182446002960205078e-02
-5.799969285726547241e-02
-1.040503755211830139e-02
1.369055733084678650e-02
-4.961931332945823669e-02
-3.338698297739028931e-02
-3.703101351857185364e-02
-5.594368651509284973e-02
1.576631888747215271e-02
-2.264474704861640930e-02
-4.493695497512817383e-02
-2.986742742359638214e-02
-2.955435030162334442e-02
4.157032817602157593e-03
7.495632744394242764e-04
9.010063484311103821e-03
-2.270845137536525726e-02
1.815913245081901550e-02
5.782491341233253479e-02
-8.208590559661388397e-03
-1.830299943685531616e-02
2.570856828242540359e-03
-1.214966550469398499e-02
-3.283979371190071106e-02
-2.222872897982597351e-02
4.225748404860496521e-02
-1.431170757859945297e-02
-3.132389113306999207e-02
-1.892057061195373535e-02
2.533827908337116241e-02
2.264763601124286652e-02
-3.301262040622532368e-05
-1.155660673975944519e-02
2.623278088867664337e-02
7.485097274184226990e-03
-2.647734014317393303e-03
1.241383422166109085e-02
5.021301284432411194e-02
7.541390508413314819e-02
1.630415208637714386e-02
-1.360773015767335892e-02
6.068298965692520142e-02
7.473266124725341797e-02
4.595430567860603333e-02
-3.586001694202423096e-02
1.221303828060626984e-02
-3.991592209786176682e-03
-5.556977540254592896e-02
-6.427205353975296021e-02
-4.072232544422149658e-02
-2.899670228362083435e-02
-5.143529549241065979e-02
-3.763774782419204712e-02
2.662494964897632599e-02
-2.197138406336307526e-02
-1.970754936337471008e-03
5.609991494566202164e-03
-1.685623312368988991e-03
1.517686992883682251e-02
-3.561894176527857780e-03
-1.958057098090648651e-02
-2.997408062219619751e-02
-5.797086283564567566e-03
2.113797701895236969e-02
6.711314199492335320e-04
2.649730443954467773e-02
2.276277914643287659e-02
-4.735065449494868517e-04
-1.048137899488210678e-02
-2.465701848268508911e-02
7.922891527414321899e-02
-3.781248256564140320e-02
-5.318831652402877808e-02
4.303000122308731079e-02
2.347524277865886688e-03
-2.622396126389503479e-02
-3.167818486690521240e-02
-3.337538987398147583e-02
1.153061445802450180e-02
-2.548550441861152649e-02
-3.744209185242652893e-02
-2.091775415465235710e-03
-1.705069653689861298e-02
-3.337613493204116821e-02
4.689177498221397400e-02
4.031180962920188904e-02
-1.348196715116500854e-02
-1.830337569117546082e-02
3.016619011759757996e-03
-2.012228406965732574e-02
-9.685593657195568085e-03
2.968489192426204681e-02
-9.683912619948387146e-03
3.780669346451759338e-02
4.361768811941146851e-02
-2.422993443906307220e-02
3.069640882313251495e-02
8.883198723196983337e-03
-3.339250385761260986e-02
-1.609792187809944153e-02
1.602236740291118622e-02
1.209604553878307343e-02
-5.241668224334716797e-02
-9.318280965089797974e-02
-2.938973903656005859e-02
1.739290193654596806e-03
9.582576341927051544e-03
1.929889805614948273e-02
3.001709468662738800e-02
3.892535169143229723e-04
1.852903515100479126e-02
5.335395410656929016e-02
2.800728566944599152e-02
-1.670351997017860413e-02
5.504740402102470398e-03
-9.610197506844997406e-03
-2.740824036300182343e-02
-1.373286009766161442e-03
-1.808550022542476654e-02
-2.174695953726768494e-02
-4.148750007152557373e-02
-4.359790589660406113e-03
2.449076063930988312e-02
1.483770459890365601e-02
4.479571245610713959e-03
1.138053089380264282e-02
2.590471319854259491e-02
-1.953001879155635834e-02
-3.353168722242116928e-03
3.479667240753769875e-03
-2.255029277876019478e-03
-4.350477084517478943e-02
-3.455655276775360107e-02
-5.551397427916526794e-02
-2.629408612847328186e-02
-1.436789333820343018e-02
-2.954181469976902008e-02
-1.038264669477939606e-02
2.107895165681838989e-02
1.636709831655025482e-02
-1.749404007568955421e-03
4.061066359281539917e-02
2.063681557774543762e-02
-6.577797234058380127e-03
-3.384359553456306458e-02
-8.457666262984275818e-03
-2.549419738352298737e-02
-5.374856665730476379e-02
-5.546416714787483215e-02
2.269687503576278687e-02
-2.868927270174026489e-02
-3.362029418349266052e-02
5.498270690441131592e-02
7.541094440966844559e-03
-5.847433209419250488e-02
2.310445718467235565e-02
-5.910764448344707489e-03
-3.159110620617866516e-02
1.032236777245998383e-02
-4.106298834085464478e-02
-5.340885370969772339e-02
6.616471707820892334e-02
2.669088542461395264e-02
-4.002144094556570053e-03
8.607564494013786316e-03
2.346195047721266747e-03
-5.087830591946840286e-03
-2.108105830848217010e-02
-1.752582495100796223e-03
1.126068364828824997e-02
-1.726128906011581421e-02
1.313737686723470688e-02
5.085356067866086960e-03
1.862237229943275452e-02
9.344487451016902924e-03
5.852105678059160709e-04
-1.694121584296226501e-02
-2.288983575999736786e-02
3.741934895515441895e-02
2.624667948111891747e-03
-1.605014503002166748e-02
-3.889520419761538506e-03
-9.414039552211761475e-03
-4.027273878455162048e-02
-4.319928586483001709e-02
5.229074507951736450e-02
7.004737854003906250e-03
-4.410361405462026596e-03
-3.162807226181030273e-02
-1.555807609111070633e-02
-2.484441734850406647e-02
-5.608661845326423645e-02
1.120786275714635849e-02
5.982589442282915115e-03
-6.730426102876663208e-02
-8.109036087989807129e-02
-9.386596083641052246e-02
-4.051420092582702637e-02
-1.890685409307479858e-02
-1.266048010438680649e-02
-8.045708760619163513e-03
7.328266650438308716e-02
8.786301314830780029e-02
-1.264700759202241898e-02
9.553771466016769409e-03
-2.115512825548648834e-02
-1.565549522638320923e-02
-1.471500471234321594e-02
1.810688339173793793e-02
-2.323036268353462219e-02
-1.346495095640420914e-02
6.187445484101772308e-03
1.426529884338378906e-02
1.093789935111999512e-02
2.373585477471351624e-02
3.912277985364198685e-03
-2.718331292271614075e-03
2.189416904002428055e-03
-5.114452913403511047e-02
-1.138088945299386978e-02
-1.659986190497875214e-02
2.822322584688663483e-02
1.154182013124227524e-02
-1.276232581585645676e-02
2.276051230728626251e-02
-1.402540132403373718e-02
-2.711164765059947968e-02
-1.268503163009881973e-02
1.422095112502574921e-02
-1.856125076301395893e-03
4.777620779350399971e-04
-5.073045031167566776e-04
1.022882387042045593e-02
-1.629177108407020569e-02
9.749556775204837322e-04
2.906841412186622620e-02
-1.709167100489139557e-02
8.572241291403770447e-03
8.103447034955024719e-03
-5.934458225965499878e-02
-1.581817492842674255e-02
-2.528211846947669983e-02
-2.716382779181003571e-02
2.103213034570217133e-02
-3.017531335353851318e-02
-1.682089269161224365e-02
2.066143788397312164e-03
-1.579138822853565216e-02
-5.634893104434013367e-02
-3.710134327411651611e-02
-6.074701994657516479e-02
-3.570372611284255981e-02
-2.131867408752441406e-02
4.264952242374420166e-02
-2.193356119096279144e-02
-2.731847018003463745e-02
1.315093226730823517e-02
-2.714284928515553474e-03
-2.390609867870807648e-02
-3.613675013184547424e-02
4.514907673001289368e-02
4.287578165531158447e-02
-2.591002546250820160e-02
4.791489802300930023e-03
3.085455670952796936e-02
1.137574110180139542e-02
3.385947644710540771e-02
-8.026804029941558838e-02
-2.162064798176288605e-02
7.081847637891769409e-02
2.105316892266273499e-02
-4.011805728077888489e-02
-1.252131015062332153e-01
3.943236172199249268e-02
-1.206656824797391891e-02
-4.611900448799133301e-02
-1.392535981722176075e-03
-4.820196330547332764e-02
2.915085293352603912e-02
-2.663151919841766357e-02
-3.684669733047485352e-02
3.980417549610137939e-02
8.872133679687976837e-03
-1.711712777614593506e-02
4.246572032570838928e-02
-2.692365273833274841e-02
-3.548461198806762695e-02
2.790750563144683838e-02
2.351359650492668152e-02
-4.227303713560104370e-02
4.128036554902791977e-03
3.258835291489958763e-03
-3.043198958039283752e-02
-2.404744178056716919e-02
6.052669882774353027e-02
-4.385555221233516932e-04
-6.224803160876035690e-03
1.942557841539382935e-02
2.980538830161094666e-02
2.182502485811710358e-02
-4.076673462986946106e-02
-1.940827444195747375e-02
-1.189822144806385040e-02
-3.633387014269828796e-02
-3.476715832948684692e-02
4.133100435137748718e-02
2.257783710956573486e-02
1.118701603263616562e-02
2.152572758495807648e-02
8.683742582798004150e-02
3.658841550350189209e-02
-2.292272262275218964e-02
-2.002783492207527161e-02
-7.309043314307928085e-03
1.109370123594999313e-02
1.245327666401863098e-02
4.421695135533809662e-03
2.709282003343105316e-02
5.931754410266876221e-02
3.119111619889736176e-02
-3.554538264870643616e-02
-2.017846517264842987e-02
-3.394932672381401062e-02
1.829172857105731964e-02
-1.189789548516273499e-02
-2.798147127032279968e-02
-3.141174791380763054e-03
1.054869964718818665e-03
-3.676347061991691589e-02
-3.909721504896879196e-03
5.366058554500341415e-03
4.590177163481712341e-02
9.552966058254241943e-02
-1.855068467557430267e-02
2.228328399360179901e-02
1.170632662251591682e-03
-7.195777446031570435e-02
-1.118204928934574127e-02
-2.540941059123724699e-04
1.132265012711286545e-02
-9.967036545276641846e-03
-3.179745003581047058e-02
4.662811383605003357e-02
-1.027608476579189301e-02
-3.932494670152664185e-02
-2.012430923059582710e-03
-2.608575113117694855e-02
1.585945487022399902e-02
-1.976799592375755310e-02
-6.205315236002206802e-03
2.376461960375308990e-02
-1.319019496440887451e-02
-7.694246713072061539e-03
-3.282865881919860840e-02
1.627952978014945984e-02
-3.842625766992568970e-02
-4.388974048197269440e-03
9.089225903153419495e-03
4.830168187618255615e-02
1.739494130015373230e-02
-3.024590760469436646e-02
5.721756257116794586e-03
-7.386754732578992844e-03
-5.088443681597709656e-02
-1.591254025697708130e-02
-1.347138639539480209e-02
-2.611117996275424957e-02
-1.036868523806333542e-02
-3.543346002697944641e-02
-1.848782267188653350e-05
6.071435287594795227e-03
-2.168024331331253052e-02
-4.046719521284103394e-02
-1.290785707533359528e-02
-4.643560945987701416e-02
-5.763543397188186646e-02
-3.710481896996498108e-02
4.850190505385398865e-02
-3.259119018912315369e-02
-9.976790286600589752e-03
1.003310978412628174e-01
8.164811879396438599e-03
1.090205181390047073e-02
2.539596334099769592e-02
-8.449533581733703613e-02
-7.876742631196975708e-02
1.006545275449752808e-01
-1.535920705646276474e-02
-8.530796319246292114e-02
-6.215357407927513123e-02
5.980139970779418945e-02
-4.662232473492622375e-02
2.749779261648654938e-03
-4.538134485483169556e-02
-1.668786280788481236e-03
3.588505834341049194e-02
7.526344154030084610e-03
1.991860335692763329e-04
7.980446331202983856e-03
-1.502921525388956070e-02
-1.682177186012268066e-02
7.062706165015697479e-03
2.156791836023330688e-02
-3.774409368634223938e-02
6.483493838459253311e-03
7.047569844871759415e-03
1.051508169621229172e-02
1.920757815241813660e-02
7.201348198577761650e-04
6.395103991962969303e-04
4.844146221876144409e-02
1.380619592964649200e-02
-4.885467514395713806e-02
-2.293468080461025238e-02
2.077449485659599304e-02
6.085107568651437759e-03
-1.630790531635284424e-02
1.422256603837013245e-02
-9.494728874415159225e-04
1.300409436225891113e-03
1.890566572546958923e-02
8.642815053462982178e-03
-5.363554228097200394e-03
4.226682242006063461e-03
-7.357428548857569695e-04
-7.758165709674358368e-03
-9.545502252876758575e-03
-3.676491230726242065e-02
-1.337268855422735214e-02
-3.023242019116878510e-02
6.239459663629531860e-02
3.661324083805084229e-02
1.131643354892730713e-02
3.960098698735237122e-02
-2.655921503901481628e-02
3.833176195621490479e-02
6.648311857134103775e-03
-4.303096793591976166e-03
8.201880007982254028e-02
3.350398316979408264e-02
-5.190031975507736206e-02
-6.941000930964946747e-03
3.871263563632965088e-02
2.019426226615905762e-02
-2.148013375699520111e-02
9.120122529566287994e-03
-5.473289638757705688e-02
-5.790427792817354202e-03
8.711668662726879120e-03
-6.533673405647277832e-02
-4.952495917677879333e-02
2.605465054512023926e-02
1.006827782839536667e-02
-3.923835605382919312e-02
6.567877717316150665e-03
-1.442288514226675034e-02
-3.186218068003654480e-02
-1.238518580794334412e-02
-1.251405628863722086e-04
-3.072617016732692719e-02
7.002115016803145409e-04
-7.930989377200603485e-03
-1.886584982275962830e-02
-5.418233573436737061e-03
-3.911169245839118958e-03
1.818166673183441162e-02
1.766636595129966736e-02
-6.374032702296972275e-03
-2.004989422857761383e-02
4.408120363950729370e-02
2.744173258543014526e-02
-3.925275057554244995e-02
-1.764000952243804932e-02
4.257893189787864685e-03
1.383733097463846207e-02
-2.854755520820617676e-02
1.353087741881608963e-02
6.388747598975896835e-03
-3.697550296783447266e-02
1.355161704123020172e-02
5.346099380403757095e-03
-3.530507441610097885e-03
-3.521135821938514709e-02
2.492503635585308075e-02
3.594580665230751038e-02
-4.532194882631301880e-02
-2.706487290561199188e-02
5.275997146964073181e-02
-1.977113820612430573e-02
-7.150201499462127686e-02
-4.474018141627311707e-02
4.022622108459472656e-02
-2.552510239183902740e-02
-4.219504538923501968e-03
6.706274300813674927e-02
8.796719834208488464e-03
-1.623789966106414795e-02
2.374712191522121429e-02
2.054547145962715149e-02
-2.030899934470653534e-02
2.581835724413394928e-02
-3.058964759111404419e-02
-1.078731268644332886e-01
3.928766120225191116e-03
6.690680980682373047e-02
-1.905155740678310394e-02
-4.243112727999687195e-02
-5.473820958286523819e-03
6.523820571601390839e-03
-3.621527180075645447e-02
3.347720205783843994e-02
5.021860823035240173e-02
-5.144260823726654053e-02
-1.405441761016845703e-02
3.827343881130218506e-02
-3.922162204980850220e-02
-3.442916274070739746e-02
2.162735536694526672e-02
-3.324158117175102234e-02
-2.459177002310752869e-02
-3.899535909295082092e-02
-7.996201515197753906e-03
-1.323277503252029419e-02
-9.630824439227581024e-03
-1.677477173507213593e-02
-1.703369989991188049e-02
2.763558365404605865e-02
-3.810605034232139587e-02
-3.327930346131324768e-02
6.148788705468177795e-02
-7.532108575105667114e-03
-1.898812688887119293e-02
-9.051811881363391876e-03
1.151623297482728958e-02
6.367755588144063950e-03
-3.235077112913131714e-02
8.653870970010757446e-02
-4.512017220258712769e-02
-5.292489007115364075e-02
5.376809835433959961e-02
9.854946285486221313e-03
-4.176464676856994629e-02
1.329029724001884460e-02
4.580252245068550110e-02
-1.289216894656419754e-02
-3.011759743094444275e-02
2.724053524434566498e-02
1.188481692224740982e-02
-2.197753824293613434e-02
1.379395462572574615e-02
3.763253241777420044e-02
3.967938199639320374e-02
-2.831944637000560760e-02
-3.344842791557312012e-02
2.191078104078769684e-02
-1.273916848003864288e-02
-4.682784527540206909e-02
3.226393833756446838e-02
7.402670383453369141e-02
2.596587128937244415e-02
-2.045113034546375275e-02
-2.690041437745094299e-02
9.832951240241527557e-03
8.398341014981269836e-03
-2.141090668737888336e-02
-4.966492205858230591e-02
3.348052874207496643e-02
1.705001480877399445e-02
-5.149714276194572449e-02
-6.129452493041753769e-03
-3.090013982728123665e-03
-3.604467213153839111e-02
1.877533085644245148e-02
6.026601418852806091e-03
2.858421579003334045e-02
-1.378968451172113419e-02
-1.702961698174476624e-02
-1.060189399868249893e-02
-9.970732964575290680e-03
-1.828686147928237915e-02
-2.981867268681526184e-02
-1.935451477766036987e-02
-4.543160647153854370e-02
-4.790364578366279602e-02
1.509424950927495956e-02
-2.379753068089485168e-02
-1.270895171910524368e-02
6.723709870129823685e-03
2.529750391840934753e-02
4.714268445968627930e-02
-4.871999099850654602e-02
-4.139626771211624146e-02
1.012287451885640621e-03
1.044302829541265965e-03
1.251258607953786850e-02
-1.090669538825750351e-02
-8.580666035413742065e-03
6.490557454526424408e-03
3.340995311737060547e-02
1.425810623914003372e-03
-2.314564585685729980e-02
-3.391448408365249634e-02
3.430706635117530823e-02
3.392006037756800652e-04
-5.015794187784194946e-03
2.044461295008659363e-02
1.864098128862679005e-03
-1.747754216194152832e-02
-4.785817861557006836e-02
-1.307056564837694168e-02
-1.565878838300704956e-02
-3.907474130392074585e-02
-1.216446422040462494e-02
1.247274922206997871e-03
1.597790233790874481e-02
1.016642432659864426e-02
2.517010830342769623e-02
7.095848768949508667e-02
8.198435604572296143e-02
3.621586412191390991e-02
-1.312381960451602936e-02
6.087025627493858337e-02
2.225896529853343964e-02
-7.368007302284240723e-02
-2.730594389140605927e-02
-8.924452587962150574e-03
-1.564037986099720001e-02
-1.943520829081535339e-02
-3.338072821497917175e-02
4.361791070550680161e-03
5.601674318313598633e-03
-1.687069982290267944e-02
3.337436541914939880e-02
2.595662511885166168e-02
1.298882346600294113e-02
-4.598485305905342102e-02
-5.802145972847938538e-02
-2.522669360041618347e-02
1.426969841122627258e-02
-3.612092137336730957e-02
-3.569760173559188843e-02
1.372778043150901794e-02
-3.473058110103011131e-03
4.112443700432777405e-02
-8.139312267303466797e-03
9.644525125622749329e-03
1.485487353056669235e-02
1.634363550692796707e-03
1.056422945111989975e-02
-1.544186845421791077e-02
2.375471219420433044e-02
2.719724737107753754e-02
-1.635828800499439240e-02
-1.106799230910837650e-03
1.026848610490560532e-02
-2.330798469483852386e-02
-2.812028490006923676e-02
-1.271212752908468246e-02
-2.307335147634148598e-03
-3.401483176276087761e-03
-1.358488388359546661e-02
1.681319996714591980e-02
-1.684106327593326569e-02
7.491843309253454208e-03
1.566259190440177917e-02
2.048789756372570992e-03
4.744479898363351822e-03
1.298849284648895264e-02
4.256131593137979507e-03
-1.645358651876449585e-02
-4.561718925833702087e-02
5.212419480085372925e-02
-4.590442869812250137e-03
-5.725884065032005310e-02
2.387927472591400146e-02
6.879527866840362549e-02
2.635640837252140045e-02
-3.308489546179771423e-02
-4.313594195991754532e-03
6.092758476734161377e-02
2.790812961757183075e-02
7.261271588504314423e-03
-2.429041266441345215e-02
5.893600638955831528e-03
3.945536166429519653e-02
2.473495528101921082e-02
2.504307590425014496e-02
-2.198162674903869629e-02
-2.499835798516869545e-03
-3.355331346392631531e-02
-2.094279276207089424e-03
-1.485462673008441925e-02
-9.684211574494838715e-03
-1.924002729356288910e-02
-7.953435182571411133e-03
2.652672678232192993e-02
3.126841783523559570e-02
1.277839951217174530e-02
3.971777483820915222e-02
-8.720280020497739315e-04
8.640987798571586609e-03
1.345492992550134659e-02
-2.871723659336566925e-02
-1.954781077802181244e-02
-5.310574779286980629e-04
6.203378085047006607e-03
8.583655580878257751e-03
-6.157144904136657715e-03
-2.553837187588214874e-02
-2.261729352176189423e-02
-4.272439330816268921e-02
-3.727892413735389709e-02
-9.278827346861362457e-03
-1.590542669873684645e-04
-1.876495964825153351e-02
-1.712195202708244324e-02
3.422417864203453064e-02
-4.607676062732934952e-03
-3.640516195446252823e-03
2.356908284127712250e-02
1.957821100950241089e-02
1.765173487365245819e-02
-2.205617725849151611e-02
-3.104017861187458038e-02
5.187962949275970459e-02
-2.650669589638710022e-02
-7.828922825865447521e-04
3.964381758123636246e-03
-2.271944843232631683e-02
-2.270178124308586121e-02
-3.051566658541560173e-03
-4.024865105748176575e-02
-2.855315431952476501e-02
-4.029600322246551514e-02
2.162570366635918617e-03
1.923319417983293533e-03
1.297216769307851791e-02
-2.190815657377243042e-02
-2.803254500031471252e-02
-4.303486086428165436e-03
1.917557674460113049e-03
-8.283106610178947449e-03
3.810898168012499809e-03
-9.554985910654067993e-03
-3.672469034790992737e-02
-2.838969975709915161e-02
3.036624938249588013e-02
5.913515109568834305e-03
-2.141780778765678406e-02
-5.430576391518115997e-03
3.174998238682746887e-02
7.348268292844295502e-03
-1.933726668357849121e-02
1.535434834659099579e-02
3.577575460076332092e-02
1.014486607164144516e-02
8.493441855534911156e-04
-1.416155137121677399e-02
1.117078494280576706e-02
1.633608713746070862e-02
-3.592262789607048035e-02
-1.585556007921695709e-02
-6.353279575705528259e-03
-2.193239051848649979e-03
-2.617333456873893738e-02
-6.022742483764886856e-03
1.674600318074226379e-02
-5.984548013657331467e-03
-1.721317879855632782e-02
-1.617027074098587036e-02
-6.709980219602584839e-02
-6.485748570412397385e-03
-4.294455796480178833e-02
-7.031325250864028931e-02
-1.876501482911407948e-03
-2.448287978768348694e-02
-3.237524628639221191e-02
-6.899098400026559830e-03
-4.820129834115505219e-03
3.075127606280148029e-04
-1.905444264411926270e-02
-5.404254049062728882e-02
-1.609073020517826080e-02
-1.950688660144805908e-02
-3.760445490479469299e-02
-2.538938261568546295e-02
1.115988940000534058e-02
-1.299974392168223858e-03
3.442259877920150757e-02
5.296177230775356293e-03
-1.560944318771362305e-02
3.371474891901016235e-02
-8.545097894966602325e-03
2.062081918120384216e-02
1.143333502113819122e-02
-3.450931236147880554e-02
-3.618288785219192505e-02
-1.441502105444669724e-02
-5.203154287301003933e-04
-5.269355140626430511e-03
-1.625558361411094666e-02
-2.547135949134826660e-02
-1.940811052918434143e-02
7.790888193994760513e-03
-6.170411594212055206e-03
-2.384833991527557373e-02
-2.923889644443988800e-02
-1.788557134568691254e-02
-3.627336770296096802e-02
4.376554396003484726e-03
-3.076791390776634216e-02
-4.651659727096557617e-02
1.664731279015541077e-02
-1.944373548030853271e-02
-2.111313119530677795e-02
-6.053629796952009201e-03
-1.150599401444196701e-02
-1.191988587379455566e-02
2.238261699676513672e-02
3.085909225046634674e-02
-1.990202069282531738e-02
2.288394793868064880e-02
1.133224926888942719e-02
6.029426120221614838e-03
-1.836844719946384430e-02
-4.497114196419715881e-02
-8.465969935059547424e-03
-2.277482859790325165e-02
-4.043447971343994141e-02
-4.178668931126594543e-02
-8.426086045801639557e-03
-6.209817714989185333e-03
-4.524135217070579529e-02
2.972697652876377106e-02
-6.137228105217218399e-03
-9.271874092519283295e-03
-1.499924343079328537e-02
6.850696809124201536e-05
2.974654175341129303e-02
-4.715865105390548706e-02
-3.461943939328193665e-02
-1.629371568560600281e-02
7.309040427207946777e-02
8.850662410259246826e-02
-1.897645927965641022e-02
1.664730161428451538e-02
1.532022934406995773e-02
8.137516677379608154e-03
-5.436439532786607742e-03
3.767582029104232788e-02
5.426970869302749634e-02
2.507340908050537109e-02
1.758961379528045654e-02
-2.124939113855361938e-02
1.589810289442539215e-02
3.823462501168251038e-02
-3.711845353245735168e-02
-9.094774723052978516e-03
2.331344410777091980e-02
-2.909098938107490540e-02
7.354392856359481812e-02
7.645215839147567749e-02
1.526551600545644760e-02
-9.422636940144002438e-04
3.904728963971138000e-02
-1.359934825450181961e-02
-5.576099082827568054e-02
-3.073019348084926605e-02
-2.049448154866695404e-02
7.379580289125442505e-02
2.827275358140468597e-02
-2.943921135738492012e-03
-3.316078707575798035e-02
-3.043327853083610535e-02
9.772121906280517578e-03
-1.901914551854133606e-02
-4.528097808361053467e-02
2.175345830619335175e-02
-2.302130125463008881e-02
6.630273908376693726e-02
4.001498222351074219e-02
-6.449247151613235474e-02
5.463166534900665283e-02
-8.460620418190956116e-03
-1.739912480115890503e-02
4.062117543071508408e-03
-4.982374235987663269e-02
1.424976438283920288e-02
6.025481596589088440e-02
-2.968766493722796440e-03
-2.276670746505260468e-02
-2.746315114200115204e-02
-5.220653116703033447e-02
-8.075491525232791901e-03
3.744846582412719727e-02
-1.736856251955032349e-02
2.594959363341331482e-02
-1.059241034090518951e-02
-4.074692726135253906e-02
-8.623083122074604034e-03
-4.346505273133516312e-03
-2.470800839364528656e-02
-4.910386353731155396e-02
2.084279003611300141e-05
-3.535303100943565369e-02
-4.283491987735033035e-03
-1.529016718268394470e-02
7.545977714471518993e-04
-3.740031272172927856e-02
-3.392407298088073730e-02
-4.359322600066661835e-03
-2.041715383529663086e-02
-2.248217165470123291e-02
4.533940926194190979e-02
6.138014793395996094e-02
-1.299873180687427521e-02
-4.420603439211845398e-02
1.517000421881675720e-02
1.033142581582069397e-02
-8.080586791038513184e-02
-5.916705727577209473e-02
-3.610149025917053223e-03
-4.991982877254486084e-02
2.025114931166172028e-02
5.882149934768676758e-02
-3.806385025382041931e-02
5.239666439592838287e-03
4.164472967386245728e-02
-3.916601836681365967e-02
7.366210338659584522e-04
4.782531410455703735e-02
-3.899592161178588867e-02
-2.623543515801429749e-02
-2.545974031090736389e-02
-2.577605843544006348e-02
1.585019379854202271e-02
-2.744411677122116089e-02
-6.854004226624965668e-03
4.772651009261608124e-03
-2.377491816878318787e-02
-1.704479381442070007e-02
-3.742173314094543457e-02
-3.575992584228515625e-02
4.708564653992652893e-02
-9.394648484885692596e-03
-1.469018496572971344e-02
4.295349121093750000e-02
-2.126045897603034973e-02
3.225661441683769226e-02
2.945169620215892792e-02
-8.824599906802177429e-03
-1.230964902788400650e-03
-1.441095676273107529e-02
-2.923478744924068451e-02
-6.991943810135126114e-03
-1.564677432179450989e-02
-8.208275586366653442e-02
-4.010829702019691467e-02
-3.179021179676055908e-03
8.165555447340011597e-02
4.799494147300720215e-02
-1.131510362029075623e-01
-6.135579571127891541e-02
-3.779979050159454346e-02
-9.629513323307037354e-02
-5.595223605632781982e-02
-8.660641498863697052e-03
-7.249853014945983887e-02
2.082375250756740570e-02
1.285319402813911438e-02
-3.686782717704772949e-02
4.160927981138229370e-02
2.768834494054317474e-02
-2.605678886175155640e-02
-7.950640283524990082e-03
7.988180965185165405e-03
-1.808540336787700653e-02
3.078729473054409027e-02
-2.483646199107170105e-02
-3.552724048495292664e-02
1.612011529505252838e-02
-7.003677637840155512e-06
-2.728358656167984009e-02
-7.936737500131130219e-03
-8.185589686036109924e-03
2.158728893846273422e-03
-2.845294401049613953e-02
1.240214623976498842e-04
7.459408789873123169e-02
-1.063429471105337143e-02
9.879238903522491455e-03
3.166179731488227844e-02
-3.456967696547508240e-02
5.149881169199943542e-02
1.956442371010780334e-02
1.858203613664954901e-04
2.143707126379013062e-02
-1.497432775795459747e-02
-1.112349145114421844e-02
5.181892588734626770e-02
1.416169013828039169e-02
1.832592673599720001e-02
8.261056989431381226e-02
2.011253312230110168e-02
9.533005766570568085e-03
3.186154738068580627e-02
-3.114175237715244293e-02
-3.193650627508759499e-03
7.036584895104169846e-03
7.454268634319305420e-03
3.252469003200531006e-02
-1.490785926580429077e-02
-2.636528573930263519e-02
-2.975191548466682434e-02
-6.603124737739562988e-02
1.373249571770429611e-02
-4.723665863275527954e-02
-8.311607688665390015e-02
2.811241522431373596e-02
-2.952704764902591705e-02
-2.093570120632648468e-02
8.686474710702896118e-02
-2.265559509396553040e-02
-2.987783588469028473e-02
-2.560224616900086403e-03
-4.100434854626655579e-02
-3.036401979625225067e-02
7.503444212488830090e-04
-1.326981652528047562e-02
-5.367711186408996582e-03
3.083412721753120422e-02
2.992219477891921997e-02
-3.937145229429006577e-03
1.850175671279430389e-02
-4.055641219019889832e-02
6.209214683622121811e-03
2.858326956629753113e-02
-4.094338044524192810e-02
4.829164966940879822e-02
-1.242350600659847260e-02
-1.014350261539220810e-02
-1.681452617049217224e-02
-4.170850664377212524e-02
3.874343633651733398e-02
-9.341521188616752625e-03
-3.340038657188415527e-02
6.225582677870988846e-03
-2.794504724442958832e-02
2.743917703628540039e-02
2.070265822112560272e-02
1.315637677907943726e-02
-3.614453598856925964e-04
-9.996271692216396332e-03
-2.440783195197582245e-02
9.533086791634559631e-03
3.079496882855892181e-02
1.197036448866128922e-02
4.838778451085090637e-02
5.852126982063055038e-03
-9.932517074048519135e-03
-2.212016470730304718e-02
1.595293730497360229e-02
2.168036811053752899e-02
-3.855044022202491760e-02
-2.613770961761474609e-02
5.161603167653083801e-02
-1.920912228524684906e-02
-3.449791297316551208e-02
-1.325258333235979080e-02
1.027979888021945953e-02
7.095384877175092697e-03
1.369150727987289429e-02
3.225534409284591675e-02
5.191415548324584961e-02
3.314251452684402466e-02
1.437507290393114090e-02
-3.729690611362457275e-02
-5.413750652223825455e-03
7.095029950141906738e-02
-5.355631932616233826e-02
-1.978389918804168701e-02
6.806026399135589600e-02
-6.980788707733154297e-02
7.097801193594932556e-03
4.886993020772933960e-02
-5.752956494688987732e-02
-2.124586142599582672e-02
-3.717735875397920609e-03
-4.618573002517223358e-03
-1.811375468969345093e-02
3.721286356449127197e-02
2.370996773242950439e-02
-4.077724739909172058e-02
-2.647357294335961342e-03
-3.213462978601455688e-02
1.148827373981475830e-02
-2.406631596386432648e-02
-9.077506256289780140e-04
1.253786729648709297e-03
-4.901013895869255066e-02
1.296184863895177841e-02
-1.191149465739727020e-02
-9.507048875093460083e-02
-1.286395452916622162e-02
4.559896886348724365e-02
-1.431106775999069214e-02
-1.104600634425878525e-02
1.864405348896980286e-02
-3.406518325209617615e-02
-5.549799185246229172e-03
-3.160488605499267578e-02
-6.116690486669540405e-02
-2.144705876708030701e-02
5.261058360338211060e-02
8.571698516607284546e-02
-2.073196694254875183e-02
2.518323436379432678e-02
1.534814387559890747e-02
-4.010924324393272400e-02
-4.339037835597991943e-02
-9.214666485786437988e-02
3.217004612088203430e-02
-2.560937963426113129e-02
-1.810056343674659729e-02
-2.162444964051246643e-02
-3.758103772997856140e-02
-2.153985574841499329e-02
-1.266255509108304977e-02
-2.885718457400798798e-02
5.370125640183687210e-03
-2.281839586794376373e-02
4.286392405629158020e-02
-2.752064168453216553e-02
-1.258197799324989319e-02
5.928255151957273483e-03
2.368469722568988800e-02
1.575672253966331482e-02
-6.285130977630615234e-02
1.978636346757411957e-02
8.158545941114425659e-02
8.631967939436435699e-03
-5.257792770862579346e-02
2.200472867116332054e-03
1.449011266231536865e-02
1.413602940738201141e-02
-3.787394240498542786e-02
1.677634753286838531e-02
3.446839749813079834e-02
1.046847924590110779e-02
-1.163976453244686127e-02
3.359560668468475342e-02
-4.712083563208580017e-02
2.425943873822689056e-02
9.624627977609634399e-02
1.022031437605619431e-02
-7.188658695667982101e-03
4.967636242508888245e-02
1.013494376093149185e-02
-3.331399708986282349e-02
-4.144974052906036377e-03
-1.633590902201831341e-03
-1.288371719419956207e-02
4.927708581089973450e-02
-1.727531291544437408e-02
2.659962326288223267e-02
7.841806113719940186e-02
1.771645434200763702e-02
-3.656276687979698181e-02
-5.534863471984863281e-02
7.929511368274688721e-03
-2.840700931847095490e-02
-2.494528330862522125e-02
-9.047389030456542969e-03
-3.220651298761367798e-02
-3.309012949466705322e-02
3.835589811205863953e-02
4.153211787343025208e-02
-1.709551550447940826e-02
-7.469894364476203918e-03
-7.795541081577539444e-03
-1.335798203945159912e-02
3.137403726577758789e-02
-4.345208406448364258e-03
-2.426357939839363098e-02
2.024911809712648392e-03
8.564942330121994019e-02
-2.156382799148559570e-02
-2.465817704796791077e-02
5.376323312520980835e-02
-2.278785593807697296e-02
-6.699797231703996658e-03
4.675369244068861008e-03
-8.040253072977066040e-02
3.518293052911758423e-02
-1.655511930584907532e-02
2.948231529444456100e-03
2.016524039208889008e-02
-4.277158528566360474e-02
-1.103764306753873825e-02
-2.146543748676776886e-02
-1.496345363557338715e-02
5.758759379386901855e-02
-2.795174159109592438e-02
-3.402633965015411377e-02
4.093798808753490448e-03
-3.984028100967407227e-02
1.448895968496799469e-02
1.932196505367755890e-02
5.089198797941207886e-02
2.396656945347785950e-02
-2.519258856773376465e-02
1.727143302559852600e-03
-2.829945832490921021e-02
-2.516395598649978638e-02
-2.694022096693515778e-02
-2.510071732103824615e-03
-3.118712455034255981e-02
2.168423868715763092e-02
7.084369193762540817e-03
2.528275363147258759e-03
3.804465755820274353e-02
-2.737545594573020935e-02
-2.281072922050952911e-02
7.881887257099151611e-02
-2.190110273659229279e-02
-5.620489269495010376e-02
5.787626653909683228e-02
-2.210781536996364594e-02
-6.497232615947723389e-02
4.636659100651741028e-02
2.050501853227615356e-02
3.159415721893310547e-02
4.359779879450798035e-03
6.931609823368489742e-04
4.803722351789474487e-02
-2.774217352271080017e-02
-5.819826852530241013e-03
-1.136713009327650070e-02
4.373048990964889526e-02
-8.971256203949451447e-03
1.910466328263282776e-02
-1.734755747020244598e-02
1.129983086138963699e-02
2.575715817511081696e-02
-1.212019771337509155e-01
-1.815326884388923645e-02
-9.746296331286430359e-03
-8.367136865854263306e-02
-7.738059014081954956e-02
1.516619604080915451e-02
-2.339767105877399445e-02
1.420532818883657455e-02
7.072807103395462036e-02
-2.276022918522357941e-02
-3.332283720374107361e-02
5.505852401256561279e-02
-2.280979789793491364e-02
-8.625920861959457397e-02
1.105136796832084656e-02
-2.687003463506698608e-02
-2.908231923356652260e-03
1.265359073877334595e-01
4.643943533301353455e-02
-2.987099066376686096e-02
-2.304217591881752014e-02
-2.460306696593761444e-02
1.951603963971138000e-02
-1.300606224685907364e-02
1.092303730547428131e-02
7.075177971273660660e-03
-1.492568850517272949e-02
-3.257498145103454590e-02
5.113200470805168152e-02
1.024819836020469666e-01
-2.897073049098253250e-03
3.977227490395307541e-03
1.026146858930587769e-02
-3.811198472976684570e-02
-3.662918135523796082e-02
5.822211131453514099e-02
-5.377999320626258850e-02
-2.176326513290405273e-02
1.381352823227643967e-02
3.975136578083038330e-02
-6.395377963781356812e-02
-3.881130367517471313e-02
-3.801786899566650391e-02
4.713759757578372955e-03
-4.649417474865913391e-03
5.219798535108566284e-02
2.218081057071685791e-02
-3.455291688442230225e-02
-1.687623001635074615e-02
6.205929815769195557e-02
1.051657926291227341e-02
3.350727260112762451e-02
6.784836947917938232e-02
-3.320856764912605286e-02
-3.532829694449901581e-03
-5.983055382966995239e-02
-2.773947082459926605e-02
8.999494835734367371e-03
-5.834176018834114075e-02
4.613389447331428528e-02
-5.061806645244359970e-03
-8.092775195837020874e-02
3.623198345303535461e-02
-1.458243746310472488e-02
2.557637868449091911e-03
4.465439543128013611e-02
4.428769927471876144e-03
-1.686057634651660919e-02
-5.365545512177050114e-04
6.736188195645809174e-03
-2.959740534424781799e-02
-2.731533953920006752e-03
-6.166091933846473694e-02
9.364715777337551117e-03
8.954945206642150879e-02
2.367147058248519897e-02
-2.363252639770507812e-02
-8.241433650255203247e-03
-1.742804236710071564e-02
-4.062122851610183716e-02
3.676962852478027344e-02
-2.452281303703784943e-02
-2.463794499635696411e-02
1.448974013328552246e-02
5.974311009049415588e-02
-5.606582853943109512e-03
-4.584111273288726807e-02
8.679860085248947144e-02
-3.912547975778579712e-02
-4.598340019583702087e-02
-3.243022412061691284e-02
-1.611301861703395844e-02
-3.482538834214210510e-02
-1.715374994091689587e-03
-5.634813103824853897e-03
4.326291754841804504e-02
1.250567380338907242e-02
8.644477464258670807e-03
3.812300041317939758e-02
3.091454505920410156e-02
-7.283041719347238541e-03
-4.261782392859458923e-03
1.597375725395977497e-03
-3.797527402639389038e-02
-4.897620994597673416e-03
-6.167141348123550415e-02
2.007759362459182739e-02
-3.209944814443588257e-02
2.346570231020450592e-02
5.597555264830589294e-02
-8.086279779672622681e-02
4.273875057697296143e-02
5.004734545946121216e-02
-4.252844303846359253e-02
1.165856420993804932e-02
2.275959774851799011e-02
-8.896342664957046509e-02
-7.669081538915634155e-02
-6.756391376256942749e-02
-4.080179706215858459e-02
-1.532812044024467468e-02
5.017033964395523071e-02
5.420663207769393921e-02
-1.931149885058403015e-02
7.739315740764141083e-03
3.945968300104141235e-02
-2.076843939721584320e-02
-1.729791983962059021e-02
3.173786029219627380e-02
2.189283631742000580e-02
3.616169840097427368e-02
-6.295627355575561523e-02
2.296898514032363892e-02
3.240247815847396851e-02
-7.770776003599166870e-02
-5.400525871664285660e-03
5.435922183096408844e-03
-4.404032602906227112e-02
-2.730287052690982819e-02
4.625557735562324524e-02
1.288739684969186783e-02
3.418111056089401245e-02
-3.054046770557761192e-03
-9.492962621152400970e-03
2.775511704385280609e-02
-1.764950715005397797e-02
-5.254099890589714050e-02
4.944723471999168396e-02
7.598596066236495972e-02
3.632417693734169006e-02
-8.397981524467468262e-03
3.546633198857307434e-02
-3.772619366645812988e-02
-3.526458283886313438e-03
-3.781453147530555725e-02
-2.654938399791717529e-02
-6.706071645021438599e-02
3.791670128703117371e-02
-7.784170564264059067e-03
-4.394839704036712646e-02
3.067067824304103851e-02
-9.819605201482772827e-02
-4.091114737093448639e-03
5.298009887337684631e-02
-6.870655715465545654e-02
-5.953257530927658081e-02
-4.210664331912994385e-02
2.545769326388835907e-02
-6.101161986589431763e-02
-7.782290875911712646e-02
7.932341098785400391e-02
-3.288192674517631531e-02
-6.100176647305488586e-02
1.662454917095601559e-03
-6.156181916594505310e-02
-1.524916850030422211e-02
9.229589253664016724e-03
1.127260457724332809e-02
-1.459631044417619705e-02
-4.110500961542129517e-02
3.306125849485397339e-02
5.645937472581863403e-02
-7.276800461113452911e-03
3.904641047120094299e-02
3.454412519931793213e-02
2.489776909351348877e-02
9.453837759792804718e-03
-9.107158519327640533e-03
2.129487134516239166e-02
-2.751432731747627258e-02
-3.795742988586425781e-02
-2.317556552588939667e-02
1.488417573273181915e-02
2.064191177487373352e-02
3.561684489250183105e-02
4.545219615101814270e-02
-4.177053415332920849e-05
-3.659112378954887390e-02
7.557447999715805054e-03
1.642599515616893768e-02
2.617548452690243721e-03
1.117037842050194740e-03
8.353487588465213776e-03
2.845484949648380280e-02
-1.281379908323287964e-02
-3.288564458489418030e-02
5.831281188875436783e-03
2.574115246534347534e-02
1.414503529667854309e-02
3.494348004460334778e-02
-1.206426043063402176e-02
1.974486745893955231e-02
4.299632459878921509e-02
-4.123925045132637024e-02
3.725556284189224243e-02
2.140712738037109375e-02
-6.377013027667999268e-02
-2.853898145258426666e-02
-5.982084944844245911e-02
4.227430094033479691e-03
2.736846730113029480e-02
-2.135846391320228577e-02
-5.597713217139244080e-02
-6.395050324499607086e-03
-4.254941642284393311e-02
-8.412234485149383545e-02
-5.942346528172492981e-02
-1.063710451126098633e-01
9.154571220278739929e-03
2.669992297887802124e-02
-4.926085472106933594e-02
2.569456584751605988e-02
7.389292120933532715e-02
-2.358646318316459656e-02
-4.566358029842376709e-02
3.488980699330568314e-03
-4.245125129818916321e-02
-2.211929298937320709e-02
-4.056389629840850830e-02
3.267270699143409729e-02
4.668353870511054993e-02
-4.091510176658630371e-02
-9.575766324996948242e-02
3.602836281061172485e-02
5.740835890173912048e-02
9.089590981602668762e-03
-2.917415276169776917e-02
1.951800845563411713e-02
-3.550620004534721375e-02
-2.470934763550758362e-02
6.191737018525600433e-03
-3.632155433297157288e-02
-3.617735952138900757e-02
-2.417524904012680054e-02
-4.008144512772560120e-02
1.898779347538948059e-02
1.039129449054598808e-03
1.055096834897994995e-02
-2.237209677696228027e-02
5.327623221091926098e-04
5.528736487030982971e-02
-4.215873777866363525e-02
-8.194657415151596069e-02
-6.463669985532760620e-02
1.533668255433440208e-04
-2.721513388678431511e-03
-2.434150502085685730e-02
-9.920998476445674896e-03
9.021251462399959564e-03
-4.262350499629974365e-02
2.015657536685466766e-02
4.392397403717041016e-02
-7.972814142704010010e-03
5.904045328497886658e-02
1.985082961618900299e-02
-4.249048978090286255e-02
9.671375155448913574e-03
-7.379176677204668522e-04
-1.605029031634330750e-02
8.116791024804115295e-03
8.550189435482025146e-03
7.860939018428325653e-03
-3.307946026325225830e-02
7.269030809402465820e-02
1.815141737461090088e-02
-1.175056211650371552e-02
5.238247662782669067e-02
2.342047169804573059e-02
-6.501857936382293701e-02
-2.523811534047126770e-02
-3.664040192961692810e-02
-6.716509163379669189e-02
-4.218275472521781921e-02
6.269727647304534912e-02
-1.278445869684219360e-02
4.649239778518676758e-02
1.407992653548717499e-02
-3.166212514042854309e-02
1.912957802414894104e-02
-3.813445195555686951e-02
1.155145233497023582e-03
2.180112898349761963e-02
3.917011246085166931e-02
4.463696479797363281e-02
2.743468806147575378e-02
1.267586275935173035e-02
-4.937906563282012939e-02
5.610299296677112579e-03
-6.617409642785787582e-03
9.989967569708824158e-03
8.829288184642791748e-03
4.957823827862739563e-02
1.800986193120479584e-02
-7.451038341969251633e-03
3.143313527107238770e-02
-2.171560376882553101e-02
-7.416792213916778564e-02
-4.882401600480079651e-02
6.206062156707048416e-03
-5.464386777020990849e-04
-2.424684725701808929e-02
-5.502567160874605179e-03
-2.068217284977436066e-02
-4.261877760291099548e-02
9.834980592131614685e-03
2.143482677638530731e-03
1.166511140763759613e-02
-1.124902535229921341e-02
-5.954644456505775452e-02
-5.124025419354438782e-02
-1.485597807914018631e-02
1.141369715332984924e-02
4.711453244090080261e-02
-4.459451138973236084e-02
-2.273074537515640259e-02
3.663647547364234924e-02
-1.213497575372457504e-02
-4.047014564275741577e-02
3.449851647019386292e-02
3.070584125816822052e-02
4.264879599213600159e-02
5.307779833674430847e-02
8.694165153428912163e-04
4.155291244387626648e-02
-2.816334180533885956e-02
-3.563668206334114075e-02
-5.404913425445556641e-02
-5.049287900328636169e-02
-1.851517334580421448e-02
-7.225359976291656494e-02
-2.333310246467590332e-02
3.653328493237495422e-02
3.917778283357620239e-02
4.515644907951354980e-02
6.764247547835111618e-03
9.396400302648544312e-03
-1.834643073379993439e-03
-1.669094525277614594e-02
-4.633345827460289001e-02
-3.240507468581199646e-02
-8.208049461245536804e-03
-4.920449480414390564e-02
-1.570071838796138763e-02
-3.790153935551643372e-02
5.107446340844035149e-04
1.009476464241743088e-02
-3.950266912579536438e-02
-5.129301548004150391e-02
-2.471255324780941010e-02
-2.594285830855369568e-02
-3.929583728313446045e-02
-5.374382063746452332e-02
-1.079603470861911774e-02
-1.689817197620868683e-02
-2.091870084404945374e-02
7.869416847825050354e-03
-2.313155913725495338e-03
1.439130492508411407e-02
1.828577183187007904e-02
1.749036135151982307e-03
4.253458604216575623e-02
-8.149271830916404724e-03
1.323684491217136383e-02
3.992264717817306519e-02
-8.710923604667186737e-03
-1.420950610190629959e-02
-4.086179658770561218e-02
-2.584176696836948395e-02
-4.407089948654174805e-02
-4.833429679274559021e-02
1.673706062138080597e-02
-7.904186844825744629e-03
-4.092651233077049255e-02
-1.656029373407363892e-02
-3.748266771435737610e-02
-1.203852985054254532e-02
3.912396356463432312e-02
1.161109376698732376e-02
4.318101704120635986e-02
3.217111527919769287e-02
5.515011399984359741e-02
5.820695310831069946e-02
2.288378030061721802e-02
-2.864283509552478790e-02
5.479609593749046326e-03
1.033803541213274002e-02
-1.102431342005729675e-01
-7.530547678470611572e-02
-5.258366093039512634e-02
1.288976636715233326e-04
1.756783574819564819e-02
-4.657838866114616394e-02
5.214536562561988831e-03
-4.915587138384580612e-03
-7.028603460639715195e-03
2.916528843343257904e-02
1.641080714762210846e-02
2.552527748048305511e-02
-1.123495493084192276e-02
-1.311264932155609131e-02
4.937878623604774475e-02
-9.993235580623149872e-03
9.372481144964694977e-03
1.876167021691799164e-02
-3.391173109412193298e-02
-2.081907726824283600e-02
4.760263487696647644e-03
-1.991626434028148651e-02
-3.863429278135299683e-02
5.393375083804130554e-02
5.416971072554588318e-02
4.327573254704475403e-02
-4.166598618030548096e-02
-3.213300183415412903e-02
-3.743742033839225769e-02
1.212274096906185150e-02
-3.874955326318740845e-02
-4.683522135019302368e-02
2.087305672466754913e-02
-2.999010123312473297e-02
3.970006480813026428e-03
-1.122012548148632050e-02
-9.764696471393108368e-03
-1.248027570545673370e-02
3.379362449049949646e-02
7.812332827597856522e-03
-1.523052342236042023e-02
1.545387320220470428e-02
3.869885206222534180e-02
2.918061055243015289e-02
3.448186907917261124e-03
-2.852135896682739258e-02
-2.470180392265319824e-02
9.797733277082443237e-03
-2.880640700459480286e-02
-5.027468129992485046e-02
2.930457517504692078e-02
-3.677100315690040588e-02
-7.925307750701904297e-02
-1.903265342116355896e-02
2.800836414098739624e-02
1.511703431606292725e-02
1.288602408021688461e-02
-5.466782301664352417e-02
-3.293434157967567444e-02
3.964010998606681824e-02
2.696041949093341827e-02
-5.309625715017318726e-02
-2.553782798349857330e-02
3.634264320135116577e-02
-1.028601359575986862e-02
1.971732079982757568e-02
4.809579998254776001e-02
7.386272307485342026e-03
8.858281653374433517e-04
1.669541373848915100e-02
-1.343088503926992416e-02
-4.610445350408554077e-02
-6.842486560344696045e-02
-4.252919182181358337e-02
-1.601419225335121155e-02
-2.225578948855400085e-02
-1.861281879246234894e-02
4.561054054647684097e-03
-1.469004247337579727e-02
-1.131704356521368027e-02
3.631960600614547729e-02
2.607330866158008575e-02
1.823019795119762421e-02
-4.195721074938774109e-02
4.113095998764038086e-02
4.746355488896369934e-02
-1.934160292148590088e-02
3.451523929834365845e-02
1.096067717298865318e-04
2.124537713825702667e-02
3.894280642271041870e-03
-1.609282009303569794e-02
-5.489474162459373474e-03
1.586611568927764893e-02
-2.066569589078426361e-02
4.864594433456659317e-03
2.931459806859493256e-02
-3.818297991529107094e-03
9.097064845263957977e-03
5.752666387706995010e-03
-7.930099964141845703e-03
-2.152734622359275818e-02
-8.440880104899406433e-03
-4.200348630547523499e-02
-4.734113346785306931e-03
-3.332591429352760315e-02
-1.477333344519138336e-02
4.117132630199193954e-03
4.336537793278694153e-02
3.104091808199882507e-02
3.281253203749656677e-02
2.215903811156749725e-02
-1.689879596233367920e-02
6.703758239746093750e-02
5.972807854413986206e-02
-3.056606836616992950e-02
-8.459727279841899872e-03
6.255640089511871338e-02
-1.854157261550426483e-02
2.610943093895912170e-02
-1.024895906448364258e-02
-6.960378494113683701e-03
7.090819627046585083e-02
-4.507659468799829483e-03
-2.310330793261528015e-02
-1.369010424241423607e-03
2.236030623316764832e-02
-2.782437205314636230e-02
6.857427768409252167e-03
4.524203017354011536e-02
-2.032610774040222168e-02
-6.323738954961299896e-03
5.143527686595916748e-02
-1.410074438899755478e-02
9.348914027214050293e-03
-1.288632303476333618e-02
-8.518787100911140442e-03
-5.349384620785713196e-03
-9.025887586176395416e-03
-7.298382371664047241e-02
2.989640645682811737e-02
4.511640220880508423e-02
-1.634226553142070770e-02
1.976755075156688690e-02
2.071011997759342194e-02
-2.113800495862960815e-02
3.917323797941207886e-02
-2.311459556221961975e-02
-1.108227670192718506e-02
5.692815408110618591e-02
-3.160907188430428505e-03
1.908375299535691738e-03
2.768454886972904205e-02
-6.236641638679429889e-05
-9.407211095094680786e-03
2.898302860558032990e-02
2.978905849158763885e-02
2.864282205700874329e-02
1.201193407177925110e-02
1.709667220711708069e-02
3.193988278508186340e-02
-2.147473022341728210e-02
-1.604816503822803497e-02
-2.682316349819302559e-03
-3.980889916419982910e-03
6.841349881142377853e-03
8.094846270978450775e-03
-2.054947055876255035e-02
-7.675348781049251556e-03
-1.493404433131217957e-02
-3.218782320618629456e-02
-1.666085422039031982e-02
-5.915744230151176453e-02
-5.523017421364784241e-02
-6.997042149305343628e-02
-3.432771191000938416e-02
5.477177351713180542e-02
1.162589876912534237e-03
-1.438255049288272858e-02
9.134151972830295563e-03
1.204863861203193665e-01
5.248969048261642456e-02
-2.791388891637325287e-02
-6.968456320464611053e-03
-4.053115099668502808e-02
-4.345682915300130844e-03
-1.341528724879026413e-03
-3.825472295284271240e-02
-1.028868649154901505e-02
-3.877462819218635559e-02
-1.479596272110939026e-02
3.143167495727539062e-02
6.938404589891433716e-02
3.281965106725692749e-02
-5.698046647012233734e-03
3.359275311231613159e-02
2.066669426858425140e-02
-2.084219083189964294e-02
-1.256725098937749863e-02
-6.637331563979387283e-03
-9.037209674715995789e-03
6.976401899009943008e-03
-3.855044394731521606e-02
-6.403705570846796036e-03
-9.435124695301055908e-03
-2.187012881040573120e-02
1.553272176533937454e-02
4.448569938540458679e-02
1.275456044822931290e-02
-2.357032895088195801e-02
-5.058286711573600769e-03
8.294746279716491699e-03
-1.116203144192695618e-02
3.810224682092666626e-02
2.339004352688789368e-02
3.670088574290275574e-02
2.754863351583480835e-02
4.368637222796678543e-03
4.577035456895828247e-02
-3.968779928982257843e-03
1.349675562232732773e-02
7.780539803206920624e-03
4.380919411778450012e-02
2.059771120548248291e-02
3.710759337991476059e-04
-5.273025599308311939e-04
3.616890311241149902e-02
-3.151132911443710327e-02
1.645631529390811920e-02
-1.185874338261783123e-03
-9.565126150846481323e-03
-7.658333634026348591e-04
3.571115806698799133e-02
4.153878614306449890e-02
4.860928654670715332e-02
2.857862040400505066e-02
8.352704346179962158e-03
4.334666207432746887e-02
3.612483665347099304e-02
-4.621955100446939468e-03
1.718209311366081238e-02
1.124965026974678040e-02
-8.032928220927715302e-03
6.075467914342880249e-03
1.414089463651180267e-02
-1.404770277440547943e-02
7.911103777587413788e-03
-9.452856145799160004e-03
-7.298174896277487278e-04
-3.705070354044437408e-03
2.526320749893784523e-03
1.001757197082042694e-02
2.435482107102870941e-02
3.199033811688423157e-02
-2.196877263486385345e-03
9.267892688512802124e-03
5.595413036644458771e-03
6.767333019524812698e-03
9.580426849424839020e-03
1.182224787771701813e-02
-3.517993260174989700e-03
-1.278007496148347855e-02
-3.686498105525970459e-02
1.385899353772401810e-02
1.235925126820802689e-02
-3.407905111089348793e-03
1.218430791050195694e-02
-9.409631602466106415e-03
-7.108863210305571556e-04
1.763434521853923798e-02
1.757435034960508347e-03
8.562146686017513275e-03
-2.966326475143432617e-02
-9.786997921764850616e-03
7.109538652002811432e-03
-3.812987357378005981e-02
4.060006700456142426e-03
2.409246005117893219e-02
-2.775616571307182312e-02
1.615527668036520481e-03
1.708920113742351532e-02
2.922749146819114685e-02
7.366427034139633179e-02
4.872503504157066345e-02
-1.375466398894786835e-02
4.424513131380081177e-02
3.349911794066429138e-02
-6.756757944822311401e-02
-3.690753132104873657e-02
-5.125984176993370056e-02
-1.816374994814395905e-02
2.108268672600388527e-03
-1.751664839684963226e-02
-1.059444714337587357e-02
-1.461961306631565094e-03
-7.249232847243547440e-03
-9.438111446797847748e-03
-2.422398328781127930e-02
1.211469434201717377e-02
-3.082737512886524200e-02
-1.926296204328536987e-02
-1.008597761392593384e-02
-2.901311730965971947e-03
2.112440764904022217e-02
1.235741842538118362e-02
1.593357510864734650e-02
2.607950195670127869e-02
7.813866250216960907e-03
5.030145402997732162e-03
1.915064640343189240e-02
-2.813427336513996124e-02
-4.082703497260808945e-03
5.393284559249877930e-02
2.935769408941268921e-02
-2.282174676656723022e-02
4.266504570841789246e-02
-6.834118976257741451e-04
2.620471059344708920e-04
-2.288520708680152893e-02
3.600111231207847595e-02
-1.653644139878451824e-03
-8.065848611295223236e-03
7.471055258065462112e-03
-2.267574518918991089e-02
-1.321246381849050522e-02
-2.018072083592414856e-02
1.478620897978544235e-02
2.878607064485549927e-02
1.404740381985902786e-02
3.000066243112087250e-02
3.099573962390422821e-02
1.430098898708820343e-02
-9.151086211204528809e-03
2.056802622973918915e-02
3.767293691635131836e-02
-1.786579005420207977e-02
-1.431215647608041763e-02
-3.338402509689331055e-02
-4.760512616485357285e-03
-5.717390030622482300e-02
-2.246247045695781708e-02
-4.232439212501049042e-03
-1.628225296735763550e-02
-7.887266576290130615e-03
-9.589530527591705322e-03
-1.375194988213479519e-03
-4.117408394813537598e-02
3.179335966706275940e-02
-2.798862941563129425e-02
-3.854969516396522522e-02
1.319507509469985962e-02
-2.036114037036895752e-02
-1.628018915653228760e-02
-2.368583716452121735e-02
-6.484077312052249908e-03
-4.077509790658950806e-02
-1.560153439640998840e-02
-1.933719217777252197e-02
-1.284140255302190781e-02
-6.807333230972290039e-02
-5.171374604105949402e-02
-5.669877678155899048e-02
-6.359792500734329224e-02
-8.654270321130752563e-02
2.324943989515304565e-02
-2.114726044237613678e-02
9.955034591257572174e-03
1.084433775395154953e-02
2.886757440865039825e-02
3.046752698719501495e-02
2.592606656253337860e-02
-6.683393567800521851e-02
7.551625370979309082e-02
-2.889347448945045471e-02
2.904205396771430969e-02
3.074762597680091858e-02
-3.955772891640663147e-02
-9.020022116601467133e-03
-3.180662542581558228e-02
-9.379060938954353333e-03
-3.837437555193901062e-02
3.200654312968254089e-02
4.938177019357681274e-02
1.027004700154066086e-02
2.927443012595176697e-02
-6.264197174459695816e-03
-1.027421560138463974e-02
-2.819517254829406738e-02
-2.430904097855091095e-02
-3.024936013389378786e-04
-2.926367893815040588e-02
-1.728103146888315678e-03
-1.011962667107582092e-01
-2.162822708487510681e-02
1.388970762491226196e-01
2.538963407278060913e-02
5.604794621467590332e-02
2.618773467838764191e-02
-5.482745915651321411e-02
-1.816493086516857147e-02
5.097351968288421631e-02
-4.129966720938682556e-02
6.695333868265151978e-02
4.848724603652954102e-02
3.272912651300430298e-02
1.011525243520736694e-01
4.058526083827018738e-02
1.642896793782711029e-02
1.540628168731927872e-02
-2.243961673229932785e-03
4.194237664341926575e-02
-3.232061490416526794e-02
-2.903766557574272156e-02
1.076115015894174576e-02
1.822996535338461399e-03
1.601001620292663574e-02
6.119921803474426270e-03
-1.644376083277165890e-03
-1.610038056969642639e-02
3.762502968311309814e-02
4.865552857518196106e-02
-3.407269017770886421e-03
-2.528335899114608765e-03
-2.097469195723533630e-02
-1.835103332996368408e-02
2.607228048145771027e-02
-3.426084993407130241e-03
7.060921285301446915e-03
-1.088448707014322281e-02
-5.494971759617328644e-03
-7.005755603313446045e-02
-4.262290522456169128e-02
-1.453604083508253098e-02
1.146085374057292938e-02
2.073167823255062103e-02
-4.503865167498588562e-02
-9.043078869581222534e-02
-3.252393752336502075e-02
-3.139321133494377136e-02
-2.679081819951534271e-02
-4.049669206142425537e-02
9.138735011219978333e-03
1.840936765074729919e-02
-5.498358048498630524e-03
-1.833742484450340271e-02
-3.189247846603393555e-02
-2.834000438451766968e-02
1.830457150936126709e-02
9.851619601249694824e-02
-1.298696268349885941e-02
7.064983993768692017e-02
3.784466162323951721e-02
-2.122114785015583038e-02
-2.554075978696346283e-02
2.124196849763393402e-02
-3.655671700835227966e-02
-7.081364095211029053e-02
9.029953181743621826e-02
-7.636706531047821045e-02
-2.855518274009227753e-02
7.440833747386932373e-02
-3.390576317906379700e-02
-4.782361909747123718e-02
-2.332079596817493439e-02
-1.047918666154146194e-02
-4.089803248643875122e-02
-1.941093429923057556e-02
-6.684752553701400757e-02
-5.235059931874275208e-02
4.930659756064414978e-02
8.221825584769248962e-03
-1.885756663978099823e-02
-5.453421734273433685e-03
-6.108274217694997787e-03
-1.356831006705760956e-02
-2.760923467576503754e-02
-4.662858322262763977e-02
-1.952604018151760101e-02
1.207753829658031464e-02
2.176701650023460388e-02
4.343539476394653320e-02
3.961791843175888062e-02
5.098336935043334961e-02
9.871757589280605316e-03
-3.291013836860656738e-02
-2.634459640830755234e-03
-3.967693820595741272e-02
-6.902986206114292145e-03
1.443009730428457260e-02
2.207434549927711487e-02
1.459764968603849411e-02
2.282870002090930939e-02
9.612084366381168365e-03
2.276733517646789551e-02
-2.454919973388314247e-03
1.431794371455907822e-02
1.301358360797166824e-02
1.462389342486858368e-02
-1.561851147562265396e-02
2.357163839042186737e-02
-3.653652220964431763e-02
9.325775504112243652e-02
-1.591943576931953430e-02
-4.909420385956764221e-02
2.207076177000999451e-02
-7.982462644577026367e-02
-1.798680052161216736e-02
1.107616466470062733e-03
-1.263117650523781776e-03
-1.144609134644269943e-02
-9.227394126355648041e-03
2.497664652764797211e-02
-1.011956017464399338e-02
4.366821795701980591e-02
2.218633517622947693e-02
4.592031240463256836e-03
4.703142866492271423e-02
-7.938686758279800415e-04
1.180616952478885651e-02
-1.105777267366647720e-02
5.298290029168128967e-02
-1.495339255779981613e-02
-3.459017723798751831e-02
-1.736279227770864964e-04
-5.527135217562317848e-04
1.934285834431648254e-02
4.746636841446161270e-03
4.559827595949172974e-02
-2.560729533433914185e-02
5.596940871328115463e-03
1.893382635898888111e-03
-3.693009912967681885e-02
2.236785739660263062e-02
-5.599994212388992310e-02
-3.884811326861381531e-02
-4.047203809022903442e-02
-2.423455379903316498e-02
-4.450675100088119507e-03
3.903734730556607246e-03
-4.489700775593519211e-03
-1.218630652874708176e-02
-4.026573523879051208e-02
-3.682704269886016846e-02
-2.215463481843471527e-02
-9.183992445468902588e-02
-8.882272057235240936e-03
-4.814808815717697144e-02
7.188641931861639023e-03
-1.752195879817008972e-02
-1.944091916084289551e-02
4.243688285350799561e-02
-4.622966796159744263e-02
4.199509508907794952e-03
7.537348568439483643e-02
-4.385506361722946167e-02
3.141548484563827515e-02
3.317026048898696899e-02
3.225175663828849792e-02
4.632401466369628906e-02
-3.206083923578262329e-02
-3.423170372843742371e-02
-7.606472074985504150e-02
-1.334102544933557510e-02
-8.002056181430816650e-02
7.410987466573715210e-02
1.047960594296455383e-01
-8.775499463081359863e-02
2.751879580318927765e-02
-8.292555063962936401e-02
2.298605069518089294e-02
-3.453694656491279602e-02
3.017965331673622131e-02
7.606885395944118500e-03
-2.001856826245784760e-02
6.124141160398721695e-03
-5.143628641963005066e-02
-1.320924493484199047e-04
-4.022672772407531738e-02
1.155078317970037460e-02
-1.220256439410150051e-03
1.007379591464996338e-02
1.482198759913444519e-02
8.390731527470052242e-04
-1.840178109705448151e-02
2.078413963317871094e-02
1.202709507197141647e-03
6.742730038240551949e-04
-2.647573128342628479e-02
5.034539848566055298e-02
1.988857053220272064e-02
2.429609419777989388e-03
1.674609631299972534e-02
5.900150630623102188e-03
8.267863304354250431e-04
-5.754317156970500946e-03
8.218173868954181671e-03
-2.273481898009777069e-02
-2.059517987072467804e-02
4.950491711497306824e-02
-2.109834179282188416e-02
3.126871539279818535e-03
1.569035835564136505e-02
1.119002699851989746e-02
-2.205799566581845284e-03
9.336361661553382874e-03
-8.385198563337326050e-02
-3.824824094772338867e-02
1.103552337735891342e-02
-2.198577299714088440e-02
3.194415941834449768e-02
1.003570389002561569e-02
2.567750401794910431e-02
2.022901177406311035e-02
3.225914016366004944e-02
4.406099393963813782e-02
1.390964630991220474e-02
-1.562016643583774567e-02
-1.018189638853073120e-02
1.076484378427267075e-02
-4.264351911842823029e-03
-1.416905410587787628e-02
3.980889741797000170e-04
-4.524568468332290649e-02
-6.345015019178390503e-03
-8.138590492308139801e-03
-1.884048245847225189e-02
4.611230269074440002e-02
1.672121509909629822e-02
2.401771210134029388e-02
1.774894818663597107e-02
-3.939192369580268860e-02
-2.876948937773704529e-02
-2.863788604736328125e-02
-1.004458870738744736e-02
-9.148764424026012421e-03
-7.648074068129062653e-03
-8.327957242727279663e-03
-5.592680349946022034e-02
-1.440570689737796783e-02
2.394822239875793457e-02
-4.287427291274070740e-02
-1.784487627446651459e-03
3.363309800624847412e-02
4.213438183069229126e-02
6.051003001630306244e-03
5.118922144174575806e-02
6.223091483116149902e-02
-1.158129982650279999e-02
-4.916060715913772583e-02
-6.230175960808992386e-03
-1.405638270080089569e-02
2.080939337611198425e-02
3.225502371788024902e-02
-7.041204720735549927e-02
5.054787173867225647e-02
-1.819584704935550690e-02
-2.528064139187335968e-02
2.553545311093330383e-02
-2.076028287410736084e-02
2.208488434553146362e-02
-2.267314866185188293e-02
-9.493721649050712585e-03
-6.423896178603172302e-03
1.786677911877632141e-02
6.055524572730064392e-03
-1.576657779514789581e-02
1.902970485389232635e-02
3.951348736882209778e-02
-6.686971336603164673e-02
-1.918780058622360229e-02
-9.547916799783706665e-02
-1.841768063604831696e-02
1.833295822143554688e-01
-6.972818076610565186e-02
4.430388100445270538e-03
-5.510899797081947327e-02
-7.033803313970565796e-02
1.933992095291614532e-02
5.019646137952804565e-02
-3.318418562412261963e-02
-1.240124553442001343e-02
6.173634901642799377e-03
-9.209299460053443909e-03
-7.892344892024993896e-02
8.769975975155830383e-03
-4.722529277205467224e-02
-1.705707050859928131e-02
-4.094113409519195557e-02
-6.021931767463684082e-02
2.159047173336148262e-03
1.426935568451881409e-02
-2.745260484516620636e-02
8.222472388297319412e-04
-2.949455985799431801e-03
-1.017662463709712029e-03
-2.610930614173412323e-02
4.802062641829252243e-03
5.358337610960006714e-02
-2.137810923159122467e-02
-2.865857258439064026e-02
2.766517363488674164e-02
1.029343344271183014e-02
2.061992883682250977e-03
2.657252177596092224e-02
1.120500639081001282e-02
3.944187611341476440e-02
-5.891183391213417053e-02
-3.506745770573616028e-02
2.580784074962139130e-02
-6.514433026313781738e-02
-6.029888615012168884e-02
-5.243295431137084961e-02
-4.247847944498062134e-02
-4.181400313973426819e-02
6.648551672697067261e-03
-2.435714937746524811e-02
-4.908456653356552124e-02
1.135645732283592224e-01
4.566784482449293137e-03
-3.506811335682868958e-02
-1.390989637002348900e-03
-3.043355420231819153e-02
-3.398740664124488831e-02
-2.904738299548625946e-03
-7.929091341793537140e-03
-4.097522422671318054e-02
2.839989960193634033e-02
-3.580620512366294861e-02
-3.190251067280769348e-02
-2.267043851315975189e-02
-4.485176503658294678e-02
8.106411993503570557e-02
1.781446300446987152e-02
-4.108083620667457581e-02
1.201061345636844635e-02
-2.424689754843711853e-02
-4.226795211434364319e-02
2.176017872989177704e-02
-3.523740172386169434e-02
-1.506080199033021927e-02
-3.514595329761505127e-02
-5.599233135581016541e-02
-4.614047706127166748e-03
-1.382110267877578735e-02
-4.000692442059516907e-02
9.275074116885662079e-03
1.717321458272635937e-03
1.722232811152935028e-02
3.632510825991630554e-02
-1.022296585142612457e-02
3.080468438565731049e-02
1.507319044321775436e-02
-3.910833597183227539e-02
3.368282690644264221e-03
-3.129208460450172424e-03
2.247996814548969269e-02
1.763823442161083221e-02
-4.959157481789588928e-02
-3.146919608116149902e-02
8.314295113086700439e-02
-5.453229695558547974e-02
-3.978960216045379639e-02
1.849713623523712158e-01
-6.750465184450149536e-02
-3.510983288288116455e-02
-3.638534247875213623e-02
-7.139361649751663208e-02
-5.446032620966434479e-03
-2.664113603532314301e-02
8.593830280005931854e-03
2.119165100157260895e-02
-1.186387985944747925e-01
4.756747186183929443e-02
3.200158849358558655e-02
-3.292207606136798859e-03
7.338899374008178711e-02
-6.081092730164527893e-02
-5.061802454292774200e-03
-3.205383196473121643e-02
-3.614724427461624146e-02
5.765118449926376343e-02
-4.513624683022499084e-02
1.340358518064022064e-03
2.290202677249908447e-02
-4.406674578785896301e-02
-1.001173108816146851e-01
8.292574435472488403e-03
2.934148069471120834e-03
-5.441022664308547974e-02
6.756499409675598145e-02
-1.707486691884696484e-03
-1.855645142495632172e-02
-8.618795312941074371e-03
4.989057406783103943e-02
-5.635310336947441101e-02
-6.872362457215785980e-03
-5.387146025896072388e-02
-1.223709806799888611e-02
-1.272555068135261536e-02
-2.197002060711383820e-02
1.469018403440713882e-02
-3.121230006217956543e-02
-2.095309458673000336e-02
6.444542203098535538e-03
4.578216932713985443e-03
4.188469797372817993e-02
-2.577415294945240021e-02
-8.030082285404205322e-02
-7.470125798135995865e-03
-8.926391601562500000e-03
-6.339008919894695282e-03
1.721954159438610077e-02
1.987514086067676544e-03
2.008277736604213715e-02
-1.326052588410675526e-03
-2.293923124670982361e-02
-2.433692663908004761e-02
-9.092945256270468235e-04
-5.125560611486434937e-02
-2.002928219735622406e-02
6.054026074707508087e-03
-1.984328404068946838e-02
8.985509723424911499e-02
3.040174208581447601e-02
-2.965147793292999268e-02
5.334746465086936951e-02
4.843734204769134521e-02
-2.158077992498874664e-02
-7.669413462281227112e-04
3.839216381311416626e-02
-1.821050420403480530e-02
-5.477807135321199894e-04
6.390063464641571045e-02
-8.541129529476165771e-02
-1.753760725259780884e-01
-1.266614068299531937e-02
2.557117678225040436e-02
4.663947597146034241e-02
4.280951991677284241e-02
-1.342621911317110062e-02
-2.234592661261558533e-02
-5.468729510903358459e-02
1.093019172549247742e-02
1.801599003374576569e-02
1.382274669595062733e-03
-7.843918167054653168e-03
5.496777594089508057e-04
1.019467506557703018e-02
-5.292342975735664368e-03
-7.144419010728597641e-03
3.048149682581424713e-02
-3.887614607810974121e-02
-6.386028975248336792e-02
-2.690988220274448395e-02
-1.836959458887577057e-02
-1.954869367182254791e-03
6.676345318555831909e-02
-2.447295375168323517e-02
-1.869648136198520660e-02
-2.311926521360874176e-02
6.720696389675140381e-02
-5.193261802196502686e-02
8.207133412361145020e-02
3.414676338434219360e-02
-2.400502748787403107e-02
3.978457301855087280e-02
-1.588922180235385895e-02
-2.065623877570033073e-03
-1.742686331272125244e-02
-4.754077643156051636e-02
-8.379193022847175598e-03
-8.746017701923847198e-03
-8.265820331871509552e-03
3.707082569599151611e-02
2.016103127971291542e-03
2.714681625366210938e-02
-1.215716730803251266e-02
2.697618864476680756e-02
2.185742557048797607e-02
-1.017348170280456543e-01
1.617374597117304802e-03
3.946161828935146332e-03
-4.398435726761817932e-02
2.974880672991275787e-02
-6.721781194210052490e-02
-3.488350892439484596e-03
-3.896724060177803040e-02
1.477525103837251663e-02
-4.051445424556732178e-02
3.890836611390113831e-02
1.758189522661268711e-03
1.769519224762916565e-02
8.391452953219413757e-03
-1.566861011087894440e-02
-1.335202809423208237e-02
8.715604431927204132e-03
-2.544190920889377594e-02
-3.206394612789154053e-02
-2.694891009014099836e-04
-6.628381554037332535e-03
2.385293832048773766e-03
9.311562031507492065e-02
-9.711848571896553040e-03
1.600247807800769806e-02
-2.552444860339164734e-02
7.158067077398300171e-03
-3.519993973895907402e-03
5.088159814476966858e-02
8.288534358143806458e-03
-1.560826506465673447e-02
2.712898701429367065e-02
-2.163116075098514557e-02
2.988241054117679596e-02
2.658812701702117920e-02
-4.129289463162422180e-02
-3.036955930292606354e-02
-1.674525812268257141e-02
-5.758358538150787354e-02
4.745402559638023376e-02
-1.584140956401824951e-02
4.794235806912183762e-03
-7.462821435183286667e-03
1.264280267059803009e-02
-1.445269025862216949e-02
-1.729545556008815765e-02
-6.311777047812938690e-03
7.404922507703304291e-03
3.564245998859405518e-02
3.095031343400478363e-02
-2.135190553963184357e-02
-1.632573455572128296e-02
1.612221705727279186e-03
1.163500081747770309e-02
-1.334351208060979843e-02
-1.007349230349063873e-02
-9.531634714221581817e-05
5.327824328560382128e-05
-3.478391095995903015e-02
-4.354364646133035421e-04
6.546948105096817017e-03
1.982220076024532318e-02
2.646206691861152649e-02
-2.827993361279368401e-03
-5.014972761273384094e-02
4.232516512274742126e-02
1.138055883347988129e-02
-3.369070217013359070e-02
3.831884637475013733e-02
-2.530528604984283447e-02
-4.004503414034843445e-02
5.938837677240371704e-02
-1.605453528463840485e-02
-1.875578798353672028e-02
5.603128299117088318e-02
-4.560168366879224777e-03
-3.180777281522750854e-02
9.555865079164505005e-02
-1.006654463708400726e-02
-6.505015492439270020e-02
1.183115467429161072e-01
-5.094088613986968994e-02
-5.491156503558158875e-02
1.728125475347042084e-02
1.100749010220170021e-03
-3.229678142815828323e-03
-3.741319850087165833e-02
-1.177082490175962448e-02
1.378659997135400772e-02
5.848446860909461975e-03
4.934263601899147034e-02
2.421886846423149109e-02
1.358312834054231644e-02
-1.495801960118114948e-03
-3.561591729521751404e-03
-7.988687604665756226e-03
-2.781313098967075348e-02
-6.486564874649047852e-02
3.294738009572029114e-02
-1.861166581511497498e-02
-4.912311211228370667e-02
1.527375169098377228e-02
-1.785182021558284760e-02
-6.271553784608840942e-02
-5.385034903883934021e-02
9.506162256002426147e-03
3.576283901929855347e-02
-4.914839193224906921e-02
-3.205122798681259155e-02
1.842593774199485779e-02
2.121935598552227020e-02
3.849610686302185059e-02
2.027423866093158722e-02
3.053537197411060333e-02
-2.912071160972118378e-02
-3.848947584629058838e-02
3.738211095333099365e-02
-4.276229068636894226e-02
-3.151473775506019592e-02
-2.211344195529818535e-03
-2.008858136832714081e-02
-2.437819540500640869e-02
4.870846122503280640e-02
-7.888478226959705353e-03
-1.474048942327499390e-02
4.681914299726486206e-02
-1.389043405652046204e-02
9.628548286855220795e-04
1.440065097995102406e-03
-3.022533608600497246e-03
8.191117085516452789e-03
-5.217367783188819885e-02
2.120217494666576385e-02
6.761182099580764771e-02
-4.289634525775909424e-02
1.056525763124227524e-02
4.966808855533599854e-02
-4.796290025115013123e-02
-3.023021854460239410e-03
4.446901008486747742e-02
7.088079582899808884e-03
-8.206467464333400130e-05
-3.031035885214805603e-02
-3.113394603133201599e-03
8.150123991072177887e-03
-3.038886003196239471e-02
1.850741915404796600e-02
5.451362114399671555e-03
-2.559707127511501312e-02
-5.839771777391433716e-02
4.983269143849611282e-03
4.591834917664527893e-02
-2.347729541361331940e-02
-1.355223357677459717e-03
1.593821868300437927e-02
5.991766229271888733e-03
-1.700283493846654892e-03
1.429490558803081512e-02
3.954112529754638672e-02
-8.922901004552841187e-03
-3.626983612775802612e-02
2.508020959794521332e-02
-3.478384017944335938e-02
-2.932452969253063202e-02
1.164489798247814178e-02
-2.449383027851581573e-02
-4.376577958464622498e-02
3.515892848372459412e-02
2.060525491833686829e-02
1.051108120009303093e-03
5.955065786838531494e-02
-4.585263133049011230e-02
-5.923327058553695679e-02
1.336301490664482117e-02
-1.514458842575550079e-02
-1.057223416864871979e-02
8.823521435260772705e-03
2.651057438924908638e-03
-1.306364126503467560e-02
-1.866555958986282349e-02
2.009936608374118805e-02
-1.171371247619390488e-02
2.967050299048423767e-02
1.831207983195781708e-02
-2.353621460497379303e-02
3.294552117586135864e-02
5.626119091175496578e-04
-3.645170480012893677e-02
3.580227866768836975e-02
2.746022492647171021e-02
-8.899968117475509644e-03
5.186474323272705078e-02
-1.252763438969850540e-02
-1.811021566390991211e-02
1.371671329252421856e-03
2.025047782808542252e-03
9.050274267792701721e-03
5.123984068632125854e-02
4.599984269589185715e-03
3.712873207405209541e-03
-2.397613367065787315e-03
-1.702468283474445343e-02
1.090225204825401306e-02
3.100246936082839966e-02
-1.948787458240985870e-02
-2.011286467313766479e-02
4.784609749913215637e-02
1.233962737023830414e-02
-1.104704476892948151e-02
-1.467419555410742760e-03
-2.681343175936490297e-04
-1.429936848580837250e-02
-2.843897044658660889e-02
-9.157198481261730194e-03
3.813767060637474060e-02
-4.419409483671188354e-02
3.376259282231330872e-02
7.064720988273620605e-02
-3.078975342214107513e-02
1.446557603776454926e-02
1.074275281280279160e-02
-1.068774610757827759e-02
3.992713522166013718e-03
4.350624978542327881e-02
-3.795598074793815613e-02
1.515979762189090252e-03
4.078473895788192749e-02
-6.176487077027559280e-03
6.502708420157432556e-03
3.276012092828750610e-02
-9.023378370329737663e-04
8.569737896323204041e-03
1.505709625780582428e-02
1.529671531170606613e-02
1.049078442156314850e-02
-5.212319083511829376e-03
3.164880350232124329e-02
-2.750657498836517334e-03
-1.430131774395704269e-02
-7.390572875738143921e-02
2.312966436147689819e-02
4.054783284664154053e-02
-7.222279906272888184e-02
2.414852567017078400e-02
8.330971747636795044e-02
-4.613740742206573486e-02
-2.533387392759323120e-02
-2.174866618588566780e-03
2.108115144073963165e-02
-1.280529983341693878e-02
-8.092380128800868988e-03
-2.866745053324848413e-04
-5.768314469605684280e-03
1.805671126930974424e-05
-1.654612459242343903e-02
1.582235842943191528e-02
2.658329159021377563e-02
1.591392233967781067e-02
-1.598400995135307312e-02
-5.882795900106430054e-03
3.454436734318733215e-02
2.211388014256954193e-02
3.053195774555206299e-02
1.701452769339084625e-02
-7.008590269833803177e-03
-2.493449428584426641e-04
-1.672168634831905365e-02
8.193863555788993835e-03
3.099469467997550964e-02
-2.567348442971706390e-02
1.559324562549591064e-02
1.891612447798252106e-02
6.527079734951257706e-03
-1.504172571003437042e-02
-2.478991635143756866e-02
5.680627655237913132e-03
4.059401806443929672e-03
7.849974557757377625e-03
-7.360623683780431747e-03
1.856615650467574596e-03
-1.497021969407796860e-02
-5.415953230112791061e-03
-2.689510956406593323e-02
-1.761797629296779633e-02
-3.999101743102073669e-02
-1.032037287950515747e-02
-9.882219135761260986e-03
-1.925722323358058929e-02
8.076373487710952759e-03
3.573672845959663391e-03
-2.340723015367984772e-02
-9.605815634131431580e-03
-6.499200128018856049e-03
1.645475067198276520e-02
-1.467174198478460312e-02
-3.635155409574508667e-02
1.203574892133474350e-02
3.294860944151878357e-02
-1.626703515648841858e-02
1.290190685540437698e-02
-2.738307416439056396e-02
-4.437761381268501282e-02
3.746293485164642334e-02
-1.428468432277441025e-02
8.609158918261528015e-03
5.546928569674491882e-02
8.750878274440765381e-03
1.336211338639259338e-02
-4.418583214282989502e-02
-1.838689483702182770e-02
-6.346582900732755661e-03
2.825004607439041138e-02
-2.014902234077453613e-02
-2.731571206822991371e-03
5.314044654369354248e-02
-1.545301079750061035e-02
-2.061741426587104797e-02
1.336761377751827240e-02
-1.282743923366069794e-02
-5.884757637977600098e-02
-2.551052020862698555e-03
-1.861743815243244171e-02
-2.685155346989631653e-02
-3.444256260991096497e-03
-8.729784749448299408e-03
2.413550857454538345e-03
5.060552433133125305e-02
7.405017502605915070e-03
-9.794753976166248322e-03
-7.488510012626647949e-02
-7.233113981783390045e-03
-4.339692741632461548e-02
-2.190755493938922882e-02
-9.157507680356502533e-03
-1.929911039769649506e-02
5.575429648160934448e-03
3.028563037514686584e-02
-1.387189235538244247e-02
4.074305295944213867e-02
3.391962498426437378e-02
-2.691841684281826019e-03
3.887585550546646118e-02
6.604153197258710861e-03
-1.593009009957313538e-02
5.750862509012222290e-02
-3.899852931499481201e-02
-6.294044107198715210e-02
-9.017699630931019783e-04
-2.927820198237895966e-02
-9.973317384719848633e-03
-3.550248965620994568e-02
-2.698751352727413177e-02
-1.799889374524354935e-03
-2.815707772970199585e-02
4.021779820322990417e-02
9.503339231014251709e-02
1.232405472546815872e-02
-4.386473447084426880e-02
-2.486955188214778900e-02
-1.283161714673042297e-02
6.835372187197208405e-03
3.491963818669319153e-02
7.498913444578647614e-03
1.906508952379226685e-02
-2.077091485261917114e-02
-1.835981942713260651e-02
-3.330186381936073303e-02
6.084492430090904236e-03
-1.190778799355030060e-02
1.186687592417001724e-02
8.224299550056457520e-02
-5.201450083404779434e-03
-2.641658112406730652e-02
-9.368961676955223083e-03
5.130176618695259094e-02
1.754156872630119324e-02
-5.915007740259170532e-02
4.070684686303138733e-02
7.072084117680788040e-04
-2.665629610419273376e-02
-2.567971497774124146e-02
1.922243833541870117e-02
4.698649048805236816e-02
-9.063945151865482330e-03
-4.233605414628982544e-02
-6.742776930332183838e-02
-3.684731200337409973e-02
4.258973523974418640e-02
1.913992874324321747e-02
-1.919812895357608795e-02
3.441279754042625427e-03
-4.292006138712167740e-03
-5.986679345369338989e-02
-4.317754879593849182e-02
-4.872519150376319885e-02
5.551264062523841858e-02
1.481653470546007156e-02
-5.300596728920936584e-02
7.697369903326034546e-02
6.233410909771919250e-02
-3.989886492490768433e-02
-2.754631079733371735e-02
1.526566222310066223e-02
-1.236535795032978058e-02
6.695000454783439636e-03
6.147162616252899170e-02
2.370237186551094055e-02
-1.876556500792503357e-02
-1.310138404369354248e-02
-5.394161678850650787e-03
1.319230068475008011e-02
-8.357074111700057983e-03
-7.494167983531951904e-02
4.860372841358184814e-02
4.239940270781517029e-02
-3.351252526044845581e-02
6.853212416172027588e-02
2.601379156112670898e-02
-3.523705899715423584e-02
1.063410267233848572e-01
3.108781948685646057e-02
-4.700099304318428040e-02
5.502403154969215393e-02
-4.809008166193962097e-02
-8.025322109460830688e-02
1.263311249203979969e-03
-3.393023740500211716e-03
-3.596179559826850891e-02
-6.328265182673931122e-03
-5.782832391560077667e-03
1.100433431565761566e-02
4.185120016336441040e-02
4.037844389677047729e-02
3.414149582386016846e-02
-4.407448228448629379e-03
-3.143490478396415710e-02
-3.791886195540428162e-02
4.859620332717895508e-02
1.165915746241807938e-02
-5.169858038425445557e-02
3.403957188129425049e-02
-6.286842282861471176e-03
-5.418551713228225708e-02
-2.214363589882850647e-02
5.161614343523979187e-02
8.199853822588920593e-03
-5.887259542942047119e-02
-1.299690734595060349e-02
5.817423807457089424e-04
-2.438418939709663391e-02
2.509264834225177765e-02
-2.817729953676462173e-03
-7.476527243852615356e-03
5.403566360473632812e-02
2.970487996935844421e-02
1.454385928809642792e-02
2.766333753243088722e-03
1.539550162851810455e-02
-2.521319501101970673e-02
-2.726392121985554695e-03
4.098660871386528015e-02
-3.403007239103317261e-02
-8.250377140939235687e-03
3.685232996940612793e-02
-4.260133206844329834e-02
-2.341563068330287933e-02
1.935547403991222382e-02
-2.116856537759304047e-02
2.422686107456684113e-02
-1.653959788382053375e-02
-1.510849967598915100e-02
2.019361592829227448e-02
-3.971311450004577637e-02
-3.027624078094959259e-02
-1.468994654715061188e-02
1.597144640982151031e-02
-5.630788207054138184e-02
3.002215176820755005e-02
6.060346215963363647e-02
8.298144675791263580e-03
1.234278269112110138e-02
4.508066922426223755e-03
2.997381426393985748e-02
2.815727377310395241e-03
-2.077806927263736725e-02
4.456283897161483765e-02
-1.362232770770788193e-02
-1.396666560322046280e-02
-3.043946623802185059e-02
-5.768730863928794861e-02
1.213478110730648041e-02
-4.538761079311370850e-02
-4.762103781104087830e-02
-3.266037628054618835e-02
1.629374176263809204e-02
-2.128475531935691833e-02
-5.086141452193260193e-02
6.459151953458786011e-02
3.022600337862968445e-02
-5.383560061454772949e-02
2.657442353665828705e-02
-5.962904542684555054e-03
2.343131415545940399e-02
-2.411102317273616791e-02
-1.868015713989734650e-02
5.226285010576248169e-02
-1.016859710216522217e-02
2.230606414377689362e-02
4.805430397391319275e-02
-6.808162480592727661e-02
-3.260689228773117065e-02
4.856760799884796143e-02
-5.166042968630790710e-02
4.203182179480791092e-03
6.165286153554916382e-02
-2.864297106862068176e-02
-3.260364988818764687e-03
4.885069094598293304e-03
-9.729579091072082520e-03
1.292040292173624039e-02
9.048441424965858459e-03
-7.143706548959016800e-03
2.213956089690327644e-03
-8.484317921102046967e-03
-1.469881925731897354e-02
-3.062629513442516327e-02
-6.337766535580158234e-03
1.029739528894424438e-01
8.192328736186027527e-03
-4.722582176327705383e-02
4.968672618269920349e-02
-5.887798219919204712e-02
-6.964590400457382202e-02
-1.700660772621631622e-02
-6.194287911057472229e-02
-6.095360592007637024e-02
-3.975736722350120544e-02
-3.815999254584312439e-02
1.013591047376394272e-02
-4.974946752190589905e-02
-2.540863864123821259e-02
1.046073343604803085e-02
-3.608789667487144470e-02
-1.187784317880868912e-02
-3.842835780233144760e-03
-1.044508535414934158e-03
4.995100945234298706e-02
4.612127318978309631e-03
1.959078013896942139e-03
4.781832918524742126e-02
-2.356242202222347260e-02
-6.437241286039352417e-02
-5.299066007137298584e-02
-3.113401867449283600e-02
-1.070971786975860596e-02
-9.873384609818458557e-03
-1.822444796562194824e-02
6.296369433403015137e-02
3.113588131964206696e-02
-7.541765272617340088e-02
5.518771242350339890e-03
3.098159655928611755e-02
-4.967353865504264832e-02
-3.860889375209808350e-02
-2.620857395231723785e-02
8.748146705329418182e-03
-4.350570961833000183e-02
2.839852310717105865e-02
4.936444386839866638e-02
2.820822410285472870e-03
1.045006662607192993e-01
1.124661564826965332e-01
5.886113643646240234e-02
7.340183481574058533e-03
-1.317661628127098083e-02
5.372773855924606323e-02
-2.944217622280120850e-02
-6.682579219341278076e-02
3.125581517815589905e-02
-2.031043171882629395e-02
-8.395835012197494507e-02
-1.417539175599813461e-02
7.540026213973760605e-03
-1.116510760039091110e-02
-1.791907846927642822e-02
2.124029211699962616e-02
-3.302541747689247131e-02
3.683910518884658813e-02
-6.626997143030166626e-03
-5.120510235428810120e-02
2.488937415182590485e-02
3.084812546148896217e-03
1.252280361950397491e-02
4.000939056277275085e-02
-1.131688803434371948e-02
2.528728730976581573e-02
-3.656494244933128357e-02
-5.024881660938262939e-02
-4.040703352075070143e-04
4.698492586612701416e-02
5.278287082910537720e-02
3.198458999395370483e-02
-1.039091311395168304e-02
1.059645228087902069e-02
-5.638673156499862671e-02
6.694149225950241089e-03
1.347487792372703552e-02
-2.177920378744602203e-02
2.694180421531200409e-02
-2.457850240170955658e-02
-2.740719169378280640e-02
-3.054070100188255310e-02
1.747510582208633423e-02
5.709175392985343933e-02
-5.042668431997299194e-02
3.284702310338616371e-03
1.629826426506042480e-02
8.559433743357658386e-03
-8.416430652141571045e-02
-3.023287048563361168e-03
2.562531642615795135e-02
-2.047284878790378571e-02
4.303005058318376541e-03
-9.943718090653419495e-03
-1.686727255582809448e-02
-6.359589286148548126e-03
9.251274168491363525e-03
-3.122562170028686523e-02
-1.577435294166207314e-03
-1.410254929214715958e-02
-1.862502470612525940e-02
-4.500211402773857117e-02
-3.156952187418937683e-02
1.073983963578939438e-02
2.830946631729602814e-02
-7.070873398333787918e-03
-1.027310732752084732e-02
-5.601624771952629089e-02
3.097441233694553375e-02
-5.102207418531179428e-03
-7.228979468345642090e-02
3.252827376127243042e-02
2.701369300484657288e-02
-1.637616567313671112e-02
-1.434905920177698135e-02
-5.956059694290161133e-02
-2.128155715763568878e-02
-5.271884426474571228e-02
-5.160376802086830139e-02
-6.004074588418006897e-02
-4.817841947078704834e-02
-1.631966419517993927e-02
-3.496829420328140259e-02
4.240215197205543518e-02
-9.928054362535476685e-02
-4.767700098454952240e-03
-4.724002629518508911e-02
-7.890716940164566040e-02
-1.712279021739959717e-02
-3.844193741679191589e-02
-4.671473428606987000e-02
1.406963821500539780e-02
6.424451712518930435e-03
4.129965230822563171e-02
1.159922569058835506e-03
5.850062519311904907e-02
4.980912804603576660e-02
2.703178673982620239e-02
-3.083080239593982697e-02
-3.852843493223190308e-02
-3.512513265013694763e-02
1.738057285547256470e-02
3.437126055359840393e-02
5.756365507841110229e-02
-1.308404491282999516e-03
-9.368267841637134552e-03
-3.286322578787803650e-02
-4.286026116460561752e-03
1.995378360152244568e-02
1.417444087564945221e-02
-1.614762842655181885e-02
-4.545946046710014343e-02
-3.013362921774387360e-02
-6.165225990116596222e-03
-5.435037612915039062e-02
-5.323092639446258545e-02
8.817767724394798279e-03
-5.354844033718109131e-02
-3.179543837904930115e-02
5.490731075406074524e-02
5.189852789044380188e-02
2.464850060641765594e-02
-2.157541923224925995e-02
-2.299359440803527832e-02
-2.747848257422447205e-02
-3.413894400000572205e-02
-2.234457246959209442e-02
-5.117035657167434692e-02
3.506473032757639885e-03
-5.810028873383998871e-03
5.869273445568978786e-04
-4.639566689729690552e-02
-2.054265141487121582e-02
-3.894928842782974243e-02
-3.232642263174057007e-02
-4.440805688500404358e-02
-6.219245865941047668e-02
-2.781894244253635406e-02
5.981791298836469650e-03
-1.864039339125156403e-02
1.052019279450178146e-02
5.147388577461242676e-02
9.837255813181400299e-03
-3.041131421923637390e-02
-4.050306603312492371e-02
-4.908182099461555481e-02
-4.129296168684959412e-02
-2.802692912518978119e-02
1.712380722165107727e-02
-2.822257950901985168e-02
-6.428301800042390823e-03
-3.995057195425033569e-02
-1.192168856505304575e-04
-5.049560684710741043e-03
-5.384157225489616394e-02
-2.273752167820930481e-02
1.762004941701889038e-02
-3.054175898432731628e-02
-7.280123420059680939e-03
9.924666024744510651e-03
-3.448827937245368958e-02
-2.027340792119503021e-02
-5.357309430837631226e-02
-4.307625070214271545e-02
5.099900439381599426e-02
1.546964701265096664e-02
3.379918262362480164e-02
-1.494884677231311798e-02
-2.232919447124004364e-02
3.087603673338890076e-02
2.579910680651664734e-02
1.484835334122180939e-02
7.134784758090972900e-02
5.895229056477546692e-02
-8.934927172958850861e-03
3.930940851569175720e-02
3.712108300533145666e-04
-5.803532898426055908e-02
3.175666090101003647e-03
1.836478523910045624e-02
4.014106467366218567e-02
8.335637301206588745e-02
-2.015740796923637390e-02
4.591814056038856506e-02
1.721355319023132324e-02
9.169516153633594513e-03
2.454521134495735168e-02
2.959901094436645508e-02
-7.307063788175582886e-02
-1.289555281400680542e-01
-5.913226678967475891e-02
4.714831709861755371e-02
2.557182498276233673e-02
2.244267798960208893e-02
6.223111879080533981e-03
-2.231159061193466187e-02
-9.738177061080932617e-03
4.322491586208343506e-02
7.800044864416122437e-02
2.359920553863048553e-02
6.291662901639938354e-02
2.744031883776187897e-02
4.592564329504966736e-02
-1.415930688381195068e-02
3.076544962823390961e-02
-1.428589131683111191e-02
1.866918429732322693e-02
5.722608044743537903e-02
1.294006872922182083e-02
-1.298015564680099487e-02
-1.347243785858154297e-02
3.679240122437477112e-02
-2.813544310629367828e-02
-3.454113751649856567e-02
-3.651675581932067871e-02
5.406877025961875916e-02
8.170532435178756714e-02
-1.533511932939291000e-02
3.844904154539108276e-02
1.610165275633335114e-02
-1.257522613741457462e-03
-2.901811152696609497e-02
-7.086087018251419067e-02
-3.694160655140876770e-02
1.086351461708545685e-02
-3.571030870079994202e-02
-1.104582007974386215e-02
-2.450381172820925713e-03
-2.552596665918827057e-02
-4.170230124145746231e-03
-1.194960717111825943e-02
-2.401799522340297699e-02
-2.403935417532920837e-03
-3.234581276774406433e-02
-5.002790689468383789e-02
-2.328089252114295959e-02
3.423382993787527084e-03
-1.482169423252344131e-02
-1.403604727238416672e-02
-2.591798268258571625e-02
-2.062346041202545166e-02
-2.622784115374088287e-02
-5.424127355217933655e-02
-4.284693673253059387e-02
-5.436985567212104797e-02
-6.521480530500411987e-02
-1.751974783837795258e-02
1.259149285033345222e-03
-1.250690687447786331e-02
3.794651245698332787e-03
9.673188440501689911e-03
-1.205738913267850876e-02
-5.487611144781112671e-02
-1.902311109006404877e-02
8.936157450079917908e-03
1.753233000636100769e-02
1.396565116010606289e-03
9.624217636883258820e-03
6.446822732686996460e-02
7.343710958957672119e-02
-1.249838899821043015e-02
2.926896326243877411e-02
3.038393147289752960e-02
2.736595273017883301e-02
-8.393211290240287781e-03
7.361604366451501846e-03
-3.123384527862071991e-02
-1.537545863538980484e-02
1.298984698951244354e-02
-2.721725776791572571e-02
6.899890303611755371e-02
3.958024084568023682e-02
-1.295365765690803528e-02
6.474383920431137085e-02
-1.297543477267026901e-02
3.197447955608367920e-02
4.185706377029418945e-02
-2.227165922522544861e-02
4.248977079987525940e-02
-3.988449648022651672e-02
-2.477124333381652832e-02
-1.567669212818145752e-02
-1.361351460218429565e-02
-4.209952894598245621e-03
4.923439584672451019e-03
2.469736384227871895e-03
4.822903499007225037e-02
-1.049992907792329788e-02
-4.436354339122772217e-02
-2.334558777511119843e-02
4.588897339999675751e-03
2.437943965196609497e-02
-1.334028784185647964e-02
-1.000740285962820053e-02
-2.369340509176254272e-02
1.303754979744553566e-03
-3.677996248006820679e-02
-8.191078901290893555e-02
-1.012547127902507782e-02
1.591029763221740723e-02
2.703299745917320251e-02
-3.090967889875173569e-03
-8.414070121943950653e-03
2.153110131621360779e-02
4.769364744424819946e-02
-7.916490733623504639e-02
-6.906993687152862549e-02
-4.822810366749763489e-02
8.962214924395084381e-03
-3.437108919024467468e-02
-3.691484779119491577e-02
2.384534105658531189e-02
-4.426539316773414612e-02
-5.686689540743827820e-02
-4.254171997308731079e-02
-4.455684870481491089e-02
7.467753719538450241e-03
-8.532904088497161865e-03
-5.503007769584655762e-02
-4.417477920651435852e-02
-5.652843415737152100e-02
-9.005765616893768311e-02
2.470082975924015045e-02
-1.609716750681400299e-02
2.941091312095522881e-03
4.069597646594047546e-02
1.099167158827185631e-03
-5.091010034084320068e-02
-6.073791161179542542e-02
-6.075453013181686401e-02
-9.116580337285995483e-02
-1.068310365080833435e-01
7.970391958951950073e-02
1.088949516415596008e-01
3.190423920750617981e-02
1.830987259745597839e-02
-1.103754993528127670e-02
-2.174262143671512604e-02
-1.845051907002925873e-02
-1.307512726634740829e-02
-3.577958792448043823e-02
-3.552794083952903748e-02
-3.119940683245658875e-02
-3.789314255118370056e-02
4.879377409815788269e-02
5.227472260594367981e-02
4.430485889315605164e-02
4.311795160174369812e-02
3.185184299945831299e-02
4.979274049401283264e-02
-1.740680076181888580e-02
-2.343913540244102478e-02
7.845526561141014099e-03
-3.592999186366796494e-03
3.981990274041891098e-03
2.150025963783264160e-02
-2.723885886371135712e-02
-1.036606822162866592e-02
-1.981487264856696129e-03
-4.500519484281539917e-03
6.863246089778840542e-04
8.415012620389461517e-03
-3.126715868711471558e-02
-5.087327212095260620e-02
-3.946780785918235779e-02
1.290653599426150322e-03
5.379439331591129303e-03
-2.599699655547738075e-03
-3.052363172173500061e-03
-2.497827168554067612e-03
-5.712101701647043228e-03
1.494039222598075867e-02
-3.228940069675445557e-02
1.501519326120615005e-02
3.380477800965309143e-02
-2.694846875965595245e-02
3.483680263161659241e-02
1.706954836845397949e-02
-1.020034123212099075e-02
2.393907122313976288e-02
1.724467054009437561e-02
1.714719645678997040e-02
3.901093453168869019e-02
1.127683185040950775e-02
2.216878719627857208e-02
2.930480428040027618e-02
4.810390993952751160e-02
4.742594808340072632e-02
5.309350043535232544e-02
-6.324976682662963867e-02
-3.145622089505195618e-02
7.612836547195911407e-03
-4.848784953355789185e-02
-6.337264925241470337e-02
-2.133901230990886688e-02
-1.154721714556217194e-02
-1.619294844567775726e-02
7.702931761741638184e-03
1.036735158413648605e-02
7.305558305233716965e-03
2.146202139556407928e-02
-2.842226997017860413e-02
-1.439090725034475327e-02
2.345548756420612335e-02
8.965671062469482422e-03
1.095075439661741257e-02
1.666067168116569519e-02
4.979574587196111679e-03
-1.127917133271694183e-02
-1.094018947333097458e-02
-4.198635462671518326e-03
-6.020824890583753586e-03
-1.334971841424703598e-02
-5.258352961391210556e-03
-3.778720274567604065e-02
-1.566162891685962677e-02
1.736033335328102112e-02
-1.716539636254310608e-02
1.710659079253673553e-02
2.474297769367694855e-02
-6.779755465686321259e-03
1.375918858684599400e-03
-1.074430346488952637e-02
-2.191090397536754608e-02
7.968630641698837280e-03
3.167434781789779663e-02
3.575304895639419556e-02
1.971968822181224823e-02
3.048642724752426147e-02
1.260512787848711014e-02
3.716560080647468567e-02
1.895874924957752228e-02
1.383637310937047005e-03
4.022810142487287521e-03
-2.190859802067279816e-02
-2.762283012270927429e-02
1.627632416784763336e-03
-3.526113554835319519e-02
-3.810799121856689453e-02
-1.636387407779693604e-02
-4.608675837516784668e-02
-2.284784056246280670e-02
-2.761370036751031876e-03
-6.688427925109863281e-02
-5.858860909938812256e-02
-1.147975306957960129e-02
-5.378747358918190002e-03
-2.102171443402767181e-02
1.320957578718662262e-02
-3.479570895433425903e-02
-4.677972942590713501e-02
-2.520903013646602631e-02
-1.852086143117048778e-06
-3.568742424249649048e-02
-1.406954322010278702e-02
-5.533903837203979492e-02
-5.051132291555404663e-02
-5.581208691000938416e-02
3.238564822822809219e-03
-2.078441716730594635e-02
-2.634742856025695801e-02
-1.820410974323749542e-02
1.023260690271854401e-02
1.239364594221115112e-02
-2.360886661335825920e-03
8.078738464973866940e-04
-1.364968251436948776e-02
6.158269010484218597e-03
3.961491864174604416e-03
-7.349931402131915092e-04
2.964978339150547981e-03
-2.751331590116024017e-02
-1.412144396454095840e-02
1.832213019952178001e-03
1.094660488888621330e-03
4.200106952339410782e-03
-6.124255433678627014e-02
-4.955800995230674744e-02
-5.176357552409172058e-02
2.141990698873996735e-02
-3.199326107278466225e-03
-2.833612263202667236e-03
-1.270908769220113754e-02
-1.920996978878974915e-02
-4.423644393682479858e-02
2.069784887135028839e-02
2.677950821816921234e-02
6.912040524184703827e-03
2.574523165822029114e-02
1.198216155171394348e-02
4.338414873927831650e-03
-1.265711337327957153e-02
-2.223961241543292999e-02
-3.251974284648895264e-02
7.649374660104513168e-03
-1.191561017185449600e-02
-2.747498080134391785e-02
-4.009467549622058868e-03
-1.752217300236225128e-02
1.363679883070290089e-03
-4.283183813095092773e-02
-4.643749818205833435e-02
-2.149628661572933197e-02
-2.901362627744674683e-02
-1.195364352315664291e-02
-1.715269754640758038e-03
4.014248400926589966e-02
3.679042309522628784e-02
-4.010590910911560059e-02
1.757665723562240601e-02
1.973556168377399445e-02
-2.934645488858222961e-02
-2.865952998399734497e-02
-2.428164705634117126e-02
-4.416842386126518250e-02
-2.032110234722495079e-03
-3.096101619303226471e-02
-4.674315918236970901e-03
7.953565567731857300e-03
-2.228792011737823486e-02
-9.986194781959056854e-03
-1.004325505346059799e-02
-2.377560921013355255e-02
3.049514256417751312e-03
-3.893001005053520203e-02
-3.282041847705841064e-02
-5.269248783588409424e-02
-3.331025689840316772e-02
-2.737823873758316040e-02
-3.982430323958396912e-02
-9.689035825431346893e-03
-1.952417311258614063e-03
-3.976346459239721298e-03
-1.812735386192798615e-02
-1.090735662728548050e-02
-1.992897316813468933e-02
2.770525030791759491e-02
2.978167124092578888e-02
4.587814211845397949e-02
-8.196663111448287964e-03
4.201832052785903215e-04
3.223317489027976990e-02
-2.941619977355003357e-02
-3.515574708580970764e-02
-6.731421500444412231e-02
-1.309181749820709229e-02
-1.938986964523792267e-02
-3.015914186835289001e-02
1.171876117587089539e-02
7.227517198771238327e-03
2.981012454256415367e-03
3.259485587477684021e-02
3.037407435476779938e-02
-1.758635230362415314e-02
-3.703649714589118958e-02
-4.006213322281837463e-02
-6.025389581918716431e-02
-2.685949020087718964e-02
-4.271886870265007019e-02
-4.900090023875236511e-02
-8.210429223254323006e-04
-4.113964363932609558e-02
1.569916843436658382e-03
-1.984346844255924225e-02
-4.282271862030029297e-02
-8.403577841818332672e-03
-4.130269959568977356e-02
-3.398471698164939880e-02
-2.455548197031021118e-02
2.047118498012423515e-03
-3.067007847130298615e-02
-2.198905311524868011e-02
4.603640735149383545e-02
-1.226950995624065399e-02
-2.155235223472118378e-02
2.024437673389911652e-02
-3.087038174271583557e-02
-3.237939998507499695e-02
-1.379361003637313843e-02
2.113158814609050751e-02
2.519383653998374939e-02
-1.921031437814235687e-02
3.231753408908843994e-02
2.555008232593536377e-02
-3.413803130388259888e-02
-3.094613365828990936e-02
-3.135171532630920410e-02
-2.538510784506797791e-02
-6.071175262331962585e-02
2.327633649110794067e-02
-6.045836582779884338e-02
-6.765830516815185547e-02
-3.680027276277542114e-02
-4.261880740523338318e-02
-7.021623849868774414e-02
-4.831207171082496643e-02
-5.058516561985015869e-02
-1.023187674582004547e-02
9.621439501643180847e-03
-6.998492777347564697e-02
-3.804519400000572205e-02
1.984138973057270050e-02
-9.489813819527626038e-03
1.466489490121603012e-02
4.125096276402473450e-02
1.982474001124501228e-03
-2.893695048987865448e-02
-5.365679971873760223e-03
-9.613581001758575439e-03
-3.249405324459075928e-02
-3.256443515419960022e-02
-8.862650953233242035e-03
-1.986431702971458435e-02
-3.151987120509147644e-02
-1.530305109918117523e-02
3.272793442010879517e-02
-7.163702044636011124e-03
-4.225301370024681091e-02
-2.869458496570587158e-02
-3.888084366917610168e-02
5.512569565325975418e-03
-1.092358585447072983e-02
2.799666486680507660e-02
-6.870958954095840454e-02
-1.237202621996402740e-02
-4.826720803976058960e-03
-3.051115572452545166e-02
-3.022838570177555084e-02
-3.570781275629997253e-02
-5.443612858653068542e-02
-4.066287726163864136e-02
-5.624018236994743347e-02
2.154398709535598755e-02
2.194048650562763214e-02
1.648982800543308258e-02
2.388653159141540527e-02
-5.241673905402421951e-03
-2.131344005465507507e-02
1.353140082210302353e-02
8.246977813541889191e-04
-1.223029103130102158e-02
-1.636848971247673035e-02
-3.336032480001449585e-02
-4.517234116792678833e-02
-1.038250792771577835e-02
-2.655372023582458496e-02
-1.788139156997203827e-02
-5.032310262322425842e-03
-3.980302065610885620e-02
-1.986056193709373474e-02
7.762671448290348053e-03
5.021836981177330017e-02
3.413400053977966309e-02
-6.222799792885780334e-02
-3.979143500328063965e-02
-6.101963669061660767e-02
8.584398776292800903e-03
3.059523180127143860e-02
1.499290345236659050e-03
3.555091843008995056e-02
4.412493109703063965e-02
5.786189064383506775e-02
-2.810845524072647095e-02
-4.843425750732421875e-02
-3.634345903992652893e-02
-1.383437868207693100e-02
-3.412310779094696045e-02
-2.229286171495914459e-02
-2.841620333492755890e-02
-2.826731279492378235e-02
-8.308475837111473083e-03
4.402180761098861694e-02
3.305312246084213257e-02
5.070196464657783508e-03
-3.131771087646484375e-02
-3.126379474997520447e-02
-1.911192573606967926e-02
-6.373575329780578613e-02
-1.984474062919616699e-02
-7.163991779088973999e-02
-7.719136029481887817e-02
-1.727030798792839050e-02
-1.556891389191150665e-02
-4.322699084877967834e-02
6.963295862078666687e-03
5.433861538767814636e-02
-4.848698154091835022e-02
-2.072407864034175873e-03
-2.116746455430984497e-02
-5.993332341313362122e-02
-2.171083725988864899e-02
-7.969604805111885071e-03
-1.384281553328037262e-02
3.902721405029296875e-02
2.238601446151733398e-02
-7.932604290544986725e-03
-2.672908082604408264e-02
1.106553152203559875e-02
-1.983670517802238464e-02
-3.972196578979492188e-02
-2.751455269753932953e-02
1.791003509424626827e-03
-3.828123584389686584e-02
-2.042652852833271027e-02
5.473542958498001099e-02
6.983511149883270264e-02
1.083491146564483643e-01
1.241108961403369904e-02
1.302176853641867638e-03
1.505418866872787476e-02
-1.116051804274320602e-02
-4.851274564862251282e-02
-2.798218466341495514e-02
-1.082778163254261017e-02
-4.049316048622131348e-03
-5.029157735407352448e-03
-2.310190349817276001e-02
-3.187553025782108307e-03
1.882852241396903992e-02
-2.053299546241760254e-02
-8.879647590219974518e-03
-1.543789543211460114e-02
-5.476455390453338623e-02
-1.836851052939891815e-02
-3.159386292099952698e-02
-1.919526793062686920e-02
1.114682201296091080e-02
-4.507411271333694458e-02
-1.291265431791543961e-02
1.075649540871381760e-02
-2.667107619345188141e-02
-3.563110658433288336e-04
-1.006454601883888245e-02
-2.842202596366405487e-02
5.375026958063244820e-04
-7.222905289381742477e-03
-4.271873459219932556e-02
1.935364678502082825e-02
5.315452069044113159e-02
1.558362320065498352e-02
-6.658250931650400162e-03
1.113384589552879333e-02
2.087507955729961395e-02
-1.287842728197574615e-02
-2.911683358252048492e-02
-1.068807486444711685e-02
-4.415050521492958069e-02
-4.809592664241790771e-02
-4.858504980802536011e-02
-1.809484092518687248e-03
-2.818094380199909210e-02
-1.860640384256839752e-02
2.992451377213001251e-02
5.133576318621635437e-02
4.088660329580307007e-02
-2.145370841026306152e-02
6.370410323143005371e-03
-2.308091521263122559e-02
7.837065309286117554e-02
6.201795861124992371e-02
5.974948406219482422e-02
-6.537688523530960083e-02
-1.084447056055068970e-01
-9.312531352043151855e-02
7.391012273728847504e-03
6.138052791357040405e-03
-1.951315626502037048e-02
4.601394385099411011e-02
4.470540583133697510e-02
-3.437307849526405334e-02
-2.915988303720951080e-02
1.404983829706907272e-02
-2.997309155762195587e-02
2.090720273554325104e-02
3.949481993913650513e-02
3.782423300435766578e-05
-7.057145703583955765e-03
-2.983171865344047546e-02
-3.233883902430534363e-02
2.319347858428955078e-02
-9.217157959938049316e-03
1.177703845314681530e-03
3.238017484545707703e-02
-9.226470254361629486e-03
-1.352378074079751968e-02
1.664609275758266449e-02
4.328592494130134583e-02
3.495498374104499817e-02
2.063174545764923096e-02
1.894982159137725830e-02
1.848507300019264221e-02
1.315757911652326584e-02
-7.676660548895597458e-03
2.253068052232265472e-02
-1.723139546811580658e-02
-5.105150863528251648e-03
-7.444536685943603516e-02
-3.760613501071929932e-02
1.088506262749433517e-02
-4.903164133429527283e-02
-6.032072938978672028e-03
6.379760056734085083e-02
-1.289095636457204819e-02
9.244907647371292114e-03
-4.206037614494562149e-03
-5.234435666352510452e-03
-4.578759428113698959e-03
-1.012291572988033295e-02
-2.574420534074306488e-02
-1.684351637959480286e-02
1.736499019898474216e-03
-2.551729604601860046e-02
-5.075055733323097229e-02
-3.308591991662979126e-02
-6.713467091321945190e-02
-8.045181632041931152e-03
1.370685361325740814e-02
-1.842859759926795959e-02
-3.905924968421459198e-03
3.056614100933074951e-02
-2.772882953286170959e-02
1.184405060485005379e-03
2.707920270040631294e-03
7.702012080699205399e-03
9.738960070535540581e-04
3.693985519930720329e-03
-1.006561238318681717e-02
-1.238263770937919617e-02
2.076303027570247650e-02
7.205428555607795715e-04
3.921918570995330811e-02
5.260074883699417114e-02
3.188529983162879944e-02
3.322302922606468201e-02
2.528374269604682922e-02
-5.205321591347455978e-03
-1.640078262425959110e-03
-2.169946208596229553e-02
-6.103742402046918869e-03
-1.043750997632741928e-02
2.403623238205909729e-02
7.449786644428968430e-03
-6.254770606756210327e-02
-3.015877678990364075e-02
-4.844378679990768433e-02
-8.252927102148532867e-03
2.876758761703968048e-02
-3.361072391271591187e-02
2.244900539517402649e-02
-2.868981845676898956e-02
1.934184692800045013e-02
-4.297248646616935730e-02
-7.320551574230194092e-02
-3.649160638451576233e-02
-4.049263894557952881e-02
-4.950272291898727417e-02
-1.021464448422193527e-02
2.489343023626133800e-05
-1.043999288231134415e-02
-1.682701706886291504e-02
3.948951512575149536e-02
3.002559393644332886e-02
9.680542163550853729e-03
6.372734159231185913e-02
4.539815336465835571e-02
2.883098553866147995e-03
3.239189088344573975e-02
5.079970881342887878e-02
5.842579901218414307e-02
-2.615256980061531067e-02
-2.114158123731613159e-02
-2.952695451676845551e-02
-5.167008936405181885e-02
-4.074062034487724304e-02
-3.536620363593101501e-02
7.425951957702636719e-02
8.512959629297256470e-02
6.328029930591583252e-02
6.729385349899530411e-03
6.372864823788404465e-03
4.441002849489450455e-03
-4.196625575423240662e-02
-4.490863531827926636e-02
-2.530162408947944641e-02
-1.172066479921340942e-02
3.082891460508108139e-03
1.118928473442792892e-02
-2.738036774098873138e-02
-6.995664909482002258e-03
1.744343154132366180e-02
-7.049374282360076904e-03
-7.905684411525726318e-03
2.567708306014537811e-02
9.112659841775894165e-03
-2.669658884406089783e-02
-9.927417151629924774e-03
-1.902307383716106415e-02
-4.311463236808776855e-02
-2.149471268057823181e-02
1.302351336926221848e-02
-4.585777875036001205e-03
2.804485848173499107e-03
-6.291597336530685425e-02
-3.305145725607872009e-02
-6.179709360003471375e-02
-2.807077392935752869e-02
6.543452292680740356e-02
4.744432866573333740e-03
-8.982524275779724121e-03
6.839010864496231079e-02
8.358847349882125854e-03
-3.943381458520889282e-02
-3.529927227646112442e-03
-2.614831319078803062e-03
-5.118245631456375122e-02
-3.070699423551559448e-02
-1.992514356970787048e-02
-5.576318502426147461e-02
-1.758094504475593567e-02
-1.817809883505105972e-03
2.392105059698224068e-03
7.561124395579099655e-03
5.561488680541515350e-03
-6.542661227285861969e-03
-6.862075068056583405e-03
4.743456840515136719e-03
2.324678748846054077e-02
1.758056692779064178e-02
4.533982276916503906e-02
-1.828558556735515594e-02
1.246988307684659958e-02
1.204586680978536606e-02
-1.448805816471576691e-02
-2.334986440837383270e-02
-1.147281564772129059e-02
-2.815110050141811371e-02
-3.485123068094253540e-02
-3.380591422319412231e-02
3.360147401690483093e-02
2.881578728556632996e-02
1.741613820195198059e-02
-3.977436572313308716e-03
-2.632159925997257233e-02
-1.330180838704109192e-02
-1.190929673612117767e-02
8.658047765493392944e-03
-3.212907584384083748e-03
2.468296559527516365e-03
1.240885909646749496e-02
6.240441929548978806e-03
-1.281070057302713394e-02
-1.705135963857173920e-02
-1.155285537242889404e-02
7.680766284465789795e-04
1.517630554735660553e-02
3.485604887828230858e-03
-1.173981279134750366e-02
-9.806673042476177216e-03
4.525578580796718597e-03
6.977711617946624756e-02
9.014991670846939087e-02
9.007164090871810913e-02
-7.428130484186112881e-04
-1.135791465640068054e-02
-2.957837283611297607e-02
3.886166960000991821e-02
2.983361482620239258e-02
-4.136715456843376160e-02
-2.004870399832725525e-02
-4.507523775100708008e-02
-7.951487600803375244e-02
-2.966498024761676788e-02
-3.223295137286186218e-02
-3.871850669384002686e-02
-9.191148914396762848e-03
-1.955130323767662048e-02
-4.170191660523414612e-02
9.037720970809459686e-03
-1.600958779454231262e-02
-4.168222099542617798e-02
2.454373612999916077e-02
1.340113300830125809e-02
-2.086058259010314941e-02
-5.502215586602687836e-03
-1.271668076515197754e-02
-4.876133054494857788e-03
8.015099912881851196e-03
2.472111396491527557e-02
5.548425950109958649e-03
-1.480792649090290070e-02
-3.360673086717724800e-03
1.186338346451520920e-02
2.553555532358586788e-04
6.215571612119674683e-02
4.942249134182929993e-02
3.413838893175125122e-02
3.843231871724128723e-02
1.288458425551652908e-02
4.865263029932975769e-02
2.600675821304321289e-02
5.076427385210990906e-02
2.207836322486400604e-02
4.011781420558691025e-03
-2.700772136449813843e-03
-2.088981680572032928e-02
-4.414271563291549683e-02
-2.036812156438827515e-02
8.127878420054912567e-03
-1.405480690300464630e-02
3.652316285297274590e-03
-2.080406807363033295e-02
-4.454872384667396545e-02
1.131857046857476234e-03
-4.592450708150863647e-02
-4.147290810942649841e-02
2.031055279076099396e-02
-7.054609060287475586e-02
-5.209068208932876587e-02
1.103502791374921799e-02
-1.147633604705333710e-02
8.209052495658397675e-03
6.516663124784827232e-04
1.319882692769169807e-03
-1.347023621201515198e-02
-1.683567278087139130e-02
9.112663567066192627e-03
-5.832174327224493027e-03
-2.799067588057368994e-04
-1.485739741474390030e-02
-1.685721054673194885e-02
2.179794944822788239e-02
-2.361593768000602722e-03
-3.860387578606605530e-02
8.064095745794475079e-04
5.751439020968973637e-04
-3.671646863222122192e-02
-2.289703488349914551e-02
1.212966255843639374e-02
-9.738338179886341095e-03
-1.731625385582447052e-02
4.142778366804122925e-02
6.084247957915067673e-03
3.645529970526695251e-02
2.441346831619739532e-02
2.956143207848072052e-02
3.565450385212898254e-02
1.998796593397855759e-03
-5.226206500083208084e-03
6.553117185831069946e-03
4.372616764158010483e-03
-2.026258502155542374e-03
-3.744839504361152649e-02
-2.819071710109710693e-02
-1.092501264065504074e-02
-3.724512457847595215e-02
-5.512093775905668736e-04
2.014656551182270050e-03
4.420786723494529724e-02
-2.558357641100883484e-02
-2.154888585209846497e-02
-1.257674396038055420e-02
-1.377403456717729568e-02
2.490885928273200989e-02
3.989717923104763031e-03
3.342293202877044678e-02
6.441798992455005646e-03
-1.997674442827701569e-02
-3.130889311432838440e-02
-3.973754867911338806e-02
-5.950108170509338379e-02
4.890963900834321976e-03
-1.326094940304756165e-02
-2.992787957191467285e-02
-4.062962532043457031e-02
-1.347025018185377121e-02
3.551878407597541809e-02
-3.898920491337776184e-02
-2.061352133750915527e-02
5.538292694836854935e-03
-3.248627483844757080e-02
-2.732554264366626740e-02
1.833308301866054535e-02
1.134144607931375504e-02
-7.692517247051000595e-03
5.633533466607332230e-03
2.501891739666461945e-02
5.499848723411560059e-02
5.633191764354705811e-02
-1.367513369768857956e-02
3.694247221574187279e-03
-1.360626309178769588e-03
-2.948614954948425293e-02
8.890485391020774841e-03
-1.933204382658004761e-02
-1.357444189488887787e-02
4.037792980670928955e-02
6.452192086726427078e-03
-7.265709340572357178e-03
3.557086735963821411e-02
6.267616990953683853e-03
-2.688111970201134682e-03
7.952270098030567169e-03
-2.604332379996776581e-02
-3.379643661901354790e-03
-9.643872035667300224e-04
-2.246733196079730988e-02
6.297090556472539902e-03
2.987440675497055054e-04
-1.717514730989933014e-02
1.209107227623462677e-02
2.843764843419194221e-03
6.719985511153936386e-03
2.539042383432388306e-02
1.697261445224285126e-02
1.344354171305894852e-02
-2.856820065062493086e-04
3.165376838296651840e-03
-4.569077398627996445e-03
-1.813264749944210052e-02
-2.629249170422554016e-02
-3.182562440633773804e-02
6.248514167964458466e-03
1.290156878530979156e-02
3.153455629944801331e-02
-2.765525504946708679e-02
-5.138630792498588562e-02
-3.966383635997772217e-02
3.424435108900070190e-02
-1.173730473965406418e-02
-3.671750053763389587e-02
-1.985545456409454346e-02
-5.418362841010093689e-02
-5.270128697156906128e-02
-1.411361154168844223e-02
-4.810740426182746887e-02
-2.370080165565013885e-02
-7.754579652100801468e-03
1.975491642951965332e-02
2.720063924789428711e-02
-3.463213518261909485e-02
-1.430145744234323502e-02
-2.753601223230361938e-02
-3.180294483900070190e-02
-3.021029010415077209e-02
-3.071995079517364502e-02
-1.986411213874816895e-02
-1.585845462977886200e-02
1.784663461148738861e-02
-3.660469548776745796e-03
-3.076349850744009018e-03
3.046869300305843353e-02
-2.288238704204559326e-02
-4.263171926140785217e-02
-3.387894108891487122e-02
1.125336345285177231e-02
1.392494048923254013e-02
-9.920291602611541748e-03
-9.359263814985752106e-03
6.828081095591187477e-04
-4.592301324009895325e-02
-6.045422330498695374e-02
-4.495427012443542480e-02
-6.789167970418930054e-02
-3.979460522532463074e-02
-1.118503231555223465e-02
-3.699596971273422241e-02
-6.397514790296554565e-02
-5.547718703746795654e-02
-8.367297053337097168e-02
-4.924215842038393021e-03
-1.992138475179672241e-02
-4.751193523406982422e-02
-3.317346796393394470e-02
-6.607992947101593018e-02
-5.544999241828918457e-02
-3.915967792272567749e-02
-5.580178648233413696e-02
-4.204318672418594360e-02
-1.785920560359954834e-02
-3.625259920954704285e-02
8.307475596666336060e-03
-1.470268610864877701e-02
-3.256306052207946777e-02
-2.530374191701412201e-02
-4.170484468340873718e-02
-3.408923372626304626e-02
-6.854540854692459106e-02
5.238822195678949356e-04
4.881918430328369141e-03
-4.409375414252281189e-02
1.717067696154117584e-02
-2.782862260937690735e-02
-5.846137180924415588e-02
3.327149897813796997e-02
4.041921347379684448e-02
3.335596621036529541e-02
-1.881565526127815247e-02
8.656863123178482056e-03
-8.084028027951717377e-03
-5.845748633146286011e-02
4.036115948110818863e-03
1.811785995960235596e-02
3.104569204151630402e-02
-1.095882058143615723e-02
-1.355854142457246780e-02
6.880332529544830322e-02
6.032399460673332214e-02
-3.549093380570411682e-02
-3.950970992445945740e-02
-1.458369754254817963e-02
3.141067549586296082e-02
-4.309882968664169312e-02
-2.173201739788055420e-02
1.350740063935518265e-02
3.530290722846984863e-02
3.274934366345405579e-02
4.222716670483350754e-03
-4.968023300170898438e-02
-2.781999669969081879e-02
-7.915114983916282654e-04
-4.129232093691825867e-02
-2.734795771539211273e-02
-1.837761513888835907e-02
-2.542586438357830048e-02
3.249588236212730408e-02
-1.505861617624759674e-02
-1.061870064586400986e-02
1.200559362769126892e-02
-2.914499200414866209e-04
-2.221099659800529480e-02
-1.598337548784911633e-03
1.136760227382183075e-02
2.577554807066917419e-02
-1.835288107395172119e-02
8.409650065004825592e-03
3.329534083604812622e-02
-5.218120757490396500e-03
-3.287426754832267761e-02
1.996262744069099426e-02
-3.295757994055747986e-02
-1.405285205692052841e-02
3.704442456364631653e-02
2.050651051104068756e-02
-7.657407317310571671e-03
6.661592982709407806e-03
-4.590453580021858215e-03
-3.393903840333223343e-03
-1.752911508083343506e-02
8.587990305386483669e-04
1.045914646238088608e-02
-2.917696535587310791e-02
-1.010460220277309418e-02
2.004829794168472290e-02
-5.018940940499305725e-02
-1.412060670554637909e-02
4.145129397511482239e-02
-2.794178761541843414e-02
-2.291476121172308922e-03
-5.952016450464725494e-03
-3.918687254190444946e-02
1.191130839288234711e-02
-6.678523030132055283e-03
3.842952102422714233e-02
1.362748723477125168e-02
-2.580387284979224205e-03
5.347108095884323120e-02
6.834164261817932129e-03
-3.482105582952499390e-02
4.801959916949272156e-02
2.561760693788528442e-02
-7.292180508375167847e-02
2.111351676285266876e-02
-1.730115339159965515e-02
2.639654465019702911e-02
-2.220993489027023315e-02
-6.665957625955343246e-03
1.567936502397060394e-03
-3.640211746096611023e-02
5.785951390862464905e-03
3.688511205837130547e-03
-1.606952585279941559e-02
-1.665548048913478851e-02
4.026840254664421082e-02
-6.863949354737997055e-03
-5.347326863557100296e-03
3.097486309707164764e-02
3.491441486403346062e-03
3.591074049472808838e-02
1.115056220442056656e-02
3.380179405212402344e-02
1.895390823483467102e-02
3.375700442120432854e-03
-3.360079834237694740e-03
1.668000477366149426e-03
-1.932544261217117310e-02
-5.610090121626853943e-02
-4.077610373497009277e-02
-4.161303490400314331e-02
-3.585660364478826523e-03
1.939531415700912476e-03
-1.244510174728929996e-03
4.076078999787569046e-03
2.900916710495948792e-02
-1.677811890840530396e-02
-5.105165019631385803e-02
2.587321400642395020e-02
-2.446213364601135254e-02
-3.952621296048164368e-02
-3.190700709819793701e-02
-2.730606123805046082e-02
-1.314710918813943863e-02
1.593339443206787109e-02
1.760630682110786438e-02
-2.173671871423721313e-02
-2.538041956722736359e-02
-1.449171360582113266e-02
-3.617361932992935181e-02
-4.440452530980110168e-02
-5.884111300110816956e-02
4.857597872614860535e-02
-2.550916373729705811e-02
-7.843154668807983398e-02
7.159292697906494141e-02
4.346791282296180725e-02
-3.535521402955055237e-02
2.970657125115394592e-02
3.347781673073768616e-02
8.338257670402526855e-03
9.033930487930774689e-03
-6.556249718414619565e-05
-2.061323821544647217e-02
-4.925490356981754303e-03
2.529139071702957153e-02
1.367004704661667347e-03
-5.720071867108345032e-02
-9.899850003421306610e-03
3.709864243865013123e-02
-3.252175822854042053e-02
1.130259037017822266e-02
7.187118381261825562e-02
-4.889746010303497314e-02
-4.335914924740791321e-02
6.906844675540924072e-02
1.494243275374174118e-02
9.481533430516719818e-03
2.720629563555121422e-03
3.050771541893482208e-02
-1.918040961027145386e-02
-1.778269000351428986e-02
1.279086992144584656e-02
1.142046321183443069e-02
-1.086425222456455231e-02
1.391066517680883408e-02
-3.243598714470863342e-02
9.242205880582332611e-03
1.271271705627441406e-02
2.059845067560672760e-02
2.492095157504081726e-02
-3.305563936010003090e-03
4.850062355399131775e-02
4.000644013285636902e-02
-2.756364271044731140e-02
-1.330765988677740097e-02
-2.153033949434757233e-02
1.625722274184226990e-03
-3.348106890916824341e-02
-3.421817347407341003e-02
3.343010693788528442e-02
1.785421930253505707e-02
-5.808345600962638855e-02
4.403169453144073486e-02
2.455596998333930969e-02
-2.391712181270122528e-02
4.446283355355262756e-02
2.394527196884155273e-02
-6.100002210587263107e-04
1.278973743319511414e-02
-4.151282086968421936e-02
-2.996730245649814606e-02
4.717324860394001007e-03
1.876539923250675201e-02
-6.770471809431910515e-04
-1.435204595327377319e-02
7.105473894625902176e-03
8.138802833855152130e-03
-4.534348100423812866e-02
-4.965898767113685608e-02
-2.995796501636505127e-02
-2.429414074867963791e-03
1.571720466017723083e-02
2.284120582044124603e-02
5.848678294569253922e-03
-3.232562681660056114e-03
-1.173192635178565979e-02
-2.928983012679964304e-04
-1.585489325225353241e-02
-3.276073560118675232e-02
2.815903536975383759e-02
5.114487139508128166e-04
-4.745155945420265198e-02
4.840563982725143433e-03
2.270421572029590607e-02
2.405997738242149353e-02
-2.815376035869121552e-02
-1.217653602361679077e-02
-4.199560731649398804e-03
-1.898312941193580627e-02
-1.766049675643444061e-02
-3.530143992975354195e-03
-2.497211797162890434e-03
2.344466559588909149e-02
-1.219257339835166931e-02
3.257511556148529053e-02
7.790262252092361450e-02
3.087425790727138519e-02
9.165677241981029510e-03
3.142593428492546082e-03
8.834312111139297485e-02
-2.427125349640846252e-03
5.715404450893402100e-02
6.321983039379119873e-02
-4.144766554236412048e-02
3.166563436388969421e-02
3.812925890088081360e-02
-6.963473744690418243e-03
1.129397773183882236e-03
3.062511235475540161e-02
-3.549049422144889832e-02
-1.076134573668241501e-02
8.490890264511108398e-02
-6.064185872673988342e-02
-4.497188329696655273e-02
3.109886683523654938e-02
-1.525478810071945190e-02
-2.759231999516487122e-02
-5.566459149122238159e-02
-3.483593836426734924e-02
-5.880667828023433685e-03
-1.411717291921377182e-02
-3.857598081231117249e-02
-4.683009907603263855e-02
-1.669439859688282013e-02
-5.617000907659530640e-02
-1.586221158504486084e-02
-4.503899253904819489e-03
-3.460915014147758484e-02
-2.012318372726440430e-02
2.725074253976345062e-02
-5.493995547294616699e-02
-4.497663676738739014e-02
7.203587889671325684e-02
9.336069226264953613e-03
-2.303529530763626099e-02
8.876113221049308777e-03
-1.757089793682098389e-02
-4.579068347811698914e-02
1.768461079336702824e-03
-3.697273135185241699e-02
-4.688216000795364380e-02
5.369012709707021713e-03
1.406953320838510990e-03
3.527277614921331406e-03
-5.850825086236000061e-02
-6.735554896295070648e-03
-2.824224531650543213e-03
-6.937481462955474854e-02
-4.841460846364498138e-03
1.116715092211961746e-02
-3.133931010961532593e-02
7.649609819054603577e-03
3.325198590755462646e-02
2.250492200255393982e-02
-8.021193556487560272e-03
-1.301741879433393478e-02
3.258725395426154137e-03
-4.941515251994132996e-02
-2.571551501750946045e-02
-1.388260722160339355e-02
1.103894133120775223e-02
1.660254597663879395e-02
-1.990859955549240112e-02
4.100386425852775574e-02
8.710329420864582062e-03
5.403686314821243286e-03
5.893140658736228943e-02
3.939019888639450073e-02
-1.653921417891979218e-02
3.074382198974490166e-03
-1.547017041593790054e-02
-1.162632834166288376e-02
-2.806147001683712006e-02
-4.844971001148223877e-02
-5.793830007314682007e-02
-1.160577405244112015e-03
-2.013775520026683807e-02
2.859508991241455078e-02
-3.006691858172416687e-02
-2.199775353074073792e-02
-1.320615783333778381e-02
-2.588311769068241119e-02
-2.016461687162518501e-03
-1.446224283427000046e-02
3.984345495700836182e-02
6.048736348748207092e-02
4.593400657176971436e-02
-2.106785774230957031e-02
-2.173642814159393311e-02
-6.677221506834030151e-03
-3.132361546158790588e-02
-5.355154722929000854e-02
-8.593861758708953857e-02
-9.757386520504951477e-03
-2.259259298443794250e-02
-4.204919561743736267e-02
-4.738590493798255920e-02
-1.805578731000423431e-02
-3.965964168310165405e-02
-2.011403813958168030e-02
9.531590156257152557e-03
-1.821311376988887787e-02
-2.503422088921070099e-02
4.277146607637405396e-02
4.519676044583320618e-02
-6.196466833353042603e-02
-7.993548363447189331e-02
-7.943040132522583008e-02
-1.763034798204898834e-02
-1.117726415395736694e-02
-9.678687900304794312e-03
4.714297503232955933e-02
7.005068659782409668e-02
8.867704868316650391e-02
-2.743430668488144875e-03
3.213614970445632935e-02
1.439405884593725204e-02
-1.424978021532297134e-02
4.530841112136840820e-02
1.148412586189806461e-03
-1.124658528715372086e-02
1.338528189808130264e-02
-2.685128338634967804e-02
-2.509679831564426422e-02
-2.987135015428066254e-02
-1.185439713299274445e-02
-8.091822266578674316e-02
-6.051438674330711365e-02
-7.786443084478378296e-02
-4.942180588841438293e-02
4.385936073958873749e-03
-3.046080097556114197e-02
-2.870367653667926788e-02
-2.970861271023750305e-02
-1.972888410091400146e-02
1.194426883012056351e-02
2.787827281281352043e-03
5.079336836934089661e-02
2.189647965133190155e-02
1.539087761193513870e-02
2.569864876568317413e-02
2.108761295676231384e-02
-2.018882520496845245e-02
-3.428221493959426880e-02
-9.989346377551555634e-03
-2.642560191452503204e-02
-2.099066786468029022e-02
1.348680350929498672e-02
3.829707577824592590e-02
1.044991333037614822e-02
2.567714080214500427e-02
-1.146552385762333870e-03
1.989593729376792908e-02
4.712577909231185913e-03
-4.868016019463539124e-02
-5.403038486838340759e-02
-3.722861036658287048e-02
-4.629167262464761734e-03
-2.672071103006601334e-03
-2.164003439247608185e-02
-2.208627201616764069e-02
1.036031171679496765e-02
-1.482048630714416504e-02
-4.076644778251647949e-03
8.609005250036716461e-03
1.328113116323947906e-02
9.098166599869728088e-03
2.263203077018260956e-02
-3.902435302734375000e-02
-3.849944472312927246e-02
-3.657479584217071533e-02
1.394678559154272079e-02
-7.334174733841791749e-05
-8.212591521441936493e-03
5.222352221608161926e-02
2.019771747291088104e-02
2.940418384969234467e-02
1.241222862154245377e-02
1.693651638925075531e-02
2.314298041164875031e-02
-5.325081199407577515e-02
-5.357126891613006592e-02
-5.359937250614166260e-02
-4.575529694557189941e-02
-1.726944930851459503e-02
-7.877010852098464966e-03
6.443416327238082886e-02
1.690503582358360291e-02
2.509263530373573303e-02
1.321442984044551849e-02
-1.202720310539007187e-02
4.827629029750823975e-02
-1.170331705361604691e-02
-3.167942166328430176e-02
2.612978778779506683e-02
6.873925682157278061e-03
-6.656013894826173782e-03
-1.766980066895484924e-02
-3.654867783188819885e-02
-2.588472329080104828e-02
-1.509825326502323151e-02
-3.634252771735191345e-02
3.548292152117937803e-04
-4.087219014763832092e-03
-3.796212375164031982e-02
-2.026105672121047974e-02
-4.397551715373992920e-02
5.179839953780174255e-02
2.367476746439933777e-02
-6.478297058492898941e-03
9.256033226847648621e-03
-5.112934485077857971e-02
-4.394942522048950195e-02
1.593705080449581146e-02
4.068744834512472153e-03
-1.061021070927381516e-02
3.765290603041648865e-02
5.632828548550605774e-02
3.097534365952014923e-02
-2.059390023350715637e-02
-2.910797111690044403e-02
-6.267070770263671875e-02
2.901139110326766968e-02
3.125064447522163391e-02
5.134498234838247299e-03
-1.671168580651283264e-02
-6.166066974401473999e-02
-2.192795835435390472e-02
-4.567773267626762390e-02
-1.143101789057254791e-02
-4.559950530529022217e-02
4.319353494793176651e-03
1.979140937328338623e-02
1.815106533467769623e-02
1.913047744892537594e-03
-2.696289680898189545e-02
-1.277542207390069962e-02
8.141320198774337769e-03
-2.391505613923072815e-02
-9.879746474325656891e-03
-6.185572966933250427e-02
-2.614145912230014801e-02
-6.944751366972923279e-03
-1.398161984980106354e-02
2.076337300240993500e-02
9.769648313522338867e-03
-3.189162164926528931e-02
-4.103786125779151917e-02
-4.803333058953285217e-02
-3.736583516001701355e-02
3.043858706951141357e-02
-1.564852544106543064e-03
-1.956956647336483002e-02
4.454536363482475281e-03
-2.313488349318504333e-02
-2.257977426052093506e-02
-3.234764933586120605e-02
-4.622328653931617737e-02
-1.767643378116190434e-03
-1.884191110730171204e-02
-3.171406313776969910e-02
8.094106800854206085e-03
1.733070425689220428e-02
2.660231105983257294e-02
-2.807075157761573792e-02
-1.142995618283748627e-02
1.290948782116174698e-02
2.575053274631500244e-02
5.108085274696350098e-02
7.368247956037521362e-02
3.524573147296905518e-02
3.884823620319366455e-02
4.804903268814086914e-02
-2.510579861700534821e-02
-9.476627409458160400e-02
-9.173602610826492310e-02
-5.852704402059316635e-03
1.499579753726720810e-02
4.172287881374359131e-03
2.605785429477691650e-02
3.889717906713485718e-02
3.378176689147949219e-02
1.590101420879364014e-02
6.182384490966796875e-02
2.368045225739479065e-02
-5.176899489015340805e-03
-1.112239062786102295e-02
-1.550900633446872234e-03
4.177070409059524536e-02
4.864136688411235809e-03
5.431471508927643299e-04
1.398660708218812943e-03
3.617823496460914612e-02
6.546109914779663086e-03
2.158438228070735931e-02
-1.398150227032601833e-03
-1.909964904189109802e-02
1.638267375528812408e-02
-2.414939738810062408e-02
5.717950407415628433e-03
-2.740814909338951111e-02
-1.330341026186943054e-02
1.650012843310832977e-02
4.934293031692504883e-02
1.686385646462440491e-02
-3.232518211007118225e-02
8.627638220787048340e-03
-4.643882811069488525e-02
-2.682458050549030304e-02
-5.297125317156314850e-03
-4.155195504426956177e-02
-3.109704516828060150e-02
-1.618570089340209961e-02
-1.276704389601945877e-02
2.407818660140037537e-02
3.671598061919212341e-02
4.033853486180305481e-02
4.732288792729377747e-02
3.550989553332328796e-02
-1.064736628904938698e-03
-6.113704293966293335e-02
8.742183446884155273e-03
-4.896631464362144470e-02
-1.049914117902517319e-02
2.846749871969223022e-02
-3.508879244327545166e-02
-2.576209418475627899e-02
6.572984158992767334e-02
-3.708643838763237000e-03
-1.518181874416768551e-03
2.397958934307098389e-02
1.517111808061599731e-02
4.806556925177574158e-02
3.929316997528076172e-03
-1.729045063257217407e-02
5.568272899836301804e-03
-3.211307898163795471e-02
-2.009436860680580139e-02
-8.249465376138687134e-03
4.355836287140846252e-02
-5.465343128889799118e-03
-4.553582891821861267e-02
-1.830074936151504517e-02
-1.938149519264698029e-02
-4.070764034986495972e-02
-2.347848610952496529e-03
3.500275686383247375e-02
-1.403249707072973251e-02
9.513666154816746712e-04
2.808281569741666317e-04
-1.867622509598731995e-02
-1.569620892405509949e-02
1.861615292727947235e-02
1.394559908658266068e-02
-1.309805363416671753e-02
5.900045856833457947e-03
-2.314781025052070618e-02
-1.845195330679416656e-02
6.227251142263412476e-02
-3.821018338203430176e-02
-9.589754045009613037e-03
-5.215256474912166595e-03
1.832889206707477570e-02
-2.886790782213211060e-03
8.275476866401731968e-04
-4.389820992946624756e-02
-4.094290547072887421e-03
-4.023260250687599182e-02
-1.188100501894950867e-02
5.059982649981975555e-03
-2.599921450018882751e-02
-1.355484244413673878e-03
-1.566828042268753052e-02
1.486781705170869827e-02
1.849012635648250580e-02
5.333108128979802132e-05
3.211651742458343506e-02
2.477215044200420380e-02
-2.665193006396293640e-02
3.801536932587623596e-02
3.317284956574440002e-02
-4.137689247727394104e-02
1.461148262023925781e-02
1.608894951641559601e-02
1.190520264208316803e-02
2.250887826085090637e-02
3.839657828211784363e-02
2.725839987397193909e-02
-6.269605457782745361e-02
-3.998662903904914856e-02
2.435366436839103699e-02
-1.189832948148250580e-02
-2.355087548494338989e-02
-5.993820354342460632e-02
2.491849288344383240e-02
8.246698975563049316e-02
-4.143675416707992554e-02
-6.779461354017257690e-02
3.588420152664184570e-02
-3.176477178931236267e-02
-9.959687292575836182e-02
-7.558870315551757812e-02
1.514307968318462372e-02
-9.133424609899520874e-03
-6.670161336660385132e-02
-2.682572975754737854e-02
6.839373707771301270e-02
7.144019752740859985e-02
-3.746702149510383606e-02
-6.194673851132392883e-02
-8.686696179211139679e-03
3.595354408025741577e-02
4.380837455391883850e-02
-7.989011704921722412e-03
-2.668983675539493561e-02
-2.352696843445301056e-02
1.290249265730381012e-02
2.275755256414413452e-02
-8.370147645473480225e-02
1.565367914736270905e-02
-1.998809725046157837e-02
9.022288024425506592e-03
1.639792812056839466e-03
-3.000191599130630493e-02
2.084088884294033051e-02
-1.703050546348094940e-02
-3.955362364649772644e-02
5.582963116466999054e-03
3.190523013472557068e-02
1.467991992831230164e-02
4.237608611583709717e-02
4.851022735238075256e-02
-2.131053991615772247e-02
-4.290871322154998779e-02
2.105578593909740448e-02
-2.949848026037216187e-02
-4.494231566786766052e-02
-2.605991438031196594e-02
-6.663185544312000275e-03
1.113640423864126205e-02
1.525986101478338242e-02
-7.710214238613843918e-03
1.717534032650291920e-03
1.808188110589981079e-02
2.520431531593203545e-03
-3.890669345855712891e-02
-6.641252432018518448e-03
-3.995122853666543961e-03
-7.896761409938335419e-03
-1.292255334556102753e-02
-6.336266640573740005e-03
3.517743200063705444e-02
3.059687279164791107e-02
2.415456622838973999e-02
2.964293025434017181e-02
3.915034234523773193e-02
4.024426639080047607e-02
-1.569100422784686089e-03
-1.887290389277040958e-03
1.703893207013607025e-02
3.208836424164474010e-04
-3.544776141643524170e-02
1.977414824068546295e-02
2.559268148615956306e-03
-2.704128995537757874e-02
4.480125382542610168e-02
-1.742174290120601654e-02
-3.487289696931838989e-02
1.109528075903654099e-02
3.109450265765190125e-02
-7.020840793848037720e-02
1.659532077610492706e-02
6.743493676185607910e-02
1.913245394825935364e-02
-6.296678911894559860e-03
2.262213081121444702e-02
2.663549967110157013e-03
-8.249618113040924072e-03
3.207248076796531677e-02
3.339981660246849060e-02
-4.642124474048614502e-02
-9.098082035779953003e-02
-2.653019875288009644e-02
-2.958087250590324402e-03
3.365865722298622131e-02
2.340820431709289551e-02
-2.073527500033378601e-02
2.686662040650844574e-02
8.512207120656967163e-02
-3.422510623931884766e-02
-7.517578452825546265e-02
-6.213920935988426208e-02
3.081934154033660889e-02
-3.241784498095512390e-02
-3.390901535749435425e-02
4.680018872022628784e-02
3.298131749033927917e-02
-2.994667738676071167e-02
-3.747011069208383560e-03
5.972347036004066467e-02
3.865391761064529419e-02
2.728630602359771729e-02
1.716978847980499268e-02
-7.949083112180233002e-03
8.365643210709095001e-03
3.011142276227474213e-02
1.048608496785163879e-02
-5.221097171306610107e-02
-1.456925366073846817e-02
4.125643987208604813e-03
-3.827204927802085876e-03
-2.269277721643447876e-02
2.865580283105373383e-02
-1.143277063965797424e-02
9.315997362136840820e-03
7.390077691525220871e-03
2.131989970803260803e-02
9.351539425551891327e-03
-5.152443051338195801e-02
-1.614117994904518127e-02
4.650972038507461548e-02
2.523723617196083069e-02
-4.216257110238075256e-02
-7.601050287485122681e-02
-2.010855451226234436e-02
-2.227348834276199341e-02
-2.532502636313438416e-02
-1.234540063887834549e-02
3.189719095826148987e-02
-2.949309162795543671e-02
-5.388641729950904846e-02
2.428304590284824371e-02
4.199244827032089233e-02
-2.769782766699790955e-02
-4.191552847623825073e-02
4.780510440468788147e-02
-1.025515724904835224e-03
-2.266986295580863953e-02
-4.639253020286560059e-02
-1.921998336911201477e-02
-1.835214643506333232e-04
-1.872888766229152679e-02
-3.669044375419616699e-02
3.777193604037165642e-03
4.293543472886085510e-02
9.896510280668735504e-03
-7.823138497769832611e-03
1.818471774458885193e-02
-2.820539101958274841e-02
-7.244403474032878876e-03
1.053018402308225632e-02
1.254463847726583481e-02
-4.961682949215173721e-03
-3.730114549398422241e-02
-4.835404083132743835e-02
3.399931266903877258e-02
-5.106794834136962891e-02
-6.546461582183837891e-02
1.642545312643051147e-02
1.891090348362922668e-02
-5.038845539093017578e-02
-2.862627990543842316e-02
4.829093441367149353e-02
7.209721952676773071e-03
-1.089808810502290726e-02
1.777484081685543060e-02
-1.467122416943311691e-02
1.754872687160968781e-02
2.266732417047023773e-02
-9.114346466958522797e-03
1.190567575395107269e-02
1.351487357169389725e-02
-1.473222859203815460e-03
-2.188237011432647705e-02
-5.349356681108474731e-02
6.421464058803394437e-05
3.922309353947639465e-02
1.213872339576482773e-02
-4.310362786054611206e-02
7.745958864688873291e-02
1.378955040127038956e-02
-2.916663419455289841e-03
-8.571490645408630371e-03
-2.156485803425312042e-02
8.985841646790504456e-03
3.129992634057998657e-02
1.661624293774366379e-03
-1.016928628087043762e-02
-7.121910806745290756e-03
1.869091205298900604e-02
5.003225058317184448e-03
-2.372242137789726257e-02
-1.553739886730909348e-02
-2.537085115909576416e-02
1.406541746109724045e-02
3.075459226965904236e-02
-3.112304490059614182e-03
1.143653783947229385e-02
4.941925778985023499e-02
6.194591987878084183e-03
1.285619102418422699e-02
-2.817983180284500122e-02
-3.452989459037780762e-02
-8.045488968491554260e-03
-1.106004603207111359e-02
-7.397586107254028320e-02
1.097252871841192245e-02
7.386219501495361328e-02
8.623043075203895569e-03
-3.799073770642280579e-02
2.998344367370009422e-03
-6.237383931875228882e-03
-2.988439798355102539e-02
-1.287880446761846542e-02
-2.779315784573554993e-02
-2.192668803036212921e-02
-7.982031442224979401e-03
3.116791881620883942e-02
-2.835460752248764038e-02
1.987745985388755798e-02
1.849885098636150360e-02
-2.244281768798828125e-02
-3.811212256550788879e-02
-4.730110242962837219e-02
2.824392542243003845e-02
1.052734907716512680e-02
5.924065597355365753e-03
8.252038969658315182e-05
2.501752227544784546e-02
4.003687202930450439e-02
-2.664917334914207458e-02
-5.304527655243873596e-02
2.703409269452095032e-02
4.146302118897438049e-02
-1.763074845075607300e-02
-1.242391485720872879e-02
3.089508507400751114e-03
4.062934219837188721e-02
1.956273801624774933e-02
-2.590571902692317963e-02
2.889927476644515991e-02
3.021661192178726196e-02
-6.304542720317840576e-02
-1.193382777273654938e-02
-2.507588453590869904e-02
3.477245941758155823e-02
6.069475039839744568e-02
2.925583533942699432e-02
-4.136076569557189941e-02
-2.727731689810752869e-02
-2.257491275668144226e-02
2.036970481276512146e-02
-9.452453814446926117e-03
9.270261041820049286e-03
-3.394792228937149048e-02
-5.017201229929924011e-02
-3.731429204344749451e-02
2.183305658400058746e-02
-2.516608452424407005e-03
-2.941934391856193542e-02
2.591541968286037445e-02
3.118158318102359772e-02
-2.738206880167126656e-03
-5.853597447276115417e-02
4.223404824733734131e-02
-3.800290077924728394e-02
-2.357637695968151093e-02
8.648066967725753784e-02
-3.709955886006355286e-02
-2.427378296852111816e-02
-2.604001946747303009e-02
-6.696520000696182251e-02
-1.016079541295766830e-02
-3.127455711364746094e-02
-3.221857547760009766e-02
-6.698444951325654984e-03
-5.214179307222366333e-02
-2.114812843501567841e-02
6.929915398359298706e-03
3.585614264011383057e-02
8.371753990650177002e-02
-2.397115807980298996e-03
2.704801736399531364e-03
-2.032967051491141319e-03
-1.870441995561122894e-02
-4.256458487361669540e-03
3.010058403015136719e-02
4.057348705828189850e-03
-2.030863799154758453e-02
-1.913339016027748585e-03
2.312755025923252106e-02
4.920466989278793335e-02
4.900550469756126404e-03
2.486179396510124207e-02
2.017217315733432770e-02
-6.601285189390182495e-02
-3.790855780243873596e-02
-5.352658405900001526e-02
-7.266409695148468018e-02
1.253144536167383194e-02
-2.829897589981555939e-02
2.754000574350357056e-02
3.583970828913152218e-04
8.454929292201995850e-02
-1.221019215881824493e-02
-5.640489980578422546e-02
-2.715484704822301865e-03
-3.366398066282272339e-02
-5.673239938914775848e-04
-5.958903580904006958e-02
-2.643519081175327301e-02
1.178127340972423553e-02
-4.767693206667900085e-02
-7.729552686214447021e-02
-1.408211886882781982e-02
-3.589901700615882874e-02
-4.307506605982780457e-02
4.352186620235443115e-02
4.545107483863830566e-02
8.765882253646850586e-02
-2.541743963956832886e-02
-1.070466730743646622e-02
-1.566302962601184845e-03
-2.949652820825576782e-02
-1.877132989466190338e-02
-3.651542589068412781e-02
3.894805908203125000e-03
7.529993355274200439e-02
3.642935305833816528e-03
-6.050546094775199890e-02
9.110168367624282837e-02
-1.524554006755352020e-02
-3.078815899789333344e-02
4.427593667060136795e-03
-3.975058719515800476e-02
7.772669941186904907e-02
1.487836893647909164e-02
4.455641284584999084e-02
-2.396611310541629791e-02
-6.537333130836486816e-03
-7.504083216190338135e-03
-5.300459265708923340e-02
-1.368308998644351959e-02
-2.637538127601146698e-02
2.664905413985252380e-02
2.361183241009712219e-02
3.321655793115496635e-03
-1.881749741733074188e-02
-1.970779709517955780e-02
-2.268928661942481995e-02
-1.406331080943346024e-02
-3.891242295503616333e-02
-5.758004635572433472e-02
-1.127373985946178436e-02
-1.738742692396044731e-03
-1.934965699911117554e-02
-4.671449307352304459e-03
5.711001157760620117e-02
1.542348228394985199e-02
1.353115774691104889e-02
1.609106361865997314e-02
2.256822027266025543e-02
6.506557762622833252e-02
9.710458107292652130e-03
-1.319625182077288628e-03
-7.318374514579772949e-02
-8.361183106899261475e-02
-3.299100790172815323e-03
-2.589010819792747498e-02
-6.872132420539855957e-02
-6.069116294384002686e-02
1.316621340811252594e-02
1.536308508366346359e-02
3.797936066985130310e-02
-6.450065225362777710e-02
-5.944244936108589172e-02
-6.199750676751136780e-02
7.363061886280775070e-04
-6.017329171299934387e-03
3.414900600910186768e-02
-1.876783929765224457e-02
-3.478249767795205116e-03
-6.108478643000125885e-03
3.946432471275329590e-02
-1.520843897014856339e-02
6.243732757866382599e-03
5.498877540230751038e-02
1.596968388184905052e-03
1.704005338251590729e-02
-3.758971765637397766e-02
-4.440670087933540344e-02
-4.055011551827192307e-03
9.039498120546340942e-02
6.441663205623626709e-02
6.634473055601119995e-02
1.568510755896568298e-02
-5.686895921826362610e-02
-8.892117440700531006e-02
4.584726691246032715e-02
4.243372380733489990e-02
5.951305851340293884e-02
-4.241894558072090149e-02
6.638969480991363525e-02
-2.279024571180343628e-02
-4.359634965658187866e-02
2.342340908944606781e-02
-1.761741191148757935e-02
-4.890993982553482056e-02
-4.342116042971611023e-02
-2.134093828499317169e-02
-1.509153982624411583e-03
2.710513584315776825e-02
2.270282246172428131e-02
5.540200322866439819e-02
5.267664417624473572e-02
2.451193518936634064e-02
-4.543395712971687317e-02
-6.167295947670936584e-02
-3.214905783534049988e-02
-8.070157840847969055e-03
-5.962781235575675964e-02
1.143793109804391861e-02
1.424868963658809662e-02
4.556635767221450806e-02
5.450733378529548645e-02
1.421897858381271362e-02
-1.321733649820089340e-02
-1.291551906615495682e-02
1.005061436444520950e-02
-4.479806870222091675e-02
-1.046993955969810486e-02
-1.209246832877397537e-02
-1.315244194120168686e-02
-1.570670492947101593e-02
1.278509385883808136e-02
-2.189760282635688782e-02
1.096211466938257217e-02
-1.501503959298133850e-02
-7.453762460500001907e-03
-3.700813651084899902e-02
-2.735901391133666039e-03
6.923203170299530029e-02
1.970922201871871948e-02
3.580845077522099018e-04
-1.727336272597312927e-02
-2.213766053318977356e-02
2.485783025622367859e-02
2.848739037290215492e-03
3.228857368230819702e-02
-1.641930639743804932e-02
5.668227560818195343e-03
-1.090397592633962631e-02
-2.480676025152206421e-02
-9.514762088656425476e-03
-6.460560951381921768e-03
-4.632098600268363953e-02
4.190032370388507843e-03
-8.519749157130718231e-03
-3.124602138996124268e-02
-4.776277393102645874e-02
-4.912348836660385132e-02
7.732373196631669998e-03
-3.845122829079627991e-02
-1.345176436007022858e-02
2.428580448031425476e-02
-4.207723960280418396e-02
-5.359395965933799744e-02
-1.825708895921707153e-02
-4.409048706293106079e-02
3.134544566273689270e-02
-1.814679126255214214e-03
3.489722311496734619e-02
2.588490210473537445e-02
-2.630105614662170410e-02
2.521101851016283035e-03
-2.794353477656841278e-02
-5.725786834955215454e-02
-1.192165091633796692e-01
-5.303803086280822754e-02
-1.485599298030138016e-02
-8.499528630636632442e-04
8.085119538009166718e-03
-1.157876290380954742e-02
-5.409604310989379883e-02
-3.002972155809402466e-02
1.008902639150619507e-01
1.785022020339965820e-02
-3.901831060647964478e-02
-2.403951436281204224e-02
-9.839499369263648987e-03
-1.472605485469102859e-02
4.375867918133735657e-02
-2.438784018158912659e-02
-3.106082789599895477e-03
5.742989014834165573e-03
4.746807273477315903e-03
2.066391892731189728e-02
3.407770395278930664e-02
3.360075131058692932e-02
4.378998186439275742e-03
3.211352974176406860e-02
-8.618248254060745239e-02
-7.637505978345870972e-02
-5.626621097326278687e-02
-1.018974184989929199e-01
-7.251624763011932373e-02
3.114659525454044342e-02
-7.669959217309951782e-02
-4.783498495817184448e-02
-3.458204120397567749e-02
-7.056491822004318237e-02
-1.012605801224708557e-02
-4.053388722240924835e-03
-8.535875007510185242e-03
4.241663962602615356e-02
-4.961630702018737793e-02
-2.210243605077266693e-02
-2.981583587825298309e-02
-3.713330626487731934e-02
-3.577299043536186218e-02
-1.725901290774345398e-02
1.332710403949022293e-02
3.550335764884948730e-02
4.766390845179557800e-02
5.983575806021690369e-02
-6.087864562869071960e-02
-5.470716208219528198e-02
2.472085691988468170e-02
-4.145973548293113708e-02
-1.694450154900550842e-02
1.131307333707809448e-02
7.505833357572555542e-02
5.148546770215034485e-02
6.508894264698028564e-03
5.710219219326972961e-02
4.224441573023796082e-02
-2.418809197843074799e-02
1.310120150446891785e-02
4.499435424804687500e-02
-6.305124610662460327e-02
-4.447422921657562256e-02
3.233225434087216854e-04
-2.638527192175388336e-02
-1.489842776209115982e-02
-2.530261315405368805e-02
3.879916854202747345e-03
-5.901480093598365784e-03
1.308241486549377441e-02
1.753422059118747711e-02
1.045339647680521011e-02
1.294613070785999298e-02
-2.392738359048962593e-03
-2.118136361241340637e-02
-4.556514322757720947e-03
2.023059315979480743e-02
4.754571244120597839e-02
4.535238817334175110e-02
5.243242532014846802e-02
3.478709980845451355e-02
1.730986870825290680e-02
4.522848874330520630e-02
2.691735327243804932e-02
-8.329446427524089813e-03
5.884862691164016724e-02
3.374629188328981400e-03
-6.292139180004596710e-03
3.454805538058280945e-02
1.118758413940668106e-02
-1.810240000486373901e-02
-7.737248204648494720e-03
-5.876957438886165619e-03
-1.620091311633586884e-02
-2.173842862248420715e-02
-4.267639666795730591e-02
-2.423966489732265472e-02
-1.902879215776920319e-02
3.254591720178723335e-03
-4.108012467622756958e-02
4.447271581739187241e-03
-4.899377003312110901e-03
2.998371981084346771e-02
-2.843096479773521423e-02
1.121928915381431580e-02
5.531444028019905090e-02
-2.299744635820388794e-02
2.536087529733777046e-03
-7.849354296922683716e-03
-3.611939027905464172e-02
1.364857610315084457e-02
-1.443991437554359436e-02
3.211818868294358253e-03
2.817780524492263794e-02
1.341675408184528351e-02
-1.363183953799307346e-03
-1.020405162125825882e-02
2.864336129277944565e-03
-3.894892055541276932e-03
1.989369839429855347e-02
5.884165316820144653e-02
2.419584430754184723e-02
4.661523923277854919e-02
5.840122699737548828e-02
-1.120827253907918930e-02
-1.621224172413349152e-02
2.064488455653190613e-02
1.068936567753553391e-02
3.086555004119873047e-02
4.487268999218940735e-02
2.132846787571907043e-02
-8.976891404017806053e-04
-7.981827482581138611e-03
-2.501085400581359863e-02
-2.683113515377044678e-02
-2.112374827265739441e-02
-2.072670683264732361e-02
1.848147809505462646e-02
-2.172002196311950684e-02
1.138990465551614761e-02
2.760045975446701050e-02
1.217748271301388741e-03
-4.444892704486846924e-02
-1.601344347000122070e-02
-5.583116784691810608e-03
-3.111290745437145233e-02
-2.331566810607910156e-02
-1.926548220217227936e-02
2.848844742402434349e-03
2.781055122613906860e-02
3.249259665608406067e-02
1.091129053384065628e-02
3.194035589694976807e-02
6.628296524286270142e-02
-8.074151701293885708e-04
4.044880345463752747e-02
1.796956732869148254e-02
8.934578858315944672e-03
5.252594500780105591e-02
3.148254007101058960e-02
-1.167106907814741135e-02
1.195458136498928070e-02
-1.490992493927478790e-02
2.461365796625614166e-02
4.266221076250076294e-02
-2.713281475007534027e-02
-2.341894246637821198e-02
-1.084828935563564301e-02
-1.544264890253543854e-02
1.128731574863195419e-02
1.063723769038915634e-02
2.004166319966316223e-02
-2.127638459205627441e-02
-7.578213233500719070e-03
-1.220150291919708252e-02
2.662383578717708588e-02
3.534002229571342468e-02
4.376380518078804016e-02
-1.737953908741474152e-02
-9.695673361420631409e-03
8.493809029459953308e-03
1.573224551975727081e-02
1.822809316217899323e-02
-2.369669266045093536e-02
1.283382251858711243e-02
1.610078848898410797e-02
-1.049306709319353104e-02
2.142922207713127136e-02
3.091760538518428802e-02
2.558769285678863525e-02
1.703934744000434875e-02
1.117064803838729858e-02
6.589877884835004807e-03
2.518472634255886078e-02
-6.557331886142492294e-03
7.897677831351757050e-03
3.752912208437919617e-02
1.169559638947248459e-02
-3.368357196450233459e-02
-9.387068450450897217e-03
-1.868327520787715912e-02
3.557980805635452271e-02
4.358317703008651733e-02
4.863749817013740540e-02
6.064609810709953308e-02
7.602527737617492676e-03
2.056355401873588562e-02
-1.209974475204944611e-02
-2.180483192205429077e-02
3.217685036361217499e-03
5.630591511726379395e-02
1.555735245347023010e-02
4.061107710003852844e-02
6.359272170811891556e-03
-8.181275799870491028e-03
3.349845530465245247e-03
9.249149821698665619e-03
-7.931567728519439697e-03
3.115619160234928131e-02
4.679160658270120621e-03
-3.930199146270751953e-02
3.551654145121574402e-02
2.192526124417781830e-02
4.001552239060401917e-03
2.204481698572635651e-02
-5.927518359385430813e-04
-5.669575184583663940e-03
-4.229070618748664856e-02
-5.616042762994766235e-03
-2.504939213395118713e-02
-2.316933684051036835e-02
7.675004191696643829e-03
2.611811272799968719e-02
5.172543227672576904e-02
2.232737652957439423e-02
2.124890871345996857e-02
1.036673132330179214e-02
-1.743678562343120575e-02
3.813278675079345703e-02
3.368808329105377197e-02
1.641345210373401642e-02
2.152798138558864594e-02
4.239076748490333557e-03
-2.402515895664691925e-02
9.058684110641479492e-03
1.492080371826887131e-02
1.908634044229984283e-02
3.584928810596466064e-02
4.660983756184577942e-02
7.817137055099010468e-03
2.840908057987689972e-02
2.349250204861164093e-02
-1.471032854169607162e-02
-1.434645708650350571e-02
-2.147847227752208710e-02
-1.270515145733952522e-03
-1.022821012884378433e-02
-1.232276111841201782e-02
3.087889961898326874e-02
9.888759814202785492e-03
1.407804433256387711e-02
3.360465168952941895e-02
7.218717038631439209e-02
4.186382517218589783e-02
9.548505768179893494e-03
-5.769331473857164383e-03
-5.466721486300230026e-03
-8.031585253775119781e-03
-2.831968478858470917e-02
-6.001104600727558136e-03
5.615419708192348480e-03
-3.688349574804306030e-02
-1.546895969659090042e-02
1.031056568026542664e-01
-2.371953055262565613e-02
8.326285332441329956e-02
1.020798236131668091e-01
-3.363755717873573303e-02
-1.385353598743677139e-02
-2.274281345307826996e-03
1.003506407141685486e-02
2.716480381786823273e-02
-1.651677675545215607e-02
4.415844380855560303e-02
5.638496205210685730e-02
1.869750395417213440e-02
2.436823584139347076e-02
1.833658851683139801e-02
-1.335026882588863373e-02
-1.479786261916160583e-02
-6.179935764521360397e-03
1.569517329335212708e-02
-3.459262475371360779e-02
-3.231893852353096008e-02
1.584116369485855103e-02
-6.491803564131259918e-03
-1.446793880313634872e-02
-6.827337667346000671e-03
4.442009702324867249e-02
-1.467658393085002899e-02
-2.072719112038612366e-02
3.713973239064216614e-02
-4.032436758279800415e-02
-1.294148713350296021e-02
3.690119460225105286e-02
-1.635901629924774170e-02
9.966598823666572571e-03
-3.018276067450642586e-03
1.422961521893739700e-02
7.776065263897180557e-03
-1.418751385062932968e-02
3.531522303819656372e-02
2.676057070493698120e-02
-5.637567117810249329e-02
1.779049634933471680e-02
1.533098239451646805e-02
-2.579107508063316345e-02
5.262974649667739868e-02
3.186344355344772339e-02
-9.600079618394374847e-03
1.040549762547016144e-02
-3.963024914264678955e-02
-2.095320820808410645e-02
-2.626041881740093231e-02
-1.247761957347393036e-02
4.478744417428970337e-02
-2.345555648207664490e-02
6.375631317496299744e-03
4.560277238488197327e-02
-1.515912637114524841e-02
7.433735579252243042e-02
2.051614038646221161e-02
-1.923411712050437927e-02
7.616322487592697144e-02
4.880947619676589966e-02
-8.939334191381931305e-03
1.218778546899557114e-02
9.949584491550922394e-03
1.151579618453979492e-02
-1.484273350797593594e-03
-8.540210314095020294e-03
1.212602760642766953e-02
2.162055112421512604e-02
5.567477201111614704e-04
-1.741681247949600220e-02
-2.334515750408172607e-02
1.776384189724922180e-02
3.118937090039253235e-02
3.726782277226448059e-02
5.469885095953941345e-02
-8.156378753483295441e-03
4.499835893511772156e-02
2.816261164844036102e-02
3.346038609743118286e-02
-2.521210722625255585e-02
-1.620908081531524658e-02
1.383117213845252991e-02
-1.653709262609481812e-02
-5.454785749316215515e-02
6.234975066035985947e-03
2.422956313239410520e-04
-3.993085771799087524e-02
-2.548399753868579865e-02
-1.485463045537471771e-02
-1.710537262260913849e-02
1.113579422235488892e-02
5.450392141938209534e-03
-2.446231618523597717e-02
-1.471576001495122910e-02
-1.346267201006412506e-02
1.284443191252648830e-03
-1.305229030549526215e-02
-3.727695718407630920e-02
-3.634345531463623047e-02
-1.783718727529048920e-02
6.955001503229141235e-03
-3.241691365838050842e-02
3.648506943136453629e-03
3.455430269241333008e-02
6.746123731136322021e-02
-4.200551658868789673e-03
-4.146038368344306946e-02
-3.887680545449256897e-02
-3.683033213019371033e-02
8.083654101938009262e-04
-2.803620696067810059e-02
-2.331885881721973419e-02
6.234992295503616333e-02
-1.342951040714979172e-02
-3.812678903341293335e-02
-1.640712469816207886e-02
-1.785335480235517025e-03
6.143442355096340179e-03
-2.562945522367954254e-02
1.104365102946758270e-02
2.878465503454208374e-02
-1.605934812687337399e-03
-1.982773654162883759e-02
-5.501008033752441406e-02
-2.976574376225471497e-02
5.060634110122919083e-03
-3.247369453310966492e-02
2.505020238459110260e-02
-1.269987225532531738e-02
3.814601898193359375e-02
4.707016423344612122e-02
-1.144460495561361313e-02
3.890807926654815674e-02
-2.935288473963737488e-02
-3.580817207694053650e-02
-1.803959719836711884e-02
-1.291879825294017792e-02
-9.563755244016647339e-03
-5.480753257870674133e-02
-1.929655671119689941e-02
4.341325908899307251e-02
9.182981215417385101e-03
-8.229770697653293610e-03
-3.322654217481613159e-02
-1.512896455824375153e-02
2.794526517391204834e-02
-2.305085398256778717e-02
4.614635556936264038e-02
5.221642181277275085e-02
-2.955272560939192772e-03
2.556033432483673096e-02
-4.638822376728057861e-02
-3.138080937787890434e-03
3.927177749574184418e-04
-6.858386844396591187e-02
-2.397863194346427917e-02
2.595411427319049835e-02
-3.826330229640007019e-02
5.618530884385108948e-02
4.425988346338272095e-02
-3.281771764159202576e-02
4.217772558331489563e-02
4.327037837356328964e-03
-5.448322743177413940e-02
-3.333671484142541885e-03
-2.736822701990604401e-02
-3.526038303971290588e-02
-1.024377811700105667e-02
-1.063942629843950272e-02
-2.413489855825901031e-02
-2.110428176820278168e-02
-3.090259619057178497e-02
-1.204385701566934586e-02
-3.791932016611099243e-02
-1.688343239948153496e-03
5.038126185536384583e-02
-4.825744405388832092e-02
-2.174410270527005196e-03
1.216798648238182068e-01
4.602604359388351440e-02
-3.208460286259651184e-03
-2.578640729188919067e-02
4.733596742153167725e-02
1.593969063833355904e-03
-1.930763386189937592e-02
-1.611528359353542328e-02
-2.527277730405330658e-02
-3.706156089901924133e-02
3.736003069207072258e-03
-3.173010423779487610e-02
-7.315034046769142151e-03
-1.422437280416488647e-02
-4.420469328761100769e-02
3.629316389560699463e-02
-9.063162840902805328e-03
-2.940183319151401520e-02
-2.421198971569538116e-02
2.132838033139705658e-02
-3.999887406826019287e-02
-3.514199331402778625e-02
-3.030003746971487999e-03
-1.962140016257762909e-02
-1.952066645026206970e-02
-4.830753058195114136e-02
6.290451157838106155e-03
2.866503410041332245e-02
-1.593001559376716614e-02
2.613736502826213837e-02
4.540241498034447432e-04
3.751727566123008728e-02
5.374434217810630798e-02
-2.152819000184535980e-02
2.686811238527297974e-02
1.390776503831148148e-02
-2.648644149303436279e-02
-3.093630261719226837e-02
-3.476168960332870483e-02
-5.128023773431777954e-02
-3.257977962493896484e-02
-6.544661242514848709e-03
-1.302498299628496170e-02
1.021416857838630676e-02
3.453629091382026672e-02
-2.174088917672634125e-02
-2.018769271671772003e-02
2.443420886993408203e-02
-3.433823119848966599e-03
-3.406313806772232056e-02
5.516366660594940186e-02
-1.205025613307952881e-02
7.295425748452544212e-04
-2.518902905285358429e-02
-9.207813069224357605e-03
-2.676071785390377045e-02
-4.863706603646278381e-02
-3.661205526441335678e-03
-3.204434737563133240e-02
-5.077578127384185791e-02
3.487108624540269375e-04
-6.419888883829116821e-02
-1.277238316833972931e-02
-4.644128307700157166e-02
6.639738101512193680e-03
3.695951402187347412e-02
-2.660522982478141785e-02
-3.952136263251304626e-03
-1.024530082941055298e-02
-2.162724174559116364e-02
-2.391872927546501160e-02
3.315684571862220764e-02
2.801065333187580109e-02
-3.032186254858970642e-02
1.132269389927387238e-02
-1.261503994464874268e-02
-4.716116562485694885e-02
-8.941512554883956909e-03
-3.595126792788505554e-02
-4.577592387795448303e-02
-2.201220951974391937e-02
-1.857490651309490204e-02
-2.502677962183952332e-02
-4.662472009658813477e-02
-1.268497481942176819e-02
-4.130462929606437683e-02
-2.927189692854881287e-02
2.976075187325477600e-02
-4.544290155172348022e-02
-1.494788192212581635e-02
-1.946887001395225525e-02
2.876032702624797821e-02
1.667053997516632080e-02
-7.275516632944345474e-03
6.614191085100173950e-02
2.048654854297637939e-02
1.372770965099334717e-02
-3.111283108592033386e-02
-4.971358925104141235e-02
-7.388240192085504532e-03
-2.859115600585937500e-02
9.039772674441337585e-03
2.503035590052604675e-02
6.013082340359687805e-02
4.266963899135589600e-02
-6.093564908951520920e-03
-4.180202260613441467e-02
1.177151966840028763e-02
-1.795538701117038727e-02
-4.185831919312477112e-02
4.189189150929450989e-02
-7.570044603198766708e-03
-4.261586070060729980e-02
1.064107716083526611e-01
-4.722988605499267578e-02
-4.037991911172866821e-02
-2.617449034005403519e-03
6.460629403591156006e-02
-2.778962254524230957e-02
-4.244818910956382751e-02
1.921711373142898083e-03
-4.219952970743179321e-02
-3.921404108405113220e-02
-3.954254463315010071e-02
-2.008209191262722015e-02
-7.723387796431779861e-03
3.405728936195373535e-02
5.537587217986583710e-03
-8.604995969108131249e-07
1.586435176432132721e-02
1.877136155962944031e-02
-3.075456991791725159e-02
-4.763751477003097534e-02
-5.304198712110519409e-03
4.101477097719907761e-03
1.038338523358106613e-02
-2.808474190533161163e-02
1.319537404924631119e-02
-3.623756812885403633e-03
1.907175593078136444e-02
1.518904138356447220e-02
-4.122437164187431335e-02
6.312506645917892456e-02
3.386674448847770691e-02
-1.553305424749851227e-02
-2.034723572432994843e-02
-2.367185615003108978e-02
-9.702547686174511909e-04
2.367306873202323914e-02
-2.006786502897739410e-02
2.191886492073535919e-02
-1.799555122852325439e-02
-2.741627953946590424e-02
-4.568932205438613892e-02
-7.811209070496261120e-05
1.682690344750881195e-02
1.425175741314888000e-02
2.107207849621772766e-02
2.490456774830818176e-02
1.113861054182052612e-02
-9.844009764492511749e-04
1.084991451352834702e-02
5.252722650766372681e-02
-4.133290145546197891e-03
1.078448025509715080e-03
3.952244669198989868e-02
7.378583308309316635e-03
3.604220692068338394e-03
3.058585571125149727e-03
-3.147447109222412109e-02
-3.068371489644050598e-02
-2.787289209663867950e-02
5.190460942685604095e-03
1.021572388708591461e-02
-3.480523452162742615e-02
5.079235136508941650e-02
-1.351063512265682220e-02
-3.427832573652267456e-02
-1.687244395725429058e-03
-2.323895506560802460e-02
5.789800081402063370e-03
2.361809648573398590e-02
2.124446257948875427e-02
-8.809171617031097412e-03
2.604141645133495331e-02
3.489584103226661682e-02
1.575455628335475922e-02
-1.818882860243320465e-02
-9.326539933681488037e-03
-2.115051262080669403e-02
2.807572251185774803e-03
1.064125634729862213e-02
-1.280800439417362213e-02
3.732485929504036903e-04
3.716450184583663940e-03
1.644337177276611328e-02
-9.509279392659664154e-03
-2.481367625296115875e-02
-3.596992418169975281e-02
3.246855223551392555e-03
3.328687278553843498e-03
-1.520347315818071365e-03
-1.298458501696586609e-02
-7.870675995945930481e-03
3.560787532478570938e-03
-4.344993829727172852e-02
-3.968333452939987183e-02
-1.662769541144371033e-02
-3.032597713172435760e-02
-3.835710510611534119e-02
-2.486945129930973053e-02
3.945922013372182846e-03
-2.965384721755981445e-02
-7.629091851413249969e-04
-3.772562369704246521e-02
-1.045836135745048523e-02
1.800059340894222260e-03
-4.647505935281515121e-03
-6.422827020287513733e-03
-3.123193792998790741e-02
2.196336723864078522e-02
1.634659431874752045e-02
3.116028849035501480e-03
-1.029833778738975525e-02
1.567432656884193420e-02
1.827281201258301735e-03
-2.860656753182411194e-02
1.889751292765140533e-03
1.117548719048500061e-02
-3.600658103823661804e-02
-3.873284533619880676e-02
-9.452407248318195343e-03
-3.420391678810119629e-02
-3.983860090374946594e-02
-9.266698732972145081e-03
3.134636580944061279e-02
1.637808419764041901e-02
1.926109753549098969e-02
3.581710532307624817e-02
2.901965938508510590e-02
2.207591012120246887e-02
-1.709205284714698792e-02
2.078339457511901855e-02
3.451973572373390198e-02
-3.224703483283519745e-03
-4.460688680410385132e-03
-2.272693673148751259e-03
-1.074737310409545898e-02
2.099476521834731102e-03
-1.725892350077629089e-02
-4.931088071316480637e-03
-1.778253912925720215e-02
-3.475823998451232910e-02
5.389888305217027664e-03
-6.152010988444089890e-03
-1.799361780285835266e-02
3.247692435979843140e-02
3.051816485822200775e-02
-1.491408795118331909e-03
3.425439586862921715e-03
-2.176938764750957489e-02
-2.480687759816646576e-02
6.807267200201749802e-03
1.362360548228025436e-02
-1.429470628499984741e-02
-3.148708492517471313e-02
-8.535603992640972137e-03
-2.451300248503684998e-02
1.210119854658842087e-02
3.022731514647603035e-03
1.390363462269306183e-02
6.551317404955625534e-03
-4.489713348448276520e-03
-3.916259389370679855e-03
-2.299306681379675865e-03
3.372681094333529472e-04
-1.079259626567363739e-02
2.043474838137626648e-02
5.539425835013389587e-02
3.523158654570579529e-02
-7.626184262335300446e-03
2.271042577922344208e-02
2.781954035162925720e-02
-1.546313893049955368e-02
-1.073804032057523727e-02
-1.207814086228609085e-03
-2.436092868447303772e-02
1.059178379364311695e-03
2.060245163738727570e-02
-2.426779596135020256e-03
3.076278604567050934e-02
2.986127510666847229e-02
1.215706858783960342e-02
2.457592822611331940e-02
1.185883488506078720e-02
-2.711025252938270569e-02
-2.821156196296215057e-02
-2.548190997913479805e-03
-1.284761074930429459e-02
1.025712466798722744e-03
5.397687200456857681e-03
-1.644231006503105164e-02
1.076494692824780941e-03
-1.449389196932315826e-02
-2.267611026763916016e-02
-1.236388552933931351e-02
-1.050871331244707108e-02
-1.565478742122650146e-02
-7.031192071735858917e-03
-9.116073139011859894e-03
-2.358356304466724396e-02
6.070556119084358215e-03
3.232042118906974792e-02
-8.801123127341270447e-03
2.823133766651153564e-02
5.030234158039093018e-02
-3.368387697264552116e-03
1.888425275683403015e-02
4.276056587696075439e-02
-9.003004990518093109e-03
-1.868985407054424286e-02
-2.922611776739358902e-03
-1.513419672846794128e-02
2.823226712644100189e-02
8.499740622937679291e-03
-2.391196601092815399e-02
8.794577792286872864e-03
2.445967495441436768e-02
-3.218972682952880859e-02
-1.740605756640434265e-02
-1.268418878316879272e-02
-1.693989709019660950e-02
-1.659050397574901581e-02
-7.525737863034009933e-03
-7.017483934760093689e-03
9.878704324364662170e-03
4.121952224522829056e-03
-1.139320991933345795e-02
2.326511591672897339e-02
2.337326481938362122e-02
8.676471188664436340e-03
-2.536737732589244843e-02
-3.415969014167785645e-02
4.007404297590255737e-02
3.396545723080635071e-02
-1.668582297861576080e-02
1.508781802840530872e-03
4.970593377947807312e-02
1.676046103239059448e-02
-1.964443176984786987e-02
3.862455859780311584e-02
5.243470892310142517e-02
-2.770278789103031158e-02
6.663840031251311302e-04
7.842748425900936127e-03
-7.625665981322526932e-03
2.106608590111136436e-03
3.943796036764979362e-04
3.086284734308719635e-02
4.753101244568824768e-02
1.594250835478305817e-02
1.134988293051719666e-02
2.613035403192043304e-02
-1.292283739894628525e-02
7.119605317711830139e-03
1.080651208758354187e-02
-3.148553520441055298e-02
2.274806611239910126e-03
2.332017756998538971e-02
3.181893005967140198e-02
2.257911488413810730e-03
5.347599741071462631e-03
3.121871501207351685e-03
-1.421863446012139320e-03
-9.089214727282524109e-03
1.677088625729084015e-02
-5.530206020921468735e-03
1.703312806785106659e-02
5.980074405670166016e-03
-2.360630221664905548e-02
-1.344168931245803833e-02
-1.479114219546318054e-02
-3.144785761833190918e-02
-5.212321132421493530e-02
-6.049813702702522278e-02
1.113016810268163681e-02
4.757493268698453903e-03
-2.008066326379776001e-02
3.256182186305522919e-03
1.136377919465303421e-02
-3.452500328421592712e-03
3.328522900119423866e-03
1.625753752887248993e-02
8.345142938196659088e-03
-6.653371267020702362e-03
1.517944876104593277e-02
2.117845229804515839e-02
-5.559640470892190933e-03
1.256982423365116119e-02
4.187544435262680054e-02
-2.714436873793601990e-02
1.236975286155939102e-02
2.209396287798881531e-02
5.491518974304199219e-02
4.118346050381660461e-02
3.097513504326343536e-02
2.767802774906158447e-02
5.867510288953781128e-02
4.192576184868812561e-02
-1.101671066135168076e-02
2.547730691730976105e-02
2.592733502388000488e-02
8.010460063815116882e-03
4.302554205060005188e-02
1.732568442821502686e-02
-6.911515723913908005e-03
2.892179414629936218e-02
1.454987656325101852e-02
-1.949088415130972862e-03
1.472659315913915634e-02
2.103234874084591866e-03
-9.475435363128781319e-04
1.285194512456655502e-02
1.959617435932159424e-02
6.484673358500003815e-03
2.367504313588142395e-02
5.104430764913558960e-02
1.191315986216068268e-02
1.246882230043411255e-02
4.448192939162254333e-02
3.138252347707748413e-02
1.334676612168550491e-02
-7.012906135059893131e-04
3.359646722674369812e-02
4.430074244737625122e-02
2.958553470671176910e-02
1.328320149332284927e-02
2.641204278916120529e-03
1.486025843769311905e-02
-9.200822561979293823e-03
-3.714290913194417953e-03
6.638085469603538513e-03
-1.993007585406303406e-02
1.721486798487603664e-03
1.275618188083171844e-02
-3.326366096735000610e-02
1.757349632680416107e-02
3.466667979955673218e-02
-2.550107799470424652e-02
5.944746080785989761e-03
-2.038783580064773560e-02
-1.608306542038917542e-02
1.804715581238269806e-02
7.763826753944158554e-03
-1.266083493828773499e-02
1.575655862689018250e-02
4.708269145339727402e-03
-5.267960950732231140e-03
-1.863518916070461273e-02
-2.364667877554893494e-02
-2.019757404923439026e-02
-2.070108056068420410e-02
-2.389815449714660645e-02
-3.533704951405525208e-02
-3.489409340545535088e-03
9.651687927544116974e-03
4.801387712359428406e-02
2.670024149119853973e-02
1.615887507796287537e-02
-2.627372508868575096e-03
-5.223593488335609436e-02
-9.159349836409091949e-03
-2.431898610666394234e-03
1.442417269572615623e-03
3.353693988174200058e-03
-1.370230223983526230e-02
-2.043927647173404694e-02
-2.980123460292816162e-02
1.751153916120529175e-02
3.838599100708961487e-02
5.262481048703193665e-02
2.682920731604099274e-02
2.652637101709842682e-02
3.615539986640214920e-03
5.230560153722763062e-02
7.490220665931701660e-02
3.771708905696868896e-02
1.684010773897171021e-02
3.723436221480369568e-02
-4.105763044208288193e-03
-1.131689175963401794e-02
-2.878861688077449799e-02
-1.844384148716926575e-02
1.832892931997776031e-02
3.154798410832881927e-03
-1.134717930108308792e-02
1.574933342635631561e-02
6.255780160427093506e-02
2.675863448530435562e-03
-2.911538444459438324e-02
-1.196180470287799835e-02
-3.163187578320503235e-02
2.788369730114936829e-02
2.409338951110839844e-02
-7.199978921562433243e-03
-4.246293008327484131e-02
-2.037634514272212982e-02
2.168104983866214752e-03
-4.172328859567642212e-02
-4.107176885008811951e-02
1.730614574626088142e-03
2.286099083721637726e-02
1.316551398485898972e-02
1.166757382452487946e-02
3.514292836189270020e-02
5.579265952110290527e-02
-1.983580738306045532e-02
-4.246080759912729263e-03
-4.192758351564407349e-02
-1.752358116209506989e-02
2.844525687396526337e-02
1.842754706740379333e-02
8.615888655185699463e-03
-1.654878072440624237e-02
-1.242041215300559998e-02
2.251310274004936218e-02
-2.670839801430702209e-02
-2.997441403567790985e-02
-1.077423430979251862e-02
-1.836029812693595886e-02
-7.349751889705657959e-02
-5.465327575802803040e-02
-2.104248479008674622e-02
-2.765613421797752380e-02
3.695417195558547974e-02
-1.519712340086698532e-02
2.526828087866306305e-02
5.207500606775283813e-02
1.520086266100406647e-02
6.811715196818113327e-03
-2.271751873195171356e-02
-3.958376869559288025e-02
-5.534620583057403564e-02
-5.479152128100395203e-02
1.614271104335784912e-02
1.535961590707302094e-02
-1.479200273752212524e-02
2.269652485847473145e-02
4.022086504846811295e-03
-2.628118498250842094e-03
-2.320472849532961845e-03
-2.850789204239845276e-02
-1.730249822139739990e-02
1.066509354859590530e-02
2.423668839037418365e-02
1.244394853711128235e-02
-1.192832365632057190e-02
-1.316610164940357208e-02
2.158370427787303925e-02
8.424438536167144775e-03
1.134906709194183350e-02
1.679308153688907623e-02
2.069603651762008667e-03
1.799394562840461731e-02
5.352575331926345825e-02
-1.313735963776707649e-03
-1.881210133433341980e-02
-3.807009011507034302e-02
-6.794555578380823135e-03
-2.918299101293087006e-02
-2.070423401892185211e-02
3.036113269627094269e-02
1.013899804092943668e-03
8.626267313957214355e-03
-4.902788251638412476e-02
-2.379785664379596710e-02
1.911609619855880737e-02
3.722181171178817749e-02
6.036283820867538452e-02
2.923680096864700317e-02
-3.608470410108566284e-02
-7.805967330932617188e-02
-7.216484844684600830e-02
5.637065693736076355e-02
2.240797504782676697e-02
1.403934671543538570e-03
-1.352720079012215137e-03
1.183512620627880096e-03
-2.339972183108329773e-03
-4.388239234685897827e-02
-5.744630843400955200e-02
8.683792315423488617e-03
2.009274438023567200e-02
6.232754886150360107e-02
1.347969565540552139e-02
-2.544707432389259338e-02
7.182772271335124969e-03
-3.665107768028974533e-03
-4.126085713505744934e-02
-4.349934682250022888e-02
-3.686175495386123657e-02
-4.011238738894462585e-02
-8.359511196613311768e-02
-4.616431891918182373e-02
1.661953330039978027e-02
1.022616587579250336e-02
2.638017386198043823e-02
4.568299651145935059e-02
3.919466957449913025e-02
2.286476083099842072e-02
3.642047941684722900e-02
2.857339382171630859e-02
-1.049049757421016693e-02
2.764786407351493835e-02
1.770732365548610687e-02
-7.568868994712829590e-02
-3.089329972863197327e-02
-5.444254726171493530e-02
-6.194357573986053467e-02
1.048583444207906723e-02
4.889779537916183472e-02
2.278102561831474304e-02
-9.851974435150623322e-03
-3.410436585545539856e-02
2.816879888996481895e-03
1.817138516344130039e-03
-1.607388816773891449e-02
-8.437653072178363800e-03
3.216045722365379333e-02
2.994555793702602386e-02
-7.484559901058673859e-03
-3.885755687952041626e-02
-4.699495434761047363e-02
-2.316375821828842163e-02
1.844985177740454674e-03
-2.026287838816642761e-02
8.087427122518420219e-04
-2.255604974925518036e-02
-1.030990853905677795e-02
-2.221828326582908630e-02
2.540816785767674446e-03
3.986440598964691162e-02
-3.589044138789176941e-02
-4.996575298719108105e-04
1.050863694399595261e-02
-3.323940560221672058e-02
-2.605202049016952515e-02
-4.200249537825584412e-02
-3.115715458989143372e-02
-2.337553305551409721e-03
4.409590736031532288e-03
-7.084487471729516983e-03
4.727804660797119141e-02
4.637921974062919617e-02
2.540368214249610901e-02
5.756783299148082733e-03
3.636339306831359863e-02
1.004288718104362488e-02
2.629632130265235901e-02
2.872193977236747742e-02
-1.482842839322984219e-03
-2.187620662152767181e-02
5.667300429195165634e-03
-7.047422695904970169e-03
-5.544308573007583618e-02
-4.760083556175231934e-02
-2.253981865942478180e-02
7.281259633600711823e-03
5.991780757904052734e-02
2.379751205444335938e-02
-2.621391601860523224e-02
1.762137003242969513e-02
2.776934066787362099e-03
6.041678134351968765e-03
5.181052163243293762e-02
2.963330037891864777e-02
-3.902617469429969788e-02
-1.850427500903606415e-02
-8.466329425573348999e-03
-5.823199078440666199e-02
-2.864454500377178192e-02
-3.614053502678871155e-02
-3.201046586036682129e-02
2.672475017607212067e-02
3.525585681200027466e-02
1.163635868579149246e-02
-2.197667397558689117e-02
-1.583102345466613770e-02
-1.025557611137628555e-02
-4.134019836783409119e-02
-3.896892815828323364e-02
-4.870314896106719971e-02
-3.534946963191032410e-02
-3.591822460293769836e-03
-3.248019842430949211e-03
-2.112440019845962524e-02
3.506022691726684570e-02
4.793026670813560486e-02
2.368601597845554352e-02
4.750788584351539612e-02
4.136402625590562820e-03
-2.113210735842585564e-03
1.341111678630113602e-02
2.971589006483554840e-02
9.050791151821613312e-03
-2.066035568714141846e-02
-5.630361381918191910e-03
5.159404594451189041e-03
-3.066413849592208862e-02
-3.685278072953224182e-02
-6.738388538360595703e-02
-3.975072130560874939e-02
-8.034756407141685486e-03
-2.975254552438855171e-03
3.079074807465076447e-02
4.218545183539390564e-02
4.293011128902435303e-02
-8.512258529663085938e-03
1.301521062850952148e-02
1.473346352577209473e-02
5.470795091241598129e-03
-3.464792622253298759e-03
-2.405411005020141602e-02
2.142436802387237549e-03
1.104262657463550568e-02
-3.018571622669696808e-02
-1.360281184315681458e-02
3.975394740700721741e-02
2.830454893410205841e-02
-2.436436014249920845e-03
-2.108853869140148163e-02
3.987727686762809753e-03
4.866232350468635559e-02
-5.774180870503187180e-03
1.374366134405136108e-02
-8.926997892558574677e-03
-1.299183629453182220e-02
2.045300044119358063e-02
1.849129609763622284e-02
-1.867111772298812866e-02
-3.653765469789505005e-02
-3.812203928828239441e-02
1.420879364013671875e-02
1.769145764410495758e-02
-5.942815449088811874e-03
-5.663634277880191803e-03
6.550408899784088135e-02
4.284232109785079956e-02
-2.509126253426074982e-02
3.051637299358844757e-02
-7.446673698723316193e-04
-4.412554949522018433e-02
-4.378970339894294739e-02
-2.730147354304790497e-02
