9.055170230567455292e-03
1.783860288560390472e-02
2.208670135587453842e-03
-3.369694575667381287e-02
5.270008463412523270e-03
4.028878360986709595e-02
3.977642580866813660e-02
2.948250435292720795e-02
2.726826071739196777e-02
3.264717292040586472e-03
3.375706821680068970e-02
-1.298485230654478073e-02
-3.884139657020568848e-02
-1.626292988657951355e-02
3.057182393968105316e-02
-1.775107011781074107e-05
-3.607244417071342468e-02
2.588841319084167480e-02
5.253569688647985458e-03
-3.693853691220283508e-02
-1.470084395259618759e-02
-1.547078974545001984e-02
-3.127432987093925476e-02
5.576540529727935791e-02
1.470047887414693832e-02
-6.984232924878597260e-03
-2.809485886245965958e-03
-5.553571507334709167e-03
6.860074121505022049e-03
-4.506790265440940857e-02
-2.634581550955772400e-02
4.138305957894772291e-04
9.618192911148071289e-03
9.169225580990314484e-03
9.976815432310104370e-03
1.319072116166353226e-02
2.202490530908107758e-02
-2.935365960001945496e-02
-3.504002466797828674e-02
7.133927941322326660e-02
1.197100430727005005e-02
-3.803185373544692993e-02
-2.089225454255938530e-03
-5.898965522646903992e-03
-1.355673745274543762e-02
-5.816216114908456802e-03
2.446237765252590179e-02
6.935196369886398315e-02
-1.207276433706283569e-02
2.893789485096931458e-02
6.781379133462905884e-02
-3.985224664211273193e-02
3.490433096885681152e-02
4.498689994215965271e-02
9.216383099555969238e-03
-4.133027046918869019e-02
-7.518070936203002930e-02
3.355333348736166954e-03
5.966486036777496338e-02
1.717678271234035492e-02
-4.119598865509033203e-02
-1.767924241721630096e-02
-2.865608083084225655e-03
3.180804476141929626e-02
9.674974717199802399e-03
-5.770922452211380005e-02
3.712145145982503891e-03
6.956443190574645996e-02
-2.745626494288444519e-02
-3.457953035831451416e-02
-1.373777538537979126e-02
-3.235184587538242340e-03
5.394546315073966980e-02
2.217040210962295532e-02
5.266201868653297424e-02
1.969422586262226105e-02
-8.913627825677394867e-03
8.985457569360733032e-02
4.323515575379133224e-03
-1.684577390551567078e-02
9.749655425548553467e-02
-2.348066680133342743e-02
-3.210336714982986450e-02
1.545961201190948486e-02
-4.116960614919662476e-02
-3.157855197787284851e-02
-1.741909794509410858e-02
-4.838056117296218872e-02
-1.666782423853874207e-02
-2.997163869440555573e-02
-4.293091222643852234e-02
-1.736644841730594635e-02
1.119610853493213654e-02
-2.810141071677207947e-02
4.610242694616317749e-02
2.169939689338207245e-02
-2.062719129025936127e-02
4.468546435236930847e-02
3.469275310635566711e-02
-3.890705108642578125e-02
4.346434399485588074e-02
-3.899427503347396851e-02
-3.475511819124221802e-02
3.547347709536552429e-02
7.056108675897121429e-03
6.133909337222576141e-03
1.038468326441943645e-03
3.427230566740036011e-02
-4.377421364188194275e-02
-2.444246411323547363e-02
4.758120700716972351e-02
-3.423188347369432449e-03
8.618291467428207397e-02
1.081911325454711914e-01
1.948468759655952454e-02
4.240582883358001709e-02
-1.656695827841758728e-02
3.811778873205184937e-02
-5.822042375802993774e-02
3.271542862057685852e-02
-8.261788636445999146e-03
1.761680282652378082e-02
5.775493383407592773e-02
9.858313016593456268e-03
1.302604675292968750e-01
7.879943400621414185e-02
2.297082217410206795e-03
3.856272250413894653e-02
-1.446648221462965012e-02
7.739853113889694214e-02
4.256544634699821472e-02
4.050545766949653625e-02
5.964966490864753723e-02
-2.796594984829425812e-02
-1.246035192161798477e-02
-8.486682921648025513e-02
-5.063657835125923157e-02
8.272474631667137146e-03
5.579050630331039429e-04
-9.983276575803756714e-02
-4.884536936879158020e-02
1.096333339810371399e-01
3.686733078211545944e-03
5.405894480645656586e-04
3.849928081035614014e-02
-7.949295453727245331e-03
7.909610867500305176e-03
1.257579587399959564e-02
9.565822780132293701e-03
1.223455037688836455e-04
-3.461503610014915466e-02
1.883146911859512329e-02
3.936929628252983093e-02
6.611190736293792725e-02
5.758076161146163940e-02
4.869038239121437073e-03
8.701754361391067505e-02
3.302650898694992065e-02
-1.920522563159465790e-02
3.228875109925866127e-03
5.011540371924638748e-03
-8.285498246550559998e-03
2.490843459963798523e-02
2.004811540246009827e-02
1.367023959755897522e-02
2.071565389633178711e-02
2.789653092622756958e-02
-4.248294979333877563e-02
1.656185369938611984e-03
-1.909907162189483643e-02
-3.426046669483184814e-02
3.024869039654731750e-02
-9.035925380885601044e-03
-1.144901104271411896e-02
-2.599366242066025734e-03
2.823262242600321770e-03
-2.159245498478412628e-02
-6.843146681785583496e-02
-5.670925974845886230e-02
-7.057666033506393433e-02
4.659739206545054913e-04
-4.877752158790826797e-03
3.962400555610656738e-02
-9.345650672912597656e-03
1.452218648046255112e-02
3.744440525770187378e-02
-3.140110522508621216e-02
-1.661087502725422382e-03
1.557339099235832691e-03
1.895136572420597076e-02
3.124982677400112152e-02
-1.877704262733459473e-02
-4.446406848728656769e-03
-5.827380809932947159e-03
-5.783300101757049561e-02
-4.134958982467651367e-02
-3.084390796720981598e-02
-9.128832817077636719e-02
-7.246450521051883698e-03
2.248736470937728882e-02
3.946679085493087769e-02
-3.953536972403526306e-02
-3.418528661131858826e-02
-3.868664056062698364e-02
-1.711086556315422058e-02
-5.699037574231624603e-04
1.465636212378740311e-02
1.428523194044828415e-02
7.121064513921737671e-02
1.737184450030326843e-02
-1.358318701386451721e-02
9.338337928056716919e-03
-3.283031517639756203e-03
-1.118415407836437225e-02
1.312468200922012329e-02
4.850105941295623779e-02
1.826987415552139282e-02
5.473584681749343872e-02
-3.022157028317451477e-02
-1.254519075155258179e-02
1.392719428986310959e-02
1.365377847105264664e-02
-3.200315311551094055e-02
-2.755549550056457520e-02
1.779180951416492462e-03
-8.820761926472187042e-03
-1.011878401041030884e-01
-2.100653573870658875e-02
-1.206564949825406075e-03
-2.312124520540237427e-02
-3.125759772956371307e-03
-3.909518942236900330e-03
-3.867098828777670860e-03
-1.048872061073780060e-02
3.036694973707199097e-02
1.812457479536533356e-02
1.711792498826980591e-02
-1.197303086519241333e-02
3.766119852662086487e-02
-5.493278149515390396e-03
-2.933502756059169769e-02
1.812710613012313843e-02
-3.667601943016052246e-02
-5.886389315128326416e-02
-5.001299548894166946e-03
4.264958575367927551e-02
-4.608672857284545898e-02
-3.434864431619644165e-02
2.764614671468734741e-02
-9.385422617197036743e-02
-4.691853001713752747e-02
5.171712487936019897e-02
-1.295365858823060989e-02
-7.244286098284646869e-05
-4.541333764791488647e-02
-2.802602015435695648e-02
-4.363553971052169800e-02
-7.631929591298103333e-03
-4.315127804875373840e-02
-1.857769116759300232e-02
-2.192487940192222595e-02
4.593100398778915405e-02
2.138034673407673836e-03
-2.630273252725601196e-02
1.788548566401004791e-02
-1.160974055528640747e-02
-7.408223301172256470e-02
-4.106327891349792480e-02
-2.726226858794689178e-02
-4.612438008189201355e-02
3.529768809676170349e-02
8.267586119472980499e-03
-3.169862553477287292e-02
1.792252808809280396e-02
5.792396515607833862e-02
-2.104494348168373108e-02
1.207636203616857529e-02
2.194986119866371155e-02
7.257273420691490173e-03
2.352275326848030090e-02
2.056019566953182220e-02
-5.367699265480041504e-02
-1.637673191726207733e-02
2.033691154792904854e-03
-1.378031447529792786e-02
-4.005607962608337402e-02
1.725295209325850010e-03
3.767534717917442322e-02
4.632830619812011719e-03
2.004011161625385284e-02
4.030576348304748535e-02
-5.028782039880752563e-02
-3.463279455900192261e-02
-2.399631030857563019e-02
1.117579080164432526e-02
3.365521319210529327e-03
-1.201668521389365196e-03
-2.885997667908668518e-02
1.920373877510428429e-03
6.619410123676061630e-03
-5.785172805190086365e-03
4.418647661805152893e-02
3.602518700063228607e-03
-3.036270849406719208e-02
-7.323345635086297989e-03
4.280263558030128479e-03
-2.997765876352787018e-02
-2.566932328045368195e-02
-8.912821859121322632e-02
-2.215524669736623764e-03
-1.409010309725999832e-02
-5.987867340445518494e-02
2.748737670481204987e-02
1.121835131198167801e-02
-2.210124209523200989e-02
1.113884989172220230e-02
7.712753489613533020e-03
-4.179487749934196472e-02
4.540862515568733215e-02
3.279090300202369690e-02
3.133353590965270996e-02
8.411038666963577271e-02
5.404281243681907654e-02
5.572291836142539978e-02
7.202693261206150055e-03
-1.891761831939220428e-02
-6.798924505710601807e-02
-1.502783223986625671e-02
-5.149818956851959229e-03
-8.506787940859794617e-03
-2.818195708096027374e-02
1.030600722879171371e-02
6.274726986885070801e-02
-2.105946838855743408e-02
-5.596695840358734131e-02
-3.848123922944068909e-02
3.694893047213554382e-02
9.027145802974700928e-03
1.086383406072854996e-02
5.357120931148529053e-02
4.923479259014129639e-02
5.965982750058174133e-02
-5.769944190979003906e-02
-2.366583794355392456e-02
2.866198495030403137e-02
-1.161151565611362457e-02
-5.607902258634567261e-02
-7.934454828500747681e-02
7.893058471381664276e-03
-5.219516810029745102e-03
-5.902155861258506775e-02
-6.354027986526489258e-02
-8.425173908472061157e-02
-7.756788283586502075e-02
1.601251959800720215e-02
-5.064023192971944809e-03
-5.493619479238986969e-03
3.994422405958175659e-02
5.642067268490791321e-02
8.542162179946899414e-02
-1.091500185430049896e-02
3.563690697774291039e-03
-8.100254926830530167e-04
-2.160091325640678406e-02
-2.096000686287879944e-02
-5.907922051846981049e-03
-3.959534689784049988e-03
-2.117319777607917786e-02
-6.723070051521062851e-03
-2.356322295963764191e-02
-2.575751580297946930e-02
-4.460839927196502686e-02
-4.613902419805526733e-02
-1.247158180922269821e-02
-1.502843946218490601e-02
-5.662041157484054565e-02
-3.167100995779037476e-02
-2.190598100423812866e-02
-4.254663735628128052e-02
-6.105467677116394043e-02
4.636549204587936401e-02
-2.052312903106212616e-02
3.927954239770770073e-04
-6.653555203229188919e-03
1.457271818071603775e-02
3.382856398820877075e-02
-7.876839488744735718e-03
-1.731656864285469055e-02
1.213765610009431839e-02
5.660087615251541138e-02
-7.359039969742298126e-03
1.573156006634235382e-02
3.500442579388618469e-02
-1.374681887682527304e-04
-2.191212261095643044e-03
-3.960824105888605118e-03
-6.807250902056694031e-03
-6.682983948849141598e-04
4.891179967671632767e-03
3.024632297456264496e-02
3.490811213850975037e-02
3.887403756380081177e-02
2.533953636884689331e-02
2.843471616506576538e-02
3.670733654871582985e-03
-4.882339388132095337e-03
-2.389952354133129120e-02
-3.739719092845916748e-02
-3.171112015843391418e-02
-4.774115607142448425e-02
-2.028529159724712372e-02
-2.463156916201114655e-02
-6.657325662672519684e-03
2.907768636941909790e-02
-6.867906078696250916e-03
3.090190328657627106e-02
3.359793499112129211e-02
3.451908752322196960e-02
1.564268581569194794e-02
4.653619229793548584e-02
-8.691165596246719360e-03
-3.606700897216796875e-02
-1.663513109087944031e-02
-4.303460940718650818e-02
-4.587966203689575195e-02
-7.020284980535507202e-02
-2.020985446870326996e-02
-5.284619331359863281e-02
-8.871947973966598511e-02
2.937340177595615387e-02
1.268995553255081177e-02
-5.791928619146347046e-02
3.849145025014877319e-02
-8.390339091420173645e-03
2.167457528412342072e-02
-1.181195676326751709e-02
-7.846059277653694153e-03
2.009152993559837341e-02
-3.756300359964370728e-02
1.794938184320926666e-02
5.512984842061996460e-02
-2.981423586606979370e-02
-1.923486031591892242e-02
-6.156123429536819458e-02
-2.624931745231151581e-02
-2.661017701029777527e-02
-4.169334471225738525e-02
1.096798572689294815e-02
1.033345051109790802e-02
-2.239064872264862061e-02
-6.272749509662389755e-03
1.224935799837112427e-02
-1.880382932722568512e-02
-9.337983094155788422e-03
-4.747392376884818077e-04
7.342116907238960266e-03
-1.379052177071571350e-02
2.621859498322010040e-02
4.078561440110206604e-02
-5.799445509910583496e-02
-2.705041505396366119e-02
1.285684574395418167e-02
-4.607630893588066101e-02
-2.385438792407512665e-02
2.869066223502159119e-02
-2.517084963619709015e-02
-1.982861571013927460e-02
-2.630449458956718445e-02
-1.855806820094585419e-02
-1.060587819665670395e-02
-2.899724058806896210e-02
-1.014615222811698914e-02
-3.613048046827316284e-02
-5.363277159631252289e-03
-9.883954375982284546e-02
-1.073505654931068420e-01
-8.646612614393234253e-02
-4.431526176631450653e-03
-2.196775935590267181e-02
-4.522724822163581848e-02
6.239335052669048309e-03
-1.112219062633812428e-03
-4.465754702687263489e-02
2.179339528083801270e-02
2.836137451231479645e-02
-7.715414743870496750e-03
-1.541703566908836365e-02
-3.165994072332978249e-03
-7.160977460443973541e-03
-1.201639417558908463e-02
-3.602408617734909058e-02
-4.013067483901977539e-02
-3.749747574329376221e-02
-5.578059703111648560e-02
-3.350441530346870422e-02
1.624109805561602116e-03
1.485324092209339142e-02
1.589801535010337830e-02
-5.062514171004295349e-02
-3.974160179495811462e-02
-3.235080093145370483e-02
-1.514699682593345642e-02
-1.011010352522134781e-02
-3.737926110625267029e-02
-4.966327175498008728e-02
-5.867786705493927002e-03
-7.893384434282779694e-03
-5.685336142778396606e-02
-2.169149182736873627e-02
1.737261656671762466e-03
-3.445459529757499695e-02
-7.277074269950389862e-03
2.494741976261138916e-02
-9.408761560916900635e-02
-7.791765779256820679e-02
-3.719361126422882080e-02
-1.954473927617073059e-02
-6.100246217101812363e-03
-1.531153637915849686e-02
2.385877817869186401e-02
2.105419337749481201e-02
-8.807399310171604156e-03
-3.801171481609344482e-02
6.288232281804084778e-03
3.188947588205337524e-02
-3.343071416020393372e-02
-2.855668962001800537e-02
3.912738524377346039e-03
5.221051722764968872e-02
5.072942934930324554e-03
2.338641136884689331e-02
7.427909877151250839e-04
-6.542680319398641586e-03
-1.873942650854587555e-02
6.833425723016262054e-03
-3.609577566385269165e-02
7.825804874300956726e-03
-1.745201088488101959e-02
-5.432744324207305908e-02
2.474604480084963143e-05
-3.372339904308319092e-02
-4.208597168326377869e-02
1.760727353394031525e-02
-7.541062077507376671e-04
3.515299409627914429e-03
3.947513550519943237e-02
-4.223040491342544556e-02
-3.201478719711303711e-02
8.499181712977588177e-04
-3.767188405618071556e-03
-1.551577541977167130e-02
-5.446023494005203247e-02
-1.410332135856151581e-02
-9.102194570004940033e-03
-1.334675308316946030e-02
-6.322995293885469437e-03
4.203699529170989990e-02
5.348777398467063904e-02
2.434325776994228363e-02
3.185883536934852600e-02
1.719246618449687958e-02
1.792035473044961691e-04
2.139710262417793274e-02
1.429299265146255493e-02
-4.066551849246025085e-02
-2.079341933131217957e-02
5.659406539052724838e-03
2.115334384143352509e-02
1.676321960985660553e-02
2.987233223393559456e-03
-2.392108179628849030e-02
-5.128311365842819214e-02
-7.059644907712936401e-03
-5.407009273767471313e-02
-7.831725478172302246e-02
-3.206370770931243896e-02
-1.333684101700782776e-02
-2.661569602787494659e-02
-3.307810425758361816e-02
3.258718922734260559e-02
1.398983411490917206e-02
-3.023574128746986389e-02
4.908731672912836075e-03
1.972379162907600403e-02
1.082304213196039200e-02
6.783470977097749710e-03
2.663408778607845306e-02
4.182963073253631592e-02
-8.100158534944057465e-03
7.348882500082254410e-03
3.890869207680225372e-03
5.007538129575550556e-04
-9.755401872098445892e-03
1.306060422211885452e-02
1.094463001936674118e-02
-1.477757468819618225e-02
4.083360254298895597e-04
-1.677142083644866943e-02
-4.846415296196937561e-02
1.564189908094704151e-03
-4.681623354554176331e-02
-6.010986119508743286e-02
-3.692055493593215942e-02
3.613931126892566681e-03
5.558406468480825424e-03
-1.894291490316390991e-02
-1.312786061316728592e-02
1.695872657001018524e-02
9.314248338341712952e-03
4.042602702975273132e-02
4.735152795910835266e-02
6.349154561758041382e-02
3.712654858827590942e-02
-1.818594522774219513e-02
-6.705208867788314819e-02
-1.798046752810478210e-02
-1.579082198441028595e-02
-7.785312365740537643e-03
1.043236721307039261e-02
7.042479235678911209e-03
-2.463795058429241180e-02
-3.890739008784294128e-02
-9.423591196537017822e-03
-2.399712428450584412e-02
9.014437906444072723e-03
4.446065425872802734e-02
9.535159915685653687e-03
-2.167965067201294005e-05
1.251943316310644150e-02
-2.471697703003883362e-02
-1.758986897766590118e-02
-2.752049826085567474e-02
-2.991567552089691162e-02
-8.512679487466812134e-03
-1.434612832963466644e-02
7.256149314343929291e-03
8.819290436804294586e-03
-1.784302410669624805e-03
-3.226172178983688354e-03
-4.331732541322708130e-02
-3.662197291851043701e-02
-6.526889652013778687e-02
-7.428263872861862183e-02
-3.318005427718162537e-02
-5.386019498109817505e-02
-6.289823353290557861e-02
-4.842439666390419006e-02
-6.160264089703559875e-02
2.400880306959152222e-02
4.389689490199089050e-02
2.102640084922313690e-02
1.090128626674413681e-02
3.435764089226722717e-02
-2.284696558490395546e-03
2.227526716887950897e-02
2.035778202116489410e-02
2.236234210431575775e-02
-4.829978197813034058e-02
-1.637427718378603458e-03
6.032859906554222107e-02
-4.151746258139610291e-02
-1.119157020002603531e-02
6.312602758407592773e-02
4.336033761501312256e-02
-1.798235811293125153e-02
-7.712817750871181488e-03
-4.467348009347915649e-02
-6.388662755489349365e-02
-7.426337152719497681e-02
1.053211977705359459e-03
8.321481756865978241e-03
-2.754639647901058197e-02
3.451820462942123413e-02
1.246208604425191879e-02
6.548333913087844849e-02
-1.194725371897220612e-02
5.686945747584104538e-03
3.062193840742111206e-02
3.802351653575897217e-02
3.764424473047256470e-02
4.013951122760772705e-02
6.800256669521331787e-02
5.468050390481948853e-02
7.349262014031410217e-03
-1.771581941284239292e-03
-5.363374948501586914e-02
9.009073488414287567e-03
-1.923507428728044033e-03
-4.260425642132759094e-02
-2.479152195155620575e-02
-5.080889910459518433e-02
-5.322206392884254456e-02
-2.733309939503669739e-02
-2.561435475945472717e-02
-2.405200898647308350e-02
-3.120671957731246948e-03
-2.430142275989055634e-02
-8.275251835584640503e-02
-6.270245462656021118e-02
-1.012832894921302795e-01
-1.010117232799530029e-01
-7.046770304441452026e-02
3.965373337268829346e-02
3.058680891990661621e-02
6.126115564256906509e-03
-2.802984416484832764e-02
-3.366509452462196350e-02
-5.983432009816169739e-02
-1.254309806972742081e-02
-5.375655833631753922e-03
-6.364551186561584473e-02
-2.126963622868061066e-02
-5.261227861046791077e-02
-3.533168509602546692e-02
-1.533954590559005737e-02
-5.732507444918155670e-03
-2.976851165294647217e-02
-9.018934518098831177e-02
-4.235541447997093201e-03
-4.248322546482086182e-02
-9.228107519447803497e-03
-3.892419859766960144e-02
-1.500328443944454193e-02
-3.872947394847869873e-02
9.073801338672637939e-03
1.723709143698215485e-02
-1.248989161103963852e-02
3.269562125205993652e-02
4.287420958280563354e-02
7.181024551391601562e-02
2.575681731104850769e-02
4.054551944136619568e-02
3.456418216228485107e-02
1.142298802733421326e-02
-3.341837227344512939e-02
-1.006503705866634846e-03
-2.580685354769229889e-02
-5.622952431440353394e-02
1.829070411622524261e-02
-5.204725638031959534e-02
-5.703586712479591370e-02
-3.250199556350708008e-02
-9.214308857917785645e-02
-5.948188528418540955e-02
6.178867071866989136e-03
-6.772238016128540039e-02
-4.515724629163742065e-02
1.791285164654254913e-02
-4.527802113443613052e-03
-1.942397095263004303e-03
-2.343536540865898132e-02
-4.882541485130786896e-03
1.725520007312297821e-02
2.627489715814590454e-02
6.140381097793579102e-03
5.612110253423452377e-03
1.867075264453887939e-02
6.413537263870239258e-02
3.296882659196853638e-02
1.682452298700809479e-02
9.955533593893051147e-02
6.543749570846557617e-02
2.316726371645927429e-02
4.612996056675910950e-02
1.185176661238074303e-03
-7.101555168628692627e-02
6.949911359697580338e-03
-8.904133923351764679e-03
1.835136860609054565e-02
7.090490311384201050e-02
6.327072530984878540e-02
-1.728604175150394440e-02
1.589591614902019501e-02
-4.472981207072734833e-03
-1.056129205971956253e-02
1.877868920564651489e-02
-5.907648708671331406e-03
-6.503637135028839111e-02
-4.235288128256797791e-02
-3.288216888904571533e-02
-3.292232379317283630e-02
-7.433275878429412842e-02
-2.664944343268871307e-02
-4.414935037493705750e-02
-2.618452906608581543e-02
-4.472395032644271851e-02
-2.628679212648421526e-04
7.486959453672170639e-03
-7.596038281917572021e-03
4.280420020222663879e-02
2.629097737371921539e-02
-3.875731304287910461e-02
-1.580413430929183960e-02
1.967562129721045494e-04
-4.095100797712802887e-03
3.176222741603851318e-02
1.056693121790885925e-02
2.515246625989675522e-03
3.809585049748420715e-02
1.432154211215674877e-03
2.176778204739093781e-02
-8.910316973924636841e-03
-1.685588061809539795e-02
-1.097998954355716705e-02
-2.262895368039608002e-02
-4.941200092434883118e-02
-2.933904901146888733e-02
-9.606850799173116684e-04
-2.951924689114093781e-02
-5.901482701301574707e-02
-6.312483549118041992e-02
-2.123405598104000092e-02
2.157109044492244720e-02
-8.226440846920013428e-02
-6.421751528978347778e-02
-3.232781961560249329e-02
-1.138455271720886230e-01
-7.433475553989410400e-02
-5.229024961590766907e-02
-8.901942521333694458e-03
4.102835804224014282e-02
1.878800801932811737e-02
2.827427722513675690e-02
5.481520667672157288e-02
-7.711450452916324139e-04
-7.801941130310297012e-03
5.116630718111991882e-02
-1.050652004778385162e-02
2.951725199818611145e-02
-4.075706470757722855e-03
-2.191902510821819305e-02
3.670842270366847515e-04
-2.524749934673309326e-02
-4.591513052582740784e-02
3.007243014872074127e-02
1.696349680423736572e-02
-2.977043576538562775e-02
4.498691414482891560e-04
-1.637183874845504761e-02
1.021959539502859116e-02
-2.411561086773872375e-02
-3.064012341201305389e-02
3.490283712744712830e-02
3.520286083221435547e-02
4.857804998755455017e-02
4.582169651985168457e-02
-1.298644114285707474e-02
-4.002597555518150330e-02
-4.327563568949699402e-02
4.214374930597841740e-04
1.641960814595222473e-02
-2.799218706786632538e-02
-2.192198298871517181e-02
2.108437009155750275e-03
1.106468122452497482e-02
1.062957849353551865e-02
3.936077281832695007e-02
6.510595977306365967e-02
-4.947867244482040405e-02
-4.391841962933540344e-02
-3.262681514024734497e-02
-8.307565003633499146e-02
-5.160523951053619385e-02
-4.323206469416618347e-02
5.010659992694854736e-02
6.861233711242675781e-02
3.548016399145126343e-02
-4.764024168252944946e-03
-7.426737807691097260e-03
-3.352098912000656128e-02
-3.326461464166641235e-02
-1.759536564350128174e-02
-2.080320380628108978e-02
2.653790870681405067e-03
4.004051536321640015e-02
8.586540352553129196e-04
-2.452599583193659782e-03
1.869440823793411255e-02
5.783505737781524658e-03
-3.224168717861175537e-02
-4.324370622634887695e-02
-2.897891402244567871e-02
-1.915144175291061401e-02
-3.993440419435501099e-02
-5.861406400799751282e-02
-5.340772494673728943e-02
-6.154536083340644836e-02
-7.775866106385365129e-05
-3.271452337503433228e-02
-1.902665942907333374e-02
5.112562328577041626e-02
5.355732515454292297e-03
-5.268996581435203552e-03
-5.090999603271484375e-02
1.097093429416418076e-02
4.224089160561561584e-02
-1.086595468223094940e-02
2.016284503042697906e-02
5.897535756230354309e-02
1.897048391401767731e-02
-1.170234289020299911e-02
-2.554102567955851555e-03
-1.503977365791797638e-02
7.762902416288852692e-03
7.162936031818389893e-03
-1.334047038108110428e-02
-4.113629460334777832e-02
-3.395722433924674988e-02
-2.413440262898802757e-03
-5.156879499554634094e-02
-3.910638019442558289e-02
-3.264064714312553406e-02
-2.333683334290981293e-02
1.418305281549692154e-02
1.354798302054405212e-02
-2.405915595591068268e-02
2.292966656386852264e-02
4.604250565171241760e-02
5.735819227993488312e-03
-2.972928807139396667e-02
-5.556276068091392517e-03
2.570411423221230507e-03
-2.669762447476387024e-02
-2.938005886971950531e-02
2.341506630182266235e-02
2.445645071566104889e-02
2.281742542982101440e-02
-1.037782989442348480e-03
-3.205754235386848450e-02
2.082594437524676323e-03
4.155244678258895874e-02
-6.016431143507361412e-04
1.544704195111989975e-03
1.801311597228050232e-02
3.294598311185836792e-02
2.824852243065834045e-02
-2.661421522498130798e-02
-6.996520794928073883e-03
-3.895272314548492432e-02
2.258646301925182343e-02
1.712321117520332336e-02
-2.285672584548592567e-03
6.131374975666403770e-04
1.496076397597789764e-02
6.551471073180437088e-03
3.895812481641769409e-02
-2.523685619235038757e-02
-2.618758939206600189e-02
2.401218749582767487e-02
-3.595409542322158813e-02
-5.026103928685188293e-03
-2.186343632638454437e-02
-2.315701916813850403e-02
7.069950457662343979e-03
-1.286351494491100311e-02
-2.450918033719062805e-02
2.077485248446464539e-02
-3.903903998434543610e-03
-6.470898538827896118e-02
-3.345350548624992371e-02
2.436293102800846100e-02
-1.306469831615686417e-02
-6.705462932586669922e-03
1.576383598148822784e-02
2.837992832064628601e-02
1.299496926367282867e-02
-4.985909909009933472e-03
2.285425364971160889e-02
3.231215104460716248e-02
-3.750055795535445213e-03
-4.849927499890327454e-03
-4.694079514592885971e-03
2.668959088623523712e-02
-5.116076674312353134e-03
-2.064517512917518616e-02
8.452968671917915344e-03
-1.837745681405067444e-02
2.505618147552013397e-02
-5.781003274023532867e-03
-1.065029646269977093e-03
2.743008174002170563e-02
2.107726223766803741e-02
-4.450334701687097549e-03
-1.870687305927276611e-02
-1.504734624177217484e-02
-2.944849431514739990e-02
-9.983167983591556549e-03
-5.247001722455024719e-02
-3.016059659421443939e-02
-1.158844400197267532e-02
4.956506658345460892e-03
1.921469694934785366e-03
-3.945094719529151917e-02
1.611653715372085571e-02
2.100412920117378235e-02
-5.150281265377998352e-02
-3.519332502037286758e-03
2.792875980958342552e-03
-4.362768307328224182e-02
-4.236570000648498535e-02
-2.905451320111751556e-02
-6.279507186263799667e-03
-1.112387701869010925e-02
-2.602603659033775330e-02
-2.491384930908679962e-02
-6.290175486356019974e-03
-1.745023578405380249e-02
-3.013868257403373718e-02
1.005396153777837753e-02
-5.136766657233238220e-02
-2.102519385516643524e-02
-3.042380139231681824e-02
-1.429903041571378708e-02
2.202252484858036041e-02
2.161684632301330566e-02
4.858358576893806458e-02
6.182778626680374146e-02
1.903790608048439026e-02
-3.161481581628322601e-04
4.674762487411499023e-03
-9.056372568011283875e-03
-2.867709472775459290e-02
-5.190350930206477642e-04
-2.094778977334499359e-02
1.781191560439765453e-03
-2.732443995773792267e-02
-1.160145970061421394e-03
-5.664132069796323776e-03
-1.549178734421730042e-02
1.464196830056607723e-03
-1.569165475666522980e-02
1.020633056759834290e-02
-2.816026657819747925e-02
-6.744582206010818481e-02
-4.114264994859695435e-02
3.357405960559844971e-02
4.215900320559740067e-03
-5.346585065126419067e-03
1.687396876513957977e-02
-7.085692137479782104e-03
-2.574284933507442474e-02
1.658067479729652405e-02
-3.358978778123855591e-02
-3.450683131814002991e-02
1.423047389835119247e-02
-7.430163212120532990e-03
-4.492763802409172058e-02
1.251714304089546204e-02
-1.048895297572016716e-03
1.128667127341032028e-02
-1.065537985414266586e-02
2.301624603569507599e-02
1.352853607386350632e-02
-2.996267192065715790e-02
-4.171093925833702087e-02
-2.128449268639087677e-02
-3.246003470849245787e-04
-1.895358599722385406e-02
-4.233546089380979538e-03
1.772873848676681519e-02
-9.497837163507938385e-03
6.346602458506822586e-03
7.382668554782867432e-03
-6.012005731463432312e-03
-3.075096290558576584e-03
1.791574433445930481e-02
2.120049111545085907e-02
2.435817942023277283e-02
-7.769702374935150146e-02
-5.218739807605743408e-02
-4.094424098730087280e-02
-2.487217634916305542e-02
1.709370501339435577e-02
3.191484138369560242e-02
-7.997450418770313263e-03
1.280924677848815918e-02
1.661140844225883484e-02
-2.039700001478195190e-02
4.088548477739095688e-03
3.914703149348497391e-03
-2.985341707244515419e-03
-1.931507512927055359e-02
8.304183371365070343e-03
-3.628829494118690491e-03
1.771148410625755787e-03
-1.053434424102306366e-02
-9.403795003890991211e-03
2.602318488061428070e-02
1.078405883163213730e-02
2.701427228748798370e-02
7.300513237714767456e-02
3.983274474740028381e-02
7.414447609335184097e-03
3.408540412783622742e-02
3.140598163008689880e-02
-1.163011603057384491e-02
-2.443096600472927094e-02
-4.813994746655225754e-04
-1.761392317712306976e-02
5.400252994149923325e-03
3.051333688199520111e-02
-8.178364951163530350e-04
-2.163992030546069145e-03
3.547558188438415527e-02
1.441261917352676392e-02
1.119823288172483444e-02
2.203888818621635437e-02
5.280520766973495483e-03
1.154566369950771332e-02
-4.015578329563140869e-02
2.436013706028461456e-02
3.118719160556793213e-02
1.130554452538490295e-02
3.057977883145213127e-03
1.589705049991607666e-02
4.107208922505378723e-02
-3.966429829597473145e-02
-2.798377536237239838e-02
-3.983885515481233597e-03
-1.203237380832433701e-02
-3.121010586619377136e-02
-1.999310404062271118e-02
-6.687570363283157349e-03
-7.816060446202754974e-03
2.256067004054784775e-03
5.389379709959030151e-02
-5.849755252711474895e-04
-2.778938598930835724e-02
2.537732012569904327e-02
1.446938607841730118e-02
-5.970941856503486633e-03
-1.999137178063392639e-02
-1.255269977264106274e-03
1.695219054818153381e-02
2.992101199924945831e-02
2.178435213863849640e-02
-9.351815097033977509e-03
-7.404925767332315445e-03
-2.232294343411922455e-02
-2.171537466347217560e-02
-4.944800212979316711e-02
-5.931972339749336243e-02
-3.205230832099914551e-02
2.907357364892959595e-02
1.923982053995132446e-02
4.056457430124282837e-02
4.395271185785531998e-03
-1.975236460566520691e-02
3.146712854504585266e-02
-2.082143165171146393e-02
-1.687341369688510895e-02
-1.429438218474388123e-02
-1.384872384369373322e-02
-1.931913197040557861e-02
-4.072760790586471558e-02
-3.511228039860725403e-02
-7.163026928901672363e-02
-5.187043920159339905e-02
3.337887302041053772e-02
3.569261357188224792e-02
7.532679010182619095e-03
4.938129708170890808e-02
3.497101739048957825e-02
-3.179113939404487610e-02
-6.030552554875612259e-03
3.655146062374114990e-02
-5.846540629863739014e-02
9.963613003492355347e-02
1.187203153967857361e-01
2.710662595927715302e-02
4.070653766393661499e-02
-1.077659055590629578e-02
-3.038547560572624207e-02
-7.035345304757356644e-03
1.103969663381576538e-02
2.500284928828477859e-03
5.350970476865768433e-02
7.427395880222320557e-02
4.981176182627677917e-02
-3.795548900961875916e-02
-4.640194028615951538e-02
-8.438882976770401001e-02
-5.993779003620147705e-02
2.898825518786907196e-02
-2.879622206091880798e-02
5.035660415887832642e-02
1.274940967559814453e-01
3.124812990427017212e-02
5.784969031810760498e-02
-4.108526185154914856e-02
-9.379617869853973389e-02
-3.803269937634468079e-02
-7.944077998399734497e-02
-7.763498276472091675e-02
-2.929921634495258331e-02
-3.004968166351318359e-02
-2.487042918801307678e-02
-3.584344312548637390e-02
7.438368047587573528e-04
-2.879174053668975830e-02
-1.908537559211254120e-02
4.090632125735282898e-02
4.851114749908447266e-02
-5.645237490534782410e-02
4.187580570578575134e-02
2.640290185809135437e-02
-4.207860305905342102e-02
-6.850343197584152222e-02
-3.659487515687942505e-02
-3.713361173868179321e-02
-3.094920516014099121e-02
-4.474168643355369568e-03
3.902496397495269775e-02
4.062036052346229553e-02
6.169645860791206360e-02
-3.821925818920135498e-02
-1.376056857407093048e-02
3.244690224528312683e-02
-7.300680875778198242e-02
-8.433366566896438599e-02
-9.817717596888542175e-03
1.579875475727021694e-03
-5.470765009522438049e-02
-1.237750425934791565e-02
-5.302045866847038269e-02
-5.056224297732114792e-03
3.084004297852516174e-02
1.868126215413212776e-03
-3.008841723203659058e-02
2.315126731991767883e-02
-1.871202327311038971e-02
-3.753919526934623718e-02
1.095256418921053410e-03
-2.802952937781810760e-02
1.898561231791973114e-02
3.119461610913276672e-02
-4.089941084384918213e-02
-3.380057588219642639e-02
-5.525744985789060593e-03
4.136779531836509705e-02
3.065150044858455658e-02
1.336268987506628036e-02
3.115354105830192566e-02
-1.706567592918872833e-02
-4.520014859735965729e-03
3.584873303771018982e-02
-3.572139656171202660e-03
-3.476465493440628052e-02
3.208255767822265625e-02
3.174081444740295410e-02
-1.643081195652484894e-02
-7.000695448368787766e-03
-6.860058009624481201e-02
-8.558753877878189087e-02
4.018519830424338579e-04
-5.994934961199760437e-02
-4.031617566943168640e-02
-2.385316416621208191e-02
-5.143816769123077393e-02
-1.140235364437103271e-02
2.726621925830841064e-02
3.421147167682647705e-02
1.354404725134372711e-02
-2.486382983624935150e-02
1.420813240110874176e-02
1.049226429313421249e-02
-2.470109798014163971e-02
-3.148959204554557800e-02
-1.539325714111328125e-02
2.129369229078292847e-02
-4.888451658189296722e-03
-4.355704411864280701e-02
-1.415807288140058517e-02
1.694067195057868958e-02
3.024339210242033005e-03
8.824100950732827187e-04
5.170640535652637482e-03
6.998776644468307495e-02
-5.518778041005134583e-02
-7.878052443265914917e-02
-5.324993282556533813e-02
2.989639155566692352e-02
-2.090549468994140625e-02
-2.953080274164676666e-02
5.311399325728416443e-02
1.915392465889453888e-02
-3.238895535469055176e-02
6.666580587625503540e-02
1.657854020595550537e-02
2.819333225488662720e-02
1.389809604734182358e-02
3.825280582532286644e-03
4.342544078826904297e-02
1.300194952636957169e-02
9.933054447174072266e-03
2.052700147032737732e-02
1.400466170161962509e-02
-4.646167531609535217e-02
1.591320731677114964e-03
-1.200230140239000320e-02
-3.048374317586421967e-02
1.621229946613311768e-02
9.545823559165000916e-03
-5.784669890999794006e-03
2.216801233589649200e-02
6.169257685542106628e-04
4.488647449761629105e-03
7.747723907232284546e-02
3.737363964319229126e-02
1.744370721280574799e-02
3.842507721856236458e-03
9.298829361796379089e-03
2.788314223289489746e-02
-1.305065117776393890e-02
-2.012307010591030121e-02
-1.323356479406356812e-02
-3.422931954264640808e-02
-1.241425704210996628e-02
4.683008417487144470e-02
-1.659860461950302124e-02
1.141786295920610428e-02
7.425968348979949951e-02
-1.074325200170278549e-02
1.017143111675977707e-02
2.134240604937076569e-02
-5.565596371889114380e-02
5.586899351328611374e-03
-1.657465327298268676e-04
-1.299230195581912994e-02
4.739366099238395691e-02
3.853208944201469421e-02
2.112036198377609253e-02
-1.146106887608766556e-02
-3.624142706394195557e-02
4.451571032404899597e-02
-5.579486116766929626e-02
-6.483533978462219238e-02
-3.133982419967651367e-03
-8.227475732564926147e-02
-4.066446423530578613e-02
-4.626985266804695129e-02
-1.789264194667339325e-02
1.584785245358943939e-02
4.144712910056114197e-02
-4.660482704639434814e-02
-2.302945591509342194e-02
4.496778920292854309e-02
-5.304023995995521545e-02
-4.532032087445259094e-02
1.095032412558794022e-02
-2.901457436382770538e-02
-4.429177194833755493e-02
-3.165845572948455811e-02
-2.911253273487091064e-02
-4.567135497927665710e-02
-6.921250838786363602e-03
-2.676528878509998322e-02
4.446637816727161407e-03
2.910237992182374001e-03
9.238073602318763733e-03
1.715392433106899261e-02
6.351477652788162231e-02
1.039148867130279541e-02
1.482235547155141830e-02
4.119127988815307617e-02
3.691376186907291412e-04
1.118992455303668976e-02
2.747440477833151817e-03
-2.823795750737190247e-02
-4.903408698737621307e-03
-3.296554088592529297e-03
-4.060905426740646362e-02
5.460182204842567444e-03
3.709189593791961670e-02
-6.907758861780166626e-02
-1.245620567351579666e-02
1.789316534996032715e-02
-6.172962486743927002e-02
-5.819969624280929565e-02
-1.207698509097099304e-01
-3.149894252419471741e-02
7.532792165875434875e-03
-6.492622196674346924e-02
4.904344212263822556e-03
1.977820880711078644e-02
-7.757333572953939438e-03
-2.643236657604575157e-04
-2.502938732504844666e-02
-7.477261126041412354e-02
2.994978055357933044e-02
-4.071488603949546814e-02
-3.736935928463935852e-02
-2.234218176454305649e-03
-3.507174924015998840e-02
-4.714621230959892273e-02
-4.216679558157920837e-02
-6.066798046231269836e-02
-8.467527478933334351e-02
-3.171116858720779419e-02
-6.474495679140090942e-02
-5.231444165110588074e-02
-6.995669007301330566e-02
-9.687143564224243164e-02
-2.814892865717411041e-02
-5.055107176303863525e-03
1.287254877388477325e-02
3.998253867030143738e-02
-4.521866142749786377e-02
-2.946790307760238647e-02
6.947182863950729370e-02
-6.409190595149993896e-02
-2.522092685103416443e-02
5.493457242846488953e-02
-2.248025126755237579e-02
1.581268385052680969e-02
-1.885164901614189148e-02
-1.062297914177179337e-02
3.030097857117652893e-02
4.598469659686088562e-02
-6.471595168113708496e-02
1.260438468307256699e-02
6.565684825181961060e-02
5.479539185762405396e-02
4.084930941462516785e-02
3.813012316823005676e-02
7.474435027688741684e-03
7.610828615725040436e-03
2.277235686779022217e-02
4.748685657978057861e-02
3.502808883786201477e-02
2.349098026752471924e-02
-4.613073542714118958e-02
-9.596371650695800781e-02
-1.139207929372787476e-01
-4.531723633408546448e-02
-3.871043398976325989e-02
-2.864012122154235840e-02
-1.047734990715980530e-01
-5.024266615509986877e-02
8.868916891515254974e-03
1.820007711648941040e-02
6.089489907026290894e-03
-1.008281856775283813e-02
3.393941745162010193e-02
4.946827888488769531e-02
1.712274178862571716e-02
-4.668769612908363342e-02
-3.387122601270675659e-02
-2.485096082091331482e-02
-7.501938939094543457e-02
2.087877877056598663e-02
-5.007462576031684875e-02
1.155692897737026215e-02
6.162860989570617676e-02
3.833357617259025574e-02
2.072013448923826218e-03
4.664469510316848755e-02
3.801754862070083618e-02
-1.272222399711608887e-01
-2.954414300620555878e-02
2.694862708449363708e-02
1.124200061894953251e-03
-1.000987552106380463e-02
-5.450596567243337631e-03
7.575480639934539795e-02
3.707277402281761169e-02
1.724190427921712399e-03
-2.495129825547337532e-03
5.449442937970161438e-02
1.719838567078113556e-02
4.320403095334768295e-03
4.458862915635108948e-02
8.264712989330291748e-02
3.482900559902191162e-02
1.462211087346076965e-02
3.657128289341926575e-02
3.634979203343391418e-02
2.505940757691860199e-02
-2.309822663664817810e-02
3.963262308388948441e-03
1.429160963743925095e-02
-7.012904435396194458e-02
-5.494423955678939819e-02
-1.638225652277469635e-02
-4.141536727547645569e-02
-5.764104798436164856e-02
-7.440131902694702148e-02
-5.140013247728347778e-02
-7.393193989992141724e-02
-5.596672743558883667e-02
-3.884713724255561829e-02
-5.698771029710769653e-02
-2.601833455264568329e-02
-6.653704913333058357e-04
-6.062104180455207825e-02
6.036448851227760315e-02
5.113004520535469055e-02
-3.582398965954780579e-02
1.126970648765563965e-01
6.569348275661468506e-02
-1.252020150423049927e-02
3.109899908304214478e-02
-5.257748533040285110e-03
2.301491983234882355e-02
2.063630148768424988e-02
3.615358471870422363e-02
-1.274233870208263397e-02
7.206431124359369278e-03
4.725901409983634949e-02
-3.267806023359298706e-02
-2.267579361796379089e-02
3.208500891923904419e-02
5.989710986614227295e-02
4.921801015734672546e-02
-9.120472706854343414e-03
-6.043022498488426208e-03
-3.706723218783736229e-03
1.259382069110870361e-02
-3.662375733256340027e-02
-1.542481407523155212e-02
5.731041310355067253e-04
8.430223097093403339e-04
3.927868790924549103e-03
6.398152327165007591e-04
2.417806163430213928e-02
2.234172634780406952e-02
1.855263113975524902e-02
3.914720378816127777e-03
1.307838875800371170e-02
-2.268457971513271332e-02
-5.733611807227134705e-02
-1.012360583990812302e-02
1.794372312724590302e-02
-6.654786318540573120e-02
-1.627974584698677063e-02
1.450992934405803680e-02
-2.901539765298366547e-02
-5.395906418561935425e-02
-1.080555468797683716e-02
9.605139493942260742e-03
-3.040676563978195190e-02
5.691693164408206940e-03
3.869523480534553528e-02
-1.017347816377878189e-02
-2.105307532474398613e-03
2.177732530981302261e-03
-4.708426445722579956e-02
-5.384907498955726624e-02
-2.701105922460556030e-02
-6.201614439487457275e-02
-3.257468342781066895e-02
-6.091175600886344910e-02
-3.433715552091598511e-02
-1.407515071332454681e-02
-5.719159170985221863e-02
1.346672419458627701e-02
2.259367145597934723e-02
4.698655009269714355e-02
1.786984503269195557e-02
1.665938086807727814e-02
-3.027749189641326666e-04
-3.021454811096191406e-02
-1.607260480523109436e-02
-5.823710933327674866e-02
-4.442960955202579498e-03
-4.008295759558677673e-02
-6.737787742167711258e-03
-2.049629809334874153e-03
9.005649946630001068e-03
1.768965646624565125e-02
4.032016545534133911e-02
2.688033506274223328e-02
2.020970173180103302e-02
4.802760109305381775e-02
5.588248372077941895e-02
6.113127339631319046e-03
1.200412632897496223e-03
2.462594024837017059e-02
4.703133367002010345e-03
-2.848533540964126587e-02
-4.965645819902420044e-02
-1.536234095692634583e-02
-2.321457862854003906e-02
-7.116613537073135376e-02
-1.438435167074203491e-02
-2.379312738776206970e-02
3.134215017780661583e-03
8.194345980882644653e-02
5.390353128314018250e-02
-2.668915782123804092e-03
2.969200536608695984e-02
2.427529543638229370e-03
-2.208630740642547607e-02
1.938112638890743256e-02
-7.100206799805164337e-03
-4.932054504752159119e-02
1.826727390289306641e-02
8.787949383258819580e-02
3.963080700486898422e-03
1.585711259394884109e-03
3.156396746635437012e-02
2.928529679775238037e-02
-3.575584664940834045e-02
-5.930418893694877625e-02
-9.842228144407272339e-02
-3.001716686412692070e-03
-4.825999587774276733e-02
-5.292325466871261597e-02
2.545557729899883270e-02
9.251734241843223572e-03
1.369855832308530807e-02
-1.626323349773883820e-02
-4.761241003870964050e-02
-4.940839484333992004e-02
4.414479061961174011e-02
1.901649869978427887e-02
1.845141756348311901e-03
3.329317644238471985e-02
4.121166840195655823e-02
3.034509345889091492e-02
-3.417183086276054382e-02
-1.296871621161699295e-02
1.241791248321533203e-02
-9.144386649131774902e-02
-5.408165231347084045e-02
-5.635993927717208862e-02
-1.213181950151920319e-02
7.540679507656022906e-05
1.005018502473831177e-02
-4.132866486907005310e-02
-2.507925033569335938e-02
-1.409334799973294139e-04
-1.646319590508937836e-02
-1.743007637560367584e-02
1.644019968807697296e-02
-3.803152218461036682e-02
-5.469618365168571472e-02
-8.600325323641300201e-03
2.981481701135635376e-02
3.597660362720489502e-02
-6.131321657449007034e-03
-9.409557096660137177e-03
1.194352563470602036e-02
-3.816888201981782913e-04
3.206094354391098022e-02
1.881552860140800476e-02
2.252847515046596527e-02
-3.315896913409233093e-02
1.982705900445580482e-03
1.662844908423721790e-03
-6.934859603643417358e-02
-3.706832230091094971e-02
-3.773535415530204773e-02
-3.086862713098526001e-02
-6.157231109682470560e-05
1.076116808690130711e-03
-2.831320092082023621e-02
3.458340093493461609e-02
3.865172713994979858e-02
-2.790046669542789459e-02
-5.096404626965522766e-02
-2.925257757306098938e-02
-2.849223278462886810e-02
-3.067519888281822205e-02
-4.465465992689132690e-02
3.070900402963161469e-02
4.033109918236732483e-02
-1.481667812913656235e-02
-1.232585310935974121e-02
4.842817410826683044e-02
2.102005062624812126e-03
-4.682282358407974243e-02
1.348952203989028931e-02
-9.278364479541778564e-03
1.318565849214792252e-02
4.151678457856178284e-02
5.688879266381263733e-02
2.144027501344680786e-02
-6.092875264585018158e-03
-2.545522339642047882e-02
4.503983631730079651e-02
-2.254562452435493469e-02
-4.516188055276870728e-02
2.458995208144187927e-02
5.652007460594177246e-02
4.847025871276855469e-02
-3.250933950766921043e-03
2.716847322881221771e-02
4.514908045530319214e-02
-2.019060589373111725e-02
1.490710861980915070e-02
1.835633069276809692e-02
-2.295443974435329437e-02
2.729694359004497528e-02
7.317062932997941971e-03
-4.941779002547264099e-02
6.950825918465852737e-03
3.610278014093637466e-03
-4.507488757371902466e-02
-2.574112825095653534e-02
8.022174588404595852e-04
-5.815730430185794830e-03
-1.459475327283143997e-02
-2.020961605012416840e-02
-2.672259695827960968e-03
-9.824500419199466705e-03
-1.167435850948095322e-02
-1.671000197529792786e-02
6.059879437088966370e-03
9.145312011241912842e-03
-2.009698934853076935e-02
-3.374686092138290405e-02
-4.445814341306686401e-02
1.573868468403816223e-02
7.584808859974145889e-03
-9.074294008314609528e-03
3.494819998741149902e-02
-3.395278472453355789e-04
-7.058097515255212784e-03
3.363257646560668945e-02
6.284192949533462524e-02
3.129594773054122925e-02
5.847559124231338501e-02
5.229454115033149719e-02
3.461212664842605591e-02
2.787056565284729004e-02
-8.810604922473430634e-03
-4.701220244169235229e-02
1.057172939181327820e-02
-4.253824800252914429e-02
-4.876997694373130798e-02
5.348608829081058502e-03
-1.435079518705606461e-02
9.241633117198944092e-03
-3.153122588992118835e-02
-5.056514404714107513e-03
8.312193676829338074e-03
-5.749403312802314758e-02
-1.099723763763904572e-02
1.074874848127365112e-01
-4.654834792017936707e-02
-3.375361487269401550e-02
1.617476902902126312e-02
-6.057906150817871094e-02
-6.032907404005527496e-03
4.027712345123291016e-02
-4.086748138070106506e-02
-6.197546608746051788e-03
-2.094123885035514832e-02
-4.145419597625732422e-02
8.902782946825027466e-02
6.938596721738576889e-03
-2.752431109547615051e-02
1.234889775514602661e-01
6.017848476767539978e-02
-5.705147981643676758e-03
3.509949194267392159e-03
3.554774448275566101e-02
-5.602581426501274109e-02
-2.637289464473724365e-02
-2.156870998442173004e-02
-8.123593777418136597e-02
-2.048499416559934616e-03
1.176287420094013214e-02
-3.419587016105651855e-02
-5.619736015796661377e-02
-2.600351721048355103e-02
5.330987274646759033e-02
-1.072976831346750259e-02
-3.922639042139053345e-02
-5.311805754899978638e-02
-2.349003450945019722e-03
1.463777851313352585e-02
4.378228634595870972e-02
-2.237893827259540558e-02
7.738017477095127106e-03
-1.551048271358013153e-02
-3.109679557383060455e-02
-3.651744499802589417e-02
-8.202459663152694702e-02
-4.057989269495010376e-02
-5.380188580602407455e-03
1.050162594765424728e-02
-7.430292200297117233e-03
1.912862248718738556e-02
-1.775250025093555450e-02
-5.907869432121515274e-03
-5.666363611817359924e-02
-3.180589154362678528e-02
1.998790726065635681e-02
6.805899553000926971e-03
-2.576637640595436096e-02
6.347316317260265350e-03
-1.506004482507705688e-03
-2.243551984429359436e-02
-2.244018390774726868e-02
-1.944715902209281921e-02
-4.090258851647377014e-02
-4.134431853890419006e-02
-2.715529501438140869e-02
-1.139367558062076569e-02
-2.015500329434871674e-02
-2.720747143030166626e-02
2.191672567278146744e-03
-6.638705730438232422e-02
-2.234226278960704803e-02
-3.022551070898771286e-03
-3.590733930468559265e-02
-5.153486505150794983e-03
-4.764443263411521912e-02
-2.196808718144893646e-02
-9.038658812642097473e-03
9.349110722541809082e-02
3.824205696582794189e-02
-1.029721088707447052e-02
4.474819637835025787e-03
5.664794240146875381e-03
1.767179579474031925e-03
-1.988176070153713226e-02
-3.717001155018806458e-02
3.270721063017845154e-02
4.414170049130916595e-03
-3.137295693159103394e-02
3.918405994772911072e-02
-2.748554199934005737e-02
-2.967673726379871368e-02
7.158236950635910034e-02
-2.065699920058250427e-02
-1.593765057623386383e-02
-4.453719034790992737e-02
-2.936552092432975769e-02
-1.807368174195289612e-02
-1.002891175448894501e-02
-7.464696466922760010e-02
-5.959009751677513123e-02
-4.839244764298200607e-03
1.226182654500007629e-02
-1.040149014443159103e-02
6.293018814176321030e-03
1.818737247958779335e-03
1.598526537418365479e-02
3.420399129390716553e-02
1.466811727732419968e-02
2.168240956962108612e-02
-2.882278524339199066e-02
3.323647752404212952e-02
-1.076989062130451202e-02
1.195683330297470093e-02
3.568061161786317825e-03
-3.982840850949287415e-02
-2.857572585344314575e-02
1.906310208141803741e-02
-3.966408967971801758e-02
-8.414285629987716675e-02
-1.940152794122695923e-02
-2.901314012706279755e-02
-4.196261242032051086e-02
-6.621916592121124268e-02
-1.025970000773668289e-02
-1.205680705606937408e-02
-7.025611400604248047e-02
9.551579132676124573e-03
1.070504114031791687e-01
2.426028251647949219e-02
-1.019750349223613739e-02
-8.950199000537395477e-03
-4.571541026234626770e-02
-4.469188302755355835e-02
-2.898546308279037476e-02
-5.901606753468513489e-02
-2.781909145414829254e-02
-1.318780146539211273e-02
-6.092856824398040771e-02
2.682590857148170471e-02
-1.991160586476325989e-02
-1.386616285890340805e-02
4.776684939861297607e-02
2.453635819256305695e-02
-2.604932896792888641e-02
-3.240868076682090759e-02
2.458567265421152115e-03
-8.134423941373825073e-02
9.852903895080089569e-03
-1.260685361921787262e-02
-4.338186979293823242e-02
-9.017447382211685181e-02
-8.459047414362430573e-03
6.786466110497713089e-03
3.827040491160005331e-04
4.554324224591255188e-02
-5.617759004235267639e-02
-1.375984679907560349e-02
-4.589536786079406738e-02
-1.276856102049350739e-02
1.698936522006988525e-02
-2.610078445286490023e-05
-1.174989901483058929e-02
2.027091011404991150e-02
-1.030233502388000488e-02
2.735766815021634102e-03
-8.974097669124603271e-03
-3.535186126828193665e-02
1.873502740636467934e-03
-1.420057564973831177e-02
-9.626647084951400757e-02
3.168918564915657043e-02
-1.400974672287702560e-02
-1.085208076983690262e-02
-3.010913729667663574e-02
-4.776177555322647095e-02
1.289540086872875690e-03
-2.658430859446525574e-02
-2.422267943620681763e-02
6.231511756777763367e-02
-4.747960716485977173e-02
-4.147579893469810486e-02
3.002781048417091370e-02
-9.281063452363014221e-03
-3.082760423421859741e-02
3.055702429264783859e-03
4.255533590912818909e-02
-2.649580128490924835e-02
-4.684241488575935364e-02
8.489762246608734131e-02
1.117574889212846756e-02
-4.701736196875572205e-02
-1.667831465601921082e-02
-3.622847050428390503e-02
-3.485047072172164917e-02
3.110064752399921417e-02
-7.082197349518537521e-03
-5.750911682844161987e-02
-4.152385517954826355e-03
1.910239458084106445e-02
-4.174266476184129715e-03
-1.430791709572076797e-02
-1.918230392038822174e-02
7.668860256671905518e-03
-9.539552032947540283e-03
-1.917946711182594299e-02
2.700987458229064941e-02
-1.770037575624883175e-03
1.616862788796424866e-02
6.703840196132659912e-02
-6.809166818857192993e-02
1.027445960789918900e-02
-2.068199450150132179e-03
-2.237934060394763947e-02
-2.282783016562461853e-02
-1.066353358328342438e-02
-6.480935495346784592e-03
-2.891915664076805115e-02
1.109710428863763809e-02
-8.933469653129577637e-03
-3.498676046729087830e-02
-3.183356672525405884e-02
-2.582033351063728333e-02
-5.231454968452453613e-02
-6.395328044891357422e-02
-3.246579691767692566e-02
-1.444691885262727737e-02
-2.992545813322067261e-02
6.852992624044418335e-02
3.099204227328300476e-02
-4.570269212126731873e-02
4.553229361772537231e-02
4.826119542121887207e-02
-7.265687733888626099e-02
-3.588031604886054993e-02
-1.784417778253555298e-02
-2.850959822535514832e-02
2.079177647829055786e-02
6.111968681216239929e-02
6.133799627423286438e-02
-9.584100544452667236e-02
3.893642872571945190e-02
8.689840137958526611e-02
-4.715463891625404358e-02
1.518296543508768082e-02
6.641761958599090576e-02
-6.106450688093900681e-03
-7.254571653902530670e-03
-3.037757985293865204e-02
6.385963875800371170e-03
6.500784307718276978e-03
-3.612154349684715271e-02
-1.185445953160524368e-02
2.799574099481105804e-02
4.460286349058151245e-02
-1.095389109104871750e-02
1.020571123808622360e-02
1.748713664710521698e-02
-1.113261468708515167e-02
-1.300922362133860588e-03
-2.109684981405735016e-02
-3.128371760249137878e-02
1.799100078642368317e-02
-1.391832903027534485e-02
-1.315340679138898849e-02
-2.155037224292755127e-02
-6.238633766770362854e-02
-3.675106540322303772e-02
-3.855119273066520691e-02
-1.225946098566055298e-02
-3.113567829132080078e-02
-1.239643711596727371e-02
7.020904868841171265e-02
9.844551794230937958e-03
-2.162390947341918945e-02
-1.909158751368522644e-02
5.312390998005867004e-02
-5.474928766489028931e-03
-1.111762002110481262e-01
6.339188665151596069e-02
-3.202851861715316772e-02
-8.482190221548080444e-02
4.322209954261779785e-02
4.927611351013183594e-02
2.918795682489871979e-02
3.960337862372398376e-02
5.357984080910682678e-02
4.152609501034021378e-03
6.682562176138162613e-03
1.814181171357631683e-02
-3.814299125224351883e-03
-1.689187437295913696e-02
3.386867046356201172e-02
2.127330005168914795e-02
-6.006245035678148270e-03
-2.484428929165005684e-03
6.933311000466346741e-03
1.147491298615932465e-02
-2.993627078831195831e-02
2.768035605549812317e-02
-2.567199803888797760e-02
5.732547491788864136e-02
4.557633772492408752e-02
-6.998161971569061279e-02
1.629979349672794342e-02
6.660776212811470032e-03
-5.557279661297798157e-02
-3.287563100457191467e-02
-5.528212711215019226e-02
3.179065138101577759e-02
1.966575346887111664e-02
1.529842894524335861e-02
-2.246394142275676131e-04
2.786882221698760986e-02
6.493646651506423950e-02
1.363961584866046906e-02
-5.302806384861469269e-03
4.701781645417213440e-02
1.322125736624002457e-02
8.346753194928169250e-03
5.193855240941047668e-02
2.618554234504699707e-02
2.426971122622489929e-02
2.832666970789432526e-03
-1.450743759050965309e-03
5.389022827148437500e-02
3.828095039352774620e-03
-2.714602090418338776e-02
1.487172674387693405e-02
1.538878772407770157e-02
-3.223303705453872681e-03
7.171827834099531174e-03
4.117919877171516418e-02
-3.424909710884094238e-02
-4.733004793524742126e-02
-4.770115949213504791e-03
8.090981096029281616e-02
2.998874336481094360e-02
-2.283342415466904640e-03
4.377789050340652466e-02
1.483648084104061127e-03
2.473440580070018768e-02
-4.610230773687362671e-02
-3.411642462015151978e-02
-3.727575764060020447e-02
1.004182454198598862e-02
1.068554935045540333e-03
1.857056654989719391e-02
5.831499001942574978e-04
-7.267029024660587311e-03
-1.053546834737062454e-02
-4.326735436916351318e-02
-2.901233173906803131e-02
-1.744628697633743286e-02
5.933368951082229614e-02
2.924304641783237457e-02
3.502860199660062790e-03
1.402423232793807983e-01
4.204398766160011292e-02
-3.101710975170135498e-02
9.084236621856689453e-02
2.301876991987228394e-02
-3.045535460114479065e-02
2.860493492335081100e-03
-6.501679122447967529e-02
-1.966224797070026398e-02
7.313532754778862000e-03
1.311149261891841888e-02
2.682707458734512329e-02
-2.921250276267528534e-02
5.009322892874479294e-03
-2.582105621695518494e-02
-5.224347487092018127e-02
-2.214598096907138824e-02
-6.701586302369832993e-03
-5.720428004860877991e-02
-3.605991229414939880e-02
1.768905553035438061e-03
-4.938000068068504333e-02
-6.760513037443161011e-02
9.076371788978576660e-03
-1.298336684703826904e-02
-7.952858693897724152e-03
1.465014275163412094e-02
1.795650832355022430e-02
4.438699409365653992e-02
2.070010267198085785e-02
-3.322152420878410339e-02
2.736315876245498657e-02
-2.569043636322021484e-02
-3.197916969656944275e-02
-1.402871031314134598e-02
-1.843283697962760925e-02
1.037586200982332230e-02
-3.492172108963131905e-03
-2.871665731072425842e-02
-2.048431895673274994e-02
-4.498966038227081299e-02
-4.629310965538024902e-02
-3.199490532279014587e-02
-4.579536616802215576e-03
1.667460054159164429e-02
-7.768485695123672485e-02
-7.829459011554718018e-02
-3.407334210351109505e-03
-4.441320151090621948e-02
-9.096057713031768799e-02
-4.805932193994522095e-02
5.709142982959747314e-02
1.982928626239299774e-02
-6.202156655490398407e-03
-3.162363544106483459e-02
-1.463208999484777451e-02
3.248169086873531342e-03
-1.906460523605346680e-02
-3.086293861269950867e-02
3.330992767587304115e-03
-1.035667303949594498e-02
4.302778840065002441e-02
-1.958986930549144745e-02
-6.503663957118988037e-02
2.449651621282100677e-02
1.794314756989479065e-02
-2.635300904512405396e-02
-1.047568209469318390e-02
3.625842556357383728e-02
2.419022098183631897e-02
-1.122142304666340351e-03
-6.966680288314819336e-02
-7.613206747919321060e-03
-5.462789162993431091e-02
-8.884422481060028076e-02
-7.979529909789562225e-03
-4.986900836229324341e-02
-8.659237623214721680e-02
-1.372758205980062485e-02
-1.919358037412166595e-02
8.320076391100883484e-03
3.322514705359935760e-03
-1.782593131065368652e-02
-1.089010760188102722e-02
2.114224992692470551e-02
2.259410917758941650e-02
-4.584464803338050842e-02
-5.912391841411590576e-02
-4.684840142726898193e-02
6.621370092034339905e-03
-2.330297790467739105e-02
-4.628460109233856201e-02
-2.929391898214817047e-02
-1.846698485314846039e-02
-2.748651430010795593e-02
-1.050435937941074371e-02
-5.923950299620628357e-02
-4.520595818758010864e-02
-5.149073153734207153e-02
-3.299538977444171906e-03
-2.014988102018833160e-02
-4.313481971621513367e-02
-2.955032140016555786e-02
-4.816642403602600098e-02
-6.561115384101867676e-02
1.785898394882678986e-02
-6.875720340758562088e-03
4.083726927638053894e-02
-2.721388824284076691e-03
-8.479794487357139587e-03
3.095389157533645630e-02
3.936209715902805328e-03
-3.870193287730216980e-02
-4.178767278790473938e-02
-1.824930659495294094e-03
1.083331648260354996e-02
3.105793334543704987e-02
2.808237075805664062e-02
2.626075595617294312e-02
1.261677779257297516e-02
-2.065016451524570584e-04
-3.280466794967651367e-02
-5.822732299566268921e-02
-3.016958944499492645e-02
3.288904204964637756e-02
5.614845454692840576e-02
-9.387582540512084961e-03
9.114670101553201675e-04
-4.617428872734308243e-03
1.219748985022306442e-02
3.515662997961044312e-02
-1.189814507961273193e-02
5.094737187027931213e-02
6.046497821807861328e-02
2.823803341016173363e-03
9.583176672458648682e-02
9.013123810291290283e-02
-4.009961267001926899e-04
2.925324812531471252e-02
2.616176195442676544e-02
-5.310520902276039124e-02
-2.633927389979362488e-02
6.396256387233734131e-02
3.893155977129936218e-02
-5.280327424407005310e-02
1.717583462595939636e-02
2.003439143300056458e-02
2.306110458448529243e-03
1.716666668653488159e-02
1.660420745611190796e-02
3.105125389993190765e-02
1.410839986056089401e-02
2.795498818159103394e-02
2.292207255959510803e-02
-1.473299227654933929e-02
-1.973279193043708801e-02
1.514191087335348129e-02
-1.848074235022068024e-02
-5.195076018571853638e-02
3.256081789731979370e-02
5.488048493862152100e-02
8.677796460688114166e-03
3.866059705615043640e-02
4.140172526240348816e-02
4.179748892784118652e-02
1.464367471635341644e-02
9.082980453968048096e-03
2.121229097247123718e-02
3.274632245302200317e-02
3.120005689561367035e-02
6.378221511840820312e-02
-1.397561281919479370e-03
1.720349676907062531e-02
6.301794946193695068e-02
-2.396690845489501953e-02
-3.021608479321002960e-02
2.193152159452438354e-02
-1.419667340815067291e-02
1.747186615830287337e-04
4.249059781432151794e-02
2.933890325948596001e-03
-3.426187904551625252e-03
-2.289388887584209442e-02
1.206090208142995834e-02
5.152774043381214142e-03
-2.323063835501670837e-02
-3.426820784807205200e-02
-6.088288128376007080e-02
-6.037209182977676392e-02
-1.887658238410949707e-02
-2.651583962142467499e-02
-3.686498850584030151e-02
-1.429081987589597702e-02
1.111969724297523499e-02
-9.954271838068962097e-03
-2.360907755792140961e-02
-3.011115267872810364e-02
-7.065063691698014736e-04
-2.647367864847183228e-02
-2.870015613734722137e-02
-8.197847753763198853e-03
3.932095598429441452e-03
2.905828645452857018e-03
1.139391399919986725e-02
2.003059349954128265e-02
-1.754119410179555416e-03
3.177287057042121887e-02
3.326079621911048889e-02
-7.487975060939788818e-03
1.428793556988239288e-02
1.633136160671710968e-02
-2.181898988783359528e-02
1.319084432907402515e-03
-3.567329607903957367e-03
2.757807262241840363e-02
3.198483958840370178e-02
-4.301587585359811783e-03
4.198952578008174896e-03
2.034832350909709930e-02
-3.703974187374114990e-02
-1.769465953111648560e-02
-3.007704857736825943e-03
-4.953672736883163452e-02
1.310161780565977097e-02
1.936667971312999725e-02
-2.104661613702774048e-02
6.682104617357254028e-02
5.823366716504096985e-02
8.217165246605873108e-03
8.663022518157958984e-02
8.925326168537139893e-02
6.851956993341445923e-02
3.284560050815343857e-03
-9.031373774632811546e-04
7.245021313428878784e-02
-5.380345508456230164e-03
-4.338961560279130936e-03
-9.340344928205013275e-03
-9.558304212987422943e-03
-1.105821225792169571e-02
-2.997698076069355011e-02
2.555734710767865181e-03
-1.766673289239406586e-02
3.178185084834694862e-03
-4.458058625459671021e-02
-4.660448431968688965e-02
-2.954456582665443420e-02
-4.341346025466918945e-02
-2.321583591401576996e-02
-1.134048029780387878e-02
2.703660912811756134e-02
3.533612936735153198e-03
8.605658076703548431e-03
9.536157362163066864e-03
3.564051538705825806e-02
5.919141694903373718e-03
-3.522614249959588051e-03
-1.254674606025218964e-02
-1.494526211172342300e-02
-2.805402129888534546e-02
-1.577274128794670105e-02
9.869739413261413574e-03
-1.863548182882368565e-03
2.797205233946442604e-03
-3.345049545168876648e-02
-3.365122154355049133e-02
-2.521490491926670074e-02
-7.484359201043844223e-03
1.153898146003484726e-02
7.010232657194137573e-02
-2.342066494747996330e-03
-4.086507856845855713e-02
-3.285539895296096802e-02
-2.172895520925521851e-02
-1.946895197033882141e-02
-2.869256213307380676e-02
2.395670674741268158e-02
6.335319578647613525e-02
4.244841262698173523e-02
-1.310223713517189026e-02
4.915143921971321106e-02
7.121268659830093384e-02
6.199854891747236252e-03
-1.443723775446414948e-02
8.781201206147670746e-03
-4.841004684567451477e-02
-5.808565765619277954e-03
-1.703186519443988800e-02
-3.108185715973377228e-02
-1.603010669350624084e-02
1.707215560600161552e-03
-2.457976527512073517e-02
-3.093776293098926544e-02
4.233978688716888428e-02
3.377443924546241760e-02
1.621644827537238598e-03
2.687949128448963165e-02
4.405938088893890381e-02
-5.247167497873306274e-02
2.013842016458511353e-02
2.282678335905075073e-02
-3.328319266438484192e-02
-1.933030039072036743e-02
4.076315090060234070e-02
2.555147372186183929e-02
-1.037115603685379028e-02
2.779282629489898682e-02
3.154616570100188255e-03
-2.741894684731960297e-02
1.381369028240442276e-02
-1.343385968357324600e-02
-7.338090334087610245e-03
3.553383424878120422e-02
-2.616457641124725342e-02
-2.255621738731861115e-02
2.552516758441925049e-02
-2.112567052245140076e-02
-4.273713752627372742e-02
-1.356981974095106125e-02
-2.155093289911746979e-02
-4.283203929662704468e-02
5.079120397567749023e-02
-6.542848795652389526e-02
-1.629919186234474182e-02
3.028563410043716431e-02
-6.324483454227447510e-02
6.443687248975038528e-03
-9.942476637661457062e-03
-4.952114075422286987e-02
3.079734742641448975e-02
4.993414506316184998e-02
-1.880347914993762970e-02
7.004156359471380711e-04
9.376799687743186951e-03
-1.418923120945692062e-02
9.075877256691455841e-03
-6.597776710987091064e-02
-5.374369397759437561e-02
1.229327917098999023e-02
5.868142843246459961e-02
3.892659395933151245e-02
8.683500811457633972e-03
-3.161375224590301514e-02
-4.841763526201248169e-02
-2.499076537787914276e-02
-1.325653959065675735e-02
5.486834328621625900e-03
1.127160526812076569e-02
2.631786046549677849e-04
1.648056507110595703e-02
-4.375429358333349228e-03
-1.031585782766342163e-02
-2.389599382877349854e-02
-8.339968509972095490e-03
3.524113679304718971e-03
-2.982501406222581863e-03
-1.746889553032815456e-03
-5.124596878886222839e-03
1.549463719129562378e-02
-7.468070369213819504e-03
1.653734222054481506e-02
-1.818400435149669647e-02
-2.870828285813331604e-02
-5.628325510770082474e-03
-7.730018813163042068e-03
-2.745801210403442383e-02
2.040744014084339142e-02
5.532367620617151260e-03
2.982984296977519989e-02
2.528391778469085693e-02
-1.002780627459287643e-02
3.337884321808815002e-02
4.685061052441596985e-03
9.523676708340644836e-03
3.995608165860176086e-02
3.694009408354759216e-02
3.759033605456352234e-02
-1.274744048714637756e-02
1.918547414243221283e-02
4.160477314144372940e-03
-5.796981230378150940e-02
7.076266221702098846e-03
-3.988913074135780334e-02
-7.825999520719051361e-03
3.484926745295524597e-02
-3.019612655043601990e-02
-5.200722441077232361e-02
4.527568072080612183e-02
-4.899825155735015869e-02
-5.761192366480827332e-02
5.521142855286598206e-02
-2.296323329210281372e-02
-2.220303984358906746e-03
-9.572434425354003906e-02
-1.888363063335418701e-02
-1.051291823387145996e-02
-6.799852126277983189e-04
6.872008088976144791e-03
-1.760274404659867287e-03
-2.849365025758743286e-02
2.045829594135284424e-02
1.276769395917654037e-02
-4.448658227920532227e-02
2.360651083290576935e-02
3.094008751213550568e-02
-3.847647458314895630e-03
5.460669100284576416e-02
6.253086775541305542e-02
-1.224979106336832047e-02
5.955245811492204666e-03
2.553504332900047302e-02
-6.607884913682937622e-02
-5.565804615616798401e-02
-4.233280941843986511e-02
-4.833322018384933472e-02
-8.882026374340057373e-02
-7.358743250370025635e-02
3.007931821048259735e-02
-5.450878292322158813e-02
-2.502668648958206177e-02
-3.725787624716758728e-02
-6.018766667693853378e-03
-1.016703899949789047e-02
2.545730210840702057e-02
4.430072754621505737e-02
6.915606558322906494e-02
2.450468577444553375e-02
2.594107016921043396e-02
4.124510660767555237e-02
-4.087065532803535461e-02
5.787264090031385422e-03
-1.279023755341768265e-02
-1.290493062697350979e-03
-2.902541775256395340e-03
1.243509445339441299e-02
1.919450797140598297e-02
-1.805980503559112549e-02
3.445514710620045662e-03
4.621712863445281982e-02
5.417394265532493591e-02
6.256741005927324295e-03
2.589827030897140503e-02
4.591500014066696167e-02
-7.822135463356971741e-03
1.024659536778926849e-02
3.527233004570007324e-02
-2.075857017189264297e-03
5.534597486257553101e-02
7.787933200597763062e-02
1.733664423227310181e-02
7.346571236848831177e-02
5.462898313999176025e-02
-1.457241363823413849e-02
-5.340128391981124878e-02
-5.293353274464607239e-02
-7.881467230618000031e-03
1.351568568497896194e-02
3.124473849311470985e-03
1.923895813524723053e-02
4.072824493050575256e-02
3.652121871709823608e-02
2.275206334888935089e-02
8.013612590730190277e-03
4.392357915639877319e-02
7.261866331100463867e-02
3.562558442354202271e-02
5.594649165868759155e-02
1.865219324827194214e-02
5.458122491836547852e-02
6.040728092193603516e-02
5.178296938538551331e-02
-3.114722494501620531e-04
-4.157897084951400757e-02
-2.405128255486488342e-02
2.842408604919910431e-02
2.363579533994197845e-02
-8.291358128190040588e-03
1.745430007576942444e-02
2.771798893809318542e-02
3.479984030127525330e-02
1.813058275729417801e-03
-3.495930461212992668e-03
1.435552351176738739e-02
2.075807377696037292e-02
5.900704860687255859e-02
4.036786034703254700e-02
-3.034600242972373962e-02
-9.905762039124965668e-03
1.578538119792938232e-02
-5.282155796885490417e-02
-3.601213544607162476e-02
-1.179543673060834408e-03
-5.013972520828247070e-02
2.938193210866302252e-05
5.442060157656669617e-02
2.402108348906040192e-02
4.780305176973342896e-02
1.778836175799369812e-02
9.191536158323287964e-02
4.962509963661432266e-03
-8.715678006410598755e-02
-1.940227486193180084e-02
1.492279930971562862e-03
-1.962664164602756500e-02
3.504091873764991760e-02
4.780136793851852417e-02
1.370856538414955139e-02
2.549744024872779846e-02
4.360165074467658997e-02
2.165154786780476570e-03
-9.061829186975955963e-03
1.384897273965179920e-03
-3.788695111870765686e-02
-5.376999825239181519e-02
-3.057477436959743500e-02
-6.297027319669723511e-02
2.361945062875747681e-02
6.949358433485031128e-02
-1.581138558685779572e-02
-7.632211595773696899e-02
-5.064332857728004456e-02
-1.038317754864692688e-02
-3.606409579515457153e-02
-1.759021775797009468e-03
-4.262825846672058105e-02
5.097624287009239197e-02
4.242227599024772644e-02
-3.378632245585322380e-04
-4.790483415126800537e-02
2.334957476705312729e-03
-1.099180243909358978e-02
-1.500926632434129715e-02
6.330605596303939819e-03
-2.389198355376720428e-02
1.543514523655176163e-02
4.960224777460098267e-02
-3.020530194044113159e-02
-3.304095566272735596e-02
6.821645796298980713e-02
5.162419378757476807e-02
-2.939087152481079102e-02
8.142594248056411743e-03
-5.837109312415122986e-02
-1.971379853785037994e-02
-1.550848875194787979e-02
-1.903884299099445343e-02
-1.692583784461021423e-02
-2.818794548511505127e-02
1.874438836239278316e-03
-2.276456169784069061e-02
-1.468837447464466095e-02
6.288765871431678534e-05
-2.495229803025722504e-02
7.471743971109390259e-03
-2.012625709176063538e-02
-4.253813624382019043e-02
9.197967499494552612e-02
3.048813529312610626e-02
-5.395459011197090149e-03
5.068086832761764526e-02
2.290492318570613861e-02
-2.746542729437351227e-02
-1.593641750514507294e-02
3.483715117909014225e-04
3.548081964254379272e-02
8.331666141748428345e-02
2.328082919120788574e-02
2.279618009924888611e-02
2.668942324817180634e-02
2.014595642685890198e-02
-2.649278379976749420e-02
-1.546214707195758820e-02
-6.630193442106246948e-03
1.030664369463920593e-01
2.549486234784126282e-02
-9.403167292475700378e-03
-5.575961992144584656e-02
-9.614964574575424194e-02
4.399384930729866028e-02
2.115656062960624695e-02
5.082756653428077698e-02
1.026793569326400757e-01
-9.680831432342529297e-02
-3.846956416964530945e-02
1.107183471322059631e-02
-1.856852509081363678e-02
-2.372377924621105194e-02
-5.891843698918819427e-03
2.495021000504493713e-02
-9.246147237718105316e-03
-4.769395105540752411e-03
3.019528649747371674e-02
4.987345635890960693e-02
2.027028938755393028e-03
-4.992854967713356018e-02
-2.663837186992168427e-02
1.445313799194991589e-03
2.300054533407092094e-03
-1.423546858131885529e-02
-5.025188252329826355e-02
3.568873554468154907e-02
8.353189565241336823e-03
3.156559541821479797e-02
-7.042852789163589478e-02
-1.875753141939640045e-02
2.798302657902240753e-02
1.143691944889724255e-03
-1.984370686113834381e-02
-8.606517687439918518e-03
-1.293224655091762543e-02
-1.338560972362756729e-02
1.504351384937763214e-02
2.627410739660263062e-02
2.762773074209690094e-02
2.731929160654544830e-02
3.084986284375190735e-02
-5.938504636287689209e-02
-6.778120994567871094e-02
-4.421304911375045776e-04
-3.261169046163558960e-02
2.638030983507633209e-02
-2.402972057461738586e-02
-1.845399662852287292e-02
6.803389638662338257e-02
-1.951874699443578720e-03
-2.464694902300834656e-02
2.089277841150760651e-02
5.421355366706848145e-02
5.156975612044334412e-02
-1.250389311462640762e-02
1.043132171034812927e-01
1.000769138336181641e-01
-1.286689308471977711e-03
3.469191491603851318e-02
5.310636013746261597e-02
-4.724820703268051147e-02
-1.022228226065635681e-02
-3.181986883282661438e-02
-1.291863806545734406e-02
4.609588533639907837e-02
1.475309114903211594e-02
-1.705665141344070435e-02
7.606927305459976196e-02
6.206111237406730652e-02
1.059205643832683563e-02
1.068186201155185699e-02
-4.166716337203979492e-02
-1.335160806775093079e-03
2.063386142253875732e-03
-8.267671614885330200e-02
8.094797842204570770e-03
-3.944071941077709198e-03
-5.215664859861135483e-03
4.731274768710136414e-02
6.309019029140472412e-02
5.951847136020660400e-02
2.394128777086734772e-02
7.269207388162612915e-02
8.716007694602012634e-03
3.678940236568450928e-02
-1.139983441680669785e-02
-2.627295069396495819e-02
8.792169392108917236e-03
-2.176869846880435944e-02
-6.592825055122375488e-02
-1.769208535552024841e-02
-1.848926953971385956e-02
-2.371347974985837936e-03
4.754621908068656921e-02
-4.917373508214950562e-02
-9.376376867294311523e-03
5.591618269681930542e-02
-3.984115086495876312e-03
-5.673232302069664001e-02
-4.311304911971092224e-02
7.964568585157394409e-02
-5.272590555250644684e-03
-1.790868304669857025e-02
-1.552957296371459961e-02
-3.087284602224826813e-02
-2.569464966654777527e-02
-4.020146280527114868e-02
-2.423217333853244781e-02
7.841670885682106018e-03
-4.487222526222467422e-03
2.387120760977268219e-02
-2.174854651093482971e-02
-6.163810193538665771e-02
3.412723168730735779e-02
-6.184944510459899902e-02
-4.944596812129020691e-02
-8.890658617019653320e-03
-3.076508454978466034e-02
-1.135333348065614700e-02
1.366154383867979050e-02
1.481943856924772263e-02
-2.726797712966799736e-03
8.765866048634052277e-03
5.232184194028377533e-03
6.883569294586777687e-04
-1.062164548784494400e-03
-1.559462584555149078e-02
-1.046691369265317917e-02
-2.030026167631149292e-02
-3.549709543585777283e-02
-3.962551429867744446e-02
-3.269933536648750305e-02
-6.642533093690872192e-02
6.485133431851863861e-03
3.253772854804992676e-02
4.512599855661392212e-02
2.704012766480445862e-02
4.102965071797370911e-02
1.760324463248252869e-02
3.571690991520881653e-02
4.496636241674423218e-02
2.922184579074382782e-02
3.325974941253662109e-02
-1.250430010259151459e-02
-2.212308533489704132e-02
6.385508179664611816e-02
4.596139770001173019e-03
-4.225857264827936888e-04
-2.225730009377002716e-02
-6.181850656867027283e-02
-1.744201593101024628e-02
6.282158195972442627e-02
1.867885515093803406e-02
-2.883281186223030090e-02
1.367625035345554352e-02
1.897025620564818382e-03
7.336244918406009674e-03
8.806952275335788727e-03
5.136517807841300964e-02
5.794740840792655945e-02
4.716879688203334808e-03
3.742776811122894287e-02
-1.792698539793491364e-02
4.074359312653541565e-02
1.306755747646093369e-02
-6.044052541255950928e-02
7.124724984169006348e-02
2.626146562397480011e-02
-5.011375620961189270e-02
3.593437001109123230e-02
3.215910494327545166e-02
1.114044897258281708e-02
5.285663530230522156e-02
7.731761038303375244e-02
1.500328164547681808e-02
-6.022944115102291107e-03
4.335185885429382324e-02
-2.378627099096775055e-02
-2.702816575765609741e-02
-7.247564196586608887e-02
-1.993031613528728485e-02
-6.568617373704910278e-02
-5.701482295989990234e-02
4.054303746670484543e-03
-7.465274538844823837e-03
5.924134049564599991e-03
5.276646092534065247e-02
5.557930469512939453e-02
3.145799040794372559e-03
-1.123737357556819916e-02
-1.715739443898200989e-02
-1.081086602061986923e-02
2.544602751731872559e-02
-2.652361430227756500e-02
-3.347994759678840637e-02
3.421416506171226501e-02
-8.193648420274257660e-03
-4.108925908803939819e-02
-1.444114465266466141e-02
-1.450359728187322617e-02
-4.311790317296981812e-02
-1.020498387515544891e-02
-1.980671100318431854e-02
-1.992031000554561615e-02
8.783273398876190186e-03
8.589136414229869843e-03
-1.032762156683020294e-04
1.875762455165386200e-02
2.616405114531517029e-02
-3.433481231331825256e-02
3.024419583380222321e-02
-1.776635088026523590e-02
-1.258094515651464462e-02
-3.071179147809743881e-03
-5.497292615473270416e-03
-1.985678263008594513e-02
-1.477145589888095856e-02
-2.892516925930976868e-02
-4.632851481437683105e-02
-3.601524978876113892e-02
-1.708851009607315063e-02
-1.230976544320583344e-02
3.131460864096879959e-03
2.492740750312805176e-02
-1.930857688421383500e-04
-7.555845193564891815e-03
-2.601852267980575562e-02
-6.197121925652027130e-03
-3.699757158756256104e-02
-8.172958041541278362e-05
1.546222809702157974e-02
-3.507664054632186890e-02
2.991020446643233299e-03
-7.414128165692090988e-03
-3.784434497356414795e-02
-3.308444283902645111e-03
-2.583999186754226685e-02
-2.379100956022739410e-02
1.342111639678478241e-02
-4.791016224771738052e-03
-2.210693433880805969e-03
2.554946206510066986e-02
8.001050911843776703e-03
3.646889328956604004e-02
-2.529231831431388855e-03
5.361650604754686356e-03
4.168745875358581543e-02
1.545168552547693253e-02
-7.804869528627023101e-05
-3.943494521081447601e-03
-1.022667624056339264e-02
5.354903172701597214e-03
-4.292892664670944214e-02
-2.821311727166175842e-02
-3.293704614043235779e-02
-4.723661765456199646e-02
-1.471249945461750031e-02
-7.267495617270469666e-03
-8.103075623512268066e-02
-4.420807212591171265e-02
-6.333313882350921631e-02
-5.863193050026893616e-02
-4.432299733161926270e-02
-5.445346981287002563e-02
-3.546643257141113281e-02
-4.948061704635620117e-02
-4.619636014103889465e-02
-4.821793735027313232e-02
1.554815843701362610e-02
1.370574813336133957e-02
4.488187283277511597e-02
-3.589057177305221558e-02
-2.518548164516687393e-03
4.774387180805206299e-02
-1.236896589398384094e-02
-9.733648621477186680e-04
4.613580927252769470e-02
-5.043744668364524841e-02
-5.500230938196182251e-02
-5.624385923147201538e-02
-9.455823898315429688e-02
-4.750440269708633423e-02
-2.690211497247219086e-02
-4.301301762461662292e-02
-1.603312045335769653e-02
-3.699469938874244690e-02
-2.447848580777645111e-02
-4.735814779996871948e-02
-1.624619401991367340e-02
1.265131169930100441e-03
-3.179112216457724571e-03
7.755471859127283096e-03
-1.722988113760948181e-02
-5.703715141862630844e-03
-7.289205677807331085e-03
-8.684431668370962143e-04
5.372404586523771286e-03
-2.716057701036334038e-03
-2.049158513545989990e-02
-4.002470150589942932e-02
-1.966504380106925964e-02
5.159744527190923691e-03
-2.192395739257335663e-02
-2.503023482859134674e-02
-2.605467475950717926e-02
-2.023074589669704437e-02
5.388614162802696228e-02
-2.874157018959522247e-02
-3.540472313761711121e-02
5.986608564853668213e-02
1.496545039117336273e-02
-1.419367361813783646e-02
4.549719858914613724e-03
-4.947557672858238220e-02
-4.056353121995925903e-02
4.636785946786403656e-03
-9.018567390739917755e-03
-2.647661045193672180e-02
-1.801048777997493744e-02
1.460743322968482971e-02
-1.609232090413570404e-02
-6.202200427651405334e-02
-2.430392615497112274e-02
-8.879252709448337555e-03
6.694678962230682373e-02
-4.625706747174263000e-02
2.347926929360255599e-04
8.411737531423568726e-02
-9.570910781621932983e-02
-2.920928224921226501e-02
7.255848497152328491e-03
-1.583370938897132874e-02
1.077961828559637070e-02
3.556170035153627396e-03
-1.504850480705499649e-02
-3.187196701765060425e-02
5.073345080018043518e-02
-5.756937712430953979e-02
-5.265313759446144104e-02
2.595295198261737823e-02
1.357710175216197968e-02
-1.352169271558523178e-02
3.995242062956094742e-03
4.810895770788192749e-03
-3.900247067213058472e-02
-9.134965389966964722e-02
-2.768519148230552673e-02
-2.410261705517768860e-02
-4.454847425222396851e-02
7.742928341031074524e-03
-4.533542785793542862e-03
5.781154334545135498e-02
-7.078923285007476807e-03
-2.524169348180294037e-02
1.164562720805406570e-02
-4.084194079041481018e-03
-1.079006586223840714e-02
2.642233856022357941e-02
2.336460538208484650e-02
-1.393032632768154144e-02
-3.064972721040248871e-02
4.975105077028274536e-02
-6.504289060831069946e-02
-6.334669142961502075e-02
-8.625378832221031189e-03
-5.952009558677673340e-02
-2.920519374310970306e-02
-2.777737332507967949e-03
-9.228944778442382812e-03
-1.212015934288501740e-02
2.421321347355842590e-02
2.403394505381584167e-02
3.879404813051223755e-02
2.900131605565547943e-02
1.937313564121723175e-02
4.537751525640487671e-02
-6.029513198882341385e-03
-5.364592000842094421e-02
-7.790538668632507324e-02
-1.568388193845748901e-02
-9.509060531854629517e-02
-5.923754349350929260e-02
1.894143875688314438e-03
-3.206012398004531860e-02
1.040580309927463531e-02
2.112943120300769806e-02
-1.668372191488742828e-03
-2.086387015879154205e-02
-2.044341294094920158e-03
-1.234438735991716385e-02
4.082936793565750122e-02
-3.883117064833641052e-02
7.385790813714265823e-03
4.412502050399780273e-02
-6.177639123052358627e-03
3.369970619678497314e-02
4.703903198242187500e-02
1.636105589568614960e-02
1.238161232322454453e-02
6.229587830603122711e-03
3.215277940034866333e-02
4.099699109792709351e-02
3.536456823348999023e-02
-2.313294261693954468e-02
3.480810206383466721e-03
-2.383506856858730316e-02
-2.445599297061562538e-03
5.589395761489868164e-02
4.091172292828559875e-02
-1.374534517526626587e-02
2.749175950884819031e-02
3.232477605342864990e-02
1.428249571472406387e-02
1.472968887537717819e-02
-4.732242599129676819e-02
-2.110507152974605560e-02
-1.540013961493968964e-02
-3.881767764687538147e-02
-1.959732361137866974e-02
-3.472281619906425476e-02
3.004374215379357338e-03
2.999907359480857849e-02
5.191322416067123413e-02
3.810570761561393738e-02
5.204221699386835098e-03
2.753003872931003571e-02
9.052427485585212708e-03
1.207330357283353806e-02
3.088214062154293060e-02
2.509039593860507011e-03
-7.896542549133300781e-03
-6.548770517110824585e-02
-1.569502614438533783e-02
-1.757191121578216553e-02
-5.238899216055870056e-02
-2.409989386796951294e-02
-3.685703873634338379e-02
4.764798097312450409e-03
2.722545526921749115e-02
3.843561932444572449e-02
2.282080799341201782e-02
6.834772415459156036e-03
1.558860111981630325e-02
-9.851711802184581757e-03
-2.859782800078392029e-02
2.483801357448101044e-02
2.821323834359645844e-02
-9.109430015087127686e-03
-5.095877125859260559e-02
-1.459386199712753296e-02
3.392748534679412842e-03
-5.143462866544723511e-02
-3.688247129321098328e-02
-2.446055039763450623e-02
-6.457807030528783798e-04
-6.653714179992675781e-02
-2.975429408252239227e-02
-2.228134125471115112e-02
-1.422137301415205002e-02
-2.032183296978473663e-02
1.716911792755126953e-02
-2.336833439767360687e-02
-9.775122627615928650e-03
1.962340809404850006e-02
4.097012337297201157e-03
-4.504894837737083435e-03
1.568690873682498932e-02
-4.099749773740768433e-02
-2.746661379933357239e-02
-1.521838549524545670e-02
-5.225365236401557922e-02
7.175901904702186584e-03
-1.028623990714550018e-02
-3.853681683540344238e-02
-4.785464261658489704e-04
-3.222302719950675964e-02
-2.265256270766258240e-02
-1.968337967991828918e-02
-4.382799938321113586e-02
1.159302797168493271e-02
2.603646181523799896e-02
-5.204531922936439514e-02
-1.990484073758125305e-03
2.355477772653102875e-02
-4.498991183936595917e-03
-4.913680255413055420e-02
4.282328009139746428e-04
-1.010688673704862595e-02
-5.313943326473236084e-02
-2.061443403363227844e-02
-6.731474306434392929e-03
-3.185060620307922363e-02
1.679871603846549988e-02
2.794132195413112640e-02
1.139890216290950775e-02
-1.826133765280246735e-02
8.136585354804992676e-03
-3.295641764998435974e-02
-8.831837214529514313e-03
-2.382341213524341583e-02
-6.113749369978904724e-02
-3.007142432034015656e-02
-9.275119751691818237e-02
-1.618563942611217499e-02
8.332896977663040161e-02
-8.157841116189956665e-02
1.440550945699214935e-02
9.717449545860290527e-02
-3.649642318487167358e-02
4.620654881000518799e-02
6.523253023624420166e-02
1.388901565223932266e-02
-4.154619574546813965e-02
-6.303679663687944412e-03
-2.783492021262645721e-02
-3.278237581253051758e-02
-8.956237696111202240e-03
-2.049284055829048157e-02
2.364351972937583923e-02
5.903373006731271744e-03
9.019207209348678589e-02
3.404427692294120789e-02
-1.116854697465896606e-02
1.076300367712974548e-01
1.343542896211147308e-02
-9.845253080129623413e-03
7.446498423814773560e-02
4.010706022381782532e-02
3.643429372459650040e-03
1.290620490908622742e-02
2.148482762277126312e-02
5.663760006427764893e-03
3.276544809341430664e-02
2.628128416836261749e-02
2.231943793594837189e-02
-6.778606213629245758e-03
1.216198224574327469e-02
5.728564690798521042e-03
2.424828335642814636e-02
6.748974323272705078e-02
8.266474306583404541e-02
-1.193022727966308594e-02
4.340758919715881348e-02
8.192191272974014282e-02
-7.614827156066894531e-02
-3.284412994980812073e-02
4.707002639770507812e-02
-3.954711556434631348e-02
-8.597970008850097656e-03
1.269307732582092285e-02
-8.756551891565322876e-03
-4.999279044568538666e-03
1.787310466170310974e-02
-3.173696622252464294e-02
-2.520154602825641632e-02
-6.847219076007604599e-03
1.128550991415977478e-02
-1.692122593522071838e-02
3.509316220879554749e-02
-3.188632894307374954e-03
-3.597831726074218750e-02
-2.030954509973526001e-02
-3.338209912180900574e-02
-5.870472639799118042e-02
-6.457413733005523682e-02
-3.414737060666084290e-02
-4.984712973237037659e-02
6.064656656235456467e-03
-4.311982542276382446e-02
-6.895440071821212769e-02
8.667049929499626160e-03
-3.775679692625999451e-02
-3.329557925462722778e-02
-2.860037051141262054e-02
-1.092928182333707809e-02
3.789113461971282959e-02
2.187882922589778900e-02
-4.723700881004333496e-02
1.459690555930137634e-02
1.003126730211079121e-03
-4.739091917872428894e-02
1.767051964998245239e-02
-2.636678703129291534e-02
3.972475603222846985e-02
1.475974917411804199e-02
-3.091592341661453247e-02
-9.920248761773109436e-03
-2.147220820188522339e-02
9.155240841209888458e-03
-1.013465411961078644e-02
-4.980909079313278198e-02
-2.952696569263935089e-02
-1.339126750826835632e-02
-2.869939617812633514e-02
-4.973682761192321777e-02
-5.614225286990404129e-03
1.063884142786264420e-02
-6.491114944219589233e-02
3.823393955826759338e-02
3.143699467182159424e-02
7.641708943992853165e-03
-5.275338515639305115e-02
-8.105719089508056641e-02
-5.813169479370117188e-02
-1.093617174774408340e-02
-1.908081956207752228e-02
-2.363766543567180634e-03
5.982373375445604324e-03
4.798396304249763489e-02
6.701629608869552612e-02
5.116479471325874329e-02
-1.220527221448719501e-03
1.622161245904862881e-03
2.228891476988792419e-02
-2.159444428980350494e-02
5.278382822871208191e-02
2.633198536932468414e-02
-2.379109710454940796e-02
4.653429612517356873e-02
3.054886311292648315e-02
3.876980021595954895e-02
-1.101235486567020416e-02
1.845395192503929138e-02
3.532638028264045715e-02
-2.050291374325752258e-02
-1.841789111495018005e-02
-4.112200811505317688e-02
-3.278683125972747803e-02
-9.048243984580039978e-03
1.886924915015697479e-02
2.202133648097515106e-02
-4.935035854578018188e-02
-5.320713669061660767e-02
-2.887770347297191620e-02
-5.198680609464645386e-02
-1.293600052595138550e-01
-3.835602849721908569e-02
-1.398756634443998337e-02
-1.060123648494482040e-02
-1.171455718576908112e-02
-6.599191576242446899e-03
9.079887531697750092e-03
-2.790217846632003784e-02
4.899239540100097656e-02
7.915883511304855347e-02
3.071447089314460754e-02
6.292178481817245483e-02
6.255462020635604858e-02
-2.282003313302993774e-02
7.242335379123687744e-02
2.065238356590270996e-02
-4.747910797595977783e-02
-6.757129728794097900e-02
-5.625722929835319519e-02
-1.805459149181842804e-02
-1.717239618301391602e-02
-3.724871948361396790e-02
-2.777647413313388824e-02
7.707496639341115952e-03
-6.693759001791477203e-03
1.965392380952835083e-03
2.545845694839954376e-02
7.420759182423353195e-03
-6.931887939572334290e-03
5.789638310670852661e-02
3.542571142315864563e-02
-3.673011437058448792e-03
7.726575434207916260e-02
3.874569013714790344e-02
-1.602796488441526890e-03
2.402546815574169159e-02
1.676801778376102448e-02
8.414964191615581512e-03
-4.110646899789571762e-03
1.333577558398246765e-02
2.213652990758419037e-02
5.079015623778104782e-03
4.282436519861221313e-02
-9.825069457292556763e-03
3.914613649249076843e-02
4.985898733139038086e-03
1.460927166044712067e-02
-5.488247796893119812e-02
4.156656097620725632e-03
-1.508778659626841545e-04
6.475579738616943359e-02
3.584465757012367249e-02
-6.399778183549642563e-03
2.703366056084632874e-02
2.637946745380759239e-03
-1.462311577051877975e-02
7.494299672544002533e-03
-1.517906226217746735e-02
4.329389706254005432e-02
-2.141420356929302216e-02
2.594500407576560974e-02
8.447334170341491699e-02
-6.183567643165588379e-02
-4.822415485978126526e-02
-6.791763938963413239e-03
-4.737970605492591858e-02
3.876173496246337891e-02
5.783512815833091736e-02
-3.380043059587478638e-02
1.128778979182243347e-02
1.893130829557776451e-03
2.484144875779747963e-03
-1.653006067499518394e-03
-1.764562539756298065e-02
-1.255773603916168213e-01
6.360113620758056641e-03
8.359778672456741333e-02
-1.096991822123527527e-01
1.975216716527938843e-02
8.191663026809692383e-02
-3.524292632937431335e-02
4.071874171495437622e-02
5.806307122111320496e-02
1.014425884932279587e-02
-5.505478754639625549e-02
-7.088209688663482666e-02
-2.439217641949653625e-02
-8.047507703304290771e-02
-8.188296854496002197e-02
-3.755584731698036194e-02
-5.400680750608444214e-02
1.964989304542541504e-02
2.330837305635213852e-03
4.204141348600387573e-02
7.326225191354751587e-02
-3.706331923604011536e-02
3.476005047559738159e-02
3.478406742215156555e-02
-7.067473232746124268e-02
1.500591449439525604e-02
1.658531464636325836e-02
-1.264527207240462303e-03
-4.629846662282943726e-02
-1.853251829743385315e-02
-3.792831674218177795e-02
-5.172856897115707397e-02
9.383713826537132263e-03
1.579419709742069244e-03
2.554256282746791840e-02
5.358733702450990677e-03
-4.715358372777700424e-03
-6.580352783203125000e-03
3.304384648799896240e-02
4.001754894852638245e-02
1.843900303356349468e-03
1.122165657579898834e-02
-1.373513042926788330e-02
-5.444492399692535400e-02
-9.841684252023696899e-03
1.342102140188217163e-02
-1.583569310605525970e-02
5.008345004171133041e-03
-3.523960709571838379e-02
-5.708973482251167297e-02
-1.814054325222969055e-02
3.487946465611457825e-02
2.546764537692070007e-02
1.213621464557945728e-03
6.434538401663303375e-03
-3.830993548035621643e-02
-6.575044244527816772e-02
1.329357363283634186e-02
-5.110547691583633423e-02
-2.379954606294631958e-02
1.092238910496234894e-02
5.751904100179672241e-04
4.116519168019294739e-02
-5.516395345330238342e-02
-1.968740113079547882e-02
-1.080718543380498886e-02
-2.679927274584770203e-02
2.119545079767704010e-02
3.358374163508415222e-02
-2.410594560205936432e-02
8.930918993428349495e-04
1.277570147067308426e-02
2.674684859812259674e-03
2.355733141303062439e-02
2.285379916429519653e-02
1.075255917385220528e-03
-4.440158605575561523e-03
-3.728842735290527344e-02
1.643690280616283417e-02
-1.317274849861860275e-02
-2.738544717431068420e-02
-2.968144230544567108e-02
-1.794709637761116028e-02
1.853795140050351620e-03
5.231289193034172058e-03
-1.121677458286285400e-02
-4.051552154123783112e-03
-2.869858406484127045e-02
-3.871588036417961121e-02
-7.068921625614166260e-02
-3.566958010196685791e-02
-1.297234091907739639e-02
1.015259139239788055e-02
-1.434003096073865891e-02
1.865975558757781982e-02
2.252164110541343689e-02
2.887426316738128662e-02
3.144352883100509644e-02
-4.497869405895471573e-03
4.608014598488807678e-03
-1.003142073750495911e-02
-4.184266179800033569e-02
1.136683952063322067e-02
-9.386554360389709473e-03
-3.004574961960315704e-02
-2.376495860517024994e-02
-3.286149352788925171e-02
-1.728649437427520752e-02
4.007758689112961292e-04
1.566196791827678680e-02
2.959057874977588654e-02
-2.585025690495967865e-02
-1.309006940573453903e-02
1.638040132820606232e-02
2.057948708534240723e-02
3.322008624672889709e-02
2.166554890573024750e-02
-6.375901401042938232e-02
-1.651103049516677856e-02
2.670915238559246063e-02
-9.803004562854766846e-03
-1.914746873080730438e-02
-4.539129324257373810e-03
1.830574125051498413e-02
-3.295397013425827026e-02
-3.353112563490867615e-02
1.374832820147275925e-02
-3.526299493387341499e-03
-9.273648029193282127e-04
2.329907752573490143e-02
2.857296168804168701e-02
3.069731593132019043e-02
-5.793135613203048706e-03
1.668451912701129913e-02
2.433807775378227234e-02
-4.130857810378074646e-02
4.510435461997985840e-02
1.201732363551855087e-02
-1.529681123793125153e-02
1.407793536782264709e-02
5.821194965392351151e-03
1.135459169745445251e-02
-2.070310711860656738e-02
9.123969823122024536e-03
-1.106201112270355225e-02
8.679107762873172760e-03
-1.958510279655456543e-02
-3.021664358675479889e-02
-5.516812205314636230e-02
-8.932942152023315430e-02
7.730995304882526398e-03
5.946372170001268387e-03
5.544550344347953796e-02
-4.652490094304084778e-02
-4.737623408436775208e-02
1.253799814730882645e-02
-1.627984829246997833e-02
-3.376811370253562927e-02
2.651196159422397614e-02
-2.801992557942867279e-02
-3.769160434603691101e-02
6.746675074100494385e-02
3.762127831578254700e-02
1.320284139364957809e-02
-1.465333253145217896e-02
4.826439172029495239e-02
-4.508895799517631531e-03
-5.746221542358398438e-02
-6.334900856018066406e-03
-4.539592936635017395e-02
-6.468844413757324219e-02
-4.243531823158264160e-02
1.482825540006160736e-02
-1.468313159421086311e-03
-5.793650448322296143e-02
-8.414747193455696106e-03
8.698435500264167786e-03
-2.980808913707733154e-02
-2.935022301971912384e-02
-4.697109758853912354e-02
2.616519294679164886e-02
-7.437169551849365234e-05
-2.047060057520866394e-02
2.440243214368820190e-02
-5.510258022695779800e-03
-2.992070652544498444e-02
2.734072506427764893e-02
3.541448619216680527e-03
-1.435103733092546463e-02
3.282779455184936523e-02
4.599516687449067831e-04
-7.615788374096155167e-03
-3.770330687984824181e-03
1.609342917799949646e-02
-1.753789372742176056e-02
7.277573924511671066e-03
7.579378783702850342e-02
2.942981757223606110e-02
8.299182169139385223e-03
8.955376222729682922e-03
5.422169342637062073e-03
2.274717018008232117e-02
2.106450125575065613e-02
7.627264130860567093e-03
3.795681148767471313e-02
3.374629095196723938e-02
1.017981581389904022e-02
1.887796819210052490e-02
3.581382706761360168e-02
3.861858323216438293e-02
1.789362914860248566e-02
3.624263033270835876e-02
2.242696844041347504e-02
4.860971122980117798e-02
2.387039549648761749e-02
2.174847573041915894e-02
-7.395126856863498688e-03
-1.146979164332151413e-02
-1.495382096618413925e-02
3.681156784296035767e-02
1.328869163990020752e-02
-7.783708162605762482e-03
5.747798085212707520e-02
5.214611813426017761e-02
-1.997459307312965393e-02
1.948822848498821259e-02
-3.258723765611648560e-02
-6.830660998821258545e-02
3.283655270934104919e-02
3.601025417447090149e-02
-3.576058521866798401e-02
-6.774557288736104965e-03
3.416771069169044495e-02
-3.016154048964381218e-03
3.170197084546089172e-02
6.131256371736526489e-02
-9.099300950765609741e-03
-4.781684547197073698e-04
5.883605405688285828e-02
-2.941979654133319855e-02
-2.199176698923110962e-02
1.207013428211212158e-02
-4.918947815895080566e-02
-1.353991031646728516e-02
1.976870000362396240e-03
-1.899506710469722748e-02
-4.223242867738008499e-03
1.200956478714942932e-02
5.329132545739412308e-03
-1.836049556732177734e-02
-3.503461554646492004e-02
3.776343911886215210e-02
2.903345786035060883e-02
9.064524434506893158e-03
-3.598609939217567444e-02
9.237371385097503662e-03
4.548134654760360718e-02
2.498480724170804024e-03
-4.784696176648139954e-02
1.446919795125722885e-02
-1.020749751478433609e-02
3.755225241184234619e-02
1.912852190434932709e-02
2.474195323884487152e-02
3.350685164332389832e-02
4.655539616942405701e-02
3.572173044085502625e-02
4.525469150394201279e-03
-4.466909449547529221e-03
-3.118466120213270187e-03
1.337600313127040863e-02
1.367429504171013832e-03
3.869144245982170105e-02
-6.132304202765226364e-03
-2.039726451039314270e-02
1.847052946686744690e-02
-1.723503321409225464e-02
-4.172850772738456726e-02
-1.754896715283393860e-02
3.860259428620338440e-02
4.146399348974227905e-02
8.155936747789382935e-02
1.541310176253318787e-02
-2.160719782114028931e-02
1.917015016078948975e-02
4.422971606254577637e-02
4.750239197164773941e-03
8.224597200751304626e-03
-2.999322675168514252e-02
-3.647054359316825867e-02
-1.316777523607015610e-02
-6.873722374439239502e-02
-5.721504241228103638e-02
-1.575959287583827972e-02
-6.807093322277069092e-02
-3.776445612311363220e-02
-2.001144364476203918e-02
3.327896120026707649e-03
-1.594804599881172180e-02
-1.133503392338752747e-03
-1.168329920619726181e-02
1.287807524204254150e-02
1.597754843533039093e-02
-2.317485027015209198e-02
3.712816163897514343e-02
3.663478791713714600e-02
4.118936194572597742e-04
-1.316371373832225800e-02
4.381885752081871033e-03
-4.973180592060089111e-02
-5.427398160099983215e-02
1.106690987944602966e-02
-8.282636851072311401e-02
-4.686678946018218994e-02
1.856500841677188873e-02
3.653897345066070557e-02
6.365858018398284912e-02
4.345742985606193542e-02
2.357193268835544586e-02
1.485665887594223022e-02
9.808519855141639709e-03
-1.286428142338991165e-02
-3.341296315193176270e-02
-2.588056493550539017e-03
1.663457974791526794e-02
-3.325632307678461075e-03
-1.859411224722862244e-02
-5.975713208317756653e-02
-2.977741137146949768e-02
-2.953832037746906281e-02
-1.363430544734001160e-02
3.514580801129341125e-02
3.203583182767033577e-03
-5.154527723789215088e-02
-3.979826346039772034e-02
-1.957288011908531189e-02
-4.333869740366935730e-02
-6.279852241277694702e-03
1.498514786362648010e-02
-3.179410099983215332e-02
7.599469274282455444e-03
2.546299621462821960e-02
-1.500636432319879532e-02
-2.896490134298801422e-02
-2.183901704847812653e-02
-1.124935876578092575e-02
-7.095142267644405365e-03
-2.395305223762989044e-02
-1.366527983918786049e-03
1.713889068923890591e-03
-3.987067565321922302e-02
-2.414316171780228615e-03
3.185922047123312950e-03
-3.336637094616889954e-02
1.935004442930221558e-02
1.760907843708992004e-02
-4.243267327547073364e-02
7.728636730462312698e-03
1.738386577926576138e-03
-5.382119119167327881e-02
1.632469333708286285e-02
8.493401110172271729e-03
3.218024596571922302e-02
-1.122863614000380039e-03
3.538623917847871780e-03
3.196433186531066895e-03
-1.113617327064275742e-02
2.278747706441208720e-04
1.225587073713541031e-02
1.092067081481218338e-02
-1.865264587104320526e-02
-1.462733559310436249e-02
-1.722773350775241852e-02
-2.557258494198322296e-02
-3.303106501698493958e-02
-1.679959520697593689e-02
-1.166497450321912766e-02
-6.949682254344224930e-03
1.246635243296623230e-02
-1.545458566397428513e-02
-9.362368844449520111e-03
-1.906078495085239410e-02
-3.077975846827030182e-02
-4.520574957132339478e-02
-3.406116273254156113e-03
-7.532101869583129883e-02
-5.671682953834533691e-02
-3.232639282941818237e-02
1.756138168275356293e-02
4.045960959047079086e-03
-4.864640906453132629e-02
5.450541502796113491e-04
-1.515460945665836334e-02
-2.419632859528064728e-02
-4.597651213407516479e-02
-2.673965133726596832e-02
4.721296951174736023e-02
2.322979643940925598e-02
-2.348514087498188019e-02
5.548118613660335541e-03
-1.620287634432315826e-02
-3.932827338576316833e-02
1.332817506045103073e-02
-1.972221396863460541e-02
-2.442702092230319977e-02
3.838126733899116516e-02
5.378062278032302856e-02
2.512129768729209900e-02
1.939245685935020447e-02
3.056352399289608002e-02
7.128017395734786987e-02
2.305731922388076782e-02
4.441637918353080750e-02
7.610305398702621460e-02
-1.946957595646381378e-02
-7.671791594475507736e-03
-1.032140664756298065e-02
1.131007098592817783e-03
1.034966483712196350e-02
-1.832957379519939423e-03
1.719511114060878754e-02
3.208470717072486877e-02
1.774801127612590790e-02
2.374077960848808289e-02
2.313113771378993988e-02
-8.442770689725875854e-03
-1.040582731366157532e-02
-3.057285398244857788e-02
1.106560812331736088e-03
-2.733836323022842407e-02
-7.895144820213317871e-02
-4.708328843116760254e-02
2.607851102948188782e-02
-1.151793356984853745e-02
-8.184370584785938263e-03
-8.008516393601894379e-03
-2.584496326744556427e-02
-4.778840579092502594e-03
6.523673981428146362e-02
1.311592850834131241e-02
4.369411990046501160e-02
3.477094322443008423e-02
1.573487557470798492e-02
3.005835972726345062e-02
4.839567095041275024e-02
-9.197010658681392670e-03
-9.206806309521198273e-03
2.803462557494640350e-02
-1.858166046440601349e-02
-3.622848913073539734e-02
-9.102029725909233093e-03
-3.975321352481842041e-02
2.398126758635044098e-02
4.289876297116279602e-02
-1.082781702280044556e-02
1.748846727423369884e-03
2.720846608281135559e-02
3.590917587280273438e-02
3.288643062114715576e-02
-5.495077930390834808e-03
1.775825023651123047e-02
-1.748301903717219830e-03
-1.677947118878364563e-03
6.904197484254837036e-02
4.258126765489578247e-02
1.943865232169628143e-02
-2.116593765094876289e-03
2.286802977323532104e-02
-3.280421718955039978e-02
3.557301359251141548e-03
-3.884070320054888725e-03
-1.145829074084758759e-02
5.182719975709915161e-02
5.022354796528816223e-02
-4.795772954821586609e-02
6.869871169328689575e-03
-4.913014825433492661e-03
3.901188448071479797e-02
5.460890941321849823e-03
-1.333695184439420700e-02
5.897791683673858643e-02
4.063690081238746643e-02
1.114193350076675415e-02
4.138394072651863098e-02
9.082955121994018555e-02
1.040858849883079529e-01
9.516260586678981781e-03
-1.317708007991313934e-02
-4.367480427026748657e-02
-1.220930833369493484e-02
-1.388318836688995361e-02
-4.053713753819465637e-03
-1.221188902854919434e-02
-4.669271036982536316e-02
-2.205419167876243591e-02
4.463836178183555603e-02
1.837356574833393097e-02
2.466559968888759613e-02
-1.305696461349725723e-02
3.243321785703301430e-03
4.014080762863159180e-02
3.421393409371376038e-02
9.644551319070160389e-04
-1.785975135862827301e-02
4.074757173657417297e-02
3.386048600077629089e-02
-1.015415042638778687e-02
-1.001280918717384338e-02
-3.360814414918422699e-03
1.289035100489854813e-02
-1.301044411957263947e-02
-6.918113678693771362e-02
-5.497375130653381348e-02
8.377624303102493286e-02
4.897926375269889832e-02
5.112299323081970215e-02
2.427996136248111725e-02
1.062234677374362946e-02
-4.313529934734106064e-03
-1.682262495160102844e-02
-2.314409613609313965e-02
-6.197171285748481750e-03
-1.895350404083728790e-02
5.517348181456327438e-03
-9.501120075583457947e-03
1.244792342185974121e-02
-1.190374605357646942e-02
9.129269979894161224e-03
-3.122341632843017578e-02
-2.476417459547519684e-03
-1.428877748548984528e-02
4.152936488389968872e-02
7.705121487379074097e-02
6.783328950405120850e-02
8.801648765802383423e-02
5.074343085289001465e-02
6.366004701703786850e-03
6.370720267295837402e-02
-1.968141831457614899e-02
-2.823841013014316559e-02
6.326474249362945557e-02
4.600621014833450317e-02
-6.420158315449953079e-03
4.398347809910774231e-02
7.885848172008991241e-03
-1.050188951194286346e-02
1.506136171519756317e-02
1.879281713627278805e-03
-2.770802751183509827e-02
-5.695108696818351746e-02
-3.240553289651870728e-02
-1.619059406220912933e-02
-6.020220369100570679e-02
-1.756547950208187103e-02
-4.883885383605957031e-02
-4.188526049256324768e-02
-5.682660266757011414e-02
-8.464417606592178345e-02
-4.123921692371368408e-02
-1.824935153126716614e-02
-2.426176145672798157e-02
-2.495811879634857178e-02
-3.305048123002052307e-02
-6.326100230216979980e-02
3.314335271716117859e-02
-1.973311789333820343e-02
-5.019713565707206726e-02
1.458128169178962708e-02
2.014057338237762451e-02
2.412507496774196625e-02
-6.612117588520050049e-02
-5.816290527582168579e-02
-4.454379901289939880e-02
-2.013513818383216858e-02
-1.170153450220823288e-02
-4.549902677536010742e-02
1.931573264300823212e-02
1.557152811437845230e-02
-1.908333785831928253e-02
-6.813018582761287689e-03
-1.684513059444725513e-03
-2.457721903920173645e-02
-3.192866919562220573e-03
-1.272297278046607971e-02
-4.297115653753280640e-02
1.722470112144947052e-02
8.144824206829071045e-02
4.613536968827247620e-02
-1.389467157423496246e-02
-3.270464250817894936e-03
7.357243914157152176e-03
4.841332510113716125e-02
-4.617840982973575592e-03
-3.510589525103569031e-02
-1.062629930675029755e-02
1.654335414059460163e-03
-2.682011201977729797e-02
1.332680229097604752e-02
2.926486777141690254e-03
-9.727337397634983063e-03
2.284463262185454369e-03
-4.376053344458341599e-03
9.124082134803757071e-05
1.382271014153957367e-02
1.440956839360296726e-04
5.964913871139287949e-03
-2.261080406606197357e-02
1.610266044735908508e-02
-7.606751751154661179e-03
2.470955066382884979e-02
-2.493204548954963684e-03
-5.848515406250953674e-02
5.368039384484291077e-02
5.005513131618499756e-02
4.108245670795440674e-02
5.429363623261451721e-02
4.146808758378028870e-02
-2.217396348714828491e-02
4.711753688752651215e-03
-1.535487454384565353e-02
-2.086294814944267273e-02
3.605393227189779282e-03
5.439817905426025391e-03
1.871591247618198395e-02
-2.233749255537986755e-02
-3.998182713985443115e-02
-3.288475796580314636e-02
4.497642628848552704e-03
-3.016820363700389862e-02
-8.914916962385177612e-02
2.641030959784984589e-02
-5.049445666372776031e-03
-2.369892597198486328e-02
-1.125985011458396912e-02
-4.805351141840219498e-03
-3.495915234088897705e-02
-6.782104261219501495e-03
3.428547084331512451e-02
-3.200091049075126648e-02
-2.009738422930240631e-02
-1.759441755712032318e-02
-2.587541192770004272e-02
-1.416481100022792816e-03
9.617713280022144318e-03
1.332359574735164642e-02
1.762440986931324005e-02
3.771420940756797791e-02
4.365985468029975891e-02
-7.065522018820047379e-03
-5.655720015056431293e-04
3.786427434533834457e-03
-4.573309794068336487e-02
2.804361470043659210e-02
6.477275863289833069e-03
-6.568747013807296753e-02
-2.801365219056606293e-02
-1.597636379301548004e-02
1.887384615838527679e-02
3.393880650401115417e-02
1.416203845292329788e-02
2.021139487624168396e-03
-4.159312322735786438e-02
-4.495125263929367065e-02
2.448404207825660706e-02
-1.058609131723642349e-02
-3.425239399075508118e-02
5.154604092240333557e-02
7.944580167531967163e-02
-6.260769814252853394e-02
1.512954942882061005e-02
5.661079660058021545e-02
-6.316459923982620239e-02
-1.172615773975849152e-02
2.380390465259552002e-02
1.892383676022291183e-03
-3.533334238454699516e-03
-3.039993345737457275e-02
-3.006128035485744476e-02
-3.776193363592028618e-03
-2.248318679630756378e-02
-2.317548356950283051e-02
1.057390719652175903e-01
4.061563313007354736e-02
-4.037231206893920898e-02
-2.308778651058673859e-02
-7.495507597923278809e-04
-6.539044529199600220e-02
7.314695511013269424e-03
6.566523760557174683e-02
-7.228159159421920776e-02
-1.550403237342834473e-02
4.470648244023323059e-02
-5.222868919372558594e-02
-1.013998128473758698e-02
-4.894936829805374146e-02
-4.181753471493721008e-02
-6.135695427656173706e-02
-6.427055597305297852e-02
-8.595342189073562622e-02
8.357382379472255707e-03
1.164829283952713013e-01
4.578476771712303162e-02
-1.844450086355209351e-02
2.437152341008186340e-02
-2.906694076955318451e-02
5.371809005737304688e-03
3.817920014262199402e-02
-3.204058110713958740e-02
-6.861191708594560623e-03
4.055915400385856628e-02
-5.761004239320755005e-02
-5.742736533284187317e-02
-9.134927764534950256e-03
1.845292933285236359e-02
-4.975937306880950928e-02
-2.412217669188976288e-02
2.865797840058803558e-03
-3.829248622059822083e-02
1.339442282915115356e-02
6.210279650986194611e-03
-1.594561967067420483e-03
1.457229908555746078e-02
-8.258809335529804230e-03
1.937678270041942596e-02
4.075334966182708740e-02
3.188306093215942383e-02
-2.103335037827491760e-02
1.471857191063463688e-03
-4.279087763279676437e-03
3.705778345465660095e-02
3.381750732660293579e-02
1.043036207556724548e-02
1.759678311645984650e-02
1.069274079054594040e-02
-5.489461123943328857e-03
3.637361899018287659e-02
7.017811760306358337e-03
-1.571230131958145648e-05
-1.671230047941207886e-02
-2.406820654869079590e-02
5.255907890386879444e-04
-8.431889116764068604e-02
-8.262813091278076172e-03
6.389128416776657104e-02
4.311728756874799728e-03
-6.201735697686672211e-03
1.351604587398469448e-03
-5.033902078866958618e-02
7.581029552966356277e-03
1.142169535160064697e-01
-4.318268969655036926e-02
-5.816748738288879395e-02
3.995355591177940369e-02
8.115923963487148285e-03
2.673017559573054314e-03
-1.206565462052822113e-02
-4.862113390117883682e-03
-3.325900062918663025e-02
-1.366258691996335983e-02
2.171943709254264832e-02
4.166095051914453506e-03
5.906247999519109726e-03
2.548594772815704346e-02
-2.165827201679348946e-03
-7.124138996005058289e-03
-1.634366065263748169e-02
1.991461031138896942e-02
-1.452955044806003571e-02
8.326823823153972626e-03
2.971187792718410492e-02
4.248014837503433228e-02
5.198891274631023407e-03
-9.729218669235706329e-03
2.745145000517368317e-02
4.989667329937219620e-03
1.433538645505905151e-02
5.383844301104545593e-02
-5.133889243006706238e-02
-6.559501588344573975e-02
2.336950856260955334e-04
6.599575281143188477e-02
1.011816039681434631e-02
-1.567187253385782242e-03
-2.008771523833274841e-02
-3.349411115050315857e-02
3.795239701867103577e-02
-1.162793673574924469e-02
-2.813670970499515533e-02
2.698192372918128967e-02
-1.116163562983274460e-02
7.169856689870357513e-03
-1.739472709596157074e-02
-1.086895260959863663e-02
2.469397708773612976e-02
1.644857972860336304e-02
-5.043157562613487244e-02
-9.457489103078842163e-02
-4.487061128020286560e-02
-3.199042752385139465e-02
-5.260405316948890686e-02
-1.005924958735704422e-02
1.379306912422180176e-01
4.435300454497337341e-02
-2.864139899611473083e-02
1.043739821761846542e-02
-6.013067066669464111e-02
-9.257555007934570312e-02
-2.735952660441398621e-02
-3.043808788061141968e-02
-5.918121337890625000e-02
3.930891305208206177e-02
-4.753848910331726074e-02
1.431314973160624504e-03
1.403446644544601440e-01
8.945593237876892090e-02
6.482058763504028320e-02
7.733982801437377930e-02
1.249774694442749023e-01
1.025261804461479187e-01
2.037004195153713226e-02
-3.104555606842041016e-02
-1.179237267933785915e-03
3.427019715309143066e-02
6.219481676816940308e-02
4.714956507086753845e-02
-3.157090395689010620e-02
2.352173067629337311e-02
4.264123737812042236e-02
-2.405022829771041870e-02
-5.008120462298393250e-02
1.192661374807357788e-02
3.658265247941017151e-02
-8.561816811561584473e-02
-2.903432026505470276e-02
6.941889971494674683e-02
2.446665242314338684e-02
8.105991035699844360e-02
-1.389141567051410675e-02
-4.535325337201356888e-03
-2.160387299954891205e-02
4.656410962343215942e-02
5.220875144004821777e-02
-1.939395256340503693e-02
-5.949439853429794312e-02
-3.206382039934396744e-03
-1.332811079919338226e-02
4.663614556193351746e-03
-1.684894785284996033e-02
-3.399907052516937256e-02
1.252362411469221115e-02
2.451051492244005203e-03
1.530442945659160614e-02
-3.537985309958457947e-02
-1.743868738412857056e-02
7.882415316998958588e-03
3.532962873578071594e-02
3.905425220727920532e-02
3.740632673725485802e-03
-1.099545508623123169e-02
1.097679417580366135e-02
-4.452790133655071259e-03
-1.471469551324844360e-02
-1.618197560310363770e-02
5.262741353362798691e-03
1.954053901135921478e-02
-2.630170993506908417e-02
-6.433510035276412964e-02
7.069078274071216583e-03
-1.557293441146612167e-02
-4.882478341460227966e-02
5.298344045877456665e-02
1.606939546763896942e-02
-8.768798783421516418e-03
-4.625441133975982666e-02
-9.598429501056671143e-02
-6.220265105366706848e-02
-7.688405923545360565e-03
-1.686522178351879120e-02
2.732375450432300568e-02
-4.651095077861100435e-04
1.353033538907766342e-02
5.801805853843688965e-02
4.285094887018203735e-02
6.403747946023941040e-02
6.626920076087117195e-04
6.999074667692184448e-02
5.224715173244476318e-02
-2.155500650405883789e-02
4.059243202209472656e-02
-6.384580396115779877e-03
-1.557337772101163864e-02
-1.495780982077121735e-02
-4.468390718102455139e-02
-1.085433885455131531e-01
5.492470413446426392e-02
-5.689543113112449646e-02
-4.594437777996063232e-02
9.233126044273376465e-02
5.640788748860359192e-02
-5.312995985150337219e-02
-1.332738529890775681e-02
-3.308146551717072725e-04
1.787802204489707947e-02
1.624308293685317039e-03
-4.679113253951072693e-02
-2.433015033602714539e-02
3.512004762887954712e-02
-1.550247706472873688e-02
2.997740916907787323e-02
3.607970848679542542e-02
3.678806126117706299e-02
4.839054122567176819e-02
-1.422547735273838043e-02
-3.511131182312965393e-02
2.413732931017875671e-02
-4.795897379517555237e-02
-5.502330139279365540e-02
1.914484240114688873e-02
3.019968234002590179e-02
-6.366326007992029190e-03
-5.561337247490882874e-02
-1.181909907609224319e-02
-2.683481387794017792e-02
-3.768660128116607666e-02
2.106616506353020668e-03
9.033675491809844971e-02
7.855123281478881836e-02
1.231979113072156906e-02
-4.251332581043243408e-02
-4.643203690648078918e-02
5.223777517676353455e-02
3.389761596918106079e-02
1.156644988805055618e-02
-7.108227163553237915e-02
-4.108129441738128662e-02
1.240466814488172531e-02
1.241955556906759739e-03
-5.493471864610910416e-03
-1.878419704735279083e-02
-3.773301467299461365e-02
-5.487340688705444336e-02
-5.438269674777984619e-02
-4.439491033554077148e-02
1.260124240070581436e-02
1.439409423619508743e-02
-3.010997734963893890e-02
-2.816911228001117706e-02
-5.859244614839553833e-03
6.251955404877662659e-03
-1.215562503784894943e-02
1.298009650781750679e-03
-7.980986684560775757e-02
-8.732376992702484131e-02
-5.786002054810523987e-02
-6.014996208250522614e-03
-2.525435760617256165e-02
-2.659856528043746948e-02
2.303818613290786743e-02
5.076503008604049683e-02
1.355237700045108795e-02
2.142002619802951813e-02
2.969827270135283470e-03
-2.706909552216529846e-03
6.189057603478431702e-03
-7.528143934905529022e-03
3.314274549484252930e-02
8.077837526798248291e-03
2.947792038321495056e-02
6.956811249256134033e-02
-7.837566081434488297e-04
1.942661777138710022e-02
4.806422814726829529e-02
-1.558028347790241241e-02
-2.773061161860823631e-03
-2.322575263679027557e-02
-1.782116852700710297e-02
-1.257588155567646027e-02
-2.537836693227291107e-02
3.249482810497283936e-02
7.905793376266956329e-03
-1.103411056101322174e-02
-7.159025873988866806e-03
-2.882664836943149567e-02
-4.579561203718185425e-02
1.650247722864151001e-02
-3.763335198163986206e-02
-5.175101757049560547e-02
-4.491303861141204834e-02
-5.586401000618934631e-02
-5.551098659634590149e-02
-3.065568022429943085e-02
-2.633252181112766266e-02
-5.763036757707595825e-02
-3.757728636264801025e-02
-2.047764323651790619e-02
-4.530729725956916809e-02
-2.829186618328094482e-03
2.585874311625957489e-02
-8.055808953940868378e-03
-1.943276030942797661e-03
-1.293699722737073898e-02
-2.898622490465641022e-02
1.176571939140558243e-02
-3.110594488680362701e-02
-4.707019031047821045e-02
1.925693824887275696e-02
4.127441346645355225e-02
-2.597812190651893616e-02
-1.615362562006339431e-04
-3.387033194303512573e-02
-4.527678340673446655e-02
3.898477554321289062e-02
-2.572066709399223328e-02
-3.459891676902770996e-02
7.522726431488990784e-03
-4.339732602238655090e-02
-6.868838798254728317e-03
-6.790219340473413467e-03
1.721973530948162079e-02
6.066655740141868591e-03
9.825997054576873779e-03
7.787146605551242828e-03
3.142965957522392273e-02
-4.934753850102424622e-02
7.991005666553974152e-03
3.764540422707796097e-03
3.823731839656829834e-02
-7.341738790273666382e-03
-2.005801349878311157e-02
4.143645986914634705e-02
4.841450229287147522e-02
2.719029551371932030e-03
-2.015048451721668243e-02
1.205532439053058624e-02
-2.960242331027984619e-02
7.654091343283653259e-03
-1.581928227096796036e-03
4.865744616836309433e-03
2.334422431886196136e-02
3.525193408131599426e-02
-2.556856907904148102e-02
2.564365230500698090e-02
3.273914381861686707e-02
4.375211428850889206e-03
-3.359682485461235046e-02
-2.337835170328617096e-02
-5.116576794534921646e-03
-2.834284678101539612e-02
-4.485798999667167664e-02
-5.711493082344532013e-03
-6.021242006681859493e-04
-8.040953427553176880e-03
1.530708279460668564e-02
7.154797669500112534e-03
-1.871180720627307892e-02
-3.068405203521251678e-02
-8.927363902330398560e-03
-1.654170081019401550e-02
-5.188168957829475403e-02
-1.941300183534622192e-02
-1.302830222994089127e-02
-3.139929100871086121e-02
1.117263920605182648e-02
5.466909147799015045e-03
-4.254947975277900696e-02
-3.402617573738098145e-02
1.071627344936132431e-02
3.265212755650281906e-03
-4.175150394439697266e-02
3.378075361251831055e-02
2.832410484552383423e-02
-2.264823950827121735e-02
-2.888017147779464722e-02
-4.802405461668968201e-02
-2.121137455105781555e-03
-2.122281119227409363e-02
-1.098087895661592484e-02
3.465372370555996895e-03
-1.442437060177326202e-02
-4.743120167404413223e-03
-3.594984486699104309e-02
-4.856994748115539551e-02
-4.007225111126899719e-02
-3.506658971309661865e-02
-7.522137020714581013e-04
-4.699853062629699707e-02
-1.192310266196727753e-02
2.128472737967967987e-02
-3.242804855108261108e-02
3.298824280500411987e-02
-1.732292398810386658e-02
1.533987652510404587e-02
-1.143894437700510025e-02
-1.943669654428958893e-02
2.868870086967945099e-02
5.157029721885919571e-03
5.316750332713127136e-02
1.407025754451751709e-02
9.620970115065574646e-03
-1.325761340558528900e-02
-3.770412132143974304e-02
-1.750712469220161438e-02
-1.965424790978431702e-02
-8.017091080546379089e-03
3.142305184155702591e-03
-1.436280179768800735e-02
-9.922678582370281219e-03
1.217759400606155396e-02
-1.202730741351842880e-02
-6.550925970077514648e-02
3.980104997754096985e-02
2.160241268575191498e-02
-7.387968944385647774e-04
3.718463703989982605e-02
5.913479253649711609e-02
3.975073993206024170e-02
-8.571165613830089569e-03
-3.742994507774710655e-03
6.834912928752601147e-04
2.266339212656021118e-02
-6.287521682679653168e-03
-2.796724205836653709e-03
-2.232434926554560661e-03
-1.567426952533423901e-03
-1.091827545315027237e-02
5.949963349848985672e-03
-2.751508541405200958e-02
-6.306184455752372742e-03
-2.674403972923755646e-02
-1.348849758505821228e-02
-1.068079192191362381e-02
-5.124392453581094742e-03
2.163772098720073700e-02
-2.743139117956161499e-02
6.016577035188674927e-02
3.617106750607490540e-02
5.675024166703224182e-02
2.850517397746443748e-03
-1.203473843634128571e-02
1.111804787069559097e-02
-2.215965092182159424e-02
-4.001771286129951477e-02
-6.490438710898160934e-03
-2.519561722874641418e-02
-5.510608106851577759e-02
-6.659461557865142822e-02
-7.250838098116219044e-04
-5.152865871787071228e-02
-2.336228825151920319e-02
-6.172129139304161072e-02
-7.419525086879730225e-02
-4.651351273059844971e-02
-2.496682293713092804e-02
-2.196406014263629913e-02
5.482098553329706192e-03
2.776158973574638367e-02
2.352070249617099762e-02
3.746841102838516235e-02
-1.362235657870769501e-02
3.906415309756994247e-03
-2.994922455400228500e-03
1.100148726254701614e-02
3.081878647208213806e-02
-9.292799979448318481e-03
9.105050005018711090e-03
7.507058233022689819e-02
3.527321666479110718e-02
-8.558524772524833679e-03
3.336422890424728394e-02
3.534572198987007141e-02
-7.341556716710329056e-03
1.613251864910125732e-02
2.780760265886783600e-02
7.693038322031497955e-03
1.676055975258350372e-02
2.334992587566375732e-02
-9.477226063609123230e-03
2.280471660196781158e-02
4.519421607255935669e-02
-9.297081828117370605e-02
-6.893866509199142456e-02
-1.177230197936296463e-02
-5.019348859786987305e-02
-5.674472078680992126e-02
3.491217503324151039e-03
4.045564215630292892e-03
-1.790119707584381104e-02
5.098844412714242935e-03
1.384628820233047009e-03
-2.066554687917232513e-02
-4.285572096705436707e-02
-4.154107533395290375e-03
-9.440294466912746429e-03
-1.532590854912996292e-02
-2.100698277354240417e-02
-1.468801591545343399e-02
-3.786738961935043335e-02
-7.021144032478332520e-03
-6.737843621522188187e-03
2.544034970924258232e-03
-2.769700065255165100e-02
1.239774981513619423e-03
9.992214851081371307e-03
4.683332517743110657e-03
3.665485605597496033e-02
2.489658258855342865e-02
-2.088570035994052887e-02
-5.623590201139450073e-03
-1.131066959351301193e-02
-6.432651076465845108e-03
-2.592235570773482323e-03
-1.820899173617362976e-02
4.013704601675271988e-03
-7.851612754166126251e-03
-8.636408485472202301e-03
-3.510561585426330566e-02
1.292555220425128937e-02
3.500691801309585571e-02
-2.359445020556449890e-02
1.031643152236938477e-02
5.031079985201358795e-03
4.673228785395622253e-02
3.911815583705902100e-02
2.762731397524476051e-03
2.509586699306964874e-02
7.117818575352430344e-03
2.060075104236602783e-02
-3.329527378082275391e-02
-3.866531699895858765e-02
-1.930642873048782349e-02
-1.259897928684949875e-02
-4.915294051170349121e-02
-2.532543614506721497e-02
-4.398347809910774231e-02
-4.535108339041471481e-03
-1.148208044469356537e-03
-6.295412778854370117e-02
-2.887505479156970978e-02
-2.203272096812725067e-02
-5.018852651119232178e-02
-3.129891678690910339e-02
-3.272933885455131531e-02
2.335854806005954742e-03
-1.041437964886426926e-02
-2.868141420185565948e-02
-1.169301196932792664e-02
-5.326377227902412415e-03
-3.243144601583480835e-02
3.460688516497612000e-02
4.005704820156097412e-02
1.034330669790506363e-02
-3.055015020072460175e-02
-7.566533237695693970e-02
-7.733301073312759399e-02
1.216924982145428658e-03
-4.570338502526283264e-02
-3.662089630961418152e-02
2.201276086270809174e-02
4.021944478154182434e-03
-1.100300904363393784e-02
-2.112451568245887756e-02
-9.298305027186870575e-03
-1.394045352935791016e-02
-3.571726009249687195e-02
-3.411430865526199341e-02
-2.724345959722995758e-02
1.594873517751693726e-02
-2.070957794785499573e-02
-4.833862185478210449e-03
3.963884338736534119e-02
4.783699288964271545e-03
9.219228290021419525e-03
1.755710318684577942e-02
6.901293061673641205e-03
1.048141345381736755e-02
-1.608056016266345978e-02
7.344575133174657822e-03
2.243047393858432770e-02
-2.654391340911388397e-02
-2.288944646716117859e-02
-3.356752544641494751e-02
5.612140987068414688e-03
-1.598450168967247009e-02
-9.921546094119548798e-03
8.855812251567840576e-03
1.251065987162292004e-03
9.591373614966869354e-03
-2.641596086323261261e-02
1.589976483955979347e-03
2.327204914763569832e-03
8.607240160927176476e-04
6.305863615125417709e-03
1.083166990429162979e-02
1.551360078155994415e-02
2.422803081572055817e-02
-2.759768627583980560e-02
1.627007313072681427e-02
2.758262678980827332e-02
-1.654449850320816040e-02
1.317992899566888809e-02
-4.535542335361242294e-03
-4.881129786372184753e-02
-2.677818574011325836e-02
-2.097871713340282440e-02
-3.776933625340461731e-02
1.024747733026742935e-02
-1.854354143142700195e-02
-1.963410712778568268e-02
-5.201609432697296143e-02
-2.613773569464683533e-02
1.569475792348384857e-02
-3.993559628725051880e-02
3.807908296585083008e-02
7.105188816785812378e-02
-4.216847568750381470e-02
-3.197397291660308838e-02
-6.690943147987127304e-03
-3.514595702290534973e-02
-1.036535203456878662e-02
3.261639550328254700e-02
-4.428573325276374817e-02
-1.603203080594539642e-02
-1.056514214724302292e-02
4.181066527962684631e-02
4.649251326918601990e-02
3.660385310649871826e-02
6.629199534654617310e-02
4.541627690196037292e-02
2.068832702934741974e-02
7.314688712358474731e-02
4.148348048329353333e-02
3.456199541687965393e-02
-2.880679070949554443e-02
-1.735030859708786011e-02
6.995284929871559143e-03
9.898325661197304726e-04
-4.219957813620567322e-02
-1.967401802539825439e-02
3.880815580487251282e-02
8.703767089173197746e-04
-5.722955986857414246e-02
2.371376566588878632e-02
3.589847311377525330e-02
1.765886694192886353e-02
6.635273993015289307e-02
3.172812610864639282e-02
6.877060979604721069e-03
6.746911257505416870e-02
2.510209940373897552e-02
2.081020176410675049e-02
-3.117713378742337227e-03
5.104325711727142334e-02
3.304478898644447327e-02
-1.009074598550796509e-02
1.957732997834682465e-02
-9.283587336540222168e-03
-3.448501229286193848e-02
-3.119617886841297150e-02
-2.922374941408634186e-02
-1.150686014443635941e-02
1.170670147985219955e-03
-3.241517348214983940e-03
2.774009853601455688e-02
1.190636120736598969e-02
6.263206154108047485e-02
4.657329991459846497e-03
1.898539368994534016e-03
6.206182390451431274e-02
5.437348037958145142e-02
8.426212519407272339e-02
8.552478253841400146e-02
-2.618171833455562592e-02
1.299284771084785461e-02
1.307644136250019073e-02
-5.997039005160331726e-02
-2.634898573160171509e-02
2.022964693605899811e-02
2.937884256243705750e-02
3.221375495195388794e-02
9.981372393667697906e-03
4.841001331806182861e-02
2.057525329291820526e-02
3.035761788487434387e-02
-3.915452212095260620e-02
9.730134042911231518e-04
-2.052842266857624054e-02
4.150814784225076437e-04
6.376910209655761719e-02
-3.135627880692481995e-02
6.313038058578968048e-03
4.601450264453887939e-02
3.054679930210113525e-02
3.857115656137466431e-02
3.923761099576950073e-02
1.877099834382534027e-02
8.862614631652832031e-03
-3.582556266337633133e-03
2.444425225257873535e-02
1.011575199663639069e-02
1.938395947217941284e-02
1.898666471242904663e-02
-4.844638984650373459e-03
-6.467092782258987427e-03
-4.500952363014221191e-02
3.067695433855988085e-05
6.467031687498092651e-02
2.013249881565570831e-02
-2.256239019334316254e-02
5.689355731010437012e-02
2.080146968364715576e-02
-2.837015502154827118e-02
-3.475243225693702698e-02
-8.815881796181201935e-03
-3.322648257017135620e-02
3.538519144058227539e-03
-2.027791738510131836e-02
4.614342376589775085e-02
6.434525549411773682e-02
1.469623763114213943e-02
3.540552034974098206e-02
2.448344975709915161e-02
6.405433174222707748e-03
-8.658750914037227631e-03
-1.773924380540847778e-02
-1.944499649107456207e-02
-4.974802024662494659e-03
1.801414042711257935e-02
2.758661657571792603e-02
-1.614345051348209381e-02
2.531078644096851349e-02
3.001345135271549225e-02
-1.155419927090406418e-02
3.050880506634712219e-03
-3.178308531641960144e-02
1.994811696931719780e-03
2.982272766530513763e-02
-1.703053247183561325e-03
-4.297879990190267563e-03
4.071629047393798828e-02
3.834494575858116150e-02
-6.405907869338989258e-02
-3.597345948219299316e-02
-5.966680869460105896e-02
-4.120176285505294800e-02
-1.163613796234130859e-02
4.502317402511835098e-03
-3.269562125205993652e-02
2.224047482013702393e-02
5.937390774488449097e-02
-5.733014270663261414e-02
-3.725397586822509766e-02
-1.737452298402786255e-02
-2.025821246206760406e-02
1.316270790994167328e-02
2.731150761246681213e-02
7.786347996443510056e-03
3.657278046011924744e-02
3.426912426948547363e-02
5.920876748859882355e-03
8.704806677997112274e-03
5.467907059937715530e-03
1.430046092718839645e-02
2.494613267481327057e-02
1.471786201000213623e-02
3.333502262830734253e-02
5.590223520994186401e-02
1.581952674314379692e-03
6.795083731412887573e-02
8.793210238218307495e-02
3.457207977771759033e-02
-1.641585491597652435e-02
1.946750655770301819e-02
2.822387777268886566e-02
-2.161493711173534393e-02
1.266653556376695633e-02
4.851227626204490662e-02
4.794076457619667053e-02
6.543522328138351440e-02
4.903066903352737427e-02
5.541827064007520676e-03
2.297981828451156616e-02
-1.011431030929088593e-02
1.830454915761947632e-02
-7.441928028129041195e-04
2.292738790856674314e-04
2.717990987002849579e-02
4.275612160563468933e-02
6.027158722281455994e-02
-2.238587103784084320e-02
-8.039183914661407471e-03
7.075016852468252182e-03
1.701419055461883545e-02
-1.579480431973934174e-02
-1.411956734955310822e-02
-2.821145579218864441e-02
-9.161475114524364471e-03
3.858024254441261292e-02
-1.898819766938686371e-02
-3.849993692710995674e-03
2.953863330185413361e-02
-1.011871453374624252e-02
2.009962126612663269e-02
-7.364271441474556923e-04
-5.266593396663665771e-02
-1.011573243886232376e-02
1.758932881057262421e-02
-5.480567738413810730e-02
-7.851293310523033142e-03
3.220789507031440735e-02
-2.006788924336433411e-02
1.487826742231845856e-02
2.605168893933296204e-02
-5.912864208221435547e-02
-9.686024859547615051e-03
-4.190942272543907166e-03
-5.194275453686714172e-02
5.290324799716472626e-03
3.052903898060321808e-02
1.864380575716495514e-02
4.093888774514198303e-02
1.553246658295392990e-02
3.418254107236862183e-02
-1.766092842444777489e-03
-1.562606729567050934e-02
7.832437008619308472e-02
4.842861369252204895e-02
3.402653336524963379e-02
9.084639698266983032e-02
1.456328667700290680e-02
-2.603107690811157227e-02
4.433812946081161499e-02
4.383641853928565979e-02
2.265252731740474701e-02
3.491709008812904358e-02
-1.203669700771570206e-02
-7.274056971073150635e-02
-8.114662021398544312e-03
1.066023204475641251e-02
8.639430627226829529e-03
5.381004512310028076e-02
1.047040149569511414e-01
1.204061205498874187e-03
2.646883949637413025e-02
3.658865764737129211e-02
-3.944570943713188171e-02
-6.481281667947769165e-02
-5.655887722969055176e-02
-2.416586317121982574e-02
9.290234185755252838e-03
1.936558820307254791e-02
-4.875960946083068848e-02
8.512239903211593628e-02
4.307189956307411194e-02
-7.847624272108078003e-02
4.334829002618789673e-02
2.925575524568557739e-02
5.976866930723190308e-03
-2.556167542934417725e-02
-1.856744103133678436e-02
-8.154208213090896606e-02
-7.350426167249679565e-02
-4.466117918491363525e-02
-6.669486314058303833e-02
-1.182947121560573578e-02
-1.950377225875854492e-02
-2.947224304080009460e-02
-1.472932565957307816e-02
-2.502250671386718750e-02
-3.382558748126029968e-02
1.516432780772447586e-02
1.785037294030189514e-02
-2.883332781493663788e-02
-1.084982883185148239e-02
-1.591316610574722290e-02
-5.483460426330566406e-02
1.690748333930969238e-02
5.874021723866462708e-02
4.465823248028755188e-02
-1.956675667315721512e-03
-4.415306728333234787e-03
1.298633590340614319e-02
-1.368368137627840042e-02
-4.045705124735832214e-02
-8.878604508936405182e-03
-5.991067737340927124e-02
-1.649130135774612427e-02
-2.062907209619879723e-03
2.546926215291023254e-02
3.596829995512962341e-02
-1.225869171321392059e-02
3.249580413103103638e-02
-3.630534559488296509e-02
-5.924774333834648132e-02
-6.076608318835496902e-03
-3.273321688175201416e-02
-7.119810581207275391e-02
-3.065133094787597656e-02
-2.598576061427593231e-02
1.351483073085546494e-02
-8.412047289311885834e-03
2.790979668498039246e-02
6.968665868043899536e-02
-2.891285903751850128e-02
4.220149666070938110e-02
3.718029707670211792e-02
-3.441337496042251587e-02
-6.997872609645128250e-03
-8.465088903903961182e-03
-1.353141153231263161e-03
-5.564674362540245056e-02
-1.043033879250288010e-02
4.449129477143287659e-02
4.942773841321468353e-03
-4.125904291868209839e-02
5.119060352444648743e-02
-4.892747965641319752e-04
8.926696144044399261e-03
4.055732488632202148e-02
-2.870484255254268646e-02
5.650764331221580505e-02
6.403679959475994110e-03
1.952161267399787903e-02
3.930716216564178467e-02
-2.180306240916252136e-02
1.766510307788848877e-02
8.131325244903564453e-02
-5.944765359163284302e-02
-3.322390839457511902e-02
7.546678930521011353e-02
-4.077012091875076294e-02
6.045592203736305237e-02
6.596621125936508179e-02
2.741471305489540100e-02
3.284545242786407471e-02
-1.752212643623352051e-02
1.613215543329715729e-02
-7.320460677146911621e-02
-1.133506074547767639e-01
-5.046061053872108459e-02
4.046349227428436279e-02
5.322169885039329529e-02
-3.545892611145973206e-02
8.021531254053115845e-02
2.862706594169139862e-02
-1.785729452967643738e-02
-4.245722293853759766e-02
-6.890931725502014160e-02
6.246852688491344452e-03
2.337575517594814301e-02
-7.394769228994846344e-03
1.568961190059781075e-03
4.263813048601150513e-02
2.876889333128929138e-02
-1.361932046711444855e-02
-3.321124985814094543e-02
-1.079420093446969986e-02
-2.391156367957592010e-02
-3.760180994868278503e-02
1.453134790062904358e-02
-3.207968175411224365e-02
-3.371927514672279358e-02
2.041820064187049866e-02
-2.765527181327342987e-02
-2.666142396628856659e-02
4.096408188343048096e-02
-7.418305613100528717e-03
2.993207238614559174e-02
4.386020079255104065e-02
3.127208724617958069e-02
1.079410873353481293e-02
4.542510956525802612e-02
-9.176225401461124420e-03
2.356807887554168701e-02
3.057503141462802887e-02
-1.443857979029417038e-02
4.389054607599973679e-03
1.855034381151199341e-02
1.551007665693759918e-02
-1.060054264962673187e-02
-2.304544299840927124e-02
-3.358233021572232246e-03
-5.333976354449987411e-03
-2.951603382825851440e-02
8.542580530047416687e-03
-5.822930485010147095e-02
-2.092053554952144623e-02
-4.141820967197418213e-02
4.134516790509223938e-02
9.286322444677352905e-02
-9.360590018332004547e-03
1.855573430657386780e-02
1.455944217741489410e-02
-3.478663042187690735e-02
-1.000499278306961060e-01
-6.639640778303146362e-02
-7.980383187532424927e-02
-9.085955098271369934e-03
6.476380676031112671e-02
7.539069652557373047e-02
1.102733016014099121e-01
1.067179813981056213e-02
3.865514695644378662e-02
5.248054116964340210e-02
2.433802001178264618e-02
4.152005910873413086e-02
5.058709532022476196e-02
2.404117770493030548e-02
-3.102905675768852234e-02
3.375080181285738945e-03
4.110839217901229858e-03
-1.919305883347988129e-02
-5.519891530275344849e-02
-7.676674425601959229e-02
-4.152075946331024170e-02
-6.640205532312393188e-02
-3.046556189656257629e-02
-8.464913070201873779e-02
-3.530710563063621521e-02
3.341921791434288025e-02
5.549010820686817169e-04
-1.984075084328651428e-02
9.491645731031894684e-03
2.781715709716081619e-03
1.363986264914274216e-02
7.415315136313438416e-03
-2.711596665903925896e-03
9.693372063338756561e-03
3.793413937091827393e-02
3.738861158490180969e-02
-2.045350149273872375e-02
-6.106386706233024597e-02
2.363147959113121033e-02
-2.797524072229862213e-02
-5.077940598130226135e-02
2.311475202441215515e-02
-8.116851560771465302e-03
1.534153148531913757e-02
-2.895373851060867310e-02
2.686724998056888580e-02
5.010166019201278687e-02
1.208352111279964447e-02
5.711098387837409973e-02
4.953758791089057922e-02
-6.826513260602951050e-02
-4.897382482886314392e-02
-1.775750145316123962e-02
-2.787569610518403351e-05
2.410119771957397461e-02
-3.256965661421418190e-03
3.632240742444992065e-02
2.078284323215484619e-02
3.020124044269323349e-03
-3.857984766364097595e-02
-4.362934082746505737e-02
-5.683545768260955811e-02
-1.345622818917036057e-02
-1.211356744170188904e-02
-1.970739662647247314e-02
6.301752477884292603e-02
-6.253166939131915569e-04
1.976637169718742371e-02
5.545838922262191772e-02
-1.856729388236999512e-02
-2.877194248139858246e-02
9.847947396337985992e-03
3.780571743845939636e-02
-1.438279170542955399e-02
8.390096481889486313e-04
8.063046261668205261e-03
-2.052290365099906921e-02
1.781174354255199432e-02
-2.579764835536479950e-02
-4.770973697304725647e-02
1.384139712899923325e-02
-2.006513066589832306e-02
-7.157387211918830872e-03
-6.147695332765579224e-02
-4.765090718865394592e-02
-3.044706955552101135e-02
-1.812656596302986145e-02
3.219886496663093567e-02
2.075073122978210449e-02
-2.872226200997829437e-02
1.321345660835504532e-02
-5.376381799578666687e-03
-4.193568602204322815e-03
-8.248162455856800079e-03
8.326687850058078766e-03
-5.986765027046203613e-02
-1.204153802245855331e-02
-2.029538154602050781e-02
8.536987937986850739e-03
-1.187383010983467102e-02
5.831961054354906082e-03
1.102757640182971954e-02
-3.241748362779617310e-02
-1.178946346044540405e-02
-3.733181953430175781e-02
-2.081486210227012634e-02
5.069750826805830002e-03
-5.169684067368507385e-02
-7.357703894376754761e-02
7.111213169991970062e-03
-9.134600870311260223e-03
-5.620888900011777878e-03
7.683598995208740234e-02
3.693509101867675781e-02
8.401385694742202759e-02
2.593697421252727509e-02
-1.262371311895549297e-03
1.113573275506496429e-02
3.132694214582443237e-02
8.632813580334186554e-03
1.561086392030119896e-03
6.935449200682342052e-04
-1.353388419374823570e-03
1.561047276481986046e-03
5.362741649150848389e-03
3.868740284815430641e-03
-1.792474649846553802e-02
-1.405696105211973190e-02
-4.390125349164009094e-02
-4.829067364335060120e-02
-8.143833838403224945e-03
-1.621587201952934265e-02
-3.674730286002159119e-02
-3.936141356825828552e-02
4.617074504494667053e-02
-3.652516379952430725e-02
1.877496764063835144e-02
6.173531338572502136e-02
-2.804298326373100281e-02
-2.621667087078094482e-02
7.913970388472080231e-03
-1.162549667060375214e-02
-6.385423243045806885e-02
-3.820877149701118469e-02
2.034862339496612549e-02
4.873896017670631409e-02
-1.698286458849906921e-02
-1.710597053170204163e-02
4.793453589081764221e-02
2.034205943346023560e-02
-3.454448282718658447e-02
-1.761303748935461044e-03
-2.643414773046970367e-02
2.992021851241588593e-02
3.019038401544094086e-02
-6.834520399570465088e-02
-3.877979516983032227e-02
5.101614817976951599e-02
1.097466982901096344e-02
1.343925110995769501e-02
4.320826008915901184e-02
-5.115195363759994507e-02
-2.472085319459438324e-02
6.396789569407701492e-03
-6.864954251796007156e-03
-3.055239468812942505e-02
-2.012359537184238434e-02
-1.806815154850482941e-02
-3.561013191938400269e-02
-4.517100006341934204e-02
1.022949814796447754e-02
8.412060886621475220e-02
4.013900458812713623e-02
-7.656480371952056885e-02
1.375620719045400620e-03
8.400083333253860474e-02
-1.483092177659273148e-02
-5.111243575811386108e-02
-1.178224664181470871e-02
-5.191897600889205933e-02
-2.164966240525245667e-02
6.896980572491884232e-03
-3.992892429232597351e-02
2.212480455636978149e-02
5.223507434129714966e-02
-5.437276139855384827e-02
-4.827765375375747681e-02
-8.951048366725444794e-03
-1.637083478271961212e-02
1.705874130129814148e-02
8.095030486583709717e-02
-2.784511260688304901e-02
-5.343934893608093262e-02
-4.407918080687522888e-02
4.214332625269889832e-02
-3.968990594148635864e-02
-9.612307697534561157e-02
-1.154021024703979492e-01
-2.165106497704982758e-02
6.024637073278427124e-02
5.998020246624946594e-02
-3.130641579627990723e-02
-1.260995585471391678e-02
1.006922051310539246e-01
9.314356744289398193e-02
-8.163996972143650055e-03
5.608246475458145142e-02
6.356028467416763306e-02
-2.388620749115943909e-02
-3.131945431232452393e-02
4.369623959064483643e-02
-7.358835544437170029e-03
-3.152400627732276917e-02
-6.196812260895967484e-03
8.273963816463947296e-03
6.385949905961751938e-03
1.183382794260978699e-02
-3.474638238549232483e-02
-5.768568255007266998e-03
9.020362980663776398e-03
3.964269533753395081e-02
-5.293962731957435608e-02
-8.369627408683300018e-03
5.708129610866308212e-04
-1.771601103246212006e-02
-6.528993137180805206e-03
2.034061774611473083e-02
-3.952520340681076050e-02
-4.542319476604461670e-02
2.408252470195293427e-02
-4.797141999006271362e-02
-4.412211105227470398e-02
-4.089169576764106750e-02
5.042674485594034195e-03
-9.709672071039676666e-03
2.800243534147739410e-02
6.807129830121994019e-04
4.831955954432487488e-02
1.208305917680263519e-02
-1.707124337553977966e-02
-3.699551336467266083e-03
-2.226498536765575409e-02
2.418261254206299782e-03
2.288864180445671082e-02
3.606655821204185486e-02
-1.212415192276239395e-02
5.708192661404609680e-02
6.964398920536041260e-02
-2.425786107778549194e-02
-2.391391433775424957e-02
-4.183629155158996582e-02
9.182386100292205811e-03
-4.811920691281557083e-03
2.489618491381406784e-03
-1.832115091383457184e-02
2.495433576405048370e-02
1.781227812170982361e-02
5.407120566815137863e-03
1.151710562407970428e-02
-3.285388927906751633e-03
-6.507400423288345337e-02
-3.237720951437950134e-02
1.894779130816459656e-02
-8.083175122737884521e-02
-4.729626327753067017e-02
2.885618805885314941e-02
-5.617229640483856201e-02
-3.006864525377750397e-02
1.641828566789627075e-02
4.211831465363502502e-02
3.288917988538742065e-02
-3.917793929576873779e-02
-6.187384016811847687e-03
-1.528644468635320663e-02
1.575254276394844055e-02
-2.717353776097297668e-02
2.131844684481620789e-02
5.880423821508884430e-03
3.852798044681549072e-02
9.193282574415206909e-02
-2.852069400250911713e-02
-5.318495444953441620e-03
5.095088854432106018e-02
-1.875094883143901825e-02
-4.925476759672164917e-02
-5.466509610414505005e-03
2.161790989339351654e-02
2.698399871587753296e-02
9.069904685020446777e-02
2.968160063028335571e-02
-2.250610850751399994e-02
5.541555956006050110e-02
6.368973106145858765e-02
-5.828309804201126099e-02
-4.984306916594505310e-02
1.423367857933044434e-02
-3.904539719223976135e-02
1.244468335062265396e-02
1.927378959953784943e-02
-1.059278286993503571e-02
-1.582615450024604797e-02
2.464338950812816620e-02
2.438740804791450500e-02
-2.629861235618591309e-02
-3.817415609955787659e-02
-1.736748591065406799e-02
-1.958807697519659996e-03
3.115110099315643311e-02
-3.244738909415900707e-04
-7.182243466377258301e-02
-4.899160563945770264e-02
7.333210110664367676e-02
-9.913834743201732635e-03
-2.584462985396385193e-02
-2.151535823941230774e-02
-5.616884678602218628e-02
-4.371711239218711853e-02
-5.462747439742088318e-02
-3.529573231935501099e-02
1.558087533339858055e-03
-5.440403148531913757e-02
-2.788927592337131500e-02
-1.102783437818288803e-02
-4.440793767571449280e-02
-1.461287122219800949e-02
-3.069593512918800116e-04
-6.204523146152496338e-02
-5.380545184016227722e-02
1.532243005931377411e-02
1.602997630834579468e-02
1.126146782189607620e-02
1.472254935652017593e-02
3.135401383042335510e-02
2.508915215730667114e-02
-4.528991878032684326e-02
-2.075242064893245697e-02
-1.840073615312576294e-02
-5.651801824569702148e-03
-1.299975439906120300e-03
-2.210482023656368256e-02
-3.110646642744541168e-02
-9.041767567396163940e-02
-2.321945130825042725e-02
-1.840725727379322052e-02
-5.500806495547294617e-02
-3.750529140233993530e-02
-1.252155657857656479e-02
1.956371963024139404e-02
-3.195314109325408936e-02
-3.954550251364707947e-02
8.724822849035263062e-02
-5.095213651657104492e-03
9.861346334218978882e-03
8.127665519714355469e-02
1.549297273159027100e-01
-2.329797856509685516e-02
-3.286417201161384583e-02
1.174631491303443909e-01
2.435078658163547516e-02
-2.141615003347396851e-02
1.906598545610904694e-02
-2.783210575580596924e-02
-4.672647267580032349e-02
-5.931688472628593445e-02
-4.762606695294380188e-02
-1.510801352560520172e-02
2.351068146526813507e-02
-4.097262280993163586e-04
-1.280779857188463211e-02
4.666299000382423401e-02
2.252452261745929718e-02
-4.835958033800125122e-02
-3.397813439369201660e-02
2.101597934961318970e-02
-6.227368488907814026e-02
-4.606075212359428406e-02
1.506833452731370926e-02
4.824494197964668274e-02
-3.925900906324386597e-03
7.640164345502853394e-03
3.431017044931650162e-03
5.228326190263032913e-03
-1.614744891412556171e-03
2.300015091896057129e-02
2.029870665865018964e-04
-1.676865667104721069e-02
-1.249833498150110245e-03
1.531528402119874954e-02
6.807037442922592163e-02
-3.657053411006927490e-02
-5.555331334471702576e-02
1.703604683279991150e-02
-3.701750934123992920e-02
-7.421816140413284302e-02
-5.390327423810958862e-02
6.031369790434837341e-02
-7.429756969213485718e-02
-6.886479258537292480e-02
1.664937473833560944e-02
2.638917416334152222e-03
1.416976563632488251e-02
-6.782688945531845093e-02
2.556944091338664293e-04
1.191390678286552429e-01
-1.533150207251310349e-02
-8.334454149007797241e-03
-2.546292170882225037e-02
-4.853757098317146301e-02
-1.152115408331155777e-02
-3.821939602494239807e-02
-1.246041804552078247e-02
1.811018958687782288e-02
-1.198327634483575821e-02
-4.787687957286834717e-02
2.668641135096549988e-02
-6.708838976919651031e-03
3.747991519048810005e-03
3.270097821950912476e-02
8.569798432290554047e-03
-3.968089446425437927e-02
-3.929140046238899231e-02
-2.201373130083084106e-02
2.044049091637134552e-02
4.141893237829208374e-02
3.227777779102325439e-02
2.563733421266078949e-02
9.615345858037471771e-03
3.670593723654747009e-02
6.897255778312683105e-02
-9.037160198204219341e-04
-1.664626970887184143e-02
-1.209040917456150055e-02
-1.886680722236633301e-02
-4.277804121375083923e-02
3.942343220114707947e-02
1.353052072227001190e-02
-2.672001160681247711e-02
-2.230498194694519043e-02
-9.120859205722808838e-03
-5.737073719501495361e-03
-7.857316732406616211e-02
-9.410723298788070679e-02
7.507345639169216156e-03
-4.518517851829528809e-02
-6.201050430536270142e-02
8.238256908953189850e-03
-5.303288809955120087e-03
5.470258649438619614e-03
2.851960482075810432e-03
2.584657445549964905e-02
2.849018387496471405e-02
-1.101487874984741211e-02
4.494647309184074402e-02
1.063324790447950363e-02
-1.420887280255556107e-02
4.425136744976043701e-02
9.496981278061866760e-03
-1.354696974158287048e-02
2.464365027844905853e-02
-6.049236282706260681e-03
-4.227244108915328979e-02
1.929601188749074936e-03
-4.328263178467750549e-02
6.565389921888709068e-04
-2.461361698806285858e-02
-1.351974718272686005e-02
-4.348792601376771927e-03
-4.586051031947135925e-02
-9.303703159093856812e-02
-3.656961023807525635e-02
2.509561367332935333e-02
1.132945064455270767e-03
-4.878946114331483841e-03
-2.872203942388296127e-03
-1.369845494627952576e-02
-1.467834133654832840e-02
-3.820966556668281555e-02
2.582183666527271271e-02
2.267718128859996796e-02
1.369954552501440048e-02
5.699553340673446655e-02
6.371873430907726288e-03
5.186422914266586304e-02
9.212765097618103027e-02
4.223464801907539368e-02
-9.004179388284683228e-03
-5.247203633189201355e-02
-5.641639232635498047e-02
8.761854842305183411e-03
-1.924463175237178802e-02
-2.867301553487777710e-02
2.832568623125553131e-02
1.637813868001103401e-03
-5.886309314519166946e-03
-2.446534670889377594e-02
1.173352007754147053e-03
2.687207236886024475e-02
-2.379120886325836182e-02
-2.623105607926845551e-02
1.274543255567550659e-02
-1.557619869709014893e-02
-3.897953778505325317e-02
-1.271119900047779083e-02
-3.514077514410018921e-02
-2.209953777492046356e-02
-3.137026727199554443e-02
1.815941184759140015e-02
3.038486838340759277e-02
9.498224593698978424e-03
2.318430691957473755e-02
2.346756309270858765e-02
3.519065678119659424e-02
1.401742082089185715e-02
4.724606499075889587e-02
-2.184260264039039612e-02
3.291277959942817688e-02
3.635688498616218567e-02
4.755013063549995422e-02
-5.801671184599399567e-03
1.694535487331449986e-03
4.700114578008651733e-02
-1.291802246123552322e-02
3.196383267641067505e-02
1.095263101160526276e-02
-3.329088538885116577e-02
-1.450439542531967163e-02
-1.035493612289428711e-02
-4.033526778221130371e-02
-3.317960724234580994e-02
1.365688536316156387e-02
-1.608673110604286194e-02
-1.463468186557292938e-02
1.186447963118553162e-02
5.898745730519294739e-02
4.432884976267814636e-02
3.501924686133861542e-03
-6.110581569373607635e-03
-1.780016114935278893e-03
5.802628118544816971e-03
5.523313954472541809e-02
1.005382761359214783e-01
1.900290511548519135e-02
2.851882204413414001e-02
9.054171293973922729e-02
6.296075880527496338e-02
5.089667439460754395e-02
6.519744545221328735e-02
6.242284923791885376e-02
1.621442474424839020e-02
-1.121327467262744904e-02
1.233470533043146133e-02
2.597064897418022156e-02
1.560692396014928818e-02
3.026643022894859314e-02
8.273125439882278442e-02
1.041201353073120117e-01
6.023497879505157471e-02
-6.771836429834365845e-02
-5.767327547073364258e-02
-6.001455336809158325e-02
-2.682459168136119843e-02
3.876051679253578186e-02
2.346215303987264633e-03
-5.475126951932907104e-02
1.636764965951442719e-02
2.622828073799610138e-02
-7.952852174639701843e-04
6.410298496484756470e-02
2.891366370022296906e-02
7.497995829908177257e-05
4.254183918237686157e-02
6.147296726703643799e-02
-5.517452955245971680e-03
5.023633688688278198e-02
6.057984009385108948e-02
-3.048503585159778595e-02
-1.241187471896409988e-02
3.010041639208793640e-02
-3.194177523255348206e-02
-2.742742560803890228e-02
-1.184896659106016159e-02
2.785418648272752762e-03
-1.889707706868648529e-02
-2.721706777811050415e-02
-4.175421223044395447e-02
-3.513487800955772400e-02
-3.983614966273307800e-02
-5.482490733265876770e-02
-2.033489570021629333e-02
-2.414509095251560211e-02
-4.602409154176712036e-02
-3.412191569805145264e-02
-2.290113642811775208e-02
1.887390576303005219e-02
-1.014999579638242722e-02
2.915735123679041862e-03
5.009739100933074951e-02
4.383203387260437012e-02
4.190929606556892395e-02
2.146463841199874878e-02
3.386293724179267883e-02
4.360030591487884521e-02
-3.228616714477539062e-02
-4.392677173018455505e-02
-5.137989297509193420e-02
-4.553788155317306519e-02
-1.854146830737590790e-02
-5.006385594606399536e-02
-3.217284753918647766e-02
1.307654846459627151e-02
-3.161249682307243347e-02
1.071282569319009781e-02
-1.956420205533504486e-02
-6.571824848651885986e-02
1.813116483390331268e-02
1.845167949795722961e-02
-4.285546392202377319e-02
1.649260404519736767e-03
1.817009598016738892e-02
1.265325583517551422e-02
-8.726056665182113647e-03
-5.310446955263614655e-03
-1.645522005856037140e-02
-2.302222652360796928e-03
8.835195330902934074e-04
1.855390518903732300e-02
2.937445649877190590e-03
4.972033575177192688e-02
6.907094269990921021e-02
-3.349034115672111511e-02
4.793034866452217102e-03
1.190975867211818695e-02
-1.643832214176654816e-02
8.332394645549356937e-04
-1.808379217982292175e-02
3.079120256006717682e-02
1.395594677887856960e-03
-1.937486603856086731e-02
2.691951207816600800e-02
-5.661650095134973526e-03
-2.766259387135505676e-02
2.255084551870822906e-02
9.900244884192943573e-03
1.121049001812934875e-02
2.482868358492851257e-02
4.207549244165420532e-02
3.407874330878257751e-02
1.148198451846837997e-02
3.349837660789489746e-02
-2.091565355658531189e-02
2.229113690555095673e-02
4.215914011001586914e-02
1.453683525323867798e-02
-3.153447806835174561e-02
3.904748475179076195e-03
-6.248371675610542297e-03
5.281085520982742310e-02
7.396317273378372192e-02
3.591790050268173218e-02
3.671058639883995056e-02
7.409573346376419067e-02
2.583580650389194489e-02
4.097697511315345764e-02
5.462956801056861877e-02
5.703729111701250076e-03
-6.004789844155311584e-03
4.834949597716331482e-02
3.119829483330249786e-02
-2.991044707596302032e-02
4.451038315892219543e-02
3.226174786686897278e-02
1.066314405761659145e-03
5.596853792667388916e-02
5.097945407032966614e-02
5.699480697512626648e-02
1.030496880412101746e-01
5.941205099225044250e-02
4.931645467877388000e-02
6.327712535858154297e-02
2.665741182863712311e-02
4.157155752182006836e-02
4.574975464493036270e-03
-3.925034403800964355e-02
-2.737039886415004730e-02
-1.490853168070316315e-02
-2.758664265275001526e-02
5.698741413652896881e-03
-4.093162249773740768e-03
-7.846317254006862640e-03
-2.329581044614315033e-02
2.918904088437557220e-02
1.321591157466173172e-02
2.585372701287269592e-02
2.573777735233306885e-02
2.711784653365612030e-02
3.791150078177452087e-02
3.041773475706577301e-02
2.107380889356136322e-02
-6.665866356343030930e-03
5.791659932583570480e-03
-2.187645435333251953e-02
-7.919457741081714630e-03
3.531111404299736023e-02
2.202755585312843323e-02
-2.214730903506278992e-02
4.141585901379585266e-02
2.336252853274345398e-02
-1.566442288458347321e-02
1.842217147350311279e-02
9.155028499662876129e-03
-1.829271018505096436e-02
1.300105452537536621e-02
1.620525866746902466e-02
-3.552254661917686462e-02
2.086792327463626862e-02
4.213311150670051575e-02
-2.952510863542556763e-02
3.491690754890441895e-02
7.134831044822931290e-03
2.605078369379043579e-02
3.688405454158782959e-02
3.818201646208763123e-02
7.746801525354385376e-02
8.804537355899810791e-02
6.241639703512191772e-02
-3.577136248350143433e-02
2.374037867411971092e-03
-1.240070909261703491e-02
4.446521401405334473e-02
8.861999958753585815e-03
6.872153375297784805e-03
4.901022091507911682e-02
6.324848532676696777e-02
1.921716704964637756e-02
2.138606272637844086e-02
6.905455142259597778e-02
7.550895214080810547e-02
1.705596223473548889e-02
5.156904086470603943e-02
9.583672508597373962e-03
2.204294875264167786e-02
3.731280937790870667e-02
2.753875404596328735e-02
4.274439439177513123e-02
8.405150473117828369e-02
7.502620667219161987e-02
8.916812948882579803e-03
-7.628710009157657623e-03
8.095202967524528503e-03
9.861232712864875793e-03
6.057584658265113831e-03
1.429416611790657043e-02
5.487087648361921310e-03
-2.295874245464801788e-02
-4.502560198307037354e-02
5.421958491206169128e-02
3.796080499887466431e-02
5.310742184519767761e-02
1.907368563115596771e-02
2.188701555132865906e-02
2.892525680363178253e-02
-3.769835829734802246e-02
-3.246249258518218994e-02
-2.467062883079051971e-02
-4.514349624514579773e-02
-4.853707924485206604e-02
-2.066215686500072479e-02
-5.015733186155557632e-04
1.400213968008756638e-02
3.380535636097192764e-03
2.142360247671604156e-02
6.217379868030548096e-02
1.721873134374618530e-02
-4.536957666277885437e-02
-3.042386285960674286e-02
3.756704740226268768e-03
1.819710992276668549e-02
4.893702268600463867e-02
6.779710948467254639e-02
-2.521971426904201508e-02
-1.488628797233104706e-02
-3.372845053672790527e-02
-7.312717498280107975e-04
-4.119887202978134155e-02
-4.235516861081123352e-02
4.642894119024276733e-02
-2.149464190006256104e-02
-1.445384323596954346e-02
3.200870007276535034e-02
6.297180429100990295e-03
-1.930728182196617126e-02
-1.293239835649728775e-02
-2.956612221896648407e-02
-1.324991881847381592e-02
-8.637581951916217804e-03
-1.755909621715545654e-02
-3.145095705986022949e-02
2.222265303134918213e-02
9.581161430105566978e-04
1.507533527910709381e-02
5.836410075426101685e-02
1.628034375607967377e-02
-5.262945592403411865e-02
4.295571148395538330e-02
6.086116190999746323e-03
-3.289938718080520630e-02
3.198933228850364685e-02
-4.530948586761951447e-03
7.592571899294853210e-03
3.303059935569763184e-02
4.958046227693557739e-02
5.603081732988357544e-02
1.559261977672576904e-02
1.716011017560958862e-02
2.821412496268749237e-02
4.307556431740522385e-03
-2.550960704684257507e-02
-1.267810817807912827e-02
-5.131966993212699890e-02
-3.668500855565071106e-02
-1.861981116235256195e-02
-2.994321286678314209e-03
1.886509917676448822e-02
3.098481521010398865e-02
-3.851972520351409912e-02
-5.592156201601028442e-03
-1.128607988357543945e-02
1.288905087858438492e-02
1.327197160571813583e-02
-2.887064218521118164e-02
4.007636010646820068e-02
-6.666109431535005569e-03
-1.936878450214862823e-02
9.527789428830146790e-03
-2.920126356184482574e-02
-1.488320622593164444e-02
-1.879294589161872864e-02
-1.171230431646108627e-02
-2.108396776020526886e-02
-1.554804574698209763e-02
-9.889733977615833282e-03
-2.847610600292682648e-02
-1.814546063542366028e-02
-1.939062774181365967e-02
5.454527214169502258e-03
1.117803249508142471e-02
3.075926192104816437e-02
3.809843584895133972e-02
2.338303998112678528e-02
3.731651231646537781e-02
3.512016311287879944e-02
7.871190086007118225e-03
5.721003934741020203e-02
5.196580663323402405e-02
-6.118592806160449982e-03
2.672639861702919006e-02
1.990220509469509125e-02
5.127942189574241638e-02
2.472856454551219940e-02
-2.433205209672451019e-02
7.247697561979293823e-02
1.248523872345685959e-02
-2.050960808992385864e-02
8.277254179120063782e-03
1.671730913221836090e-02
-1.865358557552099228e-03
4.364560171961784363e-02
2.643205225467681885e-02
2.038461714982986450e-02
1.687334477901458740e-02
-7.648626808077096939e-03
6.540436763316392899e-03
-8.510186336934566498e-03
-8.693972602486610413e-03
-7.202835753560066223e-03
1.108309905976057053e-02
-2.671721950173377991e-02
-4.158776253461837769e-02
-2.674020081758499146e-02
-1.105576287955045700e-02
-2.247246727347373962e-02
3.313898574560880661e-03
1.499612582847476006e-03
2.757649868726730347e-03
-2.113589085638523102e-02
-9.673772379755973816e-03
-4.169535357505083084e-03
-1.978119835257530212e-02
1.463116146624088287e-03
5.788720212876796722e-03
7.083845790475606918e-03
-1.169434469193220139e-02
-8.634677156805992126e-03
4.472474381327629089e-02
6.101696938276290894e-02
6.392751634120941162e-02
3.446475416421890259e-02
5.315808951854705811e-02
4.097848013043403625e-02
4.566631279885768890e-03
4.059984907507896423e-02
1.014720462262630463e-02
8.915611356496810913e-02
1.057547032833099365e-01
1.026504561305046082e-01
-6.909358315169811249e-03
4.113708063960075378e-02
3.885253518819808960e-02
5.260212719440460205e-02
-3.116502612829208374e-02
1.737506245262920856e-04
1.823834329843521118e-02
4.451822489500045776e-03
2.334151044487953186e-02
-1.081150025129318237e-02
4.020243138074874878e-02
7.917911559343338013e-02
-1.420963741838932037e-02
-3.358403220772743225e-03
2.127942815423011780e-02
4.032984375953674316e-02
2.934534475207328796e-02
-6.631659343838691711e-03
3.565627709031105042e-02
6.613241508603096008e-03
-2.677743695676326752e-02
-3.836882067844271660e-03
3.820120356976985931e-03
-3.194772452116012573e-02
-9.776389226317405701e-03
-2.252420224249362946e-02
1.404882408678531647e-02
-1.530270837247371674e-02
-2.307657897472381592e-02
-7.040095515549182892e-03
-1.868483982980251312e-02
-4.917085170745849609e-03
-3.143695741891860962e-02
-2.212058939039707184e-02
1.097197923809289932e-02
-1.600809022784233093e-02
-2.649717219173908234e-02
-7.236590608954429626e-03
-8.973674848675727844e-04
-1.193727180361747742e-02
-7.500710897147655487e-03
4.041674081236124039e-03
-7.644894067198038101e-03
-4.179358482360839844e-02
-3.804511576890945435e-02
-7.840796024538576603e-04
-1.632786355912685394e-02
-8.780211210250854492e-03
2.063223719596862793e-02
4.434815421700477600e-02
-1.236463896930217743e-03
1.206676848232746124e-02
-1.504663378000259399e-02
-5.458241328597068787e-03
-1.247426774352788925e-02
-1.101471204310655594e-02
-8.496824651956558228e-03
-5.620190873742103577e-03
-3.235235065221786499e-02
-5.213290452957153320e-02
1.927246525883674622e-02
-1.969886571168899536e-02
-2.384768798947334290e-02
5.846708640456199646e-02
3.824415802955627441e-02
1.682386547327041626e-02
-3.849259391427040100e-02
2.129198424518108368e-02
2.290474437177181244e-02
9.809564799070358276e-03
2.799042873084545135e-02
3.104016371071338654e-02
2.408751472830772400e-02
3.067373670637607574e-02
2.777849510312080383e-02
-1.229898910969495773e-02
2.944734878838062286e-02
-1.016365922987461090e-02
2.474440075457096100e-02
6.943578273057937622e-02
2.676796726882457733e-02
1.240809448063373566e-02
2.753330208361148834e-02
1.744349487125873566e-02
3.127791732549667358e-02
1.322251260280609131e-01
6.149589270353317261e-02
1.858303323388099670e-02
6.051370291970670223e-04
2.565027587115764618e-02
-2.761024981737136841e-02
-6.504788994789123535e-02
-2.005652710795402527e-02
-6.494340300559997559e-02
-1.171391550451517105e-02
-1.356812939047813416e-02
-4.364546015858650208e-02
-3.066528029739856720e-02
-1.101552788168191910e-02
1.742511242628097534e-02
-1.751991361379623413e-02
-4.397160559892654419e-02
1.148070488125085831e-02
1.904450170695781708e-02
2.462180331349372864e-02
1.037764176726341248e-02
-1.888611540198326111e-02
4.382887482643127441e-02
-2.597776241600513458e-02
8.819447830319404602e-03
2.684499695897102356e-02
2.017359621822834015e-02
-4.130169283598661423e-03
-6.986205279827117920e-02
5.912305787205696106e-02
5.615376308560371399e-02
-6.368741393089294434e-02
4.056458920240402222e-02
6.908352673053741455e-02
-4.330077022314071655e-02
2.034049667418003082e-02
4.682179074734449387e-03
1.945473812520503998e-02
-1.913813501596450806e-02
-4.066491127014160156e-02
-3.877497464418411255e-02
-3.431615978479385376e-02
-3.171380981802940369e-02
-2.190567180514335632e-02
-3.543597087264060974e-02
-2.568396041169762611e-03
-6.255155801773071289e-02
-1.224467251449823380e-02
6.421235948801040649e-02
2.413377724587917328e-02
-2.219153195619583130e-02
-2.097298763692378998e-02
-5.725199729204177856e-02
2.547196112573146820e-02
8.299188315868377686e-02
2.555429935455322266e-02
-1.383819803595542908e-02
4.204787313938140869e-02
4.406003281474113464e-02
-1.171731762588024139e-02
1.975022442638874054e-02
-1.491172146052122116e-02
-5.137353762984275818e-02
-6.344799697399139404e-02
-4.258264601230621338e-02
-1.132349111139774323e-02
3.647648729383945465e-03
-2.664404176175594330e-02
6.123328581452369690e-02
3.822408244013786316e-02
6.532046198844909668e-02
-3.376953676342964172e-02
-8.159913867712020874e-02
-2.277275547385215759e-02
-5.144072347320616245e-04
-3.541469946503639221e-02
-2.216684864833950996e-03
2.772531285881996155e-02
7.182159274816513062e-02
2.354481443762779236e-02
1.403483096510171890e-02
-4.083629697561264038e-02
-3.394494205713272095e-02
-1.166303548961877823e-02
-7.766380906105041504e-02
2.488605119287967682e-02
1.200943370349705219e-03
-4.550011828541755676e-02
5.089054256677627563e-02
-4.673198238015174866e-02
-1.702167466282844543e-02
8.694730699062347412e-03
-4.531189054250717163e-02
-1.551922317594289780e-02
1.601113379001617432e-02
-3.583122044801712036e-02
9.768145158886909485e-03
-1.943044178187847137e-02
-7.048433646559715271e-03
-2.437911741435527802e-02
-2.010671421885490417e-02
-3.366624563932418823e-02
-6.813250947743654251e-03
2.759534865617752075e-02
-2.838305197656154633e-02
6.724150478839874268e-02
6.947841495275497437e-02
3.650598600506782532e-02
1.154449675232172012e-02
-2.556171640753746033e-02
2.752670831978321075e-02
-2.564288908615708351e-03
-6.937792897224426270e-02
3.600812703371047974e-02
4.981364589184522629e-03
1.399041991680860519e-02
-3.526818007230758667e-02
-3.290439024567604065e-02
-3.780075907707214355e-02
-3.240302205085754395e-02
-1.228537876158952713e-02
1.565404236316680908e-03
-7.646960875717923045e-05
2.636972069740295410e-02
-2.856189198791980743e-02
-2.022247575223445892e-02
2.241691201925277710e-02
-8.284720592200756073e-03
-2.187503501772880554e-02
-1.077690999954938889e-02
1.593387685716152191e-02
7.053635548800230026e-03
-2.726430259644985199e-02
1.309353392571210861e-02
-2.897521946579217911e-03
-2.260238165035843849e-03
1.575899310410022736e-03
3.399399295449256897e-02
-8.966260589659214020e-03
1.279145944863557816e-02
8.842255175113677979e-02
7.103636860847473145e-02
2.608739398419857025e-02
-5.167497787624597549e-03
-2.940749283879995346e-03
-1.263216417282819748e-02
-4.184924066066741943e-03
3.142739459872245789e-02
5.297772586345672607e-03
-3.966177627444267273e-02
-1.630252413451671600e-02
-3.055683337152004242e-02
-3.800069913268089294e-02
-1.743203401565551758e-02
-1.288371998816728592e-02
1.326420623809099197e-02
5.674045532941818237e-03
-1.319832354784011841e-02
5.328694358468055725e-02
2.949333377182483673e-02
2.873190492391586304e-02
-5.538451299071311951e-02
-4.038534313440322876e-02
-9.218487888574600220e-03
-2.602783590555191040e-02
4.870907403528690338e-03
3.057249449193477631e-02
3.753294795751571655e-02
3.956400603055953979e-02
1.865945942699909210e-02
4.258884489536285400e-02
3.046308457851409912e-02
-1.716203242540359497e-02
1.312028616666793823e-02
-3.363184258341789246e-02
-1.890292949974536896e-02
-3.263920173048973083e-02
-2.436103112995624542e-02
1.004367973655462265e-02
2.184667065739631653e-02
3.858437761664390564e-02
3.168326616287231445e-02
9.965257719159126282e-03
-4.927743226289749146e-03
-2.105179475620388985e-03
-1.792643032968044281e-02
-1.789677515625953674e-02
-2.558334358036518097e-02
4.033458232879638672e-02
1.187637262046337128e-02
4.102969542145729065e-02
-1.529850717633962631e-02
-3.768523782491683960e-02
-3.748418390750885010e-02
1.048669684678316116e-02
-8.636380545794963837e-03
8.051658980548381805e-03
-1.413626968860626221e-02
4.206457524560391903e-04
-1.074088923633098602e-02
-1.408177521079778671e-02
-1.600791141390800476e-02
-5.484857037663459778e-02
-1.487628836184740067e-02
4.191276151686906815e-03
-1.980308629572391510e-02
-3.497314825654029846e-02
2.876061387360095978e-02
4.201367869973182678e-02
3.314275527372956276e-04
-4.434092715382575989e-02
-6.424842402338981628e-03
-3.147686645388603210e-02
-6.676448881626129150e-02
-1.990052871406078339e-02
-1.215539593249559402e-02
1.785589568316936493e-02
5.700778216123580933e-03
8.899550139904022217e-02
5.328105017542839050e-02
-2.634655218571424484e-03
2.890387736260890961e-02
4.818584769964218140e-02
1.159123331308364868e-02
-9.961822070181369781e-03
2.911619376391172409e-03
3.621307900175452232e-03
2.775207161903381348e-02
5.420675873756408691e-02
6.940007954835891724e-02
-3.232990205287933350e-02
2.412400953471660614e-02
2.975517138838768005e-02
-1.099593937397003174e-02
-1.088312547653913498e-02
6.681063678115606308e-04
1.269254181534051895e-02
-1.177579537034034729e-02
-1.134725287556648254e-02
-1.125820819288492203e-02
-2.376987971365451813e-02
-1.532838586717844009e-02
-8.285812288522720337e-02
-4.912469163537025452e-02
-4.297833889722824097e-02
3.215021686628460884e-03
-1.035655848681926727e-02
-2.765179611742496490e-02
1.635717973113059998e-02
1.457376219332218170e-02
6.081246212124824524e-02
-1.759044267237186432e-02
3.753356402739882469e-03
-1.941950176842510700e-03
6.503800302743911743e-02
1.990674063563346863e-02
4.054434970021247864e-02
1.941026374697685242e-02
8.616378158330917358e-02
1.345533970743417740e-02
-1.149302069097757339e-02
-4.263618495315313339e-03
-2.421033941209316254e-02
-8.763156831264495850e-03
-1.909535750746726990e-02
-1.623517833650112152e-02
7.774992287158966064e-02
5.320202186703681946e-02
5.427878350019454956e-02
2.919862233102321625e-02
5.673453584313392639e-02
2.641711011528968811e-02
1.929379440844058990e-02
2.450133301317691803e-02
-1.487860362976789474e-02
2.995168790221214294e-03
-4.830593243241310120e-02
-1.038270629942417145e-02
-3.550310432910919189e-02
-4.380738362669944763e-02
-3.096053190529346466e-02
-4.012021422386169434e-02
-5.351578071713447571e-02
-7.371278852224349976e-02
-6.636148318648338318e-03
-2.601374872028827667e-02
-5.765868723392486572e-02
-2.984069846570491791e-02
-3.297417983412742615e-02
4.146687686443328857e-03
2.913415618240833282e-02
2.531217783689498901e-02
3.373071178793907166e-02
2.438578382134437561e-02
-2.218659734353423119e-03
-2.514658868312835693e-02
7.181465625762939453e-03
-5.778113007545471191e-02
-2.986464463174343109e-02
-4.619961138814687729e-03
-4.142811149358749390e-02
2.300343103706836700e-02
-3.029908053576946259e-02
-1.808365806937217712e-02
4.297793656587600708e-02
8.405573666095733643e-03
-2.784900180995464325e-02
-5.525888130068778992e-02
1.685390062630176544e-02
-3.962848335504531860e-03
-9.049639105796813965e-03
6.723144650459289551e-02
3.599544987082481384e-02
5.702401697635650635e-02
-4.396139644086360931e-03
-3.449258953332901001e-02
-1.263909973204135895e-02
-4.890692979097366333e-02
-4.413400217890739441e-02
-1.725574210286140442e-02
-4.542636126279830933e-02
-5.078273639082908630e-02
-2.216908149421215057e-02
-7.327427715063095093e-02
-5.706808716058731079e-02
-3.693121299147605896e-02
-2.349205873906612396e-02
1.308737322688102722e-02
2.432524412870407104e-02
-1.281656790524721146e-02
1.472262293100357056e-02
-4.666813649237155914e-03
-4.535051807761192322e-02
-3.401202708482742310e-02
-3.925216570496559143e-02
-1.839813776314258575e-02
-8.916260302066802979e-02
-9.361397475004196167e-02
-1.210289355367422104e-02
-6.369316577911376953e-02
-1.008743420243263245e-01
-3.808781132102012634e-02
-7.516404241323471069e-02
-7.144659757614135742e-02
7.112813647836446762e-03
3.195774927735328674e-02
4.865210503339767456e-03
2.575740218162536621e-03
2.824597992002964020e-02
1.617387682199478149e-02
1.581704989075660706e-02
-3.060885472223162651e-03
-7.317084074020385742e-02
-5.254068411886692047e-03
3.957351297140121460e-02
-1.174266356974840164e-02
-2.053905837237834930e-02
2.611460164189338684e-02
2.554685249924659729e-02
4.163574893027544022e-03
4.102268721908330917e-03
7.994184270501136780e-03
1.341049745678901672e-02
-5.259096156805753708e-03
4.115193709731101990e-02
2.584384381771087646e-02
1.330354483798146248e-03
2.933875843882560730e-02
-4.041149094700813293e-02
-1.264519058167934418e-02
8.728241547942161560e-03
-3.494443371891975403e-03
-1.805921830236911774e-02
-3.346565738320350647e-02
4.654347151517868042e-02
2.569847553968429565e-02
-3.242649137973785400e-02
-6.875547766685485840e-02
6.174950860440731049e-03
5.130046978592872620e-02
-6.409101933240890503e-02
-3.826934471726417542e-02
-7.069748826324939728e-03
-3.337380243465304375e-03
-1.902614161372184753e-02
-3.501950949430465698e-02
-2.689412049949169159e-02
-3.090504556894302368e-02
3.122263774275779724e-02
-3.681477531790733337e-02
-1.488845609128475189e-02
1.045848242938518524e-02
-6.041649356484413147e-02
-2.141126058995723724e-02
4.287753254175186157e-02
3.413771837949752808e-02
4.684274271130561829e-02
1.850914023816585541e-02
-1.707742922008037567e-02
1.443514251150190830e-03
-1.670959778130054474e-02
-3.360322117805480957e-02
-2.716289646923542023e-02
-1.595142669975757599e-02
8.334829472005367279e-03
1.175853982567787170e-02
1.116968877613544464e-02
-1.291795633733272552e-02
-1.222573034465312958e-02
-1.195666752755641937e-02
-1.861062645912170410e-02
7.004246581345796585e-04
9.257375262677669525e-03
1.742765121161937714e-02
-1.408472377806901932e-02
-1.230498403310775757e-02
-3.802773356437683105e-02
-5.901017412543296814e-02
-3.922838717699050903e-02
-7.275637704879045486e-03
-4.313663020730018616e-02
-2.624493278563022614e-02
7.429452985525131226e-02
1.431079953908920288e-02
-2.677447907626628876e-02
3.300486505031585693e-02
-1.933876425027847290e-02
-1.460170559585094452e-02
-1.856472343206405640e-02
-5.434822663664817810e-02
-1.347935013473033905e-02
-1.658823341131210327e-03
2.531564608216285706e-02
-1.644202973693609238e-03
-1.256170682609081268e-02
7.990394718945026398e-03
-4.106700047850608826e-02
1.831542141735553741e-02
2.292174845933914185e-02
-1.648664288222789764e-02
3.515222633723169565e-04
-8.727958425879478455e-03
-2.465955447405576706e-03
7.289370894432067871e-02
2.685143426060676575e-02
-5.101640243083238602e-03
8.530790358781814575e-02
-1.562574179843068123e-03
-6.621275842189788818e-02
-4.023338481783866882e-02
-1.620582677423954010e-02
1.163979433476924896e-02
-3.792753070592880249e-02
-4.206570982933044434e-02
4.856416210532188416e-02
-3.229915723204612732e-02
-5.966722220182418823e-02
1.200978457927703857e-02
1.901370473206043243e-02
1.252845302224159241e-02
-1.135474257171154022e-02
1.083933655172586441e-02
-5.494880606420338154e-04
6.000251043587923050e-03
9.694403037428855896e-03
2.479150658473372459e-03
2.604524046182632446e-02
-7.951486110687255859e-02
-7.211232185363769531e-02
-6.179365888237953186e-02
-7.095646858215332031e-02
-5.265204980969429016e-02
-2.030979469418525696e-02
-3.328670933842658997e-02
-1.964049972593784332e-02
2.089492045342922211e-03
-3.854432702064514160e-02
-2.744052000343799591e-02
-1.913252286612987518e-02
-1.617707498371601105e-02
-3.805435821413993835e-02
-5.599249526858329773e-02
-4.151543602347373962e-02
-4.042791575193405151e-02
-6.798015534877777100e-02
-1.944658905267715454e-02
2.565218321979045868e-02
7.539427373558282852e-03
-3.984996303915977478e-02
7.354474160820245743e-03
-1.099225413054227829e-02
-4.437126964330673218e-02
8.179527940228581429e-04
-1.536299474537372589e-02
4.905765876173973083e-02
1.643705926835536957e-02
-2.883010730147361755e-02
8.982819505035877228e-03
-1.385525148361921310e-02
-3.257316350936889648e-02
1.570075377821922302e-02
-3.765233093872666359e-03
1.990057714283466339e-02
-5.882674455642700195e-02
-2.725200355052947998e-02
-2.800843678414821625e-02
-7.793723605573177338e-03
1.736446097493171692e-02
1.455893740057945251e-02
5.950997117906808853e-03
6.020168215036392212e-02
4.258240759372711182e-02
3.470584750175476074e-02
-8.820230723358690739e-04
7.350928336381912231e-02
-2.810139395296573639e-02
-1.069702580571174622e-02
2.806780859827995300e-02
-5.087821744382381439e-03
-8.584247902035713196e-03
9.489470161497592926e-03
-2.627337165176868439e-02
-2.696578204631805420e-02
-2.028720825910568237e-02
-3.572300821542739868e-02
-9.349151514470577240e-03
-5.567036941647529602e-02
-2.755107916891574860e-02
-1.514403801411390305e-02
-4.019888862967491150e-02
2.544052340090274811e-02
-4.028801806271076202e-03
-3.278594464063644409e-02
-1.298522949218750000e-02
-2.903031185269355774e-02
-3.064837306737899780e-02
-3.601215407252311707e-02
-5.698448047041893005e-02
-4.389889910817146301e-02
-2.255477197468280792e-02
3.775661438703536987e-02
4.280670359730720520e-02
-2.225984446704387665e-02
9.551900438964366913e-03
6.181709095835685730e-02
-4.351955652236938477e-02
-6.335564702749252319e-02
-1.683357916772365570e-02
3.724991157650947571e-02
2.112635225057601929e-02
-6.670942530035972595e-03
3.291118424385786057e-03
9.889614768326282501e-03
-2.606018912047147751e-03
-8.154278621077537537e-03
-2.670172229409217834e-02
-2.026328630745410919e-02
5.505052581429481506e-02
6.423800438642501831e-02
5.916927382349967957e-02
4.701177403330802917e-02
8.411148563027381897e-03
-2.947763539850711823e-03
3.803272917866706848e-02
2.707022475078701973e-03
-2.150311321020126343e-02
-2.471937052905559540e-02
-1.196003518998622894e-02
1.299273408949375153e-02
-2.319702133536338806e-02
-1.642589457333087921e-02
-2.671892009675502777e-02
-1.089483872056007385e-02
-2.827204577624797821e-02
-2.885310538113117218e-02
1.833849819377064705e-04
3.923167008906602859e-03
6.480759475380182266e-03
-5.479331314563751221e-02
-3.391664475202560425e-02
-1.218108739703893661e-02
-5.224230885505676270e-02
-5.080671980977058411e-02
-2.461046539247035980e-02
-4.105903580784797668e-02
6.536256521940231323e-02
5.219807475805282593e-02
-9.456226974725723267e-02
-1.951214112341403961e-02
-9.508160292170941830e-04
-3.384888917207717896e-02
-1.081122457981109619e-01
-1.111801639199256897e-01
1.752865314483642578e-02
4.807196184992790222e-02
1.276658196002244949e-02
-1.242678798735141754e-02
7.694368064403533936e-02
3.488837182521820068e-02
-5.917615070939064026e-02
-3.158194199204444885e-02
-3.669385612010955811e-02
1.251653674989938736e-02
-2.253320626914501190e-02
2.471753163263201714e-03
5.197510123252868652e-02
5.167917907238006592e-02
4.116669669747352600e-02
1.131653599441051483e-02
2.118830941617488861e-02
4.799091815948486328e-02
-7.340521086007356644e-03
-3.786331275478005409e-03
3.717504441738128662e-04
5.122520029544830322e-03
-1.771462522447109222e-02
-9.435762651264667511e-03
1.025845482945442200e-02
-2.042133733630180359e-02
-6.181203294545412064e-03
-2.706747315824031830e-02
-7.974208891391754150e-02
-2.273011952638626099e-02
-3.161982446908950806e-02
1.108329556882381439e-02
8.691283315420150757e-02
-5.902983993291854858e-02
-1.513622235506772995e-02
3.936352580785751343e-02
2.079382725059986115e-02
1.289997529238462448e-02
-1.245669648051261902e-02
6.294243037700653076e-02
1.284621935337781906e-02
4.644011147320270538e-03
6.902323663234710693e-02
5.249244347214698792e-02
3.649337962269783020e-02
1.182363089174032211e-02
3.806084021925926208e-02
9.930843859910964966e-02
5.972614884376525879e-02
7.488666474819183350e-02
5.297133699059486389e-02
3.799419850111007690e-02
-3.502817451953887939e-02
-5.200748518109321594e-02
3.400467336177825928e-02
3.003142401576042175e-02
-2.551571093499660492e-02
1.770280301570892334e-02
3.406746312975883484e-02
6.592488288879394531e-02
3.132401034235954285e-02
-2.207248844206333160e-02
-6.646282970905303955e-03
1.769975014030933380e-02
1.873887144029140472e-02
-6.823140662163496017e-03
3.249247744679450989e-02
5.358233116567134857e-03
-2.803272195160388947e-02
-5.597985349595546722e-03
-3.283584862947463989e-02
1.877234899438917637e-03
3.892463073134422302e-02
2.207840606570243835e-02
-1.776208728551864624e-02
2.597233094274997711e-02
5.237832292914390564e-02
5.814852192997932434e-02
5.072262138128280640e-03
4.214270785450935364e-02
7.211972773075103760e-02
-2.938677184283733368e-02
-9.839603677392005920e-03
-2.843284420669078827e-02
-7.309329230338335037e-03
1.054672803729772568e-02
2.273679897189140320e-02
-4.043732583522796631e-02
-4.007620736956596375e-02
1.202073227614164352e-02
-3.821965306997299194e-03
2.630369924008846283e-02
6.283747404813766479e-02
-1.613553799688816071e-02
-7.822282612323760986e-03
3.972685709595680237e-02
4.337237402796745300e-02
2.891156636178493500e-02
5.834054574370384216e-02
2.237991988658905029e-02
7.839674130082130432e-03
7.198202074505388737e-04
-1.648470759391784668e-02
-2.150098234415054321e-02
1.924236863851547241e-02
-4.935064166784286499e-02
-5.668177083134651184e-02
-2.798629738390445709e-02
2.239892818033695221e-02
3.660915419459342957e-02
-1.459867693483829498e-02
-5.461289081722497940e-03
-2.981873415410518646e-02
-3.518070280551910400e-02
-8.352524600923061371e-03
-5.369849130511283875e-02
-1.502736005932092667e-02
-3.143315389752388000e-02
-1.657934300601482391e-02
4.060264304280281067e-02
-2.015508711338043213e-02
-2.113607525825500488e-02
-9.453427977859973907e-03
2.167082577943801880e-02
-5.061368644237518311e-02
-2.156058140099048615e-02
-1.026724837720394135e-02
-2.503182552754878998e-02
-1.603245362639427185e-02
-3.335905820131301880e-02
-1.991209574043750763e-02
-2.629179321229457855e-02
-1.935443468391895294e-02
-2.617727220058441162e-02
6.904639303684234619e-03
-1.003450900316238403e-02
-1.949249207973480225e-02
7.611559703946113586e-03
-1.200916152447462082e-02
-1.790500991046428680e-02
-3.336418047547340393e-02
3.349573910236358643e-02
-3.883533924818038940e-02
3.863948862999677658e-03
-1.846685260534286499e-02
-1.246375869959592819e-02
1.462446060031652451e-03
2.553430013358592987e-02
8.963763713836669922e-03
1.869610697031021118e-02
9.575187228620052338e-03
-2.770506218075752258e-02
-6.871496327221393585e-03
3.359320014715194702e-02
4.634608700871467590e-02
5.101555213332176208e-02
5.272173509001731873e-02
7.408957183361053467e-02
4.630969464778900146e-02
2.304680086672306061e-02
-4.207133315503597260e-03
-6.588025018572807312e-03
-2.200746443122625351e-03
-3.729253308847546577e-03
1.825772039592266083e-02
2.875081449747085571e-02
1.787043176591396332e-02
2.992223016917705536e-02
2.261424437165260315e-02
2.954586967825889587e-02
2.449853159487247467e-02
2.486360073089599609e-02
2.526165358722209930e-02
8.571083657443523407e-03
-1.788749545812606812e-02
1.243099104613065720e-02
-1.265822909772396088e-02
-2.430777810513973236e-02
-1.752032712101936340e-02
-2.241028472781181335e-02
-7.976808585226535797e-03
-7.496421691030263901e-03
-3.882744908332824707e-02
-1.655696704983711243e-02
-2.465098863467574120e-03
-4.160492122173309326e-02
-1.258167717605829239e-02
-1.164253894239664078e-02
-2.062213607132434845e-02
1.259304303675889969e-02
-4.418632306624203920e-04
-3.608268499374389648e-02
2.490141801536083221e-02
2.153246849775314331e-02
1.903354749083518982e-02
-5.727924872189760208e-03
-2.990049682557582855e-02
1.040874631144106388e-03
-2.672910504043102264e-02
2.608836628496646881e-03
3.913156315684318542e-02
-9.653909131884574890e-03
1.679955050349235535e-02
5.206955596804618835e-02
-4.516671970486640930e-02
-5.493660573847591877e-04
-2.111942274495959282e-03
-3.417375311255455017e-02
-1.758290454745292664e-02
-4.142379760742187500e-02
3.176457807421684265e-02
7.069272920489311218e-03
-6.593697518110275269e-02
2.068405039608478546e-02
3.982452303171157837e-02
1.711981371045112610e-02
-4.488168749958276749e-03
8.719534613192081451e-03
1.767123676836490631e-02
2.612408064305782318e-02
-6.531025748699903488e-03
1.871454343199729919e-02
2.909901738166809082e-02
1.517852861434221268e-02
3.053973056375980377e-02
1.287850178778171539e-02
2.544332295656204224e-02
4.678826034069061279e-02
3.596752183511853218e-03
-1.623217016458511353e-02
1.611932925879955292e-02
-2.503179758787155151e-02
-4.156655073165893555e-02
-3.045467287302017212e-02
2.000722847878932953e-02
1.612935401499271393e-02
2.917778491973876953e-02
2.012299932539463043e-02
1.355121377855539322e-02
-3.816520562395453453e-03
6.890070158988237381e-03
-3.960441052913665771e-02
-6.448555737733840942e-02
4.329777136445045471e-02
8.242523670196533203e-02
4.225412011146545410e-02
-1.820212788879871368e-02
3.758465871214866638e-02
1.978728175163269043e-02
-2.558913826942443848e-02
-3.457653895020484924e-02
-2.075824514031410217e-02
-6.425027549266815186e-02
-1.471987832337617874e-02
-2.632053941488265991e-02
3.071449138224124908e-02
2.584812790155410767e-02
2.493446506559848785e-02
2.330635115504264832e-02
1.265051215887069702e-01
9.685073792934417725e-02
1.701343618333339691e-02
9.862756356596946716e-03
1.903918571770191193e-02
4.933609068393707275e-02
3.232236951589584351e-02
2.718158066272735596e-02
1.710452511906623840e-02
-2.260785177350044250e-02
-1.215772796422243118e-02
2.390634082257747650e-02
8.788829669356346130e-03
-2.461327984929084778e-02
-2.935073524713516235e-02
-1.378352660685777664e-02
1.295709167607128620e-03
-6.479244679212570190e-02
-2.933161891996860504e-02
2.643666043877601624e-02
-7.444741576910018921e-02
-3.774188086390495300e-02
-1.320464350283145905e-02
-5.960248038172721863e-02
6.815872620791196823e-04
-1.317824702709913254e-02
-3.353372588753700256e-02
-2.108307182788848877e-02
-1.270484458655118942e-02
-1.490880362689495087e-02
-3.908318933099508286e-03
-2.881680056452751160e-02
-3.377913311123847961e-02
-6.416091695427894592e-03
3.862318024039268494e-02
-6.623388826847076416e-02
-2.752723358571529388e-02
3.527431190013885498e-02
-1.301152259111404419e-02
4.061211273074150085e-02
4.528261348605155945e-02
-2.638185396790504456e-02
1.215408905409276485e-03
4.221283644437789917e-02
-2.240117266774177551e-02
-9.563406929373741150e-03
1.368048414587974548e-02
2.467074617743492126e-02
-9.538683108985424042e-03
-3.523148596286773682e-02
2.591906674206256866e-02
1.591823436319828033e-02
6.237730383872985840e-03
8.094480261206626892e-03
-6.855952553451061249e-03
8.656771853566169739e-03
-2.771749626845121384e-03
-8.782680146396160126e-03
7.118340115994215012e-03
-1.641532033681869507e-02
3.734137164428830147e-03
2.978418208658695221e-02
-5.541238002479076385e-03
2.604636363685131073e-03
-5.092406645417213440e-03
-2.037755446508526802e-03
-1.829742640256881714e-02
7.167686708271503448e-03
-2.187155745923519135e-02
-1.594914868474006653e-02
-1.134040765464305878e-02
1.938707195222377777e-02
3.132980316877365112e-03
1.607201062142848969e-02
3.488129749894142151e-02
5.731919407844543457e-02
-5.802180618047714233e-02
7.947148382663726807e-02
6.578549742698669434e-02
-3.558074310421943665e-02
-4.759759176522493362e-03
9.321355260908603668e-03
-4.913565516471862793e-02
4.387747868895530701e-02
6.692035496234893799e-02
5.305831879377365112e-02
2.616676688194274902e-02
5.429178103804588318e-02
5.411428958177566528e-02
1.869457028806209564e-02
-1.527156028896570206e-02
-9.104882366955280304e-03
5.888173356652259827e-02
1.218883600085973740e-02
-2.692597731947898865e-02
2.698040939867496490e-02
1.608733274042606354e-02
-5.338963121175765991e-02
-5.909706000238656998e-03
3.241842612624168396e-02
6.611697375774383545e-03
3.444213047623634338e-02
-1.042198669165372849e-02
-2.360313199460506439e-02
9.467554837465286255e-02
3.047037124633789062e-02
-4.069778136909008026e-03
7.014691084623336792e-02
6.317414343357086182e-02
2.998829260468482971e-02
3.731363266706466675e-02
1.632853411138057709e-02
8.447659201920032501e-03
1.062604598701000214e-02
-1.414581085555255413e-03
3.878197818994522095e-02
-3.937189653515815735e-02
-3.724610898643732071e-03
5.848727375268936157e-02
2.532153576612472534e-02
-6.176978349685668945e-03
3.597567602992057800e-02
2.700132317841053009e-02
-3.264031559228897095e-02
-1.307955477386713028e-02
6.469498854130506516e-03
-4.054977744817733765e-02
-2.746857516467571259e-02
1.514977309852838516e-02
1.622640155255794525e-02
-6.419799290597438812e-03
-2.237701974809169769e-02
-2.264444343745708466e-02
-2.906214259564876556e-02
-4.803735390305519104e-02
-4.064874723553657532e-02
-1.927304454147815704e-02
5.896952748298645020e-02
7.085411250591278076e-02
4.051713272929191589e-02
1.007080543786287308e-02
2.533217705786228180e-02
-8.156629279255867004e-03
-1.934376731514930725e-02
1.509491261094808578e-02
-1.120878569781780243e-02
-4.302188754081726074e-02
-3.127736598253250122e-02
-3.089638799428939819e-02
1.170319970697164536e-02
5.489174276590347290e-02
5.042313598096370697e-03
4.199610650539398193e-02
4.512871801853179932e-02
1.923206448554992676e-02
-6.923627108335494995e-02
-7.403738796710968018e-03
-2.608390524983406067e-02
-8.534687571227550507e-03
2.268237806856632233e-02
-2.483103238046169281e-02
-4.293388500809669495e-02
-2.512262947857379913e-02
-2.911398001015186310e-02
8.563214913010597229e-03
-1.929218135774135590e-02
-1.997247571125626564e-03
-3.699133871123194695e-03
3.366309776902198792e-02
4.352131113409996033e-02
-7.897004485130310059e-03
1.217494811862707138e-02
6.188333034515380859e-03
1.173525452613830566e-01
2.672423981130123138e-02
-1.331745367497205734e-02
1.231784820556640625e-01
3.362914174795150757e-02
-4.241021350026130676e-03
6.583820283412933350e-02
5.642506876029074192e-04
2.553897909820079803e-02
-1.537100411951541901e-02
-2.869334258139133453e-02
-1.361131668090820312e-02
-1.278310269117355347e-02
-1.469239406287670135e-02
2.185814082622528076e-02
-6.082051992416381836e-02
-3.373559191823005676e-02
2.089945040643215179e-02
2.583983354270458221e-02
2.100164070725440979e-02
2.688364125788211823e-02
2.700718678534030914e-02
2.521361224353313446e-02
3.740952536463737488e-02
-8.021129667758941650e-02
-4.623332992196083069e-02
-7.923250086605548859e-03
2.905435487627983093e-02
6.865391507744789124e-03
4.437111318111419678e-03
1.387134753167629242e-02
-6.764574209228157997e-04
-2.730419859290122986e-03
-3.496179357171058655e-02
-3.529760986566543579e-02
-2.729444950819015503e-02
1.436401717364788055e-02
-1.703323051333427429e-02
-7.100136950612068176e-03
4.008219391107559204e-02
4.189696535468101501e-02
4.206302389502525330e-02
-2.615875005722045898e-02
1.112698344513773918e-03
2.353914827108383179e-02
-1.275203889235854149e-03
-1.314583700150251389e-02
-2.709967270493507385e-02
3.984646871685981750e-02
7.544526364654302597e-03
-3.424844890832901001e-02
1.471560541540384293e-02
-1.322781760245561600e-02
-1.800007745623588562e-02
-5.146923288702964783e-02
7.208263967186212540e-03
3.735237568616867065e-02
-3.780146315693855286e-02
-1.672990992665290833e-02
-5.350308958441019058e-03
-8.465751074254512787e-03
4.933990538120269775e-03
-5.025039426982402802e-04
-1.961852423846721649e-02
-8.205526508390903473e-03
-3.112122975289821625e-02
-3.680917993187904358e-02
-5.871582031250000000e-02
-2.054092846810817719e-02
2.202057838439941406e-02
-3.581063449382781982e-02
5.710758734494447708e-03
4.070005565881729126e-02
4.492162168025970459e-02
1.015879306942224503e-02
7.105418946593999863e-03
-1.480820495635271072e-02
-3.206801414489746094e-02
-3.487362712621688843e-02
-2.723077684640884399e-02
-4.038637503981590271e-03
1.960057020187377930e-02
-2.511654747650027275e-03
-1.260475628077983856e-02
-2.462593838572502136e-02
-2.591843903064727783e-02
-2.069799043238162994e-02
-3.102600574493408203e-02
-8.322572335600852966e-03
-2.206264995038509369e-02
-1.683061383664608002e-02
4.400722682476043701e-02
6.305603682994842529e-02
4.654866084456443787e-02
3.410020098090171814e-02
2.029141038656234741e-02
1.523945480585098267e-02
-2.074331417679786682e-02
-2.069158852100372314e-02
-5.508732516318559647e-03
1.621876284480094910e-02
-2.309069782495498657e-02
-5.289601627737283707e-03
2.415503375232219696e-02
-8.846214972436428070e-03
-4.971341788768768311e-02
2.293345751240849495e-03
-3.537778276950120926e-03
1.865835860371589661e-03
9.167983196675777435e-03
-7.923936471343040466e-03
1.752283237874507904e-02
8.257029578089714050e-03
-3.426197543740272522e-02
-1.291462220251560211e-02
1.415576692670583725e-02
-3.671203926205635071e-02
-8.117628097534179688e-02
-8.523139357566833496e-02
-7.165207713842391968e-02
-6.002902612090110779e-02
-7.075221091508865356e-02
-6.417262554168701172e-02
-5.426365137100219727e-02
-5.937557294964790344e-02
-3.824104741215705872e-02
-5.193442571908235550e-03
3.907689824700355530e-02
-3.470006212592124939e-02
-1.138199269771575928e-01
-6.857149302959442139e-02
-8.411544561386108398e-02
-1.000666245818138123e-01
-4.464078694581985474e-02
-8.324553072452545166e-02
2.003878168761730194e-02
9.565106010995805264e-04
-4.887569695711135864e-02
6.799974478781223297e-03
-2.670397516340017319e-03
-8.944779634475708008e-02
-2.422261238098144531e-02
-1.630629412829875946e-02
-1.026353612542152405e-01
4.286284372210502625e-02
5.738052725791931152e-02
4.743899777531623840e-02
-1.855358667671680450e-02
-2.923802286386489868e-02
-2.572868391871452332e-02
-4.206972569227218628e-02
-5.036410689353942871e-02
-6.231046468019485474e-02
-1.895605586469173431e-02
1.733839884400367737e-02
-2.798408083617687225e-02
2.799253910779953003e-02
-1.332670077681541443e-02
-5.568893998861312866e-02
-1.661977544426918030e-02
-3.803105279803276062e-02
-5.116090178489685059e-02
-4.658244922757148743e-02
-1.384480111300945282e-02
-1.194754708558320999e-02
-2.630858682096004486e-02
3.153929486870765686e-02
2.093685604631900787e-02
-6.873262673616409302e-02
2.219121051894035190e-05
1.758259162306785583e-02
-4.540095850825309753e-02
1.150302961468696594e-02
-1.420607231557369232e-02
8.931484073400497437e-03
-9.086963720619678497e-03
-2.328388951718807220e-02
-1.751593896187841892e-03
1.860532350838184357e-02
-3.434253111481666565e-02
-1.834904961287975311e-02
5.101206526160240173e-02
8.043641224503517151e-03
1.793439686298370361e-02
7.281556725502014160e-02
-2.254746109247207642e-02
1.083104219287633896e-02
3.470521420240402222e-02
-4.584736749529838562e-02
2.282556612044572830e-03
-1.335720345377922058e-02
4.186532925814390182e-03
3.433680161833763123e-02
1.124036032706499100e-02
2.874147612601518631e-03
6.957898288965225220e-02
2.228504745289683342e-03
-2.130067674443125725e-03
5.996498838067054749e-02
2.346428669989109039e-02
-3.721180558204650879e-02
7.880058139562606812e-02
4.706955701112747192e-02
-1.641185022890567780e-02
4.664641991257667542e-02
1.012593805789947510e-01
2.126627415418624878e-02
9.216217324137687683e-03
7.932346314191818237e-03
-2.613651007413864136e-02
2.376809157431125641e-02
5.848719179630279541e-02
-2.619359456002712250e-02
-2.231996692717075348e-02
1.286456827074289322e-03
-4.039249941706657410e-02
3.331837803125381470e-02
-4.281884431838989258e-02
2.332376874983310699e-02
6.257645040750503540e-02
-2.795927412807941437e-02
-1.177336554974317551e-02
-1.532853115350008011e-02
1.537530589848756790e-02
2.094881981611251831e-02
3.361576050519943237e-02
1.705955341458320618e-02
1.326109282672405243e-02
5.237007886171340942e-02
4.320755973458290100e-02
-2.539720386266708374e-02
2.744480594992637634e-02
1.342121046036481857e-02
-2.608758583664894104e-02
-1.713640429079532623e-02
-2.020901441574096680e-02
-1.555866561830043793e-02
-1.997332088649272919e-02
-1.762573607265949249e-02
1.079050730913877487e-02
7.353834342211484909e-03
-9.773757308721542358e-03
1.317521836608648300e-02
-5.311393644660711288e-03
-1.866889558732509613e-02
-6.183326710015535355e-03
-7.101966440677642822e-02
-6.577265262603759766e-02
6.068728864192962646e-03
-6.641510128974914551e-02
-2.445769123733043671e-02
1.251021865755319595e-02
2.592910639941692352e-02
-9.052582830190658569e-02
-3.944595530629158020e-02
-4.808150604367256165e-02
-5.681621655821800232e-02
-9.260359220206737518e-03
-7.377643883228302002e-02
-2.489051222801208496e-02
1.981699466705322266e-02
-1.639177277684211731e-02
-9.727025404572486877e-03
2.418933063745498657e-02
-5.647852551192045212e-03
2.501305565237998962e-02
2.367231808602809906e-02
-1.221367041580379009e-03
-5.813512485474348068e-03
-2.105884999036788940e-02
-4.368403553962707520e-02
1.057878136634826660e-02
-1.205533184111118317e-02
-4.017854109406471252e-02
-2.293695695698261261e-02
-1.710352674126625061e-02
1.251358538866043091e-02
7.480901200324296951e-03
1.048422511667013168e-02
-7.656600326299667358e-02
6.291484832763671875e-02
2.403204701840877533e-02
-6.210616976022720337e-02
6.478311959654092789e-03
1.285046455450356007e-03
-1.017817389219999313e-02
-3.699329495429992676e-02
-5.600364878773689270e-02
-2.113258093595504761e-02
2.469431050121784210e-02
3.424138575792312622e-02
-1.212516985833644867e-02
-4.444327671080827713e-03
1.890151575207710266e-02
5.298324674367904663e-02
5.096335709095001221e-02
2.339599281549453735e-02
-9.867554157972335815e-02
-6.181935593485832214e-02
-8.118723519146442413e-03
-4.475669004023075104e-03
-1.209520362317562103e-02
2.305634319782257080e-02
4.932843893766403198e-02
7.965161348693072796e-04
6.449712067842483521e-02
-1.824326813220977783e-02
-4.808432422578334808e-03
2.515996620059013367e-02
2.036586031317710876e-02
-1.980237429961562157e-03
5.891700088977813721e-02
4.828565940260887146e-02
-5.066134501248598099e-03
7.311541587114334106e-02
-5.244591459631919861e-02
-2.498282864689826965e-02
3.346674889326095581e-02
1.256187167018651962e-02
-2.230268903076648712e-02
7.825132459402084351e-03
3.755050897598266602e-02
-2.865230850875377655e-02
1.025670301169157028e-02
-9.822512418031692505e-02
-4.149031639099121094e-02
-8.626856841146945953e-03
-6.862530857324600220e-02
-1.837868057191371918e-02
3.890869440510869026e-03
-5.490217823535203934e-03
3.881195932626724243e-02
5.964326485991477966e-02
1.910644210875034332e-02
1.719965599477291107e-02
-1.987799257040023804e-02
3.634519875049591064e-02
3.872782364487648010e-02
-1.032233983278274536e-02
7.949707657098770142e-02
1.176633406430482864e-02
-4.659649357199668884e-02
-5.254139751195907593e-02
-2.722186036407947540e-02
2.913692500442266464e-03
-8.021775633096694946e-02
-5.914004892110824585e-02
-2.955207601189613342e-02
-2.733141742646694183e-02
-1.268033124506473541e-02
5.276210606098175049e-03
-1.367123238742351532e-02
-3.598356992006301880e-02
-7.289272616617381573e-04
2.516956999897956848e-02
3.260255232453346252e-02
2.588914893567562103e-02
-1.247148029506206512e-02
-8.352924138307571411e-03
-2.984246797859668732e-02
1.614163746125996113e-03
-1.554030366241931915e-02
-4.569222033023834229e-02
4.892177879810333252e-02
2.942794188857078552e-02
-2.509178034961223602e-02
-2.660786546766757965e-02
3.159670531749725342e-02
-2.125449292361736298e-02
2.241543680429458618e-02
1.262178830802440643e-02
5.426910519599914551e-02
3.169781342148780823e-02
1.089639402925968170e-02
6.516533344984054565e-02
1.753495074808597565e-02
5.521732941269874573e-02
2.700234204530715942e-02
-1.473190821707248688e-02
-5.325365439057350159e-02
-6.540022790431976318e-02
-5.399568006396293640e-03
-2.544609643518924713e-02
-3.570412099361419678e-02
-3.254665294662117958e-03
-2.683569677174091339e-03
-3.427262976765632629e-02
2.143131569027900696e-02
1.662635593675076962e-03
1.789844781160354614e-02
-2.234646305441856384e-02
-5.983759835362434387e-02
-4.035711660981178284e-02
1.326593104749917984e-02
-3.547374904155731201e-02
-5.082340165972709656e-02
-3.038681857287883759e-02
-1.718679070472717285e-02
7.492592558264732361e-03
2.916197665035724640e-02
-2.579963952302932739e-02
4.088128916919231415e-03
2.446481026709079742e-03
-2.317011728882789612e-02
-3.512112796306610107e-02
-7.791955024003982544e-02
-5.531627219170331955e-03
1.743672229349613190e-02
-5.748312547802925110e-02
1.653231307864189148e-02
7.605119794607162476e-02
-4.177723079919815063e-02
-7.589702145196497440e-04
8.100296556949615479e-02
6.432518362998962402e-02
-1.792525872588157654e-02
-5.045857746154069901e-03
4.623017460107803345e-02
4.077418521046638489e-02
3.821991011500358582e-02
3.294913563877344131e-03
1.177632622420787811e-02
4.156329110264778137e-02
1.818537153303623199e-02
-1.824651658535003662e-02
2.504449896514415741e-02
2.960312739014625549e-02
-3.696833271533250809e-03
-2.589311078190803528e-02
-3.537981305271387100e-03
-1.230224687606096268e-02
-4.546964913606643677e-02
-3.273858688771724701e-03
2.605561539530754089e-02
8.538223482901230454e-05
-1.783192902803421021e-02
-6.483724340796470642e-03
8.756780298426747322e-04
-3.951253369450569153e-03
-1.339342445135116577e-02
5.075258389115333557e-02
3.702375665307044983e-02
-4.317354783415794373e-02
-9.803020954132080078e-02
2.035673707723617554e-02
-4.055404290556907654e-02
-7.604024559259414673e-02
-3.399227559566497803e-02
-4.283082112669944763e-02
-2.784509956836700439e-02
-5.892634764313697815e-02
6.679215002804994583e-03
4.350225627422332764e-02
-1.789260096848011017e-02
-1.008180342614650726e-02
3.752889111638069153e-02
1.898232963867485523e-03
-2.953949384391307831e-02
-2.335514687001705170e-02
8.387960493564605713e-02
-2.883055806159973145e-02
-6.175544112920761108e-02
2.678496576845645905e-02
4.528946802020072937e-02
-6.215052306652069092e-02
3.524465858936309814e-02
6.589461117982864380e-02
6.610877066850662231e-02
1.220943377120420337e-04
9.113304316997528076e-03
1.269047521054744720e-02
4.869419615715742111e-03
4.275398701429367065e-02
2.593277581036090851e-02
-3.112419880926609039e-02
2.767060324549674988e-02
1.861626468598842621e-02
-1.333526428788900375e-02
2.226590551435947418e-02
4.298190772533416748e-02
-7.372882217168807983e-02
-3.046306222677230835e-02
-6.995053030550479889e-03
-1.266972869634628296e-01
-8.611194044351577759e-02
-3.845475614070892334e-02
-4.986924678087234497e-02
-1.349871419370174408e-02
1.718277670443058014e-02
1.106966566294431686e-02
2.995962975546717644e-03
4.423638433218002319e-02
6.325792521238327026e-02
8.974486263468861580e-04
-3.365806303918361664e-03
-1.201801374554634094e-02
-7.535702083259820938e-03
-6.025345623493194580e-02
8.701249212026596069e-02
1.241149529814720154e-01
-2.084245346486568451e-02
1.093372255563735962e-01
9.171928465366363525e-02
9.448759257793426514e-02
7.516514044255018234e-03
5.262845382094383240e-02
-9.784779511392116547e-03
-2.666828804649412632e-04
7.249766960740089417e-03
3.695331141352653503e-02
6.358346901834011078e-03
-2.581148035824298859e-02
7.290620822459459305e-03
-2.589244954288005829e-02
3.487307112663984299e-03
2.611019462347030640e-02
-2.225524187088012695e-02
-3.776451945304870605e-02
-1.071523595601320267e-02
-2.287666685879230499e-02
-4.095243662595748901e-02
-4.666544124484062195e-02
2.263341285288333893e-02
-4.787580296397209167e-02
-6.561993807554244995e-02
-1.189665403217077255e-03
-3.636825457215309143e-02
-6.904066354036331177e-02
-1.987508684396743774e-02
-5.719534121453762054e-03
-7.043689489364624023e-02
-2.760061621665954590e-02
4.760316573083400726e-03
2.768783457577228546e-02
7.592942100018262863e-03
1.054491195827722549e-02
5.168434232473373413e-02
-9.740237146615982056e-03
-7.445228844881057739e-02
-4.058533906936645508e-02
6.920520216226577759e-03
1.529063005000352859e-02
-1.281586010009050369e-02
4.658805578947067261e-02
5.339776352047920227e-02
-2.686793217435479164e-03
3.917543590068817139e-02
5.216535553336143494e-02
2.657555416226387024e-02
-4.522013477981090546e-03
-8.875235915184020996e-02
-6.300977617502212524e-02
-3.607622161507606506e-02
-8.165960758924484253e-02
-3.253188729286193848e-02
-4.031141474843025208e-02
-6.318587809801101685e-02
-5.024065449833869934e-02
-4.422895144671201706e-03
-4.989911243319511414e-02
-1.069727074354887009e-02
-1.861608400940895081e-02
-2.537857182323932648e-02
-4.782192036509513855e-02
-3.120125457644462585e-02
-2.070193411782383919e-03
-3.118458949029445648e-02
5.710015818476676941e-02
-3.253030031919479370e-02
-3.813392668962478638e-02
4.706981778144836426e-02
-3.215099219232797623e-03
-9.182167053222656250e-02
3.747479245066642761e-02
7.952644675970077515e-02
-2.276222221553325653e-02
4.606889933347702026e-02
1.119631156325340271e-02
-5.058539658784866333e-02
8.576852083206176758e-02
-2.899439306929707527e-03
-4.830173775553703308e-02
7.697509974241256714e-02
-1.095579937100410461e-02
-1.370735280215740204e-02
3.008246235549449921e-02
1.785532943904399872e-02
2.500312216579914093e-02
1.678719930350780487e-02
1.572255790233612061e-02
1.279304083436727524e-02
5.660014599561691284e-02
4.436379298567771912e-02
2.273146621882915497e-02
-3.061389736831188202e-02
1.525070052593946457e-02
6.641642004251480103e-02
-4.721936583518981934e-02
1.902649924159049988e-02
6.496632844209671021e-02
-8.171717077493667603e-02
-2.949213236570358276e-02
5.091799795627593994e-02
-5.071384832262992859e-02
-1.318967994302511215e-02
5.997737869620323181e-02
-1.754281483590602875e-02
-1.078655623132362962e-04
3.231090679764747620e-02
2.143567986786365509e-02
2.809261716902256012e-02
5.535076558589935303e-02
-8.015166223049163818e-02
-1.979801105335354805e-03
6.567008048295974731e-02
-9.640634059906005859e-02
-1.623851247131824493e-03
8.837976306676864624e-02
-5.265345424413681030e-02
1.397890970110893250e-02
8.906820416450500488e-02
-1.404999662190675735e-02
-2.930322475731372833e-02
-5.670784413814544678e-02
-1.118226069957017899e-02
7.513825781643390656e-03
-3.897785022854804993e-02
-4.228985309600830078e-02
-2.985073253512382507e-03
-3.396291518583893776e-03
2.103165723383426666e-02
-3.529195114970207214e-02
-5.875029135495424271e-03
2.910444280132651329e-03
4.754715599119663239e-03
4.640834406018257141e-02
-4.572577029466629028e-02
-5.938139278441667557e-03
6.440484523773193359e-02
-6.662382278591394424e-03
-1.615111529827117920e-02
-1.328894682228565216e-02
9.882203303277492523e-03
1.150823943316936493e-02
-2.506441436707973480e-02
1.741332560777664185e-02
4.463721066713333130e-02
-2.218791982159018517e-03
2.308639697730541229e-02
-4.370171576738357544e-03
2.760042436420917511e-02
-2.364107407629489899e-02
-1.691547408699989319e-02
9.172058105468750000e-02
-6.357560306787490845e-02
-2.095255628228187561e-02
1.956074871122837067e-02
3.934436012059450150e-03
1.657541282474994659e-02
-3.508071228861808777e-02
-5.915588233619928360e-03
-2.187663316726684570e-02
-5.797619372606277466e-02
-2.506932802498340607e-02
-2.800807915627956390e-02
-4.441110044717788696e-02
2.390753105282783508e-02
1.344579458236694336e-02
5.014326050877571106e-02
-3.968412056565284729e-02
-5.981224402785301208e-02
-3.022396564483642578e-02
-1.749806478619575500e-02
-6.258157640695571899e-02
-8.683665096759796143e-02
-6.205922365188598633e-02
-2.008569985628128052e-02
-2.587926946580410004e-02
-4.831392690539360046e-02
1.234100945293903351e-02
8.199075236916542053e-03
-2.958476170897483826e-02
3.304742649197578430e-02
6.716491281986236572e-02
-2.140127494931221008e-02
-1.043886132538318634e-02
-5.234591290354728699e-02
-2.646115049719810486e-02
-4.035037010908126831e-03
1.410753466188907623e-02
-1.376116741448640823e-02
7.038968615233898163e-03
3.314505517482757568e-02
-2.247577160596847534e-02
-4.703662917017936707e-02
-4.848543182015419006e-02
-1.581423357129096985e-02
-4.089282453060150146e-02
-4.116653650999069214e-02
-3.535421565175056458e-02
-1.672841049730777740e-02
-1.203872449696063995e-02
-3.047430701553821564e-02
1.163195446133613586e-02
-1.175944507122039795e-02
1.357042696326971054e-02
3.746639564633369446e-02
1.953521557152271271e-02
-2.555269002914428711e-02
-3.325820714235305786e-02
-3.244643658399581909e-02
1.651273481547832489e-02
7.604272104799747467e-03
-6.769580766558647156e-03
-2.980865538120269775e-02
-2.058536373078823090e-02
-1.603322289884090424e-02
-4.221108928322792053e-02
-9.372567757964134216e-03
-9.519536048173904419e-03
-4.817302152514457703e-02
-3.818399086594581604e-02
3.314227983355522156e-02
-3.574942052364349365e-02
-4.098150879144668579e-02
2.724636718630790710e-02
2.184354700148105621e-02
-1.173407677561044693e-02
2.377435192465782166e-02
-1.568748615682125092e-03
-8.489649044349789619e-04
1.069787144660949707e-02
2.767949737608432770e-02
3.996221348643302917e-02
7.963360100984573364e-02
-8.412902243435382843e-03
-5.800908431410789490e-03
3.677152469754219055e-02
-4.218582436442375183e-02
-4.670073464512825012e-02
-1.081410236656665802e-02
-2.139041200280189514e-02
-1.869066967628896236e-03
2.668709680438041687e-02
-2.889590524137020111e-02
-3.255050256848335266e-02
-1.604405604302883148e-02
-2.812914550304412842e-02
-1.172464061528444290e-02
-7.248879224061965942e-02
-2.018838748335838318e-02
-5.702730640769004822e-02
-4.402625933289527893e-02
1.962851732969284058e-02
1.021125935949385166e-03
-2.563578821718692780e-02
1.400543493218719959e-03
-4.649988375604152679e-03
-1.211521960794925690e-02
-2.225337922573089600e-02
-2.146733226254582405e-03
-7.232881151139736176e-03
-1.817510277032852173e-02
-3.007268346846103668e-02
-5.282655358314514160e-02
-3.360617160797119141e-02
-2.021046355366706848e-02
-1.293395832180976868e-02
-1.765179447829723358e-02
1.078690635040402412e-03
1.751077012158930302e-03
-4.785106051713228226e-03
-1.585521548986434937e-02
-1.368004083633422852e-02
-1.595280691981315613e-02
-1.644990220665931702e-02
4.554814659059047699e-03
-5.569074302911758423e-02
-4.043839126825332642e-02
1.616520248353481293e-02
-3.354737535119056702e-02
-4.323878791183233261e-03
2.460485091432929039e-03
5.861441791057586670e-02
2.537147887051105499e-02
-7.974162697792053223e-03
4.973769932985305786e-02
-1.772150211036205292e-02
-9.920470416545867920e-03
6.205612793564796448e-02
-2.191742137074470520e-02
-5.005988478660583496e-02
5.427347030490636826e-03
-1.088482234627008438e-02
-1.575775817036628723e-02
3.693971782922744751e-03
-4.785876721143722534e-02
-6.440714001655578613e-02
1.701482944190502167e-02
-1.171161886304616928e-02
-3.478070721030235291e-02
3.344009816646575928e-02
8.076709508895874023e-02
4.982771724462509155e-02
1.037578191608190536e-02
4.076894372701644897e-02
-1.317678397754207253e-04
1.992096938192844391e-02
2.146908454596996307e-02
-6.596969440579414368e-03
5.837575066834688187e-03
2.218700200319290161e-02
1.305495016276836395e-02
4.284345544874668121e-03
4.393137246370315552e-02
1.179510913789272308e-02
-2.310882136225700378e-02
5.051476508378982544e-02
3.224678337574005127e-02
-4.440094158053398132e-02
-2.321908436715602875e-02
1.623780652880668640e-02
-4.610936343669891357e-02
-2.617599209770560265e-03
5.704436078667640686e-02
6.352093070745468140e-03
4.848311468958854675e-02
5.618567392230033875e-02
4.678180441260337830e-02
1.613603346049785614e-02
1.468418817967176437e-02
8.698683232069015503e-03
6.967573892325162888e-03
3.034873493015766144e-02
2.239704690873622894e-02
-1.252696104347705841e-02
-1.585556380450725555e-02
2.047639898955821991e-02
-1.823212951421737671e-02
1.195603422820568085e-02
-1.631254330277442932e-03
8.990162052214145660e-03
8.475321531295776367e-02
-2.358138933777809143e-02
1.097741816192865372e-02
5.830265581607818604e-02
1.471199374645948410e-02
3.589712455868721008e-02
3.229795396327972412e-02
4.035175964236259460e-02
6.581469625234603882e-02
7.986710965633392334e-02
2.334069274365901947e-02
1.137411072850227356e-01
6.321729719638824463e-02
-3.901475295424461365e-02
-3.183555603027343750e-02
1.850502099841833115e-03
2.007307484745979309e-02
-9.083306416869163513e-03
-1.972825080156326294e-02
7.552923262119293213e-02
3.991605713963508606e-02
1.024561934173107147e-02
-4.458962008357048035e-02
-7.166692521423101425e-03
3.221288323402404785e-02
-2.206863276660442352e-02
7.167350500822067261e-02
7.641009986400604248e-02
5.522456020116806030e-02
1.076753139495849609e-01
9.036221355199813843e-02
-2.271255105733871460e-02
-2.255916222929954529e-02
2.107010222971439362e-02
-7.693129125982522964e-03
-8.477394469082355499e-03
9.413331747055053711e-03
-1.724476739764213562e-02
-3.667745972052216530e-03
2.195769734680652618e-02
1.278487686067819595e-02
-2.127406932413578033e-02
-3.921384736895561218e-02
-1.466869655996561050e-02
-8.538284897804260254e-02
-7.908485829830169678e-02
-1.378577854484319687e-02
-9.550537914037704468e-02
-4.288104549050331116e-02
-2.131677232682704926e-02
-6.129761040210723877e-02
-4.321420192718505859e-02
-4.168657958507537842e-02
-4.167792201042175293e-02
-6.002238485962152481e-03
-1.993252709507942200e-02
-3.547298535704612732e-02
-1.347614545375108719e-02
1.435693446546792984e-02
-1.669371267780661583e-03
1.970217004418373108e-02
-2.685880474746227264e-02
-5.006942525506019592e-02
-2.314567007124423981e-02
-2.656783722341060638e-02
-3.985608741641044617e-02
-3.291522711515426636e-02
-2.088595740497112274e-02
-1.779142022132873535e-02
-2.890804782509803772e-02
-6.893387436866760254e-02
-3.103924542665481567e-02
-2.929688803851604462e-02
-2.941093407571315765e-02
3.931074589490890503e-02
7.522209547460079193e-03
2.511293860152363777e-03
-4.301455337554216385e-03
-3.637745976448059082e-02
-2.729836618527770042e-03
-1.169260311871767044e-02
-2.161804214119911194e-02
5.125974491238594055e-02
1.748014055192470551e-02
2.744071558117866516e-02
4.591291397809982300e-02
-6.883395370095968246e-03
-1.467463932931423187e-02
3.114065527915954590e-02
-1.502198632806539536e-02
5.616848357021808624e-04
-5.454222112894058228e-02
-1.582461781799793243e-02
2.828543819487094879e-02
2.299303933978080750e-02
1.763475127518177032e-02
5.157970357686281204e-03
7.487935014069080353e-03
3.088510781526565552e-02
9.632818400859832764e-03
1.911683008074760437e-02
5.816651880741119385e-02
1.070571411401033401e-02
-5.266406014561653137e-02
-3.723904490470886230e-02
-1.585328578948974609e-02
-2.124570310115814209e-02
-3.703306615352630615e-02
3.376037580892443657e-03
-1.398304849863052368e-02
-4.061537235975265503e-02
8.725091814994812012e-03
-6.556989997625350952e-02
-1.345998886972665787e-02
-2.479017525911331177e-02
-1.480356138199567795e-02
3.737762570381164551e-02
2.967830188572406769e-02
-3.560897335410118103e-02
1.943806931376457214e-02
9.520816616714000702e-03
1.536789583042263985e-03
2.132310345768928528e-02
2.414046553894877434e-03
-1.486980076879262924e-02
-1.384884305298328400e-02
-1.756599731743335724e-02
-2.578781219199299812e-03
-2.265568450093269348e-02
-1.015178114175796509e-02
1.072729658335447311e-02
-4.657348990440368652e-02
-3.730154782533645630e-02
-3.471351927146315575e-03
-6.912659108638763428e-02
-1.489672157913446426e-02
-3.248598659411072731e-03
-4.303855821490287781e-02
2.139461226761341095e-02
1.724595017731189728e-02
-1.823700219392776489e-02
-2.948400750756263733e-02
6.813070923089981079e-02
2.059104293584823608e-02
2.378464909270405769e-03
3.359893336892127991e-02
-2.694833278656005859e-02
-1.816393435001373291e-02
-2.979164570569992065e-02
-2.658359147608280182e-02
4.613826517015695572e-03
-1.907896250486373901e-02
2.491661906242370605e-02
-1.582012698054313660e-02
2.280383184552192688e-02
1.377165224403142929e-02
3.203260526061058044e-02
7.186476141214370728e-02
6.843473529443144798e-04
8.344808011315762997e-04
2.354314550757408142e-02
-2.837181091308593750e-02
-1.440672483295202255e-02
-1.700924336910247803e-02
-2.541226893663406372e-02
1.031720265746116638e-02
-4.923008009791374207e-02
-1.512458920478820801e-02
-1.410540100187063217e-02
-3.855743631720542908e-02
-7.227883487939834595e-02
-4.372966662049293518e-02
-2.084562927484512329e-02
-5.230762436985969543e-02
-1.047967188060283661e-02
2.916245348751544952e-02
-9.882650338113307953e-03
-5.686996132135391235e-02
1.783068478107452393e-02
-6.282415241003036499e-02
-5.072577670216560364e-02
4.823682457208633423e-02
-1.586379110813140869e-02
-1.821322552859783173e-02
-1.198409218341112137e-02
-4.098015278577804565e-02
-4.824481159448623657e-02
-4.632713273167610168e-03
-2.703846804797649384e-02
-4.575976729393005371e-02
-2.715119905769824982e-02
-4.272270575165748596e-02
-6.537109613418579102e-02
2.364582382142543793e-03
5.244746059179306030e-02
-2.736522257328033447e-02
3.009105101227760315e-02
3.599394112825393677e-02
1.083212159574031830e-02
3.581108152866363525e-02
1.821778155863285065e-02
1.428451295942068100e-02
-3.162821009755134583e-02
1.827777922153472900e-02
3.513423725962638855e-03
1.039143186062574387e-02
3.941325470805168152e-02
2.404345013201236725e-02
3.571035340428352356e-03
1.746005937457084656e-02
5.725951120257377625e-02
2.692470327019691467e-02
-6.330802571028470993e-03
2.939152345061302185e-02
1.298888493329286575e-02
8.308519609272480011e-03
3.684385214000940323e-03
2.308754809200763702e-02
2.737260237336158752e-02
1.856760121881961823e-03
7.541393861174583435e-03
3.662192821502685547e-02
1.387395430356264114e-02
-1.140450499951839447e-02
-3.010352607816457748e-03
-1.694875396788120270e-02
7.165871560573577881e-03
2.170938253402709961e-02
9.385709650814533234e-03
6.107033696025609970e-03
4.004415497183799744e-02
2.003212273120880127e-02
2.252819389104843140e-02
3.737148642539978027e-02
1.962366327643394470e-02
-7.608029991388320923e-03
-3.700035437941551208e-02
-2.964284271001815796e-02
1.949288696050643921e-02
-6.687687709927558899e-04
-7.279925048351287842e-03
7.336676120758056641e-03
-5.990464240312576294e-02
-5.616671964526176453e-02
-1.141485874541103840e-03
-2.061430923640727997e-02
-2.990274317562580109e-02
-2.485572174191474915e-02
5.645826458930969238e-02
7.059808075428009033e-02
-1.565902121365070343e-02
4.721346125006675720e-02
1.190601009875535965e-02
1.926233805716037750e-02
3.500034660100936890e-02
1.670303940773010254e-02
-2.149649336934089661e-02
-5.812793225049972534e-02
1.658120565116405487e-02
-7.760936568956822157e-05
4.920767620205879211e-03
4.485669080168008804e-03
1.707837358117103577e-02
3.483616188168525696e-02
2.014788240194320679e-02
1.021760795265436172e-02
2.266285754740238190e-02
-1.825280487537384033e-02
-8.008044213056564331e-03
2.189991436898708344e-02
1.808440499007701874e-02
3.336160909384489059e-03
3.789499029517173767e-02
4.519187659025192261e-02
3.286054357886314392e-02
5.637674033641815186e-02
1.399171445518732071e-02
2.260242030024528503e-02
5.811515823006629944e-02
2.176013588905334473e-02
1.909230090677738190e-02
3.818927332758903503e-02
3.022278286516666412e-02
-5.831239745020866394e-03
6.721216440200805664e-02
8.360286802053451538e-02
3.732205182313919067e-02
7.753969728946685791e-02
3.115332871675491333e-02
2.856311388313770294e-03
4.548558034002780914e-03
-5.495482310652732849e-02
-5.439425259828567505e-02
5.398408509790897369e-03
-9.727478958666324615e-03
-3.495879471302032471e-02
-3.360357508063316345e-02
1.102790143340826035e-02
-6.913983076810836792e-02
-2.753057517111301422e-02
1.212180871516466141e-02
-9.755414910614490509e-03
-3.543621394783258438e-03
1.214881520718336105e-02
-1.636088825762271881e-02
-1.462022401392459869e-02
5.604286864399909973e-02
1.600736565887928009e-02
2.504458278417587280e-02
2.148409560322761536e-02
1.866569742560386658e-02
2.200586535036563873e-02
-5.809204280376434326e-02
-4.581798799335956573e-03
3.006505593657493591e-02
-6.452008150517940521e-03
-3.954592347145080566e-02
-1.161607727408409119e-02
8.590582758188247681e-03
8.148082531988620758e-03
1.282104570418596268e-02
-1.482584979385137558e-03
-1.664728671312332153e-02
6.965205073356628418e-03
2.498708199709653854e-03
2.050475776195526123e-02
3.616139665246009827e-02
2.645971253514289856e-02
5.784096941351890564e-02
2.734731137752532959e-02
1.790003478527069092e-02
3.103114850819110870e-02
-1.956617459654808044e-02
-4.457960650324821472e-02
3.292046487331390381e-02
-2.750660292804241180e-02
-4.984993115067481995e-02
9.707710705697536469e-03
8.359053172171115875e-03
-1.000378001481294632e-02
1.056391280144453049e-02
2.523044869303703308e-02
4.034435376524925232e-02
-1.236746367067098618e-02
1.065095700323581696e-02
4.901013337075710297e-03
2.653110027313232422e-02
2.261571399867534637e-02
5.268505308777093887e-03
1.077398378401994705e-02
-8.873885497450828552e-03
-2.168687991797924042e-02
-3.449169173836708069e-02
-5.679218098521232605e-02
-6.104158237576484680e-02
-1.747350767254829407e-02
1.555706001818180084e-02
3.951795771718025208e-02
-1.436014287173748016e-02
1.026277430355548859e-03
4.038268234580755234e-03
3.105385601520538330e-02
3.525530174374580383e-02
1.838043145835399628e-02
-1.864334009587764740e-02
-8.542223833501338959e-03
2.556846709921956062e-03
3.856097906827926636e-02
9.163849055767059326e-03
4.107182100415229797e-02
5.528265982866287231e-02
3.868947923183441162e-02
3.370705246925354004e-02
-1.790573820471763611e-02
3.132096305489540100e-02
3.811037912964820862e-02
1.687568239867687225e-02
-3.339317068457603455e-02
-8.891401812434196472e-03
-7.435206323862075806e-03
-3.182867169380187988e-02
-3.694568574428558350e-02
8.367364294826984406e-03
-3.783714771270751953e-02
2.691937051713466644e-02
-2.595131285488605499e-02
-1.595649309456348419e-02
-5.857835058122873306e-03
-2.663878537714481354e-02
3.237915039062500000e-02
-5.482960492372512817e-03
-1.446280535310506821e-02
1.369291916489601135e-02
6.291271001100540161e-02
-3.188790008425712585e-02
1.010912097990512848e-02
3.898542374372482300e-02
4.582366719841957092e-02
4.086469113826751709e-02
-2.105047926306724548e-02
-5.582705885171890259e-02
-1.316570397466421127e-02
-8.510431274771690369e-03
-5.382284149527549744e-02
-2.402693219482898712e-02
-4.838131740689277649e-02
-2.386513166129589081e-02
-5.459427088499069214e-02
-9.405127167701721191e-02
-2.045741863548755646e-02
9.469233453273773193e-03
1.164139714092016220e-02
-7.113852351903915405e-02
-5.227550119161605835e-02
-1.417827978730201721e-02
-3.999847173690795898e-02
-4.147939383983612061e-02
-1.619488745927810669e-02
-5.301949102431535721e-03
-2.434312365949153900e-02
-5.386004922911524773e-04
1.669282466173171997e-02
-3.150522708892822266e-02
2.401983132585883141e-03
1.442776410840451717e-03
2.362045086920261383e-02
1.963499560952186584e-02
2.608818002045154572e-02
-2.261004876345396042e-03
-6.107187829911708832e-03
4.374697059392929077e-02
-3.519113361835479736e-02
-8.126386255025863647e-02
1.698465086519718170e-02
-4.645960777997970581e-02
-8.213008940219879150e-02
-2.574050240218639374e-02
-1.450606714934110641e-02
-4.793548956513404846e-02
-3.322699666023254395e-02
-4.663398489356040955e-02
-3.410114720463752747e-02
-7.103265821933746338e-02
-6.246753036975860596e-02
-3.059050440788269043e-02
4.015965014696121216e-02
4.423737153410911560e-02
2.545442990958690643e-02
1.736967451870441437e-02
4.178228974342346191e-02
3.329010680317878723e-02
-1.605208963155746460e-02
-2.675270847976207733e-02
-3.583779616747051477e-04
9.216134203597903252e-04
-2.613311074674129486e-02
-5.437241494655609131e-02
-2.403470873832702637e-02
-4.252396523952484131e-02
-4.559259116649627686e-02
-7.024661172181367874e-03
-4.373456165194511414e-02
-6.344010680913925171e-02
-1.040215976536273956e-02
-7.152940332889556885e-02
-4.880674555897712708e-02
-2.660913206636905670e-02
-6.687217205762863159e-02
-7.767669111490249634e-02
3.606561571359634399e-02
-2.252976223826408386e-02
-4.837444424629211426e-02
-3.994350135326385498e-02
-1.830341643653810024e-03
-1.911097764968872070e-02
-1.571303117088973522e-03
2.051657438278198242e-02
-4.112781025469303131e-03
-2.564568445086479187e-02
-7.873699069023132324e-03
-1.280865352600812912e-02
-9.919277392327785492e-03
-6.246379017829895020e-02
-4.274375736713409424e-02
-7.796708028763532639e-03
-8.361410349607467651e-02
-6.765869259834289551e-02
-2.872951515018939972e-02
-6.043645367026329041e-02
-2.514995448291301727e-02
3.542266786098480225e-02
-1.627977378666400909e-02
-3.847769275307655334e-02
2.615456236526370049e-03
-1.739415153861045837e-02
-4.988666996359825134e-02
2.320749126374721527e-02
-1.169696450233459473e-02
-3.394539933651685715e-03
2.490150043740868568e-03
-3.064257092773914337e-02
-7.556942850351333618e-02
2.702618762850761414e-02
-1.139339618384838104e-02
-2.075501345098018646e-02
-2.364338608458638191e-03
-2.601593360304832458e-02
1.800800487399101257e-02
1.524418685585260391e-02
-8.144671097397804260e-03
1.713594794273376465e-02
-1.046632230281829834e-02
-1.916649006307125092e-02
-6.075221579521894455e-03
7.937047630548477173e-03
-6.369501352310180664e-03
3.473255783319473267e-02
-4.126614425331354141e-03
-3.785238415002822876e-02
-1.288812886923551559e-02
1.476493198424577713e-02
-4.708718881011009216e-02
-7.295985519886016846e-02
7.031256798654794693e-03
-1.513755973428487778e-02
-3.853997960686683655e-02
-4.825552459806203842e-03
-1.064032316207885742e-02
1.611680723726749420e-02
-2.784183993935585022e-02
-2.251291461288928986e-02
8.394127362407743931e-04
-2.738877758383750916e-02
-5.829221569001674652e-03
4.670765250921249390e-02
3.545864298939704895e-02
2.616292238235473633e-02
4.681417346000671387e-02
5.291958898305892944e-02
4.601871222257614136e-02
1.389435958117246628e-02
-4.255750216543674469e-03
-3.047519363462924957e-02
-6.469295173883438110e-02
7.443804061040282249e-04
-2.169691212475299835e-02
4.563979164231568575e-04
2.833789773285388947e-02
-2.012991346418857574e-03
-4.214555490761995316e-03
5.702433735132217407e-02
3.827995434403419495e-02
8.842670940794050694e-04
3.678913041949272156e-02
1.889437250792980194e-02
2.287475205957889557e-02
-2.386957406997680664e-03
2.702121250331401825e-02
-2.600305480882525444e-03
-6.409540772438049316e-02
-2.416692487895488739e-02
-2.735552377998828888e-02
-1.159387454390525818e-02
-3.163390979170799255e-02
8.491317741572856903e-03
2.582656219601631165e-02
2.673397026956081390e-02
-1.814874634146690369e-02
-9.978778660297393799e-03
-1.285362616181373596e-02
-1.752653531730175018e-02
-1.333738677203655243e-02
-3.800783678889274597e-02
-1.663117000134661794e-04
-4.603174515068531036e-03
1.291489787399768829e-02
3.986920416355133057e-02
-2.291265316307544708e-02
-3.014658018946647644e-02
7.040828932076692581e-03
-1.143804285675287247e-02
3.179635154083371162e-03
-2.482681162655353546e-02
-1.148769259452819824e-02
2.380194514989852905e-02
-1.296657603234052658e-02
-5.479596555233001709e-02
-4.487505555152893066e-02
-6.754237692803144455e-03
4.871918261051177979e-02
4.657694324851036072e-02
4.942058399319648743e-02
8.015798404812812805e-03
3.067786805331707001e-02
6.696189939975738525e-02
-8.114829659461975098e-03
1.179758179932832718e-02
1.718042232096195221e-02
8.741083554923534393e-03
-2.247391827404499054e-02
2.142551727592945099e-02
7.767159491777420044e-03
9.121831506490707397e-03
3.119157627224922180e-03
3.556612506508827209e-02
5.312696471810340881e-02
4.862389713525772095e-02
4.309569019824266434e-03
1.695425271464046091e-05
-8.947416208684444427e-03
-1.299930037930607796e-03
-7.317396346479654312e-03
4.685868509113788605e-03
1.875202357769012451e-02
1.322763273492455482e-03
5.089527741074562073e-02
-1.565903238952159882e-02
2.583804167807102203e-02
2.109683677554130554e-02
-1.700777746737003326e-02
3.810983896255493164e-02
3.333787247538566589e-02
-3.576110675930976868e-02
3.104187548160552979e-03
1.136322971433401108e-02
-4.642217233777046204e-02
-5.564545467495918274e-02
-1.496003568172454834e-02
-5.969108641147613525e-02
-6.371866911649703979e-02
-2.163042314350605011e-02
-6.440712511539459229e-02
-6.462158262729644775e-02
-2.118985913693904877e-02
-1.619844138622283936e-02
-2.156938984990119934e-02
1.918473397381603718e-03
-3.561216965317726135e-02
-5.048391968011856079e-02
-7.304357364773750305e-03
-2.521733380854129791e-02
-4.202399030327796936e-02
-7.130577694624662399e-03
5.125065799802541733e-03
-1.346146315336227417e-02
-3.459036117419600487e-03
-5.051272734999656677e-02
1.116194203495979309e-02
1.457414682954549789e-02
-4.788710176944732666e-02
2.833913452923297882e-02
4.335232824087142944e-02
-1.576077006757259369e-02
-1.851001754403114319e-02
-3.777386387810111046e-03
-2.588471397757530212e-02
-2.514737471938133240e-02
-9.720133617520332336e-03
1.100096735171973705e-03
-1.389941200613975525e-02
-3.343911841511726379e-03
-3.539339825510978699e-02
1.089432183653116226e-02
3.984788060188293457e-02
-5.195285379886627197e-02
-6.820485740900039673e-02
2.743073366582393646e-02
-3.064735420048236847e-02
-6.817724555730819702e-02
-3.475697338581085205e-02
-6.297759246081113815e-03
-2.230607159435749054e-02
-1.420672517269849777e-02
-2.824824303388595581e-02
-3.420615941286087036e-02
-3.005759418010711670e-02
-2.942413650453090668e-02
3.686855547130107880e-03
2.306631067767739296e-03
-2.279962645843625069e-03
-7.017156481742858887e-02
-7.357113808393478394e-02
-3.354840353131294250e-02
-7.034680247306823730e-02
-3.692726045846939087e-02
-2.945956215262413025e-02
-3.794432431459426880e-02
-3.266797959804534912e-02
-5.525920912623405457e-02
-8.986596018075942993e-03
-1.409158669412136078e-02
-1.223934628069400787e-02
5.860980972647666931e-02
5.586337670683860779e-02
-8.678597398102283478e-03
4.758147522807121277e-02
4.324696585536003113e-02
1.348912436515092850e-02
-1.110735163092613220e-02
8.303565904498100281e-03
-3.244398906826972961e-02
-4.157344624400138855e-02
-3.597934544086456299e-02
-3.707843646407127380e-02
-3.201811388134956360e-02
-1.339405588805675507e-02
-3.399948030710220337e-02
-2.788230963051319122e-02
-1.454492937773466110e-02
-2.192452177405357361e-02
-4.211144894361495972e-02
-4.488895088434219360e-02
-7.878412306308746338e-02
-6.542832404375076294e-02
-2.842126786708831787e-02
1.405683718621730804e-02
-2.406044164672493935e-03
2.158539928495883942e-02
-8.148971013724803925e-03
-3.168744593858718872e-02
-7.708861026912927628e-03
-2.629345841705799103e-02
-2.953330427408218384e-02
1.529030408710241318e-02
1.042851153761148453e-02
1.375561300665140152e-02
1.172412093728780746e-02
-3.939307481050491333e-02
-2.252166531980037689e-02
8.452346548438072205e-03
-2.840401045978069305e-02
-1.304339896887540817e-02
8.409719914197921753e-03
3.811106085777282715e-02
3.314834833145141602e-02
-3.374339640140533447e-02
1.320429611951112747e-02
1.404998078942298889e-02
-2.906958945095539093e-02
-3.725558146834373474e-02
-3.424090147018432617e-02
-4.082596302032470703e-02
-2.705989405512809753e-02
-4.028579220175743103e-03
-1.698020729236304760e-03
-3.246923163533210754e-02
9.533585049211978912e-03
1.982699707150459290e-02
-3.385395929217338562e-02
3.977931290864944458e-02
4.230033233761787415e-02
-1.002525389194488525e-01
-7.669157348573207855e-03
-6.457978393882513046e-03
-5.325182573869824409e-04
-2.958119474351406097e-02
-9.301687590777873993e-03
1.941541954874992371e-02
-1.368751469999551773e-02
-2.071281895041465759e-02
-1.321049965918064117e-02
-8.809670805931091309e-03
-2.501437440514564514e-02
-4.818094521760940552e-02
5.266401916742324829e-03
8.481205441057682037e-03
-4.881200194358825684e-02
3.920511156320571899e-02
8.115100208669900894e-04
5.342020466923713684e-02
-7.616401417180895805e-04
-9.279003739356994629e-02
3.151595219969749451e-02
3.703877329826354980e-02
-2.521311119198799133e-02
-1.771047711372375488e-02
-2.231146395206451416e-02
-7.408659439533948898e-03
-3.499818267300724983e-03
-1.365416846965672448e-05
-6.217723712325096130e-02
-2.582663670182228088e-02
1.585964672267436981e-02
-2.601677365601062775e-02
-4.246089607477188110e-02
1.725445501506328583e-02
1.986328512430191040e-02
-7.790672779083251953e-02
-4.150396212935447693e-02
4.472626373171806335e-02
-5.965731665492057800e-02
-2.397165633738040924e-02
2.284663356840610504e-02
-5.113910883665084839e-04
9.481665329076349735e-04
-6.405735854059457779e-03
3.150378167629241943e-02
2.690654993057250977e-02
-2.480608411133289337e-02
3.795408830046653748e-02
-4.537084605544805527e-03
-7.886993885040283203e-02
1.731663011014461517e-02
-1.857336610555648804e-02
-5.203599110245704651e-02
1.054872851818799973e-02
-1.782255247235298157e-02
-3.529572160914540291e-03
1.182362716645002365e-02
1.138756051659584045e-02
2.673015929758548737e-03
-2.143388986587524414e-02
-9.746472351253032684e-03
-3.366735577583312988e-02
5.892055481672286987e-02
3.540556877851486206e-02
3.467622026801109314e-02
5.985091254115104675e-02
-3.318986389786005020e-03
-1.295137032866477966e-02
-5.575069808401167393e-04
-3.991042450070381165e-02
-4.003306478261947632e-02
3.768973052501678467e-02
9.276892058551311493e-03
9.970162063837051392e-03
4.439422860741615295e-02
-4.329610615968704224e-02
-3.705295547842979431e-02
7.401885930448770523e-03
-3.998879343271255493e-02
-5.052469670772552490e-02
1.064828876405954361e-02
1.006936281919479370e-01
6.824718415737152100e-02
4.113018512725830078e-02
-2.050863206386566162e-02
-1.928965910337865353e-03
1.774742268025875092e-02
-3.963218256831169128e-02
-2.922016754746437073e-02
-1.130413729697465897e-02
8.324183523654937744e-03
2.611337602138519287e-02
-3.066932782530784607e-02
-8.562587201595306396e-03
5.515903607010841370e-02
-4.585427790880203247e-02
-1.966013014316558838e-02
2.246252261102199554e-02
-1.493742503225803375e-02
-1.070069372653961182e-01
-3.721764683723449707e-02
-2.702086232602596283e-02
-5.872653052210807800e-02
-1.986023224890232086e-02
-4.015794023871421814e-02
4.359937272965908051e-03
1.523053366690874100e-02
3.239410370588302612e-02
1.564101874828338623e-02
-3.932246938347816467e-02
1.936541311442852020e-02
1.770858280360698700e-02
-5.177809670567512512e-02
1.397052896209061146e-03
-3.561028279364109039e-03
-2.273281291127204895e-02
-1.085468195378780365e-02
8.014450222253799438e-02
5.884849652647972107e-02
6.820413470268249512e-02
4.885758832097053528e-02
6.605166196823120117e-02
-4.622410633601248264e-04
1.047920808196067810e-02
2.578383078798651695e-03
3.711754083633422852e-02
4.591064900159835815e-02
1.263393275439739227e-02
5.381840094923973083e-02
1.626447439193725586e-01
-2.543142763897776604e-03
1.646218821406364441e-02
6.390064209699630737e-02
-2.788880281150341034e-02
-5.851134285330772400e-02
-4.768769443035125732e-02
-2.983000129461288452e-02
-4.710515961050987244e-02
-2.893682196736335754e-02
-6.477189809083938599e-02
3.018707223236560822e-02
-6.516716443002223969e-03
-1.866756007075309753e-02
6.050340831279754639e-02
-1.380671310471370816e-04
-7.574904710054397583e-02
8.016333729028701782e-02
-5.362602882087230682e-03
-4.851362109184265137e-02
6.039253249764442444e-02
-1.402002107352018356e-02
-5.499662086367607117e-02
-1.568959839642047882e-02
-8.330184966325759888e-03
7.014418952167034149e-03
-5.820970982313156128e-02
-5.807901918888092041e-02
-5.504213273525238037e-03
-7.582552265375852585e-03
-4.571332782506942749e-02
1.006539165973663330e-02
3.310441225767135620e-02
-4.177604988217353821e-02
7.106807082891464233e-03
4.781915247440338135e-02
-4.128354415297508240e-02
-3.243525698781013489e-02
-2.742017060518264771e-02
-4.956334084272384644e-02
-7.011921115918084979e-05
-1.111689209938049316e-02
-5.024974234402179718e-03
4.465980455279350281e-03
-1.536170113831758499e-02
-3.684129938483238220e-02
-3.591890260577201843e-02
-2.618467994034290314e-02
5.217266734689474106e-03
4.092902317643165588e-02
2.538561075925827026e-02
1.802831329405307770e-02
4.416926950216293335e-02
7.361965253949165344e-03
-3.938739246223121881e-04
1.980134844779968262e-02
-2.843401953577995300e-02
-8.391672163270413876e-04
2.138842083513736725e-02
-1.814487203955650330e-02
-8.239241689443588257e-02
-4.096712544560432434e-02
-3.591911122202873230e-02
-5.876609310507774353e-02
6.329749710857868195e-03
-4.057276528328657150e-04
-1.255986001342535019e-02
1.269237697124481201e-02
3.459518775343894958e-02
2.052692323923110962e-02
-2.028656564652919769e-02
1.794893294572830200e-02
1.170920557342469692e-03
-4.970489069819450378e-02
1.675044000148773193e-02
1.573459431529045105e-02
-1.804810203611850739e-02
-3.875232860445976257e-02
-2.449155971407890320e-02
1.052219606935977936e-02
1.417802646756172180e-02
-2.855063974857330322e-02
-6.558825075626373291e-02
1.841937936842441559e-02
2.464896067976951599e-03
-6.985321640968322754e-02
-2.208134345710277557e-02
7.581601385027170181e-04
-4.709187895059585571e-02
-2.095906436443328857e-02
-2.976747043430805206e-02
-5.256749689579010010e-02
4.841582104563713074e-02
1.144930440932512283e-02
-1.805857941508293152e-02
3.677115775644779205e-03
1.287795230746269226e-02
1.984301209449768066e-02
3.018458001315593719e-02
4.720617830753326416e-02
5.877504497766494751e-02
1.290063001215457916e-02
8.726574480533599854e-03
-1.829440589062869549e-03
7.630808744579553604e-03
-3.286734223365783691e-02
1.669384166598320007e-02
-3.276737034320831299e-02
-6.677418202161788940e-02
1.911186031065881252e-03
-1.685083098709583282e-02
-3.652206808328628540e-02
2.735549211502075195e-02
-4.324506968259811401e-02
-3.951572626829147339e-02
7.386325299739837646e-02
4.374832287430763245e-02
4.643870517611503601e-02
5.208103731274604797e-02
1.353770196437835693e-01
1.069316361099481583e-02
-6.558813154697418213e-02
3.442925959825515747e-02
1.049795560538768768e-02
-3.176311403512954712e-02
-8.447262458503246307e-03
8.208460174500942230e-03
-3.336059302091598511e-02
3.918707370758056641e-02
6.100369244813919067e-02
3.181791305541992188e-02
-3.647865727543830872e-02
-5.706509575247764587e-02
1.966403238475322723e-02
-1.196097023785114288e-02
-4.053292796015739441e-02
-9.193885140120983124e-03
2.409335970878601074e-02
1.982741802930831909e-02
3.308406844735145569e-02
1.277800463140010834e-02
2.760384976863861084e-02
-2.784627256914973259e-03
2.044277638196945190e-02
2.184751629829406738e-02
8.731706999242305756e-03
2.031922899186611176e-02
-2.396753989160060883e-02
-2.156193740665912628e-02
-8.636680431663990021e-03
-3.024695068597793579e-02
-2.161208540201187134e-02
3.859654441475868225e-02
1.371256075799465179e-02
-9.923998266458511353e-03
2.555796317756175995e-02
4.340250045061111450e-02
5.781956389546394348e-02
8.770826272666454315e-03
-5.496260896325111389e-02
3.470082953572273254e-02
-1.202245708554983139e-02
-6.272429972887039185e-02
-4.397672414779663086e-02
2.758435346186161041e-02
-1.358147989958524704e-02
3.041079733520746231e-03
-2.905381284654140472e-02
1.888108672574162483e-03
-4.110613465309143066e-02
2.292039617896080017e-02
3.495354950428009033e-02
-4.373171250335872173e-04
2.056111022830009460e-02
2.465267479419708252e-02
1.762019656598567963e-02
8.346612006425857544e-02
1.563828438520431519e-02
8.015733212232589722e-02
4.386598989367485046e-02
3.976119682192802429e-02
8.800590783357620239e-02
1.935105770826339722e-03
-3.638809546828269958e-02
-2.509106509387493134e-02
5.437867343425750732e-02
2.256747707724571228e-02
2.542476728558540344e-02
3.198891133069992065e-02
-1.470116712152957916e-02
-2.087924443185329437e-02
2.291109040379524231e-02
-1.164928451180458069e-02
-2.401881664991378784e-02
-1.738500897772610188e-03
-1.392000005580484867e-03
1.893397606909275055e-02
-9.943144395947456360e-03
-3.381559997797012329e-02
-2.851034514605998993e-02
-2.444152347743511200e-02
-1.817457377910614014e-02
-2.396268770098686218e-02
-1.277469750493764877e-02
-2.344884537160396576e-02
-2.823632210493087769e-03
-2.517822571098804474e-02
-1.877022907137870789e-02
4.414737969636917114e-02
-3.169716522097587585e-02
-1.554166432470083237e-02
5.316625535488128662e-02
2.313054352998733521e-02
7.411380112171173096e-02
-5.519920494407415390e-03
-1.128277555108070374e-02
4.064051434397697449e-02
4.933157004415988922e-03
-1.729636080563068390e-02
-2.117840573191642761e-02
2.589294686913490295e-02
1.667111553251743317e-02
1.546220295131206512e-02
-2.522561140358448029e-02
2.494932897388935089e-02
5.062707141041755676e-02
1.209114398807287216e-02
-3.060749173164367676e-02
-4.111114889383316040e-03
-2.601337805390357971e-02
-3.654858469963073730e-02
1.487190090119838715e-02
-2.038296870887279510e-02
-2.724104560911655426e-02
2.552912384271621704e-02
7.674130797386169434e-02
-1.069111749529838562e-02
5.546425655484199524e-02
1.183381527662277222e-01
-5.749330855906009674e-03
7.115401094779372215e-04
3.546597808599472046e-02
3.876850754022598267e-02
-6.959634367376565933e-03
6.023942958563566208e-03
1.843358273617923260e-03
-6.142806634306907654e-02
-1.166718173772096634e-02
9.858644567430019379e-03
1.866547157987952232e-03
-4.129983484745025635e-02
-4.831120837479829788e-03
4.862412810325622559e-03
-1.963252667337656021e-03
-1.917463727295398712e-02
-2.172787301242351532e-02
2.008565142750740051e-02
2.849852107465267181e-02
4.732460528612136841e-02
2.355358190834522247e-02
-2.286731079220771790e-02
-5.743887741118669510e-03
-2.864393591880798340e-02
-1.938497461378574371e-02
-2.209089323878288269e-02
1.817047409713268280e-02
1.275067031383514404e-02
1.852391660213470459e-02
2.736186794936656952e-02
-1.313478779047727585e-02
-3.193960711359977722e-02
-1.678141392767429352e-02
-2.430892735719680786e-02
-3.351865336298942566e-02
-4.864567890763282776e-02
1.424888987094163895e-02
1.975740306079387665e-02
1.756157912313938141e-02
-3.269906714558601379e-02
7.785234483890235424e-04
1.426583621650934219e-02
-2.972875721752643585e-02
-1.651677675545215607e-02
-6.056989077478647232e-03
-8.332899771630764008e-03
-2.745706774294376373e-02
7.935510016977787018e-03
-1.188912522047758102e-02
-3.640557453036308289e-02
-1.022247970104217529e-02
-1.278953533619642258e-02
-5.593068525195121765e-02
-1.721322536468505859e-02
6.180136650800704956e-02
1.561681181192398071e-02
9.437846951186656952e-03
4.250310361385345459e-03
-3.122666850686073303e-02
2.486270095687359571e-04
-8.810597471892833710e-03
-1.956029329448938370e-03
7.177825272083282471e-02
-6.546075642108917236e-02
2.253060229122638702e-02
-3.065012954175472260e-02
1.588919758796691895e-02
4.641870409250259399e-02
-5.337373353540897369e-03
2.620283141732215881e-02
5.427721142768859863e-02
2.898583933711051941e-02
-3.297590464353561401e-02
-2.489121071994304657e-02
1.169027108699083328e-02
9.311017580330371857e-03
3.077368810772895813e-02
2.269182913005352020e-02
-6.320202723145484924e-03
1.327538676559925079e-02
-1.421626377850770950e-02
-3.962837532162666321e-02
-1.379259116947650909e-02
-4.613212123513221741e-02
7.664683740586042404e-03
1.754814386367797852e-02
-2.487241663038730621e-02
2.524988166987895966e-02
5.992179363965988159e-02
2.978111617267131805e-02
-2.103025093674659729e-02
-1.079080393537878990e-03
-6.238085031509399414e-02
-3.345333412289619446e-02
-1.760598458349704742e-02
-8.236458897590637207e-02
-6.957851815968751907e-03
1.270168460905551910e-02
-5.785011872649192810e-02
2.399880671873688698e-03
3.207326680421829224e-02
-3.262534365057945251e-02
3.345267847180366516e-02
4.447479918599128723e-02
2.450994402170181274e-02
3.417379409074783325e-02
3.354443609714508057e-02
1.554185710847377777e-02
-5.486085638403892517e-02
-2.579616382718086243e-02
-2.526322193443775177e-02
1.062221545726060867e-02
-1.386041007936000824e-02
-2.030117996037006378e-02
2.294787764549255371e-02
-9.183430112898349762e-03
-4.702966287732124329e-02
3.995659202337265015e-02
-2.146660163998603821e-02
-4.858883097767829895e-02
-6.359531544148921967e-03
-1.541642379015684128e-02
-4.300134256482124329e-02
-2.209488488733768463e-02
-3.112832643091678619e-02
-2.237097360193729401e-02
-2.713589463382959366e-03
4.006548225879669189e-02
9.558614343404769897e-03
1.926833949983119965e-02
1.947779022157192230e-02
5.289978347718715668e-03
-3.777752863243222237e-03
4.640474915504455566e-03
-1.472725183703005314e-03
1.003958377987146378e-02
5.746228620409965515e-03
1.413049292750656605e-03
1.330749038606882095e-02
2.373819053173065186e-02
4.730102140456438065e-03
-3.046890534460544586e-02
-2.583556808531284332e-02
-3.650179505348205566e-02
-2.426700666546821594e-02
2.252420224249362946e-02
3.883272781968116760e-02
-1.319627370685338974e-02
1.706217229366302490e-02
9.374908171594142914e-03
-8.338603191077709198e-03
1.742431777529418468e-05
-8.959639817476272583e-04
-2.974018082022666931e-02
3.112105838954448700e-02
3.430135920643806458e-02
-2.639428712427616119e-02
2.694998681545257568e-02
2.107277046889066696e-03
-2.694112993776798248e-02
-9.403960779309272766e-03
-6.863976828753948212e-03
-3.446779027581214905e-02
-9.665317833423614502e-03
-5.910984426736831665e-02
-3.127283602952957153e-02
3.833199664950370789e-02
2.700187824666500092e-02
-1.600082218647003174e-02
6.048440188169479370e-02
1.892755553126335144e-02
